Q5S4Q5_Q75_lDDT	Q5S4Q5_Q75_lDDT.pdb	1.011E+00	1.000E+00	1.000E+00	100.000	90	90	90
Q5S4Q5_Q75_lDDT	Q6DTI5_Q75_lDDT.pdb	1.011E+00	9.995E-01	9.995E-01	100.000	90	90	90
Q5S4Q5_Q75_lDDT	Q6DTI4_Q75_lDDT.pdb	1.008E+00	9.967E-01	9.967E-01	100.000	90	90	90
Q5S4Q5_Q75_lDDT	Q6DTI8_Q75_lDDT.pdb	1.006E+00	9.951E-01	9.951E-01	97.700	90	90	90
Q5S4Q5_Q75_lDDT	Q9KJB1_Q75_lDDT.pdb	1.011E+00	9.775E-01	9.997E-01	96.500	90	88	88
Q5S4Q5_Q75_lDDT	Q9KJB5_Q75_lDDT.pdb	1.011E+00	9.775E-01	9.997E-01	94.300	90	88	88
Q5S4Q5_Q75_lDDT	Q9KJB6_Q75_lDDT.pdb	1.011E+00	9.774E-01	9.996E-01	92.000	90	88	88
Q5S4Q5_Q75_lDDT	Q9KJB3_Q75_lDDT.pdb	1.011E+00	9.774E-01	9.996E-01	93.100	90	88	88
Q5S4Q5_Q75_lDDT	Q9KJB4_Q75_lDDT.pdb	1.011E+00	9.774E-01	9.996E-01	93.100	90	88	88
Q5S4Q5_Q75_lDDT	Q9KJB2_Q75_lDDT.pdb	1.011E+00	9.771E-01	9.993E-01	93.100	90	88	88
Q5S4Q5_Q75_lDDT	Q6DTJ0_Q75_lDDT.pdb	1.003E+00	9.806E-01	9.916E-01	92.200	90	90	89
Q5S4Q5_Q75_lDDT	Q6DTI9_Q75_lDDT.pdb	1.003E+00	9.805E-01	9.915E-01	93.300	90	90	89
Q5S4Q5_Q75_lDDT	Q6V8J2_Q75_lDDT.pdb	1.003E+00	9.805E-01	9.915E-01	93.300	90	90	89
Q5S4Q5_Q75_lDDT	Q6DTI7_Q75_lDDT.pdb	1.002E+00	9.803E-01	9.912E-01	94.400	90	90	89
Q5S4Q5_Q75_lDDT	Q4JRB6_Q75_lDDT.pdb	1.003E+00	9.804E-01	9.913E-01	93.300	90	90	89
Q5S4Q5_Q75_lDDT	Q5EEU4_Q75_lDDT.pdb	1.002E+00	9.801E-01	9.911E-01	88.800	90	90	89
Q5S4Q5_Q75_lDDT	Q9RB00_Q75_lDDT.pdb	1.002E+00	9.798E-01	9.908E-01	93.300	90	90	89
Q5S4Q5_Q75_lDDT	A0A0C5L392_Q75_lDDT.pdb	1.002E+00	9.801E-01	9.911E-01	78.800	90	90	89
Q5S4Q5_Q75_lDDT	AF-A0A0D0GMS0-F1-model_v4_Q75_lDDT.pdb	9.983E-01	9.873E-01	9.873E-01	73.300	90	90	90
Q5S4Q5_Q75_lDDT	B5L5V5_Q75_lDDT.pdb	9.963E-01	9.854E-01	9.854E-01	64.400	90	90	90
Q5S4Q5_Q75_lDDT	A0A0C5LDD5_Q75_lDDT.pdb	9.994E-01	9.773E-01	9.883E-01	77.700	90	90	89
Q5S4Q5_Q75_lDDT	A0A0C5LDD9_Q75_lDDT.pdb	9.948E-01	9.839E-01	9.839E-01	68.800	90	90	90
Q5S4Q5_Q75_lDDT	A0A0C5LQ44_Q75_lDDT.pdb	9.983E-01	9.762E-01	9.871E-01	78.800	90	90	89
Q5S4Q5_Q75_lDDT	B5L5X0_Q75_lDDT.pdb	9.926E-01	9.817E-01	9.817E-01	68.800	90	90	90
Q5S4Q5_Q75_lDDT	B5L5V9_Q75_lDDT.pdb	1.009E+00	9.529E-01	9.745E-01	62.500	90	88	88
Q5S4Q5_Q75_lDDT	B3SU2_Q75_lDDT.pdb	9.991E-01	9.662E-01	9.662E-01	48.800	90	88	90
Q5S4Q5_Q75_lDDT	Q9K578_Q75_lDDT.pdb	9.962E-01	9.634E-01	9.634E-01	50.000	90	88	90
Q5S4Q5_Q75_lDDT	AF-Q89GW5-F1-model_v4_Q75_lDDT.pdb	9.923E-01	9.598E-01	9.704E-01	47.700	90	88	89
Q5S4Q5_Q75_lDDT	AF-A8GGW7-F1-model_v4_Q75_lDDT.pdb	9.851E-01	9.531E-01	9.635E-01	38.600	90	88	89
Q5S4Q5_Q75_lDDT	B5L5W3_Q75_lDDT.pdb	9.893E-01	9.354E-01	9.670E-01	46.500	90	88	87
Q5S4Q5_Q75_lDDT	Q8KKG1_Q75_lDDT.pdb	9.853E-01	9.532E-01	9.532E-01	37.500	90	88	90
Q5S4Q5_Q75_lDDT	B5L5V2_Q75_lDDT.pdb	9.912E-01	9.371E-01	9.580E-01	54.500	90	88	88
Q5S4Q5_Q75_lDDT	A0A0C5LDH9_Q75_lDDT.pdb	9.847E-01	9.420E-01	9.523E-01	34.000	90	88	89
Q5S4Q5_Q75_lDDT	A0A386JBC5_Q75_lDDT.pdb	9.842E-01	9.415E-01	9.518E-01	36.300	90	88	89
Q5S4Q5_Q75_lDDT	MBL1b_Q75_lDDT.pdb	9.800E-01	9.483E-01	9.483E-01	37.500	90	88	90
Q5S4Q5_Q75_lDDT	AF-A0A1L6K5Z9-F1-model_v4_Q75_lDDT.pdb	9.833E-01	9.407E-01	9.510E-01	35.200	90	88	89
Q5S4Q5_Q75_lDDT	AF-Q9AEF9-F1-model_v4_Q75_lDDT.pdb	9.750E-01	9.432E-01	9.432E-01	31.400	90	89	90
Q5S4Q5_Q75_lDDT	A0A059Q5E8_Q75_lDDT.pdb	9.820E-01	9.396E-01	9.498E-01	34.000	90	88	89
Q5S4Q5_Q75_lDDT	A0A0C5LQ34_Q75_lDDT.pdb	9.816E-01	9.392E-01	9.495E-01	43.100	90	88	89
Q5S4Q5_Q75_lDDT	AF-K4GMK0-F1-model_v4_Q75_lDDT.pdb	9.726E-01	9.410E-01	9.410E-01	32.500	90	89	90
Q5S4Q5_Q75_lDDT	AF-K4GMG4-F1-model_v4_Q75_lDDT.pdb	9.789E-01	9.367E-01	9.469E-01	32.900	90	88	89
Q5S4Q5_Q75_lDDT	AF-A0A1L6K5Y8-F1-model_v4_Q75_lDDT.pdb	9.708E-01	9.394E-01	9.394E-01	33.700	90	89	90
Q5S4Q5_Q75_lDDT	B5L5V3_Q75_lDDT.pdb	9.773E-01	9.352E-01	9.454E-01	35.200	90	88	89
Q5S4Q5_Q75_lDDT	NWM_Q75_lDDT.pdb	9.695E-01	9.381E-01	9.381E-01	32.500	90	89	90
Q5S4Q5_Q75_lDDT	AF-K4GMF9-F1-model_v4_Q75_lDDT.pdb	9.692E-01	9.378E-01	9.378E-01	31.400	90	89	90
Q5S4Q5_Q75_lDDT	B5L5V0_Q75_lDDT.pdb	9.692E-01	9.379E-01	9.379E-01	31.400	90	89	90
Q5S4Q5_Q75_lDDT	AF-K4GMG9-F1-model_v6_Q75_lDDT.pdb	9.689E-01	9.375E-01	9.375E-01	32.500	90	89	90
Q5S4Q5_Q75_lDDT	ECM-1_Q75_lDDT.pdb	9.680E-01	9.367E-01	9.367E-01	30.300	90	89	90
Q5S4Q5_Q75_lDDT	G5ELM3_Q75_lDDT.pdb	9.730E-01	9.312E-01	9.413E-01	29.500	90	88	89
Q5S4Q5_Q75_lDDT	AF-A0A1L5BQA7-F1-model_v4_Q75_lDDT.pdb	9.770E-01	9.245E-01	9.448E-01	36.300	90	88	88
Q5S4Q5_Q75_lDDT	B5DCA0_Q75_lDDT.pdb	9.725E-01	9.308E-01	9.409E-01	32.900	90	88	89
Q5S4Q5_Q75_lDDT	PJM-1_Q75_lDDT.pdb	9.722E-01	9.306E-01	9.406E-01	30.600	90	88	89
Q5S4Q5_Q75_lDDT	AF-A0A1L6K5X8-F1-model_v4_Q75_lDDT.pdb	9.628E-01	9.321E-01	9.421E-01	28.400	90	88	89
Q5S4Q5_Q75_lDDT	U3U4Q6_Q75_lDDT.pdb	9.646E-01	9.338E-01	9.338E-01	30.600	90	88	90
Q5S4Q5_Q75_lDDT	AF-A0A4D6P0I4-F1-model_v4_Q75_lDDT.pdb	9.643E-01	9.335E-01	9.335E-01	28.400	90	88	90
Q5S4Q5_Q75_lDDT	AF-A0A0D6SYW3-F1-model_v4_Q75_lDDT.pdb	9.643E-01	9.335E-01	9.335E-01	28.400	90	88	90
Q5S4Q5_Q75_lDDT	Q9JRP7_Q75_lDDT.pdb	9.517E-01	9.213E-01	9.312E-01	26.100	90	88	89
Q5S4Q5_Q75_lDDT	AF-Q6D395-F1-model_v4_Q75_lDDT.pdb	9.640E-01	9.127E-01	9.326E-01	36.300	90	88	88
Q5S4Q5_Q75_lDDT	GRD33_Q75_lDDT.pdb	9.516E-01	9.212E-01	9.212E-01	30.300	90	89	90
Q5S4Q5_Q75_lDDT	AF-A0A1L6K5Z8-F1-model_v4_Q75_lDDT.pdb	9.508E-01	9.205E-01	9.205E-01	28.000	90	89	90
Q5S4Q5_Q75_lDDT	B3SU1_Q75_lDDT.pdb	9.552E-01	9.045E-01	9.241E-01	29.500	90	88	88
Q6V8J2_Q75_lDDT	Q6V8J2_Q75_lDDT.pdb	1.011E+00	1.000E+00	1.000E+00	100.000	89	89	89
Q6V8J2_Q75_lDDT	Q6DTI9_Q75_lDDT.pdb	1.011E+00	9.999E-01	9.999E-01	100.000	89	89	89
Q6V8J2_Q75_lDDT	Q6DTI7_Q75_lDDT.pdb	1.011E+00	9.995E-01	9.995E-01	96.600	89	89	89
Q6V8J2_Q75_lDDT	Q6DTJ0_Q75_lDDT.pdb	1.011E+00	9.993E-01	9.993E-01	98.800	89	89	89
Q6V8J2_Q75_lDDT	A0A0C5L392_Q75_lDDT.pdb	1.010E+00	9.987E-01	9.987E-01	78.600	89	89	89
Q6V8J2_Q75_lDDT	Q9RB00_Q75_lDDT.pdb	1.009E+00	9.976E-01	9.976E-01	95.500	89	89	89
Q6V8J2_Q75_lDDT	Q5EEU4_Q75_lDDT.pdb	1.008E+00	9.972E-01	9.972E-01	91.000	89	89	89
Q6V8J2_Q75_lDDT	Q9KJB5_Q75_lDDT.pdb	1.011E+00	9.887E-01	1.000E+00	100.000	89	88	88
Q6V8J2_Q75_lDDT	Q9KJB6_Q75_lDDT.pdb	1.011E+00	9.887E-01	9.999E-01	97.700	89	88	88
Q6V8J2_Q75_lDDT	Q9KJB3_Q75_lDDT.pdb	1.011E+00	9.887E-01	9.999E-01	98.800	89	88	88
Q6V8J2_Q75_lDDT	Q9KJB4_Q75_lDDT.pdb	1.011E+00	9.887E-01	9.999E-01	96.500	89	88	88
Q6V8J2_Q75_lDDT	Q9KJB1_Q75_lDDT.pdb	1.011E+00	9.886E-01	9.998E-01	95.400	89	88	88
Q6V8J2_Q75_lDDT	Q9KJB2_Q75_lDDT.pdb	1.011E+00	9.882E-01	9.994E-01	94.300	89	88	88
Q6V8J2_Q75_lDDT	Q4JRB6_Q75_lDDT.pdb	1.006E+00	9.947E-01	9.947E-01	94.300	89	89	89
Q6V8J2_Q75_lDDT	A0A0C5LDD5_Q75_lDDT.pdb	1.002E+00	9.905E-01	9.905E-01	78.600	89	89	89
Q6V8J2_Q75_lDDT	A0A0C5LQ44_Q75_lDDT.pdb	1.000E+00	9.889E-01	9.889E-01	79.700	89	89	89
Q6V8J2_Q75_lDDT	Q6DTI4_Q75_lDDT.pdb	1.003E+00	9.921E-01	9.812E-01	93.300	89	90	90
Q6V8J2_Q75_lDDT	Q6DTI5_Q75_lDDT.pdb	1.003E+00	9.918E-01	9.808E-01	93.300	89	90	90
Q6V8J2_Q75_lDDT	Q6DTI8_Q75_lDDT.pdb	1.003E+00	9.918E-01	9.808E-01	93.300	89	90	90
Q6V8J2_Q75_lDDT	Q5S4Q5_Q75_lDDT.pdb	1.003E+00	9.915E-01	9.805E-01	93.300	89	90	90
Q6V8J2_Q75_lDDT	AF-A0A0D0GMS0-F1-model_v4_Q75_lDDT.pdb	1.000E+00	9.893E-01	9.783E-01	73.300	89	90	90
Q6V8J2_Q75_lDDT	B5L5V5_Q75_lDDT.pdb	9.998E-01	9.886E-01	9.777E-01	64.400	89	90	90
Q6V8J2_Q75_lDDT	B5L5X0_Q75_lDDT.pdb	1.009E+00	9.862E-01	9.753E-01	68.100	89	88	90
Q6V8J2_Q75_lDDT	A0A0C5LDD9_Q75_lDDT.pdb	1.008E+00	9.853E-01	9.744E-01	69.300	89	88	90
Q6V8J2_Q75_lDDT	B5L5V9_Q75_lDDT.pdb	9.995E-01	9.660E-01	9.769E-01	61.700	89	89	88
Q6V8J2_Q75_lDDT	B3SU2_Q75_lDDT.pdb	9.988E-01	9.766E-01	9.659E-01	47.700	89	88	90
Q6V8J2_Q75_lDDT	Q9K578_Q75_lDDT.pdb	9.962E-01	9.741E-01	9.635E-01	52.200	89	88	90
Q6V8J2_Q75_lDDT	AF-Q89GW5-F1-model_v4_Q75_lDDT.pdb	9.921E-01	9.702E-01	9.702E-01	46.500	89	88	89
Q6V8J2_Q75_lDDT	AF-A8GGW7-F1-model_v4_Q75_lDDT.pdb	9.855E-01	9.639E-01	9.639E-01	42.000	89	88	89
Q6V8J2_Q75_lDDT	Q8KKG1_Q75_lDDT.pdb	9.861E-01	9.644E-01	9.540E-01	37.500	89	88	90
Q6V8J2_Q75_lDDT	B5L5W3_Q75_lDDT.pdb	9.894E-01	9.458E-01	9.671E-01	46.500	89	88	87
Q6V8J2_Q75_lDDT	B5L5V2_Q75_lDDT.pdb	9.914E-01	9.476E-01	9.582E-01	54.500	89	88	88
Q6V8J2_Q75_lDDT	A0A386JBC5_Q75_lDDT.pdb	9.852E-01	9.528E-01	9.528E-01	39.700	89	88	89
Q6V8J2_Q75_lDDT	A0A0C5LDH9_Q75_lDDT.pdb	9.850E-01	9.526E-01	9.526E-01	36.300	89	88	89
Q6V8J2_Q75_lDDT	MBL1b_Q75_lDDT.pdb	9.806E-01	9.592E-01	9.489E-01	37.500	89	88	90
Q6V8J2_Q75_lDDT	AF-A0A1L6K5Z9-F1-model_v4_Q75_lDDT.pdb	9.839E-01	9.516E-01	9.516E-01	37.500	89	88	89
Q6V8J2_Q75_lDDT	AF-Q9AEF9-F1-model_v4_Q75_lDDT.pdb	9.753E-01	9.539E-01	9.436E-01	35.900	89	89	90
Q6V8J2_Q75_lDDT	A0A059Q5E8_Q75_lDDT.pdb	9.827E-01	9.505E-01	9.505E-01	36.300	89	88	89
Q6V8J2_Q75_lDDT	A0A0C5LQ34_Q75_lDDT.pdb	9.822E-01	9.500E-01	9.500E-01	45.400	89	88	89
Q6V8J2_Q75_lDDT	AF-K4GMK0-F1-model_v4_Q75_lDDT.pdb	9.736E-01	9.522E-01	9.419E-01	33.700	89	89	90
Q6V8J2_Q75_lDDT	AF-K4GMG4-F1-model_v4_Q75_lDDT.pdb	9.796E-01	9.475E-01	9.475E-01	34.000	89	88	89
Q6V8J2_Q75_lDDT	AF-A0A1L6K5Y8-F1-model_v4_Q75_lDDT.pdb	9.715E-01	9.502E-01	9.400E-01	35.900	89	89	90
Q6V8J2_Q75_lDDT	B5L5V3_Q75_lDDT.pdb	9.780E-01	9.461E-01	9.461E-01	37.500	89	88	89
Q6V8J2_Q75_lDDT	NWM_Q75_lDDT.pdb	9.701E-01	9.489E-01	9.387E-01	32.500	89	89	90
Q6V8J2_Q75_lDDT	AF-K4GMF9-F1-model_v4_Q75_lDDT.pdb	9.697E-01	9.485E-01	9.382E-01	31.400	89	89	90
Q6V8J2_Q75_lDDT	B5L5V0_Q75_lDDT.pdb	9.699E-01	9.487E-01	9.384E-01	34.800	89	89	90
Q6V8J2_Q75_lDDT	AF-K4GMG9-F1-model_v6_Q75_lDDT.pdb	9.695E-01	9.483E-01	9.381E-01	32.500	89	89	90
Q6V8J2_Q75_lDDT	ECM-1_Q75_lDDT.pdb	9.687E-01	9.475E-01	9.373E-01	30.300	89	89	90
Q6V8J2_Q75_lDDT	G5ELM3_Q75_lDDT.pdb	9.734E-01	9.418E-01	9.418E-01	30.600	89	88	89
Q6V8J2_Q75_lDDT	B5DCA0_Q75_lDDT.pdb	9.734E-01	9.417E-01	9.417E-01	36.300	89	88	89
Q6V8J2_Q75_lDDT	AF-A0A1L5BQA7-F1-model_v4_Q75_lDDT.pdb	9.772E-01	9.347E-01	9.450E-01	37.500	89	88	88
Q6V8J2_Q75_lDDT	PJM-1_Q75_lDDT.pdb	9.729E-01	9.413E-01	9.413E-01	34.000	89	88	89
Q6V8J2_Q75_lDDT	AF-A0A1L6K5X8-F1-model_v4_Q75_lDDT.pdb	9.628E-01	9.421E-01	9.421E-01	28.400	89	88	89
Q6V8J2_Q75_lDDT	U3U4Q6_Q75_lDDT.pdb	9.650E-01	9.442E-01	9.341E-01	29.500	89	88	90
Q6V8J2_Q75_lDDT	AF-A0A4D6P0I4-F1-model_v4_Q75_lDDT.pdb	9.645E-01	9.438E-01	9.337E-01	27.200	89	88	90
Q6V8J2_Q75_lDDT	AF-A0A0D6SYW3-F1-model_v4_Q75_lDDT.pdb	9.645E-01	9.437E-01	9.337E-01	27.200	89	88	90
Q6V8J2_Q75_lDDT	Q9JRP7_Q75_lDDT.pdb	9.515E-01	9.311E-01	9.311E-01	25.000	89	88	89
Q6V8J2_Q75_lDDT	AF-Q6D395-F1-model_v4_Q75_lDDT.pdb	9.650E-01	9.235E-01	9.335E-01	36.300	89	88	88
Q6V8J2_Q75_lDDT	GRD33_Q75_lDDT.pdb	9.518E-01	9.313E-01	9.214E-01	32.500	89	89	90
Q6V8J2_Q75_lDDT	AF-A0A1L6K5Z8-F1-model_v4_Q75_lDDT.pdb	9.508E-01	9.304E-01	9.205E-01	31.400	89	89	90
Q6V8J2_Q75_lDDT	B3SU1_Q75_lDDT.pdb	9.563E-01	9.152E-01	9.251E-01	30.600	89	88	88
Q9KJB3_Q75_lDDT	Q9KJB3_Q75_lDDT.pdb	1.011E+00	1.000E+00	1.000E+00	100.000	88	88	88
Q9KJB3_Q75_lDDT	Q9KJB6_Q75_lDDT.pdb	1.011E+00	1.000E+00	1.000E+00	98.800	88	88	88
Q9KJB3_Q75_lDDT	Q9KJB4_Q75_lDDT.pdb	1.011E+00	9.999E-01	9.999E-01	97.700	88	88	88
Q9KJB3_Q75_lDDT	Q9KJB5_Q75_lDDT.pdb	1.011E+00	9.999E-01	9.999E-01	98.800	88	88	88
Q9KJB3_Q75_lDDT	Q9KJB1_Q75_lDDT.pdb	1.011E+00	9.998E-01	9.998E-01	94.300	88	88	88
Q9KJB3_Q75_lDDT	Q9KJB2_Q75_lDDT.pdb	1.011E+00	9.995E-01	9.995E-01	95.400	88	88	88
Q9KJB3_Q75_lDDT	Q6V8J2_Q75_lDDT.pdb	1.011E+00	9.999E-01	9.887E-01	98.800	88	88	89
Q9KJB3_Q75_lDDT	Q6DTI9_Q75_lDDT.pdb	1.011E+00	9.999E-01	9.887E-01	98.800	88	88	89
Q9KJB3_Q75_lDDT	Q6DTJ0_Q75_lDDT.pdb	1.011E+00	9.999E-01	9.886E-01	97.700	88	88	89
Q9KJB3_Q75_lDDT	Q6DTI7_Q75_lDDT.pdb	1.011E+00	9.999E-01	9.886E-01	97.700	88	88	89
Q9KJB3_Q75_lDDT	Q9RB00_Q75_lDDT.pdb	1.011E+00	9.998E-01	9.886E-01	96.500	88	88	89
Q9KJB3_Q75_lDDT	Q5EEU4_Q75_lDDT.pdb	1.011E+00	9.994E-01	9.882E-01	89.700	88	88	89
Q9KJB3_Q75_lDDT	A0A0C5L392_Q75_lDDT.pdb	1.011E+00	9.990E-01	9.878E-01	78.400	88	88	89
Q9KJB3_Q75_lDDT	Q4JRB6_Q75_lDDT.pdb	1.010E+00	9.989E-01	9.877E-01	95.400	88	88	89
Q9KJB3_Q75_lDDT	A0A0C5LDD5_Q75_lDDT.pdb	1.008E+00	9.968E-01	9.856E-01	77.200	88	88	89
Q9KJB3_Q75_lDDT	Q6DTI4_Q75_lDDT.pdb	1.011E+00	9.997E-01	9.775E-01	93.100	88	88	90
Q9KJB3_Q75_lDDT	Q6DTI5_Q75_lDDT.pdb	1.011E+00	9.997E-01	9.775E-01	93.100	88	88	90
Q9KJB3_Q75_lDDT	Q6DTI8_Q75_lDDT.pdb	1.011E+00	9.997E-01	9.775E-01	93.100	88	88	90
Q9KJB3_Q75_lDDT	A0A0C5LQ44_Q75_lDDT.pdb	1.007E+00	9.960E-01	9.848E-01	78.400	88	88	89
Q9KJB3_Q75_lDDT	Q5S4Q5_Q75_lDDT.pdb	1.011E+00	9.996E-01	9.774E-01	93.100	88	88	90
Q9KJB3_Q75_lDDT	B5L5V5_Q75_lDDT.pdb	1.009E+00	9.976E-01	9.755E-01	64.700	88	88	90
Q9KJB3_Q75_lDDT	B5L5X0_Q75_lDDT.pdb	1.009E+00	9.974E-01	9.753E-01	68.100	88	88	90
Q9KJB3_Q75_lDDT	AF-A0A0D0GMS0-F1-model_v4_Q75_lDDT.pdb	1.009E+00	9.973E-01	9.752E-01	72.700	88	88	90
Q9KJB3_Q75_lDDT	A0A0C5LDD9_Q75_lDDT.pdb	1.008E+00	9.964E-01	9.743E-01	68.100	88	88	90
Q9KJB3_Q75_lDDT	B5L5V9_Q75_lDDT.pdb	1.009E+00	9.744E-01	9.744E-01	61.300	88	88	88
Q9KJB3_Q75_lDDT	B3SU2_Q75_lDDT.pdb	9.988E-01	9.875E-01	9.659E-01	46.500	88	88	90
Q9KJB3_Q75_lDDT	Q9K578_Q75_lDDT.pdb	9.965E-01	9.853E-01	9.637E-01	52.200	88	88	90
Q9KJB3_Q75_lDDT	AF-Q89GW5-F1-model_v4_Q75_lDDT.pdb	9.918E-01	9.807E-01	9.699E-01	45.400	88	88	89
Q9KJB3_Q75_lDDT	AF-A8GGW7-F1-model_v4_Q75_lDDT.pdb	9.855E-01	9.746E-01	9.639E-01	40.900	88	88	89
Q9KJB3_Q75_lDDT	Q8KKG1_Q75_lDDT.pdb	9.865E-01	9.756E-01	9.544E-01	36.300	88	88	90
Q9KJB3_Q75_lDDT	B5L5W3_Q75_lDDT.pdb	9.888E-01	9.557E-01	9.665E-01	46.500	88	88	87
Q9KJB3_Q75_lDDT	B5L5V2_Q75_lDDT.pdb	9.911E-01	9.579E-01	9.579E-01	55.600	88	88	88
Q9KJB3_Q75_lDDT	A0A386JBC5_Q75_lDDT.pdb	9.854E-01	9.635E-01	9.530E-01	38.600	88	88	89
Q9KJB3_Q75_lDDT	MBL1b_Q75_lDDT.pdb	9.811E-01	9.703E-01	9.493E-01	36.300	88	88	90
Q9KJB3_Q75_lDDT	A0A0C5LDH9_Q75_lDDT.pdb	9.850E-01	9.632E-01	9.526E-01	36.300	88	88	89
Q9KJB3_Q75_lDDT	AF-A0A1L6K5Z9-F1-model_v4_Q75_lDDT.pdb	9.839E-01	9.622E-01	9.516E-01	36.300	88	88	89
Q9KJB3_Q75_lDDT	A0A0C5LQ34_Q75_lDDT.pdb	9.826E-01	9.609E-01	9.504E-01	44.300	88	88	89
Q9KJB3_Q75_lDDT	AF-Q9AEF9-F1-model_v4_Q75_lDDT.pdb	9.753E-01	9.645E-01	9.436E-01	34.800	88	89	90
Q9KJB3_Q75_lDDT	A0A059Q5E8_Q75_lDDT.pdb	9.825E-01	9.608E-01	9.503E-01	36.300	88	88	89
Q9KJB3_Q75_lDDT	AF-K4GMK0-F1-model_v4_Q75_lDDT.pdb	9.737E-01	9.629E-01	9.420E-01	32.500	88	89	90
Q9KJB3_Q75_lDDT	AF-K4GMG4-F1-model_v4_Q75_lDDT.pdb	9.798E-01	9.582E-01	9.477E-01	32.900	88	88	89
Q9KJB3_Q75_lDDT	AF-A0A1L6K5Y8-F1-model_v4_Q75_lDDT.pdb	9.714E-01	9.606E-01	9.399E-01	34.800	88	89	90
Q9KJB3_Q75_lDDT	B5L5V3_Q75_lDDT.pdb	9.780E-01	9.565E-01	9.461E-01	36.300	88	88	89
Q9KJB3_Q75_lDDT	NWM_Q75_lDDT.pdb	9.701E-01	9.594E-01	9.387E-01	31.400	88	89	90
Q9KJB3_Q75_lDDT	AF-K4GMF9-F1-model_v4_Q75_lDDT.pdb	9.698E-01	9.591E-01	9.384E-01	30.300	88	89	90
Q9KJB3_Q75_lDDT	AF-K4GMG9-F1-model_v6_Q75_lDDT.pdb	9.698E-01	9.591E-01	9.384E-01	31.400	88	89	90
Q9KJB3_Q75_lDDT	B5L5V0_Q75_lDDT.pdb	9.698E-01	9.591E-01	9.384E-01	33.700	88	89	90
Q9KJB3_Q75_lDDT	ECM-1_Q75_lDDT.pdb	9.690E-01	9.584E-01	9.377E-01	29.200	88	89	90
Q9KJB3_Q75_lDDT	G5ELM3_Q75_lDDT.pdb	9.736E-01	9.522E-01	9.419E-01	29.500	88	88	89
Q9KJB3_Q75_lDDT	B5DCA0_Q75_lDDT.pdb	9.736E-01	9.522E-01	9.419E-01	35.200	88	88	89
Q9KJB3_Q75_lDDT	PJM-1_Q75_lDDT.pdb	9.732E-01	9.519E-01	9.416E-01	32.900	88	88	89
Q9KJB3_Q75_lDDT	AF-A0A1L5BQA7-F1-model_v4_Q75_lDDT.pdb	9.771E-01	9.449E-01	9.449E-01	36.300	88	88	88
Q9KJB3_Q75_lDDT	AF-A0A1L6K5X8-F1-model_v4_Q75_lDDT.pdb	9.631E-01	9.527E-01	9.424E-01	27.200	88	88	89
Q9KJB3_Q75_lDDT	U3U4Q6_Q75_lDDT.pdb	9.651E-01	9.546E-01	9.343E-01	28.400	88	88	90
Q9KJB3_Q75_lDDT	AF-A0A4D6P0I4-F1-model_v4_Q75_lDDT.pdb	9.648E-01	9.543E-01	9.339E-01	26.100	88	88	90
Q9KJB3_Q75_lDDT	AF-A0A0D6SYW3-F1-model_v4_Q75_lDDT.pdb	9.647E-01	9.542E-01	9.339E-01	26.100	88	88	90
Q9KJB3_Q75_lDDT	Q9JRP7_Q75_lDDT.pdb	9.519E-01	9.416E-01	9.314E-01	23.800	88	88	89
Q9KJB3_Q75_lDDT	AF-Q6D395-F1-model_v4_Q75_lDDT.pdb	9.647E-01	9.333E-01	9.333E-01	36.300	88	88	88
Q9KJB3_Q75_lDDT	GRD33_Q75_lDDT.pdb	9.519E-01	9.416E-01	9.216E-01	31.400	88	89	90
Q9KJB3_Q75_lDDT	AF-A0A1L6K5Z8-F1-model_v4_Q75_lDDT.pdb	9.509E-01	9.406E-01	9.207E-01	30.300	88	89	90
Q9KJB3_Q75_lDDT	B3SU1_Q75_lDDT.pdb	9.564E-01	9.252E-01	9.252E-01	29.500	88	88	88
Q6DTJ0_Q75_lDDT	Q6DTJ0_Q75_lDDT.pdb	1.011E+00	1.000E+00	1.000E+00	100.000	89	89	89
Q6DTJ0_Q75_lDDT	Q6V8J2_Q75_lDDT.pdb	1.011E+00	9.993E-01	9.993E-01	98.800	89	89	89
Q6DTJ0_Q75_lDDT	Q6DTI9_Q75_lDDT.pdb	1.010E+00	9.991E-01	9.991E-01	98.800	89	89	89
Q6DTJ0_Q75_lDDT	A0A0C5L392_Q75_lDDT.pdb	1.010E+00	9.990E-01	9.990E-01	77.500	89	89	89
Q6DTJ0_Q75_lDDT	Q6DTI7_Q75_lDDT.pdb	1.010E+00	9.983E-01	9.983E-01	95.500	89	89	89
Q6DTJ0_Q75_lDDT	Q5EEU4_Q75_lDDT.pdb	1.009E+00	9.981E-01	9.981E-01	89.800	89	89	89
Q6DTJ0_Q75_lDDT	Q4JRB6_Q75_lDDT.pdb	1.008E+00	9.969E-01	9.969E-01	93.200	89	89	89
Q6DTJ0_Q75_lDDT	Q9KJB5_Q75_lDDT.pdb	1.011E+00	9.887E-01	9.999E-01	98.800	89	88	88
Q6DTJ0_Q75_lDDT	Q9RB00_Q75_lDDT.pdb	1.007E+00	9.954E-01	9.954E-01	94.300	89	89	89
Q6DTJ0_Q75_lDDT	Q9KJB6_Q75_lDDT.pdb	1.011E+00	9.887E-01	9.999E-01	96.500	89	88	88
Q6DTJ0_Q75_lDDT	Q9KJB4_Q75_lDDT.pdb	1.011E+00	9.887E-01	9.999E-01	95.400	89	88	88
Q6DTJ0_Q75_lDDT	Q9KJB3_Q75_lDDT.pdb	1.011E+00	9.886E-01	9.999E-01	97.700	89	88	88
Q6DTJ0_Q75_lDDT	Q9KJB1_Q75_lDDT.pdb	1.011E+00	9.886E-01	9.998E-01	94.300	89	88	88
Q6DTJ0_Q75_lDDT	Q9KJB2_Q75_lDDT.pdb	1.011E+00	9.882E-01	9.994E-01	93.100	89	88	88
Q6DTJ0_Q75_lDDT	A0A0C5LDD5_Q75_lDDT.pdb	1.001E+00	9.896E-01	9.896E-01	77.500	89	89	89
Q6DTJ0_Q75_lDDT	Q6DTI4_Q75_lDDT.pdb	1.004E+00	9.923E-01	9.813E-01	92.200	89	90	90
Q6DTJ0_Q75_lDDT	A0A0C5LQ44_Q75_lDDT.pdb	9.995E-01	9.883E-01	9.883E-01	78.600	89	89	89
Q6DTJ0_Q75_lDDT	Q6DTI8_Q75_lDDT.pdb	1.003E+00	9.920E-01	9.810E-01	92.200	89	90	90
Q6DTJ0_Q75_lDDT	Q6DTI5_Q75_lDDT.pdb	1.003E+00	9.920E-01	9.810E-01	92.200	89	90	90
Q6DTJ0_Q75_lDDT	Q5S4Q5_Q75_lDDT.pdb	1.003E+00	9.916E-01	9.806E-01	92.200	89	90	90
Q6DTJ0_Q75_lDDT	B5L5V5_Q75_lDDT.pdb	1.000E+00	9.891E-01	9.782E-01	64.400	89	90	90
Q6DTJ0_Q75_lDDT	AF-A0A0D0GMS0-F1-model_v4_Q75_lDDT.pdb	1.000E+00	9.889E-01	9.780E-01	73.300	89	90	90
Q6DTJ0_Q75_lDDT	B5L5X0_Q75_lDDT.pdb	1.009E+00	9.862E-01	9.753E-01	68.100	89	88	90
Q6DTJ0_Q75_lDDT	A0A0C5LDD9_Q75_lDDT.pdb	1.008E+00	9.854E-01	9.745E-01	69.300	89	88	90
Q6DTJ0_Q75_lDDT	B5L5V9_Q75_lDDT.pdb	1.000E+00	9.665E-01	9.774E-01	61.700	89	89	88
Q6DTJ0_Q75_lDDT	B3SU2_Q75_lDDT.pdb	9.988E-01	9.766E-01	9.659E-01	47.700	89	88	90
Q6DTJ0_Q75_lDDT	Q9K578_Q75_lDDT.pdb	9.962E-01	9.741E-01	9.634E-01	51.100	89	88	90
Q6DTJ0_Q75_lDDT	AF-Q89GW5-F1-model_v4_Q75_lDDT.pdb	9.919E-01	9.700E-01	9.700E-01	45.400	89	88	89
Q6DTJ0_Q75_lDDT	AF-A8GGW7-F1-model_v4_Q75_lDDT.pdb	9.858E-01	9.641E-01	9.641E-01	40.900	89	88	89
Q6DTJ0_Q75_lDDT	Q8KKG1_Q75_lDDT.pdb	9.861E-01	9.645E-01	9.540E-01	37.500	89	88	90
Q6DTJ0_Q75_lDDT	B5L5W3_Q75_lDDT.pdb	9.891E-01	9.455E-01	9.669E-01	45.400	89	88	87
Q6DTJ0_Q75_lDDT	B5L5V2_Q75_lDDT.pdb	9.910E-01	9.473E-01	9.578E-01	53.400	89	88	88
Q6DTJ0_Q75_lDDT	A0A386JBC5_Q75_lDDT.pdb	9.852E-01	9.528E-01	9.528E-01	39.700	89	88	89
Q6DTJ0_Q75_lDDT	A0A0C5LDH9_Q75_lDDT.pdb	9.852E-01	9.528E-01	9.528E-01	35.200	89	88	89
Q6DTJ0_Q75_lDDT	MBL1b_Q75_lDDT.pdb	9.806E-01	9.592E-01	9.488E-01	37.500	89	88	90
Q6DTJ0_Q75_lDDT	AF-A0A1L6K5Z9-F1-model_v4_Q75_lDDT.pdb	9.841E-01	9.518E-01	9.518E-01	36.300	89	88	89
Q6DTJ0_Q75_lDDT	AF-Q9AEF9-F1-model_v4_Q75_lDDT.pdb	9.756E-01	9.542E-01	9.439E-01	34.800	89	89	90
Q6DTJ0_Q75_lDDT	A0A059Q5E8_Q75_lDDT.pdb	9.828E-01	9.506E-01	9.506E-01	35.200	89	88	89
Q6DTJ0_Q75_lDDT	A0A0C5LQ34_Q75_lDDT.pdb	9.825E-01	9.502E-01	9.502E-01	45.400	89	88	89
Q6DTJ0_Q75_lDDT	AF-K4GMK0-F1-model_v4_Q75_lDDT.pdb	9.737E-01	9.524E-01	9.420E-01	32.500	89	89	90
Q6DTJ0_Q75_lDDT	AF-K4GMG4-F1-model_v4_Q75_lDDT.pdb	9.798E-01	9.478E-01	9.478E-01	34.000	89	88	89
Q6DTJ0_Q75_lDDT	AF-A0A1L6K5Y8-F1-model_v4_Q75_lDDT.pdb	9.717E-01	9.504E-01	9.401E-01	34.800	89	89	90
Q6DTJ0_Q75_lDDT	B5L5V3_Q75_lDDT.pdb	9.780E-01	9.460E-01	9.460E-01	36.300	89	88	89
Q6DTJ0_Q75_lDDT	NWM_Q75_lDDT.pdb	9.703E-01	9.491E-01	9.389E-01	32.500	89	89	90
Q6DTJ0_Q75_lDDT	AF-K4GMF9-F1-model_v4_Q75_lDDT.pdb	9.700E-01	9.488E-01	9.385E-01	30.300	89	89	90
Q6DTJ0_Q75_lDDT	AF-K4GMG9-F1-model_v6_Q75_lDDT.pdb	9.699E-01	9.487E-01	9.384E-01	31.400	89	89	90
Q6DTJ0_Q75_lDDT	B5L5V0_Q75_lDDT.pdb	9.699E-01	9.488E-01	9.385E-01	34.800	89	89	90
Q6DTJ0_Q75_lDDT	ECM-1_Q75_lDDT.pdb	9.689E-01	9.478E-01	9.376E-01	29.200	89	89	90
Q6DTJ0_Q75_lDDT	G5ELM3_Q75_lDDT.pdb	9.737E-01	9.420E-01	9.420E-01	30.600	89	88	89
Q6DTJ0_Q75_lDDT	B5DCA0_Q75_lDDT.pdb	9.734E-01	9.418E-01	9.418E-01	35.200	89	88	89
Q6DTJ0_Q75_lDDT	AF-A0A1L5BQA7-F1-model_v4_Q75_lDDT.pdb	9.773E-01	9.348E-01	9.451E-01	36.300	89	88	88
Q6DTJ0_Q75_lDDT	PJM-1_Q75_lDDT.pdb	9.729E-01	9.412E-01	9.412E-01	34.000	89	88	89
Q6DTJ0_Q75_lDDT	AF-A0A1L6K5X8-F1-model_v4_Q75_lDDT.pdb	9.633E-01	9.426E-01	9.426E-01	27.200	89	88	89
Q6DTJ0_Q75_lDDT	U3U4Q6_Q75_lDDT.pdb	9.652E-01	9.444E-01	9.343E-01	28.400	89	88	90
Q6DTJ0_Q75_lDDT	AF-A0A4D6P0I4-F1-model_v4_Q75_lDDT.pdb	9.649E-01	9.441E-01	9.340E-01	26.100	89	88	90
Q6DTJ0_Q75_lDDT	AF-A0A0D6SYW3-F1-model_v4_Q75_lDDT.pdb	9.648E-01	9.441E-01	9.340E-01	26.100	89	88	90
Q6DTJ0_Q75_lDDT	Q9JRP7_Q75_lDDT.pdb	9.518E-01	9.313E-01	9.313E-01	23.800	89	88	89
Q6DTJ0_Q75_lDDT	AF-Q6D395-F1-model_v4_Q75_lDDT.pdb	9.647E-01	9.232E-01	9.333E-01	36.300	89	88	88
Q6DTJ0_Q75_lDDT	GRD33_Q75_lDDT.pdb	9.520E-01	9.315E-01	9.216E-01	31.400	89	89	90
Q6DTJ0_Q75_lDDT	AF-A0A1L6K5Z8-F1-model_v4_Q75_lDDT.pdb	9.510E-01	9.306E-01	9.207E-01	30.300	89	89	90
Q6DTJ0_Q75_lDDT	B3SU1_Q75_lDDT.pdb	9.560E-01	9.150E-01	9.249E-01	30.600	89	88	88
Q9KJB4_Q75_lDDT	Q9KJB4_Q75_lDDT.pdb	1.011E+00	1.000E+00	1.000E+00	100.000	88	88	88
Q9KJB4_Q75_lDDT	Q9KJB6_Q75_lDDT.pdb	1.011E+00	1.000E+00	1.000E+00	98.800	88	88	88
Q9KJB4_Q75_lDDT	Q9KJB3_Q75_lDDT.pdb	1.011E+00	9.999E-01	9.999E-01	97.700	88	88	88
Q9KJB4_Q75_lDDT	Q9KJB5_Q75_lDDT.pdb	1.011E+00	9.999E-01	9.999E-01	96.500	88	88	88
Q9KJB4_Q75_lDDT	Q9KJB1_Q75_lDDT.pdb	1.011E+00	9.998E-01	9.998E-01	94.300	88	88	88
Q9KJB4_Q75_lDDT	Q9KJB2_Q75_lDDT.pdb	1.011E+00	9.996E-01	9.996E-01	97.700	88	88	88
Q9KJB4_Q75_lDDT	Q6DTI9_Q75_lDDT.pdb	1.011E+00	9.999E-01	9.887E-01	96.500	88	88	89
Q9KJB4_Q75_lDDT	Q6V8J2_Q75_lDDT.pdb	1.011E+00	9.999E-01	9.887E-01	96.500	88	88	89
Q9KJB4_Q75_lDDT	Q6DTJ0_Q75_lDDT.pdb	1.011E+00	9.999E-01	9.887E-01	95.400	88	88	89
Q9KJB4_Q75_lDDT	Q9RB00_Q75_lDDT.pdb	1.011E+00	9.999E-01	9.886E-01	98.800	88	88	89
Q9KJB4_Q75_lDDT	Q6DTI7_Q75_lDDT.pdb	1.011E+00	9.998E-01	9.886E-01	97.700	88	88	89
Q9KJB4_Q75_lDDT	Q5EEU4_Q75_lDDT.pdb	1.011E+00	9.994E-01	9.882E-01	92.000	88	88	89
Q9KJB4_Q75_lDDT	A0A0C5L392_Q75_lDDT.pdb	1.010E+00	9.990E-01	9.878E-01	80.600	88	88	89
Q9KJB4_Q75_lDDT	Q4JRB6_Q75_lDDT.pdb	1.010E+00	9.990E-01	9.877E-01	97.700	88	88	89
Q9KJB4_Q75_lDDT	A0A0C5LDD5_Q75_lDDT.pdb	1.008E+00	9.968E-01	9.857E-01	78.400	88	88	89
Q9KJB4_Q75_lDDT	Q6DTI4_Q75_lDDT.pdb	1.011E+00	9.997E-01	9.775E-01	93.100	88	88	90
Q9KJB4_Q75_lDDT	Q6DTI5_Q75_lDDT.pdb	1.011E+00	9.997E-01	9.775E-01	93.100	88	88	90
Q9KJB4_Q75_lDDT	Q6DTI8_Q75_lDDT.pdb	1.011E+00	9.996E-01	9.774E-01	93.100	88	88	90
Q9KJB4_Q75_lDDT	A0A0C5LQ44_Q75_lDDT.pdb	1.007E+00	9.959E-01	9.848E-01	80.600	88	88	89
Q9KJB4_Q75_lDDT	Q5S4Q5_Q75_lDDT.pdb	1.011E+00	9.996E-01	9.774E-01	93.100	88	88	90
Q9KJB4_Q75_lDDT	B5L5V5_Q75_lDDT.pdb	1.009E+00	9.976E-01	9.755E-01	64.700	88	88	90
Q9KJB4_Q75_lDDT	B5L5X0_Q75_lDDT.pdb	1.009E+00	9.973E-01	9.752E-01	68.100	88	88	90
Q9KJB4_Q75_lDDT	AF-A0A0D0GMS0-F1-model_v4_Q75_lDDT.pdb	1.009E+00	9.972E-01	9.751E-01	71.500	88	88	90
Q9KJB4_Q75_lDDT	A0A0C5LDD9_Q75_lDDT.pdb	1.008E+00	9.964E-01	9.743E-01	68.100	88	88	90
Q9KJB4_Q75_lDDT	B5L5V9_Q75_lDDT.pdb	1.009E+00	9.743E-01	9.743E-01	60.200	88	88	88
Q9KJB4_Q75_lDDT	B3SU2_Q75_lDDT.pdb	9.983E-01	9.871E-01	9.654E-01	48.800	88	88	90
Q9KJB4_Q75_lDDT	Q9K578_Q75_lDDT.pdb	9.960E-01	9.849E-01	9.633E-01	52.200	88	88	90
Q9KJB4_Q75_lDDT	AF-Q89GW5-F1-model_v4_Q75_lDDT.pdb	9.916E-01	9.805E-01	9.697E-01	45.400	88	88	89
Q9KJB4_Q75_lDDT	AF-A8GGW7-F1-model_v4_Q75_lDDT.pdb	9.856E-01	9.747E-01	9.640E-01	39.700	88	88	89
Q9KJB4_Q75_lDDT	Q8KKG1_Q75_lDDT.pdb	9.864E-01	9.754E-01	9.543E-01	37.500	88	88	90
Q9KJB4_Q75_lDDT	B5L5W3_Q75_lDDT.pdb	9.888E-01	9.557E-01	9.665E-01	47.700	88	88	87
Q9KJB4_Q75_lDDT	B5L5V2_Q75_lDDT.pdb	9.909E-01	9.577E-01	9.577E-01	56.800	88	88	88
Q9KJB4_Q75_lDDT	A0A386JBC5_Q75_lDDT.pdb	9.854E-01	9.636E-01	9.530E-01	37.500	88	88	89
Q9KJB4_Q75_lDDT	MBL1b_Q75_lDDT.pdb	9.810E-01	9.702E-01	9.492E-01	37.500	88	88	90
Q9KJB4_Q75_lDDT	A0A0C5LDH9_Q75_lDDT.pdb	9.852E-01	9.633E-01	9.528E-01	37.500	88	88	89
Q9KJB4_Q75_lDDT	AF-A0A1L6K5Z9-F1-model_v4_Q75_lDDT.pdb	9.842E-01	9.624E-01	9.518E-01	36.300	88	88	89
Q9KJB4_Q75_lDDT	AF-Q9AEF9-F1-model_v4_Q75_lDDT.pdb	9.755E-01	9.647E-01	9.437E-01	35.900	88	89	90
Q9KJB4_Q75_lDDT	A0A0C5LQ34_Q75_lDDT.pdb	9.824E-01	9.607E-01	9.502E-01	43.100	88	88	89
Q9KJB4_Q75_lDDT	A0A059Q5E8_Q75_lDDT.pdb	9.827E-01	9.610E-01	9.505E-01	36.300	88	88	89
Q9KJB4_Q75_lDDT	AF-K4GMK0-F1-model_v4_Q75_lDDT.pdb	9.740E-01	9.632E-01	9.423E-01	32.500	88	89	90
Q9KJB4_Q75_lDDT	AF-K4GMG4-F1-model_v4_Q75_lDDT.pdb	9.801E-01	9.584E-01	9.480E-01	34.000	88	88	89
Q9KJB4_Q75_lDDT	AF-A0A1L6K5Y8-F1-model_v4_Q75_lDDT.pdb	9.717E-01	9.610E-01	9.402E-01	33.700	88	89	90
Q9KJB4_Q75_lDDT	B5L5V3_Q75_lDDT.pdb	9.780E-01	9.564E-01	9.460E-01	36.300	88	88	89
Q9KJB4_Q75_lDDT	NWM_Q75_lDDT.pdb	9.702E-01	9.595E-01	9.387E-01	31.400	88	89	90
Q9KJB4_Q75_lDDT	B5L5V0_Q75_lDDT.pdb	9.702E-01	9.595E-01	9.387E-01	33.700	88	89	90
Q9KJB4_Q75_lDDT	AF-K4GMF9-F1-model_v4_Q75_lDDT.pdb	9.695E-01	9.588E-01	9.381E-01	31.400	88	89	90
Q9KJB4_Q75_lDDT	AF-K4GMG9-F1-model_v6_Q75_lDDT.pdb	9.696E-01	9.589E-01	9.382E-01	32.500	88	89	90
Q9KJB4_Q75_lDDT	ECM-1_Q75_lDDT.pdb	9.687E-01	9.580E-01	9.373E-01	30.300	88	89	90
Q9KJB4_Q75_lDDT	G5ELM3_Q75_lDDT.pdb	9.738E-01	9.525E-01	9.421E-01	30.600	88	88	89
Q9KJB4_Q75_lDDT	B5DCA0_Q75_lDDT.pdb	9.737E-01	9.524E-01	9.420E-01	35.200	88	88	89
Q9KJB4_Q75_lDDT	AF-A0A1L5BQA7-F1-model_v4_Q75_lDDT.pdb	9.775E-01	9.453E-01	9.453E-01	36.300	88	88	88
Q9KJB4_Q75_lDDT	PJM-1_Q75_lDDT.pdb	9.733E-01	9.520E-01	9.417E-01	32.900	88	88	89
Q9KJB4_Q75_lDDT	AF-A0A1L6K5X8-F1-model_v4_Q75_lDDT.pdb	9.632E-01	9.527E-01	9.425E-01	27.200	88	88	89
Q9KJB4_Q75_lDDT	U3U4Q6_Q75_lDDT.pdb	9.654E-01	9.549E-01	9.345E-01	28.400	88	88	90
Q9KJB4_Q75_lDDT	AF-A0A4D6P0I4-F1-model_v4_Q75_lDDT.pdb	9.649E-01	9.544E-01	9.340E-01	27.200	88	88	90
Q9KJB4_Q75_lDDT	AF-A0A0D6SYW3-F1-model_v4_Q75_lDDT.pdb	9.648E-01	9.543E-01	9.340E-01	27.200	88	88	90
Q9KJB4_Q75_lDDT	Q9JRP7_Q75_lDDT.pdb	9.519E-01	9.416E-01	9.314E-01	25.000	88	88	89
Q9KJB4_Q75_lDDT	AF-Q6D395-F1-model_v4_Q75_lDDT.pdb	9.648E-01	9.334E-01	9.334E-01	36.300	88	88	88
Q9KJB4_Q75_lDDT	GRD33_Q75_lDDT.pdb	9.522E-01	9.419E-01	9.219E-01	32.500	88	89	90
Q9KJB4_Q75_lDDT	AF-A0A1L6K5Z8-F1-model_v4_Q75_lDDT.pdb	9.513E-01	9.410E-01	9.210E-01	30.300	88	89	90
Q9KJB4_Q75_lDDT	B3SU1_Q75_lDDT.pdb	9.564E-01	9.253E-01	9.253E-01	30.600	88	88	88
B5L5V2_Q75_lDDT	B5L5V2_Q75_lDDT.pdb	1.011E+00	1.000E+00	1.000E+00	100.000	88	88	88
B5L5V2_Q75_lDDT	B5L5W3_Q75_lDDT.pdb	1.008E+00	9.739E-01	9.851E-01	80.200	88	86	87
B5L5V2_Q75_lDDT	Q9KJB1_Q75_lDDT.pdb	9.917E-01	9.585E-01	9.585E-01	53.400	88	88	88
B5L5V2_Q75_lDDT	Q9KJB5_Q75_lDDT.pdb	9.912E-01	9.580E-01	9.580E-01	54.500	88	88	88
B5L5V2_Q75_lDDT	Q9KJB2_Q75_lDDT.pdb	9.911E-01	9.580E-01	9.580E-01	56.800	88	88	88
B5L5V2_Q75_lDDT	Q9KJB3_Q75_lDDT.pdb	9.911E-01	9.579E-01	9.579E-01	55.600	88	88	88
B5L5V2_Q75_lDDT	B5L5V9_Q75_lDDT.pdb	9.813E-01	9.595E-01	9.595E-01	50.500	88	87	88
B5L5V2_Q75_lDDT	Q9KJB6_Q75_lDDT.pdb	9.909E-01	9.578E-01	9.578E-01	56.800	88	88	88
B5L5V2_Q75_lDDT	Q9KJB4_Q75_lDDT.pdb	9.909E-01	9.577E-01	9.577E-01	56.800	88	88	88
B5L5V2_Q75_lDDT	Q6V8J2_Q75_lDDT.pdb	9.914E-01	9.582E-01	9.476E-01	54.500	88	88	89
B5L5V2_Q75_lDDT	Q6DTI7_Q75_lDDT.pdb	9.912E-01	9.580E-01	9.475E-01	55.600	88	88	89
B5L5V2_Q75_lDDT	Q9RB00_Q75_lDDT.pdb	9.911E-01	9.579E-01	9.473E-01	57.900	88	88	89
B5L5V2_Q75_lDDT	Q6DTI9_Q75_lDDT.pdb	9.911E-01	9.579E-01	9.474E-01	54.500	88	88	89
B5L5V2_Q75_lDDT	Q6DTJ0_Q75_lDDT.pdb	9.910E-01	9.578E-01	9.473E-01	53.400	88	88	89
B5L5V2_Q75_lDDT	Q4JRB6_Q75_lDDT.pdb	9.899E-01	9.568E-01	9.463E-01	57.900	88	88	89
B5L5V2_Q75_lDDT	Q5EEU4_Q75_lDDT.pdb	9.897E-01	9.566E-01	9.461E-01	55.600	88	88	89
B5L5V2_Q75_lDDT	A0A0C5L392_Q75_lDDT.pdb	9.886E-01	9.556E-01	9.451E-01	50.000	88	88	89
B5L5V2_Q75_lDDT	A0A0C5LDD5_Q75_lDDT.pdb	9.885E-01	9.555E-01	9.450E-01	55.600	88	88	89
B5L5V2_Q75_lDDT	Q6DTI8_Q75_lDDT.pdb	9.918E-01	9.586E-01	9.377E-01	53.400	88	88	90
B5L5V2_Q75_lDDT	Q6DTI5_Q75_lDDT.pdb	9.915E-01	9.583E-01	9.374E-01	54.500	88	88	90
B5L5V2_Q75_lDDT	Q6DTI4_Q75_lDDT.pdb	9.915E-01	9.583E-01	9.373E-01	54.500	88	88	90
B5L5V2_Q75_lDDT	Q5S4Q5_Q75_lDDT.pdb	9.912E-01	9.580E-01	9.371E-01	54.500	88	88	90
B5L5V2_Q75_lDDT	A0A0C5LQ44_Q75_lDDT.pdb	9.869E-01	9.540E-01	9.435E-01	54.500	88	88	89
B5L5V2_Q75_lDDT	B5L5V5_Q75_lDDT.pdb	9.891E-01	9.560E-01	9.352E-01	44.300	88	88	90
B5L5V2_Q75_lDDT	AF-A0A0D0GMS0-F1-model_v4_Q75_lDDT.pdb	9.885E-01	9.555E-01	9.347E-01	51.100	88	88	90
B5L5V2_Q75_lDDT	B5L5X0_Q75_lDDT.pdb	9.873E-01	9.543E-01	9.336E-01	51.100	88	88	90
B5L5V2_Q75_lDDT	A0A0C5LDD9_Q75_lDDT.pdb	9.871E-01	9.541E-01	9.334E-01	51.100	88	88	90
B5L5V2_Q75_lDDT	AF-Q89GW5-F1-model_v4_Q75_lDDT.pdb	9.809E-01	9.484E-01	9.380E-01	47.700	88	88	89
B5L5V2_Q75_lDDT	B3SU2_Q75_lDDT.pdb	9.814E-01	9.489E-01	9.283E-01	47.700	88	88	90
B5L5V2_Q75_lDDT	Q9K578_Q75_lDDT.pdb	9.806E-01	9.480E-01	9.275E-01	45.400	88	88	90
B5L5V2_Q75_lDDT	A0A386JBC5_Q75_lDDT.pdb	9.753E-01	9.431E-01	9.329E-01	35.600	88	87	89
B5L5V2_Q75_lDDT	AF-A0A1L6K5Z9-F1-model_v4_Q75_lDDT.pdb	9.742E-01	9.421E-01	9.319E-01	32.100	88	87	89
B5L5V2_Q75_lDDT	AF-A8GGW7-F1-model_v4_Q75_lDDT.pdb	9.743E-01	9.422E-01	9.320E-01	38.600	88	88	89
B5L5V2_Q75_lDDT	ECM-1_Q75_lDDT.pdb	9.755E-01	9.433E-01	9.230E-01	29.500	88	88	90
B5L5V2_Q75_lDDT	A0A0C5LQ34_Q75_lDDT.pdb	9.708E-01	9.389E-01	9.287E-01	47.100	88	87	89
B5L5V2_Q75_lDDT	A0A059Q5E8_Q75_lDDT.pdb	9.711E-01	9.392E-01	9.290E-01	36.700	88	87	89
B5L5V2_Q75_lDDT	AF-K4GMF9-F1-model_v4_Q75_lDDT.pdb	9.737E-01	9.416E-01	9.214E-01	27.200	88	88	90
B5L5V2_Q75_lDDT	Q8KKG1_Q75_lDDT.pdb	9.733E-01	9.413E-01	9.210E-01	34.000	88	88	90
B5L5V2_Q75_lDDT	NWM_Q75_lDDT.pdb	9.733E-01	9.413E-01	9.211E-01	30.600	88	88	90
B5L5V2_Q75_lDDT	AF-Q6D395-F1-model_v4_Q75_lDDT.pdb	9.662E-01	9.346E-01	9.346E-01	33.700	88	86	88
B5L5V2_Q75_lDDT	AF-K4GMG4-F1-model_v4_Q75_lDDT.pdb	9.687E-01	9.369E-01	9.268E-01	28.700	88	87	89
B5L5V2_Q75_lDDT	AF-K4GMG9-F1-model_v6_Q75_lDDT.pdb	9.721E-01	9.401E-01	9.199E-01	35.200	88	88	90
B5L5V2_Q75_lDDT	AF-Q9AEF9-F1-model_v4_Q75_lDDT.pdb	9.722E-01	9.402E-01	9.200E-01	40.900	88	88	90
B5L5V2_Q75_lDDT	A0A0C5LDH9_Q75_lDDT.pdb	9.683E-01	9.366E-01	9.265E-01	37.900	88	87	89
B5L5V2_Q75_lDDT	AF-K4GMK0-F1-model_v4_Q75_lDDT.pdb	9.714E-01	9.395E-01	9.193E-01	32.900	88	88	90
B5L5V2_Q75_lDDT	B5L5V3_Q75_lDDT.pdb	9.663E-01	9.347E-01	9.246E-01	39.000	88	87	89
B5L5V2_Q75_lDDT	AF-A0A1L5BQA7-F1-model_v4_Q75_lDDT.pdb	9.620E-01	9.307E-01	9.307E-01	38.300	88	86	88
B5L5V2_Q75_lDDT	PJM-1_Q75_lDDT.pdb	9.641E-01	9.326E-01	9.225E-01	34.400	88	87	89
B5L5V2_Q75_lDDT	AF-A0A1L6K5Y8-F1-model_v4_Q75_lDDT.pdb	9.677E-01	9.360E-01	9.160E-01	36.300	88	88	90
B5L5V2_Q75_lDDT	B5DCA0_Q75_lDDT.pdb	9.639E-01	9.324E-01	9.224E-01	36.700	88	87	89
B5L5V2_Q75_lDDT	MBL1b_Q75_lDDT.pdb	9.670E-01	9.353E-01	9.153E-01	34.000	88	88	90
B5L5V2_Q75_lDDT	B5L5V0_Q75_lDDT.pdb	9.651E-01	9.336E-01	9.137E-01	35.200	88	88	90
B5L5V2_Q75_lDDT	G5ELM3_Q75_lDDT.pdb	9.598E-01	9.286E-01	9.187E-01	35.600	88	87	89
B5L5V2_Q75_lDDT	B3SU1_Q75_lDDT.pdb	9.479E-01	9.172E-01	9.172E-01	30.200	88	86	88
B5L5V2_Q75_lDDT	U3U4Q6_Q75_lDDT.pdb	9.551E-01	9.242E-01	9.047E-01	28.400	88	88	90
B5L5V2_Q75_lDDT	AF-A0A4D6P0I4-F1-model_v4_Q75_lDDT.pdb	9.518E-01	9.211E-01	9.016E-01	28.400	88	88	90
B5L5V2_Q75_lDDT	AF-A0A0D6SYW3-F1-model_v4_Q75_lDDT.pdb	9.517E-01	9.210E-01	9.016E-01	28.400	88	88	90
B5L5V2_Q75_lDDT	GRD33_Q75_lDDT.pdb	9.514E-01	9.207E-01	9.013E-01	31.800	88	88	90
B5L5V2_Q75_lDDT	AF-A0A1L6K5X8-F1-model_v4_Q75_lDDT.pdb	9.470E-01	9.165E-01	9.068E-01	25.000	88	88	89
B5L5V2_Q75_lDDT	AF-A0A1L6K5Z8-F1-model_v4_Q75_lDDT.pdb	9.498E-01	9.192E-01	8.998E-01	31.800	88	88	90
B5L5V2_Q75_lDDT	Q9JRP7_Q75_lDDT.pdb	9.338E-01	9.038E-01	8.942E-01	22.700	88	88	89
ECM-1_Q75_lDDT	ECM-1_Q75_lDDT.pdb	1.011E+00	1.000E+00	1.000E+00	100.000	90	90	90
ECM-1_Q75_lDDT	AF-K4GMF9-F1-model_v4_Q75_lDDT.pdb	9.993E-01	9.772E-01	9.772E-01	83.100	90	89	90
ECM-1_Q75_lDDT	AF-K4GMG9-F1-model_v6_Q75_lDDT.pdb	1.006E+00	9.726E-01	9.726E-01	70.400	90	88	90
ECM-1_Q75_lDDT	AF-K4GMK0-F1-model_v4_Q75_lDDT.pdb	9.942E-01	9.615E-01	9.615E-01	50.000	90	88	90
ECM-1_Q75_lDDT	AF-K4GMG4-F1-model_v4_Q75_lDDT.pdb	9.964E-01	9.528E-01	9.633E-01	51.100	90	88	89
ECM-1_Q75_lDDT	AF-A0A1L6K5Z9-F1-model_v4_Q75_lDDT.pdb	9.945E-01	9.510E-01	9.615E-01	56.800	90	88	89
ECM-1_Q75_lDDT	A0A386JBC5_Q75_lDDT.pdb	9.936E-01	9.501E-01	9.607E-01	53.400	90	88	89
ECM-1_Q75_lDDT	AF-Q9AEF9-F1-model_v4_Q75_lDDT.pdb	9.899E-01	9.576E-01	9.576E-01	45.400	90	88	90
ECM-1_Q75_lDDT	NWM_Q75_lDDT.pdb	9.897E-01	9.573E-01	9.573E-01	47.700	90	88	90
ECM-1_Q75_lDDT	A0A0C5LQ34_Q75_lDDT.pdb	9.839E-01	9.408E-01	9.512E-01	41.500	90	89	89
ECM-1_Q75_lDDT	B5L5V0_Q75_lDDT.pdb	9.827E-01	9.508E-01	9.508E-01	42.000	90	88	90
ECM-1_Q75_lDDT	AF-A0A1L6K5Y8-F1-model_v4_Q75_lDDT.pdb	9.822E-01	9.503E-01	9.503E-01	43.100	90	88	90
ECM-1_Q75_lDDT	AF-A8GGW7-F1-model_v4_Q75_lDDT.pdb	9.756E-01	9.438E-01	9.541E-01	37.000	90	89	89
ECM-1_Q75_lDDT	Q8KKG1_Q75_lDDT.pdb	9.769E-01	9.451E-01	9.451E-01	30.300	90	89	90
ECM-1_Q75_lDDT	A0A059Q5E8_Q75_lDDT.pdb	9.843E-01	9.416E-01	9.520E-01	47.700	90	88	89
ECM-1_Q75_lDDT	Q9KJB1_Q75_lDDT.pdb	9.695E-01	9.381E-01	9.588E-01	30.300	90	89	88
ECM-1_Q75_lDDT	A0A0C5LDH9_Q75_lDDT.pdb	9.839E-01	9.412E-01	9.516E-01	40.900	90	88	89
ECM-1_Q75_lDDT	G5ELM3_Q75_lDDT.pdb	9.837E-01	9.410E-01	9.514E-01	42.000	90	88	89
ECM-1_Q75_lDDT	Q9KJB6_Q75_lDDT.pdb	9.692E-01	9.378E-01	9.585E-01	29.200	90	89	88
ECM-1_Q75_lDDT	Q9KJB3_Q75_lDDT.pdb	9.690E-01	9.377E-01	9.584E-01	29.200	90	89	88
ECM-1_Q75_lDDT	Q9K578_Q75_lDDT.pdb	9.762E-01	9.444E-01	9.444E-01	34.800	90	89	90
ECM-1_Q75_lDDT	Q9KJB5_Q75_lDDT.pdb	9.687E-01	9.374E-01	9.580E-01	30.300	90	89	88
ECM-1_Q75_lDDT	Q9KJB4_Q75_lDDT.pdb	9.687E-01	9.373E-01	9.580E-01	30.300	90	89	88
ECM-1_Q75_lDDT	Q9KJB2_Q75_lDDT.pdb	9.681E-01	9.367E-01	9.574E-01	29.200	90	89	88
ECM-1_Q75_lDDT	PJM-1_Q75_lDDT.pdb	9.819E-01	9.394E-01	9.497E-01	44.300	90	88	89
ECM-1_Q75_lDDT	B5DCA0_Q75_lDDT.pdb	9.819E-01	9.394E-01	9.497E-01	46.500	90	88	89
ECM-1_Q75_lDDT	GRD33_Q75_lDDT.pdb	9.771E-01	9.455E-01	9.455E-01	43.100	90	88	90
ECM-1_Q75_lDDT	B5L5V9_Q75_lDDT.pdb	9.855E-01	9.320E-01	9.527E-01	28.400	90	88	88
ECM-1_Q75_lDDT	A0A0C5LDD9_Q75_lDDT.pdb	9.738E-01	9.421E-01	9.421E-01	26.900	90	89	90
ECM-1_Q75_lDDT	AF-A0A1L6K5Z8-F1-model_v4_Q75_lDDT.pdb	9.761E-01	9.446E-01	9.446E-01	43.100	90	88	90
ECM-1_Q75_lDDT	B3SU2_Q75_lDDT.pdb	9.730E-01	9.414E-01	9.414E-01	37.000	90	89	90
ECM-1_Q75_lDDT	AF-A0A0D0GMS0-F1-model_v4_Q75_lDDT.pdb	9.730E-01	9.413E-01	9.413E-01	26.900	90	89	90
ECM-1_Q75_lDDT	A0A0C5LDD5_Q75_lDDT.pdb	9.693E-01	9.379E-01	9.481E-01	29.200	90	89	89
ECM-1_Q75_lDDT	A0A0C5LQ44_Q75_lDDT.pdb	9.693E-01	9.379E-01	9.481E-01	30.300	90	89	89
ECM-1_Q75_lDDT	Q6DTJ0_Q75_lDDT.pdb	9.689E-01	9.376E-01	9.478E-01	29.200	90	89	89
ECM-1_Q75_lDDT	Q6DTI9_Q75_lDDT.pdb	9.689E-01	9.376E-01	9.478E-01	30.300	90	89	89
ECM-1_Q75_lDDT	Q9RB00_Q75_lDDT.pdb	9.688E-01	9.374E-01	9.477E-01	30.300	90	89	89
ECM-1_Q75_lDDT	Q6V8J2_Q75_lDDT.pdb	9.687E-01	9.373E-01	9.475E-01	30.300	90	89	89
ECM-1_Q75_lDDT	Q6DTI7_Q75_lDDT.pdb	9.683E-01	9.370E-01	9.472E-01	30.300	90	89	89
ECM-1_Q75_lDDT	B5L5X0_Q75_lDDT.pdb	9.720E-01	9.404E-01	9.404E-01	26.900	90	89	90
ECM-1_Q75_lDDT	Q5EEU4_Q75_lDDT.pdb	9.680E-01	9.367E-01	9.469E-01	31.400	90	89	89
ECM-1_Q75_lDDT	A0A0C5L392_Q75_lDDT.pdb	9.680E-01	9.367E-01	9.469E-01	29.200	90	89	89
ECM-1_Q75_lDDT	MBL1b_Q75_lDDT.pdb	9.715E-01	9.400E-01	9.400E-01	30.300	90	89	90
ECM-1_Q75_lDDT	Q4JRB6_Q75_lDDT.pdb	9.675E-01	9.363E-01	9.465E-01	29.200	90	89	89
ECM-1_Q75_lDDT	B5L5V3_Q75_lDDT.pdb	9.777E-01	9.355E-01	9.457E-01	38.600	90	88	89
ECM-1_Q75_lDDT	B5L5V5_Q75_lDDT.pdb	9.711E-01	9.396E-01	9.396E-01	24.700	90	89	90
ECM-1_Q75_lDDT	AF-A0A1L6K5X8-F1-model_v4_Q75_lDDT.pdb	9.673E-01	9.360E-01	9.462E-01	42.600	90	89	89
ECM-1_Q75_lDDT	AF-A0A1L5BQA7-F1-model_v4_Q75_lDDT.pdb	9.799E-01	9.270E-01	9.474E-01	36.300	90	88	88
ECM-1_Q75_lDDT	Q6DTI8_Q75_lDDT.pdb	9.683E-01	9.370E-01	9.370E-01	31.400	90	89	90
ECM-1_Q75_lDDT	Q6DTI4_Q75_lDDT.pdb	9.682E-01	9.369E-01	9.369E-01	30.300	90	89	90
ECM-1_Q75_lDDT	Q6DTI5_Q75_lDDT.pdb	9.681E-01	9.368E-01	9.368E-01	30.300	90	89	90
ECM-1_Q75_lDDT	Q5S4Q5_Q75_lDDT.pdb	9.680E-01	9.367E-01	9.367E-01	30.300	90	89	90
ECM-1_Q75_lDDT	B5L5V2_Q75_lDDT.pdb	9.755E-01	9.230E-01	9.433E-01	29.500	90	88	88
ECM-1_Q75_lDDT	AF-A0A4D6P0I4-F1-model_v4_Q75_lDDT.pdb	9.631E-01	9.321E-01	9.321E-01	47.100	90	89	90
ECM-1_Q75_lDDT	AF-A0A0D6SYW3-F1-model_v4_Q75_lDDT.pdb	9.627E-01	9.318E-01	9.318E-01	47.100	90	89	90
ECM-1_Q75_lDDT	B5L5W3_Q75_lDDT.pdb	9.686E-01	9.168E-01	9.472E-01	26.100	90	88	87
ECM-1_Q75_lDDT	U3U4Q6_Q75_lDDT.pdb	9.590E-01	9.282E-01	9.282E-01	44.900	90	89	90
ECM-1_Q75_lDDT	AF-Q89GW5-F1-model_v4_Q75_lDDT.pdb	9.542E-01	9.238E-01	9.337E-01	40.400	90	89	89
ECM-1_Q75_lDDT	B3SU1_Q75_lDDT.pdb	9.639E-01	9.122E-01	9.322E-01	45.400	90	88	88
ECM-1_Q75_lDDT	AF-Q6D395-F1-model_v4_Q75_lDDT.pdb	9.649E-01	9.135E-01	9.334E-01	35.200	90	88	88
ECM-1_Q75_lDDT	Q9JRP7_Q75_lDDT.pdb	9.426E-01	9.125E-01	9.223E-01	38.200	90	89	89
PJM-1_Q75_lDDT	PJM-1_Q75_lDDT.pdb	1.011E+00	1.000E+00	1.000E+00	100.000	89	89	89
PJM-1_Q75_lDDT	B5DCA0_Q75_lDDT.pdb	1.010E+00	9.758E-01	9.758E-01	88.500	89	87	89
PJM-1_Q75_lDDT	AF-A0A1L6K5Y8-F1-model_v4_Q75_lDDT.pdb	9.953E-01	9.623E-01	9.517E-01	59.000	89	88	90
PJM-1_Q75_lDDT	AF-A0A1L6K5Z9-F1-model_v4_Q75_lDDT.pdb	9.911E-01	9.583E-01	9.583E-01	54.000	89	87	89
PJM-1_Q75_lDDT	G5ELM3_Q75_lDDT.pdb	9.896E-01	9.569E-01	9.569E-01	51.700	89	87	89
PJM-1_Q75_lDDT	AF-A0A1L6K5Z8-F1-model_v4_Q75_lDDT.pdb	9.932E-01	9.603E-01	9.498E-01	52.200	89	88	90
PJM-1_Q75_lDDT	AF-Q9AEF9-F1-model_v4_Q75_lDDT.pdb	9.927E-01	9.598E-01	9.493E-01	54.500	89	88	90
PJM-1_Q75_lDDT	B5L5V0_Q75_lDDT.pdb	9.926E-01	9.597E-01	9.492E-01	60.200	89	88	90
PJM-1_Q75_lDDT	GRD33_Q75_lDDT.pdb	9.927E-01	9.598E-01	9.493E-01	50.000	89	88	90
PJM-1_Q75_lDDT	A0A386JBC5_Q75_lDDT.pdb	9.872E-01	9.546E-01	9.546E-01	54.000	89	87	89
PJM-1_Q75_lDDT	A0A059Q5E8_Q75_lDDT.pdb	9.868E-01	9.543E-01	9.543E-01	57.400	89	87	89
PJM-1_Q75_lDDT	A0A0C5LDH9_Q75_lDDT.pdb	9.866E-01	9.541E-01	9.541E-01	55.100	89	87	89
PJM-1_Q75_lDDT	AF-K4GMK0-F1-model_v4_Q75_lDDT.pdb	9.880E-01	9.554E-01	9.451E-01	48.800	89	88	90
PJM-1_Q75_lDDT	AF-A8GGW7-F1-model_v4_Q75_lDDT.pdb	9.844E-01	9.520E-01	9.520E-01	42.000	89	88	89
PJM-1_Q75_lDDT	AF-K4GMG4-F1-model_v4_Q75_lDDT.pdb	9.830E-01	9.507E-01	9.507E-01	48.200	89	87	89
PJM-1_Q75_lDDT	Q8KKG1_Q75_lDDT.pdb	9.867E-01	9.542E-01	9.439E-01	38.600	89	88	90
PJM-1_Q75_lDDT	AF-K4GMG9-F1-model_v6_Q75_lDDT.pdb	9.854E-01	9.529E-01	9.426E-01	44.300	89	88	90
PJM-1_Q75_lDDT	NWM_Q75_lDDT.pdb	9.851E-01	9.527E-01	9.424E-01	46.500	89	88	90
PJM-1_Q75_lDDT	A0A0C5LQ34_Q75_lDDT.pdb	9.763E-01	9.441E-01	9.441E-01	43.100	89	88	89
PJM-1_Q75_lDDT	AF-K4GMF9-F1-model_v4_Q75_lDDT.pdb	9.829E-01	9.506E-01	9.403E-01	45.400	89	88	90
PJM-1_Q75_lDDT	AF-A0A1L6K5X8-F1-model_v4_Q75_lDDT.pdb	9.789E-01	9.469E-01	9.469E-01	50.000	89	88	89
PJM-1_Q75_lDDT	ECM-1_Q75_lDDT.pdb	9.819E-01	9.497E-01	9.394E-01	44.300	89	88	90
PJM-1_Q75_lDDT	MBL1b_Q75_lDDT.pdb	9.823E-01	9.501E-01	9.398E-01	37.500	89	88	90
PJM-1_Q75_lDDT	Q9KJB1_Q75_lDDT.pdb	9.742E-01	9.425E-01	9.529E-01	31.800	89	88	88
PJM-1_Q75_lDDT	Q9KJB4_Q75_lDDT.pdb	9.733E-01	9.417E-01	9.520E-01	32.900	89	88	88
PJM-1_Q75_lDDT	Q9KJB6_Q75_lDDT.pdb	9.733E-01	9.416E-01	9.520E-01	32.900	89	88	88
PJM-1_Q75_lDDT	Q9KJB3_Q75_lDDT.pdb	9.732E-01	9.416E-01	9.519E-01	32.900	89	88	88
PJM-1_Q75_lDDT	B5L5V3_Q75_lDDT.pdb	9.759E-01	9.441E-01	9.441E-01	57.400	89	87	89
PJM-1_Q75_lDDT	Q9KJB5_Q75_lDDT.pdb	9.729E-01	9.413E-01	9.516E-01	34.000	89	88	88
PJM-1_Q75_lDDT	Q9KJB2_Q75_lDDT.pdb	9.729E-01	9.413E-01	9.516E-01	30.600	89	88	88
PJM-1_Q75_lDDT	A0A0C5LDD5_Q75_lDDT.pdb	9.758E-01	9.440E-01	9.440E-01	28.400	89	88	89
PJM-1_Q75_lDDT	A0A0C5LQ44_Q75_lDDT.pdb	9.757E-01	9.439E-01	9.439E-01	34.000	89	88	89
PJM-1_Q75_lDDT	A0A0C5LDD9_Q75_lDDT.pdb	9.786E-01	9.466E-01	9.364E-01	28.400	89	88	90
PJM-1_Q75_lDDT	AF-A0A1L5BQA7-F1-model_v4_Q75_lDDT.pdb	9.779E-01	9.352E-01	9.455E-01	35.600	89	87	88
PJM-1_Q75_lDDT	Q9RB00_Q75_lDDT.pdb	9.733E-01	9.417E-01	9.417E-01	31.800	89	88	89
PJM-1_Q75_lDDT	B5L5V5_Q75_lDDT.pdb	9.769E-01	9.451E-01	9.349E-01	32.900	89	88	90
PJM-1_Q75_lDDT	A0A0C5L392_Q75_lDDT.pdb	9.734E-01	9.417E-01	9.417E-01	28.400	89	88	89
PJM-1_Q75_lDDT	AF-A0A0D0GMS0-F1-model_v4_Q75_lDDT.pdb	9.768E-01	9.449E-01	9.348E-01	31.800	89	88	90
PJM-1_Q75_lDDT	Q9K578_Q75_lDDT.pdb	9.768E-01	9.450E-01	9.348E-01	36.300	89	88	90
PJM-1_Q75_lDDT	Q6V8J2_Q75_lDDT.pdb	9.729E-01	9.413E-01	9.413E-01	34.000	89	88	89
PJM-1_Q75_lDDT	Q4JRB6_Q75_lDDT.pdb	9.729E-01	9.413E-01	9.413E-01	30.600	89	88	89
PJM-1_Q75_lDDT	Q6DTI9_Q75_lDDT.pdb	9.729E-01	9.413E-01	9.413E-01	34.000	89	88	89
PJM-1_Q75_lDDT	Q6DTJ0_Q75_lDDT.pdb	9.729E-01	9.412E-01	9.412E-01	34.000	89	88	89
PJM-1_Q75_lDDT	B5L5X0_Q75_lDDT.pdb	9.764E-01	9.445E-01	9.344E-01	28.400	89	88	90
PJM-1_Q75_lDDT	B5L5V9_Q75_lDDT.pdb	9.768E-01	9.343E-01	9.445E-01	37.900	89	87	88
PJM-1_Q75_lDDT	Q6DTI7_Q75_lDDT.pdb	9.726E-01	9.410E-01	9.410E-01	32.900	89	88	89
PJM-1_Q75_lDDT	Q5EEU4_Q75_lDDT.pdb	9.719E-01	9.404E-01	9.404E-01	34.000	89	88	89
PJM-1_Q75_lDDT	B3SU2_Q75_lDDT.pdb	9.745E-01	9.428E-01	9.327E-01	38.600	89	88	90
PJM-1_Q75_lDDT	AF-A0A4D6P0I4-F1-model_v4_Q75_lDDT.pdb	9.738E-01	9.422E-01	9.321E-01	43.100	89	88	90
PJM-1_Q75_lDDT	AF-A0A0D6SYW3-F1-model_v4_Q75_lDDT.pdb	9.738E-01	9.422E-01	9.321E-01	43.100	89	88	90
PJM-1_Q75_lDDT	Q6DTI8_Q75_lDDT.pdb	9.726E-01	9.410E-01	9.309E-01	31.800	89	88	90
PJM-1_Q75_lDDT	Q6DTI4_Q75_lDDT.pdb	9.726E-01	9.410E-01	9.309E-01	30.600	89	88	90
PJM-1_Q75_lDDT	Q6DTI5_Q75_lDDT.pdb	9.724E-01	9.409E-01	9.308E-01	30.600	89	88	90
PJM-1_Q75_lDDT	Q5S4Q5_Q75_lDDT.pdb	9.722E-01	9.406E-01	9.306E-01	30.600	89	88	90
PJM-1_Q75_lDDT	U3U4Q6_Q75_lDDT.pdb	9.720E-01	9.405E-01	9.304E-01	43.100	89	88	90
PJM-1_Q75_lDDT	B3SU1_Q75_lDDT.pdb	9.676E-01	9.255E-01	9.357E-01	48.200	89	87	88
PJM-1_Q75_lDDT	AF-Q89GW5-F1-model_v4_Q75_lDDT.pdb	9.607E-01	9.298E-01	9.298E-01	35.200	89	88	89
PJM-1_Q75_lDDT	B5L5V2_Q75_lDDT.pdb	9.641E-01	9.225E-01	9.326E-01	34.400	89	87	88
PJM-1_Q75_lDDT	AF-Q6D395-F1-model_v4_Q75_lDDT.pdb	9.606E-01	9.194E-01	9.294E-01	29.800	89	87	88
PJM-1_Q75_lDDT	B5L5W3_Q75_lDDT.pdb	9.556E-01	9.147E-01	9.347E-01	31.000	89	87	87
PJM-1_Q75_lDDT	Q9JRP7_Q75_lDDT.pdb	9.507E-01	9.201E-01	9.201E-01	38.600	89	88	89
Q6DTI7_Q75_lDDT	Q6DTI7_Q75_lDDT.pdb	1.011E+00	1.000E+00	1.000E+00	100.000	89	89	89
Q6DTI7_Q75_lDDT	Q6V8J2_Q75_lDDT.pdb	1.011E+00	9.995E-01	9.995E-01	96.600	89	89	89
Q6DTI7_Q75_lDDT	Q6DTI9_Q75_lDDT.pdb	1.011E+00	9.992E-01	9.992E-01	96.600	89	89	89
Q6DTI7_Q75_lDDT	Q9RB00_Q75_lDDT.pdb	1.010E+00	9.986E-01	9.986E-01	96.600	89	89	89
Q6DTI7_Q75_lDDT	Q6DTJ0_Q75_lDDT.pdb	1.010E+00	9.983E-01	9.983E-01	95.500	89	89	89
Q6DTI7_Q75_lDDT	A0A0C5L392_Q75_lDDT.pdb	1.009E+00	9.976E-01	9.976E-01	78.600	89	89	89
Q6DTI7_Q75_lDDT	Q5EEU4_Q75_lDDT.pdb	1.009E+00	9.973E-01	9.973E-01	91.000	89	89	89
Q6DTI7_Q75_lDDT	Q9KJB3_Q75_lDDT.pdb	1.011E+00	9.886E-01	9.999E-01	97.700	89	88	88
Q6DTI7_Q75_lDDT	Q9KJB6_Q75_lDDT.pdb	1.011E+00	9.886E-01	9.999E-01	96.500	89	88	88
Q6DTI7_Q75_lDDT	Q9KJB5_Q75_lDDT.pdb	1.011E+00	9.886E-01	9.999E-01	96.500	89	88	88
Q6DTI7_Q75_lDDT	Q9KJB4_Q75_lDDT.pdb	1.011E+00	9.886E-01	9.998E-01	97.700	89	88	88
Q6DTI7_Q75_lDDT	Q9KJB1_Q75_lDDT.pdb	1.011E+00	9.885E-01	9.997E-01	94.300	89	88	88
Q6DTI7_Q75_lDDT	Q9KJB2_Q75_lDDT.pdb	1.011E+00	9.881E-01	9.994E-01	95.400	89	88	88
Q6DTI7_Q75_lDDT	Q4JRB6_Q75_lDDT.pdb	1.005E+00	9.934E-01	9.934E-01	95.500	89	89	89
Q6DTI7_Q75_lDDT	A0A0C5LDD5_Q75_lDDT.pdb	1.002E+00	9.910E-01	9.910E-01	77.500	89	89	89
Q6DTI7_Q75_lDDT	A0A0C5LQ44_Q75_lDDT.pdb	1.001E+00	9.895E-01	9.895E-01	79.700	89	89	89
Q6DTI7_Q75_lDDT	Q6DTI4_Q75_lDDT.pdb	1.003E+00	9.921E-01	9.811E-01	94.400	89	90	90
Q6DTI7_Q75_lDDT	Q6DTI8_Q75_lDDT.pdb	1.003E+00	9.918E-01	9.808E-01	94.400	89	90	90
Q6DTI7_Q75_lDDT	Q6DTI5_Q75_lDDT.pdb	1.003E+00	9.916E-01	9.806E-01	94.400	89	90	90
Q6DTI7_Q75_lDDT	Q5S4Q5_Q75_lDDT.pdb	1.002E+00	9.912E-01	9.803E-01	94.400	89	90	90
Q6DTI7_Q75_lDDT	AF-A0A0D0GMS0-F1-model_v4_Q75_lDDT.pdb	1.001E+00	9.895E-01	9.785E-01	73.300	89	90	90
Q6DTI7_Q75_lDDT	B5L5V5_Q75_lDDT.pdb	9.994E-01	9.882E-01	9.773E-01	64.400	89	90	90
Q6DTI7_Q75_lDDT	B5L5X0_Q75_lDDT.pdb	1.009E+00	9.861E-01	9.751E-01	70.400	89	88	90
Q6DTI7_Q75_lDDT	A0A0C5LDD9_Q75_lDDT.pdb	1.008E+00	9.850E-01	9.741E-01	69.300	89	88	90
Q6DTI7_Q75_lDDT	B5L5V9_Q75_lDDT.pdb	9.995E-01	9.660E-01	9.769E-01	61.700	89	89	88
Q6DTI7_Q75_lDDT	B3SU2_Q75_lDDT.pdb	9.987E-01	9.766E-01	9.659E-01	48.800	89	88	90
Q6DTI7_Q75_lDDT	Q9K578_Q75_lDDT.pdb	9.963E-01	9.742E-01	9.635E-01	51.100	89	88	90
Q6DTI7_Q75_lDDT	AF-Q89GW5-F1-model_v4_Q75_lDDT.pdb	9.922E-01	9.703E-01	9.703E-01	47.700	89	88	89
Q6DTI7_Q75_lDDT	AF-A8GGW7-F1-model_v4_Q75_lDDT.pdb	9.852E-01	9.636E-01	9.636E-01	40.900	89	88	89
Q6DTI7_Q75_lDDT	Q8KKG1_Q75_lDDT.pdb	9.858E-01	9.642E-01	9.537E-01	37.500	89	88	90
Q6DTI7_Q75_lDDT	B5L5W3_Q75_lDDT.pdb	9.893E-01	9.456E-01	9.670E-01	46.500	89	88	87
Q6DTI7_Q75_lDDT	B5L5V2_Q75_lDDT.pdb	9.912E-01	9.475E-01	9.580E-01	55.600	89	88	88
Q6DTI7_Q75_lDDT	A0A386JBC5_Q75_lDDT.pdb	9.847E-01	9.524E-01	9.524E-01	38.600	89	88	89
Q6DTI7_Q75_lDDT	MBL1b_Q75_lDDT.pdb	9.806E-01	9.592E-01	9.488E-01	37.500	89	88	90
Q6DTI7_Q75_lDDT	A0A0C5LDH9_Q75_lDDT.pdb	9.844E-01	9.521E-01	9.521E-01	37.500	89	88	89
Q6DTI7_Q75_lDDT	AF-A0A1L6K5Z9-F1-model_v4_Q75_lDDT.pdb	9.833E-01	9.510E-01	9.510E-01	37.500	89	88	89
Q6DTI7_Q75_lDDT	A0A059Q5E8_Q75_lDDT.pdb	9.824E-01	9.502E-01	9.502E-01	37.500	89	88	89
Q6DTI7_Q75_lDDT	AF-Q9AEF9-F1-model_v4_Q75_lDDT.pdb	9.749E-01	9.535E-01	9.432E-01	33.700	89	89	90
Q6DTI7_Q75_lDDT	A0A0C5LQ34_Q75_lDDT.pdb	9.816E-01	9.494E-01	9.494E-01	45.400	89	88	89
Q6DTI7_Q75_lDDT	AF-K4GMK0-F1-model_v4_Q75_lDDT.pdb	9.729E-01	9.516E-01	9.413E-01	33.700	89	89	90
Q6DTI7_Q75_lDDT	AF-K4GMG4-F1-model_v4_Q75_lDDT.pdb	9.789E-01	9.469E-01	9.469E-01	35.200	89	88	89
Q6DTI7_Q75_lDDT	AF-A0A1L6K5Y8-F1-model_v4_Q75_lDDT.pdb	9.710E-01	9.497E-01	9.395E-01	35.900	89	89	90
Q6DTI7_Q75_lDDT	B5L5V3_Q75_lDDT.pdb	9.774E-01	9.455E-01	9.455E-01	36.300	89	88	89
Q6DTI7_Q75_lDDT	NWM_Q75_lDDT.pdb	9.698E-01	9.486E-01	9.384E-01	32.500	89	89	90
Q6DTI7_Q75_lDDT	AF-K4GMF9-F1-model_v4_Q75_lDDT.pdb	9.692E-01	9.480E-01	9.378E-01	31.400	89	89	90
Q6DTI7_Q75_lDDT	AF-K4GMG9-F1-model_v6_Q75_lDDT.pdb	9.691E-01	9.479E-01	9.377E-01	32.500	89	89	90
Q6DTI7_Q75_lDDT	B5L5V0_Q75_lDDT.pdb	9.691E-01	9.480E-01	9.377E-01	33.700	89	89	90
Q6DTI7_Q75_lDDT	ECM-1_Q75_lDDT.pdb	9.683E-01	9.472E-01	9.370E-01	30.300	89	89	90
Q6DTI7_Q75_lDDT	G5ELM3_Q75_lDDT.pdb	9.729E-01	9.412E-01	9.412E-01	30.600	89	88	89
Q6DTI7_Q75_lDDT	B5DCA0_Q75_lDDT.pdb	9.730E-01	9.414E-01	9.414E-01	35.200	89	88	89
Q6DTI7_Q75_lDDT	PJM-1_Q75_lDDT.pdb	9.726E-01	9.410E-01	9.410E-01	32.900	89	88	89
Q6DTI7_Q75_lDDT	AF-A0A1L5BQA7-F1-model_v4_Q75_lDDT.pdb	9.766E-01	9.341E-01	9.444E-01	37.500	89	88	88
Q6DTI7_Q75_lDDT	AF-A0A1L6K5X8-F1-model_v4_Q75_lDDT.pdb	9.625E-01	9.418E-01	9.418E-01	28.400	89	88	89
Q6DTI7_Q75_lDDT	U3U4Q6_Q75_lDDT.pdb	9.648E-01	9.440E-01	9.340E-01	30.600	89	88	90
Q6DTI7_Q75_lDDT	AF-A0A4D6P0I4-F1-model_v4_Q75_lDDT.pdb	9.643E-01	9.435E-01	9.335E-01	28.400	89	88	90
Q6DTI7_Q75_lDDT	AF-A0A0D6SYW3-F1-model_v4_Q75_lDDT.pdb	9.643E-01	9.435E-01	9.335E-01	28.400	89	88	90
Q6DTI7_Q75_lDDT	Q9JRP7_Q75_lDDT.pdb	9.516E-01	9.311E-01	9.311E-01	25.000	89	88	89
Q6DTI7_Q75_lDDT	AF-Q6D395-F1-model_v4_Q75_lDDT.pdb	9.647E-01	9.232E-01	9.332E-01	37.500	89	88	88
Q6DTI7_Q75_lDDT	GRD33_Q75_lDDT.pdb	9.513E-01	9.309E-01	9.210E-01	31.400	89	89	90
Q6DTI7_Q75_lDDT	AF-A0A1L6K5Z8-F1-model_v4_Q75_lDDT.pdb	9.504E-01	9.300E-01	9.201E-01	29.200	89	89	90
Q6DTI7_Q75_lDDT	B3SU1_Q75_lDDT.pdb	9.557E-01	9.147E-01	9.246E-01	29.500	89	88	88
Q9KJB1_Q75_lDDT	Q9KJB1_Q75_lDDT.pdb	1.011E+00	1.000E+00	1.000E+00	100.000	88	88	88
Q9KJB1_Q75_lDDT	Q9KJB5_Q75_lDDT.pdb	1.011E+00	9.998E-01	9.998E-01	95.400	88	88	88
Q9KJB1_Q75_lDDT	Q9KJB6_Q75_lDDT.pdb	1.011E+00	9.998E-01	9.998E-01	93.100	88	88	88
Q9KJB1_Q75_lDDT	Q9KJB3_Q75_lDDT.pdb	1.011E+00	9.998E-01	9.998E-01	94.300	88	88	88
Q9KJB1_Q75_lDDT	Q9KJB4_Q75_lDDT.pdb	1.011E+00	9.998E-01	9.998E-01	94.300	88	88	88
Q9KJB1_Q75_lDDT	Q9KJB2_Q75_lDDT.pdb	1.011E+00	9.995E-01	9.995E-01	94.300	88	88	88
Q9KJB1_Q75_lDDT	Q6V8J2_Q75_lDDT.pdb	1.011E+00	9.998E-01	9.886E-01	95.400	88	88	89
Q9KJB1_Q75_lDDT	Q6DTI9_Q75_lDDT.pdb	1.011E+00	9.998E-01	9.886E-01	95.400	88	88	89
Q9KJB1_Q75_lDDT	Q6DTJ0_Q75_lDDT.pdb	1.011E+00	9.998E-01	9.886E-01	94.300	88	88	89
Q9KJB1_Q75_lDDT	Q9RB00_Q75_lDDT.pdb	1.011E+00	9.998E-01	9.885E-01	95.400	88	88	89
Q9KJB1_Q75_lDDT	Q6DTI7_Q75_lDDT.pdb	1.011E+00	9.997E-01	9.885E-01	94.300	88	88	89
Q9KJB1_Q75_lDDT	Q5EEU4_Q75_lDDT.pdb	1.011E+00	9.992E-01	9.880E-01	89.700	88	88	89
Q9KJB1_Q75_lDDT	Q4JRB6_Q75_lDDT.pdb	1.011E+00	9.991E-01	9.879E-01	94.300	88	88	89
Q9KJB1_Q75_lDDT	A0A0C5L392_Q75_lDDT.pdb	1.010E+00	9.990E-01	9.878E-01	81.800	88	88	89
Q9KJB1_Q75_lDDT	A0A0C5LDD5_Q75_lDDT.pdb	1.008E+00	9.970E-01	9.858E-01	77.200	88	88	89
Q9KJB1_Q75_lDDT	A0A0C5LQ44_Q75_lDDT.pdb	1.008E+00	9.962E-01	9.851E-01	78.400	88	88	89
Q9KJB1_Q75_lDDT	Q6DTI4_Q75_lDDT.pdb	1.011E+00	9.998E-01	9.776E-01	96.500	88	88	90
Q9KJB1_Q75_lDDT	Q6DTI5_Q75_lDDT.pdb	1.011E+00	9.998E-01	9.776E-01	96.500	88	88	90
Q9KJB1_Q75_lDDT	Q6DTI8_Q75_lDDT.pdb	1.011E+00	9.998E-01	9.776E-01	96.500	88	88	90
Q9KJB1_Q75_lDDT	Q5S4Q5_Q75_lDDT.pdb	1.011E+00	9.997E-01	9.775E-01	96.500	88	88	90
Q9KJB1_Q75_lDDT	B5L5V5_Q75_lDDT.pdb	1.009E+00	9.977E-01	9.756E-01	67.000	88	88	90
Q9KJB1_Q75_lDDT	B5L5X0_Q75_lDDT.pdb	1.009E+00	9.975E-01	9.753E-01	67.000	88	88	90
Q9KJB1_Q75_lDDT	AF-A0A0D0GMS0-F1-model_v4_Q75_lDDT.pdb	1.009E+00	9.973E-01	9.752E-01	71.500	88	88	90
Q9KJB1_Q75_lDDT	A0A0C5LDD9_Q75_lDDT.pdb	1.008E+00	9.966E-01	9.745E-01	68.100	88	88	90
Q9KJB1_Q75_lDDT	B5L5V9_Q75_lDDT.pdb	1.009E+00	9.746E-01	9.746E-01	60.200	88	88	88
Q9KJB1_Q75_lDDT	B3SU2_Q75_lDDT.pdb	9.985E-01	9.873E-01	9.656E-01	46.500	88	88	90
Q9KJB1_Q75_lDDT	Q9K578_Q75_lDDT.pdb	9.965E-01	9.854E-01	9.638E-01	51.100	88	88	90
Q9KJB1_Q75_lDDT	AF-Q89GW5-F1-model_v4_Q75_lDDT.pdb	9.922E-01	9.811E-01	9.703E-01	46.500	88	88	89
Q9KJB1_Q75_lDDT	AF-A8GGW7-F1-model_v4_Q75_lDDT.pdb	9.862E-01	9.753E-01	9.646E-01	39.700	88	88	89
Q9KJB1_Q75_lDDT	Q8KKG1_Q75_lDDT.pdb	9.876E-01	9.766E-01	9.554E-01	35.200	88	88	90
Q9KJB1_Q75_lDDT	B5L5W3_Q75_lDDT.pdb	9.891E-01	9.561E-01	9.669E-01	45.400	88	88	87
Q9KJB1_Q75_lDDT	B5L5V2_Q75_lDDT.pdb	9.917E-01	9.585E-01	9.585E-01	53.400	88	88	88
Q9KJB1_Q75_lDDT	MBL1b_Q75_lDDT.pdb	9.822E-01	9.713E-01	9.503E-01	35.200	88	88	90
Q9KJB1_Q75_lDDT	A0A386JBC5_Q75_lDDT.pdb	9.861E-01	9.642E-01	9.536E-01	37.500	88	88	89
Q9KJB1_Q75_lDDT	A0A0C5LDH9_Q75_lDDT.pdb	9.853E-01	9.634E-01	9.529E-01	34.000	88	88	89
Q9KJB1_Q75_lDDT	AF-A0A1L6K5Z9-F1-model_v4_Q75_lDDT.pdb	9.850E-01	9.631E-01	9.526E-01	35.200	88	88	89
Q9KJB1_Q75_lDDT	A0A0C5LQ34_Q75_lDDT.pdb	9.836E-01	9.618E-01	9.513E-01	42.000	88	88	89
Q9KJB1_Q75_lDDT	AF-Q9AEF9-F1-model_v4_Q75_lDDT.pdb	9.759E-01	9.651E-01	9.441E-01	32.500	88	89	90
Q9KJB1_Q75_lDDT	A0A059Q5E8_Q75_lDDT.pdb	9.833E-01	9.616E-01	9.510E-01	34.000	88	88	89
Q9KJB1_Q75_lDDT	AF-K4GMK0-F1-model_v4_Q75_lDDT.pdb	9.745E-01	9.637E-01	9.428E-01	32.500	88	89	90
Q9KJB1_Q75_lDDT	AF-K4GMG4-F1-model_v4_Q75_lDDT.pdb	9.807E-01	9.591E-01	9.486E-01	34.000	88	88	89
Q9KJB1_Q75_lDDT	AF-A0A1L6K5Y8-F1-model_v4_Q75_lDDT.pdb	9.721E-01	9.613E-01	9.405E-01	33.700	88	89	90
Q9KJB1_Q75_lDDT	B5L5V3_Q75_lDDT.pdb	9.784E-01	9.568E-01	9.464E-01	36.300	88	88	89
Q9KJB1_Q75_lDDT	AF-K4GMF9-F1-model_v4_Q75_lDDT.pdb	9.705E-01	9.598E-01	9.391E-01	33.700	88	89	90
Q9KJB1_Q75_lDDT	AF-K4GMG9-F1-model_v6_Q75_lDDT.pdb	9.705E-01	9.598E-01	9.390E-01	33.700	88	89	90
Q9KJB1_Q75_lDDT	NWM_Q75_lDDT.pdb	9.705E-01	9.598E-01	9.390E-01	31.400	88	89	90
Q9KJB1_Q75_lDDT	B5L5V0_Q75_lDDT.pdb	9.705E-01	9.598E-01	9.391E-01	32.500	88	89	90
Q9KJB1_Q75_lDDT	ECM-1_Q75_lDDT.pdb	9.695E-01	9.588E-01	9.381E-01	30.300	88	89	90
Q9KJB1_Q75_lDDT	B5DCA0_Q75_lDDT.pdb	9.746E-01	9.532E-01	9.428E-01	34.000	88	88	89
Q9KJB1_Q75_lDDT	G5ELM3_Q75_lDDT.pdb	9.744E-01	9.530E-01	9.427E-01	28.400	88	88	89
Q9KJB1_Q75_lDDT	PJM-1_Q75_lDDT.pdb	9.742E-01	9.529E-01	9.425E-01	31.800	88	88	89
Q9KJB1_Q75_lDDT	AF-A0A1L5BQA7-F1-model_v4_Q75_lDDT.pdb	9.780E-01	9.457E-01	9.457E-01	37.500	88	88	88
Q9KJB1_Q75_lDDT	AF-A0A1L6K5X8-F1-model_v4_Q75_lDDT.pdb	9.636E-01	9.532E-01	9.429E-01	29.500	88	88	89
Q9KJB1_Q75_lDDT	U3U4Q6_Q75_lDDT.pdb	9.657E-01	9.552E-01	9.348E-01	30.600	88	88	90
Q9KJB1_Q75_lDDT	AF-A0A4D6P0I4-F1-model_v4_Q75_lDDT.pdb	9.652E-01	9.546E-01	9.343E-01	28.400	88	88	90
Q9KJB1_Q75_lDDT	AF-A0A0D6SYW3-F1-model_v4_Q75_lDDT.pdb	9.651E-01	9.546E-01	9.343E-01	28.400	88	88	90
Q9KJB1_Q75_lDDT	Q9JRP7_Q75_lDDT.pdb	9.520E-01	9.417E-01	9.316E-01	26.100	88	88	89
Q9KJB1_Q75_lDDT	AF-Q6D395-F1-model_v4_Q75_lDDT.pdb	9.657E-01	9.342E-01	9.342E-01	36.300	88	88	88
Q9KJB1_Q75_lDDT	GRD33_Q75_lDDT.pdb	9.530E-01	9.426E-01	9.226E-01	33.700	88	89	90
Q9KJB1_Q75_lDDT	AF-A0A1L6K5Z8-F1-model_v4_Q75_lDDT.pdb	9.520E-01	9.417E-01	9.217E-01	31.400	88	89	90
Q9KJB1_Q75_lDDT	B3SU1_Q75_lDDT.pdb	9.574E-01	9.262E-01	9.262E-01	29.500	88	88	88
AF-K4GMG9-F1-model_v6_Q75_lDDT	AF-K4GMG9-F1-model_v6_Q75_lDDT.pdb	1.011E+00	1.000E+00	1.000E+00	100.000	90	90	90
AF-K4GMG9-F1-model_v6_Q75_lDDT	AF-K4GMF9-F1-model_v4_Q75_lDDT.pdb	9.970E-01	9.753E-01	9.753E-01	74.100	90	89	90
AF-K4GMG9-F1-model_v6_Q75_lDDT	ECM-1_Q75_lDDT.pdb	1.006E+00	9.726E-01	9.726E-01	70.400	90	88	90
AF-K4GMG9-F1-model_v6_Q75_lDDT	AF-K4GMK0-F1-model_v4_Q75_lDDT.pdb	9.982E-01	9.653E-01	9.653E-01	55.600	90	88	90
AF-K4GMG9-F1-model_v6_Q75_lDDT	AF-A0A1L6K5Z9-F1-model_v4_Q75_lDDT.pdb	9.987E-01	9.548E-01	9.654E-01	55.600	90	88	89
AF-K4GMG9-F1-model_v6_Q75_lDDT	AF-K4GMG4-F1-model_v4_Q75_lDDT.pdb	9.978E-01	9.540E-01	9.646E-01	53.400	90	88	89
AF-K4GMG9-F1-model_v6_Q75_lDDT	AF-Q9AEF9-F1-model_v4_Q75_lDDT.pdb	9.938E-01	9.612E-01	9.612E-01	47.700	90	88	90
AF-K4GMG9-F1-model_v6_Q75_lDDT	NWM_Q75_lDDT.pdb	9.933E-01	9.607E-01	9.607E-01	53.400	90	88	90
AF-K4GMG9-F1-model_v6_Q75_lDDT	A0A386JBC5_Q75_lDDT.pdb	9.927E-01	9.492E-01	9.597E-01	53.400	90	88	89
AF-K4GMG9-F1-model_v6_Q75_lDDT	AF-A0A1L6K5Y8-F1-model_v4_Q75_lDDT.pdb	9.873E-01	9.551E-01	9.551E-01	45.400	90	88	90
AF-K4GMG9-F1-model_v6_Q75_lDDT	B5L5V0_Q75_lDDT.pdb	9.866E-01	9.544E-01	9.544E-01	44.300	90	88	90
AF-K4GMG9-F1-model_v6_Q75_lDDT	AF-A8GGW7-F1-model_v4_Q75_lDDT.pdb	9.782E-01	9.463E-01	9.567E-01	41.500	90	89	89
AF-K4GMG9-F1-model_v6_Q75_lDDT	G5ELM3_Q75_lDDT.pdb	9.885E-01	9.455E-01	9.559E-01	44.300	90	88	89
AF-K4GMG9-F1-model_v6_Q75_lDDT	A0A0C5LQ34_Q75_lDDT.pdb	9.856E-01	9.423E-01	9.528E-01	43.800	90	89	89
AF-K4GMG9-F1-model_v6_Q75_lDDT	Q8KKG1_Q75_lDDT.pdb	9.804E-01	9.483E-01	9.483E-01	37.000	90	89	90
AF-K4GMG9-F1-model_v6_Q75_lDDT	A0A0C5LDH9_Q75_lDDT.pdb	9.869E-01	9.440E-01	9.544E-01	45.400	90	88	89
AF-K4GMG9-F1-model_v6_Q75_lDDT	AF-A0A1L6K5Z8-F1-model_v4_Q75_lDDT.pdb	9.816E-01	9.498E-01	9.498E-01	46.500	90	88	90
AF-K4GMG9-F1-model_v6_Q75_lDDT	GRD33_Q75_lDDT.pdb	9.816E-01	9.497E-01	9.497E-01	44.300	90	88	90
AF-K4GMG9-F1-model_v6_Q75_lDDT	A0A059Q5E8_Q75_lDDT.pdb	9.863E-01	9.435E-01	9.538E-01	47.700	90	88	89
AF-K4GMG9-F1-model_v6_Q75_lDDT	B5DCA0_Q75_lDDT.pdb	9.858E-01	9.430E-01	9.534E-01	46.500	90	88	89
AF-K4GMG9-F1-model_v6_Q75_lDDT	PJM-1_Q75_lDDT.pdb	9.854E-01	9.426E-01	9.529E-01	44.300	90	88	89
AF-K4GMG9-F1-model_v6_Q75_lDDT	Q9K578_Q75_lDDT.pdb	9.780E-01	9.461E-01	9.461E-01	34.800	90	89	90
AF-K4GMG9-F1-model_v6_Q75_lDDT	Q9KJB1_Q75_lDDT.pdb	9.705E-01	9.390E-01	9.598E-01	33.700	90	89	88
AF-K4GMG9-F1-model_v6_Q75_lDDT	Q9KJB6_Q75_lDDT.pdb	9.701E-01	9.387E-01	9.594E-01	31.400	90	89	88
AF-K4GMG9-F1-model_v6_Q75_lDDT	Q9KJB3_Q75_lDDT.pdb	9.698E-01	9.384E-01	9.591E-01	31.400	90	89	88
AF-K4GMG9-F1-model_v6_Q75_lDDT	Q9KJB4_Q75_lDDT.pdb	9.696E-01	9.382E-01	9.589E-01	32.500	90	89	88
AF-K4GMG9-F1-model_v6_Q75_lDDT	Q9KJB5_Q75_lDDT.pdb	9.695E-01	9.381E-01	9.588E-01	32.500	90	89	88
AF-K4GMG9-F1-model_v6_Q75_lDDT	Q9KJB2_Q75_lDDT.pdb	9.691E-01	9.377E-01	9.584E-01	30.300	90	89	88
AF-K4GMG9-F1-model_v6_Q75_lDDT	AF-A0A1L6K5X8-F1-model_v4_Q75_lDDT.pdb	9.722E-01	9.407E-01	9.510E-01	38.200	90	89	89
AF-K4GMG9-F1-model_v6_Q75_lDDT	A0A0C5LDD9_Q75_lDDT.pdb	9.757E-01	9.439E-01	9.439E-01	26.900	90	89	90
AF-K4GMG9-F1-model_v6_Q75_lDDT	MBL1b_Q75_lDDT.pdb	9.757E-01	9.439E-01	9.439E-01	37.000	90	89	90
AF-K4GMG9-F1-model_v6_Q75_lDDT	A0A0C5LDD5_Q75_lDDT.pdb	9.718E-01	9.403E-01	9.506E-01	24.700	90	89	89
AF-K4GMG9-F1-model_v6_Q75_lDDT	B5L5V9_Q75_lDDT.pdb	9.868E-01	9.332E-01	9.539E-01	30.600	90	88	88
AF-K4GMG9-F1-model_v6_Q75_lDDT	A0A0C5LQ44_Q75_lDDT.pdb	9.708E-01	9.393E-01	9.496E-01	26.900	90	89	89
AF-K4GMG9-F1-model_v6_Q75_lDDT	B3SU2_Q75_lDDT.pdb	9.744E-01	9.427E-01	9.427E-01	37.000	90	89	90
AF-K4GMG9-F1-model_v6_Q75_lDDT	AF-A0A0D0GMS0-F1-model_v4_Q75_lDDT.pdb	9.741E-01	9.424E-01	9.424E-01	28.000	90	89	90
AF-K4GMG9-F1-model_v6_Q75_lDDT	Q6DTJ0_Q75_lDDT.pdb	9.699E-01	9.384E-01	9.487E-01	31.400	90	89	89
AF-K4GMG9-F1-model_v6_Q75_lDDT	B5L5X0_Q75_lDDT.pdb	9.735E-01	9.418E-01	9.418E-01	24.700	90	89	90
AF-K4GMG9-F1-model_v6_Q75_lDDT	Q6DTI9_Q75_lDDT.pdb	9.698E-01	9.384E-01	9.486E-01	32.500	90	89	89
AF-K4GMG9-F1-model_v6_Q75_lDDT	Q9RB00_Q75_lDDT.pdb	9.698E-01	9.384E-01	9.486E-01	31.400	90	89	89
AF-K4GMG9-F1-model_v6_Q75_lDDT	AF-A0A1L5BQA7-F1-model_v4_Q75_lDDT.pdb	9.844E-01	9.310E-01	9.517E-01	39.700	90	88	88
AF-K4GMG9-F1-model_v6_Q75_lDDT	Q6V8J2_Q75_lDDT.pdb	9.695E-01	9.381E-01	9.483E-01	32.500	90	89	89
AF-K4GMG9-F1-model_v6_Q75_lDDT	A0A0C5L392_Q75_lDDT.pdb	9.695E-01	9.381E-01	9.483E-01	29.200	90	89	89
AF-K4GMG9-F1-model_v6_Q75_lDDT	B5L5V5_Q75_lDDT.pdb	9.729E-01	9.413E-01	9.413E-01	24.700	90	89	90
AF-K4GMG9-F1-model_v6_Q75_lDDT	Q6DTI7_Q75_lDDT.pdb	9.691E-01	9.377E-01	9.479E-01	32.500	90	89	89
AF-K4GMG9-F1-model_v6_Q75_lDDT	Q4JRB6_Q75_lDDT.pdb	9.688E-01	9.374E-01	9.476E-01	31.400	90	89	89
AF-K4GMG9-F1-model_v6_Q75_lDDT	Q5EEU4_Q75_lDDT.pdb	9.687E-01	9.373E-01	9.475E-01	32.500	90	89	89
AF-K4GMG9-F1-model_v6_Q75_lDDT	B5L5V3_Q75_lDDT.pdb	9.781E-01	9.359E-01	9.461E-01	42.000	90	88	89
AF-K4GMG9-F1-model_v6_Q75_lDDT	Q6DTI4_Q75_lDDT.pdb	9.691E-01	9.377E-01	9.377E-01	32.500	90	89	90
AF-K4GMG9-F1-model_v6_Q75_lDDT	Q6DTI8_Q75_lDDT.pdb	9.691E-01	9.377E-01	9.377E-01	32.500	90	89	90
AF-K4GMG9-F1-model_v6_Q75_lDDT	Q6DTI5_Q75_lDDT.pdb	9.690E-01	9.376E-01	9.376E-01	32.500	90	89	90
AF-K4GMG9-F1-model_v6_Q75_lDDT	Q5S4Q5_Q75_lDDT.pdb	9.689E-01	9.375E-01	9.375E-01	32.500	90	89	90
AF-K4GMG9-F1-model_v6_Q75_lDDT	AF-A0A4D6P0I4-F1-model_v4_Q75_lDDT.pdb	9.672E-01	9.360E-01	9.360E-01	48.300	90	89	90
AF-K4GMG9-F1-model_v6_Q75_lDDT	AF-A0A0D6SYW3-F1-model_v4_Q75_lDDT.pdb	9.669E-01	9.356E-01	9.356E-01	48.300	90	89	90
AF-K4GMG9-F1-model_v6_Q75_lDDT	U3U4Q6_Q75_lDDT.pdb	9.621E-01	9.312E-01	9.312E-01	48.300	90	89	90
AF-K4GMG9-F1-model_v6_Q75_lDDT	B5L5V2_Q75_lDDT.pdb	9.721E-01	9.199E-01	9.401E-01	35.200	90	88	88
AF-K4GMG9-F1-model_v6_Q75_lDDT	AF-Q89GW5-F1-model_v4_Q75_lDDT.pdb	9.559E-01	9.254E-01	9.353E-01	42.600	90	89	89
AF-K4GMG9-F1-model_v6_Q75_lDDT	B3SU1_Q75_lDDT.pdb	9.666E-01	9.146E-01	9.347E-01	48.800	90	88	88
AF-K4GMG9-F1-model_v6_Q75_lDDT	B5L5W3_Q75_lDDT.pdb	9.652E-01	9.137E-01	9.439E-01	29.500	90	88	87
AF-K4GMG9-F1-model_v6_Q75_lDDT	AF-Q6D395-F1-model_v4_Q75_lDDT.pdb	9.681E-01	9.164E-01	9.364E-01	40.900	90	88	88
AF-K4GMG9-F1-model_v6_Q75_lDDT	Q9JRP7_Q75_lDDT.pdb	9.456E-01	9.154E-01	9.252E-01	39.300	90	89	89
B3SU2_Q75_lDDT	B3SU2_Q75_lDDT.pdb	1.011E+00	1.000E+00	1.000E+00	100.000	90	90	90
B3SU2_Q75_lDDT	Q9K578_Q75_lDDT.pdb	1.007E+00	9.734E-01	9.734E-01	73.800	90	88	90
B3SU2_Q75_lDDT	Q9KJB6_Q75_lDDT.pdb	9.990E-01	9.661E-01	9.878E-01	47.700	90	88	88
B3SU2_Q75_lDDT	Q9KJB5_Q75_lDDT.pdb	9.988E-01	9.659E-01	9.876E-01	47.700	90	88	88
B3SU2_Q75_lDDT	Q9KJB3_Q75_lDDT.pdb	9.988E-01	9.659E-01	9.875E-01	46.500	90	88	88
B3SU2_Q75_lDDT	Q9KJB1_Q75_lDDT.pdb	9.985E-01	9.656E-01	9.873E-01	46.500	90	88	88
B3SU2_Q75_lDDT	Q9KJB4_Q75_lDDT.pdb	9.983E-01	9.654E-01	9.871E-01	48.800	90	88	88
B3SU2_Q75_lDDT	Q9KJB2_Q75_lDDT.pdb	9.977E-01	9.649E-01	9.865E-01	47.700	90	88	88
B3SU2_Q75_lDDT	A0A0C5L392_Q75_lDDT.pdb	9.998E-01	9.668E-01	9.776E-01	47.700	90	88	89
B3SU2_Q75_lDDT	Q5EEU4_Q75_lDDT.pdb	9.995E-01	9.666E-01	9.773E-01	47.700	90	88	89
B3SU2_Q75_lDDT	A0A0C5LDD5_Q75_lDDT.pdb	9.993E-01	9.663E-01	9.771E-01	50.000	90	88	89
B3SU2_Q75_lDDT	Q6DTI9_Q75_lDDT.pdb	9.989E-01	9.660E-01	9.767E-01	47.700	90	88	89
B3SU2_Q75_lDDT	Q6DTJ0_Q75_lDDT.pdb	9.988E-01	9.659E-01	9.766E-01	47.700	90	88	89
B3SU2_Q75_lDDT	Q4JRB6_Q75_lDDT.pdb	9.988E-01	9.659E-01	9.766E-01	50.000	90	88	89
B3SU2_Q75_lDDT	Q6V8J2_Q75_lDDT.pdb	9.988E-01	9.659E-01	9.766E-01	47.700	90	88	89
B3SU2_Q75_lDDT	Q6DTI7_Q75_lDDT.pdb	9.987E-01	9.659E-01	9.766E-01	48.800	90	88	89
B3SU2_Q75_lDDT	AF-A0A0D0GMS0-F1-model_v4_Q75_lDDT.pdb	1.002E+00	9.693E-01	9.693E-01	59.000	90	88	90
B3SU2_Q75_lDDT	Q9RB00_Q75_lDDT.pdb	9.982E-01	9.654E-01	9.761E-01	48.800	90	88	89
B3SU2_Q75_lDDT	A0A0C5LQ44_Q75_lDDT.pdb	9.982E-01	9.653E-01	9.760E-01	52.200	90	88	89
B3SU2_Q75_lDDT	A0A0C5LDD9_Q75_lDDT.pdb	1.002E+00	9.687E-01	9.687E-01	55.600	90	88	90
B3SU2_Q75_lDDT	B5L5X0_Q75_lDDT.pdb	1.001E+00	9.680E-01	9.680E-01	51.100	90	88	90
B3SU2_Q75_lDDT	Q5S4Q5_Q75_lDDT.pdb	9.991E-01	9.662E-01	9.662E-01	48.800	90	88	90
B3SU2_Q75_lDDT	Q6DTI4_Q75_lDDT.pdb	9.987E-01	9.658E-01	9.658E-01	48.800	90	88	90
B3SU2_Q75_lDDT	Q6DTI5_Q75_lDDT.pdb	9.987E-01	9.658E-01	9.658E-01	48.800	90	88	90
B3SU2_Q75_lDDT	Q6DTI8_Q75_lDDT.pdb	9.986E-01	9.657E-01	9.657E-01	50.000	90	88	90
B3SU2_Q75_lDDT	B5L5V5_Q75_lDDT.pdb	9.985E-01	9.657E-01	9.657E-01	48.800	90	88	90
B3SU2_Q75_lDDT	B5L5V9_Q75_lDDT.pdb	1.003E+00	9.476E-01	9.690E-01	55.600	90	88	88
B3SU2_Q75_lDDT	AF-Q89GW5-F1-model_v4_Q75_lDDT.pdb	9.823E-01	9.505E-01	9.609E-01	51.100	90	88	89
B3SU2_Q75_lDDT	Q8KKG1_Q75_lDDT.pdb	9.850E-01	9.530E-01	9.530E-01	44.300	90	88	90
B3SU2_Q75_lDDT	AF-A8GGW7-F1-model_v4_Q75_lDDT.pdb	9.816E-01	9.498E-01	9.602E-01	38.600	90	88	89
B3SU2_Q75_lDDT	A0A0C5LDH9_Q75_lDDT.pdb	9.856E-01	9.428E-01	9.532E-01	46.500	90	88	89
B3SU2_Q75_lDDT	A0A386JBC5_Q75_lDDT.pdb	9.846E-01	9.419E-01	9.522E-01	40.900	90	88	89
B3SU2_Q75_lDDT	MBL1b_Q75_lDDT.pdb	9.801E-01	9.484E-01	9.484E-01	44.300	90	88	90
B3SU2_Q75_lDDT	A0A0C5LQ34_Q75_lDDT.pdb	9.826E-01	9.400E-01	9.503E-01	52.200	90	88	89
B3SU2_Q75_lDDT	AF-A0A1L6K5Z9-F1-model_v4_Q75_lDDT.pdb	9.825E-01	9.400E-01	9.503E-01	43.100	90	88	89
B3SU2_Q75_lDDT	AF-K4GMF9-F1-model_v4_Q75_lDDT.pdb	9.748E-01	9.431E-01	9.431E-01	39.300	90	89	90
B3SU2_Q75_lDDT	AF-Q9AEF9-F1-model_v4_Q75_lDDT.pdb	9.747E-01	9.430E-01	9.430E-01	43.800	90	89	90
B3SU2_Q75_lDDT	AF-K4GMG9-F1-model_v6_Q75_lDDT.pdb	9.744E-01	9.427E-01	9.427E-01	37.000	90	89	90
B3SU2_Q75_lDDT	AF-K4GMK0-F1-model_v4_Q75_lDDT.pdb	9.735E-01	9.419E-01	9.419E-01	44.900	90	89	90
B3SU2_Q75_lDDT	ECM-1_Q75_lDDT.pdb	9.730E-01	9.414E-01	9.414E-01	37.000	90	89	90
B3SU2_Q75_lDDT	A0A059Q5E8_Q75_lDDT.pdb	9.792E-01	9.370E-01	9.472E-01	40.900	90	88	89
B3SU2_Q75_lDDT	AF-A0A1L6K5X8-F1-model_v4_Q75_lDDT.pdb	9.705E-01	9.394E-01	9.495E-01	35.200	90	88	89
B3SU2_Q75_lDDT	B5L5W3_Q75_lDDT.pdb	9.779E-01	9.252E-01	9.561E-01	42.000	90	88	87
B3SU2_Q75_lDDT	B5L5V2_Q75_lDDT.pdb	9.814E-01	9.283E-01	9.489E-01	47.700	90	88	88
B3SU2_Q75_lDDT	NWM_Q75_lDDT.pdb	9.704E-01	9.390E-01	9.390E-01	35.900	90	89	90
B3SU2_Q75_lDDT	AF-K4GMG4-F1-model_v4_Q75_lDDT.pdb	9.773E-01	9.352E-01	9.454E-01	39.700	90	88	89
B3SU2_Q75_lDDT	B5L5V3_Q75_lDDT.pdb	9.770E-01	9.349E-01	9.451E-01	44.300	90	88	89
B3SU2_Q75_lDDT	AF-A0A1L6K5Y8-F1-model_v4_Q75_lDDT.pdb	9.689E-01	9.376E-01	9.376E-01	42.600	90	89	90
B3SU2_Q75_lDDT	B5L5V0_Q75_lDDT.pdb	9.684E-01	9.371E-01	9.371E-01	40.400	90	89	90
B3SU2_Q75_lDDT	AF-A0A1L5BQA7-F1-model_v4_Q75_lDDT.pdb	9.790E-01	9.263E-01	9.467E-01	42.000	90	88	88
B3SU2_Q75_lDDT	G5ELM3_Q75_lDDT.pdb	9.743E-01	9.325E-01	9.426E-01	43.100	90	88	89
B3SU2_Q75_lDDT	B5DCA0_Q75_lDDT.pdb	9.747E-01	9.329E-01	9.430E-01	37.500	90	88	89
B3SU2_Q75_lDDT	PJM-1_Q75_lDDT.pdb	9.745E-01	9.327E-01	9.428E-01	38.600	90	88	89
B3SU2_Q75_lDDT	AF-A0A0D6SYW3-F1-model_v4_Q75_lDDT.pdb	9.693E-01	9.382E-01	9.382E-01	37.500	90	88	90
B3SU2_Q75_lDDT	AF-A0A4D6P0I4-F1-model_v4_Q75_lDDT.pdb	9.693E-01	9.382E-01	9.382E-01	37.500	90	88	90
B3SU2_Q75_lDDT	U3U4Q6_Q75_lDDT.pdb	9.663E-01	9.354E-01	9.354E-01	35.200	90	88	90
B3SU2_Q75_lDDT	Q9JRP7_Q75_lDDT.pdb	9.566E-01	9.259E-01	9.359E-01	32.900	90	88	89
B3SU2_Q75_lDDT	GRD33_Q75_lDDT.pdb	9.572E-01	9.265E-01	9.265E-01	35.900	90	89	90
B3SU2_Q75_lDDT	AF-A0A1L6K5Z8-F1-model_v4_Q75_lDDT.pdb	9.566E-01	9.259E-01	9.259E-01	37.000	90	89	90
B3SU2_Q75_lDDT	AF-Q6D395-F1-model_v4_Q75_lDDT.pdb	9.654E-01	9.140E-01	9.339E-01	34.000	90	88	88
B3SU2_Q75_lDDT	B3SU1_Q75_lDDT.pdb	9.523E-01	9.020E-01	9.214E-01	35.200	90	88	88
B5L5V9_Q75_lDDT	B5L5V9_Q75_lDDT.pdb	1.011E+00	1.000E+00	1.000E+00	100.000	88	88	88
B5L5V9_Q75_lDDT	Q9KJB1_Q75_lDDT.pdb	1.009E+00	9.746E-01	9.746E-01	60.200	88	88	88
B5L5V9_Q75_lDDT	Q9KJB6_Q75_lDDT.pdb	1.009E+00	9.745E-01	9.745E-01	60.200	88	88	88
B5L5V9_Q75_lDDT	Q9KJB5_Q75_lDDT.pdb	1.009E+00	9.744E-01	9.744E-01	62.500	88	88	88
B5L5V9_Q75_lDDT	Q9KJB3_Q75_lDDT.pdb	1.009E+00	9.744E-01	9.744E-01	61.300	88	88	88
B5L5V9_Q75_lDDT	Q9KJB4_Q75_lDDT.pdb	1.009E+00	9.743E-01	9.743E-01	60.200	88	88	88
B5L5V9_Q75_lDDT	Q9KJB2_Q75_lDDT.pdb	1.008E+00	9.735E-01	9.735E-01	59.000	88	88	88
B5L5V9_Q75_lDDT	Q5EEU4_Q75_lDDT.pdb	1.001E+00	9.785E-01	9.676E-01	60.600	88	89	89
B5L5V9_Q75_lDDT	A0A0C5L392_Q75_lDDT.pdb	9.999E-01	9.773E-01	9.664E-01	59.500	88	89	89
B5L5V9_Q75_lDDT	Q6DTJ0_Q75_lDDT.pdb	1.000E+00	9.774E-01	9.665E-01	61.700	88	89	89
B5L5V9_Q75_lDDT	Q4JRB6_Q75_lDDT.pdb	9.999E-01	9.773E-01	9.664E-01	59.500	88	89	89
B5L5V9_Q75_lDDT	Q6DTI9_Q75_lDDT.pdb	9.995E-01	9.769E-01	9.660E-01	61.700	88	89	89
B5L5V9_Q75_lDDT	Q6V8J2_Q75_lDDT.pdb	9.995E-01	9.769E-01	9.660E-01	61.700	88	89	89
B5L5V9_Q75_lDDT	Q6DTI7_Q75_lDDT.pdb	9.995E-01	9.769E-01	9.660E-01	61.700	88	89	89
B5L5V9_Q75_lDDT	Q9RB00_Q75_lDDT.pdb	9.990E-01	9.764E-01	9.655E-01	59.500	88	89	89
B5L5V9_Q75_lDDT	A0A0C5LDD5_Q75_lDDT.pdb	1.008E+00	9.738E-01	9.629E-01	60.200	88	88	89
B5L5V9_Q75_lDDT	A0A0C5LQ44_Q75_lDDT.pdb	1.008E+00	9.738E-01	9.629E-01	59.000	88	88	89
B5L5V9_Q75_lDDT	A0A0C5LDD9_Q75_lDDT.pdb	1.010E+00	9.757E-01	9.540E-01	68.100	88	88	90
B5L5V9_Q75_lDDT	Q6DTI8_Q75_lDDT.pdb	9.988E-01	9.763E-01	9.547E-01	60.000	88	90	90
B5L5V9_Q75_lDDT	AF-A0A0D0GMS0-F1-model_v4_Q75_lDDT.pdb	1.010E+00	9.752E-01	9.536E-01	73.800	88	88	90
B5L5V9_Q75_lDDT	B5L5X0_Q75_lDDT.pdb	1.009E+00	9.749E-01	9.533E-01	67.000	88	88	90
B5L5V9_Q75_lDDT	Q5S4Q5_Q75_lDDT.pdb	1.009E+00	9.745E-01	9.529E-01	62.500	88	88	90
B5L5V9_Q75_lDDT	B5L5V5_Q75_lDDT.pdb	1.009E+00	9.745E-01	9.529E-01	68.100	88	88	90
B5L5V9_Q75_lDDT	Q6DTI4_Q75_lDDT.pdb	1.009E+00	9.744E-01	9.528E-01	62.500	88	88	90
B5L5V9_Q75_lDDT	Q6DTI5_Q75_lDDT.pdb	1.009E+00	9.744E-01	9.528E-01	62.500	88	88	90
B5L5V9_Q75_lDDT	B3SU2_Q75_lDDT.pdb	1.003E+00	9.690E-01	9.476E-01	55.600	88	88	90
B5L5V9_Q75_lDDT	Q9K578_Q75_lDDT.pdb	1.000E+00	9.666E-01	9.454E-01	46.500	88	88	90
B5L5V9_Q75_lDDT	B5L5V2_Q75_lDDT.pdb	9.813E-01	9.595E-01	9.595E-01	50.500	88	87	88
B5L5V9_Q75_lDDT	B5L5W3_Q75_lDDT.pdb	9.864E-01	9.535E-01	9.642E-01	46.500	88	86	87
B5L5V9_Q75_lDDT	A0A0C5LDH9_Q75_lDDT.pdb	9.888E-01	9.558E-01	9.453E-01	42.500	88	87	89
B5L5V9_Q75_lDDT	A0A386JBC5_Q75_lDDT.pdb	9.883E-01	9.553E-01	9.448E-01	40.200	88	87	89
B5L5V9_Q75_lDDT	AF-Q89GW5-F1-model_v4_Q75_lDDT.pdb	9.881E-01	9.551E-01	9.446E-01	44.300	88	88	89
B5L5V9_Q75_lDDT	AF-A0A1L6K5Z9-F1-model_v4_Q75_lDDT.pdb	9.878E-01	9.549E-01	9.444E-01	37.900	88	87	89
B5L5V9_Q75_lDDT	Q8KKG1_Q75_lDDT.pdb	9.904E-01	9.573E-01	9.365E-01	38.600	88	88	90
B5L5V9_Q75_lDDT	A0A0C5LQ34_Q75_lDDT.pdb	9.867E-01	9.538E-01	9.433E-01	42.500	88	87	89
B5L5V9_Q75_lDDT	AF-A8GGW7-F1-model_v4_Q75_lDDT.pdb	9.867E-01	9.539E-01	9.434E-01	39.700	88	88	89
B5L5V9_Q75_lDDT	AF-Q9AEF9-F1-model_v4_Q75_lDDT.pdb	9.899E-01	9.568E-01	9.360E-01	37.500	88	88	90
B5L5V9_Q75_lDDT	AF-K4GMK0-F1-model_v4_Q75_lDDT.pdb	9.895E-01	9.565E-01	9.357E-01	36.300	88	88	90
B5L5V9_Q75_lDDT	AF-A0A1L5BQA7-F1-model_v4_Q75_lDDT.pdb	9.819E-01	9.493E-01	9.493E-01	34.800	88	86	88
B5L5V9_Q75_lDDT	A0A059Q5E8_Q75_lDDT.pdb	9.847E-01	9.520E-01	9.416E-01	40.200	88	87	89
B5L5V9_Q75_lDDT	AF-K4GMG4-F1-model_v4_Q75_lDDT.pdb	9.838E-01	9.511E-01	9.407E-01	41.300	88	87	89
B5L5V9_Q75_lDDT	AF-K4GMF9-F1-model_v4_Q75_lDDT.pdb	9.871E-01	9.542E-01	9.334E-01	34.000	88	88	90
B5L5V9_Q75_lDDT	AF-K4GMG9-F1-model_v6_Q75_lDDT.pdb	9.868E-01	9.539E-01	9.332E-01	30.600	88	88	90
B5L5V9_Q75_lDDT	ECM-1_Q75_lDDT.pdb	9.855E-01	9.527E-01	9.320E-01	28.400	88	88	90
B5L5V9_Q75_lDDT	AF-A0A1L6K5Y8-F1-model_v4_Q75_lDDT.pdb	9.848E-01	9.520E-01	9.314E-01	37.500	88	88	90
B5L5V9_Q75_lDDT	MBL1b_Q75_lDDT.pdb	9.845E-01	9.518E-01	9.312E-01	38.600	88	88	90
B5L5V9_Q75_lDDT	NWM_Q75_lDDT.pdb	9.838E-01	9.511E-01	9.305E-01	39.700	88	88	90
B5L5V9_Q75_lDDT	B5L5V3_Q75_lDDT.pdb	9.797E-01	9.473E-01	9.370E-01	39.000	88	87	89
B5L5V9_Q75_lDDT	B5L5V0_Q75_lDDT.pdb	9.835E-01	9.509E-01	9.303E-01	37.500	88	88	90
B5L5V9_Q75_lDDT	G5ELM3_Q75_lDDT.pdb	9.787E-01	9.464E-01	9.361E-01	40.200	88	87	89
B5L5V9_Q75_lDDT	B5DCA0_Q75_lDDT.pdb	9.772E-01	9.450E-01	9.347E-01	37.900	88	87	89
B5L5V9_Q75_lDDT	PJM-1_Q75_lDDT.pdb	9.768E-01	9.445E-01	9.343E-01	37.900	88	87	89
B5L5V9_Q75_lDDT	AF-A0A1L6K5X8-F1-model_v4_Q75_lDDT.pdb	9.687E-01	9.370E-01	9.268E-01	29.500	88	88	89
B5L5V9_Q75_lDDT	AF-Q6D395-F1-model_v4_Q75_lDDT.pdb	9.650E-01	9.335E-01	9.335E-01	32.500	88	86	88
B5L5V9_Q75_lDDT	GRD33_Q75_lDDT.pdb	9.684E-01	9.367E-01	9.167E-01	29.500	88	88	90
B5L5V9_Q75_lDDT	AF-A0A4D6P0I4-F1-model_v4_Q75_lDDT.pdb	9.675E-01	9.359E-01	9.159E-01	29.500	88	88	90
B5L5V9_Q75_lDDT	AF-A0A0D6SYW3-F1-model_v4_Q75_lDDT.pdb	9.675E-01	9.358E-01	9.158E-01	29.500	88	88	90
B5L5V9_Q75_lDDT	AF-A0A1L6K5Z8-F1-model_v4_Q75_lDDT.pdb	9.676E-01	9.360E-01	9.160E-01	28.400	88	88	90
B5L5V9_Q75_lDDT	B3SU1_Q75_lDDT.pdb	9.582E-01	9.270E-01	9.270E-01	37.200	88	86	88
B5L5V9_Q75_lDDT	U3U4Q6_Q75_lDDT.pdb	9.664E-01	9.348E-01	9.148E-01	29.500	88	88	90
B5L5V9_Q75_lDDT	Q9JRP7_Q75_lDDT.pdb	9.544E-01	9.232E-01	9.132E-01	26.100	88	88	89
MBL1b_Q75_lDDT	MBL1b_Q75_lDDT.pdb	1.011E+00	1.000E+00	1.000E+00	100.000	90	90	90
MBL1b_Q75_lDDT	Q8KKG1_Q75_lDDT.pdb	9.953E-01	9.844E-01	9.844E-01	97.700	90	90	90
MBL1b_Q75_lDDT	AF-A8GGW7-F1-model_v4_Q75_lDDT.pdb	9.893E-01	9.571E-01	9.676E-01	37.500	90	88	89
MBL1b_Q75_lDDT	A0A0C5LQ34_Q75_lDDT.pdb	9.940E-01	9.505E-01	9.610E-01	51.100	90	88	89
MBL1b_Q75_lDDT	Q9KJB1_Q75_lDDT.pdb	9.822E-01	9.503E-01	9.713E-01	35.200	90	88	88
MBL1b_Q75_lDDT	A0A0C5LDD9_Q75_lDDT.pdb	9.887E-01	9.564E-01	9.564E-01	34.000	90	88	90
MBL1b_Q75_lDDT	Q9KJB3_Q75_lDDT.pdb	9.811E-01	9.493E-01	9.703E-01	36.300	90	88	88
MBL1b_Q75_lDDT	Q9KJB6_Q75_lDDT.pdb	9.811E-01	9.493E-01	9.703E-01	37.500	90	88	88
MBL1b_Q75_lDDT	Q9KJB4_Q75_lDDT.pdb	9.810E-01	9.492E-01	9.702E-01	37.500	90	88	88
MBL1b_Q75_lDDT	Q9KJB2_Q75_lDDT.pdb	9.808E-01	9.490E-01	9.699E-01	35.200	90	88	88
MBL1b_Q75_lDDT	Q9KJB5_Q75_lDDT.pdb	9.805E-01	9.488E-01	9.697E-01	37.500	90	88	88
MBL1b_Q75_lDDT	A0A0C5LDD5_Q75_lDDT.pdb	9.837E-01	9.517E-01	9.622E-01	34.000	90	88	89
MBL1b_Q75_lDDT	A0A0C5LQ44_Q75_lDDT.pdb	9.834E-01	9.515E-01	9.619E-01	36.300	90	88	89
MBL1b_Q75_lDDT	Q9K578_Q75_lDDT.pdb	9.860E-01	9.539E-01	9.539E-01	38.600	90	88	90
MBL1b_Q75_lDDT	B5L5X0_Q75_lDDT.pdb	9.857E-01	9.536E-01	9.536E-01	35.200	90	88	90
MBL1b_Q75_lDDT	AF-A0A1L6K5X8-F1-model_v4_Q75_lDDT.pdb	9.817E-01	9.499E-01	9.603E-01	28.400	90	88	89
MBL1b_Q75_lDDT	B5L5V5_Q75_lDDT.pdb	9.856E-01	9.535E-01	9.535E-01	35.200	90	88	90
MBL1b_Q75_lDDT	AF-A0A0D0GMS0-F1-model_v4_Q75_lDDT.pdb	9.855E-01	9.535E-01	9.535E-01	37.500	90	88	90
MBL1b_Q75_lDDT	A0A0C5L392_Q75_lDDT.pdb	9.807E-01	9.490E-01	9.593E-01	34.000	90	88	89
MBL1b_Q75_lDDT	Q6V8J2_Q75_lDDT.pdb	9.806E-01	9.489E-01	9.592E-01	37.500	90	88	89
MBL1b_Q75_lDDT	Q9RB00_Q75_lDDT.pdb	9.806E-01	9.489E-01	9.592E-01	36.300	90	88	89
MBL1b_Q75_lDDT	Q6DTJ0_Q75_lDDT.pdb	9.806E-01	9.488E-01	9.592E-01	37.500	90	88	89
MBL1b_Q75_lDDT	Q6DTI7_Q75_lDDT.pdb	9.806E-01	9.488E-01	9.592E-01	37.500	90	88	89
MBL1b_Q75_lDDT	Q6DTI9_Q75_lDDT.pdb	9.806E-01	9.488E-01	9.592E-01	37.500	90	88	89
MBL1b_Q75_lDDT	Q5EEU4_Q75_lDDT.pdb	9.804E-01	9.486E-01	9.590E-01	37.500	90	88	89
MBL1b_Q75_lDDT	Q4JRB6_Q75_lDDT.pdb	9.802E-01	9.485E-01	9.588E-01	36.300	90	88	89
MBL1b_Q75_lDDT	AF-A0A1L6K5Z9-F1-model_v4_Q75_lDDT.pdb	9.879E-01	9.449E-01	9.553E-01	38.600	90	88	89
MBL1b_Q75_lDDT	AF-K4GMK0-F1-model_v4_Q75_lDDT.pdb	9.794E-01	9.474E-01	9.474E-01	43.800	90	89	90
MBL1b_Q75_lDDT	U3U4Q6_Q75_lDDT.pdb	9.823E-01	9.504E-01	9.504E-01	32.900	90	88	90
MBL1b_Q75_lDDT	AF-A0A4D6P0I4-F1-model_v4_Q75_lDDT.pdb	9.802E-01	9.484E-01	9.484E-01	35.200	90	88	90
MBL1b_Q75_lDDT	Q6DTI5_Q75_lDDT.pdb	9.803E-01	9.485E-01	9.485E-01	37.500	90	88	90
MBL1b_Q75_lDDT	Q6DTI4_Q75_lDDT.pdb	9.803E-01	9.485E-01	9.485E-01	37.500	90	88	90
MBL1b_Q75_lDDT	B3SU2_Q75_lDDT.pdb	9.801E-01	9.484E-01	9.484E-01	44.300	90	88	90
MBL1b_Q75_lDDT	Q6DTI8_Q75_lDDT.pdb	9.802E-01	9.485E-01	9.485E-01	36.300	90	88	90
MBL1b_Q75_lDDT	AF-A0A0D6SYW3-F1-model_v4_Q75_lDDT.pdb	9.800E-01	9.482E-01	9.482E-01	35.200	90	88	90
MBL1b_Q75_lDDT	Q5S4Q5_Q75_lDDT.pdb	9.800E-01	9.483E-01	9.483E-01	37.500	90	88	90
MBL1b_Q75_lDDT	A0A386JBC5_Q75_lDDT.pdb	9.839E-01	9.412E-01	9.515E-01	39.700	90	88	89
MBL1b_Q75_lDDT	AF-K4GMG4-F1-model_v4_Q75_lDDT.pdb	9.831E-01	9.405E-01	9.508E-01	37.500	90	88	89
MBL1b_Q75_lDDT	AF-K4GMG9-F1-model_v6_Q75_lDDT.pdb	9.757E-01	9.439E-01	9.439E-01	37.000	90	89	90
MBL1b_Q75_lDDT	G5ELM3_Q75_lDDT.pdb	9.827E-01	9.402E-01	9.505E-01	43.100	90	88	89
MBL1b_Q75_lDDT	PJM-1_Q75_lDDT.pdb	9.823E-01	9.398E-01	9.501E-01	37.500	90	88	89
MBL1b_Q75_lDDT	AF-Q9AEF9-F1-model_v4_Q75_lDDT.pdb	9.749E-01	9.432E-01	9.432E-01	46.000	90	89	90
MBL1b_Q75_lDDT	B5L5V9_Q75_lDDT.pdb	9.845E-01	9.312E-01	9.518E-01	38.600	90	88	88
MBL1b_Q75_lDDT	AF-Q89GW5-F1-model_v4_Q75_lDDT.pdb	9.728E-01	9.415E-01	9.517E-01	43.100	90	88	89
MBL1b_Q75_lDDT	B5DCA0_Q75_lDDT.pdb	9.802E-01	9.379E-01	9.481E-01	36.300	90	88	89
MBL1b_Q75_lDDT	AF-A0A1L5BQA7-F1-model_v4_Q75_lDDT.pdb	9.833E-01	9.301E-01	9.507E-01	36.300	90	88	88
MBL1b_Q75_lDDT	ECM-1_Q75_lDDT.pdb	9.715E-01	9.400E-01	9.400E-01	30.300	90	89	90
MBL1b_Q75_lDDT	AF-K4GMF9-F1-model_v4_Q75_lDDT.pdb	9.704E-01	9.389E-01	9.389E-01	28.000	90	89	90
MBL1b_Q75_lDDT	A0A0C5LDH9_Q75_lDDT.pdb	9.778E-01	9.357E-01	9.458E-01	38.600	90	88	89
MBL1b_Q75_lDDT	B5L5V0_Q75_lDDT.pdb	9.698E-01	9.384E-01	9.384E-01	41.500	90	89	90
MBL1b_Q75_lDDT	GRD33_Q75_lDDT.pdb	9.694E-01	9.380E-01	9.380E-01	37.000	90	89	90
MBL1b_Q75_lDDT	Q9JRP7_Q75_lDDT.pdb	9.658E-01	9.346E-01	9.448E-01	28.400	90	88	89
MBL1b_Q75_lDDT	AF-A0A1L6K5Y8-F1-model_v4_Q75_lDDT.pdb	9.695E-01	9.381E-01	9.381E-01	44.900	90	89	90
MBL1b_Q75_lDDT	A0A059Q5E8_Q75_lDDT.pdb	9.768E-01	9.348E-01	9.450E-01	44.300	90	88	89
MBL1b_Q75_lDDT	AF-A0A1L6K5Z8-F1-model_v4_Q75_lDDT.pdb	9.691E-01	9.377E-01	9.377E-01	35.900	90	89	90
MBL1b_Q75_lDDT	B5L5V3_Q75_lDDT.pdb	9.722E-01	9.305E-01	9.406E-01	40.900	90	88	89
MBL1b_Q75_lDDT	NWM_Q75_lDDT.pdb	9.629E-01	9.320E-01	9.320E-01	37.000	90	89	90
MBL1b_Q75_lDDT	AF-Q6D395-F1-model_v4_Q75_lDDT.pdb	9.711E-01	9.191E-01	9.392E-01	37.500	90	88	88
MBL1b_Q75_lDDT	B5L5V2_Q75_lDDT.pdb	9.670E-01	9.153E-01	9.353E-01	34.000	90	88	88
MBL1b_Q75_lDDT	B3SU1_Q75_lDDT.pdb	9.648E-01	9.132E-01	9.331E-01	34.000	90	88	88
MBL1b_Q75_lDDT	B5L5W3_Q75_lDDT.pdb	9.586E-01	9.078E-01	9.376E-01	31.800	90	88	87
Q6DTI4_Q75_lDDT	Q6DTI4_Q75_lDDT.pdb	1.011E+00	1.000E+00	1.000E+00	100.000	90	90	90
Q6DTI4_Q75_lDDT	Q6DTI8_Q75_lDDT.pdb	1.010E+00	9.991E-01	9.991E-01	97.700	90	90	90
Q6DTI4_Q75_lDDT	Q6DTI5_Q75_lDDT.pdb	1.010E+00	9.984E-01	9.984E-01	100.000	90	90	90
Q6DTI4_Q75_lDDT	Q5S4Q5_Q75_lDDT.pdb	1.008E+00	9.967E-01	9.967E-01	100.000	90	90	90
Q6DTI4_Q75_lDDT	Q9KJB1_Q75_lDDT.pdb	1.011E+00	9.776E-01	9.998E-01	96.500	90	88	88
Q6DTI4_Q75_lDDT	Q9KJB5_Q75_lDDT.pdb	1.011E+00	9.776E-01	9.998E-01	94.300	90	88	88
Q6DTI4_Q75_lDDT	Q9KJB3_Q75_lDDT.pdb	1.011E+00	9.775E-01	9.997E-01	93.100	90	88	88
Q6DTI4_Q75_lDDT	Q9KJB6_Q75_lDDT.pdb	1.011E+00	9.775E-01	9.997E-01	92.000	90	88	88
Q6DTI4_Q75_lDDT	Q9KJB4_Q75_lDDT.pdb	1.011E+00	9.775E-01	9.997E-01	93.100	90	88	88
Q6DTI4_Q75_lDDT	Q9KJB2_Q75_lDDT.pdb	1.011E+00	9.771E-01	9.993E-01	93.100	90	88	88
Q6DTI4_Q75_lDDT	Q6DTJ0_Q75_lDDT.pdb	1.004E+00	9.813E-01	9.923E-01	92.200	90	90	89
Q6DTI4_Q75_lDDT	Q6V8J2_Q75_lDDT.pdb	1.003E+00	9.812E-01	9.921E-01	93.300	90	90	89
Q6DTI4_Q75_lDDT	Q6DTI7_Q75_lDDT.pdb	1.003E+00	9.811E-01	9.921E-01	94.400	90	90	89
Q6DTI4_Q75_lDDT	Q6DTI9_Q75_lDDT.pdb	1.003E+00	9.811E-01	9.921E-01	93.300	90	90	89
Q6DTI4_Q75_lDDT	AF-A0A0D0GMS0-F1-model_v4_Q75_lDDT.pdb	9.997E-01	9.886E-01	9.886E-01	73.300	90	90	90
Q6DTI4_Q75_lDDT	Q5EEU4_Q75_lDDT.pdb	1.003E+00	9.811E-01	9.921E-01	88.800	90	90	89
Q6DTI4_Q75_lDDT	Q9RB00_Q75_lDDT.pdb	1.003E+00	9.805E-01	9.915E-01	93.300	90	90	89
Q6DTI4_Q75_lDDT	A0A0C5L392_Q75_lDDT.pdb	1.003E+00	9.806E-01	9.916E-01	78.800	90	90	89
Q6DTI4_Q75_lDDT	Q4JRB6_Q75_lDDT.pdb	1.003E+00	9.805E-01	9.914E-01	93.300	90	90	89
Q6DTI4_Q75_lDDT	A0A0C5LDD5_Q75_lDDT.pdb	1.000E+00	9.782E-01	9.891E-01	77.700	90	90	89
Q6DTI4_Q75_lDDT	B5L5V5_Q75_lDDT.pdb	9.951E-01	9.842E-01	9.842E-01	64.400	90	90	90
Q6DTI4_Q75_lDDT	A0A0C5LQ44_Q75_lDDT.pdb	9.991E-01	9.770E-01	9.879E-01	78.800	90	90	89
Q6DTI4_Q75_lDDT	A0A0C5LDD9_Q75_lDDT.pdb	9.925E-01	9.815E-01	9.815E-01	68.800	90	90	90
Q6DTI4_Q75_lDDT	B5L5X0_Q75_lDDT.pdb	9.909E-01	9.799E-01	9.799E-01	68.800	90	90	90
Q6DTI4_Q75_lDDT	B5L5V9_Q75_lDDT.pdb	1.009E+00	9.528E-01	9.744E-01	62.500	90	88	88
Q6DTI4_Q75_lDDT	B3SU2_Q75_lDDT.pdb	9.987E-01	9.658E-01	9.658E-01	48.800	90	88	90
Q6DTI4_Q75_lDDT	AF-Q89GW5-F1-model_v4_Q75_lDDT.pdb	9.925E-01	9.600E-01	9.706E-01	47.700	90	88	89
Q6DTI4_Q75_lDDT	Q9K578_Q75_lDDT.pdb	9.960E-01	9.633E-01	9.633E-01	50.000	90	88	90
Q6DTI4_Q75_lDDT	AF-A8GGW7-F1-model_v4_Q75_lDDT.pdb	9.854E-01	9.534E-01	9.638E-01	38.600	90	88	89
Q6DTI4_Q75_lDDT	B5L5W3_Q75_lDDT.pdb	9.894E-01	9.355E-01	9.671E-01	46.500	90	88	87
Q6DTI4_Q75_lDDT	Q8KKG1_Q75_lDDT.pdb	9.856E-01	9.536E-01	9.536E-01	37.500	90	88	90
Q6DTI4_Q75_lDDT	B5L5V2_Q75_lDDT.pdb	9.915E-01	9.373E-01	9.583E-01	54.500	90	88	88
Q6DTI4_Q75_lDDT	A0A0C5LDH9_Q75_lDDT.pdb	9.849E-01	9.422E-01	9.525E-01	34.000	90	88	89
Q6DTI4_Q75_lDDT	A0A386JBC5_Q75_lDDT.pdb	9.847E-01	9.420E-01	9.523E-01	36.300	90	88	89
Q6DTI4_Q75_lDDT	MBL1b_Q75_lDDT.pdb	9.803E-01	9.485E-01	9.485E-01	37.500	90	88	90
Q6DTI4_Q75_lDDT	AF-A0A1L6K5Z9-F1-model_v4_Q75_lDDT.pdb	9.836E-01	9.410E-01	9.513E-01	35.200	90	88	89
Q6DTI4_Q75_lDDT	A0A059Q5E8_Q75_lDDT.pdb	9.827E-01	9.402E-01	9.505E-01	34.000	90	88	89
Q6DTI4_Q75_lDDT	AF-Q9AEF9-F1-model_v4_Q75_lDDT.pdb	9.752E-01	9.435E-01	9.435E-01	31.400	90	89	90
Q6DTI4_Q75_lDDT	A0A0C5LQ34_Q75_lDDT.pdb	9.820E-01	9.395E-01	9.498E-01	43.100	90	88	89
Q6DTI4_Q75_lDDT	AF-K4GMK0-F1-model_v4_Q75_lDDT.pdb	9.728E-01	9.412E-01	9.412E-01	32.500	90	89	90
Q6DTI4_Q75_lDDT	AF-K4GMG4-F1-model_v4_Q75_lDDT.pdb	9.791E-01	9.369E-01	9.471E-01	32.900	90	88	89
Q6DTI4_Q75_lDDT	AF-A0A1L6K5Y8-F1-model_v4_Q75_lDDT.pdb	9.713E-01	9.398E-01	9.398E-01	33.700	90	89	90
Q6DTI4_Q75_lDDT	B5L5V3_Q75_lDDT.pdb	9.779E-01	9.358E-01	9.459E-01	35.200	90	88	89
Q6DTI4_Q75_lDDT	NWM_Q75_lDDT.pdb	9.698E-01	9.384E-01	9.384E-01	32.500	90	89	90
Q6DTI4_Q75_lDDT	AF-K4GMF9-F1-model_v4_Q75_lDDT.pdb	9.694E-01	9.380E-01	9.380E-01	31.400	90	89	90
Q6DTI4_Q75_lDDT	B5L5V0_Q75_lDDT.pdb	9.696E-01	9.382E-01	9.382E-01	31.400	90	89	90
Q6DTI4_Q75_lDDT	AF-K4GMG9-F1-model_v6_Q75_lDDT.pdb	9.691E-01	9.377E-01	9.377E-01	32.500	90	89	90
Q6DTI4_Q75_lDDT	ECM-1_Q75_lDDT.pdb	9.682E-01	9.369E-01	9.369E-01	30.300	90	89	90
Q6DTI4_Q75_lDDT	G5ELM3_Q75_lDDT.pdb	9.733E-01	9.316E-01	9.417E-01	29.500	90	88	89
Q6DTI4_Q75_lDDT	B5DCA0_Q75_lDDT.pdb	9.730E-01	9.313E-01	9.414E-01	32.900	90	88	89
Q6DTI4_Q75_lDDT	AF-A0A1L5BQA7-F1-model_v4_Q75_lDDT.pdb	9.769E-01	9.244E-01	9.447E-01	36.300	90	88	88
Q6DTI4_Q75_lDDT	PJM-1_Q75_lDDT.pdb	9.726E-01	9.309E-01	9.410E-01	30.600	90	88	89
Q6DTI4_Q75_lDDT	AF-A0A1L6K5X8-F1-model_v4_Q75_lDDT.pdb	9.624E-01	9.317E-01	9.417E-01	28.400	90	88	89
Q6DTI4_Q75_lDDT	U3U4Q6_Q75_lDDT.pdb	9.644E-01	9.335E-01	9.335E-01	30.600	90	88	90
Q6DTI4_Q75_lDDT	AF-A0A4D6P0I4-F1-model_v4_Q75_lDDT.pdb	9.640E-01	9.332E-01	9.332E-01	28.400	90	88	90
Q6DTI4_Q75_lDDT	AF-A0A0D6SYW3-F1-model_v4_Q75_lDDT.pdb	9.640E-01	9.332E-01	9.332E-01	28.400	90	88	90
Q6DTI4_Q75_lDDT	Q9JRP7_Q75_lDDT.pdb	9.512E-01	9.209E-01	9.308E-01	26.100	90	88	89
Q6DTI4_Q75_lDDT	AF-Q6D395-F1-model_v4_Q75_lDDT.pdb	9.644E-01	9.131E-01	9.330E-01	36.300	90	88	88
Q6DTI4_Q75_lDDT	GRD33_Q75_lDDT.pdb	9.516E-01	9.213E-01	9.213E-01	30.300	90	89	90
Q6DTI4_Q75_lDDT	AF-A0A1L6K5Z8-F1-model_v4_Q75_lDDT.pdb	9.507E-01	9.204E-01	9.204E-01	28.000	90	89	90
Q6DTI4_Q75_lDDT	B3SU1_Q75_lDDT.pdb	9.559E-01	9.051E-01	9.248E-01	29.500	90	88	88
AF-A0A0D6SYW3-F1-model_v4_Q75_lDDT	AF-A0A0D6SYW3-F1-model_v4_Q75_lDDT.pdb	1.011E+00	1.000E+00	1.000E+00	100.000	90	90	90
AF-A0A0D6SYW3-F1-model_v4_Q75_lDDT	AF-A0A4D6P0I4-F1-model_v4_Q75_lDDT.pdb	1.004E+00	9.927E-01	9.927E-01	100.000	90	90	90
AF-A0A0D6SYW3-F1-model_v4_Q75_lDDT	U3U4Q6_Q75_lDDT.pdb	1.000E+00	9.894E-01	9.894E-01	77.700	90	90	90
AF-A0A0D6SYW3-F1-model_v4_Q75_lDDT	AF-A0A1L6K5X8-F1-model_v4_Q75_lDDT.pdb	1.001E+00	9.680E-01	9.788E-01	59.000	90	88	89
AF-A0A0D6SYW3-F1-model_v4_Q75_lDDT	Q9JRP7_Q75_lDDT.pdb	9.849E-01	9.524E-01	9.630E-01	61.300	90	88	89
AF-A0A0D6SYW3-F1-model_v4_Q75_lDDT	AF-A8GGW7-F1-model_v4_Q75_lDDT.pdb	9.841E-01	9.521E-01	9.626E-01	34.000	90	88	89
AF-A0A0D6SYW3-F1-model_v4_Q75_lDDT	MBL1b_Q75_lDDT.pdb	9.800E-01	9.482E-01	9.482E-01	35.200	90	88	90
AF-A0A0D6SYW3-F1-model_v4_Q75_lDDT	Q8KKG1_Q75_lDDT.pdb	9.791E-01	9.474E-01	9.474E-01	35.200	90	88	90
AF-A0A0D6SYW3-F1-model_v4_Q75_lDDT	GRD33_Q75_lDDT.pdb	9.730E-01	9.414E-01	9.414E-01	46.000	90	89	90
AF-A0A0D6SYW3-F1-model_v4_Q75_lDDT	A0A0C5LQ34_Q75_lDDT.pdb	9.802E-01	9.379E-01	9.481E-01	39.700	90	88	89
AF-A0A0D6SYW3-F1-model_v4_Q75_lDDT	AF-A0A1L6K5Z9-F1-model_v4_Q75_lDDT.pdb	9.800E-01	9.377E-01	9.479E-01	50.000	90	88	89
AF-A0A0D6SYW3-F1-model_v4_Q75_lDDT	A0A0C5LDD5_Q75_lDDT.pdb	9.704E-01	9.392E-01	9.494E-01	26.100	90	88	89
AF-A0A0D6SYW3-F1-model_v4_Q75_lDDT	A0A0C5LDD9_Q75_lDDT.pdb	9.737E-01	9.424E-01	9.424E-01	29.500	90	88	90
AF-A0A0D6SYW3-F1-model_v4_Q75_lDDT	AF-A0A1L6K5Z8-F1-model_v4_Q75_lDDT.pdb	9.708E-01	9.393E-01	9.393E-01	44.900	90	89	90
AF-A0A0D6SYW3-F1-model_v4_Q75_lDDT	Q9KJB6_Q75_lDDT.pdb	9.651E-01	9.343E-01	9.546E-01	26.100	90	88	88
AF-A0A0D6SYW3-F1-model_v4_Q75_lDDT	Q9KJB1_Q75_lDDT.pdb	9.651E-01	9.343E-01	9.546E-01	28.400	90	88	88
AF-A0A0D6SYW3-F1-model_v4_Q75_lDDT	Q9KJB2_Q75_lDDT.pdb	9.650E-01	9.342E-01	9.545E-01	27.200	90	88	88
AF-A0A0D6SYW3-F1-model_v4_Q75_lDDT	Q9KJB4_Q75_lDDT.pdb	9.648E-01	9.340E-01	9.543E-01	27.200	90	88	88
AF-A0A0D6SYW3-F1-model_v4_Q75_lDDT	B5L5X0_Q75_lDDT.pdb	9.722E-01	9.409E-01	9.409E-01	30.600	90	88	90
AF-A0A0D6SYW3-F1-model_v4_Q75_lDDT	AF-A0A0D0GMS0-F1-model_v4_Q75_lDDT.pdb	9.723E-01	9.410E-01	9.410E-01	28.400	90	88	90
AF-A0A0D6SYW3-F1-model_v4_Q75_lDDT	Q9KJB3_Q75_lDDT.pdb	9.647E-01	9.339E-01	9.542E-01	26.100	90	88	88
AF-A0A0D6SYW3-F1-model_v4_Q75_lDDT	A0A0C5LQ44_Q75_lDDT.pdb	9.684E-01	9.373E-01	9.474E-01	28.400	90	88	89
AF-A0A0D6SYW3-F1-model_v4_Q75_lDDT	Q9KJB5_Q75_lDDT.pdb	9.646E-01	9.338E-01	9.541E-01	27.200	90	88	88
AF-A0A0D6SYW3-F1-model_v4_Q75_lDDT	B5L5V5_Q75_lDDT.pdb	9.718E-01	9.406E-01	9.406E-01	31.800	90	88	90
AF-A0A0D6SYW3-F1-model_v4_Q75_lDDT	AF-K4GMG4-F1-model_v4_Q75_lDDT.pdb	9.754E-01	9.335E-01	9.437E-01	42.000	90	88	89
AF-A0A0D6SYW3-F1-model_v4_Q75_lDDT	Q5EEU4_Q75_lDDT.pdb	9.657E-01	9.348E-01	9.449E-01	27.200	90	88	89
AF-A0A0D6SYW3-F1-model_v4_Q75_lDDT	AF-K4GMG9-F1-model_v6_Q75_lDDT.pdb	9.669E-01	9.356E-01	9.356E-01	48.300	90	89	90
AF-A0A0D6SYW3-F1-model_v4_Q75_lDDT	A0A0C5L392_Q75_lDDT.pdb	9.654E-01	9.345E-01	9.446E-01	29.500	90	88	89
AF-A0A0D6SYW3-F1-model_v4_Q75_lDDT	Q4JRB6_Q75_lDDT.pdb	9.653E-01	9.345E-01	9.445E-01	27.200	90	88	89
AF-A0A0D6SYW3-F1-model_v4_Q75_lDDT	PJM-1_Q75_lDDT.pdb	9.738E-01	9.321E-01	9.422E-01	43.100	90	88	89
AF-A0A0D6SYW3-F1-model_v4_Q75_lDDT	B3SU2_Q75_lDDT.pdb	9.693E-01	9.382E-01	9.382E-01	37.500	90	88	90
AF-A0A0D6SYW3-F1-model_v4_Q75_lDDT	AF-K4GMK0-F1-model_v4_Q75_lDDT.pdb	9.663E-01	9.351E-01	9.351E-01	48.300	90	89	90
AF-A0A0D6SYW3-F1-model_v4_Q75_lDDT	Q6DTI9_Q75_lDDT.pdb	9.649E-01	9.340E-01	9.441E-01	27.200	90	88	89
AF-A0A0D6SYW3-F1-model_v4_Q75_lDDT	Q6DTJ0_Q75_lDDT.pdb	9.648E-01	9.340E-01	9.441E-01	26.100	90	88	89
AF-A0A0D6SYW3-F1-model_v4_Q75_lDDT	Q9RB00_Q75_lDDT.pdb	9.648E-01	9.340E-01	9.441E-01	27.200	90	88	89
AF-A0A0D6SYW3-F1-model_v4_Q75_lDDT	Q6V8J2_Q75_lDDT.pdb	9.645E-01	9.337E-01	9.437E-01	27.200	90	88	89
AF-A0A0D6SYW3-F1-model_v4_Q75_lDDT	Q6DTI7_Q75_lDDT.pdb	9.643E-01	9.335E-01	9.435E-01	28.400	90	88	89
AF-A0A0D6SYW3-F1-model_v4_Q75_lDDT	G5ELM3_Q75_lDDT.pdb	9.725E-01	9.308E-01	9.409E-01	40.900	90	88	89
AF-A0A0D6SYW3-F1-model_v4_Q75_lDDT	Q9K578_Q75_lDDT.pdb	9.684E-01	9.374E-01	9.374E-01	35.200	90	88	90
AF-A0A0D6SYW3-F1-model_v4_Q75_lDDT	AF-A0A1L5BQA7-F1-model_v4_Q75_lDDT.pdb	9.759E-01	9.234E-01	9.437E-01	36.300	90	88	88
AF-A0A0D6SYW3-F1-model_v4_Q75_lDDT	A0A386JBC5_Q75_lDDT.pdb	9.714E-01	9.298E-01	9.399E-01	42.000	90	88	89
AF-A0A0D6SYW3-F1-model_v4_Q75_lDDT	B5DCA0_Q75_lDDT.pdb	9.714E-01	9.298E-01	9.398E-01	44.300	90	88	89
AF-A0A0D6SYW3-F1-model_v4_Q75_lDDT	NWM_Q75_lDDT.pdb	9.640E-01	9.330E-01	9.330E-01	42.600	90	89	90
AF-A0A0D6SYW3-F1-model_v4_Q75_lDDT	B5L5V0_Q75_lDDT.pdb	9.636E-01	9.326E-01	9.326E-01	40.400	90	89	90
AF-A0A0D6SYW3-F1-model_v4_Q75_lDDT	AF-Q9AEF9-F1-model_v4_Q75_lDDT.pdb	9.628E-01	9.318E-01	9.318E-01	42.600	90	89	90
AF-A0A0D6SYW3-F1-model_v4_Q75_lDDT	ECM-1_Q75_lDDT.pdb	9.627E-01	9.318E-01	9.318E-01	47.100	90	89	90
AF-A0A0D6SYW3-F1-model_v4_Q75_lDDT	A0A0C5LDH9_Q75_lDDT.pdb	9.690E-01	9.276E-01	9.376E-01	37.500	90	88	89
AF-A0A0D6SYW3-F1-model_v4_Q75_lDDT	Q5S4Q5_Q75_lDDT.pdb	9.643E-01	9.335E-01	9.335E-01	28.400	90	88	90
AF-A0A0D6SYW3-F1-model_v4_Q75_lDDT	AF-K4GMF9-F1-model_v4_Q75_lDDT.pdb	9.619E-01	9.310E-01	9.310E-01	46.000	90	89	90
AF-A0A0D6SYW3-F1-model_v4_Q75_lDDT	Q6DTI4_Q75_lDDT.pdb	9.640E-01	9.332E-01	9.332E-01	28.400	90	88	90
AF-A0A0D6SYW3-F1-model_v4_Q75_lDDT	Q6DTI5_Q75_lDDT.pdb	9.640E-01	9.332E-01	9.332E-01	28.400	90	88	90
AF-A0A0D6SYW3-F1-model_v4_Q75_lDDT	Q6DTI8_Q75_lDDT.pdb	9.636E-01	9.329E-01	9.329E-01	28.400	90	88	90
AF-A0A0D6SYW3-F1-model_v4_Q75_lDDT	AF-A0A1L6K5Y8-F1-model_v4_Q75_lDDT.pdb	9.606E-01	9.297E-01	9.297E-01	48.300	90	89	90
AF-A0A0D6SYW3-F1-model_v4_Q75_lDDT	B5L5V3_Q75_lDDT.pdb	9.647E-01	9.236E-01	9.336E-01	40.900	90	88	89
AF-A0A0D6SYW3-F1-model_v4_Q75_lDDT	AF-Q89GW5-F1-model_v4_Q75_lDDT.pdb	9.568E-01	9.265E-01	9.364E-01	45.400	90	88	89
AF-A0A0D6SYW3-F1-model_v4_Q75_lDDT	B5L5V9_Q75_lDDT.pdb	9.675E-01	9.158E-01	9.358E-01	29.500	90	88	88
AF-A0A0D6SYW3-F1-model_v4_Q75_lDDT	A0A059Q5E8_Q75_lDDT.pdb	9.636E-01	9.226E-01	9.326E-01	43.100	90	88	89
AF-A0A0D6SYW3-F1-model_v4_Q75_lDDT	AF-Q6D395-F1-model_v4_Q75_lDDT.pdb	9.644E-01	9.131E-01	9.329E-01	37.500	90	88	88
AF-A0A0D6SYW3-F1-model_v4_Q75_lDDT	B3SU1_Q75_lDDT.pdb	9.551E-01	9.045E-01	9.241E-01	42.000	90	88	88
AF-A0A0D6SYW3-F1-model_v4_Q75_lDDT	B5L5V2_Q75_lDDT.pdb	9.517E-01	9.016E-01	9.210E-01	28.400	90	88	88
AF-A0A0D6SYW3-F1-model_v4_Q75_lDDT	B5L5W3_Q75_lDDT.pdb	9.454E-01	8.959E-01	9.249E-01	23.800	90	88	87
AF-A0A4D6P0I4-F1-model_v4_Q75_lDDT	AF-A0A4D6P0I4-F1-model_v4_Q75_lDDT.pdb	1.011E+00	1.000E+00	1.000E+00	100.000	90	90	90
AF-A0A4D6P0I4-F1-model_v4_Q75_lDDT	U3U4Q6_Q75_lDDT.pdb	1.005E+00	9.938E-01	9.938E-01	77.700	90	90	90
AF-A0A4D6P0I4-F1-model_v4_Q75_lDDT	AF-A0A0D6SYW3-F1-model_v4_Q75_lDDT.pdb	1.004E+00	9.927E-01	9.927E-01	100.000	90	90	90
AF-A0A4D6P0I4-F1-model_v4_Q75_lDDT	AF-A0A1L6K5X8-F1-model_v4_Q75_lDDT.pdb	1.001E+00	9.681E-01	9.788E-01	59.000	90	88	89
AF-A0A4D6P0I4-F1-model_v4_Q75_lDDT	Q9JRP7_Q75_lDDT.pdb	9.761E-01	9.548E-01	9.653E-01	60.600	90	89	89
AF-A0A4D6P0I4-F1-model_v4_Q75_lDDT	AF-A8GGW7-F1-model_v4_Q75_lDDT.pdb	9.841E-01	9.521E-01	9.625E-01	34.000	90	88	89
AF-A0A4D6P0I4-F1-model_v4_Q75_lDDT	MBL1b_Q75_lDDT.pdb	9.802E-01	9.484E-01	9.484E-01	35.200	90	88	90
AF-A0A4D6P0I4-F1-model_v4_Q75_lDDT	Q8KKG1_Q75_lDDT.pdb	9.793E-01	9.476E-01	9.476E-01	35.200	90	88	90
AF-A0A4D6P0I4-F1-model_v4_Q75_lDDT	A0A0C5LQ34_Q75_lDDT.pdb	9.806E-01	9.382E-01	9.485E-01	39.700	90	88	89
AF-A0A4D6P0I4-F1-model_v4_Q75_lDDT	GRD33_Q75_lDDT.pdb	9.730E-01	9.413E-01	9.413E-01	46.000	90	89	90
AF-A0A4D6P0I4-F1-model_v4_Q75_lDDT	AF-A0A1L6K5Z9-F1-model_v4_Q75_lDDT.pdb	9.802E-01	9.379E-01	9.481E-01	50.000	90	88	89
AF-A0A4D6P0I4-F1-model_v4_Q75_lDDT	A0A0C5LDD5_Q75_lDDT.pdb	9.704E-01	9.392E-01	9.494E-01	26.100	90	88	89
AF-A0A4D6P0I4-F1-model_v4_Q75_lDDT	A0A0C5LDD9_Q75_lDDT.pdb	9.738E-01	9.424E-01	9.424E-01	29.500	90	88	90
AF-A0A4D6P0I4-F1-model_v4_Q75_lDDT	AF-A0A1L6K5Z8-F1-model_v4_Q75_lDDT.pdb	9.707E-01	9.392E-01	9.392E-01	44.900	90	89	90
AF-A0A4D6P0I4-F1-model_v4_Q75_lDDT	Q9KJB6_Q75_lDDT.pdb	9.652E-01	9.343E-01	9.547E-01	26.100	90	88	88
AF-A0A4D6P0I4-F1-model_v4_Q75_lDDT	Q9KJB1_Q75_lDDT.pdb	9.652E-01	9.343E-01	9.546E-01	28.400	90	88	88
AF-A0A4D6P0I4-F1-model_v4_Q75_lDDT	Q9KJB2_Q75_lDDT.pdb	9.651E-01	9.343E-01	9.546E-01	27.200	90	88	88
AF-A0A4D6P0I4-F1-model_v4_Q75_lDDT	B5L5X0_Q75_lDDT.pdb	9.722E-01	9.409E-01	9.409E-01	30.600	90	88	90
AF-A0A4D6P0I4-F1-model_v4_Q75_lDDT	AF-A0A0D0GMS0-F1-model_v4_Q75_lDDT.pdb	9.724E-01	9.411E-01	9.411E-01	28.400	90	88	90
AF-A0A4D6P0I4-F1-model_v4_Q75_lDDT	Q9KJB4_Q75_lDDT.pdb	9.649E-01	9.340E-01	9.544E-01	27.200	90	88	88
AF-A0A4D6P0I4-F1-model_v4_Q75_lDDT	Q9KJB3_Q75_lDDT.pdb	9.648E-01	9.339E-01	9.543E-01	26.100	90	88	88
AF-A0A4D6P0I4-F1-model_v4_Q75_lDDT	A0A0C5LQ44_Q75_lDDT.pdb	9.684E-01	9.373E-01	9.474E-01	28.400	90	88	89
AF-A0A4D6P0I4-F1-model_v4_Q75_lDDT	Q9KJB5_Q75_lDDT.pdb	9.646E-01	9.338E-01	9.541E-01	27.200	90	88	88
AF-A0A4D6P0I4-F1-model_v4_Q75_lDDT	B5L5V5_Q75_lDDT.pdb	9.719E-01	9.407E-01	9.407E-01	31.800	90	88	90
AF-A0A4D6P0I4-F1-model_v4_Q75_lDDT	AF-K4GMG4-F1-model_v4_Q75_lDDT.pdb	9.759E-01	9.339E-01	9.441E-01	42.000	90	88	89
AF-A0A4D6P0I4-F1-model_v4_Q75_lDDT	AF-K4GMG9-F1-model_v6_Q75_lDDT.pdb	9.672E-01	9.360E-01	9.360E-01	48.300	90	89	90
AF-A0A4D6P0I4-F1-model_v4_Q75_lDDT	Q5EEU4_Q75_lDDT.pdb	9.657E-01	9.348E-01	9.449E-01	27.200	90	88	89
AF-A0A4D6P0I4-F1-model_v4_Q75_lDDT	A0A0C5L392_Q75_lDDT.pdb	9.655E-01	9.346E-01	9.446E-01	29.500	90	88	89
AF-A0A4D6P0I4-F1-model_v4_Q75_lDDT	Q4JRB6_Q75_lDDT.pdb	9.653E-01	9.344E-01	9.445E-01	27.200	90	88	89
AF-A0A4D6P0I4-F1-model_v4_Q75_lDDT	PJM-1_Q75_lDDT.pdb	9.738E-01	9.321E-01	9.422E-01	43.100	90	88	89
AF-A0A4D6P0I4-F1-model_v4_Q75_lDDT	AF-K4GMK0-F1-model_v4_Q75_lDDT.pdb	9.665E-01	9.353E-01	9.353E-01	48.300	90	89	90
AF-A0A4D6P0I4-F1-model_v4_Q75_lDDT	B3SU2_Q75_lDDT.pdb	9.693E-01	9.382E-01	9.382E-01	37.500	90	88	90
AF-A0A4D6P0I4-F1-model_v4_Q75_lDDT	Q6DTI9_Q75_lDDT.pdb	9.649E-01	9.340E-01	9.441E-01	27.200	90	88	89
AF-A0A4D6P0I4-F1-model_v4_Q75_lDDT	Q6DTJ0_Q75_lDDT.pdb	9.649E-01	9.340E-01	9.441E-01	26.100	90	88	89
AF-A0A4D6P0I4-F1-model_v4_Q75_lDDT	Q9RB00_Q75_lDDT.pdb	9.649E-01	9.340E-01	9.441E-01	27.200	90	88	89
AF-A0A4D6P0I4-F1-model_v4_Q75_lDDT	Q6V8J2_Q75_lDDT.pdb	9.645E-01	9.337E-01	9.438E-01	27.200	90	88	89
AF-A0A4D6P0I4-F1-model_v4_Q75_lDDT	Q6DTI7_Q75_lDDT.pdb	9.643E-01	9.335E-01	9.435E-01	28.400	90	88	89
AF-A0A4D6P0I4-F1-model_v4_Q75_lDDT	G5ELM3_Q75_lDDT.pdb	9.726E-01	9.309E-01	9.410E-01	40.900	90	88	89
AF-A0A4D6P0I4-F1-model_v4_Q75_lDDT	Q9K578_Q75_lDDT.pdb	9.685E-01	9.374E-01	9.374E-01	35.200	90	88	90
AF-A0A4D6P0I4-F1-model_v4_Q75_lDDT	AF-A0A1L5BQA7-F1-model_v4_Q75_lDDT.pdb	9.761E-01	9.236E-01	9.439E-01	36.300	90	88	88
AF-A0A4D6P0I4-F1-model_v4_Q75_lDDT	A0A386JBC5_Q75_lDDT.pdb	9.716E-01	9.300E-01	9.401E-01	42.000	90	88	89
AF-A0A4D6P0I4-F1-model_v4_Q75_lDDT	B5DCA0_Q75_lDDT.pdb	9.713E-01	9.297E-01	9.398E-01	44.300	90	88	89
AF-A0A4D6P0I4-F1-model_v4_Q75_lDDT	NWM_Q75_lDDT.pdb	9.641E-01	9.331E-01	9.331E-01	42.600	90	89	90
AF-A0A4D6P0I4-F1-model_v4_Q75_lDDT	B5L5V0_Q75_lDDT.pdb	9.637E-01	9.326E-01	9.326E-01	40.400	90	89	90
AF-A0A4D6P0I4-F1-model_v4_Q75_lDDT	ECM-1_Q75_lDDT.pdb	9.631E-01	9.321E-01	9.321E-01	47.100	90	89	90
AF-A0A4D6P0I4-F1-model_v4_Q75_lDDT	AF-Q9AEF9-F1-model_v4_Q75_lDDT.pdb	9.627E-01	9.318E-01	9.318E-01	42.600	90	89	90
AF-A0A4D6P0I4-F1-model_v4_Q75_lDDT	AF-K4GMF9-F1-model_v4_Q75_lDDT.pdb	9.622E-01	9.313E-01	9.313E-01	46.000	90	89	90
AF-A0A4D6P0I4-F1-model_v4_Q75_lDDT	A0A0C5LDH9_Q75_lDDT.pdb	9.691E-01	9.276E-01	9.377E-01	37.500	90	88	89
AF-A0A4D6P0I4-F1-model_v4_Q75_lDDT	Q5S4Q5_Q75_lDDT.pdb	9.643E-01	9.335E-01	9.335E-01	28.400	90	88	90
AF-A0A4D6P0I4-F1-model_v4_Q75_lDDT	Q6DTI4_Q75_lDDT.pdb	9.640E-01	9.332E-01	9.332E-01	28.400	90	88	90
AF-A0A4D6P0I4-F1-model_v4_Q75_lDDT	Q6DTI5_Q75_lDDT.pdb	9.640E-01	9.332E-01	9.332E-01	28.400	90	88	90
AF-A0A4D6P0I4-F1-model_v4_Q75_lDDT	Q6DTI8_Q75_lDDT.pdb	9.636E-01	9.328E-01	9.328E-01	28.400	90	88	90
AF-A0A4D6P0I4-F1-model_v4_Q75_lDDT	AF-A0A1L6K5Y8-F1-model_v4_Q75_lDDT.pdb	9.605E-01	9.296E-01	9.296E-01	48.300	90	89	90
AF-A0A4D6P0I4-F1-model_v4_Q75_lDDT	B5L5V3_Q75_lDDT.pdb	9.649E-01	9.238E-01	9.338E-01	40.900	90	88	89
AF-A0A4D6P0I4-F1-model_v4_Q75_lDDT	AF-Q89GW5-F1-model_v4_Q75_lDDT.pdb	9.567E-01	9.264E-01	9.363E-01	45.400	90	88	89
AF-A0A4D6P0I4-F1-model_v4_Q75_lDDT	B5L5V9_Q75_lDDT.pdb	9.675E-01	9.159E-01	9.359E-01	29.500	90	88	88
AF-A0A4D6P0I4-F1-model_v4_Q75_lDDT	A0A059Q5E8_Q75_lDDT.pdb	9.635E-01	9.226E-01	9.325E-01	43.100	90	88	89
AF-A0A4D6P0I4-F1-model_v4_Q75_lDDT	AF-Q6D395-F1-model_v4_Q75_lDDT.pdb	9.645E-01	9.132E-01	9.330E-01	37.500	90	88	88
AF-A0A4D6P0I4-F1-model_v4_Q75_lDDT	B3SU1_Q75_lDDT.pdb	9.556E-01	9.050E-01	9.246E-01	42.000	90	88	88
AF-A0A4D6P0I4-F1-model_v4_Q75_lDDT	B5L5V2_Q75_lDDT.pdb	9.518E-01	9.016E-01	9.211E-01	28.400	90	88	88
AF-A0A4D6P0I4-F1-model_v4_Q75_lDDT	B5L5W3_Q75_lDDT.pdb	9.455E-01	8.960E-01	9.251E-01	23.800	90	88	87
AF-K4GMK0-F1-model_v4_Q75_lDDT	AF-K4GMK0-F1-model_v4_Q75_lDDT.pdb	1.011E+00	1.000E+00	1.000E+00	100.000	90	90	90
AF-K4GMK0-F1-model_v4_Q75_lDDT	AF-A0A1L6K5Z9-F1-model_v4_Q75_lDDT.pdb	1.005E+00	9.610E-01	9.717E-01	56.800	90	88	89
AF-K4GMK0-F1-model_v4_Q75_lDDT	B5L5V0_Q75_lDDT.pdb	1.001E+00	9.676E-01	9.676E-01	50.000	90	88	90
AF-K4GMK0-F1-model_v4_Q75_lDDT	AF-K4GMG4-F1-model_v4_Q75_lDDT.pdb	1.004E+00	9.593E-01	9.700E-01	60.200	90	88	89
AF-K4GMK0-F1-model_v4_Q75_lDDT	AF-Q9AEF9-F1-model_v4_Q75_lDDT.pdb	9.990E-01	9.661E-01	9.661E-01	54.500	90	88	90
AF-K4GMK0-F1-model_v4_Q75_lDDT	AF-K4GMG9-F1-model_v6_Q75_lDDT.pdb	9.982E-01	9.653E-01	9.653E-01	55.600	90	88	90
AF-K4GMK0-F1-model_v4_Q75_lDDT	A0A386JBC5_Q75_lDDT.pdb	1.002E+00	9.576E-01	9.683E-01	55.600	90	88	89
AF-K4GMK0-F1-model_v4_Q75_lDDT	AF-A0A1L6K5Y8-F1-model_v4_Q75_lDDT.pdb	9.955E-01	9.628E-01	9.628E-01	54.500	90	88	90
AF-K4GMK0-F1-model_v4_Q75_lDDT	AF-K4GMF9-F1-model_v4_Q75_lDDT.pdb	9.947E-01	9.620E-01	9.620E-01	51.100	90	88	90
AF-K4GMK0-F1-model_v4_Q75_lDDT	ECM-1_Q75_lDDT.pdb	9.942E-01	9.615E-01	9.615E-01	50.000	90	88	90
AF-K4GMK0-F1-model_v4_Q75_lDDT	A0A0C5LDH9_Q75_lDDT.pdb	9.976E-01	9.538E-01	9.644E-01	52.200	90	88	89
AF-K4GMK0-F1-model_v4_Q75_lDDT	G5ELM3_Q75_lDDT.pdb	9.967E-01	9.530E-01	9.636E-01	51.100	90	88	89
AF-K4GMK0-F1-model_v4_Q75_lDDT	A0A0C5LQ34_Q75_lDDT.pdb	9.916E-01	9.479E-01	9.584E-01	53.900	90	89	89
AF-K4GMK0-F1-model_v4_Q75_lDDT	NWM_Q75_lDDT.pdb	9.908E-01	9.584E-01	9.584E-01	51.100	90	88	90
AF-K4GMK0-F1-model_v4_Q75_lDDT	AF-A0A1L5BQA7-F1-model_v4_Q75_lDDT.pdb	9.977E-01	9.430E-01	9.641E-01	42.000	90	88	88
AF-K4GMK0-F1-model_v4_Q75_lDDT	GRD33_Q75_lDDT.pdb	9.890E-01	9.567E-01	9.567E-01	50.000	90	88	90
AF-K4GMK0-F1-model_v4_Q75_lDDT	AF-A0A1L6K5Z8-F1-model_v4_Q75_lDDT.pdb	9.880E-01	9.558E-01	9.558E-01	48.800	90	88	90
AF-K4GMK0-F1-model_v4_Q75_lDDT	AF-A8GGW7-F1-model_v4_Q75_lDDT.pdb	9.811E-01	9.490E-01	9.594E-01	44.900	90	89	89
AF-K4GMK0-F1-model_v4_Q75_lDDT	Q8KKG1_Q75_lDDT.pdb	9.838E-01	9.515E-01	9.515E-01	44.900	90	89	90
AF-K4GMK0-F1-model_v4_Q75_lDDT	B5L5V3_Q75_lDDT.pdb	9.906E-01	9.474E-01	9.579E-01	46.500	90	88	89
AF-K4GMK0-F1-model_v4_Q75_lDDT	A0A059Q5E8_Q75_lDDT.pdb	9.903E-01	9.472E-01	9.576E-01	50.000	90	88	89
AF-K4GMK0-F1-model_v4_Q75_lDDT	Q9KJB1_Q75_lDDT.pdb	9.745E-01	9.428E-01	9.637E-01	32.500	90	89	88
AF-K4GMK0-F1-model_v4_Q75_lDDT	B5DCA0_Q75_lDDT.pdb	9.888E-01	9.458E-01	9.562E-01	48.800	90	88	89
AF-K4GMK0-F1-model_v4_Q75_lDDT	Q9KJB6_Q75_lDDT.pdb	9.741E-01	9.424E-01	9.633E-01	32.500	90	89	88
AF-K4GMK0-F1-model_v4_Q75_lDDT	Q9KJB4_Q75_lDDT.pdb	9.740E-01	9.423E-01	9.632E-01	32.500	90	89	88
AF-K4GMK0-F1-model_v4_Q75_lDDT	Q9KJB2_Q75_lDDT.pdb	9.737E-01	9.421E-01	9.629E-01	31.400	90	89	88
AF-K4GMK0-F1-model_v4_Q75_lDDT	Q9KJB3_Q75_lDDT.pdb	9.737E-01	9.420E-01	9.629E-01	32.500	90	89	88
AF-K4GMK0-F1-model_v4_Q75_lDDT	PJM-1_Q75_lDDT.pdb	9.880E-01	9.451E-01	9.554E-01	48.800	90	88	89
AF-K4GMK0-F1-model_v4_Q75_lDDT	Q9KJB5_Q75_lDDT.pdb	9.735E-01	9.419E-01	9.628E-01	33.700	90	89	88
AF-K4GMK0-F1-model_v4_Q75_lDDT	A0A0C5LDD9_Q75_lDDT.pdb	9.803E-01	9.482E-01	9.482E-01	33.700	90	89	90
AF-K4GMK0-F1-model_v4_Q75_lDDT	MBL1b_Q75_lDDT.pdb	9.794E-01	9.474E-01	9.474E-01	43.800	90	89	90
AF-K4GMK0-F1-model_v4_Q75_lDDT	A0A0C5LDD5_Q75_lDDT.pdb	9.745E-01	9.428E-01	9.531E-01	29.200	90	89	89
AF-K4GMK0-F1-model_v4_Q75_lDDT	B5L5V9_Q75_lDDT.pdb	9.895E-01	9.357E-01	9.565E-01	36.300	90	88	88
AF-K4GMK0-F1-model_v4_Q75_lDDT	Q9RB00_Q75_lDDT.pdb	9.741E-01	9.425E-01	9.528E-01	32.500	90	89	89
AF-K4GMK0-F1-model_v4_Q75_lDDT	Q4JRB6_Q75_lDDT.pdb	9.739E-01	9.423E-01	9.526E-01	31.400	90	89	89
AF-K4GMK0-F1-model_v4_Q75_lDDT	Q6DTI9_Q75_lDDT.pdb	9.737E-01	9.421E-01	9.524E-01	33.700	90	89	89
AF-K4GMK0-F1-model_v4_Q75_lDDT	Q6DTJ0_Q75_lDDT.pdb	9.737E-01	9.420E-01	9.524E-01	32.500	90	89	89
AF-K4GMK0-F1-model_v4_Q75_lDDT	Q6V8J2_Q75_lDDT.pdb	9.736E-01	9.419E-01	9.522E-01	33.700	90	89	89
AF-K4GMK0-F1-model_v4_Q75_lDDT	Q9K578_Q75_lDDT.pdb	9.773E-01	9.454E-01	9.454E-01	41.500	90	89	90
AF-K4GMK0-F1-model_v4_Q75_lDDT	AF-A0A0D0GMS0-F1-model_v4_Q75_lDDT.pdb	9.772E-01	9.454E-01	9.454E-01	33.700	90	89	90
AF-K4GMK0-F1-model_v4_Q75_lDDT	A0A0C5L392_Q75_lDDT.pdb	9.735E-01	9.418E-01	9.521E-01	31.400	90	89	89
AF-K4GMK0-F1-model_v4_Q75_lDDT	Q5EEU4_Q75_lDDT.pdb	9.730E-01	9.414E-01	9.517E-01	31.400	90	89	89
AF-K4GMK0-F1-model_v4_Q75_lDDT	B5L5V5_Q75_lDDT.pdb	9.767E-01	9.448E-01	9.448E-01	30.300	90	89	90
AF-K4GMK0-F1-model_v4_Q75_lDDT	Q6DTI7_Q75_lDDT.pdb	9.729E-01	9.413E-01	9.516E-01	33.700	90	89	89
AF-K4GMK0-F1-model_v4_Q75_lDDT	B5L5X0_Q75_lDDT.pdb	9.759E-01	9.442E-01	9.442E-01	31.400	90	89	90
AF-K4GMK0-F1-model_v4_Q75_lDDT	A0A0C5LQ44_Q75_lDDT.pdb	9.717E-01	9.402E-01	9.504E-01	31.400	90	89	89
AF-K4GMK0-F1-model_v4_Q75_lDDT	B3SU2_Q75_lDDT.pdb	9.735E-01	9.419E-01	9.419E-01	44.900	90	89	90
AF-K4GMK0-F1-model_v4_Q75_lDDT	Q6DTI5_Q75_lDDT.pdb	9.728E-01	9.412E-01	9.412E-01	32.500	90	89	90
AF-K4GMK0-F1-model_v4_Q75_lDDT	Q6DTI4_Q75_lDDT.pdb	9.728E-01	9.412E-01	9.412E-01	32.500	90	89	90
AF-K4GMK0-F1-model_v4_Q75_lDDT	Q6DTI8_Q75_lDDT.pdb	9.728E-01	9.412E-01	9.412E-01	33.700	90	89	90
AF-K4GMK0-F1-model_v4_Q75_lDDT	Q5S4Q5_Q75_lDDT.pdb	9.726E-01	9.410E-01	9.410E-01	32.500	90	89	90
AF-K4GMK0-F1-model_v4_Q75_lDDT	AF-A0A1L6K5X8-F1-model_v4_Q75_lDDT.pdb	9.662E-01	9.350E-01	9.452E-01	43.800	90	89	89
AF-K4GMK0-F1-model_v4_Q75_lDDT	B3SU1_Q75_lDDT.pdb	9.757E-01	9.229E-01	9.433E-01	45.400	90	88	88
AF-K4GMK0-F1-model_v4_Q75_lDDT	AF-A0A4D6P0I4-F1-model_v4_Q75_lDDT.pdb	9.665E-01	9.353E-01	9.353E-01	48.300	90	89	90
AF-K4GMK0-F1-model_v4_Q75_lDDT	AF-A0A0D6SYW3-F1-model_v4_Q75_lDDT.pdb	9.663E-01	9.351E-01	9.351E-01	48.300	90	89	90
AF-K4GMK0-F1-model_v4_Q75_lDDT	U3U4Q6_Q75_lDDT.pdb	9.651E-01	9.340E-01	9.340E-01	48.300	90	89	90
AF-K4GMK0-F1-model_v4_Q75_lDDT	AF-Q89GW5-F1-model_v4_Q75_lDDT.pdb	9.603E-01	9.295E-01	9.396E-01	40.400	90	89	89
AF-K4GMK0-F1-model_v4_Q75_lDDT	B5L5V2_Q75_lDDT.pdb	9.714E-01	9.193E-01	9.395E-01	32.900	90	88	88
AF-K4GMK0-F1-model_v4_Q75_lDDT	AF-Q6D395-F1-model_v4_Q75_lDDT.pdb	9.718E-01	9.198E-01	9.399E-01	34.000	90	88	88
AF-K4GMK0-F1-model_v4_Q75_lDDT	B5L5W3_Q75_lDDT.pdb	9.663E-01	9.147E-01	9.450E-01	32.900	90	88	87
AF-K4GMK0-F1-model_v4_Q75_lDDT	Q9JRP7_Q75_lDDT.pdb	9.473E-01	9.169E-01	9.268E-01	43.800	90	89	89
B5DCA0_Q75_lDDT	B5DCA0_Q75_lDDT.pdb	1.011E+00	1.000E+00	1.000E+00	100.000	89	89	89
B5DCA0_Q75_lDDT	PJM-1_Q75_lDDT.pdb	1.010E+00	9.758E-01	9.758E-01	88.500	89	87	89
B5DCA0_Q75_lDDT	AF-A0A1L6K5Y8-F1-model_v4_Q75_lDDT.pdb	9.970E-01	9.639E-01	9.533E-01	60.200	89	88	90
B5DCA0_Q75_lDDT	AF-A0A1L6K5Z9-F1-model_v4_Q75_lDDT.pdb	9.913E-01	9.585E-01	9.585E-01	54.000	89	87	89
B5DCA0_Q75_lDDT	AF-Q9AEF9-F1-model_v4_Q75_lDDT.pdb	9.942E-01	9.612E-01	9.507E-01	55.600	89	88	90
B5DCA0_Q75_lDDT	A0A059Q5E8_Q75_lDDT.pdb	9.903E-01	9.575E-01	9.575E-01	60.900	89	87	89
B5DCA0_Q75_lDDT	B5L5V0_Q75_lDDT.pdb	9.936E-01	9.607E-01	9.502E-01	59.000	89	88	90
B5DCA0_Q75_lDDT	G5ELM3_Q75_lDDT.pdb	9.899E-01	9.572E-01	9.572E-01	54.000	89	87	89
B5DCA0_Q75_lDDT	AF-A0A1L6K5Z8-F1-model_v4_Q75_lDDT.pdb	9.922E-01	9.593E-01	9.489E-01	54.500	89	88	90
B5DCA0_Q75_lDDT	A0A0C5LDH9_Q75_lDDT.pdb	9.882E-01	9.556E-01	9.556E-01	55.100	89	87	89
B5DCA0_Q75_lDDT	GRD33_Q75_lDDT.pdb	9.921E-01	9.593E-01	9.488E-01	53.400	89	88	90
B5DCA0_Q75_lDDT	A0A386JBC5_Q75_lDDT.pdb	9.865E-01	9.540E-01	9.540E-01	52.800	89	87	89
B5DCA0_Q75_lDDT	AF-K4GMK0-F1-model_v4_Q75_lDDT.pdb	9.888E-01	9.562E-01	9.458E-01	48.800	89	88	90
B5DCA0_Q75_lDDT	AF-A8GGW7-F1-model_v4_Q75_lDDT.pdb	9.851E-01	9.527E-01	9.527E-01	42.000	89	88	89
B5DCA0_Q75_lDDT	AF-K4GMG4-F1-model_v4_Q75_lDDT.pdb	9.828E-01	9.505E-01	9.505E-01	48.200	89	87	89
B5DCA0_Q75_lDDT	NWM_Q75_lDDT.pdb	9.861E-01	9.536E-01	9.432E-01	47.700	89	88	90
B5DCA0_Q75_lDDT	AF-K4GMG9-F1-model_v6_Q75_lDDT.pdb	9.858E-01	9.534E-01	9.430E-01	46.500	89	88	90
B5DCA0_Q75_lDDT	Q8KKG1_Q75_lDDT.pdb	9.858E-01	9.534E-01	9.430E-01	37.500	89	88	90
B5DCA0_Q75_lDDT	AF-K4GMF9-F1-model_v4_Q75_lDDT.pdb	9.831E-01	9.508E-01	9.405E-01	47.700	89	88	90
B5DCA0_Q75_lDDT	A0A0C5LQ34_Q75_lDDT.pdb	9.758E-01	9.436E-01	9.436E-01	40.900	89	88	89
B5DCA0_Q75_lDDT	ECM-1_Q75_lDDT.pdb	9.819E-01	9.497E-01	9.394E-01	46.500	89	88	90
B5DCA0_Q75_lDDT	Q9KJB1_Q75_lDDT.pdb	9.746E-01	9.428E-01	9.532E-01	34.000	89	88	88
B5DCA0_Q75_lDDT	AF-A0A1L6K5X8-F1-model_v4_Q75_lDDT.pdb	9.779E-01	9.460E-01	9.460E-01	50.000	89	88	89
B5DCA0_Q75_lDDT	B5L5V3_Q75_lDDT.pdb	9.765E-01	9.446E-01	9.446E-01	55.100	89	87	89
B5DCA0_Q75_lDDT	Q9KJB4_Q75_lDDT.pdb	9.737E-01	9.420E-01	9.524E-01	35.200	89	88	88
B5DCA0_Q75_lDDT	Q9KJB6_Q75_lDDT.pdb	9.737E-01	9.420E-01	9.523E-01	35.200	89	88	88
B5DCA0_Q75_lDDT	Q9KJB3_Q75_lDDT.pdb	9.736E-01	9.419E-01	9.522E-01	35.200	89	88	88
B5DCA0_Q75_lDDT	Q9KJB5_Q75_lDDT.pdb	9.733E-01	9.417E-01	9.520E-01	36.300	89	88	88
B5DCA0_Q75_lDDT	Q9KJB2_Q75_lDDT.pdb	9.732E-01	9.416E-01	9.519E-01	32.900	89	88	88
B5DCA0_Q75_lDDT	MBL1b_Q75_lDDT.pdb	9.802E-01	9.481E-01	9.379E-01	36.300	89	88	90
B5DCA0_Q75_lDDT	A0A0C5LQ44_Q75_lDDT.pdb	9.762E-01	9.444E-01	9.444E-01	34.000	89	88	89
B5DCA0_Q75_lDDT	A0A0C5LDD5_Q75_lDDT.pdb	9.759E-01	9.441E-01	9.441E-01	29.500	89	88	89
B5DCA0_Q75_lDDT	A0A0C5LDD9_Q75_lDDT.pdb	9.785E-01	9.466E-01	9.364E-01	29.500	89	88	90
B5DCA0_Q75_lDDT	AF-A0A1L5BQA7-F1-model_v4_Q75_lDDT.pdb	9.776E-01	9.350E-01	9.453E-01	36.700	89	87	88
B5DCA0_Q75_lDDT	Q9RB00_Q75_lDDT.pdb	9.738E-01	9.422E-01	9.422E-01	34.000	89	88	89
B5DCA0_Q75_lDDT	A0A0C5L392_Q75_lDDT.pdb	9.739E-01	9.422E-01	9.422E-01	30.600	89	88	89
B5DCA0_Q75_lDDT	B5L5V5_Q75_lDDT.pdb	9.772E-01	9.453E-01	9.351E-01	32.900	89	88	90
B5DCA0_Q75_lDDT	Q6DTJ0_Q75_lDDT.pdb	9.734E-01	9.418E-01	9.418E-01	35.200	89	88	89
B5DCA0_Q75_lDDT	Q6DTI9_Q75_lDDT.pdb	9.734E-01	9.417E-01	9.417E-01	36.300	89	88	89
B5DCA0_Q75_lDDT	Q6V8J2_Q75_lDDT.pdb	9.734E-01	9.417E-01	9.417E-01	36.300	89	88	89
B5DCA0_Q75_lDDT	Q4JRB6_Q75_lDDT.pdb	9.733E-01	9.416E-01	9.416E-01	32.900	89	88	89
B5DCA0_Q75_lDDT	AF-A0A0D0GMS0-F1-model_v4_Q75_lDDT.pdb	9.769E-01	9.450E-01	9.349E-01	31.800	89	88	90
B5DCA0_Q75_lDDT	B5L5V9_Q75_lDDT.pdb	9.772E-01	9.347E-01	9.450E-01	37.900	89	87	88
B5DCA0_Q75_lDDT	Q9K578_Q75_lDDT.pdb	9.768E-01	9.449E-01	9.348E-01	34.000	89	88	90
B5DCA0_Q75_lDDT	Q6DTI7_Q75_lDDT.pdb	9.730E-01	9.414E-01	9.414E-01	35.200	89	88	89
B5DCA0_Q75_lDDT	B5L5X0_Q75_lDDT.pdb	9.764E-01	9.446E-01	9.344E-01	28.400	89	88	90
B5DCA0_Q75_lDDT	Q5EEU4_Q75_lDDT.pdb	9.722E-01	9.406E-01	9.406E-01	35.200	89	88	89
B5DCA0_Q75_lDDT	B3SU2_Q75_lDDT.pdb	9.747E-01	9.430E-01	9.329E-01	37.500	89	88	90
B5DCA0_Q75_lDDT	Q6DTI8_Q75_lDDT.pdb	9.732E-01	9.416E-01	9.315E-01	34.000	89	88	90
B5DCA0_Q75_lDDT	Q6DTI4_Q75_lDDT.pdb	9.730E-01	9.414E-01	9.313E-01	32.900	89	88	90
B5DCA0_Q75_lDDT	Q6DTI5_Q75_lDDT.pdb	9.728E-01	9.412E-01	9.311E-01	32.900	89	88	90
B5DCA0_Q75_lDDT	Q5S4Q5_Q75_lDDT.pdb	9.725E-01	9.409E-01	9.308E-01	32.900	89	88	90
B5DCA0_Q75_lDDT	AF-A0A0D6SYW3-F1-model_v4_Q75_lDDT.pdb	9.714E-01	9.398E-01	9.298E-01	44.300	89	88	90
B5DCA0_Q75_lDDT	AF-A0A4D6P0I4-F1-model_v4_Q75_lDDT.pdb	9.713E-01	9.398E-01	9.297E-01	44.300	89	88	90
B5DCA0_Q75_lDDT	U3U4Q6_Q75_lDDT.pdb	9.694E-01	9.380E-01	9.280E-01	43.100	89	88	90
B5DCA0_Q75_lDDT	B3SU1_Q75_lDDT.pdb	9.655E-01	9.236E-01	9.337E-01	45.900	89	87	88
B5DCA0_Q75_lDDT	AF-Q89GW5-F1-model_v4_Q75_lDDT.pdb	9.604E-01	9.295E-01	9.295E-01	37.500	89	88	89
B5DCA0_Q75_lDDT	B5L5V2_Q75_lDDT.pdb	9.639E-01	9.224E-01	9.324E-01	36.700	89	87	88
B5DCA0_Q75_lDDT	AF-Q6D395-F1-model_v4_Q75_lDDT.pdb	9.609E-01	9.197E-01	9.296E-01	28.700	89	87	88
B5DCA0_Q75_lDDT	B5L5W3_Q75_lDDT.pdb	9.557E-01	9.148E-01	9.348E-01	32.100	89	87	87
B5DCA0_Q75_lDDT	Q9JRP7_Q75_lDDT.pdb	9.484E-01	9.179E-01	9.179E-01	40.900	89	88	89
B5L5X0_Q75_lDDT	B5L5X0_Q75_lDDT.pdb	1.011E+00	1.000E+00	1.000E+00	100.000	90	90	90
B5L5X0_Q75_lDDT	Q9KJB6_Q75_lDDT.pdb	1.009E+00	9.754E-01	9.975E-01	67.000	90	88	88
B5L5X0_Q75_lDDT	Q9KJB1_Q75_lDDT.pdb	1.009E+00	9.753E-01	9.975E-01	67.000	90	88	88
B5L5X0_Q75_lDDT	Q9KJB5_Q75_lDDT.pdb	1.009E+00	9.753E-01	9.974E-01	68.100	90	88	88
B5L5X0_Q75_lDDT	Q9KJB3_Q75_lDDT.pdb	1.009E+00	9.753E-01	9.974E-01	68.100	90	88	88
B5L5X0_Q75_lDDT	Q9KJB4_Q75_lDDT.pdb	1.009E+00	9.752E-01	9.973E-01	68.100	90	88	88
B5L5X0_Q75_lDDT	Q9KJB2_Q75_lDDT.pdb	1.008E+00	9.748E-01	9.969E-01	67.000	90	88	88
B5L5X0_Q75_lDDT	A0A0C5L392_Q75_lDDT.pdb	1.009E+00	9.759E-01	9.869E-01	75.000	90	88	89
B5L5X0_Q75_lDDT	A0A0C5LDD9_Q75_lDDT.pdb	9.939E-01	9.830E-01	9.830E-01	71.100	90	90	90
B5L5X0_Q75_lDDT	Q4JRB6_Q75_lDDT.pdb	1.009E+00	9.755E-01	9.865E-01	68.100	90	88	89
B5L5X0_Q75_lDDT	Q5EEU4_Q75_lDDT.pdb	1.009E+00	9.755E-01	9.864E-01	69.300	90	88	89
B5L5X0_Q75_lDDT	B5L5V5_Q75_lDDT.pdb	9.928E-01	9.818E-01	9.818E-01	75.500	90	90	90
B5L5X0_Q75_lDDT	Q6DTI9_Q75_lDDT.pdb	1.009E+00	9.753E-01	9.863E-01	68.100	90	88	89
B5L5X0_Q75_lDDT	Q6DTJ0_Q75_lDDT.pdb	1.009E+00	9.753E-01	9.862E-01	68.100	90	88	89
B5L5X0_Q75_lDDT	Q6V8J2_Q75_lDDT.pdb	1.009E+00	9.753E-01	9.862E-01	68.100	90	88	89
B5L5X0_Q75_lDDT	A0A0C5LQ44_Q75_lDDT.pdb	1.009E+00	9.751E-01	9.861E-01	72.700	90	88	89
B5L5X0_Q75_lDDT	Q6DTI7_Q75_lDDT.pdb	1.009E+00	9.751E-01	9.861E-01	70.400	90	88	89
B5L5X0_Q75_lDDT	Q9RB00_Q75_lDDT.pdb	1.009E+00	9.751E-01	9.860E-01	68.100	90	88	89
B5L5X0_Q75_lDDT	A0A0C5LDD5_Q75_lDDT.pdb	1.008E+00	9.748E-01	9.857E-01	71.500	90	88	89
B5L5X0_Q75_lDDT	Q5S4Q5_Q75_lDDT.pdb	9.926E-01	9.817E-01	9.817E-01	68.800	90	90	90
B5L5X0_Q75_lDDT	Q6DTI5_Q75_lDDT.pdb	9.920E-01	9.811E-01	9.811E-01	68.800	90	90	90
B5L5X0_Q75_lDDT	AF-A0A0D0GMS0-F1-model_v4_Q75_lDDT.pdb	9.998E-01	9.777E-01	9.777E-01	77.500	90	89	90
B5L5X0_Q75_lDDT	Q6DTI4_Q75_lDDT.pdb	9.909E-01	9.799E-01	9.799E-01	68.800	90	90	90
B5L5X0_Q75_lDDT	Q6DTI8_Q75_lDDT.pdb	9.907E-01	9.798E-01	9.798E-01	67.700	90	90	90
B5L5X0_Q75_lDDT	B3SU2_Q75_lDDT.pdb	1.001E+00	9.680E-01	9.680E-01	51.100	90	88	90
B5L5X0_Q75_lDDT	B5L5V9_Q75_lDDT.pdb	1.009E+00	9.533E-01	9.749E-01	67.000	90	88	88
B5L5X0_Q75_lDDT	Q9K578_Q75_lDDT.pdb	9.985E-01	9.657E-01	9.657E-01	54.500	90	88	90
B5L5X0_Q75_lDDT	AF-Q89GW5-F1-model_v4_Q75_lDDT.pdb	9.906E-01	9.583E-01	9.688E-01	50.000	90	88	89
B5L5X0_Q75_lDDT	AF-A8GGW7-F1-model_v4_Q75_lDDT.pdb	9.896E-01	9.573E-01	9.678E-01	36.300	90	88	89
B5L5X0_Q75_lDDT	Q8KKG1_Q75_lDDT.pdb	9.902E-01	9.578E-01	9.578E-01	35.200	90	88	90
B5L5X0_Q75_lDDT	MBL1b_Q75_lDDT.pdb	9.857E-01	9.536E-01	9.536E-01	35.200	90	88	90
B5L5X0_Q75_lDDT	A0A0C5LQ34_Q75_lDDT.pdb	9.869E-01	9.440E-01	9.544E-01	45.400	90	88	89
B5L5X0_Q75_lDDT	A0A0C5LDH9_Q75_lDDT.pdb	9.869E-01	9.440E-01	9.544E-01	37.500	90	88	89
B5L5X0_Q75_lDDT	AF-A0A1L6K5Z9-F1-model_v4_Q75_lDDT.pdb	9.859E-01	9.431E-01	9.535E-01	31.800	90	88	89
B5L5X0_Q75_lDDT	A0A386JBC5_Q75_lDDT.pdb	9.858E-01	9.430E-01	9.534E-01	36.300	90	88	89
B5L5X0_Q75_lDDT	B5L5W3_Q75_lDDT.pdb	9.843E-01	9.309E-01	9.622E-01	51.100	90	88	87
B5L5X0_Q75_lDDT	AF-Q9AEF9-F1-model_v4_Q75_lDDT.pdb	9.775E-01	9.456E-01	9.456E-01	33.700	90	89	90
B5L5X0_Q75_lDDT	A0A059Q5E8_Q75_lDDT.pdb	9.843E-01	9.417E-01	9.520E-01	36.300	90	88	89
B5L5X0_Q75_lDDT	B5L5V2_Q75_lDDT.pdb	9.873E-01	9.336E-01	9.543E-01	51.100	90	88	88
B5L5X0_Q75_lDDT	AF-K4GMK0-F1-model_v4_Q75_lDDT.pdb	9.759E-01	9.442E-01	9.442E-01	31.400	90	89	90
B5L5X0_Q75_lDDT	AF-K4GMG4-F1-model_v4_Q75_lDDT.pdb	9.825E-01	9.400E-01	9.503E-01	34.000	90	88	89
B5L5X0_Q75_lDDT	AF-K4GMG9-F1-model_v6_Q75_lDDT.pdb	9.735E-01	9.418E-01	9.418E-01	24.700	90	89	90
B5L5X0_Q75_lDDT	AF-K4GMF9-F1-model_v4_Q75_lDDT.pdb	9.733E-01	9.416E-01	9.416E-01	25.800	90	89	90
B5L5X0_Q75_lDDT	AF-A0A1L6K5Y8-F1-model_v4_Q75_lDDT.pdb	9.727E-01	9.411E-01	9.411E-01	33.700	90	89	90
B5L5X0_Q75_lDDT	B5L5V3_Q75_lDDT.pdb	9.796E-01	9.374E-01	9.476E-01	29.500	90	88	89
B5L5X0_Q75_lDDT	ECM-1_Q75_lDDT.pdb	9.720E-01	9.404E-01	9.404E-01	26.900	90	89	90
B5L5X0_Q75_lDDT	AF-A0A1L6K5X8-F1-model_v4_Q75_lDDT.pdb	9.711E-01	9.399E-01	9.501E-01	28.400	90	88	89
B5L5X0_Q75_lDDT	B5L5V0_Q75_lDDT.pdb	9.717E-01	9.401E-01	9.401E-01	29.200	90	89	90
B5L5X0_Q75_lDDT	NWM_Q75_lDDT.pdb	9.716E-01	9.400E-01	9.400E-01	32.500	90	89	90
B5L5X0_Q75_lDDT	AF-A0A1L5BQA7-F1-model_v4_Q75_lDDT.pdb	9.818E-01	9.287E-01	9.492E-01	32.900	90	88	88
B5L5X0_Q75_lDDT	AF-A0A4D6P0I4-F1-model_v4_Q75_lDDT.pdb	9.722E-01	9.409E-01	9.409E-01	30.600	90	88	90
B5L5X0_Q75_lDDT	AF-A0A0D6SYW3-F1-model_v4_Q75_lDDT.pdb	9.722E-01	9.409E-01	9.409E-01	30.600	90	88	90
B5L5X0_Q75_lDDT	G5ELM3_Q75_lDDT.pdb	9.766E-01	9.346E-01	9.448E-01	32.900	90	88	89
B5L5X0_Q75_lDDT	PJM-1_Q75_lDDT.pdb	9.764E-01	9.344E-01	9.445E-01	28.400	90	88	89
B5L5X0_Q75_lDDT	B5DCA0_Q75_lDDT.pdb	9.764E-01	9.344E-01	9.446E-01	28.400	90	88	89
B5L5X0_Q75_lDDT	U3U4Q6_Q75_lDDT.pdb	9.712E-01	9.400E-01	9.400E-01	30.600	90	88	90
B5L5X0_Q75_lDDT	Q9JRP7_Q75_lDDT.pdb	9.589E-01	9.281E-01	9.381E-01	23.800	90	88	89
B5L5X0_Q75_lDDT	GRD33_Q75_lDDT.pdb	9.560E-01	9.255E-01	9.255E-01	25.800	90	89	90
B5L5X0_Q75_lDDT	AF-A0A1L6K5Z8-F1-model_v4_Q75_lDDT.pdb	9.552E-01	9.247E-01	9.247E-01	22.400	90	89	90
B5L5X0_Q75_lDDT	AF-Q6D395-F1-model_v4_Q75_lDDT.pdb	9.654E-01	9.140E-01	9.339E-01	35.200	90	88	88
B5L5X0_Q75_lDDT	B3SU1_Q75_lDDT.pdb	9.581E-01	9.072E-01	9.269E-01	27.200	90	88	88
Q9RB00_Q75_lDDT	Q9RB00_Q75_lDDT.pdb	1.011E+00	1.000E+00	1.000E+00	100.000	89	89	89
Q9RB00_Q75_lDDT	Q6DTI7_Q75_lDDT.pdb	1.010E+00	9.986E-01	9.986E-01	96.600	89	89	89
Q9RB00_Q75_lDDT	Q6V8J2_Q75_lDDT.pdb	1.009E+00	9.976E-01	9.976E-01	95.500	89	89	89
Q9RB00_Q75_lDDT	Q6DTI9_Q75_lDDT.pdb	1.009E+00	9.975E-01	9.975E-01	95.500	89	89	89
Q9RB00_Q75_lDDT	Q6DTJ0_Q75_lDDT.pdb	1.007E+00	9.954E-01	9.954E-01	94.300	89	89	89
Q9RB00_Q75_lDDT	Q9KJB4_Q75_lDDT.pdb	1.011E+00	9.886E-01	9.999E-01	98.800	89	88	88
Q9RB00_Q75_lDDT	Q9KJB6_Q75_lDDT.pdb	1.011E+00	9.886E-01	9.998E-01	97.700	89	88	88
Q9RB00_Q75_lDDT	Q9KJB3_Q75_lDDT.pdb	1.011E+00	9.886E-01	9.998E-01	96.500	89	88	88
Q9RB00_Q75_lDDT	Q9KJB5_Q75_lDDT.pdb	1.011E+00	9.885E-01	9.998E-01	95.400	89	88	88
Q9RB00_Q75_lDDT	Q9KJB1_Q75_lDDT.pdb	1.011E+00	9.885E-01	9.998E-01	95.400	89	88	88
Q9RB00_Q75_lDDT	Q9KJB2_Q75_lDDT.pdb	1.011E+00	9.884E-01	9.997E-01	98.800	89	88	88
Q9RB00_Q75_lDDT	A0A0C5L392_Q75_lDDT.pdb	1.006E+00	9.949E-01	9.949E-01	79.700	89	89	89
Q9RB00_Q75_lDDT	Q5EEU4_Q75_lDDT.pdb	1.006E+00	9.944E-01	9.944E-01	91.000	89	89	89
Q9RB00_Q75_lDDT	Q4JRB6_Q75_lDDT.pdb	1.003E+00	9.919E-01	9.919E-01	98.800	89	89	89
Q9RB00_Q75_lDDT	A0A0C5LDD5_Q75_lDDT.pdb	1.004E+00	9.929E-01	9.929E-01	78.600	89	89	89
Q9RB00_Q75_lDDT	A0A0C5LQ44_Q75_lDDT.pdb	1.002E+00	9.912E-01	9.912E-01	80.800	89	89	89
Q9RB00_Q75_lDDT	Q6DTI4_Q75_lDDT.pdb	1.003E+00	9.915E-01	9.805E-01	93.300	89	90	90
Q9RB00_Q75_lDDT	Q6DTI8_Q75_lDDT.pdb	1.002E+00	9.911E-01	9.801E-01	93.300	89	90	90
Q9RB00_Q75_lDDT	Q6DTI5_Q75_lDDT.pdb	1.002E+00	9.910E-01	9.800E-01	93.300	89	90	90
Q9RB00_Q75_lDDT	Q5S4Q5_Q75_lDDT.pdb	1.002E+00	9.908E-01	9.798E-01	93.300	89	90	90
Q9RB00_Q75_lDDT	AF-A0A0D0GMS0-F1-model_v4_Q75_lDDT.pdb	1.001E+00	9.901E-01	9.792E-01	71.100	89	90	90
Q9RB00_Q75_lDDT	B5L5V5_Q75_lDDT.pdb	1.009E+00	9.865E-01	9.755E-01	64.700	89	88	90
Q9RB00_Q75_lDDT	B5L5X0_Q75_lDDT.pdb	1.009E+00	9.860E-01	9.751E-01	68.100	89	88	90
Q9RB00_Q75_lDDT	A0A0C5LDD9_Q75_lDDT.pdb	1.008E+00	9.852E-01	9.743E-01	68.100	89	88	90
Q9RB00_Q75_lDDT	B5L5V9_Q75_lDDT.pdb	9.990E-01	9.655E-01	9.764E-01	59.500	89	89	88
Q9RB00_Q75_lDDT	B3SU2_Q75_lDDT.pdb	9.982E-01	9.761E-01	9.654E-01	48.800	89	88	90
Q9RB00_Q75_lDDT	Q9K578_Q75_lDDT.pdb	9.961E-01	9.740E-01	9.633E-01	52.200	89	88	90
Q9RB00_Q75_lDDT	AF-Q89GW5-F1-model_v4_Q75_lDDT.pdb	9.914E-01	9.695E-01	9.695E-01	45.400	89	88	89
Q9RB00_Q75_lDDT	AF-A8GGW7-F1-model_v4_Q75_lDDT.pdb	9.857E-01	9.641E-01	9.641E-01	38.600	89	88	89
Q9RB00_Q75_lDDT	Q8KKG1_Q75_lDDT.pdb	9.862E-01	9.645E-01	9.541E-01	36.300	89	88	90
Q9RB00_Q75_lDDT	B5L5W3_Q75_lDDT.pdb	9.890E-01	9.454E-01	9.667E-01	48.800	89	88	87
Q9RB00_Q75_lDDT	B5L5V2_Q75_lDDT.pdb	9.911E-01	9.473E-01	9.579E-01	57.900	89	88	88
Q9RB00_Q75_lDDT	A0A386JBC5_Q75_lDDT.pdb	9.854E-01	9.530E-01	9.530E-01	36.300	89	88	89
Q9RB00_Q75_lDDT	A0A0C5LDH9_Q75_lDDT.pdb	9.850E-01	9.526E-01	9.526E-01	36.300	89	88	89
Q9RB00_Q75_lDDT	MBL1b_Q75_lDDT.pdb	9.806E-01	9.592E-01	9.489E-01	36.300	89	88	90
Q9RB00_Q75_lDDT	AF-A0A1L6K5Z9-F1-model_v4_Q75_lDDT.pdb	9.845E-01	9.522E-01	9.522E-01	35.200	89	88	89
Q9RB00_Q75_lDDT	AF-Q9AEF9-F1-model_v4_Q75_lDDT.pdb	9.756E-01	9.542E-01	9.438E-01	34.800	89	89	90
Q9RB00_Q75_lDDT	A0A0C5LQ34_Q75_lDDT.pdb	9.827E-01	9.504E-01	9.504E-01	42.000	89	88	89
Q9RB00_Q75_lDDT	A0A059Q5E8_Q75_lDDT.pdb	9.828E-01	9.506E-01	9.506E-01	35.200	89	88	89
Q9RB00_Q75_lDDT	AF-K4GMK0-F1-model_v4_Q75_lDDT.pdb	9.741E-01	9.528E-01	9.425E-01	32.500	89	89	90
Q9RB00_Q75_lDDT	AF-K4GMG4-F1-model_v4_Q75_lDDT.pdb	9.807E-01	9.486E-01	9.486E-01	32.900	89	88	89
Q9RB00_Q75_lDDT	AF-A0A1L6K5Y8-F1-model_v4_Q75_lDDT.pdb	9.717E-01	9.505E-01	9.402E-01	32.500	89	89	90
Q9RB00_Q75_lDDT	B5L5V3_Q75_lDDT.pdb	9.780E-01	9.461E-01	9.461E-01	35.200	89	88	89
Q9RB00_Q75_lDDT	B5L5V0_Q75_lDDT.pdb	9.702E-01	9.490E-01	9.388E-01	32.500	89	89	90
Q9RB00_Q75_lDDT	NWM_Q75_lDDT.pdb	9.700E-01	9.488E-01	9.385E-01	30.300	89	89	90
Q9RB00_Q75_lDDT	AF-K4GMF9-F1-model_v4_Q75_lDDT.pdb	9.697E-01	9.485E-01	9.382E-01	31.400	89	89	90
Q9RB00_Q75_lDDT	AF-K4GMG9-F1-model_v6_Q75_lDDT.pdb	9.698E-01	9.486E-01	9.384E-01	31.400	89	89	90
Q9RB00_Q75_lDDT	ECM-1_Q75_lDDT.pdb	9.688E-01	9.477E-01	9.374E-01	30.300	89	89	90
Q9RB00_Q75_lDDT	G5ELM3_Q75_lDDT.pdb	9.737E-01	9.421E-01	9.421E-01	30.600	89	88	89
Q9RB00_Q75_lDDT	B5DCA0_Q75_lDDT.pdb	9.738E-01	9.422E-01	9.422E-01	34.000	89	88	89
Q9RB00_Q75_lDDT	AF-A0A1L5BQA7-F1-model_v4_Q75_lDDT.pdb	9.778E-01	9.352E-01	9.455E-01	35.200	89	88	88
Q9RB00_Q75_lDDT	PJM-1_Q75_lDDT.pdb	9.733E-01	9.417E-01	9.417E-01	31.800	89	88	89
Q9RB00_Q75_lDDT	AF-A0A1L6K5X8-F1-model_v4_Q75_lDDT.pdb	9.631E-01	9.424E-01	9.424E-01	27.200	89	88	89
Q9RB00_Q75_lDDT	U3U4Q6_Q75_lDDT.pdb	9.653E-01	9.445E-01	9.344E-01	28.400	89	88	90
Q9RB00_Q75_lDDT	AF-A0A4D6P0I4-F1-model_v4_Q75_lDDT.pdb	9.649E-01	9.441E-01	9.340E-01	27.200	89	88	90
Q9RB00_Q75_lDDT	AF-A0A0D6SYW3-F1-model_v4_Q75_lDDT.pdb	9.648E-01	9.441E-01	9.340E-01	27.200	89	88	90
Q9RB00_Q75_lDDT	Q9JRP7_Q75_lDDT.pdb	9.518E-01	9.313E-01	9.313E-01	25.000	89	88	89
Q9RB00_Q75_lDDT	AF-Q6D395-F1-model_v4_Q75_lDDT.pdb	9.645E-01	9.231E-01	9.331E-01	35.200	89	88	88
Q9RB00_Q75_lDDT	GRD33_Q75_lDDT.pdb	9.520E-01	9.316E-01	9.217E-01	31.400	89	89	90
Q9RB00_Q75_lDDT	AF-A0A1L6K5Z8-F1-model_v4_Q75_lDDT.pdb	9.510E-01	9.306E-01	9.207E-01	29.200	89	89	90
Q9RB00_Q75_lDDT	B3SU1_Q75_lDDT.pdb	9.563E-01	9.152E-01	9.251E-01	29.500	89	88	88
Q5EEU4_Q75_lDDT	Q5EEU4_Q75_lDDT.pdb	1.011E+00	1.000E+00	1.000E+00	100.000	89	89	89
Q5EEU4_Q75_lDDT	Q6DTJ0_Q75_lDDT.pdb	1.009E+00	9.981E-01	9.981E-01	89.800	89	89	89
Q5EEU4_Q75_lDDT	Q6DTI7_Q75_lDDT.pdb	1.009E+00	9.973E-01	9.973E-01	91.000	89	89	89
Q5EEU4_Q75_lDDT	Q6V8J2_Q75_lDDT.pdb	1.008E+00	9.972E-01	9.972E-01	91.000	89	89	89
Q5EEU4_Q75_lDDT	A0A0C5L392_Q75_lDDT.pdb	1.008E+00	9.972E-01	9.972E-01	82.000	89	89	89
Q5EEU4_Q75_lDDT	Q6DTI9_Q75_lDDT.pdb	1.008E+00	9.966E-01	9.966E-01	91.000	89	89	89
Q5EEU4_Q75_lDDT	Q9KJB6_Q75_lDDT.pdb	1.011E+00	9.883E-01	9.995E-01	90.900	89	88	88
Q5EEU4_Q75_lDDT	Q9KJB5_Q75_lDDT.pdb	1.011E+00	9.883E-01	9.995E-01	90.900	89	88	88
Q5EEU4_Q75_lDDT	Q9KJB4_Q75_lDDT.pdb	1.011E+00	9.882E-01	9.994E-01	92.000	89	88	88
Q5EEU4_Q75_lDDT	Q9KJB3_Q75_lDDT.pdb	1.011E+00	9.882E-01	9.994E-01	89.700	89	88	88
Q5EEU4_Q75_lDDT	Q4JRB6_Q75_lDDT.pdb	1.006E+00	9.950E-01	9.950E-01	89.800	89	89	89
Q5EEU4_Q75_lDDT	Q9KJB1_Q75_lDDT.pdb	1.011E+00	9.880E-01	9.992E-01	89.700	89	88	88
Q5EEU4_Q75_lDDT	Q9RB00_Q75_lDDT.pdb	1.006E+00	9.944E-01	9.944E-01	91.000	89	89	89
Q5EEU4_Q75_lDDT	Q9KJB2_Q75_lDDT.pdb	1.010E+00	9.878E-01	9.990E-01	89.700	89	88	88
Q5EEU4_Q75_lDDT	A0A0C5LDD5_Q75_lDDT.pdb	1.001E+00	9.894E-01	9.894E-01	79.700	89	89	89
Q5EEU4_Q75_lDDT	A0A0C5LQ44_Q75_lDDT.pdb	9.997E-01	9.885E-01	9.885E-01	80.800	89	89	89
Q5EEU4_Q75_lDDT	Q6DTI4_Q75_lDDT.pdb	1.003E+00	9.921E-01	9.811E-01	88.800	89	90	90
Q5EEU4_Q75_lDDT	Q6DTI8_Q75_lDDT.pdb	1.003E+00	9.920E-01	9.810E-01	88.800	89	90	90
Q5EEU4_Q75_lDDT	Q6DTI5_Q75_lDDT.pdb	1.003E+00	9.914E-01	9.804E-01	88.800	89	90	90
Q5EEU4_Q75_lDDT	Q5S4Q5_Q75_lDDT.pdb	1.002E+00	9.911E-01	9.801E-01	88.800	89	90	90
Q5EEU4_Q75_lDDT	B5L5V5_Q75_lDDT.pdb	1.001E+00	9.894E-01	9.785E-01	65.500	89	90	90
Q5EEU4_Q75_lDDT	AF-A0A0D0GMS0-F1-model_v4_Q75_lDDT.pdb	1.000E+00	9.893E-01	9.783E-01	71.100	89	90	90
Q5EEU4_Q75_lDDT	B5L5X0_Q75_lDDT.pdb	1.009E+00	9.864E-01	9.755E-01	69.300	89	88	90
Q5EEU4_Q75_lDDT	A0A0C5LDD9_Q75_lDDT.pdb	1.008E+00	9.859E-01	9.750E-01	69.300	89	88	90
Q5EEU4_Q75_lDDT	B5L5V9_Q75_lDDT.pdb	1.001E+00	9.676E-01	9.785E-01	60.600	89	89	88
Q5EEU4_Q75_lDDT	B3SU2_Q75_lDDT.pdb	9.995E-01	9.773E-01	9.666E-01	47.700	89	88	90
Q5EEU4_Q75_lDDT	Q9K578_Q75_lDDT.pdb	9.965E-01	9.744E-01	9.638E-01	51.100	89	88	90
Q5EEU4_Q75_lDDT	AF-Q89GW5-F1-model_v4_Q75_lDDT.pdb	9.912E-01	9.694E-01	9.694E-01	46.500	89	88	89
Q5EEU4_Q75_lDDT	AF-A8GGW7-F1-model_v4_Q75_lDDT.pdb	9.851E-01	9.635E-01	9.635E-01	42.000	89	88	89
Q5EEU4_Q75_lDDT	Q8KKG1_Q75_lDDT.pdb	9.855E-01	9.639E-01	9.534E-01	37.500	89	88	90
Q5EEU4_Q75_lDDT	B5L5W3_Q75_lDDT.pdb	9.882E-01	9.447E-01	9.659E-01	45.400	89	88	87
Q5EEU4_Q75_lDDT	B5L5V2_Q75_lDDT.pdb	9.897E-01	9.461E-01	9.566E-01	55.600	89	88	88
Q5EEU4_Q75_lDDT	A0A0C5LDH9_Q75_lDDT.pdb	9.849E-01	9.526E-01	9.526E-01	37.500	89	88	89
Q5EEU4_Q75_lDDT	A0A386JBC5_Q75_lDDT.pdb	9.846E-01	9.522E-01	9.522E-01	39.700	89	88	89
Q5EEU4_Q75_lDDT	MBL1b_Q75_lDDT.pdb	9.804E-01	9.590E-01	9.486E-01	37.500	89	88	90
Q5EEU4_Q75_lDDT	AF-A0A1L6K5Z9-F1-model_v4_Q75_lDDT.pdb	9.831E-01	9.508E-01	9.508E-01	37.500	89	88	89
Q5EEU4_Q75_lDDT	AF-Q9AEF9-F1-model_v4_Q75_lDDT.pdb	9.749E-01	9.535E-01	9.432E-01	35.900	89	89	90
Q5EEU4_Q75_lDDT	A0A0C5LQ34_Q75_lDDT.pdb	9.814E-01	9.492E-01	9.492E-01	42.000	89	88	89
Q5EEU4_Q75_lDDT	A0A059Q5E8_Q75_lDDT.pdb	9.816E-01	9.494E-01	9.494E-01	37.500	89	88	89
Q5EEU4_Q75_lDDT	AF-K4GMK0-F1-model_v4_Q75_lDDT.pdb	9.730E-01	9.517E-01	9.414E-01	31.400	89	89	90
Q5EEU4_Q75_lDDT	AF-K4GMG4-F1-model_v4_Q75_lDDT.pdb	9.786E-01	9.466E-01	9.466E-01	35.200	89	88	89
Q5EEU4_Q75_lDDT	AF-A0A1L6K5Y8-F1-model_v4_Q75_lDDT.pdb	9.706E-01	9.494E-01	9.392E-01	33.700	89	89	90
Q5EEU4_Q75_lDDT	B5L5V3_Q75_lDDT.pdb	9.777E-01	9.457E-01	9.457E-01	37.500	89	88	89
Q5EEU4_Q75_lDDT	B5L5V0_Q75_lDDT.pdb	9.693E-01	9.482E-01	9.380E-01	34.800	89	89	90
Q5EEU4_Q75_lDDT	AF-K4GMF9-F1-model_v4_Q75_lDDT.pdb	9.688E-01	9.477E-01	9.374E-01	32.500	89	89	90
Q5EEU4_Q75_lDDT	NWM_Q75_lDDT.pdb	9.690E-01	9.479E-01	9.377E-01	32.500	89	89	90
Q5EEU4_Q75_lDDT	AF-K4GMG9-F1-model_v6_Q75_lDDT.pdb	9.687E-01	9.475E-01	9.373E-01	32.500	89	89	90
Q5EEU4_Q75_lDDT	ECM-1_Q75_lDDT.pdb	9.680E-01	9.469E-01	9.367E-01	31.400	89	89	90
Q5EEU4_Q75_lDDT	AF-A0A1L5BQA7-F1-model_v4_Q75_lDDT.pdb	9.779E-01	9.353E-01	9.456E-01	38.600	89	88	88
Q5EEU4_Q75_lDDT	G5ELM3_Q75_lDDT.pdb	9.728E-01	9.412E-01	9.412E-01	31.800	89	88	89
Q5EEU4_Q75_lDDT	AF-A0A1L6K5X8-F1-model_v4_Q75_lDDT.pdb	9.641E-01	9.434E-01	9.434E-01	29.500	89	88	89
Q5EEU4_Q75_lDDT	B5DCA0_Q75_lDDT.pdb	9.722E-01	9.406E-01	9.406E-01	35.200	89	88	89
Q5EEU4_Q75_lDDT	PJM-1_Q75_lDDT.pdb	9.719E-01	9.404E-01	9.404E-01	34.000	89	88	89
Q5EEU4_Q75_lDDT	U3U4Q6_Q75_lDDT.pdb	9.662E-01	9.454E-01	9.353E-01	29.500	89	88	90
Q5EEU4_Q75_lDDT	AF-A0A4D6P0I4-F1-model_v4_Q75_lDDT.pdb	9.657E-01	9.449E-01	9.348E-01	27.200	89	88	90
Q5EEU4_Q75_lDDT	AF-A0A0D6SYW3-F1-model_v4_Q75_lDDT.pdb	9.657E-01	9.449E-01	9.348E-01	27.200	89	88	90
Q5EEU4_Q75_lDDT	Q9JRP7_Q75_lDDT.pdb	9.533E-01	9.327E-01	9.327E-01	26.100	89	88	89
Q5EEU4_Q75_lDDT	GRD33_Q75_lDDT.pdb	9.516E-01	9.312E-01	9.213E-01	32.500	89	89	90
Q5EEU4_Q75_lDDT	AF-Q6D395-F1-model_v4_Q75_lDDT.pdb	9.630E-01	9.217E-01	9.317E-01	38.600	89	88	88
Q5EEU4_Q75_lDDT	AF-A0A1L6K5Z8-F1-model_v4_Q75_lDDT.pdb	9.509E-01	9.305E-01	9.206E-01	30.300	89	89	90
Q5EEU4_Q75_lDDT	B3SU1_Q75_lDDT.pdb	9.551E-01	9.142E-01	9.241E-01	31.800	89	88	88
Q6DTI9_Q75_lDDT	Q6DTI9_Q75_lDDT.pdb	1.011E+00	1.000E+00	1.000E+00	100.000	89	89	89
Q6DTI9_Q75_lDDT	Q6V8J2_Q75_lDDT.pdb	1.011E+00	9.999E-01	9.999E-01	100.000	89	89	89
Q6DTI9_Q75_lDDT	Q6DTI7_Q75_lDDT.pdb	1.011E+00	9.992E-01	9.992E-01	96.600	89	89	89
Q6DTI9_Q75_lDDT	Q6DTJ0_Q75_lDDT.pdb	1.010E+00	9.991E-01	9.991E-01	98.800	89	89	89
Q6DTI9_Q75_lDDT	A0A0C5L392_Q75_lDDT.pdb	1.010E+00	9.986E-01	9.986E-01	78.600	89	89	89
Q6DTI9_Q75_lDDT	Q9RB00_Q75_lDDT.pdb	1.009E+00	9.975E-01	9.975E-01	95.500	89	89	89
Q6DTI9_Q75_lDDT	Q5EEU4_Q75_lDDT.pdb	1.008E+00	9.966E-01	9.966E-01	91.000	89	89	89
Q6DTI9_Q75_lDDT	Q9KJB5_Q75_lDDT.pdb	1.011E+00	9.887E-01	9.999E-01	100.000	89	88	88
Q6DTI9_Q75_lDDT	Q9KJB6_Q75_lDDT.pdb	1.011E+00	9.887E-01	9.999E-01	97.700	89	88	88
Q6DTI9_Q75_lDDT	Q9KJB4_Q75_lDDT.pdb	1.011E+00	9.887E-01	9.999E-01	96.500	89	88	88
Q6DTI9_Q75_lDDT	Q9KJB3_Q75_lDDT.pdb	1.011E+00	9.887E-01	9.999E-01	98.800	89	88	88
Q6DTI9_Q75_lDDT	Q9KJB1_Q75_lDDT.pdb	1.011E+00	9.886E-01	9.998E-01	95.400	89	88	88
Q6DTI9_Q75_lDDT	Q9KJB2_Q75_lDDT.pdb	1.011E+00	9.882E-01	9.994E-01	94.300	89	88	88
Q6DTI9_Q75_lDDT	Q4JRB6_Q75_lDDT.pdb	1.006E+00	9.946E-01	9.946E-01	94.300	89	89	89
Q6DTI9_Q75_lDDT	A0A0C5LDD5_Q75_lDDT.pdb	1.002E+00	9.906E-01	9.906E-01	78.600	89	89	89
Q6DTI9_Q75_lDDT	A0A0C5LQ44_Q75_lDDT.pdb	1.000E+00	9.890E-01	9.890E-01	79.700	89	89	89
Q6DTI9_Q75_lDDT	Q6DTI4_Q75_lDDT.pdb	1.003E+00	9.921E-01	9.811E-01	93.300	89	90	90
Q6DTI9_Q75_lDDT	Q6DTI5_Q75_lDDT.pdb	1.003E+00	9.918E-01	9.808E-01	93.300	89	90	90
Q6DTI9_Q75_lDDT	Q6DTI8_Q75_lDDT.pdb	1.003E+00	9.917E-01	9.807E-01	93.300	89	90	90
Q6DTI9_Q75_lDDT	Q5S4Q5_Q75_lDDT.pdb	1.003E+00	9.915E-01	9.805E-01	93.300	89	90	90
Q6DTI9_Q75_lDDT	AF-A0A0D0GMS0-F1-model_v4_Q75_lDDT.pdb	1.001E+00	9.894E-01	9.785E-01	73.300	89	90	90
Q6DTI9_Q75_lDDT	B5L5V5_Q75_lDDT.pdb	9.998E-01	9.886E-01	9.777E-01	64.400	89	90	90
Q6DTI9_Q75_lDDT	B5L5X0_Q75_lDDT.pdb	1.009E+00	9.863E-01	9.753E-01	68.100	89	88	90
Q6DTI9_Q75_lDDT	A0A0C5LDD9_Q75_lDDT.pdb	1.008E+00	9.854E-01	9.745E-01	69.300	89	88	90
Q6DTI9_Q75_lDDT	B5L5V9_Q75_lDDT.pdb	9.995E-01	9.660E-01	9.769E-01	61.700	89	89	88
Q6DTI9_Q75_lDDT	B3SU2_Q75_lDDT.pdb	9.989E-01	9.767E-01	9.660E-01	47.700	89	88	90
Q6DTI9_Q75_lDDT	Q9K578_Q75_lDDT.pdb	9.962E-01	9.742E-01	9.635E-01	52.200	89	88	90
Q6DTI9_Q75_lDDT	AF-Q89GW5-F1-model_v4_Q75_lDDT.pdb	9.917E-01	9.698E-01	9.698E-01	46.500	89	88	89
Q6DTI9_Q75_lDDT	AF-A8GGW7-F1-model_v4_Q75_lDDT.pdb	9.856E-01	9.640E-01	9.640E-01	42.000	89	88	89
Q6DTI9_Q75_lDDT	Q8KKG1_Q75_lDDT.pdb	9.860E-01	9.644E-01	9.539E-01	37.500	89	88	90
Q6DTI9_Q75_lDDT	B5L5W3_Q75_lDDT.pdb	9.892E-01	9.456E-01	9.669E-01	46.500	89	88	87
Q6DTI9_Q75_lDDT	B5L5V2_Q75_lDDT.pdb	9.911E-01	9.474E-01	9.579E-01	54.500	89	88	88
Q6DTI9_Q75_lDDT	A0A386JBC5_Q75_lDDT.pdb	9.854E-01	9.530E-01	9.530E-01	39.700	89	88	89
Q6DTI9_Q75_lDDT	A0A0C5LDH9_Q75_lDDT.pdb	9.852E-01	9.528E-01	9.528E-01	36.300	89	88	89
Q6DTI9_Q75_lDDT	MBL1b_Q75_lDDT.pdb	9.806E-01	9.592E-01	9.488E-01	37.500	89	88	90
Q6DTI9_Q75_lDDT	AF-A0A1L6K5Z9-F1-model_v4_Q75_lDDT.pdb	9.840E-01	9.517E-01	9.517E-01	37.500	89	88	89
Q6DTI9_Q75_lDDT	AF-Q9AEF9-F1-model_v4_Q75_lDDT.pdb	9.755E-01	9.541E-01	9.437E-01	35.900	89	89	90
Q6DTI9_Q75_lDDT	A0A059Q5E8_Q75_lDDT.pdb	9.827E-01	9.505E-01	9.505E-01	36.300	89	88	89
Q6DTI9_Q75_lDDT	A0A0C5LQ34_Q75_lDDT.pdb	9.823E-01	9.501E-01	9.501E-01	45.400	89	88	89
Q6DTI9_Q75_lDDT	AF-K4GMK0-F1-model_v4_Q75_lDDT.pdb	9.737E-01	9.524E-01	9.421E-01	33.700	89	89	90
Q6DTI9_Q75_lDDT	AF-K4GMG4-F1-model_v4_Q75_lDDT.pdb	9.798E-01	9.477E-01	9.477E-01	34.000	89	88	89
Q6DTI9_Q75_lDDT	AF-A0A1L6K5Y8-F1-model_v4_Q75_lDDT.pdb	9.716E-01	9.503E-01	9.400E-01	35.900	89	89	90
Q6DTI9_Q75_lDDT	B5L5V3_Q75_lDDT.pdb	9.780E-01	9.460E-01	9.460E-01	37.500	89	88	89
Q6DTI9_Q75_lDDT	AF-K4GMF9-F1-model_v4_Q75_lDDT.pdb	9.699E-01	9.488E-01	9.385E-01	31.400	89	89	90
Q6DTI9_Q75_lDDT	NWM_Q75_lDDT.pdb	9.701E-01	9.489E-01	9.387E-01	32.500	89	89	90
Q6DTI9_Q75_lDDT	AF-K4GMG9-F1-model_v6_Q75_lDDT.pdb	9.698E-01	9.486E-01	9.384E-01	32.500	89	89	90
Q6DTI9_Q75_lDDT	B5L5V0_Q75_lDDT.pdb	9.699E-01	9.488E-01	9.385E-01	34.800	89	89	90
Q6DTI9_Q75_lDDT	ECM-1_Q75_lDDT.pdb	9.689E-01	9.478E-01	9.376E-01	30.300	89	89	90
Q6DTI9_Q75_lDDT	G5ELM3_Q75_lDDT.pdb	9.736E-01	9.419E-01	9.419E-01	30.600	89	88	89
Q6DTI9_Q75_lDDT	B5DCA0_Q75_lDDT.pdb	9.734E-01	9.417E-01	9.417E-01	36.300	89	88	89
Q6DTI9_Q75_lDDT	AF-A0A1L5BQA7-F1-model_v4_Q75_lDDT.pdb	9.773E-01	9.348E-01	9.451E-01	37.500	89	88	88
Q6DTI9_Q75_lDDT	PJM-1_Q75_lDDT.pdb	9.729E-01	9.413E-01	9.413E-01	34.000	89	88	89
Q6DTI9_Q75_lDDT	AF-A0A1L6K5X8-F1-model_v4_Q75_lDDT.pdb	9.633E-01	9.426E-01	9.426E-01	28.400	89	88	89
Q6DTI9_Q75_lDDT	U3U4Q6_Q75_lDDT.pdb	9.652E-01	9.444E-01	9.343E-01	29.500	89	88	90
Q6DTI9_Q75_lDDT	AF-A0A4D6P0I4-F1-model_v4_Q75_lDDT.pdb	9.649E-01	9.441E-01	9.340E-01	27.200	89	88	90
Q6DTI9_Q75_lDDT	AF-A0A0D6SYW3-F1-model_v4_Q75_lDDT.pdb	9.649E-01	9.441E-01	9.340E-01	27.200	89	88	90
Q6DTI9_Q75_lDDT	Q9JRP7_Q75_lDDT.pdb	9.519E-01	9.314E-01	9.314E-01	25.000	89	88	89
Q6DTI9_Q75_lDDT	AF-Q6D395-F1-model_v4_Q75_lDDT.pdb	9.646E-01	9.231E-01	9.332E-01	36.300	89	88	88
Q6DTI9_Q75_lDDT	GRD33_Q75_lDDT.pdb	9.520E-01	9.316E-01	9.217E-01	32.500	89	89	90
Q6DTI9_Q75_lDDT	AF-A0A1L6K5Z8-F1-model_v4_Q75_lDDT.pdb	9.510E-01	9.306E-01	9.208E-01	31.400	89	89	90
Q6DTI9_Q75_lDDT	B3SU1_Q75_lDDT.pdb	9.560E-01	9.150E-01	9.249E-01	30.600	89	88	88
Q9KJB2_Q75_lDDT	Q9KJB2_Q75_lDDT.pdb	1.011E+00	1.000E+00	1.000E+00	100.000	88	88	88
Q9KJB2_Q75_lDDT	Q9KJB4_Q75_lDDT.pdb	1.011E+00	9.996E-01	9.996E-01	97.700	88	88	88
Q9KJB2_Q75_lDDT	Q9KJB6_Q75_lDDT.pdb	1.011E+00	9.995E-01	9.995E-01	96.500	88	88	88
Q9KJB2_Q75_lDDT	Q9KJB1_Q75_lDDT.pdb	1.011E+00	9.995E-01	9.995E-01	94.300	88	88	88
Q9KJB2_Q75_lDDT	Q9KJB3_Q75_lDDT.pdb	1.011E+00	9.995E-01	9.995E-01	95.400	88	88	88
Q9KJB2_Q75_lDDT	Q9KJB5_Q75_lDDT.pdb	1.011E+00	9.995E-01	9.995E-01	94.300	88	88	88
Q9KJB2_Q75_lDDT	Q9RB00_Q75_lDDT.pdb	1.011E+00	9.997E-01	9.884E-01	98.800	88	88	89
Q9KJB2_Q75_lDDT	Q6V8J2_Q75_lDDT.pdb	1.011E+00	9.994E-01	9.882E-01	94.300	88	88	89
Q9KJB2_Q75_lDDT	Q6DTI9_Q75_lDDT.pdb	1.011E+00	9.994E-01	9.882E-01	94.300	88	88	89
Q9KJB2_Q75_lDDT	Q6DTJ0_Q75_lDDT.pdb	1.011E+00	9.994E-01	9.882E-01	93.100	88	88	89
Q9KJB2_Q75_lDDT	Q6DTI7_Q75_lDDT.pdb	1.011E+00	9.994E-01	9.881E-01	95.400	88	88	89
Q9KJB2_Q75_lDDT	Q5EEU4_Q75_lDDT.pdb	1.010E+00	9.990E-01	9.878E-01	89.700	88	88	89
Q9KJB2_Q75_lDDT	Q4JRB6_Q75_lDDT.pdb	1.010E+00	9.987E-01	9.875E-01	97.700	88	88	89
Q9KJB2_Q75_lDDT	A0A0C5L392_Q75_lDDT.pdb	1.010E+00	9.986E-01	9.874E-01	79.500	88	88	89
Q9KJB2_Q75_lDDT	A0A0C5LDD5_Q75_lDDT.pdb	1.008E+00	9.967E-01	9.855E-01	77.200	88	88	89
Q9KJB2_Q75_lDDT	Q6DTI5_Q75_lDDT.pdb	1.011E+00	9.993E-01	9.772E-01	93.100	88	88	90
Q9KJB2_Q75_lDDT	Q6DTI4_Q75_lDDT.pdb	1.011E+00	9.993E-01	9.771E-01	93.100	88	88	90
Q9KJB2_Q75_lDDT	Q6DTI8_Q75_lDDT.pdb	1.011E+00	9.993E-01	9.771E-01	93.100	88	88	90
Q9KJB2_Q75_lDDT	Q5S4Q5_Q75_lDDT.pdb	1.011E+00	9.993E-01	9.771E-01	93.100	88	88	90
Q9KJB2_Q75_lDDT	A0A0C5LQ44_Q75_lDDT.pdb	1.007E+00	9.955E-01	9.844E-01	79.500	88	88	89
Q9KJB2_Q75_lDDT	B5L5V5_Q75_lDDT.pdb	1.009E+00	9.975E-01	9.754E-01	64.700	88	88	90
Q9KJB2_Q75_lDDT	AF-A0A0D0GMS0-F1-model_v4_Q75_lDDT.pdb	1.008E+00	9.970E-01	9.749E-01	70.400	88	88	90
Q9KJB2_Q75_lDDT	B5L5X0_Q75_lDDT.pdb	1.008E+00	9.969E-01	9.748E-01	67.000	88	88	90
Q9KJB2_Q75_lDDT	A0A0C5LDD9_Q75_lDDT.pdb	1.007E+00	9.959E-01	9.738E-01	67.000	88	88	90
Q9KJB2_Q75_lDDT	B5L5V9_Q75_lDDT.pdb	1.008E+00	9.735E-01	9.735E-01	59.000	88	88	88
Q9KJB2_Q75_lDDT	B3SU2_Q75_lDDT.pdb	9.977E-01	9.865E-01	9.649E-01	47.700	88	88	90
Q9KJB2_Q75_lDDT	Q9K578_Q75_lDDT.pdb	9.957E-01	9.845E-01	9.630E-01	51.100	88	88	90
Q9KJB2_Q75_lDDT	AF-Q89GW5-F1-model_v4_Q75_lDDT.pdb	9.913E-01	9.803E-01	9.694E-01	44.300	88	88	89
Q9KJB2_Q75_lDDT	AF-A8GGW7-F1-model_v4_Q75_lDDT.pdb	9.856E-01	9.746E-01	9.640E-01	37.500	88	88	89
Q9KJB2_Q75_lDDT	Q8KKG1_Q75_lDDT.pdb	9.861E-01	9.751E-01	9.540E-01	35.200	88	88	90
Q9KJB2_Q75_lDDT	B5L5W3_Q75_lDDT.pdb	9.890E-01	9.559E-01	9.667E-01	47.700	88	88	87
Q9KJB2_Q75_lDDT	B5L5V2_Q75_lDDT.pdb	9.911E-01	9.580E-01	9.580E-01	56.800	88	88	88
Q9KJB2_Q75_lDDT	A0A386JBC5_Q75_lDDT.pdb	9.850E-01	9.632E-01	9.526E-01	35.200	88	88	89
Q9KJB2_Q75_lDDT	MBL1b_Q75_lDDT.pdb	9.808E-01	9.699E-01	9.490E-01	35.200	88	88	90
Q9KJB2_Q75_lDDT	AF-A0A1L6K5Z9-F1-model_v4_Q75_lDDT.pdb	9.843E-01	9.625E-01	9.519E-01	34.000	88	88	89
Q9KJB2_Q75_lDDT	A0A0C5LDH9_Q75_lDDT.pdb	9.841E-01	9.623E-01	9.518E-01	35.200	88	88	89
Q9KJB2_Q75_lDDT	A0A0C5LQ34_Q75_lDDT.pdb	9.823E-01	9.605E-01	9.500E-01	40.900	88	88	89
Q9KJB2_Q75_lDDT	AF-Q9AEF9-F1-model_v4_Q75_lDDT.pdb	9.746E-01	9.638E-01	9.429E-01	33.700	88	89	90
Q9KJB2_Q75_lDDT	A0A059Q5E8_Q75_lDDT.pdb	9.817E-01	9.600E-01	9.495E-01	34.000	88	88	89
Q9KJB2_Q75_lDDT	AF-K4GMK0-F1-model_v4_Q75_lDDT.pdb	9.737E-01	9.629E-01	9.421E-01	31.400	88	89	90
Q9KJB2_Q75_lDDT	AF-K4GMG4-F1-model_v4_Q75_lDDT.pdb	9.802E-01	9.586E-01	9.481E-01	31.800	88	88	89
Q9KJB2_Q75_lDDT	AF-A0A1L6K5Y8-F1-model_v4_Q75_lDDT.pdb	9.708E-01	9.601E-01	9.394E-01	31.400	88	89	90
Q9KJB2_Q75_lDDT	B5L5V3_Q75_lDDT.pdb	9.771E-01	9.556E-01	9.452E-01	34.000	88	88	89
Q9KJB2_Q75_lDDT	B5L5V0_Q75_lDDT.pdb	9.695E-01	9.588E-01	9.381E-01	31.400	88	89	90
Q9KJB2_Q75_lDDT	NWM_Q75_lDDT.pdb	9.692E-01	9.585E-01	9.379E-01	29.200	88	89	90
Q9KJB2_Q75_lDDT	AF-K4GMG9-F1-model_v6_Q75_lDDT.pdb	9.691E-01	9.584E-01	9.377E-01	30.300	88	89	90
Q9KJB2_Q75_lDDT	AF-K4GMF9-F1-model_v4_Q75_lDDT.pdb	9.689E-01	9.582E-01	9.375E-01	30.300	88	89	90
Q9KJB2_Q75_lDDT	ECM-1_Q75_lDDT.pdb	9.681E-01	9.574E-01	9.367E-01	29.200	88	89	90
Q9KJB2_Q75_lDDT	AF-A0A1L5BQA7-F1-model_v4_Q75_lDDT.pdb	9.774E-01	9.451E-01	9.451E-01	34.000	88	88	88
Q9KJB2_Q75_lDDT	B5DCA0_Q75_lDDT.pdb	9.732E-01	9.519E-01	9.416E-01	32.900	88	88	89
Q9KJB2_Q75_lDDT	PJM-1_Q75_lDDT.pdb	9.729E-01	9.516E-01	9.413E-01	30.600	88	88	89
Q9KJB2_Q75_lDDT	G5ELM3_Q75_lDDT.pdb	9.727E-01	9.514E-01	9.411E-01	29.500	88	88	89
Q9KJB2_Q75_lDDT	AF-A0A1L6K5X8-F1-model_v4_Q75_lDDT.pdb	9.632E-01	9.528E-01	9.425E-01	27.200	88	88	89
Q9KJB2_Q75_lDDT	U3U4Q6_Q75_lDDT.pdb	9.658E-01	9.552E-01	9.349E-01	28.400	88	88	90
Q9KJB2_Q75_lDDT	AF-A0A4D6P0I4-F1-model_v4_Q75_lDDT.pdb	9.651E-01	9.546E-01	9.343E-01	27.200	88	88	90
Q9KJB2_Q75_lDDT	AF-A0A0D6SYW3-F1-model_v4_Q75_lDDT.pdb	9.650E-01	9.545E-01	9.342E-01	27.200	88	88	90
Q9KJB2_Q75_lDDT	Q9JRP7_Q75_lDDT.pdb	9.517E-01	9.413E-01	9.312E-01	25.000	88	88	89
Q9KJB2_Q75_lDDT	AF-Q6D395-F1-model_v4_Q75_lDDT.pdb	9.645E-01	9.331E-01	9.331E-01	34.000	88	88	88
Q9KJB2_Q75_lDDT	GRD33_Q75_lDDT.pdb	9.516E-01	9.413E-01	9.213E-01	30.300	88	89	90
Q9KJB2_Q75_lDDT	AF-A0A1L6K5Z8-F1-model_v4_Q75_lDDT.pdb	9.507E-01	9.404E-01	9.204E-01	28.000	88	89	90
Q9KJB2_Q75_lDDT	B3SU1_Q75_lDDT.pdb	9.559E-01	9.248E-01	9.248E-01	28.400	88	88	88
AF-Q89GW5-F1-model_v4_Q75_lDDT	AF-Q89GW5-F1-model_v4_Q75_lDDT.pdb	1.011E+00	1.000E+00	1.000E+00	100.000	89	89	89
AF-Q89GW5-F1-model_v4_Q75_lDDT	Q9KJB1_Q75_lDDT.pdb	9.922E-01	9.703E-01	9.811E-01	46.500	89	88	88
AF-Q89GW5-F1-model_v4_Q75_lDDT	Q9KJB5_Q75_lDDT.pdb	9.918E-01	9.699E-01	9.808E-01	46.500	89	88	88
AF-Q89GW5-F1-model_v4_Q75_lDDT	Q9KJB3_Q75_lDDT.pdb	9.918E-01	9.699E-01	9.807E-01	45.400	89	88	88
AF-Q89GW5-F1-model_v4_Q75_lDDT	Q9KJB4_Q75_lDDT.pdb	9.916E-01	9.697E-01	9.805E-01	45.400	89	88	88
AF-Q89GW5-F1-model_v4_Q75_lDDT	Q9KJB6_Q75_lDDT.pdb	9.916E-01	9.697E-01	9.805E-01	44.300	89	88	88
AF-Q89GW5-F1-model_v4_Q75_lDDT	Q9KJB2_Q75_lDDT.pdb	9.913E-01	9.694E-01	9.803E-01	44.300	89	88	88
AF-Q89GW5-F1-model_v4_Q75_lDDT	Q4JRB6_Q75_lDDT.pdb	9.923E-01	9.704E-01	9.704E-01	44.300	89	88	89
AF-Q89GW5-F1-model_v4_Q75_lDDT	Q6DTI7_Q75_lDDT.pdb	9.922E-01	9.703E-01	9.703E-01	47.700	89	88	89
AF-Q89GW5-F1-model_v4_Q75_lDDT	Q6V8J2_Q75_lDDT.pdb	9.921E-01	9.702E-01	9.702E-01	46.500	89	88	89
AF-Q89GW5-F1-model_v4_Q75_lDDT	Q6DTJ0_Q75_lDDT.pdb	9.919E-01	9.700E-01	9.700E-01	45.400	89	88	89
AF-Q89GW5-F1-model_v4_Q75_lDDT	Q6DTI9_Q75_lDDT.pdb	9.917E-01	9.698E-01	9.698E-01	46.500	89	88	89
AF-Q89GW5-F1-model_v4_Q75_lDDT	Q9RB00_Q75_lDDT.pdb	9.914E-01	9.695E-01	9.695E-01	45.400	89	88	89
AF-Q89GW5-F1-model_v4_Q75_lDDT	Q5EEU4_Q75_lDDT.pdb	9.912E-01	9.694E-01	9.694E-01	46.500	89	88	89
AF-Q89GW5-F1-model_v4_Q75_lDDT	A0A0C5L392_Q75_lDDT.pdb	9.900E-01	9.682E-01	9.682E-01	45.400	89	88	89
AF-Q89GW5-F1-model_v4_Q75_lDDT	Q6DTI5_Q75_lDDT.pdb	9.926E-01	9.707E-01	9.601E-01	47.700	89	88	90
AF-Q89GW5-F1-model_v4_Q75_lDDT	Q6DTI4_Q75_lDDT.pdb	9.925E-01	9.706E-01	9.600E-01	47.700	89	88	90
AF-Q89GW5-F1-model_v4_Q75_lDDT	Q6DTI8_Q75_lDDT.pdb	9.925E-01	9.706E-01	9.600E-01	48.800	89	88	90
AF-Q89GW5-F1-model_v4_Q75_lDDT	Q5S4Q5_Q75_lDDT.pdb	9.923E-01	9.704E-01	9.598E-01	47.700	89	88	90
AF-Q89GW5-F1-model_v4_Q75_lDDT	A0A0C5LDD5_Q75_lDDT.pdb	9.886E-01	9.669E-01	9.669E-01	45.400	89	88	89
AF-Q89GW5-F1-model_v4_Q75_lDDT	B5L5V5_Q75_lDDT.pdb	9.909E-01	9.690E-01	9.585E-01	44.300	89	88	90
AF-Q89GW5-F1-model_v4_Q75_lDDT	A0A0C5LQ44_Q75_lDDT.pdb	9.870E-01	9.654E-01	9.654E-01	44.300	89	88	89
AF-Q89GW5-F1-model_v4_Q75_lDDT	B5L5X0_Q75_lDDT.pdb	9.906E-01	9.688E-01	9.583E-01	50.000	89	88	90
AF-Q89GW5-F1-model_v4_Q75_lDDT	AF-A0A0D0GMS0-F1-model_v4_Q75_lDDT.pdb	9.897E-01	9.679E-01	9.574E-01	45.400	89	88	90
AF-Q89GW5-F1-model_v4_Q75_lDDT	A0A0C5LDD9_Q75_lDDT.pdb	9.891E-01	9.673E-01	9.568E-01	44.300	89	88	90
AF-Q89GW5-F1-model_v4_Q75_lDDT	AF-A8GGW7-F1-model_v4_Q75_lDDT.pdb	9.819E-01	9.604E-01	9.604E-01	43.100	89	88	89
AF-Q89GW5-F1-model_v4_Q75_lDDT	B3SU2_Q75_lDDT.pdb	9.823E-01	9.609E-01	9.505E-01	51.100	89	88	90
AF-Q89GW5-F1-model_v4_Q75_lDDT	Q9K578_Q75_lDDT.pdb	9.806E-01	9.592E-01	9.488E-01	50.000	89	88	90
AF-Q89GW5-F1-model_v4_Q75_lDDT	B5L5V9_Q75_lDDT.pdb	9.881E-01	9.446E-01	9.551E-01	44.300	89	88	88
AF-Q89GW5-F1-model_v4_Q75_lDDT	B5L5W3_Q75_lDDT.pdb	9.810E-01	9.381E-01	9.591E-01	42.000	89	88	87
AF-Q89GW5-F1-model_v4_Q75_lDDT	Q8KKG1_Q75_lDDT.pdb	9.750E-01	9.538E-01	9.436E-01	44.300	89	88	90
AF-Q89GW5-F1-model_v4_Q75_lDDT	A0A059Q5E8_Q75_lDDT.pdb	9.783E-01	9.463E-01	9.463E-01	39.700	89	88	89
AF-Q89GW5-F1-model_v4_Q75_lDDT	B5L5V2_Q75_lDDT.pdb	9.809E-01	9.380E-01	9.484E-01	47.700	89	88	88
AF-Q89GW5-F1-model_v4_Q75_lDDT	MBL1b_Q75_lDDT.pdb	9.728E-01	9.517E-01	9.415E-01	43.100	89	88	90
AF-Q89GW5-F1-model_v4_Q75_lDDT	A0A0C5LQ34_Q75_lDDT.pdb	9.753E-01	9.435E-01	9.435E-01	50.000	89	88	89
AF-Q89GW5-F1-model_v4_Q75_lDDT	A0A0C5LDH9_Q75_lDDT.pdb	9.753E-01	9.436E-01	9.436E-01	44.300	89	88	89
AF-Q89GW5-F1-model_v4_Q75_lDDT	AF-Q6D395-F1-model_v4_Q75_lDDT.pdb	9.786E-01	9.359E-01	9.462E-01	40.900	89	88	88
AF-Q89GW5-F1-model_v4_Q75_lDDT	AF-Q9AEF9-F1-model_v4_Q75_lDDT.pdb	9.670E-01	9.460E-01	9.358E-01	43.800	89	89	90
AF-Q89GW5-F1-model_v4_Q75_lDDT	AF-A0A1L6K5Z9-F1-model_v4_Q75_lDDT.pdb	9.739E-01	9.422E-01	9.422E-01	42.000	89	88	89
AF-Q89GW5-F1-model_v4_Q75_lDDT	NWM_Q75_lDDT.pdb	9.661E-01	9.451E-01	9.349E-01	39.300	89	89	90
AF-Q89GW5-F1-model_v4_Q75_lDDT	B5L5V3_Q75_lDDT.pdb	9.709E-01	9.394E-01	9.394E-01	36.300	89	88	89
AF-Q89GW5-F1-model_v4_Q75_lDDT	A0A386JBC5_Q75_lDDT.pdb	9.701E-01	9.386E-01	9.386E-01	43.100	89	88	89
AF-Q89GW5-F1-model_v4_Q75_lDDT	AF-A0A1L6K5Y8-F1-model_v4_Q75_lDDT.pdb	9.630E-01	9.421E-01	9.320E-01	41.500	89	89	90
AF-Q89GW5-F1-model_v4_Q75_lDDT	B5L5V0_Q75_lDDT.pdb	9.628E-01	9.419E-01	9.318E-01	37.000	89	89	90
AF-Q89GW5-F1-model_v4_Q75_lDDT	AF-K4GMG4-F1-model_v4_Q75_lDDT.pdb	9.684E-01	9.370E-01	9.370E-01	38.600	89	88	89
AF-Q89GW5-F1-model_v4_Q75_lDDT	G5ELM3_Q75_lDDT.pdb	9.678E-01	9.365E-01	9.365E-01	45.400	89	88	89
AF-Q89GW5-F1-model_v4_Q75_lDDT	AF-A0A1L5BQA7-F1-model_v4_Q75_lDDT.pdb	9.718E-01	9.297E-01	9.399E-01	44.300	89	88	88
AF-Q89GW5-F1-model_v4_Q75_lDDT	AF-K4GMK0-F1-model_v4_Q75_lDDT.pdb	9.603E-01	9.396E-01	9.295E-01	40.400	89	89	90
AF-Q89GW5-F1-model_v4_Q75_lDDT	U3U4Q6_Q75_lDDT.pdb	9.590E-01	9.384E-01	9.285E-01	42.000	89	88	90
AF-Q89GW5-F1-model_v4_Q75_lDDT	AF-K4GMG9-F1-model_v6_Q75_lDDT.pdb	9.559E-01	9.353E-01	9.254E-01	42.600	89	89	90
AF-Q89GW5-F1-model_v4_Q75_lDDT	AF-A0A0D6SYW3-F1-model_v4_Q75_lDDT.pdb	9.568E-01	9.364E-01	9.265E-01	45.400	89	88	90
AF-Q89GW5-F1-model_v4_Q75_lDDT	ECM-1_Q75_lDDT.pdb	9.542E-01	9.337E-01	9.238E-01	40.400	89	89	90
AF-Q89GW5-F1-model_v4_Q75_lDDT	AF-A0A4D6P0I4-F1-model_v4_Q75_lDDT.pdb	9.567E-01	9.363E-01	9.264E-01	45.400	89	88	90
AF-Q89GW5-F1-model_v4_Q75_lDDT	AF-K4GMF9-F1-model_v4_Q75_lDDT.pdb	9.538E-01	9.333E-01	9.234E-01	40.400	89	89	90
AF-Q89GW5-F1-model_v4_Q75_lDDT	PJM-1_Q75_lDDT.pdb	9.607E-01	9.298E-01	9.298E-01	35.200	89	88	89
AF-Q89GW5-F1-model_v4_Q75_lDDT	B5DCA0_Q75_lDDT.pdb	9.604E-01	9.295E-01	9.295E-01	37.500	89	88	89
AF-Q89GW5-F1-model_v4_Q75_lDDT	AF-A0A1L6K5X8-F1-model_v4_Q75_lDDT.pdb	9.489E-01	9.288E-01	9.288E-01	34.000	89	88	89
AF-Q89GW5-F1-model_v4_Q75_lDDT	Q9JRP7_Q75_lDDT.pdb	9.400E-01	9.200E-01	9.200E-01	31.800	89	88	89
AF-Q89GW5-F1-model_v4_Q75_lDDT	GRD33_Q75_lDDT.pdb	9.415E-01	9.215E-01	9.118E-01	35.900	89	89	90
AF-Q89GW5-F1-model_v4_Q75_lDDT	AF-A0A1L6K5Z8-F1-model_v4_Q75_lDDT.pdb	9.400E-01	9.201E-01	9.104E-01	34.800	89	89	90
AF-Q89GW5-F1-model_v4_Q75_lDDT	B3SU1_Q75_lDDT.pdb	9.481E-01	9.077E-01	9.175E-01	30.600	89	88	88
Q9JRP7_Q75_lDDT	Q9JRP7_Q75_lDDT.pdb	1.011E+00	1.000E+00	1.000E+00	100.000	89	89	89
Q9JRP7_Q75_lDDT	AF-A0A4D6P0I4-F1-model_v4_Q75_lDDT.pdb	9.761E-01	9.653E-01	9.548E-01	60.600	89	89	90
Q9JRP7_Q75_lDDT	U3U4Q6_Q75_lDDT.pdb	9.756E-01	9.648E-01	9.542E-01	65.100	89	89	90
Q9JRP7_Q75_lDDT	AF-A0A0D6SYW3-F1-model_v4_Q75_lDDT.pdb	9.849E-01	9.630E-01	9.524E-01	61.300	89	88	90
Q9JRP7_Q75_lDDT	AF-A0A1L6K5X8-F1-model_v4_Q75_lDDT.pdb	9.791E-01	9.575E-01	9.575E-01	60.200	89	88	89
Q9JRP7_Q75_lDDT	AF-A8GGW7-F1-model_v4_Q75_lDDT.pdb	9.625E-01	9.417E-01	9.417E-01	38.600	89	88	89
Q9JRP7_Q75_lDDT	MBL1b_Q75_lDDT.pdb	9.658E-01	9.448E-01	9.346E-01	28.400	89	88	90
Q9JRP7_Q75_lDDT	Q8KKG1_Q75_lDDT.pdb	9.641E-01	9.431E-01	9.330E-01	28.400	89	88	90
Q9JRP7_Q75_lDDT	A0A0C5LDD9_Q75_lDDT.pdb	9.606E-01	9.398E-01	9.297E-01	26.100	89	88	90
Q9JRP7_Q75_lDDT	A0A0C5LDD5_Q75_lDDT.pdb	9.566E-01	9.360E-01	9.360E-01	25.000	89	88	89
Q9JRP7_Q75_lDDT	Q9KJB6_Q75_lDDT.pdb	9.523E-01	9.318E-01	9.419E-01	25.000	89	88	88
Q9JRP7_Q75_lDDT	Q9KJB1_Q75_lDDT.pdb	9.520E-01	9.316E-01	9.417E-01	26.100	89	88	88
Q9JRP7_Q75_lDDT	Q9KJB3_Q75_lDDT.pdb	9.519E-01	9.314E-01	9.416E-01	23.800	89	88	88
Q9JRP7_Q75_lDDT	Q9KJB4_Q75_lDDT.pdb	9.519E-01	9.314E-01	9.416E-01	25.000	89	88	88
Q9JRP7_Q75_lDDT	Q9KJB5_Q75_lDDT.pdb	9.517E-01	9.312E-01	9.413E-01	25.000	89	88	88
Q9JRP7_Q75_lDDT	Q9KJB2_Q75_lDDT.pdb	9.517E-01	9.312E-01	9.413E-01	25.000	89	88	88
Q9JRP7_Q75_lDDT	A0A0C5LQ44_Q75_lDDT.pdb	9.557E-01	9.351E-01	9.351E-01	25.000	89	88	89
Q9JRP7_Q75_lDDT	B5L5X0_Q75_lDDT.pdb	9.589E-01	9.381E-01	9.281E-01	23.800	89	88	90
Q9JRP7_Q75_lDDT	AF-A0A0D0GMS0-F1-model_v4_Q75_lDDT.pdb	9.580E-01	9.373E-01	9.273E-01	27.200	89	88	90
Q9JRP7_Q75_lDDT	B5L5V5_Q75_lDDT.pdb	9.576E-01	9.369E-01	9.269E-01	26.100	89	88	90
Q9JRP7_Q75_lDDT	Q5EEU4_Q75_lDDT.pdb	9.533E-01	9.327E-01	9.327E-01	26.100	89	88	89
Q9JRP7_Q75_lDDT	B3SU2_Q75_lDDT.pdb	9.566E-01	9.359E-01	9.259E-01	32.900	89	88	90
Q9JRP7_Q75_lDDT	A0A0C5L392_Q75_lDDT.pdb	9.524E-01	9.319E-01	9.319E-01	29.500	89	88	89
Q9JRP7_Q75_lDDT	Q4JRB6_Q75_lDDT.pdb	9.522E-01	9.317E-01	9.317E-01	26.100	89	88	89
Q9JRP7_Q75_lDDT	Q6DTI9_Q75_lDDT.pdb	9.519E-01	9.314E-01	9.314E-01	25.000	89	88	89
Q9JRP7_Q75_lDDT	Q6DTJ0_Q75_lDDT.pdb	9.518E-01	9.313E-01	9.313E-01	23.800	89	88	89
Q9JRP7_Q75_lDDT	Q9RB00_Q75_lDDT.pdb	9.518E-01	9.313E-01	9.313E-01	25.000	89	88	89
Q9JRP7_Q75_lDDT	Q9K578_Q75_lDDT.pdb	9.560E-01	9.354E-01	9.254E-01	32.900	89	88	90
Q9JRP7_Q75_lDDT	Q6DTI7_Q75_lDDT.pdb	9.516E-01	9.311E-01	9.311E-01	25.000	89	88	89
Q9JRP7_Q75_lDDT	Q6V8J2_Q75_lDDT.pdb	9.515E-01	9.311E-01	9.311E-01	25.000	89	88	89
Q9JRP7_Q75_lDDT	A0A0C5LQ34_Q75_lDDT.pdb	9.587E-01	9.276E-01	9.276E-01	35.200	89	88	89
Q9JRP7_Q75_lDDT	AF-A0A1L6K5Z9-F1-model_v4_Q75_lDDT.pdb	9.568E-01	9.259E-01	9.259E-01	39.700	89	88	89
Q9JRP7_Q75_lDDT	Q5S4Q5_Q75_lDDT.pdb	9.517E-01	9.312E-01	9.213E-01	26.100	89	88	90
Q9JRP7_Q75_lDDT	GRD33_Q75_lDDT.pdb	9.494E-01	9.288E-01	9.189E-01	38.200	89	89	90
Q9JRP7_Q75_lDDT	Q6DTI5_Q75_lDDT.pdb	9.512E-01	9.308E-01	9.209E-01	26.100	89	88	90
Q9JRP7_Q75_lDDT	Q6DTI4_Q75_lDDT.pdb	9.512E-01	9.308E-01	9.209E-01	26.100	89	88	90
Q9JRP7_Q75_lDDT	Q6DTI8_Q75_lDDT.pdb	9.506E-01	9.302E-01	9.203E-01	26.100	89	88	90
Q9JRP7_Q75_lDDT	AF-A0A1L6K5Z8-F1-model_v4_Q75_lDDT.pdb	9.483E-01	9.278E-01	9.179E-01	39.300	89	89	90
Q9JRP7_Q75_lDDT	AF-A0A1L5BQA7-F1-model_v4_Q75_lDDT.pdb	9.593E-01	9.178E-01	9.278E-01	36.300	89	88	88
Q9JRP7_Q75_lDDT	AF-K4GMK0-F1-model_v4_Q75_lDDT.pdb	9.473E-01	9.268E-01	9.169E-01	43.800	89	89	90
Q9JRP7_Q75_lDDT	A0A386JBC5_Q75_lDDT.pdb	9.528E-01	9.221E-01	9.221E-01	30.600	89	88	89
Q9JRP7_Q75_lDDT	AF-K4GMG9-F1-model_v6_Q75_lDDT.pdb	9.456E-01	9.252E-01	9.154E-01	39.300	89	89	90
Q9JRP7_Q75_lDDT	AF-K4GMG4-F1-model_v4_Q75_lDDT.pdb	9.523E-01	9.216E-01	9.216E-01	37.500	89	88	89
Q9JRP7_Q75_lDDT	B5L5V9_Q75_lDDT.pdb	9.544E-01	9.132E-01	9.232E-01	26.100	89	88	88
Q9JRP7_Q75_lDDT	PJM-1_Q75_lDDT.pdb	9.507E-01	9.201E-01	9.201E-01	38.600	89	88	89
Q9JRP7_Q75_lDDT	B5L5V0_Q75_lDDT.pdb	9.433E-01	9.230E-01	9.131E-01	40.400	89	89	90
Q9JRP7_Q75_lDDT	G5ELM3_Q75_lDDT.pdb	9.504E-01	9.198E-01	9.198E-01	36.300	89	88	89
Q9JRP7_Q75_lDDT	A0A0C5LDH9_Q75_lDDT.pdb	9.498E-01	9.192E-01	9.192E-01	38.600	89	88	89
Q9JRP7_Q75_lDDT	ECM-1_Q75_lDDT.pdb	9.426E-01	9.223E-01	9.125E-01	38.200	89	89	90
Q9JRP7_Q75_lDDT	AF-K4GMF9-F1-model_v4_Q75_lDDT.pdb	9.416E-01	9.214E-01	9.116E-01	40.400	89	89	90
Q9JRP7_Q75_lDDT	AF-Q9AEF9-F1-model_v4_Q75_lDDT.pdb	9.416E-01	9.214E-01	9.116E-01	40.400	89	89	90
Q9JRP7_Q75_lDDT	AF-Q89GW5-F1-model_v4_Q75_lDDT.pdb	9.400E-01	9.200E-01	9.200E-01	31.800	89	88	89
Q9JRP7_Q75_lDDT	B5DCA0_Q75_lDDT.pdb	9.484E-01	9.179E-01	9.179E-01	40.900	89	88	89
Q9JRP7_Q75_lDDT	NWM_Q75_lDDT.pdb	9.405E-01	9.202E-01	9.105E-01	37.000	89	89	90
Q9JRP7_Q75_lDDT	B5L5V3_Q75_lDDT.pdb	9.459E-01	9.156E-01	9.156E-01	37.500	89	88	89
Q9JRP7_Q75_lDDT	AF-A0A1L6K5Y8-F1-model_v4_Q75_lDDT.pdb	9.390E-01	9.189E-01	9.091E-01	41.500	89	89	90
Q9JRP7_Q75_lDDT	A0A059Q5E8_Q75_lDDT.pdb	9.414E-01	9.113E-01	9.113E-01	36.300	89	88	89
Q9JRP7_Q75_lDDT	AF-Q6D395-F1-model_v4_Q75_lDDT.pdb	9.426E-01	9.023E-01	9.121E-01	34.000	89	88	88
Q9JRP7_Q75_lDDT	B3SU1_Q75_lDDT.pdb	9.350E-01	8.954E-01	9.050E-01	35.200	89	88	88
Q9JRP7_Q75_lDDT	B5L5V2_Q75_lDDT.pdb	9.338E-01	8.942E-01	9.038E-01	22.700	89	88	88
Q9JRP7_Q75_lDDT	B5L5W3_Q75_lDDT.pdb	9.276E-01	8.885E-01	9.076E-01	19.300	89	88	87
Q9KJB6_Q75_lDDT	Q9KJB6_Q75_lDDT.pdb	1.011E+00	1.000E+00	1.000E+00	100.000	88	88	88
Q9KJB6_Q75_lDDT	Q9KJB3_Q75_lDDT.pdb	1.011E+00	1.000E+00	1.000E+00	98.800	88	88	88
Q9KJB6_Q75_lDDT	Q9KJB4_Q75_lDDT.pdb	1.011E+00	1.000E+00	1.000E+00	98.800	88	88	88
Q9KJB6_Q75_lDDT	Q9KJB5_Q75_lDDT.pdb	1.011E+00	9.999E-01	9.999E-01	97.700	88	88	88
Q9KJB6_Q75_lDDT	Q9KJB1_Q75_lDDT.pdb	1.011E+00	9.998E-01	9.998E-01	93.100	88	88	88
Q9KJB6_Q75_lDDT	Q9KJB2_Q75_lDDT.pdb	1.011E+00	9.995E-01	9.995E-01	96.500	88	88	88
Q9KJB6_Q75_lDDT	Q6DTI9_Q75_lDDT.pdb	1.011E+00	9.999E-01	9.887E-01	97.700	88	88	89
Q9KJB6_Q75_lDDT	Q6V8J2_Q75_lDDT.pdb	1.011E+00	9.999E-01	9.887E-01	97.700	88	88	89
Q9KJB6_Q75_lDDT	Q6DTJ0_Q75_lDDT.pdb	1.011E+00	9.999E-01	9.887E-01	96.500	88	88	89
Q9KJB6_Q75_lDDT	Q6DTI7_Q75_lDDT.pdb	1.011E+00	9.999E-01	9.886E-01	96.500	88	88	89
Q9KJB6_Q75_lDDT	Q9RB00_Q75_lDDT.pdb	1.011E+00	9.998E-01	9.886E-01	97.700	88	88	89
Q9KJB6_Q75_lDDT	Q5EEU4_Q75_lDDT.pdb	1.011E+00	9.995E-01	9.883E-01	90.900	88	88	89
Q9KJB6_Q75_lDDT	A0A0C5L392_Q75_lDDT.pdb	1.011E+00	9.991E-01	9.879E-01	79.500	88	88	89
Q9KJB6_Q75_lDDT	Q4JRB6_Q75_lDDT.pdb	1.010E+00	9.990E-01	9.878E-01	96.500	88	88	89
Q9KJB6_Q75_lDDT	A0A0C5LDD5_Q75_lDDT.pdb	1.008E+00	9.970E-01	9.858E-01	78.400	88	88	89
Q9KJB6_Q75_lDDT	A0A0C5LQ44_Q75_lDDT.pdb	1.007E+00	9.961E-01	9.849E-01	79.500	88	88	89
Q9KJB6_Q75_lDDT	Q6DTI4_Q75_lDDT.pdb	1.011E+00	9.997E-01	9.775E-01	92.000	88	88	90
Q9KJB6_Q75_lDDT	Q6DTI5_Q75_lDDT.pdb	1.011E+00	9.997E-01	9.775E-01	92.000	88	88	90
Q9KJB6_Q75_lDDT	Q6DTI8_Q75_lDDT.pdb	1.011E+00	9.997E-01	9.775E-01	92.000	88	88	90
Q9KJB6_Q75_lDDT	Q5S4Q5_Q75_lDDT.pdb	1.011E+00	9.996E-01	9.774E-01	92.000	88	88	90
Q9KJB6_Q75_lDDT	B5L5V5_Q75_lDDT.pdb	1.009E+00	9.977E-01	9.756E-01	64.700	88	88	90
Q9KJB6_Q75_lDDT	B5L5X0_Q75_lDDT.pdb	1.009E+00	9.975E-01	9.754E-01	67.000	88	88	90
Q9KJB6_Q75_lDDT	AF-A0A0D0GMS0-F1-model_v4_Q75_lDDT.pdb	1.009E+00	9.974E-01	9.753E-01	71.500	88	88	90
Q9KJB6_Q75_lDDT	A0A0C5LDD9_Q75_lDDT.pdb	1.008E+00	9.966E-01	9.745E-01	68.100	88	88	90
Q9KJB6_Q75_lDDT	B5L5V9_Q75_lDDT.pdb	1.009E+00	9.745E-01	9.745E-01	60.200	88	88	88
Q9KJB6_Q75_lDDT	B3SU2_Q75_lDDT.pdb	9.990E-01	9.878E-01	9.661E-01	47.700	88	88	90
Q9KJB6_Q75_lDDT	Q9K578_Q75_lDDT.pdb	9.967E-01	9.855E-01	9.639E-01	52.200	88	88	90
Q9KJB6_Q75_lDDT	AF-Q89GW5-F1-model_v4_Q75_lDDT.pdb	9.916E-01	9.805E-01	9.697E-01	44.300	88	88	89
Q9KJB6_Q75_lDDT	AF-A8GGW7-F1-model_v4_Q75_lDDT.pdb	9.855E-01	9.746E-01	9.639E-01	39.700	88	88	89
Q9KJB6_Q75_lDDT	Q8KKG1_Q75_lDDT.pdb	9.865E-01	9.756E-01	9.544E-01	37.500	88	88	90
Q9KJB6_Q75_lDDT	B5L5W3_Q75_lDDT.pdb	9.887E-01	9.557E-01	9.664E-01	47.700	88	88	87
Q9KJB6_Q75_lDDT	B5L5V2_Q75_lDDT.pdb	9.909E-01	9.578E-01	9.578E-01	56.800	88	88	88
Q9KJB6_Q75_lDDT	A0A386JBC5_Q75_lDDT.pdb	9.856E-01	9.638E-01	9.532E-01	37.500	88	88	89
Q9KJB6_Q75_lDDT	A0A0C5LDH9_Q75_lDDT.pdb	9.853E-01	9.635E-01	9.529E-01	37.500	88	88	89
Q9KJB6_Q75_lDDT	MBL1b_Q75_lDDT.pdb	9.811E-01	9.703E-01	9.493E-01	37.500	88	88	90
Q9KJB6_Q75_lDDT	AF-A0A1L6K5Z9-F1-model_v4_Q75_lDDT.pdb	9.843E-01	9.625E-01	9.520E-01	36.300	88	88	89
Q9KJB6_Q75_lDDT	A0A0C5LQ34_Q75_lDDT.pdb	9.827E-01	9.610E-01	9.505E-01	43.100	88	88	89
Q9KJB6_Q75_lDDT	AF-Q9AEF9-F1-model_v4_Q75_lDDT.pdb	9.755E-01	9.647E-01	9.437E-01	35.900	88	89	90
Q9KJB6_Q75_lDDT	A0A059Q5E8_Q75_lDDT.pdb	9.825E-01	9.608E-01	9.503E-01	36.300	88	88	89
Q9KJB6_Q75_lDDT	AF-K4GMK0-F1-model_v4_Q75_lDDT.pdb	9.741E-01	9.633E-01	9.424E-01	32.500	88	89	90
Q9KJB6_Q75_lDDT	AF-K4GMG4-F1-model_v4_Q75_lDDT.pdb	9.801E-01	9.585E-01	9.480E-01	32.900	88	88	89
Q9KJB6_Q75_lDDT	AF-A0A1L6K5Y8-F1-model_v4_Q75_lDDT.pdb	9.716E-01	9.608E-01	9.400E-01	33.700	88	89	90
Q9KJB6_Q75_lDDT	B5L5V3_Q75_lDDT.pdb	9.781E-01	9.566E-01	9.462E-01	36.300	88	88	89
Q9KJB6_Q75_lDDT	NWM_Q75_lDDT.pdb	9.704E-01	9.597E-01	9.390E-01	31.400	88	89	90
Q9KJB6_Q75_lDDT	AF-K4GMF9-F1-model_v4_Q75_lDDT.pdb	9.700E-01	9.593E-01	9.386E-01	30.300	88	89	90
Q9KJB6_Q75_lDDT	AF-K4GMG9-F1-model_v6_Q75_lDDT.pdb	9.701E-01	9.594E-01	9.387E-01	31.400	88	89	90
Q9KJB6_Q75_lDDT	B5L5V0_Q75_lDDT.pdb	9.701E-01	9.594E-01	9.387E-01	33.700	88	89	90
Q9KJB6_Q75_lDDT	ECM-1_Q75_lDDT.pdb	9.692E-01	9.585E-01	9.378E-01	29.200	88	89	90
Q9KJB6_Q75_lDDT	G5ELM3_Q75_lDDT.pdb	9.740E-01	9.526E-01	9.423E-01	30.600	88	88	89
Q9KJB6_Q75_lDDT	B5DCA0_Q75_lDDT.pdb	9.737E-01	9.523E-01	9.420E-01	35.200	88	88	89
Q9KJB6_Q75_lDDT	AF-A0A1L5BQA7-F1-model_v4_Q75_lDDT.pdb	9.776E-01	9.454E-01	9.454E-01	36.300	88	88	88
Q9KJB6_Q75_lDDT	PJM-1_Q75_lDDT.pdb	9.733E-01	9.520E-01	9.416E-01	32.900	88	88	89
Q9KJB6_Q75_lDDT	AF-A0A1L6K5X8-F1-model_v4_Q75_lDDT.pdb	9.636E-01	9.532E-01	9.429E-01	27.200	88	88	89
Q9KJB6_Q75_lDDT	U3U4Q6_Q75_lDDT.pdb	9.655E-01	9.550E-01	9.346E-01	27.200	88	88	90
Q9KJB6_Q75_lDDT	AF-A0A4D6P0I4-F1-model_v4_Q75_lDDT.pdb	9.652E-01	9.547E-01	9.343E-01	26.100	88	88	90
Q9KJB6_Q75_lDDT	AF-A0A0D6SYW3-F1-model_v4_Q75_lDDT.pdb	9.651E-01	9.546E-01	9.343E-01	26.100	88	88	90
Q9KJB6_Q75_lDDT	Q9JRP7_Q75_lDDT.pdb	9.523E-01	9.419E-01	9.318E-01	25.000	88	88	89
Q9KJB6_Q75_lDDT	AF-Q6D395-F1-model_v4_Q75_lDDT.pdb	9.646E-01	9.332E-01	9.332E-01	35.200	88	88	88
Q9KJB6_Q75_lDDT	GRD33_Q75_lDDT.pdb	9.524E-01	9.420E-01	9.220E-01	31.400	88	89	90
Q9KJB6_Q75_lDDT	AF-A0A1L6K5Z8-F1-model_v4_Q75_lDDT.pdb	9.514E-01	9.411E-01	9.211E-01	30.300	88	89	90
Q9KJB6_Q75_lDDT	B3SU1_Q75_lDDT.pdb	9.565E-01	9.253E-01	9.253E-01	30.600	88	88	88
A0A059Q5E8_Q75_lDDT	A0A059Q5E8_Q75_lDDT.pdb	1.011E+00	1.000E+00	1.000E+00	100.000	89	89	89
A0A059Q5E8_Q75_lDDT	A0A0C5LDH9_Q75_lDDT.pdb	1.001E+00	9.674E-01	9.674E-01	65.500	89	87	89
A0A059Q5E8_Q75_lDDT	AF-Q9AEF9-F1-model_v4_Q75_lDDT.pdb	1.003E+00	9.694E-01	9.587E-01	67.000	89	88	90
A0A059Q5E8_Q75_lDDT	AF-A0A1L6K5Y8-F1-model_v4_Q75_lDDT.pdb	1.002E+00	9.686E-01	9.579E-01	68.100	89	88	90
A0A059Q5E8_Q75_lDDT	G5ELM3_Q75_lDDT.pdb	9.959E-01	9.628E-01	9.628E-01	54.000	89	87	89
A0A059Q5E8_Q75_lDDT	AF-A8GGW7-F1-model_v4_Q75_lDDT.pdb	9.959E-01	9.628E-01	9.628E-01	50.000	89	88	89
A0A059Q5E8_Q75_lDDT	B5L5V0_Q75_lDDT.pdb	9.968E-01	9.636E-01	9.530E-01	62.500	89	88	90
A0A059Q5E8_Q75_lDDT	B5L5V3_Q75_lDDT.pdb	9.902E-01	9.574E-01	9.574E-01	62.000	89	87	89
A0A059Q5E8_Q75_lDDT	B5DCA0_Q75_lDDT.pdb	9.903E-01	9.575E-01	9.575E-01	60.900	89	87	89
A0A059Q5E8_Q75_lDDT	AF-A0A1L6K5Z9-F1-model_v4_Q75_lDDT.pdb	9.898E-01	9.571E-01	9.571E-01	56.300	89	87	89
A0A059Q5E8_Q75_lDDT	A0A386JBC5_Q75_lDDT.pdb	9.870E-01	9.545E-01	9.545E-01	55.100	89	87	89
A0A059Q5E8_Q75_lDDT	PJM-1_Q75_lDDT.pdb	9.868E-01	9.543E-01	9.543E-01	57.400	89	87	89
A0A059Q5E8_Q75_lDDT	Q9KJB1_Q75_lDDT.pdb	9.833E-01	9.510E-01	9.616E-01	34.000	89	88	88
A0A059Q5E8_Q75_lDDT	AF-K4GMK0-F1-model_v4_Q75_lDDT.pdb	9.903E-01	9.576E-01	9.472E-01	50.000	89	88	90
A0A059Q5E8_Q75_lDDT	NWM_Q75_lDDT.pdb	9.901E-01	9.574E-01	9.470E-01	46.500	89	88	90
A0A059Q5E8_Q75_lDDT	AF-K4GMG4-F1-model_v4_Q75_lDDT.pdb	9.861E-01	9.537E-01	9.537E-01	49.400	89	87	89
A0A059Q5E8_Q75_lDDT	Q9KJB4_Q75_lDDT.pdb	9.827E-01	9.505E-01	9.610E-01	36.300	89	88	88
A0A059Q5E8_Q75_lDDT	Q9KJB5_Q75_lDDT.pdb	9.826E-01	9.503E-01	9.608E-01	36.300	89	88	88
A0A059Q5E8_Q75_lDDT	Q9KJB6_Q75_lDDT.pdb	9.825E-01	9.503E-01	9.608E-01	36.300	89	88	88
A0A059Q5E8_Q75_lDDT	Q9KJB3_Q75_lDDT.pdb	9.825E-01	9.503E-01	9.608E-01	36.300	89	88	88
A0A059Q5E8_Q75_lDDT	Q9KJB2_Q75_lDDT.pdb	9.817E-01	9.495E-01	9.600E-01	34.000	89	88	88
A0A059Q5E8_Q75_lDDT	AF-A0A1L5BQA7-F1-model_v4_Q75_lDDT.pdb	9.876E-01	9.441E-01	9.546E-01	48.200	89	87	88
A0A059Q5E8_Q75_lDDT	A0A0C5LQ34_Q75_lDDT.pdb	9.805E-01	9.480E-01	9.480E-01	48.800	89	88	89
A0A059Q5E8_Q75_lDDT	Q4JRB6_Q75_lDDT.pdb	9.829E-01	9.506E-01	9.506E-01	34.000	89	88	89
A0A059Q5E8_Q75_lDDT	Q6DTJ0_Q75_lDDT.pdb	9.828E-01	9.506E-01	9.506E-01	35.200	89	88	89
A0A059Q5E8_Q75_lDDT	Q9RB00_Q75_lDDT.pdb	9.828E-01	9.506E-01	9.506E-01	35.200	89	88	89
A0A059Q5E8_Q75_lDDT	AF-K4GMG9-F1-model_v6_Q75_lDDT.pdb	9.863E-01	9.538E-01	9.435E-01	47.700	89	88	90
A0A059Q5E8_Q75_lDDT	Q6DTI9_Q75_lDDT.pdb	9.827E-01	9.505E-01	9.505E-01	36.300	89	88	89
A0A059Q5E8_Q75_lDDT	Q6V8J2_Q75_lDDT.pdb	9.827E-01	9.505E-01	9.505E-01	36.300	89	88	89
A0A059Q5E8_Q75_lDDT	Q6DTI7_Q75_lDDT.pdb	9.824E-01	9.502E-01	9.502E-01	37.500	89	88	89
A0A059Q5E8_Q75_lDDT	A0A0C5L392_Q75_lDDT.pdb	9.822E-01	9.500E-01	9.500E-01	31.800	89	88	89
A0A059Q5E8_Q75_lDDT	Q5EEU4_Q75_lDDT.pdb	9.816E-01	9.494E-01	9.494E-01	37.500	89	88	89
A0A059Q5E8_Q75_lDDT	A0A0C5LQ44_Q75_lDDT.pdb	9.814E-01	9.493E-01	9.493E-01	34.000	89	88	89
A0A059Q5E8_Q75_lDDT	B5L5V5_Q75_lDDT.pdb	9.850E-01	9.526E-01	9.423E-01	32.900	89	88	90
A0A059Q5E8_Q75_lDDT	A0A0C5LDD9_Q75_lDDT.pdb	9.849E-01	9.526E-01	9.423E-01	34.000	89	88	90
A0A059Q5E8_Q75_lDDT	AF-K4GMF9-F1-model_v4_Q75_lDDT.pdb	9.846E-01	9.523E-01	9.419E-01	48.800	89	88	90
A0A059Q5E8_Q75_lDDT	ECM-1_Q75_lDDT.pdb	9.843E-01	9.520E-01	9.416E-01	47.700	89	88	90
A0A059Q5E8_Q75_lDDT	B5L5X0_Q75_lDDT.pdb	9.843E-01	9.520E-01	9.417E-01	36.300	89	88	90
A0A059Q5E8_Q75_lDDT	A0A0C5LDD5_Q75_lDDT.pdb	9.807E-01	9.486E-01	9.486E-01	29.500	89	88	89
A0A059Q5E8_Q75_lDDT	B5L5V9_Q75_lDDT.pdb	9.847E-01	9.416E-01	9.520E-01	40.200	89	87	88
A0A059Q5E8_Q75_lDDT	AF-A0A0D0GMS0-F1-model_v4_Q75_lDDT.pdb	9.838E-01	9.515E-01	9.412E-01	35.200	89	88	90
A0A059Q5E8_Q75_lDDT	Q6DTI8_Q75_lDDT.pdb	9.828E-01	9.506E-01	9.403E-01	35.200	89	88	90
A0A059Q5E8_Q75_lDDT	Q8KKG1_Q75_lDDT.pdb	9.827E-01	9.505E-01	9.402E-01	45.400	89	88	90
A0A059Q5E8_Q75_lDDT	Q6DTI4_Q75_lDDT.pdb	9.827E-01	9.505E-01	9.402E-01	34.000	89	88	90
A0A059Q5E8_Q75_lDDT	Q6DTI5_Q75_lDDT.pdb	9.825E-01	9.503E-01	9.400E-01	34.000	89	88	90
A0A059Q5E8_Q75_lDDT	GRD33_Q75_lDDT.pdb	9.821E-01	9.499E-01	9.396E-01	57.900	89	88	90
A0A059Q5E8_Q75_lDDT	AF-Q89GW5-F1-model_v4_Q75_lDDT.pdb	9.783E-01	9.463E-01	9.463E-01	39.700	89	88	89
A0A059Q5E8_Q75_lDDT	Q5S4Q5_Q75_lDDT.pdb	9.820E-01	9.498E-01	9.396E-01	34.000	89	88	90
A0A059Q5E8_Q75_lDDT	AF-A0A1L6K5Z8-F1-model_v4_Q75_lDDT.pdb	9.810E-01	9.488E-01	9.386E-01	56.800	89	88	90
A0A059Q5E8_Q75_lDDT	B3SU2_Q75_lDDT.pdb	9.792E-01	9.472E-01	9.370E-01	40.900	89	88	90
A0A059Q5E8_Q75_lDDT	Q9K578_Q75_lDDT.pdb	9.789E-01	9.469E-01	9.367E-01	40.900	89	88	90
A0A059Q5E8_Q75_lDDT	MBL1b_Q75_lDDT.pdb	9.768E-01	9.450E-01	9.348E-01	44.300	89	88	90
A0A059Q5E8_Q75_lDDT	AF-Q6D395-F1-model_v4_Q75_lDDT.pdb	9.727E-01	9.305E-01	9.407E-01	37.900	89	87	88
A0A059Q5E8_Q75_lDDT	B5L5W3_Q75_lDDT.pdb	9.685E-01	9.267E-01	9.471E-01	29.800	89	87	87
A0A059Q5E8_Q75_lDDT	B5L5V2_Q75_lDDT.pdb	9.711E-01	9.290E-01	9.392E-01	36.700	89	87	88
A0A059Q5E8_Q75_lDDT	AF-A0A1L6K5X8-F1-model_v4_Q75_lDDT.pdb	9.647E-01	9.336E-01	9.336E-01	46.500	89	88	89
A0A059Q5E8_Q75_lDDT	AF-A0A0D6SYW3-F1-model_v4_Q75_lDDT.pdb	9.636E-01	9.326E-01	9.226E-01	43.100	89	88	90
A0A059Q5E8_Q75_lDDT	AF-A0A4D6P0I4-F1-model_v4_Q75_lDDT.pdb	9.635E-01	9.325E-01	9.226E-01	43.100	89	88	90
A0A059Q5E8_Q75_lDDT	B3SU1_Q75_lDDT.pdb	9.583E-01	9.171E-01	9.270E-01	42.500	89	87	88
A0A059Q5E8_Q75_lDDT	U3U4Q6_Q75_lDDT.pdb	9.603E-01	9.294E-01	9.196E-01	43.100	89	88	90
A0A059Q5E8_Q75_lDDT	Q9JRP7_Q75_lDDT.pdb	9.414E-01	9.113E-01	9.113E-01	36.300	89	88	89
A0A0C5L392_Q75_lDDT	A0A0C5L392_Q75_lDDT.pdb	1.011E+00	1.000E+00	1.000E+00	100.000	89	89	89
A0A0C5L392_Q75_lDDT	Q6DTJ0_Q75_lDDT.pdb	1.010E+00	9.990E-01	9.990E-01	77.500	89	89	89
A0A0C5L392_Q75_lDDT	Q6V8J2_Q75_lDDT.pdb	1.010E+00	9.987E-01	9.987E-01	78.600	89	89	89
A0A0C5L392_Q75_lDDT	Q6DTI9_Q75_lDDT.pdb	1.010E+00	9.986E-01	9.986E-01	78.600	89	89	89
A0A0C5L392_Q75_lDDT	Q6DTI7_Q75_lDDT.pdb	1.009E+00	9.976E-01	9.976E-01	78.600	89	89	89
A0A0C5L392_Q75_lDDT	Q5EEU4_Q75_lDDT.pdb	1.008E+00	9.972E-01	9.972E-01	82.000	89	89	89
A0A0C5L392_Q75_lDDT	Q4JRB6_Q75_lDDT.pdb	1.008E+00	9.964E-01	9.964E-01	80.800	89	89	89
A0A0C5L392_Q75_lDDT	Q9RB00_Q75_lDDT.pdb	1.006E+00	9.949E-01	9.949E-01	79.700	89	89	89
A0A0C5L392_Q75_lDDT	Q9KJB5_Q75_lDDT.pdb	1.011E+00	9.879E-01	9.991E-01	79.500	89	88	88
A0A0C5L392_Q75_lDDT	Q9KJB6_Q75_lDDT.pdb	1.011E+00	9.879E-01	9.991E-01	79.500	89	88	88
A0A0C5L392_Q75_lDDT	Q9KJB3_Q75_lDDT.pdb	1.011E+00	9.878E-01	9.990E-01	78.400	89	88	88
A0A0C5L392_Q75_lDDT	Q9KJB4_Q75_lDDT.pdb	1.010E+00	9.878E-01	9.990E-01	80.600	89	88	88
A0A0C5L392_Q75_lDDT	Q9KJB1_Q75_lDDT.pdb	1.010E+00	9.878E-01	9.990E-01	81.800	89	88	88
A0A0C5L392_Q75_lDDT	Q9KJB2_Q75_lDDT.pdb	1.010E+00	9.874E-01	9.986E-01	79.500	89	88	88
A0A0C5L392_Q75_lDDT	A0A0C5LDD5_Q75_lDDT.pdb	1.001E+00	9.902E-01	9.902E-01	84.200	89	89	89
A0A0C5L392_Q75_lDDT	A0A0C5LQ44_Q75_lDDT.pdb	1.000E+00	9.890E-01	9.890E-01	84.200	89	89	89
A0A0C5L392_Q75_lDDT	Q6DTI4_Q75_lDDT.pdb	1.003E+00	9.916E-01	9.806E-01	78.800	89	90	90
A0A0C5L392_Q75_lDDT	Q6DTI5_Q75_lDDT.pdb	1.003E+00	9.913E-01	9.804E-01	78.800	89	90	90
A0A0C5L392_Q75_lDDT	Q6DTI8_Q75_lDDT.pdb	1.002E+00	9.912E-01	9.802E-01	77.700	89	90	90
A0A0C5L392_Q75_lDDT	Q5S4Q5_Q75_lDDT.pdb	1.002E+00	9.911E-01	9.801E-01	78.800	89	90	90
A0A0C5L392_Q75_lDDT	AF-A0A0D0GMS0-F1-model_v4_Q75_lDDT.pdb	1.001E+00	9.897E-01	9.788E-01	72.200	89	90	90
A0A0C5L392_Q75_lDDT	B5L5V5_Q75_lDDT.pdb	1.000E+00	9.893E-01	9.784E-01	71.100	89	90	90
A0A0C5L392_Q75_lDDT	B5L5X0_Q75_lDDT.pdb	1.009E+00	9.869E-01	9.759E-01	75.000	89	88	90
A0A0C5L392_Q75_lDDT	A0A0C5LDD9_Q75_lDDT.pdb	1.009E+00	9.860E-01	9.751E-01	71.500	89	88	90
A0A0C5L392_Q75_lDDT	B5L5V9_Q75_lDDT.pdb	9.999E-01	9.664E-01	9.773E-01	59.500	89	89	88
A0A0C5L392_Q75_lDDT	B3SU2_Q75_lDDT.pdb	9.998E-01	9.776E-01	9.668E-01	47.700	89	88	90
A0A0C5L392_Q75_lDDT	Q9K578_Q75_lDDT.pdb	9.968E-01	9.747E-01	9.640E-01	50.000	89	88	90
A0A0C5L392_Q75_lDDT	AF-Q89GW5-F1-model_v4_Q75_lDDT.pdb	9.900E-01	9.682E-01	9.682E-01	45.400	89	88	89
A0A0C5L392_Q75_lDDT	AF-A8GGW7-F1-model_v4_Q75_lDDT.pdb	9.847E-01	9.631E-01	9.631E-01	36.300	89	88	89
A0A0C5L392_Q75_lDDT	Q8KKG1_Q75_lDDT.pdb	9.859E-01	9.642E-01	9.538E-01	34.000	89	88	90
A0A0C5L392_Q75_lDDT	B5L5W3_Q75_lDDT.pdb	9.866E-01	9.432E-01	9.644E-01	46.500	89	88	87
A0A0C5L392_Q75_lDDT	A0A0C5LDH9_Q75_lDDT.pdb	9.856E-01	9.532E-01	9.532E-01	32.900	89	88	89
A0A0C5L392_Q75_lDDT	B5L5V2_Q75_lDDT.pdb	9.886E-01	9.451E-01	9.556E-01	50.000	89	88	88
A0A0C5L392_Q75_lDDT	A0A386JBC5_Q75_lDDT.pdb	9.848E-01	9.524E-01	9.524E-01	35.200	89	88	89
A0A0C5L392_Q75_lDDT	MBL1b_Q75_lDDT.pdb	9.807E-01	9.593E-01	9.490E-01	34.000	89	88	90
A0A0C5L392_Q75_lDDT	AF-A0A1L6K5Z9-F1-model_v4_Q75_lDDT.pdb	9.840E-01	9.517E-01	9.517E-01	35.200	89	88	89
A0A0C5L392_Q75_lDDT	AF-Q9AEF9-F1-model_v4_Q75_lDDT.pdb	9.753E-01	9.539E-01	9.436E-01	31.400	89	89	90
A0A0C5L392_Q75_lDDT	A0A0C5LQ34_Q75_lDDT.pdb	9.821E-01	9.499E-01	9.499E-01	35.200	89	88	89
A0A0C5L392_Q75_lDDT	A0A059Q5E8_Q75_lDDT.pdb	9.822E-01	9.500E-01	9.500E-01	31.800	89	88	89
A0A0C5L392_Q75_lDDT	AF-K4GMK0-F1-model_v4_Q75_lDDT.pdb	9.735E-01	9.521E-01	9.418E-01	31.400	89	89	90
A0A0C5L392_Q75_lDDT	AF-K4GMG4-F1-model_v4_Q75_lDDT.pdb	9.796E-01	9.475E-01	9.475E-01	35.200	89	88	89
A0A0C5L392_Q75_lDDT	AF-A0A1L6K5Y8-F1-model_v4_Q75_lDDT.pdb	9.712E-01	9.500E-01	9.397E-01	29.200	89	89	90
A0A0C5L392_Q75_lDDT	B5L5V3_Q75_lDDT.pdb	9.781E-01	9.461E-01	9.461E-01	32.900	89	88	89
A0A0C5L392_Q75_lDDT	B5L5V0_Q75_lDDT.pdb	9.700E-01	9.489E-01	9.386E-01	30.300	89	89	90
A0A0C5L392_Q75_lDDT	AF-K4GMF9-F1-model_v4_Q75_lDDT.pdb	9.695E-01	9.484E-01	9.381E-01	30.300	89	89	90
A0A0C5L392_Q75_lDDT	AF-K4GMG9-F1-model_v6_Q75_lDDT.pdb	9.695E-01	9.483E-01	9.381E-01	29.200	89	89	90
A0A0C5L392_Q75_lDDT	NWM_Q75_lDDT.pdb	9.695E-01	9.483E-01	9.381E-01	29.200	89	89	90
A0A0C5L392_Q75_lDDT	ECM-1_Q75_lDDT.pdb	9.680E-01	9.469E-01	9.367E-01	29.200	89	89	90
A0A0C5L392_Q75_lDDT	G5ELM3_Q75_lDDT.pdb	9.743E-01	9.426E-01	9.426E-01	28.400	89	88	89
A0A0C5L392_Q75_lDDT	AF-A0A1L5BQA7-F1-model_v4_Q75_lDDT.pdb	9.780E-01	9.354E-01	9.457E-01	34.000	89	88	88
A0A0C5L392_Q75_lDDT	B5DCA0_Q75_lDDT.pdb	9.739E-01	9.422E-01	9.422E-01	30.600	89	88	89
A0A0C5L392_Q75_lDDT	PJM-1_Q75_lDDT.pdb	9.734E-01	9.417E-01	9.417E-01	28.400	89	88	89
A0A0C5L392_Q75_lDDT	AF-A0A1L6K5X8-F1-model_v4_Q75_lDDT.pdb	9.641E-01	9.434E-01	9.434E-01	27.200	89	88	89
A0A0C5L392_Q75_lDDT	AF-A0A4D6P0I4-F1-model_v4_Q75_lDDT.pdb	9.655E-01	9.446E-01	9.346E-01	29.500	89	88	90
A0A0C5L392_Q75_lDDT	AF-A0A0D6SYW3-F1-model_v4_Q75_lDDT.pdb	9.654E-01	9.446E-01	9.345E-01	29.500	89	88	90
A0A0C5L392_Q75_lDDT	U3U4Q6_Q75_lDDT.pdb	9.653E-01	9.445E-01	9.345E-01	29.500	89	88	90
A0A0C5L392_Q75_lDDT	Q9JRP7_Q75_lDDT.pdb	9.524E-01	9.319E-01	9.319E-01	29.500	89	88	89
A0A0C5L392_Q75_lDDT	GRD33_Q75_lDDT.pdb	9.525E-01	9.321E-01	9.222E-01	28.000	89	89	90
A0A0C5L392_Q75_lDDT	AF-A0A1L6K5Z8-F1-model_v4_Q75_lDDT.pdb	9.519E-01	9.315E-01	9.216E-01	25.800	89	89	90
A0A0C5L392_Q75_lDDT	AF-Q6D395-F1-model_v4_Q75_lDDT.pdb	9.623E-01	9.210E-01	9.309E-01	32.900	89	88	88
A0A0C5L392_Q75_lDDT	B3SU1_Q75_lDDT.pdb	9.565E-01	9.154E-01	9.253E-01	30.600	89	88	88
A0A0C5LDD9_Q75_lDDT	A0A0C5LDD9_Q75_lDDT.pdb	1.011E+00	1.000E+00	1.000E+00	100.000	90	90	90
A0A0C5LDD9_Q75_lDDT	B5L5V5_Q75_lDDT.pdb	1.001E+00	9.897E-01	9.897E-01	72.200	90	90	90
A0A0C5LDD9_Q75_lDDT	Q9KJB1_Q75_lDDT.pdb	1.008E+00	9.745E-01	9.966E-01	68.100	90	88	88
A0A0C5LDD9_Q75_lDDT	Q9KJB6_Q75_lDDT.pdb	1.008E+00	9.745E-01	9.966E-01	68.100	90	88	88
A0A0C5LDD9_Q75_lDDT	Q9KJB5_Q75_lDDT.pdb	1.008E+00	9.744E-01	9.964E-01	69.300	90	88	88
A0A0C5LDD9_Q75_lDDT	Q9KJB3_Q75_lDDT.pdb	1.008E+00	9.743E-01	9.964E-01	68.100	90	88	88
A0A0C5LDD9_Q75_lDDT	Q9KJB4_Q75_lDDT.pdb	1.008E+00	9.743E-01	9.964E-01	68.100	90	88	88
A0A0C5LDD9_Q75_lDDT	Q9KJB2_Q75_lDDT.pdb	1.007E+00	9.738E-01	9.959E-01	67.000	90	88	88
A0A0C5LDD9_Q75_lDDT	Q4JRB6_Q75_lDDT.pdb	9.990E-01	9.769E-01	9.878E-01	67.700	90	90	89
A0A0C5LDD9_Q75_lDDT	B5L5X0_Q75_lDDT.pdb	9.939E-01	9.830E-01	9.830E-01	71.100	90	90	90
A0A0C5LDD9_Q75_lDDT	Q5S4Q5_Q75_lDDT.pdb	9.948E-01	9.839E-01	9.839E-01	68.800	90	90	90
A0A0C5LDD9_Q75_lDDT	Q6DTI5_Q75_lDDT.pdb	9.943E-01	9.833E-01	9.833E-01	68.800	90	90	90
A0A0C5LDD9_Q75_lDDT	A0A0C5LQ44_Q75_lDDT.pdb	1.009E+00	9.751E-01	9.860E-01	69.300	90	88	89
A0A0C5LDD9_Q75_lDDT	A0A0C5L392_Q75_lDDT.pdb	1.009E+00	9.751E-01	9.860E-01	71.500	90	88	89
A0A0C5LDD9_Q75_lDDT	Q5EEU4_Q75_lDDT.pdb	1.008E+00	9.750E-01	9.859E-01	69.300	90	88	89
A0A0C5LDD9_Q75_lDDT	A0A0C5LDD5_Q75_lDDT.pdb	1.008E+00	9.746E-01	9.856E-01	71.500	90	88	89
A0A0C5LDD9_Q75_lDDT	Q6DTI9_Q75_lDDT.pdb	1.008E+00	9.745E-01	9.854E-01	69.300	90	88	89
A0A0C5LDD9_Q75_lDDT	Q6DTJ0_Q75_lDDT.pdb	1.008E+00	9.745E-01	9.854E-01	69.300	90	88	89
A0A0C5LDD9_Q75_lDDT	Q6V8J2_Q75_lDDT.pdb	1.008E+00	9.744E-01	9.853E-01	69.300	90	88	89
A0A0C5LDD9_Q75_lDDT	Q6DTI4_Q75_lDDT.pdb	9.925E-01	9.815E-01	9.815E-01	68.800	90	90	90
A0A0C5LDD9_Q75_lDDT	Q9RB00_Q75_lDDT.pdb	1.008E+00	9.743E-01	9.852E-01	68.100	90	88	89
A0A0C5LDD9_Q75_lDDT	AF-A0A0D0GMS0-F1-model_v4_Q75_lDDT.pdb	1.002E+00	9.796E-01	9.796E-01	77.500	90	89	90
A0A0C5LDD9_Q75_lDDT	Q6DTI8_Q75_lDDT.pdb	9.925E-01	9.816E-01	9.816E-01	67.700	90	90	90
A0A0C5LDD9_Q75_lDDT	Q6DTI7_Q75_lDDT.pdb	1.008E+00	9.741E-01	9.850E-01	69.300	90	88	89
A0A0C5LDD9_Q75_lDDT	B3SU2_Q75_lDDT.pdb	1.002E+00	9.687E-01	9.687E-01	55.600	90	88	90
A0A0C5LDD9_Q75_lDDT	B5L5V9_Q75_lDDT.pdb	1.010E+00	9.540E-01	9.757E-01	68.100	90	88	88
A0A0C5LDD9_Q75_lDDT	Q9K578_Q75_lDDT.pdb	1.000E+00	9.671E-01	9.671E-01	46.500	90	88	90
A0A0C5LDD9_Q75_lDDT	AF-A8GGW7-F1-model_v4_Q75_lDDT.pdb	9.903E-01	9.579E-01	9.685E-01	36.300	90	88	89
A0A0C5LDD9_Q75_lDDT	Q8KKG1_Q75_lDDT.pdb	9.933E-01	9.607E-01	9.607E-01	34.000	90	88	90
A0A0C5LDD9_Q75_lDDT	AF-Q89GW5-F1-model_v4_Q75_lDDT.pdb	9.891E-01	9.568E-01	9.673E-01	44.300	90	88	89
A0A0C5LDD9_Q75_lDDT	MBL1b_Q75_lDDT.pdb	9.887E-01	9.564E-01	9.564E-01	34.000	90	88	90
A0A0C5LDD9_Q75_lDDT	AF-A0A1L6K5Z9-F1-model_v4_Q75_lDDT.pdb	9.899E-01	9.468E-01	9.572E-01	34.000	90	88	89
A0A0C5LDD9_Q75_lDDT	A0A0C5LDH9_Q75_lDDT.pdb	9.897E-01	9.466E-01	9.570E-01	36.300	90	88	89
A0A0C5LDD9_Q75_lDDT	A0A386JBC5_Q75_lDDT.pdb	9.895E-01	9.464E-01	9.568E-01	36.300	90	88	89
A0A0C5LDD9_Q75_lDDT	A0A0C5LQ34_Q75_lDDT.pdb	9.885E-01	9.455E-01	9.559E-01	40.900	90	88	89
A0A0C5LDD9_Q75_lDDT	AF-Q9AEF9-F1-model_v4_Q75_lDDT.pdb	9.805E-01	9.484E-01	9.484E-01	31.400	90	89	90
A0A0C5LDD9_Q75_lDDT	AF-K4GMK0-F1-model_v4_Q75_lDDT.pdb	9.803E-01	9.482E-01	9.482E-01	33.700	90	89	90
A0A0C5LDD9_Q75_lDDT	AF-K4GMG4-F1-model_v4_Q75_lDDT.pdb	9.853E-01	9.425E-01	9.528E-01	37.500	90	88	89
A0A0C5LDD9_Q75_lDDT	B5L5W3_Q75_lDDT.pdb	9.846E-01	9.312E-01	9.625E-01	48.800	90	88	87
A0A0C5LDD9_Q75_lDDT	A0A059Q5E8_Q75_lDDT.pdb	9.849E-01	9.423E-01	9.526E-01	34.000	90	88	89
A0A0C5LDD9_Q75_lDDT	B5L5V2_Q75_lDDT.pdb	9.871E-01	9.334E-01	9.541E-01	51.100	90	88	88
A0A0C5LDD9_Q75_lDDT	AF-K4GMG9-F1-model_v6_Q75_lDDT.pdb	9.757E-01	9.439E-01	9.439E-01	26.900	90	89	90
A0A0C5LDD9_Q75_lDDT	AF-K4GMF9-F1-model_v4_Q75_lDDT.pdb	9.750E-01	9.433E-01	9.433E-01	29.200	90	89	90
A0A0C5LDD9_Q75_lDDT	AF-A0A1L6K5Y8-F1-model_v4_Q75_lDDT.pdb	9.750E-01	9.432E-01	9.432E-01	33.700	90	89	90
A0A0C5LDD9_Q75_lDDT	AF-A0A1L6K5X8-F1-model_v4_Q75_lDDT.pdb	9.738E-01	9.424E-01	9.526E-01	29.500	90	88	89
A0A0C5LDD9_Q75_lDDT	B5L5V0_Q75_lDDT.pdb	9.746E-01	9.429E-01	9.429E-01	30.300	90	89	90
A0A0C5LDD9_Q75_lDDT	B5L5V3_Q75_lDDT.pdb	9.812E-01	9.388E-01	9.491E-01	32.900	90	88	89
A0A0C5LDD9_Q75_lDDT	AF-A0A1L5BQA7-F1-model_v4_Q75_lDDT.pdb	9.854E-01	9.319E-01	9.526E-01	39.700	90	88	88
A0A0C5LDD9_Q75_lDDT	ECM-1_Q75_lDDT.pdb	9.738E-01	9.421E-01	9.421E-01	26.900	90	89	90
A0A0C5LDD9_Q75_lDDT	G5ELM3_Q75_lDDT.pdb	9.806E-01	9.382E-01	9.485E-01	29.500	90	88	89
A0A0C5LDD9_Q75_lDDT	NWM_Q75_lDDT.pdb	9.726E-01	9.410E-01	9.410E-01	33.700	90	89	90
A0A0C5LDD9_Q75_lDDT	PJM-1_Q75_lDDT.pdb	9.786E-01	9.364E-01	9.466E-01	28.400	90	88	89
A0A0C5LDD9_Q75_lDDT	AF-A0A4D6P0I4-F1-model_v4_Q75_lDDT.pdb	9.738E-01	9.424E-01	9.424E-01	29.500	90	88	90
A0A0C5LDD9_Q75_lDDT	B5DCA0_Q75_lDDT.pdb	9.785E-01	9.364E-01	9.466E-01	29.500	90	88	89
A0A0C5LDD9_Q75_lDDT	AF-A0A0D6SYW3-F1-model_v4_Q75_lDDT.pdb	9.737E-01	9.424E-01	9.424E-01	29.500	90	88	90
A0A0C5LDD9_Q75_lDDT	U3U4Q6_Q75_lDDT.pdb	9.734E-01	9.420E-01	9.420E-01	29.500	90	88	90
A0A0C5LDD9_Q75_lDDT	Q9JRP7_Q75_lDDT.pdb	9.606E-01	9.297E-01	9.398E-01	26.100	90	88	89
A0A0C5LDD9_Q75_lDDT	GRD33_Q75_lDDT.pdb	9.605E-01	9.296E-01	9.296E-01	30.300	90	89	90
A0A0C5LDD9_Q75_lDDT	AF-A0A1L6K5Z8-F1-model_v4_Q75_lDDT.pdb	9.599E-01	9.290E-01	9.290E-01	26.900	90	89	90
A0A0C5LDD9_Q75_lDDT	AF-Q6D395-F1-model_v4_Q75_lDDT.pdb	9.653E-01	9.139E-01	9.338E-01	34.000	90	88	88
A0A0C5LDD9_Q75_lDDT	B3SU1_Q75_lDDT.pdb	9.596E-01	9.085E-01	9.283E-01	27.200	90	88	88
A0A0C5LQ34_Q75_lDDT	A0A0C5LQ34_Q75_lDDT.pdb	1.011E+00	1.000E+00	1.000E+00	100.000	89	89	89
A0A0C5LQ34_Q75_lDDT	AF-A8GGW7-F1-model_v4_Q75_lDDT.pdb	9.976E-01	9.644E-01	9.644E-01	45.400	89	88	89
A0A0C5LQ34_Q75_lDDT	AF-A0A1L6K5Z9-F1-model_v4_Q75_lDDT.pdb	9.909E-01	9.578E-01	9.578E-01	50.000	89	88	89
A0A0C5LQ34_Q75_lDDT	Q8KKG1_Q75_lDDT.pdb	9.976E-01	9.645E-01	9.539E-01	53.400	89	88	90
A0A0C5LQ34_Q75_lDDT	AF-K4GMG4-F1-model_v4_Q75_lDDT.pdb	9.885E-01	9.555E-01	9.555E-01	46.500	89	88	89
A0A0C5LQ34_Q75_lDDT	AF-K4GMK0-F1-model_v4_Q75_lDDT.pdb	9.916E-01	9.584E-01	9.479E-01	53.900	89	89	90
A0A0C5LQ34_Q75_lDDT	AF-A0A1L5BQA7-F1-model_v4_Q75_lDDT.pdb	9.948E-01	9.507E-01	9.614E-01	49.400	89	87	88
A0A0C5LQ34_Q75_lDDT	MBL1b_Q75_lDDT.pdb	9.940E-01	9.610E-01	9.505E-01	51.100	89	88	90
A0A0C5LQ34_Q75_lDDT	A0A386JBC5_Q75_lDDT.pdb	9.858E-01	9.530E-01	9.530E-01	50.000	89	88	89
A0A0C5LQ34_Q75_lDDT	G5ELM3_Q75_lDDT.pdb	9.854E-01	9.526E-01	9.526E-01	48.800	89	88	89
A0A0C5LQ34_Q75_lDDT	Q9KJB1_Q75_lDDT.pdb	9.836E-01	9.513E-01	9.618E-01	42.000	89	88	88
A0A0C5LQ34_Q75_lDDT	AF-Q9AEF9-F1-model_v4_Q75_lDDT.pdb	9.877E-01	9.548E-01	9.443E-01	52.800	89	89	90
A0A0C5LQ34_Q75_lDDT	Q9KJB6_Q75_lDDT.pdb	9.827E-01	9.505E-01	9.610E-01	43.100	89	88	88
A0A0C5LQ34_Q75_lDDT	Q9KJB3_Q75_lDDT.pdb	9.826E-01	9.504E-01	9.609E-01	44.300	89	88	88
A0A0C5LQ34_Q75_lDDT	Q9KJB4_Q75_lDDT.pdb	9.824E-01	9.502E-01	9.607E-01	43.100	89	88	88
A0A0C5LQ34_Q75_lDDT	Q9KJB2_Q75_lDDT.pdb	9.823E-01	9.500E-01	9.605E-01	40.900	89	88	88
A0A0C5LQ34_Q75_lDDT	Q9KJB5_Q75_lDDT.pdb	9.822E-01	9.500E-01	9.605E-01	45.400	89	88	88
A0A0C5LQ34_Q75_lDDT	A0A0C5LDH9_Q75_lDDT.pdb	9.825E-01	9.499E-01	9.499E-01	45.400	89	88	89
A0A0C5LQ34_Q75_lDDT	AF-K4GMG9-F1-model_v6_Q75_lDDT.pdb	9.856E-01	9.528E-01	9.423E-01	43.800	89	89	90
A0A0C5LQ34_Q75_lDDT	B5L5V0_Q75_lDDT.pdb	9.855E-01	9.527E-01	9.423E-01	51.600	89	89	90
A0A0C5LQ34_Q75_lDDT	A0A0C5LDD9_Q75_lDDT.pdb	9.885E-01	9.559E-01	9.455E-01	40.900	89	88	90
A0A0C5LQ34_Q75_lDDT	AF-A0A1L6K5Y8-F1-model_v4_Q75_lDDT.pdb	9.843E-01	9.516E-01	9.412E-01	50.500	89	89	90
A0A0C5LQ34_Q75_lDDT	A0A0C5LDD5_Q75_lDDT.pdb	9.839E-01	9.515E-01	9.515E-01	36.300	89	88	89
A0A0C5LQ34_Q75_lDDT	A0A059Q5E8_Q75_lDDT.pdb	9.805E-01	9.480E-01	9.480E-01	48.800	89	88	89
A0A0C5LQ34_Q75_lDDT	ECM-1_Q75_lDDT.pdb	9.839E-01	9.512E-01	9.408E-01	41.500	89	89	90
A0A0C5LQ34_Q75_lDDT	AF-A0A0D0GMS0-F1-model_v4_Q75_lDDT.pdb	9.870E-01	9.545E-01	9.441E-01	46.500	89	88	90
A0A0C5LQ34_Q75_lDDT	B5L5X0_Q75_lDDT.pdb	9.869E-01	9.544E-01	9.440E-01	45.400	89	88	90
A0A0C5LQ34_Q75_lDDT	Q4JRB6_Q75_lDDT.pdb	9.829E-01	9.506E-01	9.506E-01	40.900	89	88	89
A0A0C5LQ34_Q75_lDDT	Q9RB00_Q75_lDDT.pdb	9.827E-01	9.504E-01	9.504E-01	42.000	89	88	89
A0A0C5LQ34_Q75_lDDT	Q6DTJ0_Q75_lDDT.pdb	9.825E-01	9.502E-01	9.502E-01	45.400	89	88	89
A0A0C5LQ34_Q75_lDDT	B5L5V5_Q75_lDDT.pdb	9.863E-01	9.538E-01	9.435E-01	38.600	89	88	90
A0A0C5LQ34_Q75_lDDT	B5L5V9_Q75_lDDT.pdb	9.867E-01	9.433E-01	9.538E-01	42.500	89	87	88
A0A0C5LQ34_Q75_lDDT	Q6DTI9_Q75_lDDT.pdb	9.823E-01	9.501E-01	9.501E-01	45.400	89	88	89
A0A0C5LQ34_Q75_lDDT	Q6V8J2_Q75_lDDT.pdb	9.822E-01	9.500E-01	9.500E-01	45.400	89	88	89
A0A0C5LQ34_Q75_lDDT	AF-K4GMF9-F1-model_v4_Q75_lDDT.pdb	9.825E-01	9.500E-01	9.396E-01	40.400	89	89	90
A0A0C5LQ34_Q75_lDDT	A0A0C5L392_Q75_lDDT.pdb	9.821E-01	9.499E-01	9.499E-01	35.200	89	88	89
A0A0C5LQ34_Q75_lDDT	A0A0C5LQ44_Q75_lDDT.pdb	9.820E-01	9.498E-01	9.498E-01	38.600	89	88	89
A0A0C5LQ34_Q75_lDDT	Q6DTI7_Q75_lDDT.pdb	9.816E-01	9.494E-01	9.494E-01	45.400	89	88	89
A0A0C5LQ34_Q75_lDDT	Q9K578_Q75_lDDT.pdb	9.852E-01	9.528E-01	9.425E-01	51.100	89	88	90
A0A0C5LQ34_Q75_lDDT	Q5EEU4_Q75_lDDT.pdb	9.814E-01	9.492E-01	9.492E-01	42.000	89	88	89
A0A0C5LQ34_Q75_lDDT	B5L5V3_Q75_lDDT.pdb	9.779E-01	9.456E-01	9.456E-01	50.000	89	88	89
A0A0C5LQ34_Q75_lDDT	PJM-1_Q75_lDDT.pdb	9.763E-01	9.441E-01	9.441E-01	43.100	89	88	89
A0A0C5LQ34_Q75_lDDT	AF-A0A1L6K5X8-F1-model_v4_Q75_lDDT.pdb	9.797E-01	9.476E-01	9.476E-01	37.500	89	88	89
A0A0C5LQ34_Q75_lDDT	B5DCA0_Q75_lDDT.pdb	9.758E-01	9.436E-01	9.436E-01	40.900	89	88	89
A0A0C5LQ34_Q75_lDDT	B3SU2_Q75_lDDT.pdb	9.826E-01	9.503E-01	9.400E-01	52.200	89	88	90
A0A0C5LQ34_Q75_lDDT	Q6DTI4_Q75_lDDT.pdb	9.820E-01	9.498E-01	9.395E-01	43.100	89	88	90
A0A0C5LQ34_Q75_lDDT	Q6DTI5_Q75_lDDT.pdb	9.819E-01	9.497E-01	9.395E-01	43.100	89	88	90
A0A0C5LQ34_Q75_lDDT	Q6DTI8_Q75_lDDT.pdb	9.817E-01	9.495E-01	9.393E-01	44.300	89	88	90
A0A0C5LQ34_Q75_lDDT	Q5S4Q5_Q75_lDDT.pdb	9.816E-01	9.495E-01	9.392E-01	43.100	89	88	90
A0A0C5LQ34_Q75_lDDT	NWM_Q75_lDDT.pdb	9.781E-01	9.458E-01	9.355E-01	40.400	89	89	90
A0A0C5LQ34_Q75_lDDT	GRD33_Q75_lDDT.pdb	9.771E-01	9.449E-01	9.346E-01	43.800	89	89	90
A0A0C5LQ34_Q75_lDDT	AF-A0A4D6P0I4-F1-model_v4_Q75_lDDT.pdb	9.806E-01	9.485E-01	9.382E-01	39.700	89	88	90
A0A0C5LQ34_Q75_lDDT	AF-A0A0D6SYW3-F1-model_v4_Q75_lDDT.pdb	9.802E-01	9.481E-01	9.379E-01	39.700	89	88	90
A0A0C5LQ34_Q75_lDDT	AF-Q89GW5-F1-model_v4_Q75_lDDT.pdb	9.753E-01	9.435E-01	9.435E-01	50.000	89	88	89
A0A0C5LQ34_Q75_lDDT	AF-A0A1L6K5Z8-F1-model_v4_Q75_lDDT.pdb	9.752E-01	9.431E-01	9.328E-01	41.500	89	89	90
A0A0C5LQ34_Q75_lDDT	U3U4Q6_Q75_lDDT.pdb	9.787E-01	9.467E-01	9.365E-01	40.900	89	88	90
A0A0C5LQ34_Q75_lDDT	AF-Q6D395-F1-model_v4_Q75_lDDT.pdb	9.782E-01	9.356E-01	9.459E-01	44.800	89	87	88
A0A0C5LQ34_Q75_lDDT	B3SU1_Q75_lDDT.pdb	9.719E-01	9.295E-01	9.398E-01	40.200	89	87	88
A0A0C5LQ34_Q75_lDDT	B5L5V2_Q75_lDDT.pdb	9.708E-01	9.287E-01	9.389E-01	47.100	89	87	88
A0A0C5LQ34_Q75_lDDT	B5L5W3_Q75_lDDT.pdb	9.645E-01	9.229E-01	9.432E-01	37.900	89	87	87
A0A0C5LQ34_Q75_lDDT	Q9JRP7_Q75_lDDT.pdb	9.587E-01	9.276E-01	9.276E-01	35.200	89	88	89
A0A386JBC5_Q75_lDDT	A0A386JBC5_Q75_lDDT.pdb	1.011E+00	1.000E+00	1.000E+00	100.000	89	89	89
A0A386JBC5_Q75_lDDT	AF-A0A1L6K5Z9-F1-model_v4_Q75_lDDT.pdb	9.996E-01	9.663E-01	9.663E-01	63.200	89	87	89
A0A386JBC5_Q75_lDDT	AF-K4GMK0-F1-model_v4_Q75_lDDT.pdb	1.002E+00	9.683E-01	9.576E-01	55.600	89	88	90
A0A386JBC5_Q75_lDDT	AF-K4GMG4-F1-model_v4_Q75_lDDT.pdb	9.953E-01	9.622E-01	9.622E-01	56.300	89	87	89
A0A386JBC5_Q75_lDDT	B5L5V0_Q75_lDDT.pdb	9.975E-01	9.644E-01	9.538E-01	51.100	89	88	90
A0A386JBC5_Q75_lDDT	B5L5V3_Q75_lDDT.pdb	9.937E-01	9.608E-01	9.608E-01	51.700	89	87	89
A0A386JBC5_Q75_lDDT	A0A0C5LDH9_Q75_lDDT.pdb	9.926E-01	9.597E-01	9.597E-01	54.000	89	87	89
A0A386JBC5_Q75_lDDT	AF-K4GMF9-F1-model_v4_Q75_lDDT.pdb	9.939E-01	9.609E-01	9.504E-01	52.200	89	88	90
A0A386JBC5_Q75_lDDT	ECM-1_Q75_lDDT.pdb	9.936E-01	9.607E-01	9.501E-01	53.400	89	88	90
A0A386JBC5_Q75_lDDT	G5ELM3_Q75_lDDT.pdb	9.899E-01	9.572E-01	9.572E-01	49.400	89	87	89
A0A386JBC5_Q75_lDDT	Q9KJB1_Q75_lDDT.pdb	9.861E-01	9.536E-01	9.642E-01	37.500	89	88	88
A0A386JBC5_Q75_lDDT	AF-K4GMG9-F1-model_v6_Q75_lDDT.pdb	9.927E-01	9.597E-01	9.492E-01	53.400	89	88	90
A0A386JBC5_Q75_lDDT	Q9KJB6_Q75_lDDT.pdb	9.856E-01	9.532E-01	9.638E-01	37.500	89	88	88
A0A386JBC5_Q75_lDDT	A0A0C5LQ34_Q75_lDDT.pdb	9.858E-01	9.530E-01	9.530E-01	50.000	89	88	89
A0A386JBC5_Q75_lDDT	Q9KJB4_Q75_lDDT.pdb	9.854E-01	9.530E-01	9.636E-01	37.500	89	88	88
A0A386JBC5_Q75_lDDT	Q9KJB3_Q75_lDDT.pdb	9.854E-01	9.530E-01	9.635E-01	38.600	89	88	88
A0A386JBC5_Q75_lDDT	AF-A0A1L6K5Y8-F1-model_v4_Q75_lDDT.pdb	9.930E-01	9.601E-01	9.496E-01	51.100	89	88	90
A0A386JBC5_Q75_lDDT	Q9KJB5_Q75_lDDT.pdb	9.852E-01	9.528E-01	9.633E-01	39.700	89	88	88
A0A386JBC5_Q75_lDDT	Q9KJB2_Q75_lDDT.pdb	9.850E-01	9.526E-01	9.632E-01	35.200	89	88	88
A0A386JBC5_Q75_lDDT	AF-Q9AEF9-F1-model_v4_Q75_lDDT.pdb	9.921E-01	9.593E-01	9.488E-01	51.100	89	88	90
A0A386JBC5_Q75_lDDT	PJM-1_Q75_lDDT.pdb	9.872E-01	9.546E-01	9.546E-01	54.000	89	87	89
A0A386JBC5_Q75_lDDT	A0A059Q5E8_Q75_lDDT.pdb	9.870E-01	9.545E-01	9.545E-01	55.100	89	87	89
A0A386JBC5_Q75_lDDT	B5DCA0_Q75_lDDT.pdb	9.865E-01	9.540E-01	9.540E-01	52.800	89	87	89
A0A386JBC5_Q75_lDDT	Q8KKG1_Q75_lDDT.pdb	9.897E-01	9.570E-01	9.466E-01	40.900	89	88	90
A0A386JBC5_Q75_lDDT	A0A0C5LDD9_Q75_lDDT.pdb	9.895E-01	9.568E-01	9.464E-01	36.300	89	88	90
A0A386JBC5_Q75_lDDT	Q9RB00_Q75_lDDT.pdb	9.854E-01	9.530E-01	9.530E-01	36.300	89	88	89
A0A386JBC5_Q75_lDDT	Q6DTI9_Q75_lDDT.pdb	9.854E-01	9.530E-01	9.530E-01	39.700	89	88	89
A0A386JBC5_Q75_lDDT	Q6V8J2_Q75_lDDT.pdb	9.852E-01	9.528E-01	9.528E-01	39.700	89	88	89
A0A386JBC5_Q75_lDDT	Q6DTJ0_Q75_lDDT.pdb	9.852E-01	9.528E-01	9.528E-01	39.700	89	88	89
A0A386JBC5_Q75_lDDT	Q4JRB6_Q75_lDDT.pdb	9.852E-01	9.528E-01	9.528E-01	35.200	89	88	89
A0A386JBC5_Q75_lDDT	A0A0C5LDD5_Q75_lDDT.pdb	9.851E-01	9.527E-01	9.527E-01	34.000	89	88	89
A0A386JBC5_Q75_lDDT	A0A0C5L392_Q75_lDDT.pdb	9.848E-01	9.524E-01	9.524E-01	35.200	89	88	89
A0A386JBC5_Q75_lDDT	Q6DTI7_Q75_lDDT.pdb	9.847E-01	9.524E-01	9.524E-01	38.600	89	88	89
A0A386JBC5_Q75_lDDT	AF-A8GGW7-F1-model_v4_Q75_lDDT.pdb	9.844E-01	9.521E-01	9.521E-01	48.800	89	88	89
A0A386JBC5_Q75_lDDT	Q5EEU4_Q75_lDDT.pdb	9.846E-01	9.522E-01	9.522E-01	39.700	89	88	89
A0A386JBC5_Q75_lDDT	Q9K578_Q75_lDDT.pdb	9.880E-01	9.554E-01	9.450E-01	40.900	89	88	90
A0A386JBC5_Q75_lDDT	B5L5V9_Q75_lDDT.pdb	9.883E-01	9.448E-01	9.553E-01	40.200	89	87	88
A0A386JBC5_Q75_lDDT	AF-A0A0D0GMS0-F1-model_v4_Q75_lDDT.pdb	9.877E-01	9.551E-01	9.447E-01	37.500	89	88	90
A0A386JBC5_Q75_lDDT	NWM_Q75_lDDT.pdb	9.872E-01	9.546E-01	9.443E-01	50.000	89	88	90
A0A386JBC5_Q75_lDDT	AF-A0A1L5BQA7-F1-model_v4_Q75_lDDT.pdb	9.872E-01	9.439E-01	9.543E-01	41.300	89	87	88
A0A386JBC5_Q75_lDDT	B5L5V5_Q75_lDDT.pdb	9.862E-01	9.537E-01	9.434E-01	35.200	89	88	90
A0A386JBC5_Q75_lDDT	A0A0C5LQ44_Q75_lDDT.pdb	9.821E-01	9.498E-01	9.498E-01	37.500	89	88	89
A0A386JBC5_Q75_lDDT	B5L5X0_Q75_lDDT.pdb	9.858E-01	9.534E-01	9.430E-01	36.300	89	88	90
A0A386JBC5_Q75_lDDT	Q6DTI8_Q75_lDDT.pdb	9.848E-01	9.524E-01	9.421E-01	37.500	89	88	90
A0A386JBC5_Q75_lDDT	Q6DTI4_Q75_lDDT.pdb	9.847E-01	9.523E-01	9.420E-01	36.300	89	88	90
A0A386JBC5_Q75_lDDT	Q6DTI5_Q75_lDDT.pdb	9.846E-01	9.522E-01	9.419E-01	36.300	89	88	90
A0A386JBC5_Q75_lDDT	B3SU2_Q75_lDDT.pdb	9.846E-01	9.522E-01	9.419E-01	40.900	89	88	90
A0A386JBC5_Q75_lDDT	GRD33_Q75_lDDT.pdb	9.842E-01	9.519E-01	9.416E-01	47.700	89	88	90
A0A386JBC5_Q75_lDDT	Q5S4Q5_Q75_lDDT.pdb	9.842E-01	9.518E-01	9.415E-01	36.300	89	88	90
A0A386JBC5_Q75_lDDT	MBL1b_Q75_lDDT.pdb	9.839E-01	9.515E-01	9.412E-01	39.700	89	88	90
A0A386JBC5_Q75_lDDT	AF-A0A1L6K5Z8-F1-model_v4_Q75_lDDT.pdb	9.824E-01	9.502E-01	9.399E-01	46.500	89	88	90
A0A386JBC5_Q75_lDDT	B3SU1_Q75_lDDT.pdb	9.780E-01	9.352E-01	9.456E-01	48.200	89	87	88
A0A386JBC5_Q75_lDDT	B5L5V2_Q75_lDDT.pdb	9.753E-01	9.329E-01	9.431E-01	35.600	89	87	88
A0A386JBC5_Q75_lDDT	B5L5W3_Q75_lDDT.pdb	9.704E-01	9.283E-01	9.489E-01	29.800	89	87	87
A0A386JBC5_Q75_lDDT	AF-Q89GW5-F1-model_v4_Q75_lDDT.pdb	9.701E-01	9.386E-01	9.386E-01	43.100	89	88	89
A0A386JBC5_Q75_lDDT	AF-A0A1L6K5X8-F1-model_v4_Q75_lDDT.pdb	9.694E-01	9.380E-01	9.380E-01	36.300	89	88	89
A0A386JBC5_Q75_lDDT	AF-A0A4D6P0I4-F1-model_v4_Q75_lDDT.pdb	9.716E-01	9.401E-01	9.300E-01	42.000	89	88	90
A0A386JBC5_Q75_lDDT	AF-A0A0D6SYW3-F1-model_v4_Q75_lDDT.pdb	9.714E-01	9.399E-01	9.298E-01	42.000	89	88	90
A0A386JBC5_Q75_lDDT	U3U4Q6_Q75_lDDT.pdb	9.712E-01	9.397E-01	9.297E-01	44.300	89	88	90
A0A386JBC5_Q75_lDDT	AF-Q6D395-F1-model_v4_Q75_lDDT.pdb	9.649E-01	9.234E-01	9.334E-01	36.700	89	87	88
A0A386JBC5_Q75_lDDT	Q9JRP7_Q75_lDDT.pdb	9.528E-01	9.221E-01	9.221E-01	30.600	89	88	89
AF-A0A1L5BQA7-F1-model_v4_Q75_lDDT	AF-A0A1L5BQA7-F1-model_v4_Q75_lDDT.pdb	1.011E+00	1.000E+00	1.000E+00	100.000	88	88	88
AF-A0A1L5BQA7-F1-model_v4_Q75_lDDT	A0A0C5LDH9_Q75_lDDT.pdb	9.977E-01	9.641E-01	9.534E-01	48.200	88	87	89
AF-A0A1L5BQA7-F1-model_v4_Q75_lDDT	G5ELM3_Q75_lDDT.pdb	9.959E-01	9.624E-01	9.517E-01	45.900	88	87	89
AF-A0A1L5BQA7-F1-model_v4_Q75_lDDT	A0A0C5LQ34_Q75_lDDT.pdb	9.948E-01	9.614E-01	9.507E-01	49.400	88	87	89
AF-A0A1L5BQA7-F1-model_v4_Q75_lDDT	AF-A0A1L6K5Z9-F1-model_v4_Q75_lDDT.pdb	9.942E-01	9.609E-01	9.503E-01	52.800	88	87	89
AF-A0A1L5BQA7-F1-model_v4_Q75_lDDT	AF-K4GMK0-F1-model_v4_Q75_lDDT.pdb	9.977E-01	9.641E-01	9.430E-01	42.000	88	88	90
AF-A0A1L5BQA7-F1-model_v4_Q75_lDDT	AF-Q9AEF9-F1-model_v4_Q75_lDDT.pdb	9.969E-01	9.634E-01	9.422E-01	47.700	88	88	90
AF-A0A1L5BQA7-F1-model_v4_Q75_lDDT	B5L5V0_Q75_lDDT.pdb	9.958E-01	9.623E-01	9.412E-01	42.000	88	88	90
AF-A0A1L5BQA7-F1-model_v4_Q75_lDDT	AF-A8GGW7-F1-model_v4_Q75_lDDT.pdb	9.921E-01	9.589E-01	9.483E-01	39.700	88	88	89
AF-A0A1L5BQA7-F1-model_v4_Q75_lDDT	AF-K4GMG4-F1-model_v4_Q75_lDDT.pdb	9.908E-01	9.577E-01	9.471E-01	43.600	88	87	89
AF-A0A1L5BQA7-F1-model_v4_Q75_lDDT	B5L5V3_Q75_lDDT.pdb	9.895E-01	9.564E-01	9.459E-01	48.200	88	87	89
AF-A0A1L5BQA7-F1-model_v4_Q75_lDDT	A0A059Q5E8_Q75_lDDT.pdb	9.876E-01	9.546E-01	9.441E-01	48.200	88	87	89
AF-A0A1L5BQA7-F1-model_v4_Q75_lDDT	AF-A0A1L6K5Y8-F1-model_v4_Q75_lDDT.pdb	9.910E-01	9.579E-01	9.369E-01	48.800	88	88	90
AF-A0A1L5BQA7-F1-model_v4_Q75_lDDT	A0A386JBC5_Q75_lDDT.pdb	9.872E-01	9.543E-01	9.439E-01	41.300	88	87	89
AF-A0A1L5BQA7-F1-model_v4_Q75_lDDT	B5L5V9_Q75_lDDT.pdb	9.819E-01	9.493E-01	9.493E-01	34.800	88	86	88
AF-A0A1L5BQA7-F1-model_v4_Q75_lDDT	NWM_Q75_lDDT.pdb	9.880E-01	9.551E-01	9.343E-01	44.300	88	88	90
AF-A0A1L5BQA7-F1-model_v4_Q75_lDDT	Q8KKG1_Q75_lDDT.pdb	9.859E-01	9.531E-01	9.324E-01	36.300	88	88	90
AF-A0A1L5BQA7-F1-model_v4_Q75_lDDT	A0A0C5LDD9_Q75_lDDT.pdb	9.854E-01	9.526E-01	9.319E-01	39.700	88	88	90
AF-A0A1L5BQA7-F1-model_v4_Q75_lDDT	Q9KJB1_Q75_lDDT.pdb	9.780E-01	9.457E-01	9.457E-01	37.500	88	88	88
AF-A0A1L5BQA7-F1-model_v4_Q75_lDDT	Q9KJB6_Q75_lDDT.pdb	9.776E-01	9.454E-01	9.454E-01	36.300	88	88	88
AF-A0A1L5BQA7-F1-model_v4_Q75_lDDT	Q9KJB4_Q75_lDDT.pdb	9.775E-01	9.453E-01	9.453E-01	36.300	88	88	88
AF-A0A1L5BQA7-F1-model_v4_Q75_lDDT	AF-K4GMG9-F1-model_v6_Q75_lDDT.pdb	9.844E-01	9.516E-01	9.310E-01	39.700	88	88	90
AF-A0A1L5BQA7-F1-model_v4_Q75_lDDT	Q9KJB2_Q75_lDDT.pdb	9.774E-01	9.451E-01	9.451E-01	34.000	88	88	88
AF-A0A1L5BQA7-F1-model_v4_Q75_lDDT	Q9KJB3_Q75_lDDT.pdb	9.771E-01	9.449E-01	9.449E-01	36.300	88	88	88
AF-A0A1L5BQA7-F1-model_v4_Q75_lDDT	Q9KJB5_Q75_lDDT.pdb	9.771E-01	9.449E-01	9.449E-01	37.500	88	88	88
AF-A0A1L5BQA7-F1-model_v4_Q75_lDDT	MBL1b_Q75_lDDT.pdb	9.833E-01	9.507E-01	9.301E-01	36.300	88	88	90
AF-A0A1L5BQA7-F1-model_v4_Q75_lDDT	GRD33_Q75_lDDT.pdb	9.819E-01	9.493E-01	9.288E-01	46.500	88	88	90
AF-A0A1L5BQA7-F1-model_v4_Q75_lDDT	Q4JRB6_Q75_lDDT.pdb	9.791E-01	9.468E-01	9.365E-01	34.000	88	88	89
AF-A0A1L5BQA7-F1-model_v4_Q75_lDDT	AF-A0A1L6K5Z8-F1-model_v4_Q75_lDDT.pdb	9.816E-01	9.490E-01	9.285E-01	50.000	88	88	90
AF-A0A1L5BQA7-F1-model_v4_Q75_lDDT	B5L5V5_Q75_lDDT.pdb	9.826E-01	9.500E-01	9.294E-01	30.600	88	88	90
AF-A0A1L5BQA7-F1-model_v4_Q75_lDDT	A0A0C5LDD5_Q75_lDDT.pdb	9.786E-01	9.463E-01	9.360E-01	31.800	88	88	89
AF-A0A1L5BQA7-F1-model_v4_Q75_lDDT	PJM-1_Q75_lDDT.pdb	9.779E-01	9.455E-01	9.352E-01	35.600	88	87	89
AF-A0A1L5BQA7-F1-model_v4_Q75_lDDT	B5L5X0_Q75_lDDT.pdb	9.818E-01	9.492E-01	9.287E-01	32.900	88	88	90
AF-A0A1L5BQA7-F1-model_v4_Q75_lDDT	B5DCA0_Q75_lDDT.pdb	9.776E-01	9.453E-01	9.350E-01	36.700	88	87	89
AF-A0A1L5BQA7-F1-model_v4_Q75_lDDT	A0A0C5L392_Q75_lDDT.pdb	9.780E-01	9.457E-01	9.354E-01	34.000	88	88	89
AF-A0A1L5BQA7-F1-model_v4_Q75_lDDT	Q5EEU4_Q75_lDDT.pdb	9.779E-01	9.456E-01	9.353E-01	38.600	88	88	89
AF-A0A1L5BQA7-F1-model_v4_Q75_lDDT	Q9RB00_Q75_lDDT.pdb	9.778E-01	9.455E-01	9.352E-01	35.200	88	88	89
AF-A0A1L5BQA7-F1-model_v4_Q75_lDDT	AF-A0A0D0GMS0-F1-model_v4_Q75_lDDT.pdb	9.813E-01	9.488E-01	9.283E-01	35.200	88	88	90
AF-A0A1L5BQA7-F1-model_v4_Q75_lDDT	AF-K4GMF9-F1-model_v4_Q75_lDDT.pdb	9.806E-01	9.481E-01	9.276E-01	42.000	88	88	90
AF-A0A1L5BQA7-F1-model_v4_Q75_lDDT	Q6DTJ0_Q75_lDDT.pdb	9.773E-01	9.451E-01	9.348E-01	36.300	88	88	89
AF-A0A1L5BQA7-F1-model_v4_Q75_lDDT	Q6DTI9_Q75_lDDT.pdb	9.773E-01	9.451E-01	9.348E-01	37.500	88	88	89
AF-A0A1L5BQA7-F1-model_v4_Q75_lDDT	Q9K578_Q75_lDDT.pdb	9.809E-01	9.484E-01	9.279E-01	39.700	88	88	90
AF-A0A1L5BQA7-F1-model_v4_Q75_lDDT	Q6V8J2_Q75_lDDT.pdb	9.772E-01	9.450E-01	9.347E-01	37.500	88	88	89
AF-A0A1L5BQA7-F1-model_v4_Q75_lDDT	ECM-1_Q75_lDDT.pdb	9.799E-01	9.474E-01	9.270E-01	36.300	88	88	90
AF-A0A1L5BQA7-F1-model_v4_Q75_lDDT	Q6DTI7_Q75_lDDT.pdb	9.766E-01	9.444E-01	9.341E-01	37.500	88	88	89
AF-A0A1L5BQA7-F1-model_v4_Q75_lDDT	A0A0C5LQ44_Q75_lDDT.pdb	9.766E-01	9.444E-01	9.341E-01	32.900	88	88	89
AF-A0A1L5BQA7-F1-model_v4_Q75_lDDT	B3SU2_Q75_lDDT.pdb	9.790E-01	9.467E-01	9.263E-01	42.000	88	88	90
AF-A0A1L5BQA7-F1-model_v4_Q75_lDDT	AF-Q6D395-F1-model_v4_Q75_lDDT.pdb	9.711E-01	9.392E-01	9.392E-01	39.500	88	86	88
AF-A0A1L5BQA7-F1-model_v4_Q75_lDDT	AF-A0A1L6K5X8-F1-model_v4_Q75_lDDT.pdb	9.740E-01	9.419E-01	9.317E-01	37.500	88	88	89
AF-A0A1L5BQA7-F1-model_v4_Q75_lDDT	Q5S4Q5_Q75_lDDT.pdb	9.770E-01	9.448E-01	9.245E-01	36.300	88	88	90
AF-A0A1L5BQA7-F1-model_v4_Q75_lDDT	Q6DTI4_Q75_lDDT.pdb	9.769E-01	9.447E-01	9.244E-01	36.300	88	88	90
AF-A0A1L5BQA7-F1-model_v4_Q75_lDDT	Q6DTI5_Q75_lDDT.pdb	9.769E-01	9.447E-01	9.243E-01	36.300	88	88	90
AF-A0A1L5BQA7-F1-model_v4_Q75_lDDT	AF-A0A4D6P0I4-F1-model_v4_Q75_lDDT.pdb	9.761E-01	9.439E-01	9.236E-01	36.300	88	88	90
AF-A0A1L5BQA7-F1-model_v4_Q75_lDDT	Q6DTI8_Q75_lDDT.pdb	9.763E-01	9.442E-01	9.238E-01	37.500	88	88	90
AF-A0A1L5BQA7-F1-model_v4_Q75_lDDT	AF-A0A0D6SYW3-F1-model_v4_Q75_lDDT.pdb	9.759E-01	9.437E-01	9.234E-01	36.300	88	88	90
AF-A0A1L5BQA7-F1-model_v4_Q75_lDDT	B3SU1_Q75_lDDT.pdb	9.660E-01	9.343E-01	9.343E-01	37.200	88	86	88
AF-A0A1L5BQA7-F1-model_v4_Q75_lDDT	AF-Q89GW5-F1-model_v4_Q75_lDDT.pdb	9.718E-01	9.399E-01	9.297E-01	44.300	88	88	89
AF-A0A1L5BQA7-F1-model_v4_Q75_lDDT	U3U4Q6_Q75_lDDT.pdb	9.738E-01	9.418E-01	9.216E-01	40.900	88	88	90
AF-A0A1L5BQA7-F1-model_v4_Q75_lDDT	B5L5W3_Q75_lDDT.pdb	9.584E-01	9.273E-01	9.374E-01	33.700	88	86	87
AF-A0A1L5BQA7-F1-model_v4_Q75_lDDT	B5L5V2_Q75_lDDT.pdb	9.620E-01	9.307E-01	9.307E-01	38.300	88	86	88
AF-A0A1L5BQA7-F1-model_v4_Q75_lDDT	Q9JRP7_Q75_lDDT.pdb	9.593E-01	9.278E-01	9.178E-01	36.300	88	88	89
AF-A0A1L6K5Z8-F1-model_v4_Q75_lDDT	AF-A0A1L6K5Z8-F1-model_v4_Q75_lDDT.pdb	1.011E+00	1.000E+00	1.000E+00	100.000	90	90	90
AF-A0A1L6K5Z8-F1-model_v4_Q75_lDDT	GRD33_Q75_lDDT.pdb	9.957E-01	9.847E-01	9.847E-01	85.500	90	90	90
AF-A0A1L6K5Z8-F1-model_v4_Q75_lDDT	AF-A0A1L6K5Y8-F1-model_v4_Q75_lDDT.pdb	9.958E-01	9.631E-01	9.631E-01	63.600	90	88	90
AF-A0A1L6K5Z8-F1-model_v4_Q75_lDDT	B5L5V0_Q75_lDDT.pdb	9.935E-01	9.610E-01	9.610E-01	54.500	90	88	90
AF-A0A1L6K5Z8-F1-model_v4_Q75_lDDT	AF-Q9AEF9-F1-model_v4_Q75_lDDT.pdb	9.901E-01	9.577E-01	9.577E-01	59.000	90	88	90
AF-A0A1L6K5Z8-F1-model_v4_Q75_lDDT	G5ELM3_Q75_lDDT.pdb	9.934E-01	9.500E-01	9.605E-01	47.700	90	88	89
AF-A0A1L6K5Z8-F1-model_v4_Q75_lDDT	PJM-1_Q75_lDDT.pdb	9.932E-01	9.498E-01	9.603E-01	52.200	90	88	89
AF-A0A1L6K5Z8-F1-model_v4_Q75_lDDT	AF-K4GMK0-F1-model_v4_Q75_lDDT.pdb	9.880E-01	9.558E-01	9.558E-01	48.800	90	88	90
AF-A0A1L6K5Z8-F1-model_v4_Q75_lDDT	B5DCA0_Q75_lDDT.pdb	9.922E-01	9.489E-01	9.593E-01	54.500	90	88	89
AF-A0A1L6K5Z8-F1-model_v4_Q75_lDDT	AF-A0A1L6K5Z9-F1-model_v4_Q75_lDDT.pdb	9.903E-01	9.471E-01	9.575E-01	52.200	90	88	89
AF-A0A1L6K5Z8-F1-model_v4_Q75_lDDT	NWM_Q75_lDDT.pdb	9.840E-01	9.520E-01	9.520E-01	47.700	90	88	90
AF-A0A1L6K5Z8-F1-model_v4_Q75_lDDT	A0A0C5LDH9_Q75_lDDT.pdb	9.874E-01	9.445E-01	9.549E-01	51.100	90	88	89
AF-A0A1L6K5Z8-F1-model_v4_Q75_lDDT	AF-A0A1L6K5X8-F1-model_v4_Q75_lDDT.pdb	9.758E-01	9.440E-01	9.543E-01	47.100	90	89	89
AF-A0A1L6K5Z8-F1-model_v4_Q75_lDDT	AF-K4GMG9-F1-model_v6_Q75_lDDT.pdb	9.816E-01	9.498E-01	9.498E-01	46.500	90	88	90
AF-A0A1L6K5Z8-F1-model_v4_Q75_lDDT	AF-A8GGW7-F1-model_v4_Q75_lDDT.pdb	9.717E-01	9.401E-01	9.504E-01	39.300	90	89	89
AF-A0A1L6K5Z8-F1-model_v4_Q75_lDDT	AF-K4GMF9-F1-model_v4_Q75_lDDT.pdb	9.783E-01	9.466E-01	9.466E-01	45.400	90	88	90
AF-A0A1L6K5Z8-F1-model_v4_Q75_lDDT	A0A386JBC5_Q75_lDDT.pdb	9.824E-01	9.399E-01	9.502E-01	46.500	90	88	89
AF-A0A1L6K5Z8-F1-model_v4_Q75_lDDT	A0A059Q5E8_Q75_lDDT.pdb	9.810E-01	9.386E-01	9.488E-01	56.800	90	88	89
AF-A0A1L6K5Z8-F1-model_v4_Q75_lDDT	ECM-1_Q75_lDDT.pdb	9.761E-01	9.446E-01	9.446E-01	43.100	90	88	90
AF-A0A1L6K5Z8-F1-model_v4_Q75_lDDT	AF-K4GMG4-F1-model_v4_Q75_lDDT.pdb	9.800E-01	9.376E-01	9.479E-01	45.400	90	88	89
AF-A0A1L6K5Z8-F1-model_v4_Q75_lDDT	Q8KKG1_Q75_lDDT.pdb	9.720E-01	9.405E-01	9.405E-01	35.900	90	89	90
AF-A0A1L6K5Z8-F1-model_v4_Q75_lDDT	A0A0C5LQ34_Q75_lDDT.pdb	9.752E-01	9.328E-01	9.431E-01	41.500	90	89	89
AF-A0A1L6K5Z8-F1-model_v4_Q75_lDDT	AF-A0A1L5BQA7-F1-model_v4_Q75_lDDT.pdb	9.816E-01	9.285E-01	9.490E-01	50.000	90	88	88
AF-A0A1L6K5Z8-F1-model_v4_Q75_lDDT	AF-A0A0D6SYW3-F1-model_v4_Q75_lDDT.pdb	9.708E-01	9.393E-01	9.393E-01	44.900	90	89	90
AF-A0A1L6K5Z8-F1-model_v4_Q75_lDDT	AF-A0A4D6P0I4-F1-model_v4_Q75_lDDT.pdb	9.707E-01	9.392E-01	9.392E-01	44.900	90	89	90
AF-A0A1L6K5Z8-F1-model_v4_Q75_lDDT	MBL1b_Q75_lDDT.pdb	9.691E-01	9.377E-01	9.377E-01	35.900	90	89	90
AF-A0A1L6K5Z8-F1-model_v4_Q75_lDDT	U3U4Q6_Q75_lDDT.pdb	9.686E-01	9.373E-01	9.373E-01	43.800	90	89	90
AF-A0A1L6K5Z8-F1-model_v4_Q75_lDDT	B5L5V3_Q75_lDDT.pdb	9.723E-01	9.306E-01	9.407E-01	52.200	90	88	89
AF-A0A1L6K5Z8-F1-model_v4_Q75_lDDT	A0A0C5LDD5_Q75_lDDT.pdb	9.565E-01	9.259E-01	9.359E-01	24.700	90	89	89
AF-A0A1L6K5Z8-F1-model_v4_Q75_lDDT	A0A0C5LDD9_Q75_lDDT.pdb	9.599E-01	9.290E-01	9.290E-01	26.900	90	89	90
AF-A0A1L6K5Z8-F1-model_v4_Q75_lDDT	Q9KJB1_Q75_lDDT.pdb	9.520E-01	9.217E-01	9.417E-01	31.400	90	89	88
AF-A0A1L6K5Z8-F1-model_v4_Q75_lDDT	Q9KJB6_Q75_lDDT.pdb	9.514E-01	9.211E-01	9.411E-01	30.300	90	89	88
AF-A0A1L6K5Z8-F1-model_v4_Q75_lDDT	Q9KJB4_Q75_lDDT.pdb	9.513E-01	9.210E-01	9.410E-01	30.300	90	89	88
AF-A0A1L6K5Z8-F1-model_v4_Q75_lDDT	Q9KJB3_Q75_lDDT.pdb	9.509E-01	9.207E-01	9.406E-01	30.300	90	89	88
AF-A0A1L6K5Z8-F1-model_v4_Q75_lDDT	Q9KJB5_Q75_lDDT.pdb	9.507E-01	9.205E-01	9.404E-01	31.400	90	89	88
AF-A0A1L6K5Z8-F1-model_v4_Q75_lDDT	Q9KJB2_Q75_lDDT.pdb	9.507E-01	9.204E-01	9.404E-01	28.000	90	89	88
AF-A0A1L6K5Z8-F1-model_v4_Q75_lDDT	Q9K578_Q75_lDDT.pdb	9.571E-01	9.265E-01	9.265E-01	37.000	90	89	90
AF-A0A1L6K5Z8-F1-model_v4_Q75_lDDT	A0A0C5LQ44_Q75_lDDT.pdb	9.535E-01	9.231E-01	9.330E-01	25.800	90	89	89
AF-A0A1L6K5Z8-F1-model_v4_Q75_lDDT	B3SU2_Q75_lDDT.pdb	9.566E-01	9.259E-01	9.259E-01	37.000	90	89	90
AF-A0A1L6K5Z8-F1-model_v4_Q75_lDDT	AF-A0A0D0GMS0-F1-model_v4_Q75_lDDT.pdb	9.566E-01	9.260E-01	9.260E-01	26.900	90	89	90
AF-A0A1L6K5Z8-F1-model_v4_Q75_lDDT	B5L5V9_Q75_lDDT.pdb	9.676E-01	9.160E-01	9.360E-01	28.400	90	88	88
AF-A0A1L6K5Z8-F1-model_v4_Q75_lDDT	B5L5V5_Q75_lDDT.pdb	9.558E-01	9.252E-01	9.252E-01	24.700	90	89	90
AF-A0A1L6K5Z8-F1-model_v4_Q75_lDDT	Q4JRB6_Q75_lDDT.pdb	9.520E-01	9.216E-01	9.315E-01	28.000	90	89	89
AF-A0A1L6K5Z8-F1-model_v4_Q75_lDDT	A0A0C5L392_Q75_lDDT.pdb	9.519E-01	9.216E-01	9.315E-01	25.800	90	89	89
AF-A0A1L6K5Z8-F1-model_v4_Q75_lDDT	Q9JRP7_Q75_lDDT.pdb	9.483E-01	9.179E-01	9.278E-01	39.300	90	89	89
AF-A0A1L6K5Z8-F1-model_v4_Q75_lDDT	B5L5X0_Q75_lDDT.pdb	9.552E-01	9.247E-01	9.247E-01	22.400	90	89	90
AF-A0A1L6K5Z8-F1-model_v4_Q75_lDDT	Q6DTI9_Q75_lDDT.pdb	9.510E-01	9.208E-01	9.306E-01	31.400	90	89	89
AF-A0A1L6K5Z8-F1-model_v4_Q75_lDDT	Q9RB00_Q75_lDDT.pdb	9.510E-01	9.207E-01	9.306E-01	29.200	90	89	89
AF-A0A1L6K5Z8-F1-model_v4_Q75_lDDT	Q6DTJ0_Q75_lDDT.pdb	9.510E-01	9.207E-01	9.306E-01	30.300	90	89	89
AF-A0A1L6K5Z8-F1-model_v4_Q75_lDDT	Q5EEU4_Q75_lDDT.pdb	9.509E-01	9.206E-01	9.305E-01	30.300	90	89	89
AF-A0A1L6K5Z8-F1-model_v4_Q75_lDDT	Q6V8J2_Q75_lDDT.pdb	9.508E-01	9.205E-01	9.304E-01	31.400	90	89	89
AF-A0A1L6K5Z8-F1-model_v4_Q75_lDDT	Q6DTI7_Q75_lDDT.pdb	9.504E-01	9.201E-01	9.300E-01	29.200	90	89	89
AF-A0A1L6K5Z8-F1-model_v4_Q75_lDDT	B3SU1_Q75_lDDT.pdb	9.609E-01	9.097E-01	9.295E-01	39.700	90	88	88
AF-A0A1L6K5Z8-F1-model_v4_Q75_lDDT	Q5S4Q5_Q75_lDDT.pdb	9.508E-01	9.205E-01	9.205E-01	28.000	90	89	90
AF-A0A1L6K5Z8-F1-model_v4_Q75_lDDT	Q6DTI4_Q75_lDDT.pdb	9.507E-01	9.204E-01	9.204E-01	28.000	90	89	90
AF-A0A1L6K5Z8-F1-model_v4_Q75_lDDT	Q6DTI5_Q75_lDDT.pdb	9.505E-01	9.202E-01	9.202E-01	28.000	90	89	90
AF-A0A1L6K5Z8-F1-model_v4_Q75_lDDT	Q6DTI8_Q75_lDDT.pdb	9.503E-01	9.201E-01	9.201E-01	29.200	90	89	90
AF-A0A1L6K5Z8-F1-model_v4_Q75_lDDT	AF-Q6D395-F1-model_v4_Q75_lDDT.pdb	9.573E-01	9.066E-01	9.262E-01	34.000	90	88	88
AF-A0A1L6K5Z8-F1-model_v4_Q75_lDDT	AF-Q89GW5-F1-model_v4_Q75_lDDT.pdb	9.400E-01	9.104E-01	9.201E-01	34.800	90	89	89
AF-A0A1L6K5Z8-F1-model_v4_Q75_lDDT	B5L5V2_Q75_lDDT.pdb	9.498E-01	8.998E-01	9.192E-01	31.800	90	88	88
AF-A0A1L6K5Z8-F1-model_v4_Q75_lDDT	B5L5W3_Q75_lDDT.pdb	9.429E-01	8.936E-01	9.226E-01	27.200	90	88	87
AF-K4GMF9-F1-model_v4_Q75_lDDT	AF-K4GMF9-F1-model_v4_Q75_lDDT.pdb	1.011E+00	1.000E+00	1.000E+00	100.000	90	90	90
AF-K4GMF9-F1-model_v4_Q75_lDDT	ECM-1_Q75_lDDT.pdb	9.993E-01	9.772E-01	9.772E-01	83.100	90	89	90
AF-K4GMF9-F1-model_v4_Q75_lDDT	AF-K4GMG9-F1-model_v6_Q75_lDDT.pdb	9.970E-01	9.753E-01	9.753E-01	74.100	90	89	90
AF-K4GMF9-F1-model_v4_Q75_lDDT	AF-K4GMK0-F1-model_v4_Q75_lDDT.pdb	9.947E-01	9.620E-01	9.620E-01	51.100	90	88	90
AF-K4GMF9-F1-model_v4_Q75_lDDT	AF-K4GMG4-F1-model_v4_Q75_lDDT.pdb	9.963E-01	9.526E-01	9.631E-01	60.200	90	88	89
AF-K4GMF9-F1-model_v4_Q75_lDDT	NWM_Q75_lDDT.pdb	9.918E-01	9.594E-01	9.594E-01	52.200	90	88	90
AF-K4GMF9-F1-model_v4_Q75_lDDT	AF-A0A1L6K5Z9-F1-model_v4_Q75_lDDT.pdb	9.953E-01	9.517E-01	9.623E-01	57.900	90	88	89
AF-K4GMF9-F1-model_v4_Q75_lDDT	AF-Q9AEF9-F1-model_v4_Q75_lDDT.pdb	9.904E-01	9.580E-01	9.580E-01	44.300	90	88	90
AF-K4GMF9-F1-model_v4_Q75_lDDT	A0A386JBC5_Q75_lDDT.pdb	9.939E-01	9.504E-01	9.609E-01	52.200	90	88	89
AF-K4GMF9-F1-model_v4_Q75_lDDT	B5L5V0_Q75_lDDT.pdb	9.844E-01	9.524E-01	9.524E-01	44.300	90	88	90
AF-K4GMF9-F1-model_v4_Q75_lDDT	AF-A0A1L6K5Y8-F1-model_v4_Q75_lDDT.pdb	9.842E-01	9.522E-01	9.522E-01	45.400	90	88	90
AF-K4GMF9-F1-model_v4_Q75_lDDT	A0A0C5LQ34_Q75_lDDT.pdb	9.825E-01	9.396E-01	9.500E-01	40.400	90	89	89
AF-K4GMF9-F1-model_v4_Q75_lDDT	Q9KJB1_Q75_lDDT.pdb	9.705E-01	9.391E-01	9.598E-01	33.700	90	89	88
AF-K4GMF9-F1-model_v4_Q75_lDDT	A0A0C5LDH9_Q75_lDDT.pdb	9.848E-01	9.421E-01	9.524E-01	45.400	90	88	89
AF-K4GMF9-F1-model_v4_Q75_lDDT	AF-A8GGW7-F1-model_v4_Q75_lDDT.pdb	9.742E-01	9.425E-01	9.528E-01	40.400	90	89	89
AF-K4GMF9-F1-model_v4_Q75_lDDT	Q9KJB6_Q75_lDDT.pdb	9.700E-01	9.386E-01	9.593E-01	30.300	90	89	88
AF-K4GMF9-F1-model_v4_Q75_lDDT	A0A059Q5E8_Q75_lDDT.pdb	9.846E-01	9.419E-01	9.523E-01	48.800	90	88	89
AF-K4GMF9-F1-model_v4_Q75_lDDT	Q9KJB3_Q75_lDDT.pdb	9.698E-01	9.384E-01	9.591E-01	30.300	90	89	88
AF-K4GMF9-F1-model_v4_Q75_lDDT	Q9KJB5_Q75_lDDT.pdb	9.696E-01	9.382E-01	9.589E-01	31.400	90	89	88
AF-K4GMF9-F1-model_v4_Q75_lDDT	Q9K578_Q75_lDDT.pdb	9.771E-01	9.452E-01	9.452E-01	34.800	90	89	90
AF-K4GMF9-F1-model_v4_Q75_lDDT	G5ELM3_Q75_lDDT.pdb	9.839E-01	9.412E-01	9.515E-01	42.000	90	88	89
AF-K4GMF9-F1-model_v4_Q75_lDDT	Q9KJB4_Q75_lDDT.pdb	9.695E-01	9.381E-01	9.588E-01	31.400	90	89	88
AF-K4GMF9-F1-model_v4_Q75_lDDT	Q9KJB2_Q75_lDDT.pdb	9.689E-01	9.375E-01	9.582E-01	30.300	90	89	88
AF-K4GMF9-F1-model_v4_Q75_lDDT	Q8KKG1_Q75_lDDT.pdb	9.761E-01	9.442E-01	9.442E-01	28.000	90	89	90
AF-K4GMF9-F1-model_v4_Q75_lDDT	B5DCA0_Q75_lDDT.pdb	9.831E-01	9.405E-01	9.508E-01	47.700	90	88	89
AF-K4GMF9-F1-model_v4_Q75_lDDT	GRD33_Q75_lDDT.pdb	9.786E-01	9.469E-01	9.469E-01	45.400	90	88	90
AF-K4GMF9-F1-model_v4_Q75_lDDT	PJM-1_Q75_lDDT.pdb	9.829E-01	9.403E-01	9.506E-01	45.400	90	88	89
AF-K4GMF9-F1-model_v4_Q75_lDDT	B5L5V9_Q75_lDDT.pdb	9.871E-01	9.334E-01	9.542E-01	34.000	90	88	88
AF-K4GMF9-F1-model_v4_Q75_lDDT	AF-A0A1L6K5Z8-F1-model_v4_Q75_lDDT.pdb	9.783E-01	9.466E-01	9.466E-01	45.400	90	88	90
AF-K4GMF9-F1-model_v4_Q75_lDDT	A0A0C5LDD5_Q75_lDDT.pdb	9.714E-01	9.399E-01	9.502E-01	26.900	90	89	89
AF-K4GMF9-F1-model_v4_Q75_lDDT	A0A0C5LDD9_Q75_lDDT.pdb	9.750E-01	9.433E-01	9.433E-01	29.200	90	89	90
AF-K4GMF9-F1-model_v4_Q75_lDDT	B3SU2_Q75_lDDT.pdb	9.748E-01	9.431E-01	9.431E-01	39.300	90	89	90
AF-K4GMF9-F1-model_v4_Q75_lDDT	AF-A0A0D0GMS0-F1-model_v4_Q75_lDDT.pdb	9.743E-01	9.426E-01	9.426E-01	31.400	90	89	90
AF-K4GMF9-F1-model_v4_Q75_lDDT	A0A0C5LQ44_Q75_lDDT.pdb	9.706E-01	9.391E-01	9.494E-01	29.200	90	89	89
AF-K4GMF9-F1-model_v4_Q75_lDDT	Q6DTJ0_Q75_lDDT.pdb	9.700E-01	9.385E-01	9.488E-01	30.300	90	89	89
AF-K4GMF9-F1-model_v4_Q75_lDDT	Q6DTI9_Q75_lDDT.pdb	9.699E-01	9.385E-01	9.488E-01	31.400	90	89	89
AF-K4GMF9-F1-model_v4_Q75_lDDT	Q6V8J2_Q75_lDDT.pdb	9.697E-01	9.382E-01	9.485E-01	31.400	90	89	89
AF-K4GMF9-F1-model_v4_Q75_lDDT	Q9RB00_Q75_lDDT.pdb	9.697E-01	9.382E-01	9.485E-01	31.400	90	89	89
AF-K4GMF9-F1-model_v4_Q75_lDDT	B5L5X0_Q75_lDDT.pdb	9.733E-01	9.416E-01	9.416E-01	25.800	90	89	90
AF-K4GMF9-F1-model_v4_Q75_lDDT	A0A0C5L392_Q75_lDDT.pdb	9.695E-01	9.381E-01	9.484E-01	30.300	90	89	89
AF-K4GMF9-F1-model_v4_Q75_lDDT	Q6DTI7_Q75_lDDT.pdb	9.692E-01	9.378E-01	9.480E-01	31.400	90	89	89
AF-K4GMF9-F1-model_v4_Q75_lDDT	Q4JRB6_Q75_lDDT.pdb	9.690E-01	9.376E-01	9.478E-01	30.300	90	89	89
AF-K4GMF9-F1-model_v4_Q75_lDDT	Q5EEU4_Q75_lDDT.pdb	9.688E-01	9.374E-01	9.477E-01	32.500	90	89	89
AF-K4GMF9-F1-model_v4_Q75_lDDT	B5L5V3_Q75_lDDT.pdb	9.785E-01	9.362E-01	9.464E-01	44.300	90	88	89
AF-K4GMF9-F1-model_v4_Q75_lDDT	B5L5V5_Q75_lDDT.pdb	9.720E-01	9.405E-01	9.405E-01	26.900	90	89	90
AF-K4GMF9-F1-model_v4_Q75_lDDT	AF-A0A1L6K5X8-F1-model_v4_Q75_lDDT.pdb	9.674E-01	9.361E-01	9.463E-01	40.400	90	89	89
AF-K4GMF9-F1-model_v4_Q75_lDDT	MBL1b_Q75_lDDT.pdb	9.704E-01	9.389E-01	9.389E-01	28.000	90	89	90
AF-K4GMF9-F1-model_v4_Q75_lDDT	AF-A0A1L5BQA7-F1-model_v4_Q75_lDDT.pdb	9.806E-01	9.276E-01	9.481E-01	42.000	90	88	88
AF-K4GMF9-F1-model_v4_Q75_lDDT	Q6DTI8_Q75_lDDT.pdb	9.694E-01	9.380E-01	9.380E-01	32.500	90	89	90
AF-K4GMF9-F1-model_v4_Q75_lDDT	Q6DTI4_Q75_lDDT.pdb	9.694E-01	9.380E-01	9.380E-01	31.400	90	89	90
AF-K4GMF9-F1-model_v4_Q75_lDDT	Q6DTI5_Q75_lDDT.pdb	9.692E-01	9.378E-01	9.378E-01	31.400	90	89	90
AF-K4GMF9-F1-model_v4_Q75_lDDT	Q5S4Q5_Q75_lDDT.pdb	9.692E-01	9.378E-01	9.378E-01	31.400	90	89	90
AF-K4GMF9-F1-model_v4_Q75_lDDT	B5L5V2_Q75_lDDT.pdb	9.737E-01	9.214E-01	9.416E-01	27.200	90	88	88
AF-K4GMF9-F1-model_v4_Q75_lDDT	AF-A0A4D6P0I4-F1-model_v4_Q75_lDDT.pdb	9.622E-01	9.313E-01	9.313E-01	46.000	90	89	90
AF-K4GMF9-F1-model_v4_Q75_lDDT	AF-A0A0D6SYW3-F1-model_v4_Q75_lDDT.pdb	9.619E-01	9.310E-01	9.310E-01	46.000	90	89	90
AF-K4GMF9-F1-model_v4_Q75_lDDT	B5L5W3_Q75_lDDT.pdb	9.675E-01	9.158E-01	9.461E-01	25.000	90	88	87
AF-K4GMF9-F1-model_v4_Q75_lDDT	B3SU1_Q75_lDDT.pdb	9.657E-01	9.138E-01	9.339E-01	47.700	90	88	88
AF-K4GMF9-F1-model_v4_Q75_lDDT	AF-Q89GW5-F1-model_v4_Q75_lDDT.pdb	9.538E-01	9.234E-01	9.333E-01	40.400	90	89	89
AF-K4GMF9-F1-model_v4_Q75_lDDT	U3U4Q6_Q75_lDDT.pdb	9.573E-01	9.266E-01	9.266E-01	44.900	90	89	90
AF-K4GMF9-F1-model_v4_Q75_lDDT	AF-Q6D395-F1-model_v4_Q75_lDDT.pdb	9.626E-01	9.115E-01	9.313E-01	32.900	90	88	88
AF-K4GMF9-F1-model_v4_Q75_lDDT	Q9JRP7_Q75_lDDT.pdb	9.416E-01	9.116E-01	9.214E-01	40.400	90	89	89
AF-Q9AEF9-F1-model_v4_Q75_lDDT	AF-Q9AEF9-F1-model_v4_Q75_lDDT.pdb	1.011E+00	1.000E+00	1.000E+00	100.000	90	90	90
AF-Q9AEF9-F1-model_v4_Q75_lDDT	AF-A0A1L6K5Y8-F1-model_v4_Q75_lDDT.pdb	1.005E+00	9.715E-01	9.715E-01	70.400	90	88	90
AF-Q9AEF9-F1-model_v4_Q75_lDDT	A0A0C5LDH9_Q75_lDDT.pdb	1.005E+00	9.609E-01	9.716E-01	54.500	90	88	89
AF-Q9AEF9-F1-model_v4_Q75_lDDT	B5L5V0_Q75_lDDT.pdb	1.001E+00	9.679E-01	9.679E-01	56.800	90	88	90
AF-Q9AEF9-F1-model_v4_Q75_lDDT	G5ELM3_Q75_lDDT.pdb	1.003E+00	9.592E-01	9.699E-01	57.900	90	88	89
AF-Q9AEF9-F1-model_v4_Q75_lDDT	AF-K4GMK0-F1-model_v4_Q75_lDDT.pdb	9.990E-01	9.661E-01	9.661E-01	54.500	90	88	90
AF-Q9AEF9-F1-model_v4_Q75_lDDT	A0A059Q5E8_Q75_lDDT.pdb	1.003E+00	9.587E-01	9.694E-01	67.000	90	88	89
AF-Q9AEF9-F1-model_v4_Q75_lDDT	AF-A0A1L6K5Z9-F1-model_v4_Q75_lDDT.pdb	1.001E+00	9.568E-01	9.674E-01	57.900	90	88	89
AF-Q9AEF9-F1-model_v4_Q75_lDDT	AF-A8GGW7-F1-model_v4_Q75_lDDT.pdb	9.891E-01	9.565E-01	9.671E-01	58.400	90	89	89
AF-Q9AEF9-F1-model_v4_Q75_lDDT	NWM_Q75_lDDT.pdb	9.958E-01	9.631E-01	9.631E-01	46.500	90	88	90
AF-Q9AEF9-F1-model_v4_Q75_lDDT	AF-K4GMG9-F1-model_v6_Q75_lDDT.pdb	9.938E-01	9.612E-01	9.612E-01	47.700	90	88	90
AF-Q9AEF9-F1-model_v4_Q75_lDDT	GRD33_Q75_lDDT.pdb	9.912E-01	9.588E-01	9.588E-01	59.000	90	88	90
AF-Q9AEF9-F1-model_v4_Q75_lDDT	AF-K4GMF9-F1-model_v4_Q75_lDDT.pdb	9.904E-01	9.580E-01	9.580E-01	44.300	90	88	90
AF-Q9AEF9-F1-model_v4_Q75_lDDT	B5DCA0_Q75_lDDT.pdb	9.942E-01	9.507E-01	9.612E-01	55.600	90	88	89
AF-Q9AEF9-F1-model_v4_Q75_lDDT	AF-A0A1L6K5Z8-F1-model_v4_Q75_lDDT.pdb	9.901E-01	9.577E-01	9.577E-01	59.000	90	88	90
AF-Q9AEF9-F1-model_v4_Q75_lDDT	AF-K4GMG4-F1-model_v4_Q75_lDDT.pdb	9.940E-01	9.505E-01	9.610E-01	50.000	90	88	89
AF-Q9AEF9-F1-model_v4_Q75_lDDT	ECM-1_Q75_lDDT.pdb	9.899E-01	9.576E-01	9.576E-01	45.400	90	88	90
AF-Q9AEF9-F1-model_v4_Q75_lDDT	PJM-1_Q75_lDDT.pdb	9.927E-01	9.493E-01	9.598E-01	54.500	90	88	89
AF-Q9AEF9-F1-model_v4_Q75_lDDT	AF-A0A1L5BQA7-F1-model_v4_Q75_lDDT.pdb	9.969E-01	9.422E-01	9.634E-01	47.700	90	88	88
AF-Q9AEF9-F1-model_v4_Q75_lDDT	A0A386JBC5_Q75_lDDT.pdb	9.921E-01	9.488E-01	9.593E-01	51.100	90	88	89
AF-Q9AEF9-F1-model_v4_Q75_lDDT	B5L5V3_Q75_lDDT.pdb	9.906E-01	9.474E-01	9.578E-01	61.300	90	88	89
AF-Q9AEF9-F1-model_v4_Q75_lDDT	A0A0C5LQ34_Q75_lDDT.pdb	9.877E-01	9.443E-01	9.548E-01	52.800	90	89	89
AF-Q9AEF9-F1-model_v4_Q75_lDDT	Q9KJB1_Q75_lDDT.pdb	9.759E-01	9.441E-01	9.651E-01	32.500	90	89	88
AF-Q9AEF9-F1-model_v4_Q75_lDDT	Q9KJB4_Q75_lDDT.pdb	9.755E-01	9.437E-01	9.647E-01	35.900	90	89	88
AF-Q9AEF9-F1-model_v4_Q75_lDDT	Q9KJB6_Q75_lDDT.pdb	9.755E-01	9.437E-01	9.647E-01	35.900	90	89	88
AF-Q9AEF9-F1-model_v4_Q75_lDDT	Q9KJB3_Q75_lDDT.pdb	9.753E-01	9.436E-01	9.645E-01	34.800	90	89	88
AF-Q9AEF9-F1-model_v4_Q75_lDDT	Q9KJB5_Q75_lDDT.pdb	9.752E-01	9.435E-01	9.644E-01	35.900	90	89	88
AF-Q9AEF9-F1-model_v4_Q75_lDDT	Q9KJB2_Q75_lDDT.pdb	9.746E-01	9.429E-01	9.638E-01	33.700	90	89	88
AF-Q9AEF9-F1-model_v4_Q75_lDDT	A0A0C5LDD9_Q75_lDDT.pdb	9.805E-01	9.484E-01	9.484E-01	31.400	90	89	90
AF-Q9AEF9-F1-model_v4_Q75_lDDT	Q4JRB6_Q75_lDDT.pdb	9.761E-01	9.443E-01	9.547E-01	33.700	90	89	89
AF-Q9AEF9-F1-model_v4_Q75_lDDT	Q8KKG1_Q75_lDDT.pdb	9.796E-01	9.476E-01	9.476E-01	47.100	90	89	90
AF-Q9AEF9-F1-model_v4_Q75_lDDT	A0A0C5LDD5_Q75_lDDT.pdb	9.758E-01	9.440E-01	9.544E-01	29.200	90	89	89
AF-Q9AEF9-F1-model_v4_Q75_lDDT	A0A0C5LQ44_Q75_lDDT.pdb	9.757E-01	9.439E-01	9.542E-01	33.700	90	89	89
AF-Q9AEF9-F1-model_v4_Q75_lDDT	Q6DTJ0_Q75_lDDT.pdb	9.756E-01	9.439E-01	9.542E-01	34.800	90	89	89
AF-Q9AEF9-F1-model_v4_Q75_lDDT	Q9RB00_Q75_lDDT.pdb	9.756E-01	9.438E-01	9.542E-01	34.800	90	89	89
AF-Q9AEF9-F1-model_v4_Q75_lDDT	Q6DTI9_Q75_lDDT.pdb	9.755E-01	9.437E-01	9.541E-01	35.900	90	89	89
AF-Q9AEF9-F1-model_v4_Q75_lDDT	Q6V8J2_Q75_lDDT.pdb	9.753E-01	9.436E-01	9.539E-01	35.900	90	89	89
AF-Q9AEF9-F1-model_v4_Q75_lDDT	A0A0C5L392_Q75_lDDT.pdb	9.753E-01	9.436E-01	9.539E-01	31.400	90	89	89
AF-Q9AEF9-F1-model_v4_Q75_lDDT	Q6DTI7_Q75_lDDT.pdb	9.749E-01	9.432E-01	9.535E-01	33.700	90	89	89
AF-Q9AEF9-F1-model_v4_Q75_lDDT	Q5EEU4_Q75_lDDT.pdb	9.749E-01	9.432E-01	9.535E-01	35.900	90	89	89
AF-Q9AEF9-F1-model_v4_Q75_lDDT	B5L5V5_Q75_lDDT.pdb	9.786E-01	9.466E-01	9.466E-01	31.400	90	89	90
AF-Q9AEF9-F1-model_v4_Q75_lDDT	B5L5V9_Q75_lDDT.pdb	9.899E-01	9.360E-01	9.568E-01	37.500	90	88	88
AF-Q9AEF9-F1-model_v4_Q75_lDDT	AF-A0A0D0GMS0-F1-model_v4_Q75_lDDT.pdb	9.776E-01	9.457E-01	9.457E-01	33.700	90	89	90
AF-Q9AEF9-F1-model_v4_Q75_lDDT	B5L5X0_Q75_lDDT.pdb	9.775E-01	9.456E-01	9.456E-01	33.700	90	89	90
AF-Q9AEF9-F1-model_v4_Q75_lDDT	Q9K578_Q75_lDDT.pdb	9.755E-01	9.437E-01	9.437E-01	41.500	90	89	90
AF-Q9AEF9-F1-model_v4_Q75_lDDT	Q6DTI4_Q75_lDDT.pdb	9.752E-01	9.435E-01	9.435E-01	31.400	90	89	90
AF-Q9AEF9-F1-model_v4_Q75_lDDT	Q6DTI5_Q75_lDDT.pdb	9.751E-01	9.434E-01	9.434E-01	31.400	90	89	90
AF-Q9AEF9-F1-model_v4_Q75_lDDT	Q6DTI8_Q75_lDDT.pdb	9.750E-01	9.433E-01	9.433E-01	32.500	90	89	90
AF-Q9AEF9-F1-model_v4_Q75_lDDT	Q5S4Q5_Q75_lDDT.pdb	9.750E-01	9.432E-01	9.432E-01	31.400	90	89	90
AF-Q9AEF9-F1-model_v4_Q75_lDDT	MBL1b_Q75_lDDT.pdb	9.749E-01	9.432E-01	9.432E-01	46.000	90	89	90
AF-Q9AEF9-F1-model_v4_Q75_lDDT	B3SU2_Q75_lDDT.pdb	9.747E-01	9.430E-01	9.430E-01	43.800	90	89	90
AF-Q9AEF9-F1-model_v4_Q75_lDDT	AF-Q89GW5-F1-model_v4_Q75_lDDT.pdb	9.670E-01	9.358E-01	9.460E-01	43.800	90	89	89
AF-Q9AEF9-F1-model_v4_Q75_lDDT	AF-A0A1L6K5X8-F1-model_v4_Q75_lDDT.pdb	9.658E-01	9.346E-01	9.448E-01	41.500	90	89	89
AF-Q9AEF9-F1-model_v4_Q75_lDDT	AF-A0A0D6SYW3-F1-model_v4_Q75_lDDT.pdb	9.628E-01	9.318E-01	9.318E-01	42.600	90	89	90
AF-Q9AEF9-F1-model_v4_Q75_lDDT	AF-A0A4D6P0I4-F1-model_v4_Q75_lDDT.pdb	9.627E-01	9.318E-01	9.318E-01	42.600	90	89	90
AF-Q9AEF9-F1-model_v4_Q75_lDDT	AF-Q6D395-F1-model_v4_Q75_lDDT.pdb	9.734E-01	9.212E-01	9.414E-01	35.200	90	88	88
AF-Q9AEF9-F1-model_v4_Q75_lDDT	B5L5V2_Q75_lDDT.pdb	9.722E-01	9.200E-01	9.402E-01	40.900	90	88	88
AF-Q9AEF9-F1-model_v4_Q75_lDDT	B5L5W3_Q75_lDDT.pdb	9.682E-01	9.165E-01	9.468E-01	36.300	90	88	87
AF-Q9AEF9-F1-model_v4_Q75_lDDT	U3U4Q6_Q75_lDDT.pdb	9.592E-01	9.284E-01	9.284E-01	41.500	90	89	90
AF-Q9AEF9-F1-model_v4_Q75_lDDT	B3SU1_Q75_lDDT.pdb	9.629E-01	9.114E-01	9.313E-01	44.300	90	88	88
AF-Q9AEF9-F1-model_v4_Q75_lDDT	Q9JRP7_Q75_lDDT.pdb	9.416E-01	9.116E-01	9.214E-01	40.400	90	89	89
B5L5V3_Q75_lDDT	B5L5V3_Q75_lDDT.pdb	1.011E+00	1.000E+00	1.000E+00	100.000	89	89	89
B5L5V3_Q75_lDDT	B5L5V0_Q75_lDDT.pdb	1.001E+00	9.673E-01	9.567E-01	70.400	89	88	90
B5L5V3_Q75_lDDT	A0A0C5LDH9_Q75_lDDT.pdb	9.949E-01	9.619E-01	9.619E-01	57.400	89	87	89
B5L5V3_Q75_lDDT	A0A386JBC5_Q75_lDDT.pdb	9.937E-01	9.608E-01	9.608E-01	51.700	89	87	89
B5L5V3_Q75_lDDT	A0A059Q5E8_Q75_lDDT.pdb	9.902E-01	9.574E-01	9.574E-01	62.000	89	87	89
B5L5V3_Q75_lDDT	G5ELM3_Q75_lDDT.pdb	9.880E-01	9.554E-01	9.554E-01	54.000	89	87	89
B5L5V3_Q75_lDDT	AF-Q9AEF9-F1-model_v4_Q75_lDDT.pdb	9.906E-01	9.578E-01	9.474E-01	61.300	89	88	90
B5L5V3_Q75_lDDT	AF-A0A1L6K5Y8-F1-model_v4_Q75_lDDT.pdb	9.910E-01	9.582E-01	9.478E-01	64.700	89	88	90
B5L5V3_Q75_lDDT	AF-A0A1L6K5Z9-F1-model_v4_Q75_lDDT.pdb	9.872E-01	9.547E-01	9.547E-01	54.000	89	87	89
B5L5V3_Q75_lDDT	AF-K4GMK0-F1-model_v4_Q75_lDDT.pdb	9.906E-01	9.579E-01	9.474E-01	46.500	89	88	90
B5L5V3_Q75_lDDT	AF-A0A1L5BQA7-F1-model_v4_Q75_lDDT.pdb	9.895E-01	9.459E-01	9.564E-01	48.200	89	87	88
B5L5V3_Q75_lDDT	AF-K4GMG4-F1-model_v4_Q75_lDDT.pdb	9.855E-01	9.531E-01	9.531E-01	44.800	89	87	89
B5L5V3_Q75_lDDT	AF-A8GGW7-F1-model_v4_Q75_lDDT.pdb	9.841E-01	9.517E-01	9.517E-01	48.800	89	88	89
B5L5V3_Q75_lDDT	Q9KJB1_Q75_lDDT.pdb	9.784E-01	9.464E-01	9.568E-01	36.300	89	88	88
B5L5V3_Q75_lDDT	Q9KJB6_Q75_lDDT.pdb	9.781E-01	9.462E-01	9.566E-01	36.300	89	88	88
B5L5V3_Q75_lDDT	Q9KJB3_Q75_lDDT.pdb	9.780E-01	9.461E-01	9.565E-01	36.300	89	88	88
B5L5V3_Q75_lDDT	Q9KJB5_Q75_lDDT.pdb	9.780E-01	9.460E-01	9.565E-01	37.500	89	88	88
B5L5V3_Q75_lDDT	Q9KJB4_Q75_lDDT.pdb	9.780E-01	9.460E-01	9.564E-01	36.300	89	88	88
B5L5V3_Q75_lDDT	A0A0C5LQ34_Q75_lDDT.pdb	9.779E-01	9.456E-01	9.456E-01	50.000	89	88	89
B5L5V3_Q75_lDDT	Q9KJB2_Q75_lDDT.pdb	9.771E-01	9.452E-01	9.556E-01	34.000	89	88	88
B5L5V3_Q75_lDDT	Q4JRB6_Q75_lDDT.pdb	9.793E-01	9.472E-01	9.472E-01	35.200	89	88	89
B5L5V3_Q75_lDDT	NWM_Q75_lDDT.pdb	9.813E-01	9.491E-01	9.388E-01	44.300	89	88	90
B5L5V3_Q75_lDDT	A0A0C5L392_Q75_lDDT.pdb	9.781E-01	9.461E-01	9.461E-01	32.900	89	88	89
B5L5V3_Q75_lDDT	Q6V8J2_Q75_lDDT.pdb	9.780E-01	9.461E-01	9.461E-01	37.500	89	88	89
B5L5V3_Q75_lDDT	Q9RB00_Q75_lDDT.pdb	9.780E-01	9.461E-01	9.461E-01	35.200	89	88	89
B5L5V3_Q75_lDDT	Q6DTI9_Q75_lDDT.pdb	9.780E-01	9.460E-01	9.460E-01	37.500	89	88	89
B5L5V3_Q75_lDDT	Q6DTJ0_Q75_lDDT.pdb	9.780E-01	9.460E-01	9.460E-01	36.300	89	88	89
B5L5V3_Q75_lDDT	Q5EEU4_Q75_lDDT.pdb	9.777E-01	9.457E-01	9.457E-01	37.500	89	88	89
B5L5V3_Q75_lDDT	A0A0C5LDD9_Q75_lDDT.pdb	9.812E-01	9.491E-01	9.388E-01	32.900	89	88	90
B5L5V3_Q75_lDDT	B3SU1_Q75_lDDT.pdb	9.803E-01	9.374E-01	9.478E-01	44.800	89	87	88
B5L5V3_Q75_lDDT	Q6DTI7_Q75_lDDT.pdb	9.774E-01	9.455E-01	9.455E-01	36.300	89	88	89
B5L5V3_Q75_lDDT	B5DCA0_Q75_lDDT.pdb	9.765E-01	9.446E-01	9.446E-01	55.100	89	87	89
B5L5V3_Q75_lDDT	AF-A0A0D0GMS0-F1-model_v4_Q75_lDDT.pdb	9.804E-01	9.483E-01	9.381E-01	37.500	89	88	90
B5L5V3_Q75_lDDT	PJM-1_Q75_lDDT.pdb	9.759E-01	9.441E-01	9.441E-01	57.400	89	87	89
B5L5V3_Q75_lDDT	B5L5V5_Q75_lDDT.pdb	9.798E-01	9.478E-01	9.375E-01	34.000	89	88	90
B5L5V3_Q75_lDDT	B5L5X0_Q75_lDDT.pdb	9.796E-01	9.476E-01	9.374E-01	29.500	89	88	90
B5L5V3_Q75_lDDT	A0A0C5LDD5_Q75_lDDT.pdb	9.760E-01	9.442E-01	9.442E-01	34.000	89	88	89
B5L5V3_Q75_lDDT	AF-K4GMF9-F1-model_v4_Q75_lDDT.pdb	9.785E-01	9.464E-01	9.362E-01	44.300	89	88	90
B5L5V3_Q75_lDDT	B5L5V9_Q75_lDDT.pdb	9.797E-01	9.370E-01	9.473E-01	39.000	89	87	88
B5L5V3_Q75_lDDT	AF-K4GMG9-F1-model_v6_Q75_lDDT.pdb	9.781E-01	9.461E-01	9.359E-01	42.000	89	88	90
B5L5V3_Q75_lDDT	ECM-1_Q75_lDDT.pdb	9.777E-01	9.457E-01	9.355E-01	38.600	89	88	90
B5L5V3_Q75_lDDT	Q6DTI4_Q75_lDDT.pdb	9.779E-01	9.459E-01	9.358E-01	35.200	89	88	90
B5L5V3_Q75_lDDT	Q6DTI5_Q75_lDDT.pdb	9.778E-01	9.459E-01	9.357E-01	35.200	89	88	90
B5L5V3_Q75_lDDT	Q6DTI8_Q75_lDDT.pdb	9.777E-01	9.458E-01	9.356E-01	35.200	89	88	90
B5L5V3_Q75_lDDT	A0A0C5LQ44_Q75_lDDT.pdb	9.737E-01	9.420E-01	9.420E-01	37.500	89	88	89
B5L5V3_Q75_lDDT	Q5S4Q5_Q75_lDDT.pdb	9.773E-01	9.454E-01	9.352E-01	35.200	89	88	90
B5L5V3_Q75_lDDT	B3SU2_Q75_lDDT.pdb	9.770E-01	9.451E-01	9.349E-01	44.300	89	88	90
B5L5V3_Q75_lDDT	Q9K578_Q75_lDDT.pdb	9.769E-01	9.450E-01	9.348E-01	43.100	89	88	90
B5L5V3_Q75_lDDT	Q8KKG1_Q75_lDDT.pdb	9.766E-01	9.447E-01	9.346E-01	42.000	89	88	90
B5L5V3_Q75_lDDT	GRD33_Q75_lDDT.pdb	9.752E-01	9.435E-01	9.333E-01	52.200	89	88	90
B5L5V3_Q75_lDDT	AF-Q89GW5-F1-model_v4_Q75_lDDT.pdb	9.709E-01	9.394E-01	9.394E-01	36.300	89	88	89
B5L5V3_Q75_lDDT	AF-A0A1L6K5Z8-F1-model_v4_Q75_lDDT.pdb	9.723E-01	9.407E-01	9.306E-01	52.200	89	88	90
B5L5V3_Q75_lDDT	MBL1b_Q75_lDDT.pdb	9.722E-01	9.406E-01	9.305E-01	40.900	89	88	90
B5L5V3_Q75_lDDT	B5L5W3_Q75_lDDT.pdb	9.638E-01	9.222E-01	9.425E-01	34.400	89	87	87
B5L5V3_Q75_lDDT	B5L5V2_Q75_lDDT.pdb	9.663E-01	9.246E-01	9.347E-01	39.000	89	87	88
B5L5V3_Q75_lDDT	AF-Q6D395-F1-model_v4_Q75_lDDT.pdb	9.658E-01	9.242E-01	9.343E-01	34.400	89	87	88
B5L5V3_Q75_lDDT	AF-A0A4D6P0I4-F1-model_v4_Q75_lDDT.pdb	9.649E-01	9.338E-01	9.238E-01	40.900	89	88	90
B5L5V3_Q75_lDDT	AF-A0A0D6SYW3-F1-model_v4_Q75_lDDT.pdb	9.647E-01	9.336E-01	9.236E-01	40.900	89	88	90
B5L5V3_Q75_lDDT	U3U4Q6_Q75_lDDT.pdb	9.641E-01	9.330E-01	9.231E-01	43.100	89	88	90
B5L5V3_Q75_lDDT	AF-A0A1L6K5X8-F1-model_v4_Q75_lDDT.pdb	9.571E-01	9.264E-01	9.264E-01	39.700	89	88	89
B5L5V3_Q75_lDDT	Q9JRP7_Q75_lDDT.pdb	9.459E-01	9.156E-01	9.156E-01	37.500	89	88	89
G5ELM3_Q75_lDDT	G5ELM3_Q75_lDDT.pdb	1.011E+00	1.000E+00	1.000E+00	100.000	89	89	89
G5ELM3_Q75_lDDT	A0A0C5LDH9_Q75_lDDT.pdb	1.005E+00	9.711E-01	9.711E-01	62.000	89	87	89
G5ELM3_Q75_lDDT	AF-Q9AEF9-F1-model_v4_Q75_lDDT.pdb	1.003E+00	9.699E-01	9.592E-01	57.900	89	88	90
G5ELM3_Q75_lDDT	AF-A0A1L6K5Z9-F1-model_v4_Q75_lDDT.pdb	9.981E-01	9.649E-01	9.649E-01	51.700	89	87	89
G5ELM3_Q75_lDDT	AF-A0A1L6K5Y8-F1-model_v4_Q75_lDDT.pdb	1.002E+00	9.681E-01	9.575E-01	56.800	89	88	90
G5ELM3_Q75_lDDT	B5L5V0_Q75_lDDT.pdb	9.996E-01	9.663E-01	9.557E-01	48.800	89	88	90
G5ELM3_Q75_lDDT	A0A059Q5E8_Q75_lDDT.pdb	9.959E-01	9.628E-01	9.628E-01	54.000	89	87	89
G5ELM3_Q75_lDDT	AF-K4GMK0-F1-model_v4_Q75_lDDT.pdb	9.967E-01	9.636E-01	9.530E-01	51.100	89	88	90
G5ELM3_Q75_lDDT	AF-K4GMG4-F1-model_v4_Q75_lDDT.pdb	9.917E-01	9.588E-01	9.588E-01	47.100	89	87	89
G5ELM3_Q75_lDDT	AF-A0A1L5BQA7-F1-model_v4_Q75_lDDT.pdb	9.959E-01	9.517E-01	9.624E-01	45.900	89	87	88
G5ELM3_Q75_lDDT	AF-A8GGW7-F1-model_v4_Q75_lDDT.pdb	9.908E-01	9.581E-01	9.581E-01	43.100	89	88	89
G5ELM3_Q75_lDDT	GRD33_Q75_lDDT.pdb	9.939E-01	9.609E-01	9.504E-01	44.300	89	88	90
G5ELM3_Q75_lDDT	B5DCA0_Q75_lDDT.pdb	9.899E-01	9.572E-01	9.572E-01	54.000	89	87	89
G5ELM3_Q75_lDDT	A0A386JBC5_Q75_lDDT.pdb	9.899E-01	9.572E-01	9.572E-01	49.400	89	87	89
G5ELM3_Q75_lDDT	AF-A0A1L6K5Z8-F1-model_v4_Q75_lDDT.pdb	9.934E-01	9.605E-01	9.500E-01	47.700	89	88	90
G5ELM3_Q75_lDDT	PJM-1_Q75_lDDT.pdb	9.896E-01	9.569E-01	9.569E-01	51.700	89	87	89
G5ELM3_Q75_lDDT	A0A0C5LQ34_Q75_lDDT.pdb	9.854E-01	9.526E-01	9.526E-01	48.800	89	88	89
G5ELM3_Q75_lDDT	B5L5V3_Q75_lDDT.pdb	9.880E-01	9.554E-01	9.554E-01	54.000	89	87	89
G5ELM3_Q75_lDDT	NWM_Q75_lDDT.pdb	9.917E-01	9.589E-01	9.484E-01	47.700	89	88	90
G5ELM3_Q75_lDDT	AF-K4GMG9-F1-model_v6_Q75_lDDT.pdb	9.885E-01	9.559E-01	9.455E-01	44.300	89	88	90
G5ELM3_Q75_lDDT	Q8KKG1_Q75_lDDT.pdb	9.868E-01	9.543E-01	9.440E-01	44.300	89	88	90
G5ELM3_Q75_lDDT	AF-K4GMF9-F1-model_v4_Q75_lDDT.pdb	9.839E-01	9.515E-01	9.412E-01	42.000	89	88	90
G5ELM3_Q75_lDDT	ECM-1_Q75_lDDT.pdb	9.837E-01	9.514E-01	9.410E-01	42.000	89	88	90
G5ELM3_Q75_lDDT	MBL1b_Q75_lDDT.pdb	9.827E-01	9.505E-01	9.402E-01	43.100	89	88	90
G5ELM3_Q75_lDDT	Q9KJB1_Q75_lDDT.pdb	9.744E-01	9.427E-01	9.530E-01	28.400	89	88	88
G5ELM3_Q75_lDDT	Q9KJB6_Q75_lDDT.pdb	9.740E-01	9.423E-01	9.526E-01	30.600	89	88	88
G5ELM3_Q75_lDDT	Q9KJB4_Q75_lDDT.pdb	9.738E-01	9.421E-01	9.525E-01	30.600	89	88	88
G5ELM3_Q75_lDDT	Q9KJB3_Q75_lDDT.pdb	9.736E-01	9.419E-01	9.522E-01	29.500	89	88	88
G5ELM3_Q75_lDDT	Q9KJB5_Q75_lDDT.pdb	9.734E-01	9.417E-01	9.521E-01	30.600	89	88	88
G5ELM3_Q75_lDDT	A0A0C5LDD9_Q75_lDDT.pdb	9.806E-01	9.485E-01	9.382E-01	29.500	89	88	90
G5ELM3_Q75_lDDT	Q9KJB2_Q75_lDDT.pdb	9.727E-01	9.411E-01	9.514E-01	29.500	89	88	88
G5ELM3_Q75_lDDT	AF-A0A1L6K5X8-F1-model_v4_Q75_lDDT.pdb	9.758E-01	9.439E-01	9.439E-01	37.500	89	88	89
G5ELM3_Q75_lDDT	A0A0C5LDD5_Q75_lDDT.pdb	9.751E-01	9.433E-01	9.433E-01	29.500	89	88	89
G5ELM3_Q75_lDDT	B5L5V9_Q75_lDDT.pdb	9.787E-01	9.361E-01	9.464E-01	40.200	89	87	88
G5ELM3_Q75_lDDT	Q4JRB6_Q75_lDDT.pdb	9.745E-01	9.428E-01	9.428E-01	29.500	89	88	89
G5ELM3_Q75_lDDT	A0A0C5L392_Q75_lDDT.pdb	9.743E-01	9.426E-01	9.426E-01	28.400	89	88	89
G5ELM3_Q75_lDDT	B5L5V5_Q75_lDDT.pdb	9.778E-01	9.459E-01	9.357E-01	32.900	89	88	90
G5ELM3_Q75_lDDT	Q9RB00_Q75_lDDT.pdb	9.737E-01	9.421E-01	9.421E-01	30.600	89	88	89
G5ELM3_Q75_lDDT	Q6DTJ0_Q75_lDDT.pdb	9.737E-01	9.420E-01	9.420E-01	30.600	89	88	89
G5ELM3_Q75_lDDT	Q6DTI9_Q75_lDDT.pdb	9.736E-01	9.419E-01	9.419E-01	30.600	89	88	89
G5ELM3_Q75_lDDT	Q6V8J2_Q75_lDDT.pdb	9.734E-01	9.418E-01	9.418E-01	30.600	89	88	89
G5ELM3_Q75_lDDT	AF-A0A0D0GMS0-F1-model_v4_Q75_lDDT.pdb	9.770E-01	9.451E-01	9.349E-01	32.900	89	88	90
G5ELM3_Q75_lDDT	A0A0C5LQ44_Q75_lDDT.pdb	9.733E-01	9.417E-01	9.417E-01	30.600	89	88	89
G5ELM3_Q75_lDDT	B5L5X0_Q75_lDDT.pdb	9.766E-01	9.448E-01	9.346E-01	32.900	89	88	90
G5ELM3_Q75_lDDT	Q6DTI7_Q75_lDDT.pdb	9.729E-01	9.412E-01	9.412E-01	30.600	89	88	89
G5ELM3_Q75_lDDT	Q5EEU4_Q75_lDDT.pdb	9.728E-01	9.412E-01	9.412E-01	31.800	89	88	89
G5ELM3_Q75_lDDT	Q9K578_Q75_lDDT.pdb	9.758E-01	9.440E-01	9.339E-01	38.600	89	88	90
G5ELM3_Q75_lDDT	B3SU2_Q75_lDDT.pdb	9.743E-01	9.426E-01	9.325E-01	43.100	89	88	90
G5ELM3_Q75_lDDT	Q6DTI4_Q75_lDDT.pdb	9.733E-01	9.417E-01	9.316E-01	29.500	89	88	90
G5ELM3_Q75_lDDT	Q6DTI5_Q75_lDDT.pdb	9.732E-01	9.415E-01	9.314E-01	29.500	89	88	90
G5ELM3_Q75_lDDT	Q5S4Q5_Q75_lDDT.pdb	9.730E-01	9.413E-01	9.312E-01	29.500	89	88	90
G5ELM3_Q75_lDDT	Q6DTI8_Q75_lDDT.pdb	9.728E-01	9.412E-01	9.311E-01	30.600	89	88	90
G5ELM3_Q75_lDDT	AF-A0A4D6P0I4-F1-model_v4_Q75_lDDT.pdb	9.726E-01	9.410E-01	9.309E-01	40.900	89	88	90
G5ELM3_Q75_lDDT	AF-A0A0D6SYW3-F1-model_v4_Q75_lDDT.pdb	9.725E-01	9.409E-01	9.308E-01	40.900	89	88	90
G5ELM3_Q75_lDDT	AF-Q89GW5-F1-model_v4_Q75_lDDT.pdb	9.678E-01	9.365E-01	9.365E-01	45.400	89	88	89
G5ELM3_Q75_lDDT	U3U4Q6_Q75_lDDT.pdb	9.683E-01	9.370E-01	9.270E-01	37.500	89	88	90
G5ELM3_Q75_lDDT	AF-Q6D395-F1-model_v4_Q75_lDDT.pdb	9.670E-01	9.253E-01	9.354E-01	32.100	89	87	88
G5ELM3_Q75_lDDT	B3SU1_Q75_lDDT.pdb	9.629E-01	9.213E-01	9.314E-01	42.500	89	87	88
G5ELM3_Q75_lDDT	B5L5V2_Q75_lDDT.pdb	9.598E-01	9.187E-01	9.286E-01	35.600	89	87	88
G5ELM3_Q75_lDDT	B5L5W3_Q75_lDDT.pdb	9.549E-01	9.141E-01	9.341E-01	32.100	89	87	87
G5ELM3_Q75_lDDT	Q9JRP7_Q75_lDDT.pdb	9.504E-01	9.198E-01	9.198E-01	36.300	89	88	89
Q4JRB6_Q75_lDDT	Q4JRB6_Q75_lDDT.pdb	1.011E+00	1.000E+00	1.000E+00	100.000	89	89	89
Q4JRB6_Q75_lDDT	Q6DTJ0_Q75_lDDT.pdb	1.008E+00	9.969E-01	9.969E-01	93.200	89	89	89
Q4JRB6_Q75_lDDT	A0A0C5L392_Q75_lDDT.pdb	1.008E+00	9.964E-01	9.964E-01	80.800	89	89	89
Q4JRB6_Q75_lDDT	Q5EEU4_Q75_lDDT.pdb	1.006E+00	9.950E-01	9.950E-01	89.800	89	89	89
Q4JRB6_Q75_lDDT	Q6V8J2_Q75_lDDT.pdb	1.006E+00	9.947E-01	9.947E-01	94.300	89	89	89
Q4JRB6_Q75_lDDT	Q6DTI9_Q75_lDDT.pdb	1.006E+00	9.946E-01	9.946E-01	94.300	89	89	89
Q4JRB6_Q75_lDDT	Q9KJB1_Q75_lDDT.pdb	1.011E+00	9.879E-01	9.991E-01	94.300	89	88	88
Q4JRB6_Q75_lDDT	Q9KJB5_Q75_lDDT.pdb	1.011E+00	9.878E-01	9.990E-01	94.300	89	88	88
Q4JRB6_Q75_lDDT	Q9KJB6_Q75_lDDT.pdb	1.010E+00	9.878E-01	9.990E-01	96.500	89	88	88
Q4JRB6_Q75_lDDT	Q9KJB4_Q75_lDDT.pdb	1.010E+00	9.877E-01	9.990E-01	97.700	89	88	88
Q4JRB6_Q75_lDDT	Q9KJB3_Q75_lDDT.pdb	1.010E+00	9.877E-01	9.989E-01	95.400	89	88	88
Q4JRB6_Q75_lDDT	Q9KJB2_Q75_lDDT.pdb	1.010E+00	9.875E-01	9.987E-01	97.700	89	88	88
Q4JRB6_Q75_lDDT	Q6DTI7_Q75_lDDT.pdb	1.005E+00	9.934E-01	9.934E-01	95.500	89	89	89
Q4JRB6_Q75_lDDT	Q9RB00_Q75_lDDT.pdb	1.003E+00	9.919E-01	9.919E-01	98.800	89	89	89
Q4JRB6_Q75_lDDT	A0A0C5LDD5_Q75_lDDT.pdb	9.996E-01	9.884E-01	9.884E-01	79.700	89	89	89
Q4JRB6_Q75_lDDT	A0A0C5LQ44_Q75_lDDT.pdb	9.988E-01	9.876E-01	9.876E-01	82.000	89	89	89
Q4JRB6_Q75_lDDT	Q6DTI5_Q75_lDDT.pdb	1.003E+00	9.916E-01	9.806E-01	93.300	89	90	90
Q4JRB6_Q75_lDDT	Q6DTI4_Q75_lDDT.pdb	1.003E+00	9.914E-01	9.805E-01	93.300	89	90	90
Q4JRB6_Q75_lDDT	Q5S4Q5_Q75_lDDT.pdb	1.003E+00	9.913E-01	9.804E-01	93.300	89	90	90
Q4JRB6_Q75_lDDT	Q6DTI8_Q75_lDDT.pdb	1.002E+00	9.911E-01	9.802E-01	92.200	89	90	90
Q4JRB6_Q75_lDDT	B5L5V5_Q75_lDDT.pdb	1.001E+00	9.902E-01	9.792E-01	62.200	89	90	90
Q4JRB6_Q75_lDDT	AF-A0A0D0GMS0-F1-model_v4_Q75_lDDT.pdb	9.975E-01	9.878E-01	9.769E-01	72.200	89	90	90
Q4JRB6_Q75_lDDT	A0A0C5LDD9_Q75_lDDT.pdb	9.990E-01	9.878E-01	9.769E-01	67.700	89	90	90
Q4JRB6_Q75_lDDT	B5L5X0_Q75_lDDT.pdb	1.009E+00	9.865E-01	9.755E-01	68.100	89	88	90
Q4JRB6_Q75_lDDT	B5L5V9_Q75_lDDT.pdb	9.999E-01	9.664E-01	9.773E-01	59.500	89	89	88
Q4JRB6_Q75_lDDT	B3SU2_Q75_lDDT.pdb	9.988E-01	9.766E-01	9.659E-01	50.000	89	88	90
Q4JRB6_Q75_lDDT	AF-Q89GW5-F1-model_v4_Q75_lDDT.pdb	9.923E-01	9.704E-01	9.704E-01	44.300	89	88	89
Q4JRB6_Q75_lDDT	Q9K578_Q75_lDDT.pdb	9.960E-01	9.739E-01	9.633E-01	53.400	89	88	90
Q4JRB6_Q75_lDDT	AF-A8GGW7-F1-model_v4_Q75_lDDT.pdb	9.862E-01	9.646E-01	9.646E-01	37.500	89	88	89
Q4JRB6_Q75_lDDT	Q8KKG1_Q75_lDDT.pdb	9.857E-01	9.641E-01	9.536E-01	36.300	89	88	90
Q4JRB6_Q75_lDDT	B5L5W3_Q75_lDDT.pdb	9.885E-01	9.449E-01	9.662E-01	48.800	89	88	87
Q4JRB6_Q75_lDDT	B5L5V2_Q75_lDDT.pdb	9.899E-01	9.463E-01	9.568E-01	57.900	89	88	88
Q4JRB6_Q75_lDDT	A0A0C5LDH9_Q75_lDDT.pdb	9.859E-01	9.535E-01	9.535E-01	35.200	89	88	89
Q4JRB6_Q75_lDDT	A0A386JBC5_Q75_lDDT.pdb	9.852E-01	9.528E-01	9.528E-01	35.200	89	88	89
Q4JRB6_Q75_lDDT	AF-A0A1L6K5Z9-F1-model_v4_Q75_lDDT.pdb	9.852E-01	9.528E-01	9.528E-01	34.000	89	88	89
Q4JRB6_Q75_lDDT	MBL1b_Q75_lDDT.pdb	9.802E-01	9.588E-01	9.485E-01	36.300	89	88	90
Q4JRB6_Q75_lDDT	AF-Q9AEF9-F1-model_v4_Q75_lDDT.pdb	9.761E-01	9.547E-01	9.443E-01	33.700	89	89	90
Q4JRB6_Q75_lDDT	A0A0C5LQ34_Q75_lDDT.pdb	9.829E-01	9.506E-01	9.506E-01	40.900	89	88	89
Q4JRB6_Q75_lDDT	A0A059Q5E8_Q75_lDDT.pdb	9.829E-01	9.506E-01	9.506E-01	34.000	89	88	89
Q4JRB6_Q75_lDDT	AF-K4GMK0-F1-model_v4_Q75_lDDT.pdb	9.739E-01	9.526E-01	9.423E-01	31.400	89	89	90
Q4JRB6_Q75_lDDT	AF-K4GMG4-F1-model_v4_Q75_lDDT.pdb	9.799E-01	9.479E-01	9.479E-01	31.800	89	88	89
Q4JRB6_Q75_lDDT	AF-A0A1L6K5Y8-F1-model_v4_Q75_lDDT.pdb	9.725E-01	9.512E-01	9.410E-01	31.400	89	89	90
Q4JRB6_Q75_lDDT	B5L5V3_Q75_lDDT.pdb	9.793E-01	9.472E-01	9.472E-01	35.200	89	88	89
Q4JRB6_Q75_lDDT	B5L5V0_Q75_lDDT.pdb	9.715E-01	9.503E-01	9.400E-01	31.400	89	89	90
Q4JRB6_Q75_lDDT	NWM_Q75_lDDT.pdb	9.703E-01	9.491E-01	9.389E-01	30.300	89	89	90
Q4JRB6_Q75_lDDT	AF-K4GMF9-F1-model_v4_Q75_lDDT.pdb	9.690E-01	9.478E-01	9.376E-01	30.300	89	89	90
Q4JRB6_Q75_lDDT	AF-K4GMG9-F1-model_v6_Q75_lDDT.pdb	9.688E-01	9.476E-01	9.374E-01	31.400	89	89	90
Q4JRB6_Q75_lDDT	AF-A0A1L5BQA7-F1-model_v4_Q75_lDDT.pdb	9.791E-01	9.365E-01	9.468E-01	34.000	89	88	88
Q4JRB6_Q75_lDDT	ECM-1_Q75_lDDT.pdb	9.675E-01	9.465E-01	9.363E-01	29.200	89	89	90
Q4JRB6_Q75_lDDT	G5ELM3_Q75_lDDT.pdb	9.745E-01	9.428E-01	9.428E-01	29.500	89	88	89
Q4JRB6_Q75_lDDT	B5DCA0_Q75_lDDT.pdb	9.733E-01	9.416E-01	9.416E-01	32.900	89	88	89
Q4JRB6_Q75_lDDT	PJM-1_Q75_lDDT.pdb	9.729E-01	9.413E-01	9.413E-01	30.600	89	88	89
Q4JRB6_Q75_lDDT	AF-A0A1L6K5X8-F1-model_v4_Q75_lDDT.pdb	9.633E-01	9.426E-01	9.426E-01	26.100	89	88	89
Q4JRB6_Q75_lDDT	U3U4Q6_Q75_lDDT.pdb	9.660E-01	9.451E-01	9.351E-01	28.400	89	88	90
Q4JRB6_Q75_lDDT	AF-A0A4D6P0I4-F1-model_v4_Q75_lDDT.pdb	9.653E-01	9.445E-01	9.344E-01	27.200	89	88	90
Q4JRB6_Q75_lDDT	AF-A0A0D6SYW3-F1-model_v4_Q75_lDDT.pdb	9.653E-01	9.445E-01	9.345E-01	27.200	89	88	90
Q4JRB6_Q75_lDDT	Q9JRP7_Q75_lDDT.pdb	9.522E-01	9.317E-01	9.317E-01	26.100	89	88	89
Q4JRB6_Q75_lDDT	GRD33_Q75_lDDT.pdb	9.530E-01	9.325E-01	9.226E-01	30.300	89	89	90
Q4JRB6_Q75_lDDT	AF-Q6D395-F1-model_v4_Q75_lDDT.pdb	9.639E-01	9.224E-01	9.325E-01	35.200	89	88	88
Q4JRB6_Q75_lDDT	AF-A0A1L6K5Z8-F1-model_v4_Q75_lDDT.pdb	9.520E-01	9.315E-01	9.216E-01	28.000	89	89	90
Q4JRB6_Q75_lDDT	B3SU1_Q75_lDDT.pdb	9.568E-01	9.157E-01	9.257E-01	29.500	89	88	88
Q6DTI8_Q75_lDDT	Q6DTI8_Q75_lDDT.pdb	1.011E+00	1.000E+00	1.000E+00	100.000	90	90	90
Q6DTI8_Q75_lDDT	Q6DTI4_Q75_lDDT.pdb	1.010E+00	9.991E-01	9.991E-01	97.700	90	90	90
Q6DTI8_Q75_lDDT	Q6DTI5_Q75_lDDT.pdb	1.008E+00	9.972E-01	9.972E-01	97.700	90	90	90
Q6DTI8_Q75_lDDT	Q5S4Q5_Q75_lDDT.pdb	1.006E+00	9.951E-01	9.951E-01	97.700	90	90	90
Q6DTI8_Q75_lDDT	Q9KJB1_Q75_lDDT.pdb	1.011E+00	9.776E-01	9.998E-01	96.500	90	88	88
Q6DTI8_Q75_lDDT	Q9KJB5_Q75_lDDT.pdb	1.011E+00	9.775E-01	9.998E-01	94.300	90	88	88
Q6DTI8_Q75_lDDT	Q9KJB3_Q75_lDDT.pdb	1.011E+00	9.775E-01	9.997E-01	93.100	90	88	88
Q6DTI8_Q75_lDDT	Q9KJB6_Q75_lDDT.pdb	1.011E+00	9.775E-01	9.997E-01	92.000	90	88	88
Q6DTI8_Q75_lDDT	Q9KJB4_Q75_lDDT.pdb	1.011E+00	9.774E-01	9.996E-01	93.100	90	88	88
Q6DTI8_Q75_lDDT	Q9KJB2_Q75_lDDT.pdb	1.011E+00	9.771E-01	9.993E-01	93.100	90	88	88
Q6DTI8_Q75_lDDT	Q6DTJ0_Q75_lDDT.pdb	1.003E+00	9.810E-01	9.920E-01	92.200	90	90	89
Q6DTI8_Q75_lDDT	Q6DTI7_Q75_lDDT.pdb	1.003E+00	9.808E-01	9.918E-01	94.400	90	90	89
Q6DTI8_Q75_lDDT	Q6V8J2_Q75_lDDT.pdb	1.003E+00	9.808E-01	9.918E-01	93.300	90	90	89
Q6DTI8_Q75_lDDT	Q6DTI9_Q75_lDDT.pdb	1.003E+00	9.807E-01	9.917E-01	93.300	90	90	89
Q6DTI8_Q75_lDDT	Q5EEU4_Q75_lDDT.pdb	1.003E+00	9.810E-01	9.920E-01	88.800	90	90	89
Q6DTI8_Q75_lDDT	Q9RB00_Q75_lDDT.pdb	1.002E+00	9.801E-01	9.911E-01	93.300	90	90	89
Q6DTI8_Q75_lDDT	Q4JRB6_Q75_lDDT.pdb	1.002E+00	9.802E-01	9.911E-01	92.200	90	90	89
Q6DTI8_Q75_lDDT	A0A0C5L392_Q75_lDDT.pdb	1.002E+00	9.802E-01	9.912E-01	77.700	90	90	89
Q6DTI8_Q75_lDDT	AF-A0A0D0GMS0-F1-model_v4_Q75_lDDT.pdb	9.981E-01	9.870E-01	9.870E-01	72.200	90	90	90
Q6DTI8_Q75_lDDT	B5L5V5_Q75_lDDT.pdb	9.958E-01	9.848E-01	9.848E-01	64.400	90	90	90
Q6DTI8_Q75_lDDT	A0A0C5LDD5_Q75_lDDT.pdb	9.996E-01	9.775E-01	9.884E-01	76.600	90	90	89
Q6DTI8_Q75_lDDT	A0A0C5LQ44_Q75_lDDT.pdb	9.985E-01	9.765E-01	9.874E-01	77.700	90	90	89
Q6DTI8_Q75_lDDT	A0A0C5LDD9_Q75_lDDT.pdb	9.925E-01	9.816E-01	9.816E-01	67.700	90	90	90
Q6DTI8_Q75_lDDT	B5L5X0_Q75_lDDT.pdb	9.907E-01	9.798E-01	9.798E-01	67.700	90	90	90
Q6DTI8_Q75_lDDT	B5L5V9_Q75_lDDT.pdb	9.988E-01	9.547E-01	9.763E-01	60.000	90	90	88
Q6DTI8_Q75_lDDT	B3SU2_Q75_lDDT.pdb	9.986E-01	9.657E-01	9.657E-01	50.000	90	88	90
Q6DTI8_Q75_lDDT	AF-Q89GW5-F1-model_v4_Q75_lDDT.pdb	9.925E-01	9.600E-01	9.706E-01	48.800	90	88	89
Q6DTI8_Q75_lDDT	Q9K578_Q75_lDDT.pdb	9.959E-01	9.632E-01	9.632E-01	48.800	90	88	90
Q6DTI8_Q75_lDDT	AF-A8GGW7-F1-model_v4_Q75_lDDT.pdb	9.854E-01	9.534E-01	9.639E-01	39.700	90	88	89
Q6DTI8_Q75_lDDT	B5L5W3_Q75_lDDT.pdb	9.898E-01	9.358E-01	9.675E-01	45.400	90	88	87
Q6DTI8_Q75_lDDT	Q8KKG1_Q75_lDDT.pdb	9.857E-01	9.536E-01	9.536E-01	36.300	90	88	90
Q6DTI8_Q75_lDDT	B5L5V2_Q75_lDDT.pdb	9.918E-01	9.377E-01	9.586E-01	53.400	90	88	88
Q6DTI8_Q75_lDDT	A0A386JBC5_Q75_lDDT.pdb	9.848E-01	9.421E-01	9.524E-01	37.500	90	88	89
Q6DTI8_Q75_lDDT	A0A0C5LDH9_Q75_lDDT.pdb	9.845E-01	9.418E-01	9.521E-01	35.200	90	88	89
Q6DTI8_Q75_lDDT	MBL1b_Q75_lDDT.pdb	9.802E-01	9.485E-01	9.485E-01	36.300	90	88	90
Q6DTI8_Q75_lDDT	AF-A0A1L6K5Z9-F1-model_v4_Q75_lDDT.pdb	9.835E-01	9.410E-01	9.513E-01	36.300	90	88	89
Q6DTI8_Q75_lDDT	A0A059Q5E8_Q75_lDDT.pdb	9.828E-01	9.403E-01	9.506E-01	35.200	90	88	89
Q6DTI8_Q75_lDDT	AF-Q9AEF9-F1-model_v4_Q75_lDDT.pdb	9.750E-01	9.433E-01	9.433E-01	32.500	90	89	90
Q6DTI8_Q75_lDDT	A0A0C5LQ34_Q75_lDDT.pdb	9.817E-01	9.393E-01	9.495E-01	44.300	90	88	89
Q6DTI8_Q75_lDDT	AF-K4GMK0-F1-model_v4_Q75_lDDT.pdb	9.728E-01	9.412E-01	9.412E-01	33.700	90	89	90
Q6DTI8_Q75_lDDT	AF-K4GMG4-F1-model_v4_Q75_lDDT.pdb	9.791E-01	9.369E-01	9.471E-01	34.000	90	88	89
Q6DTI8_Q75_lDDT	AF-A0A1L6K5Y8-F1-model_v4_Q75_lDDT.pdb	9.712E-01	9.397E-01	9.397E-01	34.800	90	89	90
Q6DTI8_Q75_lDDT	B5L5V3_Q75_lDDT.pdb	9.777E-01	9.356E-01	9.458E-01	35.200	90	88	89
Q6DTI8_Q75_lDDT	NWM_Q75_lDDT.pdb	9.698E-01	9.384E-01	9.384E-01	31.400	90	89	90
Q6DTI8_Q75_lDDT	AF-K4GMF9-F1-model_v4_Q75_lDDT.pdb	9.694E-01	9.380E-01	9.380E-01	32.500	90	89	90
Q6DTI8_Q75_lDDT	B5L5V0_Q75_lDDT.pdb	9.694E-01	9.380E-01	9.380E-01	32.500	90	89	90
Q6DTI8_Q75_lDDT	AF-K4GMG9-F1-model_v6_Q75_lDDT.pdb	9.691E-01	9.377E-01	9.377E-01	32.500	90	89	90
Q6DTI8_Q75_lDDT	ECM-1_Q75_lDDT.pdb	9.683E-01	9.370E-01	9.370E-01	31.400	90	89	90
Q6DTI8_Q75_lDDT	B5DCA0_Q75_lDDT.pdb	9.732E-01	9.315E-01	9.416E-01	34.000	90	88	89
Q6DTI8_Q75_lDDT	G5ELM3_Q75_lDDT.pdb	9.728E-01	9.311E-01	9.412E-01	30.600	90	88	89
Q6DTI8_Q75_lDDT	PJM-1_Q75_lDDT.pdb	9.726E-01	9.309E-01	9.410E-01	31.800	90	88	89
Q6DTI8_Q75_lDDT	AF-A0A1L5BQA7-F1-model_v4_Q75_lDDT.pdb	9.763E-01	9.238E-01	9.442E-01	37.500	90	88	88
Q6DTI8_Q75_lDDT	AF-A0A1L6K5X8-F1-model_v4_Q75_lDDT.pdb	9.619E-01	9.312E-01	9.412E-01	29.500	90	88	89
Q6DTI8_Q75_lDDT	U3U4Q6_Q75_lDDT.pdb	9.642E-01	9.334E-01	9.334E-01	30.600	90	88	90
Q6DTI8_Q75_lDDT	AF-A0A4D6P0I4-F1-model_v4_Q75_lDDT.pdb	9.636E-01	9.328E-01	9.328E-01	28.400	90	88	90
Q6DTI8_Q75_lDDT	AF-A0A0D6SYW3-F1-model_v4_Q75_lDDT.pdb	9.636E-01	9.329E-01	9.329E-01	28.400	90	88	90
Q6DTI8_Q75_lDDT	Q9JRP7_Q75_lDDT.pdb	9.506E-01	9.203E-01	9.302E-01	26.100	90	88	89
Q6DTI8_Q75_lDDT	AF-Q6D395-F1-model_v4_Q75_lDDT.pdb	9.648E-01	9.134E-01	9.333E-01	36.300	90	88	88
Q6DTI8_Q75_lDDT	GRD33_Q75_lDDT.pdb	9.514E-01	9.211E-01	9.211E-01	31.400	90	89	90
Q6DTI8_Q75_lDDT	AF-A0A1L6K5Z8-F1-model_v4_Q75_lDDT.pdb	9.503E-01	9.201E-01	9.201E-01	29.200	90	89	90
Q6DTI8_Q75_lDDT	B3SU1_Q75_lDDT.pdb	9.558E-01	9.051E-01	9.247E-01	28.400	90	88	88
Q9K578_Q75_lDDT	Q9K578_Q75_lDDT.pdb	1.011E+00	1.000E+00	1.000E+00	100.000	90	90	90
Q9K578_Q75_lDDT	B3SU2_Q75_lDDT.pdb	1.007E+00	9.734E-01	9.734E-01	73.800	90	88	90
Q9K578_Q75_lDDT	Q9KJB6_Q75_lDDT.pdb	9.967E-01	9.639E-01	9.855E-01	52.200	90	88	88
Q9K578_Q75_lDDT	Q9KJB1_Q75_lDDT.pdb	9.965E-01	9.638E-01	9.854E-01	51.100	90	88	88
Q9K578_Q75_lDDT	Q9KJB3_Q75_lDDT.pdb	9.965E-01	9.637E-01	9.853E-01	52.200	90	88	88
Q9K578_Q75_lDDT	Q9KJB5_Q75_lDDT.pdb	9.963E-01	9.635E-01	9.851E-01	52.200	90	88	88
Q9K578_Q75_lDDT	Q9KJB4_Q75_lDDT.pdb	9.960E-01	9.633E-01	9.849E-01	52.200	90	88	88
Q9K578_Q75_lDDT	Q9KJB2_Q75_lDDT.pdb	9.957E-01	9.630E-01	9.845E-01	51.100	90	88	88
Q9K578_Q75_lDDT	A0A0C5LDD5_Q75_lDDT.pdb	9.968E-01	9.641E-01	9.747E-01	51.100	90	88	89
Q9K578_Q75_lDDT	A0A0C5L392_Q75_lDDT.pdb	9.968E-01	9.640E-01	9.747E-01	50.000	90	88	89
Q9K578_Q75_lDDT	Q5EEU4_Q75_lDDT.pdb	9.965E-01	9.638E-01	9.744E-01	51.100	90	88	89
Q9K578_Q75_lDDT	A0A0C5LDD9_Q75_lDDT.pdb	1.000E+00	9.671E-01	9.671E-01	46.500	90	88	90
Q9K578_Q75_lDDT	Q6DTI7_Q75_lDDT.pdb	9.963E-01	9.635E-01	9.742E-01	51.100	90	88	89
Q9K578_Q75_lDDT	Q6DTI9_Q75_lDDT.pdb	9.962E-01	9.635E-01	9.742E-01	52.200	90	88	89
Q9K578_Q75_lDDT	Q6V8J2_Q75_lDDT.pdb	9.962E-01	9.635E-01	9.741E-01	52.200	90	88	89
Q9K578_Q75_lDDT	Q6DTJ0_Q75_lDDT.pdb	9.962E-01	9.634E-01	9.741E-01	51.100	90	88	89
Q9K578_Q75_lDDT	Q9RB00_Q75_lDDT.pdb	9.961E-01	9.633E-01	9.740E-01	52.200	90	88	89
Q9K578_Q75_lDDT	A0A0C5LQ44_Q75_lDDT.pdb	9.960E-01	9.633E-01	9.740E-01	54.500	90	88	89
Q9K578_Q75_lDDT	Q4JRB6_Q75_lDDT.pdb	9.960E-01	9.633E-01	9.739E-01	53.400	90	88	89
Q9K578_Q75_lDDT	AF-A0A0D0GMS0-F1-model_v4_Q75_lDDT.pdb	9.995E-01	9.666E-01	9.666E-01	53.400	90	88	90
Q9K578_Q75_lDDT	B5L5X0_Q75_lDDT.pdb	9.985E-01	9.657E-01	9.657E-01	54.500	90	88	90
Q9K578_Q75_lDDT	B5L5V5_Q75_lDDT.pdb	9.970E-01	9.642E-01	9.642E-01	48.800	90	88	90
Q9K578_Q75_lDDT	Q5S4Q5_Q75_lDDT.pdb	9.962E-01	9.634E-01	9.634E-01	50.000	90	88	90
Q9K578_Q75_lDDT	Q6DTI4_Q75_lDDT.pdb	9.960E-01	9.633E-01	9.633E-01	50.000	90	88	90
Q9K578_Q75_lDDT	Q6DTI5_Q75_lDDT.pdb	9.960E-01	9.633E-01	9.633E-01	50.000	90	88	90
Q9K578_Q75_lDDT	Q6DTI8_Q75_lDDT.pdb	9.959E-01	9.632E-01	9.632E-01	48.800	90	88	90
Q9K578_Q75_lDDT	B5L5V9_Q75_lDDT.pdb	1.000E+00	9.454E-01	9.666E-01	46.500	90	88	88
Q9K578_Q75_lDDT	Q8KKG1_Q75_lDDT.pdb	9.904E-01	9.580E-01	9.580E-01	38.600	90	88	90
Q9K578_Q75_lDDT	MBL1b_Q75_lDDT.pdb	9.860E-01	9.539E-01	9.539E-01	38.600	90	88	90
Q9K578_Q75_lDDT	AF-A8GGW7-F1-model_v4_Q75_lDDT.pdb	9.810E-01	9.492E-01	9.596E-01	39.700	90	88	89
Q9K578_Q75_lDDT	A0A386JBC5_Q75_lDDT.pdb	9.880E-01	9.450E-01	9.554E-01	40.900	90	88	89
Q9K578_Q75_lDDT	AF-Q89GW5-F1-model_v4_Q75_lDDT.pdb	9.806E-01	9.488E-01	9.592E-01	50.000	90	88	89
Q9K578_Q75_lDDT	AF-K4GMG9-F1-model_v6_Q75_lDDT.pdb	9.780E-01	9.461E-01	9.461E-01	34.800	90	89	90
Q9K578_Q75_lDDT	A0A0C5LQ34_Q75_lDDT.pdb	9.852E-01	9.425E-01	9.528E-01	51.100	90	88	89
Q9K578_Q75_lDDT	AF-A0A1L6K5Z9-F1-model_v4_Q75_lDDT.pdb	9.853E-01	9.426E-01	9.529E-01	39.700	90	88	89
Q9K578_Q75_lDDT	AF-K4GMK0-F1-model_v4_Q75_lDDT.pdb	9.773E-01	9.454E-01	9.454E-01	41.500	90	89	90
Q9K578_Q75_lDDT	AF-K4GMF9-F1-model_v4_Q75_lDDT.pdb	9.771E-01	9.452E-01	9.452E-01	34.800	90	89	90
Q9K578_Q75_lDDT	A0A0C5LDH9_Q75_lDDT.pdb	9.837E-01	9.411E-01	9.514E-01	44.300	90	88	89
Q9K578_Q75_lDDT	ECM-1_Q75_lDDT.pdb	9.762E-01	9.444E-01	9.444E-01	34.800	90	89	90
Q9K578_Q75_lDDT	AF-Q9AEF9-F1-model_v4_Q75_lDDT.pdb	9.755E-01	9.437E-01	9.437E-01	41.500	90	89	90
Q9K578_Q75_lDDT	AF-K4GMG4-F1-model_v4_Q75_lDDT.pdb	9.810E-01	9.386E-01	9.489E-01	34.000	90	88	89
Q9K578_Q75_lDDT	A0A059Q5E8_Q75_lDDT.pdb	9.789E-01	9.367E-01	9.469E-01	40.900	90	88	89
Q9K578_Q75_lDDT	AF-A0A1L6K5X8-F1-model_v4_Q75_lDDT.pdb	9.704E-01	9.393E-01	9.495E-01	32.900	90	88	89
Q9K578_Q75_lDDT	B5L5V2_Q75_lDDT.pdb	9.806E-01	9.275E-01	9.480E-01	45.400	90	88	88
Q9K578_Q75_lDDT	B5L5V3_Q75_lDDT.pdb	9.769E-01	9.348E-01	9.450E-01	43.100	90	88	89
Q9K578_Q75_lDDT	AF-A0A1L5BQA7-F1-model_v4_Q75_lDDT.pdb	9.809E-01	9.279E-01	9.484E-01	39.700	90	88	88
Q9K578_Q75_lDDT	PJM-1_Q75_lDDT.pdb	9.768E-01	9.348E-01	9.450E-01	36.300	90	88	89
Q9K578_Q75_lDDT	B5DCA0_Q75_lDDT.pdb	9.768E-01	9.348E-01	9.449E-01	34.000	90	88	89
Q9K578_Q75_lDDT	NWM_Q75_lDDT.pdb	9.689E-01	9.376E-01	9.376E-01	35.900	90	89	90
Q9K578_Q75_lDDT	B5L5W3_Q75_lDDT.pdb	9.757E-01	9.232E-01	9.540E-01	39.700	90	88	87
Q9K578_Q75_lDDT	G5ELM3_Q75_lDDT.pdb	9.758E-01	9.339E-01	9.440E-01	38.600	90	88	89
Q9K578_Q75_lDDT	B5L5V0_Q75_lDDT.pdb	9.685E-01	9.371E-01	9.371E-01	38.200	90	89	90
Q9K578_Q75_lDDT	AF-A0A1L6K5Y8-F1-model_v4_Q75_lDDT.pdb	9.683E-01	9.370E-01	9.370E-01	38.200	90	89	90
Q9K578_Q75_lDDT	AF-A0A4D6P0I4-F1-model_v4_Q75_lDDT.pdb	9.685E-01	9.374E-01	9.374E-01	35.200	90	88	90
Q9K578_Q75_lDDT	AF-A0A0D6SYW3-F1-model_v4_Q75_lDDT.pdb	9.684E-01	9.374E-01	9.374E-01	35.200	90	88	90
Q9K578_Q75_lDDT	U3U4Q6_Q75_lDDT.pdb	9.663E-01	9.354E-01	9.354E-01	35.200	90	88	90
Q9K578_Q75_lDDT	Q9JRP7_Q75_lDDT.pdb	9.560E-01	9.254E-01	9.354E-01	32.900	90	88	89
Q9K578_Q75_lDDT	GRD33_Q75_lDDT.pdb	9.577E-01	9.270E-01	9.270E-01	35.900	90	89	90
Q9K578_Q75_lDDT	AF-A0A1L6K5Z8-F1-model_v4_Q75_lDDT.pdb	9.571E-01	9.265E-01	9.265E-01	37.000	90	89	90
Q9K578_Q75_lDDT	AF-Q6D395-F1-model_v4_Q75_lDDT.pdb	9.666E-01	9.151E-01	9.351E-01	37.500	90	88	88
Q9K578_Q75_lDDT	B3SU1_Q75_lDDT.pdb	9.554E-01	9.047E-01	9.243E-01	31.800	90	88	88
U3U4Q6_Q75_lDDT	U3U4Q6_Q75_lDDT.pdb	1.011E+00	1.000E+00	1.000E+00	100.000	90	90	90
U3U4Q6_Q75_lDDT	AF-A0A4D6P0I4-F1-model_v4_Q75_lDDT.pdb	1.005E+00	9.938E-01	9.938E-01	77.700	90	90	90
U3U4Q6_Q75_lDDT	AF-A0A0D6SYW3-F1-model_v4_Q75_lDDT.pdb	1.000E+00	9.894E-01	9.894E-01	77.700	90	90	90
U3U4Q6_Q75_lDDT	AF-A0A1L6K5X8-F1-model_v4_Q75_lDDT.pdb	9.970E-01	9.642E-01	9.749E-01	61.300	90	88	89
U3U4Q6_Q75_lDDT	Q9JRP7_Q75_lDDT.pdb	9.756E-01	9.542E-01	9.648E-01	65.100	90	89	89
U3U4Q6_Q75_lDDT	AF-A8GGW7-F1-model_v4_Q75_lDDT.pdb	9.830E-01	9.511E-01	9.615E-01	40.900	90	88	89
U3U4Q6_Q75_lDDT	MBL1b_Q75_lDDT.pdb	9.823E-01	9.504E-01	9.504E-01	32.900	90	88	90
U3U4Q6_Q75_lDDT	Q8KKG1_Q75_lDDT.pdb	9.805E-01	9.488E-01	9.488E-01	32.900	90	88	90
U3U4Q6_Q75_lDDT	A0A0C5LDD5_Q75_lDDT.pdb	9.705E-01	9.394E-01	9.495E-01	26.100	90	88	89
U3U4Q6_Q75_lDDT	A0A0C5LQ34_Q75_lDDT.pdb	9.787E-01	9.365E-01	9.467E-01	40.900	90	88	89
U3U4Q6_Q75_lDDT	AF-A0A1L6K5Z9-F1-model_v4_Q75_lDDT.pdb	9.787E-01	9.365E-01	9.467E-01	45.400	90	88	89
U3U4Q6_Q75_lDDT	GRD33_Q75_lDDT.pdb	9.709E-01	9.394E-01	9.394E-01	47.100	90	89	90
U3U4Q6_Q75_lDDT	A0A0C5LDD9_Q75_lDDT.pdb	9.734E-01	9.420E-01	9.420E-01	29.500	90	88	90
U3U4Q6_Q75_lDDT	Q9KJB1_Q75_lDDT.pdb	9.657E-01	9.348E-01	9.552E-01	30.600	90	88	88
U3U4Q6_Q75_lDDT	Q9KJB2_Q75_lDDT.pdb	9.658E-01	9.349E-01	9.552E-01	28.400	90	88	88
U3U4Q6_Q75_lDDT	Q9KJB6_Q75_lDDT.pdb	9.655E-01	9.346E-01	9.550E-01	27.200	90	88	88
U3U4Q6_Q75_lDDT	Q9KJB4_Q75_lDDT.pdb	9.654E-01	9.345E-01	9.549E-01	28.400	90	88	88
U3U4Q6_Q75_lDDT	Q9KJB3_Q75_lDDT.pdb	9.651E-01	9.343E-01	9.546E-01	28.400	90	88	88
U3U4Q6_Q75_lDDT	Q9KJB5_Q75_lDDT.pdb	9.650E-01	9.341E-01	9.544E-01	29.500	90	88	88
U3U4Q6_Q75_lDDT	B5L5V5_Q75_lDDT.pdb	9.720E-01	9.407E-01	9.407E-01	29.500	90	88	90
U3U4Q6_Q75_lDDT	A0A0C5LQ44_Q75_lDDT.pdb	9.679E-01	9.369E-01	9.470E-01	29.500	90	88	89
U3U4Q6_Q75_lDDT	AF-A0A0D0GMS0-F1-model_v4_Q75_lDDT.pdb	9.717E-01	9.405E-01	9.405E-01	29.500	90	88	90
U3U4Q6_Q75_lDDT	B5L5X0_Q75_lDDT.pdb	9.712E-01	9.400E-01	9.400E-01	30.600	90	88	90
U3U4Q6_Q75_lDDT	AF-A0A1L6K5Z8-F1-model_v4_Q75_lDDT.pdb	9.686E-01	9.373E-01	9.373E-01	43.800	90	89	90
U3U4Q6_Q75_lDDT	Q5EEU4_Q75_lDDT.pdb	9.662E-01	9.353E-01	9.454E-01	29.500	90	88	89
U3U4Q6_Q75_lDDT	Q4JRB6_Q75_lDDT.pdb	9.660E-01	9.351E-01	9.451E-01	28.400	90	88	89
U3U4Q6_Q75_lDDT	A0A0C5L392_Q75_lDDT.pdb	9.653E-01	9.345E-01	9.445E-01	29.500	90	88	89
U3U4Q6_Q75_lDDT	Q9RB00_Q75_lDDT.pdb	9.653E-01	9.344E-01	9.445E-01	28.400	90	88	89
U3U4Q6_Q75_lDDT	Q6DTJ0_Q75_lDDT.pdb	9.652E-01	9.343E-01	9.444E-01	28.400	90	88	89
U3U4Q6_Q75_lDDT	Q6DTI9_Q75_lDDT.pdb	9.652E-01	9.343E-01	9.444E-01	29.500	90	88	89
U3U4Q6_Q75_lDDT	Q6V8J2_Q75_lDDT.pdb	9.650E-01	9.341E-01	9.442E-01	29.500	90	88	89
U3U4Q6_Q75_lDDT	Q6DTI7_Q75_lDDT.pdb	9.648E-01	9.340E-01	9.440E-01	30.600	90	88	89
U3U4Q6_Q75_lDDT	AF-K4GMG4-F1-model_v4_Q75_lDDT.pdb	9.725E-01	9.308E-01	9.409E-01	42.000	90	88	89
U3U4Q6_Q75_lDDT	AF-K4GMK0-F1-model_v4_Q75_lDDT.pdb	9.651E-01	9.340E-01	9.340E-01	48.300	90	89	90
U3U4Q6_Q75_lDDT	PJM-1_Q75_lDDT.pdb	9.720E-01	9.304E-01	9.405E-01	43.100	90	88	89
U3U4Q6_Q75_lDDT	A0A386JBC5_Q75_lDDT.pdb	9.712E-01	9.297E-01	9.397E-01	44.300	90	88	89
U3U4Q6_Q75_lDDT	B3SU2_Q75_lDDT.pdb	9.663E-01	9.354E-01	9.354E-01	35.200	90	88	90
U3U4Q6_Q75_lDDT	Q9K578_Q75_lDDT.pdb	9.663E-01	9.354E-01	9.354E-01	35.200	90	88	90
U3U4Q6_Q75_lDDT	AF-A0A1L5BQA7-F1-model_v4_Q75_lDDT.pdb	9.738E-01	9.216E-01	9.418E-01	40.900	90	88	88
U3U4Q6_Q75_lDDT	B5L5V0_Q75_lDDT.pdb	9.625E-01	9.315E-01	9.315E-01	40.400	90	89	90
U3U4Q6_Q75_lDDT	Q5S4Q5_Q75_lDDT.pdb	9.646E-01	9.338E-01	9.338E-01	30.600	90	88	90
U3U4Q6_Q75_lDDT	B5DCA0_Q75_lDDT.pdb	9.694E-01	9.280E-01	9.380E-01	43.100	90	88	89
U3U4Q6_Q75_lDDT	AF-K4GMG9-F1-model_v6_Q75_lDDT.pdb	9.621E-01	9.312E-01	9.312E-01	48.300	90	89	90
U3U4Q6_Q75_lDDT	Q6DTI5_Q75_lDDT.pdb	9.644E-01	9.336E-01	9.336E-01	30.600	90	88	90
U3U4Q6_Q75_lDDT	Q6DTI4_Q75_lDDT.pdb	9.644E-01	9.335E-01	9.335E-01	30.600	90	88	90
U3U4Q6_Q75_lDDT	Q6DTI8_Q75_lDDT.pdb	9.642E-01	9.334E-01	9.334E-01	30.600	90	88	90
U3U4Q6_Q75_lDDT	G5ELM3_Q75_lDDT.pdb	9.683E-01	9.270E-01	9.370E-01	37.500	90	88	89
U3U4Q6_Q75_lDDT	AF-Q89GW5-F1-model_v4_Q75_lDDT.pdb	9.590E-01	9.285E-01	9.384E-01	42.000	90	88	89
U3U4Q6_Q75_lDDT	NWM_Q75_lDDT.pdb	9.597E-01	9.289E-01	9.289E-01	41.500	90	89	90
U3U4Q6_Q75_lDDT	AF-Q9AEF9-F1-model_v4_Q75_lDDT.pdb	9.592E-01	9.284E-01	9.284E-01	41.500	90	89	90
U3U4Q6_Q75_lDDT	ECM-1_Q75_lDDT.pdb	9.590E-01	9.282E-01	9.282E-01	44.900	90	89	90
U3U4Q6_Q75_lDDT	AF-A0A1L6K5Y8-F1-model_v4_Q75_lDDT.pdb	9.587E-01	9.280E-01	9.280E-01	46.000	90	89	90
U3U4Q6_Q75_lDDT	A0A0C5LDH9_Q75_lDDT.pdb	9.652E-01	9.241E-01	9.340E-01	40.900	90	88	89
U3U4Q6_Q75_lDDT	AF-Q6D395-F1-model_v4_Q75_lDDT.pdb	9.685E-01	9.168E-01	9.368E-01	42.000	90	88	88
U3U4Q6_Q75_lDDT	B5L5V3_Q75_lDDT.pdb	9.641E-01	9.231E-01	9.330E-01	43.100	90	88	89
U3U4Q6_Q75_lDDT	AF-K4GMF9-F1-model_v4_Q75_lDDT.pdb	9.573E-01	9.266E-01	9.266E-01	44.900	90	89	90
U3U4Q6_Q75_lDDT	B5L5V9_Q75_lDDT.pdb	9.664E-01	9.148E-01	9.348E-01	29.500	90	88	88
U3U4Q6_Q75_lDDT	A0A059Q5E8_Q75_lDDT.pdb	9.603E-01	9.196E-01	9.294E-01	43.100	90	88	89
U3U4Q6_Q75_lDDT	B3SU1_Q75_lDDT.pdb	9.588E-01	9.079E-01	9.276E-01	39.700	90	88	88
U3U4Q6_Q75_lDDT	B5L5V2_Q75_lDDT.pdb	9.551E-01	9.047E-01	9.242E-01	28.400	90	88	88
U3U4Q6_Q75_lDDT	B5L5W3_Q75_lDDT.pdb	9.489E-01	8.990E-01	9.283E-01	23.800	90	88	87
A0A0C5LDD5_Q75_lDDT	A0A0C5LDD5_Q75_lDDT.pdb	1.011E+00	1.000E+00	1.000E+00	100.000	89	89	89
A0A0C5LDD5_Q75_lDDT	A0A0C5LQ44_Q75_lDDT.pdb	1.008E+00	9.969E-01	9.969E-01	89.800	89	89	89
A0A0C5LDD5_Q75_lDDT	Q9RB00_Q75_lDDT.pdb	1.004E+00	9.929E-01	9.929E-01	78.600	89	89	89
A0A0C5LDD5_Q75_lDDT	Q9KJB6_Q75_lDDT.pdb	1.008E+00	9.858E-01	9.970E-01	78.400	89	88	88
A0A0C5LDD5_Q75_lDDT	Q9KJB1_Q75_lDDT.pdb	1.008E+00	9.858E-01	9.970E-01	77.200	89	88	88
A0A0C5LDD5_Q75_lDDT	Q9KJB5_Q75_lDDT.pdb	1.008E+00	9.857E-01	9.969E-01	78.400	89	88	88
A0A0C5LDD5_Q75_lDDT	Q9KJB4_Q75_lDDT.pdb	1.008E+00	9.857E-01	9.968E-01	78.400	89	88	88
A0A0C5LDD5_Q75_lDDT	Q9KJB3_Q75_lDDT.pdb	1.008E+00	9.856E-01	9.968E-01	77.200	89	88	88
A0A0C5LDD5_Q75_lDDT	Q9KJB2_Q75_lDDT.pdb	1.008E+00	9.855E-01	9.967E-01	77.200	89	88	88
A0A0C5LDD5_Q75_lDDT	Q6DTI7_Q75_lDDT.pdb	1.002E+00	9.910E-01	9.910E-01	77.500	89	89	89
A0A0C5LDD5_Q75_lDDT	Q6DTI9_Q75_lDDT.pdb	1.002E+00	9.906E-01	9.906E-01	78.600	89	89	89
A0A0C5LDD5_Q75_lDDT	A0A0C5L392_Q75_lDDT.pdb	1.001E+00	9.902E-01	9.902E-01	84.200	89	89	89
A0A0C5LDD5_Q75_lDDT	Q6V8J2_Q75_lDDT.pdb	1.002E+00	9.905E-01	9.905E-01	78.600	89	89	89
A0A0C5LDD5_Q75_lDDT	Q6DTJ0_Q75_lDDT.pdb	1.001E+00	9.896E-01	9.896E-01	77.500	89	89	89
A0A0C5LDD5_Q75_lDDT	Q5EEU4_Q75_lDDT.pdb	1.001E+00	9.894E-01	9.894E-01	79.700	89	89	89
A0A0C5LDD5_Q75_lDDT	Q4JRB6_Q75_lDDT.pdb	9.996E-01	9.884E-01	9.884E-01	79.700	89	89	89
A0A0C5LDD5_Q75_lDDT	AF-A0A0D0GMS0-F1-model_v4_Q75_lDDT.pdb	1.005E+00	9.939E-01	9.829E-01	72.200	89	90	90
A0A0C5LDD5_Q75_lDDT	Q6DTI4_Q75_lDDT.pdb	1.000E+00	9.891E-01	9.782E-01	77.700	89	90	90
A0A0C5LDD5_Q75_lDDT	Q6DTI5_Q75_lDDT.pdb	9.996E-01	9.884E-01	9.775E-01	77.700	89	90	90
A0A0C5LDD5_Q75_lDDT	Q5S4Q5_Q75_lDDT.pdb	9.994E-01	9.883E-01	9.773E-01	77.700	89	90	90
A0A0C5LDD5_Q75_lDDT	Q6DTI8_Q75_lDDT.pdb	9.996E-01	9.884E-01	9.775E-01	76.600	89	90	90
A0A0C5LDD5_Q75_lDDT	B5L5X0_Q75_lDDT.pdb	1.008E+00	9.857E-01	9.748E-01	71.500	89	88	90
A0A0C5LDD5_Q75_lDDT	A0A0C5LDD9_Q75_lDDT.pdb	1.008E+00	9.856E-01	9.746E-01	71.500	89	88	90
A0A0C5LDD5_Q75_lDDT	B5L5V5_Q75_lDDT.pdb	1.008E+00	9.854E-01	9.744E-01	68.100	89	88	90
A0A0C5LDD5_Q75_lDDT	B5L5V9_Q75_lDDT.pdb	1.008E+00	9.629E-01	9.738E-01	60.200	89	88	88
A0A0C5LDD5_Q75_lDDT	B3SU2_Q75_lDDT.pdb	9.993E-01	9.771E-01	9.663E-01	50.000	89	88	90
A0A0C5LDD5_Q75_lDDT	Q9K578_Q75_lDDT.pdb	9.968E-01	9.747E-01	9.641E-01	51.100	89	88	90
A0A0C5LDD5_Q75_lDDT	AF-Q89GW5-F1-model_v4_Q75_lDDT.pdb	9.886E-01	9.669E-01	9.669E-01	45.400	89	88	89
A0A0C5LDD5_Q75_lDDT	AF-A8GGW7-F1-model_v4_Q75_lDDT.pdb	9.874E-01	9.657E-01	9.657E-01	35.200	89	88	89
A0A0C5LDD5_Q75_lDDT	Q8KKG1_Q75_lDDT.pdb	9.883E-01	9.666E-01	9.561E-01	34.000	89	88	90
A0A0C5LDD5_Q75_lDDT	MBL1b_Q75_lDDT.pdb	9.837E-01	9.622E-01	9.517E-01	34.000	89	88	90
A0A0C5LDD5_Q75_lDDT	AF-A0A1L6K5Z9-F1-model_v4_Q75_lDDT.pdb	9.875E-01	9.550E-01	9.550E-01	32.900	89	88	89
A0A0C5LDD5_Q75_lDDT	B5L5W3_Q75_lDDT.pdb	9.861E-01	9.428E-01	9.640E-01	50.000	89	88	87
A0A0C5LDD5_Q75_lDDT	A0A386JBC5_Q75_lDDT.pdb	9.851E-01	9.527E-01	9.527E-01	34.000	89	88	89
A0A0C5LDD5_Q75_lDDT	B5L5V2_Q75_lDDT.pdb	9.885E-01	9.450E-01	9.555E-01	55.600	89	88	88
A0A0C5LDD5_Q75_lDDT	A0A0C5LDH9_Q75_lDDT.pdb	9.845E-01	9.521E-01	9.521E-01	31.800	89	88	89
A0A0C5LDD5_Q75_lDDT	A0A0C5LQ34_Q75_lDDT.pdb	9.839E-01	9.515E-01	9.515E-01	36.300	89	88	89
A0A0C5LDD5_Q75_lDDT	AF-Q9AEF9-F1-model_v4_Q75_lDDT.pdb	9.758E-01	9.544E-01	9.440E-01	29.200	89	89	90
A0A0C5LDD5_Q75_lDDT	AF-K4GMK0-F1-model_v4_Q75_lDDT.pdb	9.745E-01	9.531E-01	9.428E-01	29.200	89	89	90
A0A0C5LDD5_Q75_lDDT	AF-K4GMG4-F1-model_v4_Q75_lDDT.pdb	9.817E-01	9.495E-01	9.495E-01	28.400	89	88	89
A0A0C5LDD5_Q75_lDDT	A0A059Q5E8_Q75_lDDT.pdb	9.807E-01	9.486E-01	9.486E-01	29.500	89	88	89
A0A0C5LDD5_Q75_lDDT	AF-K4GMG9-F1-model_v6_Q75_lDDT.pdb	9.718E-01	9.506E-01	9.403E-01	24.700	89	89	90
A0A0C5LDD5_Q75_lDDT	NWM_Q75_lDDT.pdb	9.718E-01	9.505E-01	9.402E-01	25.800	89	89	90
A0A0C5LDD5_Q75_lDDT	AF-A0A1L6K5Y8-F1-model_v4_Q75_lDDT.pdb	9.719E-01	9.506E-01	9.403E-01	28.000	89	89	90
A0A0C5LDD5_Q75_lDDT	AF-K4GMF9-F1-model_v4_Q75_lDDT.pdb	9.714E-01	9.502E-01	9.399E-01	26.900	89	89	90
A0A0C5LDD5_Q75_lDDT	B5L5V0_Q75_lDDT.pdb	9.703E-01	9.491E-01	9.389E-01	30.300	89	89	90
A0A0C5LDD5_Q75_lDDT	AF-A0A1L6K5X8-F1-model_v4_Q75_lDDT.pdb	9.688E-01	9.479E-01	9.479E-01	26.100	89	88	89
A0A0C5LDD5_Q75_lDDT	ECM-1_Q75_lDDT.pdb	9.693E-01	9.481E-01	9.379E-01	29.200	89	89	90
A0A0C5LDD5_Q75_lDDT	B5L5V3_Q75_lDDT.pdb	9.760E-01	9.442E-01	9.442E-01	34.000	89	88	89
A0A0C5LDD5_Q75_lDDT	B5DCA0_Q75_lDDT.pdb	9.759E-01	9.441E-01	9.441E-01	29.500	89	88	89
A0A0C5LDD5_Q75_lDDT	PJM-1_Q75_lDDT.pdb	9.758E-01	9.440E-01	9.440E-01	28.400	89	88	89
A0A0C5LDD5_Q75_lDDT	G5ELM3_Q75_lDDT.pdb	9.751E-01	9.433E-01	9.433E-01	29.500	89	88	89
A0A0C5LDD5_Q75_lDDT	U3U4Q6_Q75_lDDT.pdb	9.705E-01	9.495E-01	9.394E-01	26.100	89	88	90
A0A0C5LDD5_Q75_lDDT	AF-A0A4D6P0I4-F1-model_v4_Q75_lDDT.pdb	9.704E-01	9.494E-01	9.392E-01	26.100	89	88	90
A0A0C5LDD5_Q75_lDDT	AF-A0A0D6SYW3-F1-model_v4_Q75_lDDT.pdb	9.704E-01	9.494E-01	9.392E-01	26.100	89	88	90
A0A0C5LDD5_Q75_lDDT	AF-A0A1L5BQA7-F1-model_v4_Q75_lDDT.pdb	9.786E-01	9.360E-01	9.463E-01	31.800	89	88	88
A0A0C5LDD5_Q75_lDDT	Q9JRP7_Q75_lDDT.pdb	9.566E-01	9.360E-01	9.360E-01	25.000	89	88	89
A0A0C5LDD5_Q75_lDDT	GRD33_Q75_lDDT.pdb	9.574E-01	9.367E-01	9.267E-01	26.900	89	89	90
A0A0C5LDD5_Q75_lDDT	AF-A0A1L6K5Z8-F1-model_v4_Q75_lDDT.pdb	9.565E-01	9.359E-01	9.259E-01	24.700	89	89	90
A0A0C5LDD5_Q75_lDDT	AF-Q6D395-F1-model_v4_Q75_lDDT.pdb	9.639E-01	9.225E-01	9.325E-01	30.600	89	88	88
A0A0C5LDD5_Q75_lDDT	B3SU1_Q75_lDDT.pdb	9.574E-01	9.163E-01	9.262E-01	27.200	89	88	88
A0A0C5LDH9_Q75_lDDT	A0A0C5LDH9_Q75_lDDT.pdb	1.011E+00	1.000E+00	1.000E+00	100.000	89	89	89
A0A0C5LDH9_Q75_lDDT	G5ELM3_Q75_lDDT.pdb	1.005E+00	9.711E-01	9.711E-01	62.000	89	87	89
A0A0C5LDH9_Q75_lDDT	AF-Q9AEF9-F1-model_v4_Q75_lDDT.pdb	1.005E+00	9.716E-01	9.609E-01	54.500	89	88	90
A0A0C5LDH9_Q75_lDDT	A0A059Q5E8_Q75_lDDT.pdb	1.001E+00	9.674E-01	9.674E-01	65.500	89	87	89
A0A0C5LDH9_Q75_lDDT	AF-A0A1L6K5Y8-F1-model_v4_Q75_lDDT.pdb	1.003E+00	9.693E-01	9.586E-01	55.600	89	88	90
A0A0C5LDH9_Q75_lDDT	B5L5V0_Q75_lDDT.pdb	1.002E+00	9.687E-01	9.581E-01	54.500	89	88	90
A0A0C5LDH9_Q75_lDDT	AF-A0A1L6K5Z9-F1-model_v4_Q75_lDDT.pdb	9.962E-01	9.631E-01	9.631E-01	52.800	89	87	89
A0A0C5LDH9_Q75_lDDT	B5L5V3_Q75_lDDT.pdb	9.949E-01	9.619E-01	9.619E-01	57.400	89	87	89
A0A0C5LDH9_Q75_lDDT	AF-K4GMK0-F1-model_v4_Q75_lDDT.pdb	9.976E-01	9.644E-01	9.538E-01	52.200	89	88	90
A0A0C5LDH9_Q75_lDDT	AF-A0A1L5BQA7-F1-model_v4_Q75_lDDT.pdb	9.977E-01	9.534E-01	9.641E-01	48.200	89	87	88
A0A0C5LDH9_Q75_lDDT	A0A386JBC5_Q75_lDDT.pdb	9.926E-01	9.597E-01	9.597E-01	54.000	89	87	89
A0A0C5LDH9_Q75_lDDT	AF-A8GGW7-F1-model_v4_Q75_lDDT.pdb	9.925E-01	9.597E-01	9.597E-01	46.500	89	88	89
A0A0C5LDH9_Q75_lDDT	NWM_Q75_lDDT.pdb	9.940E-01	9.611E-01	9.505E-01	46.500	89	88	90
A0A0C5LDH9_Q75_lDDT	AF-K4GMG4-F1-model_v4_Q75_lDDT.pdb	9.900E-01	9.573E-01	9.573E-01	47.100	89	87	89
A0A0C5LDH9_Q75_lDDT	Q9KJB6_Q75_lDDT.pdb	9.853E-01	9.529E-01	9.635E-01	37.500	89	88	88
A0A0C5LDH9_Q75_lDDT	Q9KJB1_Q75_lDDT.pdb	9.853E-01	9.529E-01	9.634E-01	34.000	89	88	88
A0A0C5LDH9_Q75_lDDT	Q9KJB4_Q75_lDDT.pdb	9.852E-01	9.528E-01	9.633E-01	37.500	89	88	88
A0A0C5LDH9_Q75_lDDT	Q9KJB3_Q75_lDDT.pdb	9.850E-01	9.526E-01	9.632E-01	36.300	89	88	88
A0A0C5LDH9_Q75_lDDT	Q9KJB5_Q75_lDDT.pdb	9.849E-01	9.526E-01	9.631E-01	36.300	89	88	88
A0A0C5LDH9_Q75_lDDT	B5DCA0_Q75_lDDT.pdb	9.882E-01	9.556E-01	9.556E-01	55.100	89	87	89
A0A0C5LDH9_Q75_lDDT	Q9KJB2_Q75_lDDT.pdb	9.841E-01	9.518E-01	9.623E-01	35.200	89	88	88
A0A0C5LDH9_Q75_lDDT	PJM-1_Q75_lDDT.pdb	9.866E-01	9.541E-01	9.541E-01	55.100	89	87	89
A0A0C5LDH9_Q75_lDDT	A0A0C5LQ34_Q75_lDDT.pdb	9.825E-01	9.499E-01	9.499E-01	45.400	89	88	89
A0A0C5LDH9_Q75_lDDT	A0A0C5LDD9_Q75_lDDT.pdb	9.897E-01	9.570E-01	9.466E-01	36.300	89	88	90
A0A0C5LDH9_Q75_lDDT	Q4JRB6_Q75_lDDT.pdb	9.859E-01	9.535E-01	9.535E-01	35.200	89	88	89
A0A0C5LDH9_Q75_lDDT	A0A0C5L392_Q75_lDDT.pdb	9.856E-01	9.532E-01	9.532E-01	32.900	89	88	89
A0A0C5LDH9_Q75_lDDT	Q6DTJ0_Q75_lDDT.pdb	9.852E-01	9.528E-01	9.528E-01	35.200	89	88	89
A0A0C5LDH9_Q75_lDDT	Q6DTI9_Q75_lDDT.pdb	9.852E-01	9.528E-01	9.528E-01	36.300	89	88	89
A0A0C5LDH9_Q75_lDDT	Q6V8J2_Q75_lDDT.pdb	9.850E-01	9.526E-01	9.526E-01	36.300	89	88	89
A0A0C5LDH9_Q75_lDDT	Q9RB00_Q75_lDDT.pdb	9.850E-01	9.526E-01	9.526E-01	36.300	89	88	89
A0A0C5LDH9_Q75_lDDT	Q5EEU4_Q75_lDDT.pdb	9.849E-01	9.526E-01	9.526E-01	37.500	89	88	89
A0A0C5LDH9_Q75_lDDT	B5L5V9_Q75_lDDT.pdb	9.888E-01	9.453E-01	9.558E-01	42.500	89	87	88
A0A0C5LDH9_Q75_lDDT	A0A0C5LDD5_Q75_lDDT.pdb	9.845E-01	9.521E-01	9.521E-01	31.800	89	88	89
A0A0C5LDH9_Q75_lDDT	Q6DTI7_Q75_lDDT.pdb	9.844E-01	9.521E-01	9.521E-01	37.500	89	88	89
A0A0C5LDH9_Q75_lDDT	B5L5V5_Q75_lDDT.pdb	9.877E-01	9.552E-01	9.448E-01	34.000	89	88	90
A0A0C5LDH9_Q75_lDDT	AF-A0A1L6K5Z8-F1-model_v4_Q75_lDDT.pdb	9.874E-01	9.549E-01	9.445E-01	51.100	89	88	90
A0A0C5LDH9_Q75_lDDT	GRD33_Q75_lDDT.pdb	9.873E-01	9.548E-01	9.444E-01	48.800	89	88	90
A0A0C5LDH9_Q75_lDDT	AF-K4GMG9-F1-model_v6_Q75_lDDT.pdb	9.869E-01	9.544E-01	9.440E-01	45.400	89	88	90
A0A0C5LDH9_Q75_lDDT	AF-A0A0D0GMS0-F1-model_v4_Q75_lDDT.pdb	9.871E-01	9.546E-01	9.443E-01	38.600	89	88	90
A0A0C5LDH9_Q75_lDDT	B5L5X0_Q75_lDDT.pdb	9.869E-01	9.544E-01	9.440E-01	37.500	89	88	90
A0A0C5LDH9_Q75_lDDT	A0A0C5LQ44_Q75_lDDT.pdb	9.827E-01	9.505E-01	9.505E-01	35.200	89	88	89
A0A0C5LDH9_Q75_lDDT	B3SU2_Q75_lDDT.pdb	9.856E-01	9.532E-01	9.428E-01	46.500	89	88	90
A0A0C5LDH9_Q75_lDDT	AF-K4GMF9-F1-model_v4_Q75_lDDT.pdb	9.848E-01	9.524E-01	9.421E-01	45.400	89	88	90
A0A0C5LDH9_Q75_lDDT	Q6DTI4_Q75_lDDT.pdb	9.849E-01	9.525E-01	9.422E-01	34.000	89	88	90
A0A0C5LDH9_Q75_lDDT	Q6DTI5_Q75_lDDT.pdb	9.847E-01	9.524E-01	9.420E-01	34.000	89	88	90
A0A0C5LDH9_Q75_lDDT	Q5S4Q5_Q75_lDDT.pdb	9.847E-01	9.523E-01	9.420E-01	34.000	89	88	90
A0A0C5LDH9_Q75_lDDT	Q6DTI8_Q75_lDDT.pdb	9.845E-01	9.521E-01	9.418E-01	35.200	89	88	90
A0A0C5LDH9_Q75_lDDT	ECM-1_Q75_lDDT.pdb	9.839E-01	9.516E-01	9.412E-01	40.900	89	88	90
A0A0C5LDH9_Q75_lDDT	Q9K578_Q75_lDDT.pdb	9.837E-01	9.514E-01	9.411E-01	44.300	89	88	90
A0A0C5LDH9_Q75_lDDT	Q8KKG1_Q75_lDDT.pdb	9.832E-01	9.509E-01	9.406E-01	38.600	89	88	90
A0A0C5LDH9_Q75_lDDT	AF-Q89GW5-F1-model_v4_Q75_lDDT.pdb	9.753E-01	9.436E-01	9.436E-01	44.300	89	88	89
A0A0C5LDH9_Q75_lDDT	MBL1b_Q75_lDDT.pdb	9.778E-01	9.458E-01	9.357E-01	38.600	89	88	90
A0A0C5LDH9_Q75_lDDT	AF-A0A1L6K5X8-F1-model_v4_Q75_lDDT.pdb	9.699E-01	9.385E-01	9.385E-01	46.500	89	88	89
A0A0C5LDH9_Q75_lDDT	B5L5W3_Q75_lDDT.pdb	9.660E-01	9.243E-01	9.447E-01	33.300	89	87	87
A0A0C5LDH9_Q75_lDDT	AF-A0A4D6P0I4-F1-model_v4_Q75_lDDT.pdb	9.691E-01	9.377E-01	9.276E-01	37.500	89	88	90
A0A0C5LDH9_Q75_lDDT	AF-A0A0D6SYW3-F1-model_v4_Q75_lDDT.pdb	9.690E-01	9.376E-01	9.276E-01	37.500	89	88	90
A0A0C5LDH9_Q75_lDDT	B5L5V2_Q75_lDDT.pdb	9.683E-01	9.265E-01	9.366E-01	37.900	89	87	88
A0A0C5LDH9_Q75_lDDT	AF-Q6D395-F1-model_v4_Q75_lDDT.pdb	9.668E-01	9.252E-01	9.352E-01	35.600	89	87	88
A0A0C5LDH9_Q75_lDDT	U3U4Q6_Q75_lDDT.pdb	9.652E-01	9.340E-01	9.241E-01	40.900	89	88	90
A0A0C5LDH9_Q75_lDDT	B3SU1_Q75_lDDT.pdb	9.626E-01	9.210E-01	9.310E-01	39.000	89	87	88
A0A0C5LDH9_Q75_lDDT	Q9JRP7_Q75_lDDT.pdb	9.498E-01	9.192E-01	9.192E-01	38.600	89	88	89
A0A0C5LQ44_Q75_lDDT	A0A0C5LQ44_Q75_lDDT.pdb	1.011E+00	1.000E+00	1.000E+00	100.000	89	89	89
A0A0C5LQ44_Q75_lDDT	A0A0C5LDD5_Q75_lDDT.pdb	1.008E+00	9.969E-01	9.969E-01	89.800	89	89	89
A0A0C5LQ44_Q75_lDDT	Q9KJB1_Q75_lDDT.pdb	1.008E+00	9.851E-01	9.962E-01	78.400	89	88	88
A0A0C5LQ44_Q75_lDDT	Q9KJB6_Q75_lDDT.pdb	1.007E+00	9.849E-01	9.961E-01	79.500	89	88	88
A0A0C5LQ44_Q75_lDDT	Q9KJB5_Q75_lDDT.pdb	1.007E+00	9.849E-01	9.961E-01	79.500	89	88	88
A0A0C5LQ44_Q75_lDDT	Q9KJB3_Q75_lDDT.pdb	1.007E+00	9.848E-01	9.960E-01	78.400	89	88	88
A0A0C5LQ44_Q75_lDDT	Q9KJB4_Q75_lDDT.pdb	1.007E+00	9.848E-01	9.959E-01	80.600	89	88	88
A0A0C5LQ44_Q75_lDDT	Q9RB00_Q75_lDDT.pdb	1.002E+00	9.912E-01	9.912E-01	80.800	89	89	89
A0A0C5LQ44_Q75_lDDT	Q9KJB2_Q75_lDDT.pdb	1.007E+00	9.844E-01	9.955E-01	79.500	89	88	88
A0A0C5LQ44_Q75_lDDT	A0A0C5L392_Q75_lDDT.pdb	1.000E+00	9.890E-01	9.890E-01	84.200	89	89	89
A0A0C5LQ44_Q75_lDDT	Q6DTI7_Q75_lDDT.pdb	1.001E+00	9.895E-01	9.895E-01	79.700	89	89	89
A0A0C5LQ44_Q75_lDDT	Q6DTI9_Q75_lDDT.pdb	1.000E+00	9.890E-01	9.890E-01	79.700	89	89	89
A0A0C5LQ44_Q75_lDDT	Q6V8J2_Q75_lDDT.pdb	1.000E+00	9.889E-01	9.889E-01	79.700	89	89	89
A0A0C5LQ44_Q75_lDDT	Q5EEU4_Q75_lDDT.pdb	9.997E-01	9.885E-01	9.885E-01	80.800	89	89	89
A0A0C5LQ44_Q75_lDDT	Q6DTJ0_Q75_lDDT.pdb	9.995E-01	9.883E-01	9.883E-01	78.600	89	89	89
A0A0C5LQ44_Q75_lDDT	Q4JRB6_Q75_lDDT.pdb	9.988E-01	9.876E-01	9.876E-01	82.000	89	89	89
A0A0C5LQ44_Q75_lDDT	AF-A0A0D0GMS0-F1-model_v4_Q75_lDDT.pdb	1.005E+00	9.934E-01	9.825E-01	70.000	89	90	90
A0A0C5LQ44_Q75_lDDT	Q6DTI4_Q75_lDDT.pdb	9.991E-01	9.879E-01	9.770E-01	78.800	89	90	90
A0A0C5LQ44_Q75_lDDT	B5L5X0_Q75_lDDT.pdb	1.009E+00	9.861E-01	9.751E-01	72.700	89	88	90
A0A0C5LQ44_Q75_lDDT	Q6DTI8_Q75_lDDT.pdb	9.985E-01	9.874E-01	9.765E-01	77.700	89	90	90
A0A0C5LQ44_Q75_lDDT	Q6DTI5_Q75_lDDT.pdb	9.984E-01	9.872E-01	9.763E-01	78.800	89	90	90
A0A0C5LQ44_Q75_lDDT	A0A0C5LDD9_Q75_lDDT.pdb	1.009E+00	9.860E-01	9.751E-01	69.300	89	88	90
A0A0C5LQ44_Q75_lDDT	Q5S4Q5_Q75_lDDT.pdb	9.983E-01	9.871E-01	9.762E-01	78.800	89	90	90
A0A0C5LQ44_Q75_lDDT	B5L5V5_Q75_lDDT.pdb	1.009E+00	9.859E-01	9.750E-01	68.100	89	88	90
A0A0C5LQ44_Q75_lDDT	B5L5V9_Q75_lDDT.pdb	1.008E+00	9.629E-01	9.738E-01	59.000	89	88	88
A0A0C5LQ44_Q75_lDDT	B3SU2_Q75_lDDT.pdb	9.982E-01	9.760E-01	9.653E-01	52.200	89	88	90
A0A0C5LQ44_Q75_lDDT	Q9K578_Q75_lDDT.pdb	9.960E-01	9.740E-01	9.633E-01	54.500	89	88	90
A0A0C5LQ44_Q75_lDDT	AF-A8GGW7-F1-model_v4_Q75_lDDT.pdb	9.879E-01	9.662E-01	9.662E-01	37.500	89	88	89
A0A0C5LQ44_Q75_lDDT	AF-Q89GW5-F1-model_v4_Q75_lDDT.pdb	9.870E-01	9.654E-01	9.654E-01	44.300	89	88	89
A0A0C5LQ44_Q75_lDDT	Q8KKG1_Q75_lDDT.pdb	9.884E-01	9.667E-01	9.562E-01	36.300	89	88	90
A0A0C5LQ44_Q75_lDDT	MBL1b_Q75_lDDT.pdb	9.834E-01	9.619E-01	9.515E-01	36.300	89	88	90
A0A0C5LQ44_Q75_lDDT	B5L5W3_Q75_lDDT.pdb	9.846E-01	9.414E-01	9.625E-01	50.000	89	88	87
A0A0C5LQ44_Q75_lDDT	AF-A0A1L6K5Z9-F1-model_v4_Q75_lDDT.pdb	9.841E-01	9.517E-01	9.517E-01	34.000	89	88	89
A0A0C5LQ44_Q75_lDDT	B5L5V2_Q75_lDDT.pdb	9.869E-01	9.435E-01	9.540E-01	54.500	89	88	88
A0A0C5LQ44_Q75_lDDT	AF-Q9AEF9-F1-model_v4_Q75_lDDT.pdb	9.757E-01	9.542E-01	9.439E-01	33.700	89	89	90
A0A0C5LQ44_Q75_lDDT	A0A0C5LDH9_Q75_lDDT.pdb	9.827E-01	9.505E-01	9.505E-01	35.200	89	88	89
A0A0C5LQ44_Q75_lDDT	A0A386JBC5_Q75_lDDT.pdb	9.821E-01	9.498E-01	9.498E-01	37.500	89	88	89
A0A0C5LQ44_Q75_lDDT	A0A0C5LQ34_Q75_lDDT.pdb	9.820E-01	9.498E-01	9.498E-01	38.600	89	88	89
A0A0C5LQ44_Q75_lDDT	A0A059Q5E8_Q75_lDDT.pdb	9.814E-01	9.493E-01	9.493E-01	34.000	89	88	89
A0A0C5LQ44_Q75_lDDT	AF-K4GMK0-F1-model_v4_Q75_lDDT.pdb	9.717E-01	9.504E-01	9.402E-01	31.400	89	89	90
A0A0C5LQ44_Q75_lDDT	AF-K4GMG4-F1-model_v4_Q75_lDDT.pdb	9.782E-01	9.463E-01	9.463E-01	32.900	89	88	89
A0A0C5LQ44_Q75_lDDT	AF-K4GMG9-F1-model_v6_Q75_lDDT.pdb	9.708E-01	9.496E-01	9.393E-01	26.900	89	89	90
A0A0C5LQ44_Q75_lDDT	AF-K4GMF9-F1-model_v4_Q75_lDDT.pdb	9.706E-01	9.494E-01	9.391E-01	29.200	89	89	90
A0A0C5LQ44_Q75_lDDT	AF-A0A1L6K5X8-F1-model_v4_Q75_lDDT.pdb	9.691E-01	9.482E-01	9.482E-01	26.100	89	88	89
A0A0C5LQ44_Q75_lDDT	AF-A0A1L6K5Y8-F1-model_v4_Q75_lDDT.pdb	9.700E-01	9.488E-01	9.386E-01	31.400	89	89	90
A0A0C5LQ44_Q75_lDDT	ECM-1_Q75_lDDT.pdb	9.693E-01	9.481E-01	9.379E-01	30.300	89	89	90
A0A0C5LQ44_Q75_lDDT	B5DCA0_Q75_lDDT.pdb	9.762E-01	9.444E-01	9.444E-01	34.000	89	88	89
A0A0C5LQ44_Q75_lDDT	PJM-1_Q75_lDDT.pdb	9.757E-01	9.439E-01	9.439E-01	34.000	89	88	89
A0A0C5LQ44_Q75_lDDT	B5L5V0_Q75_lDDT.pdb	9.676E-01	9.465E-01	9.363E-01	32.500	89	89	90
A0A0C5LQ44_Q75_lDDT	NWM_Q75_lDDT.pdb	9.675E-01	9.464E-01	9.362E-01	30.300	89	89	90
A0A0C5LQ44_Q75_lDDT	B5L5V3_Q75_lDDT.pdb	9.737E-01	9.420E-01	9.420E-01	37.500	89	88	89
A0A0C5LQ44_Q75_lDDT	G5ELM3_Q75_lDDT.pdb	9.733E-01	9.417E-01	9.417E-01	30.600	89	88	89
A0A0C5LQ44_Q75_lDDT	AF-A0A4D6P0I4-F1-model_v4_Q75_lDDT.pdb	9.684E-01	9.474E-01	9.373E-01	28.400	89	88	90
A0A0C5LQ44_Q75_lDDT	AF-A0A0D6SYW3-F1-model_v4_Q75_lDDT.pdb	9.684E-01	9.474E-01	9.373E-01	28.400	89	88	90
A0A0C5LQ44_Q75_lDDT	U3U4Q6_Q75_lDDT.pdb	9.679E-01	9.470E-01	9.369E-01	29.500	89	88	90
A0A0C5LQ44_Q75_lDDT	AF-A0A1L5BQA7-F1-model_v4_Q75_lDDT.pdb	9.766E-01	9.341E-01	9.444E-01	32.900	89	88	88
A0A0C5LQ44_Q75_lDDT	Q9JRP7_Q75_lDDT.pdb	9.557E-01	9.351E-01	9.351E-01	25.000	89	88	89
A0A0C5LQ44_Q75_lDDT	GRD33_Q75_lDDT.pdb	9.542E-01	9.336E-01	9.237E-01	29.200	89	89	90
A0A0C5LQ44_Q75_lDDT	AF-A0A1L6K5Z8-F1-model_v4_Q75_lDDT.pdb	9.535E-01	9.330E-01	9.231E-01	25.800	89	89	90
A0A0C5LQ44_Q75_lDDT	AF-Q6D395-F1-model_v4_Q75_lDDT.pdb	9.598E-01	9.187E-01	9.286E-01	31.800	89	88	88
A0A0C5LQ44_Q75_lDDT	B3SU1_Q75_lDDT.pdb	9.528E-01	9.120E-01	9.219E-01	30.600	89	88	88
AF-A0A0D0GMS0-F1-model_v4_Q75_lDDT	AF-A0A0D0GMS0-F1-model_v4_Q75_lDDT.pdb	1.011E+00	1.000E+00	1.000E+00	100.000	90	90	90
AF-A0A0D0GMS0-F1-model_v4_Q75_lDDT	A0A0C5LDD5_Q75_lDDT.pdb	1.005E+00	9.829E-01	9.939E-01	72.200	90	90	89
AF-A0A0D0GMS0-F1-model_v4_Q75_lDDT	Q6DTI4_Q75_lDDT.pdb	9.997E-01	9.886E-01	9.886E-01	73.300	90	90	90
AF-A0A0D0GMS0-F1-model_v4_Q75_lDDT	Q9KJB5_Q75_lDDT.pdb	1.009E+00	9.753E-01	9.974E-01	73.800	90	88	88
AF-A0A0D0GMS0-F1-model_v4_Q75_lDDT	Q9KJB6_Q75_lDDT.pdb	1.009E+00	9.753E-01	9.974E-01	71.500	90	88	88
AF-A0A0D0GMS0-F1-model_v4_Q75_lDDT	A0A0C5LQ44_Q75_lDDT.pdb	1.005E+00	9.825E-01	9.934E-01	70.000	90	90	89
AF-A0A0D0GMS0-F1-model_v4_Q75_lDDT	Q9KJB3_Q75_lDDT.pdb	1.009E+00	9.752E-01	9.973E-01	72.700	90	88	88
AF-A0A0D0GMS0-F1-model_v4_Q75_lDDT	Q9KJB1_Q75_lDDT.pdb	1.009E+00	9.752E-01	9.973E-01	71.500	90	88	88
AF-A0A0D0GMS0-F1-model_v4_Q75_lDDT	Q9KJB4_Q75_lDDT.pdb	1.009E+00	9.751E-01	9.972E-01	71.500	90	88	88
AF-A0A0D0GMS0-F1-model_v4_Q75_lDDT	Q9KJB2_Q75_lDDT.pdb	1.008E+00	9.749E-01	9.970E-01	70.400	90	88	88
AF-A0A0D0GMS0-F1-model_v4_Q75_lDDT	Q5S4Q5_Q75_lDDT.pdb	9.983E-01	9.873E-01	9.873E-01	73.300	90	90	90
AF-A0A0D0GMS0-F1-model_v4_Q75_lDDT	Q6DTI5_Q75_lDDT.pdb	9.983E-01	9.873E-01	9.873E-01	73.300	90	90	90
AF-A0A0D0GMS0-F1-model_v4_Q75_lDDT	Q6DTI8_Q75_lDDT.pdb	9.981E-01	9.870E-01	9.870E-01	72.200	90	90	90
AF-A0A0D0GMS0-F1-model_v4_Q75_lDDT	A0A0C5L392_Q75_lDDT.pdb	1.001E+00	9.788E-01	9.897E-01	72.200	90	90	89
AF-A0A0D0GMS0-F1-model_v4_Q75_lDDT	Q9RB00_Q75_lDDT.pdb	1.001E+00	9.792E-01	9.901E-01	71.100	90	90	89
AF-A0A0D0GMS0-F1-model_v4_Q75_lDDT	Q5EEU4_Q75_lDDT.pdb	1.000E+00	9.783E-01	9.893E-01	71.100	90	90	89
AF-A0A0D0GMS0-F1-model_v4_Q75_lDDT	Q6DTI9_Q75_lDDT.pdb	1.001E+00	9.785E-01	9.894E-01	73.300	90	90	89
AF-A0A0D0GMS0-F1-model_v4_Q75_lDDT	Q6DTI7_Q75_lDDT.pdb	1.001E+00	9.785E-01	9.895E-01	73.300	90	90	89
AF-A0A0D0GMS0-F1-model_v4_Q75_lDDT	Q6V8J2_Q75_lDDT.pdb	1.000E+00	9.783E-01	9.893E-01	73.300	90	90	89
AF-A0A0D0GMS0-F1-model_v4_Q75_lDDT	Q6DTJ0_Q75_lDDT.pdb	1.000E+00	9.780E-01	9.889E-01	73.300	90	90	89
AF-A0A0D0GMS0-F1-model_v4_Q75_lDDT	Q4JRB6_Q75_lDDT.pdb	9.975E-01	9.769E-01	9.878E-01	72.200	90	90	89
AF-A0A0D0GMS0-F1-model_v4_Q75_lDDT	A0A0C5LDD9_Q75_lDDT.pdb	1.002E+00	9.796E-01	9.796E-01	77.500	90	89	90
AF-A0A0D0GMS0-F1-model_v4_Q75_lDDT	B5L5X0_Q75_lDDT.pdb	9.998E-01	9.777E-01	9.777E-01	77.500	90	89	90
AF-A0A0D0GMS0-F1-model_v4_Q75_lDDT	B5L5V5_Q75_lDDT.pdb	1.001E+00	9.788E-01	9.788E-01	77.500	90	89	90
AF-A0A0D0GMS0-F1-model_v4_Q75_lDDT	B3SU2_Q75_lDDT.pdb	1.002E+00	9.693E-01	9.693E-01	59.000	90	88	90
AF-A0A0D0GMS0-F1-model_v4_Q75_lDDT	B5L5V9_Q75_lDDT.pdb	1.010E+00	9.536E-01	9.752E-01	73.800	90	88	88
AF-A0A0D0GMS0-F1-model_v4_Q75_lDDT	Q9K578_Q75_lDDT.pdb	9.995E-01	9.666E-01	9.666E-01	53.400	90	88	90
AF-A0A0D0GMS0-F1-model_v4_Q75_lDDT	AF-Q89GW5-F1-model_v4_Q75_lDDT.pdb	9.897E-01	9.574E-01	9.679E-01	45.400	90	88	89
AF-A0A0D0GMS0-F1-model_v4_Q75_lDDT	AF-A8GGW7-F1-model_v4_Q75_lDDT.pdb	9.890E-01	9.568E-01	9.673E-01	37.500	90	88	89
AF-A0A0D0GMS0-F1-model_v4_Q75_lDDT	Q8KKG1_Q75_lDDT.pdb	9.901E-01	9.577E-01	9.577E-01	37.500	90	88	90
AF-A0A0D0GMS0-F1-model_v4_Q75_lDDT	MBL1b_Q75_lDDT.pdb	9.855E-01	9.535E-01	9.535E-01	37.500	90	88	90
AF-A0A0D0GMS0-F1-model_v4_Q75_lDDT	A0A386JBC5_Q75_lDDT.pdb	9.877E-01	9.447E-01	9.551E-01	37.500	90	88	89
AF-A0A0D0GMS0-F1-model_v4_Q75_lDDT	AF-A0A1L6K5Z9-F1-model_v4_Q75_lDDT.pdb	9.871E-01	9.443E-01	9.546E-01	35.200	90	88	89
AF-A0A0D0GMS0-F1-model_v4_Q75_lDDT	A0A0C5LDH9_Q75_lDDT.pdb	9.871E-01	9.443E-01	9.546E-01	38.600	90	88	89
AF-A0A0D0GMS0-F1-model_v4_Q75_lDDT	A0A0C5LQ34_Q75_lDDT.pdb	9.870E-01	9.441E-01	9.545E-01	46.500	90	88	89
AF-A0A0D0GMS0-F1-model_v4_Q75_lDDT	B5L5W3_Q75_lDDT.pdb	9.860E-01	9.325E-01	9.639E-01	47.700	90	88	87
AF-A0A0D0GMS0-F1-model_v4_Q75_lDDT	B5L5V2_Q75_lDDT.pdb	9.885E-01	9.347E-01	9.555E-01	51.100	90	88	88
AF-A0A0D0GMS0-F1-model_v4_Q75_lDDT	AF-Q9AEF9-F1-model_v4_Q75_lDDT.pdb	9.776E-01	9.457E-01	9.457E-01	33.700	90	89	90
AF-A0A0D0GMS0-F1-model_v4_Q75_lDDT	AF-K4GMK0-F1-model_v4_Q75_lDDT.pdb	9.772E-01	9.454E-01	9.454E-01	33.700	90	89	90
AF-A0A0D0GMS0-F1-model_v4_Q75_lDDT	A0A059Q5E8_Q75_lDDT.pdb	9.838E-01	9.412E-01	9.515E-01	35.200	90	88	89
AF-A0A0D0GMS0-F1-model_v4_Q75_lDDT	AF-K4GMG4-F1-model_v4_Q75_lDDT.pdb	9.834E-01	9.408E-01	9.511E-01	37.500	90	88	89
AF-A0A0D0GMS0-F1-model_v4_Q75_lDDT	AF-K4GMF9-F1-model_v4_Q75_lDDT.pdb	9.743E-01	9.426E-01	9.426E-01	31.400	90	89	90
AF-A0A0D0GMS0-F1-model_v4_Q75_lDDT	AF-K4GMG9-F1-model_v6_Q75_lDDT.pdb	9.741E-01	9.424E-01	9.424E-01	28.000	90	89	90
AF-A0A0D0GMS0-F1-model_v4_Q75_lDDT	B5L5V3_Q75_lDDT.pdb	9.804E-01	9.381E-01	9.483E-01	37.500	90	88	89
AF-A0A0D0GMS0-F1-model_v4_Q75_lDDT	ECM-1_Q75_lDDT.pdb	9.730E-01	9.413E-01	9.413E-01	26.900	90	89	90
AF-A0A0D0GMS0-F1-model_v4_Q75_lDDT	AF-A0A1L6K5Y8-F1-model_v4_Q75_lDDT.pdb	9.729E-01	9.413E-01	9.413E-01	34.800	90	89	90
AF-A0A0D0GMS0-F1-model_v4_Q75_lDDT	AF-A0A1L6K5X8-F1-model_v4_Q75_lDDT.pdb	9.715E-01	9.402E-01	9.504E-01	28.400	90	88	89
AF-A0A0D0GMS0-F1-model_v4_Q75_lDDT	B5L5V0_Q75_lDDT.pdb	9.723E-01	9.407E-01	9.407E-01	33.700	90	89	90
AF-A0A0D0GMS0-F1-model_v4_Q75_lDDT	NWM_Q75_lDDT.pdb	9.714E-01	9.399E-01	9.399E-01	32.500	90	89	90
AF-A0A0D0GMS0-F1-model_v4_Q75_lDDT	AF-A0A1L5BQA7-F1-model_v4_Q75_lDDT.pdb	9.813E-01	9.283E-01	9.488E-01	35.200	90	88	88
AF-A0A0D0GMS0-F1-model_v4_Q75_lDDT	G5ELM3_Q75_lDDT.pdb	9.770E-01	9.349E-01	9.451E-01	32.900	90	88	89
AF-A0A0D0GMS0-F1-model_v4_Q75_lDDT	AF-A0A4D6P0I4-F1-model_v4_Q75_lDDT.pdb	9.724E-01	9.411E-01	9.411E-01	28.400	90	88	90
AF-A0A0D0GMS0-F1-model_v4_Q75_lDDT	AF-A0A0D6SYW3-F1-model_v4_Q75_lDDT.pdb	9.723E-01	9.410E-01	9.410E-01	28.400	90	88	90
AF-A0A0D0GMS0-F1-model_v4_Q75_lDDT	PJM-1_Q75_lDDT.pdb	9.768E-01	9.348E-01	9.449E-01	31.800	90	88	89
AF-A0A0D0GMS0-F1-model_v4_Q75_lDDT	B5DCA0_Q75_lDDT.pdb	9.769E-01	9.349E-01	9.450E-01	31.800	90	88	89
AF-A0A0D0GMS0-F1-model_v4_Q75_lDDT	U3U4Q6_Q75_lDDT.pdb	9.717E-01	9.405E-01	9.405E-01	29.500	90	88	90
AF-A0A0D0GMS0-F1-model_v4_Q75_lDDT	Q9JRP7_Q75_lDDT.pdb	9.580E-01	9.273E-01	9.373E-01	27.200	90	88	89
AF-A0A0D0GMS0-F1-model_v4_Q75_lDDT	GRD33_Q75_lDDT.pdb	9.572E-01	9.265E-01	9.265E-01	26.900	90	89	90
AF-A0A0D0GMS0-F1-model_v4_Q75_lDDT	AF-A0A1L6K5Z8-F1-model_v4_Q75_lDDT.pdb	9.566E-01	9.260E-01	9.260E-01	26.900	90	89	90
AF-A0A0D0GMS0-F1-model_v4_Q75_lDDT	AF-Q6D395-F1-model_v4_Q75_lDDT.pdb	9.652E-01	9.139E-01	9.337E-01	32.900	90	88	88
AF-A0A0D0GMS0-F1-model_v4_Q75_lDDT	B3SU1_Q75_lDDT.pdb	9.590E-01	9.079E-01	9.277E-01	31.800	90	88	88
AF-A0A1L6K5Y8-F1-model_v4_Q75_lDDT	AF-A0A1L6K5Y8-F1-model_v4_Q75_lDDT.pdb	1.011E+00	1.000E+00	1.000E+00	100.000	90	90	90
AF-A0A1L6K5Y8-F1-model_v4_Q75_lDDT	B5L5V0_Q75_lDDT.pdb	1.005E+00	9.719E-01	9.719E-01	63.600	90	88	90
AF-A0A1L6K5Y8-F1-model_v4_Q75_lDDT	AF-Q9AEF9-F1-model_v4_Q75_lDDT.pdb	1.005E+00	9.715E-01	9.715E-01	70.400	90	88	90
AF-A0A1L6K5Y8-F1-model_v4_Q75_lDDT	A0A0C5LDH9_Q75_lDDT.pdb	1.003E+00	9.586E-01	9.693E-01	55.600	90	88	89
AF-A0A1L6K5Y8-F1-model_v4_Q75_lDDT	A0A059Q5E8_Q75_lDDT.pdb	1.002E+00	9.579E-01	9.686E-01	68.100	90	88	89
AF-A0A1L6K5Y8-F1-model_v4_Q75_lDDT	G5ELM3_Q75_lDDT.pdb	1.002E+00	9.575E-01	9.681E-01	56.800	90	88	89
AF-A0A1L6K5Y8-F1-model_v4_Q75_lDDT	GRD33_Q75_lDDT.pdb	9.966E-01	9.639E-01	9.639E-01	64.700	90	88	90
AF-A0A1L6K5Y8-F1-model_v4_Q75_lDDT	AF-A0A1L6K5Z8-F1-model_v4_Q75_lDDT.pdb	9.958E-01	9.631E-01	9.631E-01	63.600	90	88	90
AF-A0A1L6K5Y8-F1-model_v4_Q75_lDDT	AF-K4GMK0-F1-model_v4_Q75_lDDT.pdb	9.955E-01	9.628E-01	9.628E-01	54.500	90	88	90
AF-A0A1L6K5Y8-F1-model_v4_Q75_lDDT	NWM_Q75_lDDT.pdb	9.943E-01	9.617E-01	9.617E-01	50.000	90	88	90
AF-A0A1L6K5Y8-F1-model_v4_Q75_lDDT	B5DCA0_Q75_lDDT.pdb	9.970E-01	9.533E-01	9.639E-01	60.200	90	88	89
AF-A0A1L6K5Y8-F1-model_v4_Q75_lDDT	AF-A0A1L6K5Z9-F1-model_v4_Q75_lDDT.pdb	9.970E-01	9.532E-01	9.638E-01	57.900	90	88	89
AF-A0A1L6K5Y8-F1-model_v4_Q75_lDDT	PJM-1_Q75_lDDT.pdb	9.953E-01	9.517E-01	9.623E-01	59.000	90	88	89
AF-A0A1L6K5Y8-F1-model_v4_Q75_lDDT	AF-A8GGW7-F1-model_v4_Q75_lDDT.pdb	9.838E-01	9.515E-01	9.620E-01	50.500	90	89	89
AF-A0A1L6K5Y8-F1-model_v4_Q75_lDDT	A0A386JBC5_Q75_lDDT.pdb	9.930E-01	9.496E-01	9.601E-01	51.100	90	88	89
AF-A0A1L6K5Y8-F1-model_v4_Q75_lDDT	AF-K4GMG9-F1-model_v6_Q75_lDDT.pdb	9.873E-01	9.551E-01	9.551E-01	45.400	90	88	90
AF-A0A1L6K5Y8-F1-model_v4_Q75_lDDT	B5L5V3_Q75_lDDT.pdb	9.910E-01	9.478E-01	9.582E-01	64.700	90	88	89
AF-A0A1L6K5Y8-F1-model_v4_Q75_lDDT	AF-K4GMG4-F1-model_v4_Q75_lDDT.pdb	9.886E-01	9.456E-01	9.560E-01	52.200	90	88	89
AF-A0A1L6K5Y8-F1-model_v4_Q75_lDDT	AF-K4GMF9-F1-model_v4_Q75_lDDT.pdb	9.842E-01	9.522E-01	9.522E-01	45.400	90	88	90
AF-A0A1L6K5Y8-F1-model_v4_Q75_lDDT	A0A0C5LQ34_Q75_lDDT.pdb	9.843E-01	9.412E-01	9.516E-01	50.500	90	89	89
AF-A0A1L6K5Y8-F1-model_v4_Q75_lDDT	AF-A0A1L5BQA7-F1-model_v4_Q75_lDDT.pdb	9.910E-01	9.369E-01	9.579E-01	48.800	90	88	88
AF-A0A1L6K5Y8-F1-model_v4_Q75_lDDT	Q9KJB1_Q75_lDDT.pdb	9.721E-01	9.405E-01	9.613E-01	33.700	90	89	88
AF-A0A1L6K5Y8-F1-model_v4_Q75_lDDT	ECM-1_Q75_lDDT.pdb	9.822E-01	9.503E-01	9.503E-01	43.100	90	88	90
AF-A0A1L6K5Y8-F1-model_v4_Q75_lDDT	Q9KJB4_Q75_lDDT.pdb	9.717E-01	9.402E-01	9.610E-01	33.700	90	89	88
AF-A0A1L6K5Y8-F1-model_v4_Q75_lDDT	Q9KJB6_Q75_lDDT.pdb	9.716E-01	9.400E-01	9.608E-01	33.700	90	89	88
AF-A0A1L6K5Y8-F1-model_v4_Q75_lDDT	Q9KJB3_Q75_lDDT.pdb	9.714E-01	9.399E-01	9.606E-01	34.800	90	89	88
AF-A0A1L6K5Y8-F1-model_v4_Q75_lDDT	Q9KJB5_Q75_lDDT.pdb	9.713E-01	9.398E-01	9.605E-01	35.900	90	89	88
AF-A0A1L6K5Y8-F1-model_v4_Q75_lDDT	Q9KJB2_Q75_lDDT.pdb	9.708E-01	9.394E-01	9.601E-01	31.400	90	89	88
AF-A0A1L6K5Y8-F1-model_v4_Q75_lDDT	Q8KKG1_Q75_lDDT.pdb	9.669E-01	9.460E-01	9.460E-01	45.000	90	91	90
AF-A0A1L6K5Y8-F1-model_v4_Q75_lDDT	Q4JRB6_Q75_lDDT.pdb	9.725E-01	9.410E-01	9.512E-01	31.400	90	89	89
AF-A0A1L6K5Y8-F1-model_v4_Q75_lDDT	A0A0C5LDD5_Q75_lDDT.pdb	9.719E-01	9.403E-01	9.506E-01	28.000	90	89	89
AF-A0A1L6K5Y8-F1-model_v4_Q75_lDDT	Q9RB00_Q75_lDDT.pdb	9.717E-01	9.402E-01	9.505E-01	32.500	90	89	89
AF-A0A1L6K5Y8-F1-model_v4_Q75_lDDT	Q6DTJ0_Q75_lDDT.pdb	9.717E-01	9.401E-01	9.504E-01	34.800	90	89	89
AF-A0A1L6K5Y8-F1-model_v4_Q75_lDDT	Q6DTI9_Q75_lDDT.pdb	9.716E-01	9.400E-01	9.503E-01	35.900	90	89	89
AF-A0A1L6K5Y8-F1-model_v4_Q75_lDDT	Q6V8J2_Q75_lDDT.pdb	9.715E-01	9.400E-01	9.502E-01	35.900	90	89	89
AF-A0A1L6K5Y8-F1-model_v4_Q75_lDDT	A0A0C5LDD9_Q75_lDDT.pdb	9.750E-01	9.432E-01	9.432E-01	33.700	90	89	90
AF-A0A1L6K5Y8-F1-model_v4_Q75_lDDT	A0A0C5L392_Q75_lDDT.pdb	9.712E-01	9.397E-01	9.500E-01	29.200	90	89	89
AF-A0A1L6K5Y8-F1-model_v4_Q75_lDDT	Q6DTI7_Q75_lDDT.pdb	9.710E-01	9.395E-01	9.497E-01	35.900	90	89	89
AF-A0A1L6K5Y8-F1-model_v4_Q75_lDDT	Q5EEU4_Q75_lDDT.pdb	9.706E-01	9.392E-01	9.494E-01	33.700	90	89	89
AF-A0A1L6K5Y8-F1-model_v4_Q75_lDDT	A0A0C5LQ44_Q75_lDDT.pdb	9.700E-01	9.386E-01	9.488E-01	31.400	90	89	89
AF-A0A1L6K5Y8-F1-model_v4_Q75_lDDT	B5L5V5_Q75_lDDT.pdb	9.736E-01	9.419E-01	9.419E-01	32.500	90	89	90
AF-A0A1L6K5Y8-F1-model_v4_Q75_lDDT	B5L5V9_Q75_lDDT.pdb	9.848E-01	9.314E-01	9.520E-01	37.500	90	88	88
AF-A0A1L6K5Y8-F1-model_v4_Q75_lDDT	AF-A0A0D0GMS0-F1-model_v4_Q75_lDDT.pdb	9.729E-01	9.413E-01	9.413E-01	34.800	90	89	90
AF-A0A1L6K5Y8-F1-model_v4_Q75_lDDT	B5L5X0_Q75_lDDT.pdb	9.727E-01	9.411E-01	9.411E-01	33.700	90	89	90
AF-A0A1L6K5Y8-F1-model_v4_Q75_lDDT	Q6DTI4_Q75_lDDT.pdb	9.713E-01	9.398E-01	9.398E-01	33.700	90	89	90
AF-A0A1L6K5Y8-F1-model_v4_Q75_lDDT	Q6DTI8_Q75_lDDT.pdb	9.712E-01	9.397E-01	9.397E-01	34.800	90	89	90
AF-A0A1L6K5Y8-F1-model_v4_Q75_lDDT	Q6DTI5_Q75_lDDT.pdb	9.711E-01	9.397E-01	9.397E-01	33.700	90	89	90
AF-A0A1L6K5Y8-F1-model_v4_Q75_lDDT	Q5S4Q5_Q75_lDDT.pdb	9.708E-01	9.394E-01	9.394E-01	33.700	90	89	90
AF-A0A1L6K5Y8-F1-model_v4_Q75_lDDT	MBL1b_Q75_lDDT.pdb	9.695E-01	9.381E-01	9.381E-01	44.900	90	89	90
AF-A0A1L6K5Y8-F1-model_v4_Q75_lDDT	B3SU2_Q75_lDDT.pdb	9.689E-01	9.376E-01	9.376E-01	42.600	90	89	90
AF-A0A1L6K5Y8-F1-model_v4_Q75_lDDT	Q9K578_Q75_lDDT.pdb	9.683E-01	9.370E-01	9.370E-01	38.200	90	89	90
AF-A0A1L6K5Y8-F1-model_v4_Q75_lDDT	AF-A0A1L6K5X8-F1-model_v4_Q75_lDDT.pdb	9.637E-01	9.326E-01	9.428E-01	46.000	90	89	89
AF-A0A1L6K5Y8-F1-model_v4_Q75_lDDT	AF-Q89GW5-F1-model_v4_Q75_lDDT.pdb	9.630E-01	9.320E-01	9.421E-01	41.500	90	89	89
AF-A0A1L6K5Y8-F1-model_v4_Q75_lDDT	AF-A0A0D6SYW3-F1-model_v4_Q75_lDDT.pdb	9.606E-01	9.297E-01	9.297E-01	48.300	90	89	90
AF-A0A1L6K5Y8-F1-model_v4_Q75_lDDT	AF-A0A4D6P0I4-F1-model_v4_Q75_lDDT.pdb	9.605E-01	9.296E-01	9.296E-01	48.300	90	89	90
AF-A0A1L6K5Y8-F1-model_v4_Q75_lDDT	AF-Q6D395-F1-model_v4_Q75_lDDT.pdb	9.714E-01	9.193E-01	9.395E-01	35.200	90	88	88
AF-A0A1L6K5Y8-F1-model_v4_Q75_lDDT	U3U4Q6_Q75_lDDT.pdb	9.587E-01	9.280E-01	9.280E-01	46.000	90	89	90
AF-A0A1L6K5Y8-F1-model_v4_Q75_lDDT	B5L5V2_Q75_lDDT.pdb	9.677E-01	9.160E-01	9.360E-01	36.300	90	88	88
AF-A0A1L6K5Y8-F1-model_v4_Q75_lDDT	B5L5W3_Q75_lDDT.pdb	9.638E-01	9.125E-01	9.426E-01	32.900	90	88	87
AF-A0A1L6K5Y8-F1-model_v4_Q75_lDDT	B3SU1_Q75_lDDT.pdb	9.659E-01	9.142E-01	9.342E-01	44.300	90	88	88
AF-A0A1L6K5Y8-F1-model_v4_Q75_lDDT	Q9JRP7_Q75_lDDT.pdb	9.390E-01	9.091E-01	9.189E-01	41.500	90	89	89
AF-K4GMG4-F1-model_v4_Q75_lDDT	AF-K4GMG4-F1-model_v4_Q75_lDDT.pdb	1.011E+00	1.000E+00	1.000E+00	100.000	89	89	89
AF-K4GMG4-F1-model_v4_Q75_lDDT	AF-A0A1L6K5Z9-F1-model_v4_Q75_lDDT.pdb	1.004E+00	9.705E-01	9.705E-01	55.100	89	87	89
AF-K4GMG4-F1-model_v4_Q75_lDDT	AF-K4GMK0-F1-model_v4_Q75_lDDT.pdb	1.004E+00	9.700E-01	9.593E-01	60.200	89	88	90
AF-K4GMG4-F1-model_v4_Q75_lDDT	A0A386JBC5_Q75_lDDT.pdb	9.953E-01	9.622E-01	9.622E-01	56.300	89	87	89
AF-K4GMG4-F1-model_v4_Q75_lDDT	AF-K4GMG9-F1-model_v6_Q75_lDDT.pdb	9.978E-01	9.646E-01	9.540E-01	53.400	89	88	90
AF-K4GMG4-F1-model_v4_Q75_lDDT	AF-K4GMF9-F1-model_v4_Q75_lDDT.pdb	9.963E-01	9.631E-01	9.526E-01	60.200	89	88	90
AF-K4GMG4-F1-model_v4_Q75_lDDT	ECM-1_Q75_lDDT.pdb	9.964E-01	9.633E-01	9.528E-01	51.100	89	88	90
AF-K4GMG4-F1-model_v4_Q75_lDDT	G5ELM3_Q75_lDDT.pdb	9.917E-01	9.588E-01	9.588E-01	47.100	89	87	89
AF-K4GMG4-F1-model_v4_Q75_lDDT	A0A0C5LQ34_Q75_lDDT.pdb	9.885E-01	9.555E-01	9.555E-01	46.500	89	88	89
AF-K4GMG4-F1-model_v4_Q75_lDDT	A0A0C5LDH9_Q75_lDDT.pdb	9.900E-01	9.573E-01	9.573E-01	47.100	89	87	89
AF-K4GMG4-F1-model_v4_Q75_lDDT	AF-Q9AEF9-F1-model_v4_Q75_lDDT.pdb	9.940E-01	9.610E-01	9.505E-01	50.000	89	88	90
AF-K4GMG4-F1-model_v4_Q75_lDDT	AF-A8GGW7-F1-model_v4_Q75_lDDT.pdb	9.900E-01	9.573E-01	9.573E-01	50.000	89	88	89
AF-K4GMG4-F1-model_v4_Q75_lDDT	B5L5V0_Q75_lDDT.pdb	9.935E-01	9.605E-01	9.500E-01	50.000	89	88	90
AF-K4GMG4-F1-model_v4_Q75_lDDT	NWM_Q75_lDDT.pdb	9.928E-01	9.599E-01	9.494E-01	59.000	89	88	90
AF-K4GMG4-F1-model_v4_Q75_lDDT	AF-A0A1L5BQA7-F1-model_v4_Q75_lDDT.pdb	9.908E-01	9.471E-01	9.577E-01	43.600	89	87	88
AF-K4GMG4-F1-model_v4_Q75_lDDT	A0A059Q5E8_Q75_lDDT.pdb	9.861E-01	9.537E-01	9.537E-01	49.400	89	87	89
AF-K4GMG4-F1-model_v4_Q75_lDDT	B5L5V3_Q75_lDDT.pdb	9.855E-01	9.531E-01	9.531E-01	44.800	89	87	89
AF-K4GMG4-F1-model_v4_Q75_lDDT	AF-A0A1L6K5Y8-F1-model_v4_Q75_lDDT.pdb	9.886E-01	9.560E-01	9.456E-01	52.200	89	88	90
AF-K4GMG4-F1-model_v4_Q75_lDDT	Q9KJB1_Q75_lDDT.pdb	9.807E-01	9.486E-01	9.591E-01	34.000	89	88	88
AF-K4GMG4-F1-model_v4_Q75_lDDT	Q9KJB2_Q75_lDDT.pdb	9.802E-01	9.481E-01	9.586E-01	31.800	89	88	88
AF-K4GMG4-F1-model_v4_Q75_lDDT	Q9KJB6_Q75_lDDT.pdb	9.801E-01	9.480E-01	9.585E-01	32.900	89	88	88
AF-K4GMG4-F1-model_v4_Q75_lDDT	Q9KJB4_Q75_lDDT.pdb	9.801E-01	9.480E-01	9.584E-01	34.000	89	88	88
AF-K4GMG4-F1-model_v4_Q75_lDDT	Q8KKG1_Q75_lDDT.pdb	9.873E-01	9.548E-01	9.444E-01	38.600	89	88	90
AF-K4GMG4-F1-model_v4_Q75_lDDT	Q9KJB3_Q75_lDDT.pdb	9.798E-01	9.477E-01	9.582E-01	32.900	89	88	88
AF-K4GMG4-F1-model_v4_Q75_lDDT	PJM-1_Q75_lDDT.pdb	9.830E-01	9.507E-01	9.507E-01	48.200	89	87	89
AF-K4GMG4-F1-model_v4_Q75_lDDT	Q9KJB5_Q75_lDDT.pdb	9.797E-01	9.476E-01	9.581E-01	34.000	89	88	88
AF-K4GMG4-F1-model_v4_Q75_lDDT	B5DCA0_Q75_lDDT.pdb	9.828E-01	9.505E-01	9.505E-01	48.200	89	87	89
AF-K4GMG4-F1-model_v4_Q75_lDDT	A0A0C5LDD5_Q75_lDDT.pdb	9.817E-01	9.495E-01	9.495E-01	28.400	89	88	89
AF-K4GMG4-F1-model_v4_Q75_lDDT	A0A0C5LDD9_Q75_lDDT.pdb	9.853E-01	9.528E-01	9.425E-01	37.500	89	88	90
AF-K4GMG4-F1-model_v4_Q75_lDDT	Q9RB00_Q75_lDDT.pdb	9.807E-01	9.486E-01	9.486E-01	32.900	89	88	89
AF-K4GMG4-F1-model_v4_Q75_lDDT	Q4JRB6_Q75_lDDT.pdb	9.799E-01	9.479E-01	9.479E-01	31.800	89	88	89
AF-K4GMG4-F1-model_v4_Q75_lDDT	Q6DTJ0_Q75_lDDT.pdb	9.798E-01	9.478E-01	9.478E-01	34.000	89	88	89
AF-K4GMG4-F1-model_v4_Q75_lDDT	Q6DTI9_Q75_lDDT.pdb	9.798E-01	9.477E-01	9.477E-01	34.000	89	88	89
AF-K4GMG4-F1-model_v4_Q75_lDDT	AF-A0A0D0GMS0-F1-model_v4_Q75_lDDT.pdb	9.834E-01	9.511E-01	9.408E-01	37.500	89	88	90
AF-K4GMG4-F1-model_v4_Q75_lDDT	B5L5V9_Q75_lDDT.pdb	9.838E-01	9.407E-01	9.511E-01	41.300	89	87	88
AF-K4GMG4-F1-model_v4_Q75_lDDT	B5L5V5_Q75_lDDT.pdb	9.834E-01	9.511E-01	9.408E-01	32.900	89	88	90
AF-K4GMG4-F1-model_v4_Q75_lDDT	Q6V8J2_Q75_lDDT.pdb	9.796E-01	9.475E-01	9.475E-01	34.000	89	88	89
AF-K4GMG4-F1-model_v4_Q75_lDDT	A0A0C5L392_Q75_lDDT.pdb	9.796E-01	9.475E-01	9.475E-01	35.200	89	88	89
AF-K4GMG4-F1-model_v4_Q75_lDDT	MBL1b_Q75_lDDT.pdb	9.831E-01	9.508E-01	9.405E-01	37.500	89	88	90
AF-K4GMG4-F1-model_v4_Q75_lDDT	Q6DTI7_Q75_lDDT.pdb	9.789E-01	9.469E-01	9.469E-01	35.200	89	88	89
AF-K4GMG4-F1-model_v4_Q75_lDDT	B5L5X0_Q75_lDDT.pdb	9.825E-01	9.503E-01	9.400E-01	34.000	89	88	90
AF-K4GMG4-F1-model_v4_Q75_lDDT	Q5EEU4_Q75_lDDT.pdb	9.786E-01	9.466E-01	9.466E-01	35.200	89	88	89
AF-K4GMG4-F1-model_v4_Q75_lDDT	GRD33_Q75_lDDT.pdb	9.820E-01	9.498E-01	9.395E-01	48.800	89	88	90
AF-K4GMG4-F1-model_v4_Q75_lDDT	A0A0C5LQ44_Q75_lDDT.pdb	9.782E-01	9.463E-01	9.463E-01	32.900	89	88	89
AF-K4GMG4-F1-model_v4_Q75_lDDT	Q9K578_Q75_lDDT.pdb	9.810E-01	9.489E-01	9.386E-01	34.000	89	88	90
AF-K4GMG4-F1-model_v4_Q75_lDDT	AF-A0A1L6K5Z8-F1-model_v4_Q75_lDDT.pdb	9.800E-01	9.479E-01	9.376E-01	45.400	89	88	90
AF-K4GMG4-F1-model_v4_Q75_lDDT	Q6DTI4_Q75_lDDT.pdb	9.791E-01	9.471E-01	9.369E-01	32.900	89	88	90
AF-K4GMG4-F1-model_v4_Q75_lDDT	Q6DTI5_Q75_lDDT.pdb	9.791E-01	9.471E-01	9.369E-01	32.900	89	88	90
AF-K4GMG4-F1-model_v4_Q75_lDDT	Q6DTI8_Q75_lDDT.pdb	9.791E-01	9.471E-01	9.369E-01	34.000	89	88	90
AF-K4GMG4-F1-model_v4_Q75_lDDT	Q5S4Q5_Q75_lDDT.pdb	9.789E-01	9.469E-01	9.367E-01	32.900	89	88	90
AF-K4GMG4-F1-model_v4_Q75_lDDT	B3SU2_Q75_lDDT.pdb	9.773E-01	9.454E-01	9.352E-01	39.700	89	88	90
AF-K4GMG4-F1-model_v4_Q75_lDDT	B3SU1_Q75_lDDT.pdb	9.746E-01	9.320E-01	9.423E-01	55.100	89	87	88
AF-K4GMG4-F1-model_v4_Q75_lDDT	AF-A0A1L6K5X8-F1-model_v4_Q75_lDDT.pdb	9.725E-01	9.408E-01	9.408E-01	36.300	89	88	89
AF-K4GMG4-F1-model_v4_Q75_lDDT	AF-A0A4D6P0I4-F1-model_v4_Q75_lDDT.pdb	9.759E-01	9.441E-01	9.339E-01	42.000	89	88	90
AF-K4GMG4-F1-model_v4_Q75_lDDT	AF-A0A0D6SYW3-F1-model_v4_Q75_lDDT.pdb	9.754E-01	9.437E-01	9.335E-01	42.000	89	88	90
AF-K4GMG4-F1-model_v4_Q75_lDDT	U3U4Q6_Q75_lDDT.pdb	9.725E-01	9.409E-01	9.308E-01	42.000	89	88	90
AF-K4GMG4-F1-model_v4_Q75_lDDT	AF-Q89GW5-F1-model_v4_Q75_lDDT.pdb	9.684E-01	9.370E-01	9.370E-01	38.600	89	88	89
AF-K4GMG4-F1-model_v4_Q75_lDDT	B5L5V2_Q75_lDDT.pdb	9.687E-01	9.268E-01	9.369E-01	28.700	89	87	88
AF-K4GMG4-F1-model_v4_Q75_lDDT	AF-Q6D395-F1-model_v4_Q75_lDDT.pdb	9.683E-01	9.265E-01	9.366E-01	35.600	89	87	88
AF-K4GMG4-F1-model_v4_Q75_lDDT	B5L5W3_Q75_lDDT.pdb	9.638E-01	9.223E-01	9.426E-01	28.700	89	87	87
AF-K4GMG4-F1-model_v4_Q75_lDDT	Q9JRP7_Q75_lDDT.pdb	9.523E-01	9.216E-01	9.216E-01	37.500	89	88	89
B3SU1_Q75_lDDT	B3SU1_Q75_lDDT.pdb	1.011E+00	1.000E+00	1.000E+00	100.000	88	88	88
B3SU1_Q75_lDDT	B5L5V3_Q75_lDDT.pdb	9.803E-01	9.478E-01	9.374E-01	44.800	88	87	89
B3SU1_Q75_lDDT	A0A386JBC5_Q75_lDDT.pdb	9.780E-01	9.456E-01	9.352E-01	48.200	88	87	89
B3SU1_Q75_lDDT	AF-K4GMG4-F1-model_v4_Q75_lDDT.pdb	9.746E-01	9.423E-01	9.320E-01	55.100	88	87	89
B3SU1_Q75_lDDT	AF-A0A1L6K5Z9-F1-model_v4_Q75_lDDT.pdb	9.736E-01	9.414E-01	9.311E-01	48.200	88	87	89
B3SU1_Q75_lDDT	B5L5V0_Q75_lDDT.pdb	9.780E-01	9.456E-01	9.251E-01	44.300	88	88	90
B3SU1_Q75_lDDT	AF-K4GMK0-F1-model_v4_Q75_lDDT.pdb	9.757E-01	9.433E-01	9.229E-01	45.400	88	88	90
B3SU1_Q75_lDDT	A0A0C5LQ34_Q75_lDDT.pdb	9.719E-01	9.398E-01	9.295E-01	40.200	88	87	89
B3SU1_Q75_lDDT	AF-A0A1L5BQA7-F1-model_v4_Q75_lDDT.pdb	9.660E-01	9.343E-01	9.343E-01	37.200	88	86	88
B3SU1_Q75_lDDT	PJM-1_Q75_lDDT.pdb	9.676E-01	9.357E-01	9.255E-01	48.200	88	87	89
B3SU1_Q75_lDDT	B5DCA0_Q75_lDDT.pdb	9.655E-01	9.337E-01	9.236E-01	45.900	88	87	89
B3SU1_Q75_lDDT	AF-K4GMG9-F1-model_v6_Q75_lDDT.pdb	9.666E-01	9.347E-01	9.146E-01	48.800	88	88	90
B3SU1_Q75_lDDT	NWM_Q75_lDDT.pdb	9.667E-01	9.349E-01	9.148E-01	51.100	88	88	90
B3SU1_Q75_lDDT	AF-K4GMF9-F1-model_v4_Q75_lDDT.pdb	9.657E-01	9.339E-01	9.138E-01	47.700	88	88	90
B3SU1_Q75_lDDT	Q8KKG1_Q75_lDDT.pdb	9.668E-01	9.350E-01	9.150E-01	35.200	88	88	90
B3SU1_Q75_lDDT	G5ELM3_Q75_lDDT.pdb	9.629E-01	9.314E-01	9.213E-01	42.500	88	87	89
B3SU1_Q75_lDDT	A0A0C5LDH9_Q75_lDDT.pdb	9.626E-01	9.310E-01	9.210E-01	39.000	88	87	89
B3SU1_Q75_lDDT	AF-A8GGW7-F1-model_v4_Q75_lDDT.pdb	9.619E-01	9.303E-01	9.203E-01	38.600	88	88	89
B3SU1_Q75_lDDT	AF-A0A1L6K5Y8-F1-model_v4_Q75_lDDT.pdb	9.659E-01	9.342E-01	9.142E-01	44.300	88	88	90
B3SU1_Q75_lDDT	ECM-1_Q75_lDDT.pdb	9.639E-01	9.322E-01	9.122E-01	45.400	88	88	90
B3SU1_Q75_lDDT	B5L5V9_Q75_lDDT.pdb	9.582E-01	9.270E-01	9.270E-01	37.200	88	86	88
B3SU1_Q75_lDDT	MBL1b_Q75_lDDT.pdb	9.648E-01	9.331E-01	9.132E-01	34.000	88	88	90
B3SU1_Q75_lDDT	Q9KJB1_Q75_lDDT.pdb	9.574E-01	9.262E-01	9.262E-01	29.500	88	88	88
B3SU1_Q75_lDDT	AF-Q9AEF9-F1-model_v4_Q75_lDDT.pdb	9.629E-01	9.313E-01	9.114E-01	44.300	88	88	90
B3SU1_Q75_lDDT	Q9KJB6_Q75_lDDT.pdb	9.565E-01	9.253E-01	9.253E-01	30.600	88	88	88
B3SU1_Q75_lDDT	Q9KJB4_Q75_lDDT.pdb	9.564E-01	9.253E-01	9.253E-01	30.600	88	88	88
B3SU1_Q75_lDDT	Q9KJB3_Q75_lDDT.pdb	9.564E-01	9.252E-01	9.252E-01	29.500	88	88	88
B3SU1_Q75_lDDT	Q9KJB5_Q75_lDDT.pdb	9.562E-01	9.250E-01	9.250E-01	30.600	88	88	88
B3SU1_Q75_lDDT	Q9KJB2_Q75_lDDT.pdb	9.559E-01	9.248E-01	9.248E-01	28.400	88	88	88
B3SU1_Q75_lDDT	A0A059Q5E8_Q75_lDDT.pdb	9.583E-01	9.270E-01	9.171E-01	42.500	88	87	89
B3SU1_Q75_lDDT	GRD33_Q75_lDDT.pdb	9.630E-01	9.315E-01	9.116E-01	40.900	88	88	90
B3SU1_Q75_lDDT	A0A0C5LDD5_Q75_lDDT.pdb	9.574E-01	9.262E-01	9.163E-01	27.200	88	88	89
B3SU1_Q75_lDDT	AF-A0A1L6K5Z8-F1-model_v4_Q75_lDDT.pdb	9.609E-01	9.295E-01	9.097E-01	39.700	88	88	90
B3SU1_Q75_lDDT	Q4JRB6_Q75_lDDT.pdb	9.568E-01	9.257E-01	9.157E-01	29.500	88	88	89
B3SU1_Q75_lDDT	A0A0C5L392_Q75_lDDT.pdb	9.565E-01	9.253E-01	9.154E-01	30.600	88	88	89
B3SU1_Q75_lDDT	Q6V8J2_Q75_lDDT.pdb	9.563E-01	9.251E-01	9.152E-01	30.600	88	88	89
B3SU1_Q75_lDDT	Q9RB00_Q75_lDDT.pdb	9.563E-01	9.251E-01	9.152E-01	29.500	88	88	89
B3SU1_Q75_lDDT	A0A0C5LDD9_Q75_lDDT.pdb	9.596E-01	9.283E-01	9.085E-01	27.200	88	88	90
B3SU1_Q75_lDDT	Q6DTJ0_Q75_lDDT.pdb	9.560E-01	9.249E-01	9.150E-01	30.600	88	88	89
B3SU1_Q75_lDDT	AF-Q6D395-F1-model_v4_Q75_lDDT.pdb	9.533E-01	9.224E-01	9.224E-01	33.700	88	86	88
B3SU1_Q75_lDDT	Q6DTI9_Q75_lDDT.pdb	9.560E-01	9.249E-01	9.150E-01	30.600	88	88	89
B3SU1_Q75_lDDT	Q6DTI7_Q75_lDDT.pdb	9.557E-01	9.246E-01	9.147E-01	29.500	88	88	89
B3SU1_Q75_lDDT	AF-A0A0D0GMS0-F1-model_v4_Q75_lDDT.pdb	9.590E-01	9.277E-01	9.079E-01	31.800	88	88	90
B3SU1_Q75_lDDT	B5L5V5_Q75_lDDT.pdb	9.587E-01	9.275E-01	9.077E-01	29.500	88	88	90
B3SU1_Q75_lDDT	Q5EEU4_Q75_lDDT.pdb	9.551E-01	9.241E-01	9.142E-01	31.800	88	88	89
B3SU1_Q75_lDDT	B5L5X0_Q75_lDDT.pdb	9.581E-01	9.269E-01	9.072E-01	27.200	88	88	90
B3SU1_Q75_lDDT	U3U4Q6_Q75_lDDT.pdb	9.588E-01	9.276E-01	9.079E-01	39.700	88	88	90
B3SU1_Q75_lDDT	A0A0C5LQ44_Q75_lDDT.pdb	9.528E-01	9.219E-01	9.120E-01	30.600	88	88	89
B3SU1_Q75_lDDT	B5L5V2_Q75_lDDT.pdb	9.479E-01	9.172E-01	9.172E-01	30.200	88	86	88
B3SU1_Q75_lDDT	Q6DTI5_Q75_lDDT.pdb	9.559E-01	9.248E-01	9.052E-01	29.500	88	88	90
B3SU1_Q75_lDDT	Q6DTI8_Q75_lDDT.pdb	9.558E-01	9.247E-01	9.051E-01	28.400	88	88	90
B3SU1_Q75_lDDT	Q6DTI4_Q75_lDDT.pdb	9.559E-01	9.248E-01	9.051E-01	29.500	88	88	90
B3SU1_Q75_lDDT	Q9K578_Q75_lDDT.pdb	9.554E-01	9.243E-01	9.047E-01	31.800	88	88	90
B3SU1_Q75_lDDT	Q5S4Q5_Q75_lDDT.pdb	9.552E-01	9.241E-01	9.045E-01	29.500	88	88	90
B3SU1_Q75_lDDT	AF-A0A4D6P0I4-F1-model_v4_Q75_lDDT.pdb	9.556E-01	9.246E-01	9.050E-01	42.000	88	88	90
B3SU1_Q75_lDDT	AF-A0A0D6SYW3-F1-model_v4_Q75_lDDT.pdb	9.551E-01	9.241E-01	9.045E-01	42.000	88	88	90
B3SU1_Q75_lDDT	B5L5W3_Q75_lDDT.pdb	9.413E-01	9.110E-01	9.208E-01	29.000	88	86	87
B3SU1_Q75_lDDT	AF-A0A1L6K5X8-F1-model_v4_Q75_lDDT.pdb	9.493E-01	9.186E-01	9.088E-01	32.900	88	88	89
B3SU1_Q75_lDDT	AF-Q89GW5-F1-model_v4_Q75_lDDT.pdb	9.481E-01	9.175E-01	9.077E-01	30.600	88	88	89
B3SU1_Q75_lDDT	B3SU2_Q75_lDDT.pdb	9.523E-01	9.214E-01	9.020E-01	35.200	88	88	90
B3SU1_Q75_lDDT	Q9JRP7_Q75_lDDT.pdb	9.350E-01	9.050E-01	8.954E-01	35.200	88	88	89
B5L5V5_Q75_lDDT	B5L5V5_Q75_lDDT.pdb	1.011E+00	1.000E+00	1.000E+00	100.000	90	90	90
B5L5V5_Q75_lDDT	A0A0C5LDD9_Q75_lDDT.pdb	1.001E+00	9.897E-01	9.897E-01	72.200	90	90	90
B5L5V5_Q75_lDDT	Q9KJB6_Q75_lDDT.pdb	1.009E+00	9.756E-01	9.977E-01	64.700	90	88	88
B5L5V5_Q75_lDDT	Q9KJB1_Q75_lDDT.pdb	1.009E+00	9.756E-01	9.977E-01	67.000	90	88	88
B5L5V5_Q75_lDDT	Q9KJB4_Q75_lDDT.pdb	1.009E+00	9.755E-01	9.976E-01	64.700	90	88	88
B5L5V5_Q75_lDDT	Q9KJB3_Q75_lDDT.pdb	1.009E+00	9.755E-01	9.976E-01	64.700	90	88	88
B5L5V5_Q75_lDDT	Q9KJB5_Q75_lDDT.pdb	1.009E+00	9.754E-01	9.976E-01	65.900	90	88	88
B5L5V5_Q75_lDDT	Q9KJB2_Q75_lDDT.pdb	1.009E+00	9.754E-01	9.975E-01	64.700	90	88	88
B5L5V5_Q75_lDDT	Q4JRB6_Q75_lDDT.pdb	1.001E+00	9.792E-01	9.902E-01	62.200	90	90	89
B5L5V5_Q75_lDDT	Q5EEU4_Q75_lDDT.pdb	1.001E+00	9.785E-01	9.894E-01	65.500	90	90	89
B5L5V5_Q75_lDDT	Q6DTI5_Q75_lDDT.pdb	9.970E-01	9.860E-01	9.860E-01	64.400	90	90	90
B5L5V5_Q75_lDDT	A0A0C5L392_Q75_lDDT.pdb	1.000E+00	9.784E-01	9.893E-01	71.100	90	90	89
B5L5V5_Q75_lDDT	Q5S4Q5_Q75_lDDT.pdb	9.963E-01	9.854E-01	9.854E-01	64.400	90	90	90
B5L5V5_Q75_lDDT	Q6DTJ0_Q75_lDDT.pdb	1.000E+00	9.782E-01	9.891E-01	64.400	90	90	89
B5L5V5_Q75_lDDT	Q6DTI9_Q75_lDDT.pdb	9.998E-01	9.777E-01	9.886E-01	64.400	90	90	89
B5L5V5_Q75_lDDT	Q6V8J2_Q75_lDDT.pdb	9.998E-01	9.777E-01	9.886E-01	64.400	90	90	89
B5L5V5_Q75_lDDT	Q6DTI8_Q75_lDDT.pdb	9.958E-01	9.848E-01	9.848E-01	64.400	90	90	90
B5L5V5_Q75_lDDT	Q6DTI7_Q75_lDDT.pdb	9.994E-01	9.773E-01	9.882E-01	64.400	90	90	89
B5L5V5_Q75_lDDT	Q6DTI4_Q75_lDDT.pdb	9.951E-01	9.842E-01	9.842E-01	64.400	90	90	90
B5L5V5_Q75_lDDT	Q9RB00_Q75_lDDT.pdb	1.009E+00	9.755E-01	9.865E-01	64.700	90	88	89
B5L5V5_Q75_lDDT	B5L5X0_Q75_lDDT.pdb	9.928E-01	9.818E-01	9.818E-01	75.500	90	90	90
B5L5V5_Q75_lDDT	A0A0C5LQ44_Q75_lDDT.pdb	1.009E+00	9.750E-01	9.859E-01	68.100	90	88	89
B5L5V5_Q75_lDDT	A0A0C5LDD5_Q75_lDDT.pdb	1.008E+00	9.744E-01	9.854E-01	68.100	90	88	89
B5L5V5_Q75_lDDT	AF-A0A0D0GMS0-F1-model_v4_Q75_lDDT.pdb	1.001E+00	9.788E-01	9.788E-01	77.500	90	89	90
B5L5V5_Q75_lDDT	B5L5V9_Q75_lDDT.pdb	1.009E+00	9.529E-01	9.745E-01	68.100	90	88	88
B5L5V5_Q75_lDDT	B3SU2_Q75_lDDT.pdb	9.985E-01	9.657E-01	9.657E-01	48.800	90	88	90
B5L5V5_Q75_lDDT	Q9K578_Q75_lDDT.pdb	9.970E-01	9.642E-01	9.642E-01	48.800	90	88	90
B5L5V5_Q75_lDDT	AF-Q89GW5-F1-model_v4_Q75_lDDT.pdb	9.909E-01	9.585E-01	9.690E-01	44.300	90	88	89
B5L5V5_Q75_lDDT	AF-A8GGW7-F1-model_v4_Q75_lDDT.pdb	9.895E-01	9.572E-01	9.677E-01	34.000	90	88	89
B5L5V5_Q75_lDDT	Q8KKG1_Q75_lDDT.pdb	9.904E-01	9.580E-01	9.580E-01	35.200	90	88	90
B5L5V5_Q75_lDDT	MBL1b_Q75_lDDT.pdb	9.856E-01	9.535E-01	9.535E-01	35.200	90	88	90
B5L5V5_Q75_lDDT	A0A0C5LDH9_Q75_lDDT.pdb	9.877E-01	9.448E-01	9.552E-01	34.000	90	88	89
B5L5V5_Q75_lDDT	B5L5W3_Q75_lDDT.pdb	9.867E-01	9.331E-01	9.646E-01	43.100	90	88	87
B5L5V5_Q75_lDDT	AF-A0A1L6K5Z9-F1-model_v4_Q75_lDDT.pdb	9.874E-01	9.445E-01	9.549E-01	31.800	90	88	89
B5L5V5_Q75_lDDT	A0A0C5LQ34_Q75_lDDT.pdb	9.863E-01	9.435E-01	9.538E-01	38.600	90	88	89
B5L5V5_Q75_lDDT	A0A386JBC5_Q75_lDDT.pdb	9.862E-01	9.434E-01	9.537E-01	35.200	90	88	89
B5L5V5_Q75_lDDT	AF-Q9AEF9-F1-model_v4_Q75_lDDT.pdb	9.786E-01	9.466E-01	9.466E-01	31.400	90	89	90
B5L5V5_Q75_lDDT	B5L5V2_Q75_lDDT.pdb	9.891E-01	9.352E-01	9.560E-01	44.300	90	88	88
B5L5V5_Q75_lDDT	A0A059Q5E8_Q75_lDDT.pdb	9.850E-01	9.423E-01	9.526E-01	32.900	90	88	89
B5L5V5_Q75_lDDT	AF-K4GMK0-F1-model_v4_Q75_lDDT.pdb	9.767E-01	9.448E-01	9.448E-01	30.300	90	89	90
B5L5V5_Q75_lDDT	AF-K4GMG4-F1-model_v4_Q75_lDDT.pdb	9.834E-01	9.408E-01	9.511E-01	32.900	90	88	89
B5L5V5_Q75_lDDT	AF-A0A1L6K5Y8-F1-model_v4_Q75_lDDT.pdb	9.736E-01	9.419E-01	9.419E-01	32.500	90	89	90
B5L5V5_Q75_lDDT	AF-K4GMG9-F1-model_v6_Q75_lDDT.pdb	9.729E-01	9.413E-01	9.413E-01	24.700	90	89	90
B5L5V5_Q75_lDDT	B5L5V3_Q75_lDDT.pdb	9.798E-01	9.375E-01	9.478E-01	34.000	90	88	89
B5L5V5_Q75_lDDT	B5L5V0_Q75_lDDT.pdb	9.725E-01	9.409E-01	9.409E-01	31.400	90	89	90
B5L5V5_Q75_lDDT	AF-K4GMF9-F1-model_v4_Q75_lDDT.pdb	9.720E-01	9.405E-01	9.405E-01	26.900	90	89	90
B5L5V5_Q75_lDDT	AF-A0A1L6K5X8-F1-model_v4_Q75_lDDT.pdb	9.711E-01	9.399E-01	9.501E-01	32.900	90	88	89
B5L5V5_Q75_lDDT	NWM_Q75_lDDT.pdb	9.717E-01	9.401E-01	9.401E-01	30.300	90	89	90
B5L5V5_Q75_lDDT	ECM-1_Q75_lDDT.pdb	9.711E-01	9.396E-01	9.396E-01	24.700	90	89	90
B5L5V5_Q75_lDDT	AF-A0A1L5BQA7-F1-model_v4_Q75_lDDT.pdb	9.826E-01	9.294E-01	9.500E-01	30.600	90	88	88
B5L5V5_Q75_lDDT	G5ELM3_Q75_lDDT.pdb	9.778E-01	9.357E-01	9.459E-01	32.900	90	88	89
B5L5V5_Q75_lDDT	B5DCA0_Q75_lDDT.pdb	9.772E-01	9.351E-01	9.453E-01	32.900	90	88	89
B5L5V5_Q75_lDDT	PJM-1_Q75_lDDT.pdb	9.769E-01	9.349E-01	9.451E-01	32.900	90	88	89
B5L5V5_Q75_lDDT	AF-A0A4D6P0I4-F1-model_v4_Q75_lDDT.pdb	9.719E-01	9.407E-01	9.407E-01	31.800	90	88	90
B5L5V5_Q75_lDDT	U3U4Q6_Q75_lDDT.pdb	9.720E-01	9.407E-01	9.407E-01	29.500	90	88	90
B5L5V5_Q75_lDDT	AF-A0A0D6SYW3-F1-model_v4_Q75_lDDT.pdb	9.718E-01	9.406E-01	9.406E-01	31.800	90	88	90
B5L5V5_Q75_lDDT	Q9JRP7_Q75_lDDT.pdb	9.576E-01	9.269E-01	9.369E-01	26.100	90	88	89
B5L5V5_Q75_lDDT	GRD33_Q75_lDDT.pdb	9.564E-01	9.258E-01	9.258E-01	26.900	90	89	90
B5L5V5_Q75_lDDT	AF-A0A1L6K5Z8-F1-model_v4_Q75_lDDT.pdb	9.558E-01	9.252E-01	9.252E-01	24.700	90	89	90
B5L5V5_Q75_lDDT	AF-Q6D395-F1-model_v4_Q75_lDDT.pdb	9.660E-01	9.146E-01	9.345E-01	28.400	90	88	88
B5L5V5_Q75_lDDT	B3SU1_Q75_lDDT.pdb	9.587E-01	9.077E-01	9.275E-01	29.500	90	88	88
GRD33_Q75_lDDT	GRD33_Q75_lDDT.pdb	1.011E+00	1.000E+00	1.000E+00	100.000	90	90	90
GRD33_Q75_lDDT	AF-A0A1L6K5Z8-F1-model_v4_Q75_lDDT.pdb	9.957E-01	9.847E-01	9.847E-01	85.500	90	90	90
GRD33_Q75_lDDT	AF-A0A1L6K5Y8-F1-model_v4_Q75_lDDT.pdb	9.966E-01	9.639E-01	9.639E-01	64.700	90	88	90
GRD33_Q75_lDDT	B5L5V0_Q75_lDDT.pdb	9.951E-01	9.624E-01	9.624E-01	53.400	90	88	90
GRD33_Q75_lDDT	AF-Q9AEF9-F1-model_v4_Q75_lDDT.pdb	9.912E-01	9.588E-01	9.588E-01	59.000	90	88	90
GRD33_Q75_lDDT	G5ELM3_Q75_lDDT.pdb	9.939E-01	9.504E-01	9.609E-01	44.300	90	88	89
GRD33_Q75_lDDT	AF-K4GMK0-F1-model_v4_Q75_lDDT.pdb	9.890E-01	9.567E-01	9.567E-01	50.000	90	88	90
GRD33_Q75_lDDT	PJM-1_Q75_lDDT.pdb	9.927E-01	9.493E-01	9.598E-01	50.000	90	88	89
GRD33_Q75_lDDT	B5DCA0_Q75_lDDT.pdb	9.921E-01	9.488E-01	9.593E-01	53.400	90	88	89
GRD33_Q75_lDDT	AF-A0A1L6K5Z9-F1-model_v4_Q75_lDDT.pdb	9.918E-01	9.485E-01	9.590E-01	50.000	90	88	89
GRD33_Q75_lDDT	NWM_Q75_lDDT.pdb	9.849E-01	9.529E-01	9.529E-01	47.700	90	88	90
GRD33_Q75_lDDT	A0A0C5LDH9_Q75_lDDT.pdb	9.873E-01	9.444E-01	9.548E-01	48.800	90	88	89
GRD33_Q75_lDDT	AF-A0A1L6K5X8-F1-model_v4_Q75_lDDT.pdb	9.760E-01	9.442E-01	9.546E-01	46.000	90	89	89
GRD33_Q75_lDDT	AF-K4GMG9-F1-model_v6_Q75_lDDT.pdb	9.816E-01	9.497E-01	9.497E-01	44.300	90	88	90
GRD33_Q75_lDDT	AF-A8GGW7-F1-model_v4_Q75_lDDT.pdb	9.742E-01	9.425E-01	9.528E-01	40.400	90	89	89
GRD33_Q75_lDDT	A0A386JBC5_Q75_lDDT.pdb	9.842E-01	9.416E-01	9.519E-01	47.700	90	88	89
GRD33_Q75_lDDT	AF-K4GMF9-F1-model_v4_Q75_lDDT.pdb	9.786E-01	9.469E-01	9.469E-01	45.400	90	88	90
GRD33_Q75_lDDT	A0A059Q5E8_Q75_lDDT.pdb	9.821E-01	9.396E-01	9.499E-01	57.900	90	88	89
GRD33_Q75_lDDT	AF-K4GMG4-F1-model_v4_Q75_lDDT.pdb	9.820E-01	9.395E-01	9.498E-01	48.800	90	88	89
GRD33_Q75_lDDT	ECM-1_Q75_lDDT.pdb	9.771E-01	9.455E-01	9.455E-01	43.100	90	88	90
GRD33_Q75_lDDT	A0A0C5LQ34_Q75_lDDT.pdb	9.771E-01	9.346E-01	9.449E-01	43.800	90	89	89
GRD33_Q75_lDDT	AF-A0A0D6SYW3-F1-model_v4_Q75_lDDT.pdb	9.730E-01	9.414E-01	9.414E-01	46.000	90	89	90
GRD33_Q75_lDDT	AF-A0A4D6P0I4-F1-model_v4_Q75_lDDT.pdb	9.730E-01	9.413E-01	9.413E-01	46.000	90	89	90
GRD33_Q75_lDDT	Q8KKG1_Q75_lDDT.pdb	9.725E-01	9.409E-01	9.409E-01	38.200	90	89	90
GRD33_Q75_lDDT	AF-A0A1L5BQA7-F1-model_v4_Q75_lDDT.pdb	9.819E-01	9.288E-01	9.493E-01	46.500	90	88	88
GRD33_Q75_lDDT	U3U4Q6_Q75_lDDT.pdb	9.709E-01	9.394E-01	9.394E-01	47.100	90	89	90
GRD33_Q75_lDDT	MBL1b_Q75_lDDT.pdb	9.694E-01	9.380E-01	9.380E-01	37.000	90	89	90
GRD33_Q75_lDDT	B5L5V3_Q75_lDDT.pdb	9.752E-01	9.333E-01	9.435E-01	52.200	90	88	89
GRD33_Q75_lDDT	A0A0C5LDD5_Q75_lDDT.pdb	9.574E-01	9.267E-01	9.367E-01	26.900	90	89	89
GRD33_Q75_lDDT	A0A0C5LDD9_Q75_lDDT.pdb	9.605E-01	9.296E-01	9.296E-01	30.300	90	89	90
GRD33_Q75_lDDT	Q9KJB1_Q75_lDDT.pdb	9.530E-01	9.226E-01	9.426E-01	33.700	90	89	88
GRD33_Q75_lDDT	Q9KJB6_Q75_lDDT.pdb	9.524E-01	9.220E-01	9.420E-01	31.400	90	89	88
GRD33_Q75_lDDT	Q9KJB4_Q75_lDDT.pdb	9.522E-01	9.219E-01	9.419E-01	32.500	90	89	88
GRD33_Q75_lDDT	Q9KJB3_Q75_lDDT.pdb	9.519E-01	9.216E-01	9.416E-01	31.400	90	89	88
GRD33_Q75_lDDT	Q9KJB5_Q75_lDDT.pdb	9.517E-01	9.214E-01	9.414E-01	32.500	90	89	88
GRD33_Q75_lDDT	Q9KJB2_Q75_lDDT.pdb	9.516E-01	9.213E-01	9.413E-01	30.300	90	89	88
GRD33_Q75_lDDT	A0A0C5LQ44_Q75_lDDT.pdb	9.542E-01	9.237E-01	9.336E-01	29.200	90	89	89
GRD33_Q75_lDDT	Q9K578_Q75_lDDT.pdb	9.577E-01	9.270E-01	9.270E-01	35.900	90	89	90
GRD33_Q75_lDDT	B5L5V9_Q75_lDDT.pdb	9.684E-01	9.167E-01	9.367E-01	29.500	90	88	88
GRD33_Q75_lDDT	AF-A0A0D0GMS0-F1-model_v4_Q75_lDDT.pdb	9.572E-01	9.265E-01	9.265E-01	26.900	90	89	90
GRD33_Q75_lDDT	B3SU2_Q75_lDDT.pdb	9.572E-01	9.265E-01	9.265E-01	35.900	90	89	90
GRD33_Q75_lDDT	Q4JRB6_Q75_lDDT.pdb	9.530E-01	9.226E-01	9.325E-01	30.300	90	89	89
GRD33_Q75_lDDT	Q9JRP7_Q75_lDDT.pdb	9.494E-01	9.189E-01	9.288E-01	38.200	90	89	89
GRD33_Q75_lDDT	B5L5V5_Q75_lDDT.pdb	9.564E-01	9.258E-01	9.258E-01	26.900	90	89	90
GRD33_Q75_lDDT	A0A0C5L392_Q75_lDDT.pdb	9.525E-01	9.222E-01	9.321E-01	28.000	90	89	89
GRD33_Q75_lDDT	B5L5X0_Q75_lDDT.pdb	9.560E-01	9.255E-01	9.255E-01	25.800	90	89	90
GRD33_Q75_lDDT	Q6DTI9_Q75_lDDT.pdb	9.520E-01	9.217E-01	9.316E-01	32.500	90	89	89
GRD33_Q75_lDDT	Q9RB00_Q75_lDDT.pdb	9.520E-01	9.217E-01	9.316E-01	31.400	90	89	89
GRD33_Q75_lDDT	Q6DTJ0_Q75_lDDT.pdb	9.520E-01	9.216E-01	9.315E-01	31.400	90	89	89
GRD33_Q75_lDDT	Q6V8J2_Q75_lDDT.pdb	9.518E-01	9.214E-01	9.313E-01	32.500	90	89	89
GRD33_Q75_lDDT	Q5EEU4_Q75_lDDT.pdb	9.516E-01	9.213E-01	9.312E-01	32.500	90	89	89
GRD33_Q75_lDDT	Q6DTI7_Q75_lDDT.pdb	9.513E-01	9.210E-01	9.309E-01	31.400	90	89	89
GRD33_Q75_lDDT	B3SU1_Q75_lDDT.pdb	9.630E-01	9.116E-01	9.315E-01	40.900	90	88	88
GRD33_Q75_lDDT	Q6DTI4_Q75_lDDT.pdb	9.516E-01	9.213E-01	9.213E-01	30.300	90	89	90
GRD33_Q75_lDDT	Q5S4Q5_Q75_lDDT.pdb	9.516E-01	9.212E-01	9.212E-01	30.300	90	89	90
GRD33_Q75_lDDT	Q6DTI5_Q75_lDDT.pdb	9.514E-01	9.211E-01	9.211E-01	30.300	90	89	90
GRD33_Q75_lDDT	Q6DTI8_Q75_lDDT.pdb	9.514E-01	9.211E-01	9.211E-01	31.400	90	89	90
GRD33_Q75_lDDT	AF-Q6D395-F1-model_v4_Q75_lDDT.pdb	9.619E-01	9.108E-01	9.306E-01	36.300	90	88	88
GRD33_Q75_lDDT	AF-Q89GW5-F1-model_v4_Q75_lDDT.pdb	9.415E-01	9.118E-01	9.215E-01	35.900	90	89	89
GRD33_Q75_lDDT	B5L5V2_Q75_lDDT.pdb	9.514E-01	9.013E-01	9.207E-01	31.800	90	88	88
GRD33_Q75_lDDT	B5L5W3_Q75_lDDT.pdb	9.442E-01	8.949E-01	9.239E-01	27.200	90	88	87
AF-A0A1L6K5X8-F1-model_v4_Q75_lDDT	AF-A0A1L6K5X8-F1-model_v4_Q75_lDDT.pdb	1.011E+00	1.000E+00	1.000E+00	100.000	89	89	89
AF-A0A1L6K5X8-F1-model_v4_Q75_lDDT	AF-A0A4D6P0I4-F1-model_v4_Q75_lDDT.pdb	1.001E+00	9.788E-01	9.681E-01	59.000	89	88	90
AF-A0A1L6K5X8-F1-model_v4_Q75_lDDT	AF-A0A0D6SYW3-F1-model_v4_Q75_lDDT.pdb	1.001E+00	9.788E-01	9.680E-01	59.000	89	88	90
AF-A0A1L6K5X8-F1-model_v4_Q75_lDDT	U3U4Q6_Q75_lDDT.pdb	9.970E-01	9.749E-01	9.642E-01	61.300	89	88	90
AF-A0A1L6K5X8-F1-model_v4_Q75_lDDT	Q9JRP7_Q75_lDDT.pdb	9.791E-01	9.575E-01	9.575E-01	60.200	89	88	89
AF-A0A1L6K5X8-F1-model_v4_Q75_lDDT	AF-A8GGW7-F1-model_v4_Q75_lDDT.pdb	9.822E-01	9.608E-01	9.608E-01	37.500	89	88	89
AF-A0A1L6K5X8-F1-model_v4_Q75_lDDT	Q8KKG1_Q75_lDDT.pdb	9.823E-01	9.608E-01	9.504E-01	28.400	89	88	90
AF-A0A1L6K5X8-F1-model_v4_Q75_lDDT	MBL1b_Q75_lDDT.pdb	9.817E-01	9.603E-01	9.499E-01	28.400	89	88	90
AF-A0A1L6K5X8-F1-model_v4_Q75_lDDT	GRD33_Q75_lDDT.pdb	9.760E-01	9.546E-01	9.442E-01	46.000	89	89	90
AF-A0A1L6K5X8-F1-model_v4_Q75_lDDT	AF-A0A1L6K5Z8-F1-model_v4_Q75_lDDT.pdb	9.758E-01	9.543E-01	9.440E-01	47.100	89	89	90
AF-A0A1L6K5X8-F1-model_v4_Q75_lDDT	AF-K4GMG9-F1-model_v6_Q75_lDDT.pdb	9.722E-01	9.510E-01	9.407E-01	38.200	89	89	90
AF-A0A1L6K5X8-F1-model_v4_Q75_lDDT	A0A0C5LQ34_Q75_lDDT.pdb	9.797E-01	9.476E-01	9.476E-01	37.500	89	88	89
AF-A0A1L6K5X8-F1-model_v4_Q75_lDDT	AF-A0A1L6K5Z9-F1-model_v4_Q75_lDDT.pdb	9.789E-01	9.469E-01	9.469E-01	42.000	89	88	89
AF-A0A1L6K5X8-F1-model_v4_Q75_lDDT	PJM-1_Q75_lDDT.pdb	9.789E-01	9.469E-01	9.469E-01	50.000	89	88	89
AF-A0A1L6K5X8-F1-model_v4_Q75_lDDT	A0A0C5LDD9_Q75_lDDT.pdb	9.738E-01	9.526E-01	9.424E-01	29.500	89	88	90
AF-A0A1L6K5X8-F1-model_v4_Q75_lDDT	B5DCA0_Q75_lDDT.pdb	9.779E-01	9.460E-01	9.460E-01	50.000	89	88	89
AF-A0A1L6K5X8-F1-model_v4_Q75_lDDT	A0A0C5LQ44_Q75_lDDT.pdb	9.691E-01	9.482E-01	9.482E-01	26.100	89	88	89
AF-A0A1L6K5X8-F1-model_v4_Q75_lDDT	A0A0C5LDD5_Q75_lDDT.pdb	9.688E-01	9.479E-01	9.479E-01	26.100	89	88	89
AF-A0A1L6K5X8-F1-model_v4_Q75_lDDT	G5ELM3_Q75_lDDT.pdb	9.758E-01	9.439E-01	9.439E-01	37.500	89	88	89
AF-A0A1L6K5X8-F1-model_v4_Q75_lDDT	AF-A0A0D0GMS0-F1-model_v4_Q75_lDDT.pdb	9.715E-01	9.504E-01	9.402E-01	28.400	89	88	90
AF-A0A1L6K5X8-F1-model_v4_Q75_lDDT	B5L5X0_Q75_lDDT.pdb	9.711E-01	9.501E-01	9.399E-01	28.400	89	88	90
AF-A0A1L6K5X8-F1-model_v4_Q75_lDDT	B5L5V5_Q75_lDDT.pdb	9.711E-01	9.501E-01	9.399E-01	32.900	89	88	90
AF-A0A1L6K5X8-F1-model_v4_Q75_lDDT	Q9KJB6_Q75_lDDT.pdb	9.636E-01	9.429E-01	9.532E-01	27.200	89	88	88
AF-A0A1L6K5X8-F1-model_v4_Q75_lDDT	Q9KJB1_Q75_lDDT.pdb	9.636E-01	9.429E-01	9.532E-01	29.500	89	88	88
AF-A0A1L6K5X8-F1-model_v4_Q75_lDDT	Q9KJB4_Q75_lDDT.pdb	9.632E-01	9.425E-01	9.527E-01	27.200	89	88	88
AF-A0A1L6K5X8-F1-model_v4_Q75_lDDT	Q9KJB2_Q75_lDDT.pdb	9.632E-01	9.425E-01	9.528E-01	27.200	89	88	88
AF-A0A1L6K5X8-F1-model_v4_Q75_lDDT	Q9KJB3_Q75_lDDT.pdb	9.631E-01	9.424E-01	9.527E-01	27.200	89	88	88
AF-A0A1L6K5X8-F1-model_v4_Q75_lDDT	B3SU2_Q75_lDDT.pdb	9.705E-01	9.495E-01	9.394E-01	35.200	89	88	90
AF-A0A1L6K5X8-F1-model_v4_Q75_lDDT	AF-K4GMF9-F1-model_v4_Q75_lDDT.pdb	9.674E-01	9.463E-01	9.361E-01	40.400	89	89	90
AF-A0A1L6K5X8-F1-model_v4_Q75_lDDT	Q9KJB5_Q75_lDDT.pdb	9.629E-01	9.422E-01	9.524E-01	28.400	89	88	88
AF-A0A1L6K5X8-F1-model_v4_Q75_lDDT	ECM-1_Q75_lDDT.pdb	9.673E-01	9.462E-01	9.360E-01	42.600	89	89	90
AF-A0A1L6K5X8-F1-model_v4_Q75_lDDT	Q9K578_Q75_lDDT.pdb	9.704E-01	9.495E-01	9.393E-01	32.900	89	88	90
AF-A0A1L6K5X8-F1-model_v4_Q75_lDDT	AF-K4GMK0-F1-model_v4_Q75_lDDT.pdb	9.662E-01	9.452E-01	9.350E-01	43.800	89	89	90
AF-A0A1L6K5X8-F1-model_v4_Q75_lDDT	AF-Q9AEF9-F1-model_v4_Q75_lDDT.pdb	9.658E-01	9.448E-01	9.346E-01	41.500	89	89	90
AF-A0A1L6K5X8-F1-model_v4_Q75_lDDT	AF-K4GMG4-F1-model_v4_Q75_lDDT.pdb	9.725E-01	9.408E-01	9.408E-01	36.300	89	88	89
AF-A0A1L6K5X8-F1-model_v4_Q75_lDDT	A0A0C5L392_Q75_lDDT.pdb	9.641E-01	9.434E-01	9.434E-01	27.200	89	88	89
AF-A0A1L6K5X8-F1-model_v4_Q75_lDDT	Q5EEU4_Q75_lDDT.pdb	9.641E-01	9.434E-01	9.434E-01	29.500	89	88	89
AF-A0A1L6K5X8-F1-model_v4_Q75_lDDT	Q4JRB6_Q75_lDDT.pdb	9.633E-01	9.426E-01	9.426E-01	26.100	89	88	89
AF-A0A1L6K5X8-F1-model_v4_Q75_lDDT	Q6DTJ0_Q75_lDDT.pdb	9.633E-01	9.426E-01	9.426E-01	27.200	89	88	89
AF-A0A1L6K5X8-F1-model_v4_Q75_lDDT	Q6DTI9_Q75_lDDT.pdb	9.633E-01	9.426E-01	9.426E-01	28.400	89	88	89
AF-A0A1L6K5X8-F1-model_v4_Q75_lDDT	Q9RB00_Q75_lDDT.pdb	9.631E-01	9.424E-01	9.424E-01	27.200	89	88	89
AF-A0A1L6K5X8-F1-model_v4_Q75_lDDT	AF-A0A1L6K5Y8-F1-model_v4_Q75_lDDT.pdb	9.637E-01	9.428E-01	9.326E-01	46.000	89	89	90
AF-A0A1L6K5X8-F1-model_v4_Q75_lDDT	Q6V8J2_Q75_lDDT.pdb	9.628E-01	9.421E-01	9.421E-01	28.400	89	88	89
AF-A0A1L6K5X8-F1-model_v4_Q75_lDDT	Q6DTI7_Q75_lDDT.pdb	9.625E-01	9.418E-01	9.418E-01	28.400	89	88	89
AF-A0A1L6K5X8-F1-model_v4_Q75_lDDT	AF-A0A1L5BQA7-F1-model_v4_Q75_lDDT.pdb	9.740E-01	9.317E-01	9.419E-01	37.500	89	88	88
AF-A0A1L6K5X8-F1-model_v4_Q75_lDDT	NWM_Q75_lDDT.pdb	9.629E-01	9.420E-01	9.319E-01	37.000	89	89	90
AF-A0A1L6K5X8-F1-model_v4_Q75_lDDT	A0A0C5LDH9_Q75_lDDT.pdb	9.699E-01	9.385E-01	9.385E-01	46.500	89	88	89
AF-A0A1L6K5X8-F1-model_v4_Q75_lDDT	A0A386JBC5_Q75_lDDT.pdb	9.694E-01	9.380E-01	9.380E-01	36.300	89	88	89
AF-A0A1L6K5X8-F1-model_v4_Q75_lDDT	B5L5V0_Q75_lDDT.pdb	9.621E-01	9.413E-01	9.312E-01	44.900	89	89	90
AF-A0A1L6K5X8-F1-model_v4_Q75_lDDT	Q5S4Q5_Q75_lDDT.pdb	9.628E-01	9.421E-01	9.321E-01	28.400	89	88	90
AF-A0A1L6K5X8-F1-model_v4_Q75_lDDT	Q6DTI4_Q75_lDDT.pdb	9.624E-01	9.417E-01	9.317E-01	28.400	89	88	90
AF-A0A1L6K5X8-F1-model_v4_Q75_lDDT	Q6DTI5_Q75_lDDT.pdb	9.622E-01	9.416E-01	9.316E-01	28.400	89	88	90
AF-A0A1L6K5X8-F1-model_v4_Q75_lDDT	Q6DTI8_Q75_lDDT.pdb	9.619E-01	9.412E-01	9.312E-01	29.500	89	88	90
AF-A0A1L6K5X8-F1-model_v4_Q75_lDDT	B5L5V9_Q75_lDDT.pdb	9.687E-01	9.268E-01	9.370E-01	29.500	89	88	88
AF-A0A1L6K5X8-F1-model_v4_Q75_lDDT	A0A059Q5E8_Q75_lDDT.pdb	9.647E-01	9.336E-01	9.336E-01	46.500	89	88	89
AF-A0A1L6K5X8-F1-model_v4_Q75_lDDT	B5L5V3_Q75_lDDT.pdb	9.571E-01	9.264E-01	9.264E-01	39.700	89	88	89
AF-A0A1L6K5X8-F1-model_v4_Q75_lDDT	AF-Q89GW5-F1-model_v4_Q75_lDDT.pdb	9.489E-01	9.288E-01	9.288E-01	34.000	89	88	89
AF-A0A1L6K5X8-F1-model_v4_Q75_lDDT	AF-Q6D395-F1-model_v4_Q75_lDDT.pdb	9.556E-01	9.149E-01	9.247E-01	31.800	89	88	88
AF-A0A1L6K5X8-F1-model_v4_Q75_lDDT	B3SU1_Q75_lDDT.pdb	9.493E-01	9.088E-01	9.186E-01	32.900	89	88	88
AF-A0A1L6K5X8-F1-model_v4_Q75_lDDT	B5L5V2_Q75_lDDT.pdb	9.470E-01	9.068E-01	9.165E-01	25.000	89	88	88
AF-A0A1L6K5X8-F1-model_v4_Q75_lDDT	B5L5W3_Q75_lDDT.pdb	9.395E-01	9.000E-01	9.193E-01	20.400	89	88	87
AF-A8GGW7-F1-model_v4_Q75_lDDT	AF-A8GGW7-F1-model_v4_Q75_lDDT.pdb	1.011E+00	1.000E+00	1.000E+00	100.000	89	89	89
AF-A8GGW7-F1-model_v4_Q75_lDDT	Q9KJB1_Q75_lDDT.pdb	9.862E-01	9.646E-01	9.753E-01	39.700	89	88	88
AF-A8GGW7-F1-model_v4_Q75_lDDT	A0A0C5LQ34_Q75_lDDT.pdb	9.976E-01	9.644E-01	9.644E-01	45.400	89	88	89
AF-A8GGW7-F1-model_v4_Q75_lDDT	Q9KJB4_Q75_lDDT.pdb	9.856E-01	9.640E-01	9.747E-01	39.700	89	88	88
AF-A8GGW7-F1-model_v4_Q75_lDDT	Q9KJB2_Q75_lDDT.pdb	9.856E-01	9.640E-01	9.746E-01	37.500	89	88	88
AF-A8GGW7-F1-model_v4_Q75_lDDT	Q9KJB6_Q75_lDDT.pdb	9.855E-01	9.639E-01	9.746E-01	39.700	89	88	88
AF-A8GGW7-F1-model_v4_Q75_lDDT	Q9KJB3_Q75_lDDT.pdb	9.855E-01	9.639E-01	9.746E-01	40.900	89	88	88
AF-A8GGW7-F1-model_v4_Q75_lDDT	Q9KJB5_Q75_lDDT.pdb	9.854E-01	9.638E-01	9.744E-01	42.000	89	88	88
AF-A8GGW7-F1-model_v4_Q75_lDDT	AF-Q9AEF9-F1-model_v4_Q75_lDDT.pdb	9.891E-01	9.671E-01	9.565E-01	58.400	89	89	90
AF-A8GGW7-F1-model_v4_Q75_lDDT	A0A059Q5E8_Q75_lDDT.pdb	9.959E-01	9.628E-01	9.628E-01	50.000	89	88	89
AF-A8GGW7-F1-model_v4_Q75_lDDT	A0A0C5LQ44_Q75_lDDT.pdb	9.879E-01	9.662E-01	9.662E-01	37.500	89	88	89
AF-A8GGW7-F1-model_v4_Q75_lDDT	Q8KKG1_Q75_lDDT.pdb	9.913E-01	9.694E-01	9.589E-01	37.500	89	88	90
AF-A8GGW7-F1-model_v4_Q75_lDDT	AF-A0A1L6K5Z9-F1-model_v4_Q75_lDDT.pdb	9.951E-01	9.621E-01	9.621E-01	46.500	89	88	89
AF-A8GGW7-F1-model_v4_Q75_lDDT	A0A0C5LDD5_Q75_lDDT.pdb	9.874E-01	9.657E-01	9.657E-01	35.200	89	88	89
AF-A8GGW7-F1-model_v4_Q75_lDDT	A0A0C5LDD9_Q75_lDDT.pdb	9.903E-01	9.685E-01	9.579E-01	36.300	89	88	90
AF-A8GGW7-F1-model_v4_Q75_lDDT	Q4JRB6_Q75_lDDT.pdb	9.862E-01	9.646E-01	9.646E-01	37.500	89	88	89
AF-A8GGW7-F1-model_v4_Q75_lDDT	B5L5X0_Q75_lDDT.pdb	9.896E-01	9.678E-01	9.573E-01	36.300	89	88	90
AF-A8GGW7-F1-model_v4_Q75_lDDT	B5L5V5_Q75_lDDT.pdb	9.895E-01	9.677E-01	9.572E-01	34.000	89	88	90
AF-A8GGW7-F1-model_v4_Q75_lDDT	Q6DTJ0_Q75_lDDT.pdb	9.858E-01	9.641E-01	9.641E-01	40.900	89	88	89
AF-A8GGW7-F1-model_v4_Q75_lDDT	MBL1b_Q75_lDDT.pdb	9.893E-01	9.676E-01	9.571E-01	37.500	89	88	90
AF-A8GGW7-F1-model_v4_Q75_lDDT	Q9RB00_Q75_lDDT.pdb	9.857E-01	9.641E-01	9.641E-01	38.600	89	88	89
AF-A8GGW7-F1-model_v4_Q75_lDDT	Q6DTI9_Q75_lDDT.pdb	9.856E-01	9.640E-01	9.640E-01	42.000	89	88	89
AF-A8GGW7-F1-model_v4_Q75_lDDT	Q6V8J2_Q75_lDDT.pdb	9.855E-01	9.639E-01	9.639E-01	42.000	89	88	89
AF-A8GGW7-F1-model_v4_Q75_lDDT	AF-A0A0D0GMS0-F1-model_v4_Q75_lDDT.pdb	9.890E-01	9.673E-01	9.568E-01	37.500	89	88	90
AF-A8GGW7-F1-model_v4_Q75_lDDT	Q6DTI7_Q75_lDDT.pdb	9.852E-01	9.636E-01	9.636E-01	40.900	89	88	89
AF-A8GGW7-F1-model_v4_Q75_lDDT	Q5EEU4_Q75_lDDT.pdb	9.851E-01	9.635E-01	9.635E-01	42.000	89	88	89
AF-A8GGW7-F1-model_v4_Q75_lDDT	A0A0C5LDH9_Q75_lDDT.pdb	9.925E-01	9.597E-01	9.597E-01	46.500	89	88	89
AF-A8GGW7-F1-model_v4_Q75_lDDT	A0A0C5L392_Q75_lDDT.pdb	9.847E-01	9.631E-01	9.631E-01	36.300	89	88	89
AF-A8GGW7-F1-model_v4_Q75_lDDT	AF-A0A1L6K5Y8-F1-model_v4_Q75_lDDT.pdb	9.838E-01	9.620E-01	9.515E-01	50.500	89	89	90
AF-A8GGW7-F1-model_v4_Q75_lDDT	G5ELM3_Q75_lDDT.pdb	9.908E-01	9.581E-01	9.581E-01	43.100	89	88	89
AF-A8GGW7-F1-model_v4_Q75_lDDT	AF-K4GMG4-F1-model_v4_Q75_lDDT.pdb	9.900E-01	9.573E-01	9.573E-01	50.000	89	88	89
AF-A8GGW7-F1-model_v4_Q75_lDDT	AF-A0A1L6K5X8-F1-model_v4_Q75_lDDT.pdb	9.822E-01	9.608E-01	9.608E-01	37.500	89	88	89
AF-A8GGW7-F1-model_v4_Q75_lDDT	AF-Q89GW5-F1-model_v4_Q75_lDDT.pdb	9.819E-01	9.604E-01	9.604E-01	43.100	89	88	89
AF-A8GGW7-F1-model_v4_Q75_lDDT	Q6DTI8_Q75_lDDT.pdb	9.854E-01	9.639E-01	9.534E-01	39.700	89	88	90
AF-A8GGW7-F1-model_v4_Q75_lDDT	Q6DTI5_Q75_lDDT.pdb	9.854E-01	9.638E-01	9.534E-01	38.600	89	88	90
AF-A8GGW7-F1-model_v4_Q75_lDDT	Q6DTI4_Q75_lDDT.pdb	9.854E-01	9.638E-01	9.534E-01	38.600	89	88	90
AF-A8GGW7-F1-model_v4_Q75_lDDT	Q5S4Q5_Q75_lDDT.pdb	9.851E-01	9.635E-01	9.531E-01	38.600	89	88	90
AF-A8GGW7-F1-model_v4_Q75_lDDT	AF-K4GMK0-F1-model_v4_Q75_lDDT.pdb	9.811E-01	9.594E-01	9.490E-01	44.900	89	89	90
AF-A8GGW7-F1-model_v4_Q75_lDDT	B5L5V0_Q75_lDDT.pdb	9.808E-01	9.591E-01	9.486E-01	44.900	89	89	90
AF-A8GGW7-F1-model_v4_Q75_lDDT	AF-A0A0D6SYW3-F1-model_v4_Q75_lDDT.pdb	9.841E-01	9.626E-01	9.521E-01	34.000	89	88	90
AF-A8GGW7-F1-model_v4_Q75_lDDT	AF-A0A4D6P0I4-F1-model_v4_Q75_lDDT.pdb	9.841E-01	9.625E-01	9.521E-01	34.000	89	88	90
AF-A8GGW7-F1-model_v4_Q75_lDDT	AF-A0A1L5BQA7-F1-model_v4_Q75_lDDT.pdb	9.921E-01	9.483E-01	9.589E-01	39.700	89	88	88
AF-A8GGW7-F1-model_v4_Q75_lDDT	U3U4Q6_Q75_lDDT.pdb	9.830E-01	9.615E-01	9.511E-01	40.900	89	88	90
AF-A8GGW7-F1-model_v4_Q75_lDDT	AF-K4GMG9-F1-model_v6_Q75_lDDT.pdb	9.782E-01	9.567E-01	9.463E-01	41.500	89	89	90
AF-A8GGW7-F1-model_v4_Q75_lDDT	B3SU2_Q75_lDDT.pdb	9.816E-01	9.602E-01	9.498E-01	38.600	89	88	90
AF-A8GGW7-F1-model_v4_Q75_lDDT	B5DCA0_Q75_lDDT.pdb	9.851E-01	9.527E-01	9.527E-01	42.000	89	88	89
AF-A8GGW7-F1-model_v4_Q75_lDDT	Q9K578_Q75_lDDT.pdb	9.810E-01	9.596E-01	9.492E-01	39.700	89	88	90
AF-A8GGW7-F1-model_v4_Q75_lDDT	B5L5V3_Q75_lDDT.pdb	9.841E-01	9.517E-01	9.517E-01	48.800	89	88	89
AF-A8GGW7-F1-model_v4_Q75_lDDT	A0A386JBC5_Q75_lDDT.pdb	9.844E-01	9.521E-01	9.521E-01	48.800	89	88	89
AF-A8GGW7-F1-model_v4_Q75_lDDT	PJM-1_Q75_lDDT.pdb	9.844E-01	9.520E-01	9.520E-01	42.000	89	88	89
AF-A8GGW7-F1-model_v4_Q75_lDDT	NWM_Q75_lDDT.pdb	9.772E-01	9.557E-01	9.453E-01	41.500	89	89	90
AF-A8GGW7-F1-model_v4_Q75_lDDT	ECM-1_Q75_lDDT.pdb	9.756E-01	9.541E-01	9.438E-01	37.000	89	89	90
AF-A8GGW7-F1-model_v4_Q75_lDDT	B5L5V9_Q75_lDDT.pdb	9.867E-01	9.434E-01	9.539E-01	39.700	89	88	88
AF-A8GGW7-F1-model_v4_Q75_lDDT	GRD33_Q75_lDDT.pdb	9.742E-01	9.528E-01	9.425E-01	40.400	89	89	90
AF-A8GGW7-F1-model_v4_Q75_lDDT	AF-K4GMF9-F1-model_v4_Q75_lDDT.pdb	9.742E-01	9.528E-01	9.425E-01	40.400	89	89	90
AF-A8GGW7-F1-model_v4_Q75_lDDT	AF-A0A1L6K5Z8-F1-model_v4_Q75_lDDT.pdb	9.717E-01	9.504E-01	9.401E-01	39.300	89	89	90
AF-A8GGW7-F1-model_v4_Q75_lDDT	AF-Q6D395-F1-model_v4_Q75_lDDT.pdb	9.820E-01	9.391E-01	9.495E-01	36.300	89	88	88
AF-A8GGW7-F1-model_v4_Q75_lDDT	Q9JRP7_Q75_lDDT.pdb	9.625E-01	9.417E-01	9.417E-01	38.600	89	88	89
AF-A8GGW7-F1-model_v4_Q75_lDDT	B5L5W3_Q75_lDDT.pdb	9.710E-01	9.290E-01	9.495E-01	36.300	89	88	87
AF-A8GGW7-F1-model_v4_Q75_lDDT	B5L5V2_Q75_lDDT.pdb	9.743E-01	9.320E-01	9.422E-01	38.600	89	88	88
AF-A8GGW7-F1-model_v4_Q75_lDDT	B3SU1_Q75_lDDT.pdb	9.619E-01	9.203E-01	9.303E-01	38.600	89	88	88
AF-Q6D395-F1-model_v4_Q75_lDDT	AF-Q6D395-F1-model_v4_Q75_lDDT.pdb	1.011E+00	1.000E+00	1.000E+00	100.000	88	88	88
AF-Q6D395-F1-model_v4_Q75_lDDT	AF-A8GGW7-F1-model_v4_Q75_lDDT.pdb	9.820E-01	9.495E-01	9.391E-01	36.300	88	88	89
AF-Q6D395-F1-model_v4_Q75_lDDT	AF-Q89GW5-F1-model_v4_Q75_lDDT.pdb	9.786E-01	9.462E-01	9.359E-01	40.900	88	88	89
AF-Q6D395-F1-model_v4_Q75_lDDT	A0A0C5LQ34_Q75_lDDT.pdb	9.782E-01	9.459E-01	9.356E-01	44.800	88	87	89
AF-Q6D395-F1-model_v4_Q75_lDDT	AF-A0A1L5BQA7-F1-model_v4_Q75_lDDT.pdb	9.711E-01	9.392E-01	9.392E-01	39.500	88	86	88
AF-Q6D395-F1-model_v4_Q75_lDDT	AF-A0A1L6K5Z9-F1-model_v4_Q75_lDDT.pdb	9.730E-01	9.410E-01	9.308E-01	37.900	88	87	89
AF-Q6D395-F1-model_v4_Q75_lDDT	A0A059Q5E8_Q75_lDDT.pdb	9.727E-01	9.407E-01	9.305E-01	37.900	88	87	89
AF-Q6D395-F1-model_v4_Q75_lDDT	NWM_Q75_lDDT.pdb	9.743E-01	9.423E-01	9.220E-01	35.200	88	88	90
AF-Q6D395-F1-model_v4_Q75_lDDT	B5L5V2_Q75_lDDT.pdb	9.662E-01	9.346E-01	9.346E-01	33.700	88	86	88
AF-Q6D395-F1-model_v4_Q75_lDDT	AF-Q9AEF9-F1-model_v4_Q75_lDDT.pdb	9.734E-01	9.414E-01	9.212E-01	35.200	88	88	90
AF-Q6D395-F1-model_v4_Q75_lDDT	Q9KJB1_Q75_lDDT.pdb	9.657E-01	9.342E-01	9.342E-01	36.300	88	88	88
AF-Q6D395-F1-model_v4_Q75_lDDT	Q9KJB4_Q75_lDDT.pdb	9.648E-01	9.334E-01	9.334E-01	36.300	88	88	88
AF-Q6D395-F1-model_v4_Q75_lDDT	B5L5V9_Q75_lDDT.pdb	9.650E-01	9.335E-01	9.335E-01	32.500	88	86	88
AF-Q6D395-F1-model_v4_Q75_lDDT	Q9KJB5_Q75_lDDT.pdb	9.648E-01	9.333E-01	9.333E-01	36.300	88	88	88
AF-Q6D395-F1-model_v4_Q75_lDDT	AF-K4GMG4-F1-model_v4_Q75_lDDT.pdb	9.683E-01	9.366E-01	9.265E-01	35.600	88	87	89
AF-Q6D395-F1-model_v4_Q75_lDDT	B5L5W3_Q75_lDDT.pdb	9.610E-01	9.298E-01	9.400E-01	32.500	88	86	87
AF-Q6D395-F1-model_v4_Q75_lDDT	Q9KJB3_Q75_lDDT.pdb	9.647E-01	9.333E-01	9.333E-01	36.300	88	88	88
AF-Q6D395-F1-model_v4_Q75_lDDT	Q9KJB6_Q75_lDDT.pdb	9.646E-01	9.332E-01	9.332E-01	35.200	88	88	88
AF-Q6D395-F1-model_v4_Q75_lDDT	AF-K4GMK0-F1-model_v4_Q75_lDDT.pdb	9.718E-01	9.399E-01	9.198E-01	34.000	88	88	90
AF-Q6D395-F1-model_v4_Q75_lDDT	Q9KJB2_Q75_lDDT.pdb	9.645E-01	9.331E-01	9.331E-01	34.000	88	88	88
AF-Q6D395-F1-model_v4_Q75_lDDT	AF-A0A1L6K5Y8-F1-model_v4_Q75_lDDT.pdb	9.714E-01	9.395E-01	9.193E-01	35.200	88	88	90
AF-Q6D395-F1-model_v4_Q75_lDDT	Q8KKG1_Q75_lDDT.pdb	9.713E-01	9.394E-01	9.193E-01	37.500	88	88	90
AF-Q6D395-F1-model_v4_Q75_lDDT	MBL1b_Q75_lDDT.pdb	9.711E-01	9.392E-01	9.191E-01	37.500	88	88	90
AF-Q6D395-F1-model_v4_Q75_lDDT	B5L5V0_Q75_lDDT.pdb	9.709E-01	9.390E-01	9.189E-01	37.500	88	88	90
AF-Q6D395-F1-model_v4_Q75_lDDT	G5ELM3_Q75_lDDT.pdb	9.670E-01	9.354E-01	9.253E-01	32.100	88	87	89
AF-Q6D395-F1-model_v4_Q75_lDDT	A0A0C5LDH9_Q75_lDDT.pdb	9.668E-01	9.352E-01	9.252E-01	35.600	88	87	89
AF-Q6D395-F1-model_v4_Q75_lDDT	B5L5V3_Q75_lDDT.pdb	9.658E-01	9.343E-01	9.242E-01	34.400	88	87	89
AF-Q6D395-F1-model_v4_Q75_lDDT	U3U4Q6_Q75_lDDT.pdb	9.685E-01	9.368E-01	9.168E-01	42.000	88	88	90
AF-Q6D395-F1-model_v4_Q75_lDDT	Q6V8J2_Q75_lDDT.pdb	9.650E-01	9.335E-01	9.235E-01	36.300	88	88	89
AF-Q6D395-F1-model_v4_Q75_lDDT	A0A386JBC5_Q75_lDDT.pdb	9.649E-01	9.334E-01	9.234E-01	36.700	88	87	89
AF-Q6D395-F1-model_v4_Q75_lDDT	Q6DTI7_Q75_lDDT.pdb	9.647E-01	9.332E-01	9.232E-01	37.500	88	88	89
AF-Q6D395-F1-model_v4_Q75_lDDT	Q6DTJ0_Q75_lDDT.pdb	9.647E-01	9.333E-01	9.232E-01	36.300	88	88	89
AF-Q6D395-F1-model_v4_Q75_lDDT	Q6DTI9_Q75_lDDT.pdb	9.646E-01	9.332E-01	9.231E-01	36.300	88	88	89
AF-Q6D395-F1-model_v4_Q75_lDDT	Q9RB00_Q75_lDDT.pdb	9.645E-01	9.331E-01	9.231E-01	35.200	88	88	89
AF-Q6D395-F1-model_v4_Q75_lDDT	AF-K4GMG9-F1-model_v6_Q75_lDDT.pdb	9.681E-01	9.364E-01	9.164E-01	40.900	88	88	90
AF-Q6D395-F1-model_v4_Q75_lDDT	Q4JRB6_Q75_lDDT.pdb	9.639E-01	9.325E-01	9.224E-01	35.200	88	88	89
AF-Q6D395-F1-model_v4_Q75_lDDT	A0A0C5LDD5_Q75_lDDT.pdb	9.639E-01	9.325E-01	9.225E-01	30.600	88	88	89
AF-Q6D395-F1-model_v4_Q75_lDDT	Q5EEU4_Q75_lDDT.pdb	9.630E-01	9.317E-01	9.217E-01	38.600	88	88	89
AF-Q6D395-F1-model_v4_Q75_lDDT	Q9K578_Q75_lDDT.pdb	9.666E-01	9.351E-01	9.151E-01	37.500	88	88	90
AF-Q6D395-F1-model_v4_Q75_lDDT	B5L5V5_Q75_lDDT.pdb	9.660E-01	9.345E-01	9.146E-01	28.400	88	88	90
AF-Q6D395-F1-model_v4_Q75_lDDT	A0A0C5L392_Q75_lDDT.pdb	9.623E-01	9.309E-01	9.210E-01	32.900	88	88	89
AF-Q6D395-F1-model_v4_Q75_lDDT	B5L5X0_Q75_lDDT.pdb	9.654E-01	9.339E-01	9.140E-01	35.200	88	88	90
AF-Q6D395-F1-model_v4_Q75_lDDT	A0A0C5LDD9_Q75_lDDT.pdb	9.653E-01	9.338E-01	9.139E-01	34.000	88	88	90
AF-Q6D395-F1-model_v4_Q75_lDDT	B3SU2_Q75_lDDT.pdb	9.654E-01	9.339E-01	9.140E-01	34.000	88	88	90
AF-Q6D395-F1-model_v4_Q75_lDDT	AF-A0A0D0GMS0-F1-model_v4_Q75_lDDT.pdb	9.652E-01	9.337E-01	9.139E-01	32.900	88	88	90
AF-Q6D395-F1-model_v4_Q75_lDDT	ECM-1_Q75_lDDT.pdb	9.649E-01	9.334E-01	9.135E-01	35.200	88	88	90
AF-Q6D395-F1-model_v4_Q75_lDDT	Q6DTI8_Q75_lDDT.pdb	9.648E-01	9.333E-01	9.134E-01	36.300	88	88	90
AF-Q6D395-F1-model_v4_Q75_lDDT	AF-A0A4D6P0I4-F1-model_v4_Q75_lDDT.pdb	9.645E-01	9.330E-01	9.132E-01	37.500	88	88	90
AF-Q6D395-F1-model_v4_Q75_lDDT	Q6DTI5_Q75_lDDT.pdb	9.646E-01	9.331E-01	9.132E-01	36.300	88	88	90
AF-Q6D395-F1-model_v4_Q75_lDDT	B5DCA0_Q75_lDDT.pdb	9.609E-01	9.296E-01	9.197E-01	28.700	88	87	89
AF-Q6D395-F1-model_v4_Q75_lDDT	AF-A0A0D6SYW3-F1-model_v4_Q75_lDDT.pdb	9.644E-01	9.329E-01	9.131E-01	37.500	88	88	90
AF-Q6D395-F1-model_v4_Q75_lDDT	Q6DTI4_Q75_lDDT.pdb	9.644E-01	9.330E-01	9.131E-01	36.300	88	88	90
AF-Q6D395-F1-model_v4_Q75_lDDT	PJM-1_Q75_lDDT.pdb	9.606E-01	9.294E-01	9.194E-01	29.800	88	87	89
AF-Q6D395-F1-model_v4_Q75_lDDT	Q5S4Q5_Q75_lDDT.pdb	9.640E-01	9.326E-01	9.127E-01	36.300	88	88	90
AF-Q6D395-F1-model_v4_Q75_lDDT	A0A0C5LQ44_Q75_lDDT.pdb	9.598E-01	9.286E-01	9.187E-01	31.800	88	88	89
AF-Q6D395-F1-model_v4_Q75_lDDT	AF-K4GMF9-F1-model_v4_Q75_lDDT.pdb	9.626E-01	9.313E-01	9.115E-01	32.900	88	88	90
AF-Q6D395-F1-model_v4_Q75_lDDT	GRD33_Q75_lDDT.pdb	9.619E-01	9.306E-01	9.108E-01	36.300	88	88	90
AF-Q6D395-F1-model_v4_Q75_lDDT	B3SU1_Q75_lDDT.pdb	9.533E-01	9.224E-01	9.224E-01	33.700	88	86	88
AF-Q6D395-F1-model_v4_Q75_lDDT	AF-A0A1L6K5X8-F1-model_v4_Q75_lDDT.pdb	9.556E-01	9.247E-01	9.149E-01	31.800	88	88	89
AF-Q6D395-F1-model_v4_Q75_lDDT	AF-A0A1L6K5Z8-F1-model_v4_Q75_lDDT.pdb	9.573E-01	9.262E-01	9.066E-01	34.000	88	88	90
AF-Q6D395-F1-model_v4_Q75_lDDT	Q9JRP7_Q75_lDDT.pdb	9.426E-01	9.121E-01	9.023E-01	34.000	88	88	89
B5L5V0_Q75_lDDT	B5L5V0_Q75_lDDT.pdb	1.011E+00	1.000E+00	1.000E+00	100.000	90	90	90
B5L5V0_Q75_lDDT	AF-A0A1L6K5Y8-F1-model_v4_Q75_lDDT.pdb	1.005E+00	9.719E-01	9.719E-01	63.600	90	88	90
B5L5V0_Q75_lDDT	AF-Q9AEF9-F1-model_v4_Q75_lDDT.pdb	1.001E+00	9.679E-01	9.679E-01	56.800	90	88	90
B5L5V0_Q75_lDDT	AF-K4GMK0-F1-model_v4_Q75_lDDT.pdb	1.001E+00	9.676E-01	9.676E-01	50.000	90	88	90
B5L5V0_Q75_lDDT	A0A0C5LDH9_Q75_lDDT.pdb	1.002E+00	9.581E-01	9.687E-01	54.500	90	88	89
B5L5V0_Q75_lDDT	B5L5V3_Q75_lDDT.pdb	1.001E+00	9.567E-01	9.673E-01	70.400	90	88	89
B5L5V0_Q75_lDDT	G5ELM3_Q75_lDDT.pdb	9.996E-01	9.557E-01	9.663E-01	48.800	90	88	89
B5L5V0_Q75_lDDT	AF-A0A1L6K5Z9-F1-model_v4_Q75_lDDT.pdb	9.994E-01	9.554E-01	9.660E-01	55.600	90	88	89
B5L5V0_Q75_lDDT	GRD33_Q75_lDDT.pdb	9.951E-01	9.624E-01	9.624E-01	53.400	90	88	90
B5L5V0_Q75_lDDT	NWM_Q75_lDDT.pdb	9.935E-01	9.609E-01	9.609E-01	46.500	90	88	90
B5L5V0_Q75_lDDT	AF-A0A1L6K5Z8-F1-model_v4_Q75_lDDT.pdb	9.935E-01	9.610E-01	9.610E-01	54.500	90	88	90
B5L5V0_Q75_lDDT	A0A386JBC5_Q75_lDDT.pdb	9.975E-01	9.538E-01	9.644E-01	51.100	90	88	89
B5L5V0_Q75_lDDT	A0A059Q5E8_Q75_lDDT.pdb	9.968E-01	9.530E-01	9.636E-01	62.500	90	88	89
B5L5V0_Q75_lDDT	B5DCA0_Q75_lDDT.pdb	9.936E-01	9.502E-01	9.607E-01	59.000	90	88	89
B5L5V0_Q75_lDDT	AF-K4GMG4-F1-model_v4_Q75_lDDT.pdb	9.935E-01	9.500E-01	9.605E-01	50.000	90	88	89
B5L5V0_Q75_lDDT	PJM-1_Q75_lDDT.pdb	9.926E-01	9.492E-01	9.597E-01	60.200	90	88	89
B5L5V0_Q75_lDDT	AF-A8GGW7-F1-model_v4_Q75_lDDT.pdb	9.808E-01	9.486E-01	9.591E-01	44.900	90	89	89
B5L5V0_Q75_lDDT	AF-A0A1L5BQA7-F1-model_v4_Q75_lDDT.pdb	9.958E-01	9.412E-01	9.623E-01	42.000	90	88	88
B5L5V0_Q75_lDDT	AF-K4GMG9-F1-model_v6_Q75_lDDT.pdb	9.866E-01	9.544E-01	9.544E-01	44.300	90	88	90
B5L5V0_Q75_lDDT	AF-K4GMF9-F1-model_v4_Q75_lDDT.pdb	9.844E-01	9.524E-01	9.524E-01	44.300	90	88	90
B5L5V0_Q75_lDDT	A0A0C5LQ34_Q75_lDDT.pdb	9.855E-01	9.423E-01	9.527E-01	51.600	90	89	89
B5L5V0_Q75_lDDT	ECM-1_Q75_lDDT.pdb	9.827E-01	9.508E-01	9.508E-01	42.000	90	88	90
B5L5V0_Q75_lDDT	Q9KJB1_Q75_lDDT.pdb	9.705E-01	9.391E-01	9.598E-01	32.500	90	89	88
B5L5V0_Q75_lDDT	Q9KJB4_Q75_lDDT.pdb	9.702E-01	9.387E-01	9.595E-01	33.700	90	89	88
B5L5V0_Q75_lDDT	Q9KJB6_Q75_lDDT.pdb	9.701E-01	9.387E-01	9.594E-01	33.700	90	89	88
B5L5V0_Q75_lDDT	Q9KJB3_Q75_lDDT.pdb	9.698E-01	9.384E-01	9.591E-01	33.700	90	89	88
B5L5V0_Q75_lDDT	Q9KJB5_Q75_lDDT.pdb	9.697E-01	9.383E-01	9.590E-01	34.800	90	89	88
B5L5V0_Q75_lDDT	Q9KJB2_Q75_lDDT.pdb	9.695E-01	9.381E-01	9.588E-01	31.400	90	89	88
B5L5V0_Q75_lDDT	Q4JRB6_Q75_lDDT.pdb	9.715E-01	9.400E-01	9.503E-01	31.400	90	89	89
B5L5V0_Q75_lDDT	A0A0C5LDD9_Q75_lDDT.pdb	9.746E-01	9.429E-01	9.429E-01	30.300	90	89	90
B5L5V0_Q75_lDDT	Q8KKG1_Q75_lDDT.pdb	9.743E-01	9.426E-01	9.426E-01	42.600	90	89	90
B5L5V0_Q75_lDDT	A0A0C5LDD5_Q75_lDDT.pdb	9.703E-01	9.389E-01	9.491E-01	30.300	90	89	89
B5L5V0_Q75_lDDT	Q9RB00_Q75_lDDT.pdb	9.702E-01	9.388E-01	9.490E-01	32.500	90	89	89
B5L5V0_Q75_lDDT	A0A0C5L392_Q75_lDDT.pdb	9.700E-01	9.386E-01	9.489E-01	30.300	90	89	89
B5L5V0_Q75_lDDT	Q6DTJ0_Q75_lDDT.pdb	9.699E-01	9.385E-01	9.488E-01	34.800	90	89	89
B5L5V0_Q75_lDDT	Q6DTI9_Q75_lDDT.pdb	9.699E-01	9.385E-01	9.488E-01	34.800	90	89	89
B5L5V0_Q75_lDDT	Q6V8J2_Q75_lDDT.pdb	9.699E-01	9.384E-01	9.487E-01	34.800	90	89	89
B5L5V0_Q75_lDDT	Q5EEU4_Q75_lDDT.pdb	9.693E-01	9.380E-01	9.482E-01	34.800	90	89	89
B5L5V0_Q75_lDDT	Q6DTI7_Q75_lDDT.pdb	9.691E-01	9.377E-01	9.480E-01	33.700	90	89	89
B5L5V0_Q75_lDDT	B5L5V5_Q75_lDDT.pdb	9.725E-01	9.409E-01	9.409E-01	31.400	90	89	90
B5L5V0_Q75_lDDT	AF-A0A0D0GMS0-F1-model_v4_Q75_lDDT.pdb	9.723E-01	9.407E-01	9.407E-01	33.700	90	89	90
B5L5V0_Q75_lDDT	B5L5V9_Q75_lDDT.pdb	9.835E-01	9.303E-01	9.509E-01	37.500	90	88	88
B5L5V0_Q75_lDDT	B5L5X0_Q75_lDDT.pdb	9.717E-01	9.401E-01	9.401E-01	29.200	90	89	90
B5L5V0_Q75_lDDT	A0A0C5LQ44_Q75_lDDT.pdb	9.676E-01	9.363E-01	9.465E-01	32.500	90	89	89
B5L5V0_Q75_lDDT	MBL1b_Q75_lDDT.pdb	9.698E-01	9.384E-01	9.384E-01	41.500	90	89	90
B5L5V0_Q75_lDDT	Q6DTI4_Q75_lDDT.pdb	9.696E-01	9.382E-01	9.382E-01	31.400	90	89	90
B5L5V0_Q75_lDDT	Q6DTI5_Q75_lDDT.pdb	9.695E-01	9.382E-01	9.382E-01	31.400	90	89	90
B5L5V0_Q75_lDDT	Q6DTI8_Q75_lDDT.pdb	9.694E-01	9.380E-01	9.380E-01	32.500	90	89	90
B5L5V0_Q75_lDDT	Q5S4Q5_Q75_lDDT.pdb	9.692E-01	9.379E-01	9.379E-01	31.400	90	89	90
B5L5V0_Q75_lDDT	Q9K578_Q75_lDDT.pdb	9.685E-01	9.371E-01	9.371E-01	38.200	90	89	90
B5L5V0_Q75_lDDT	B3SU2_Q75_lDDT.pdb	9.684E-01	9.371E-01	9.371E-01	40.400	90	89	90
B5L5V0_Q75_lDDT	B3SU1_Q75_lDDT.pdb	9.780E-01	9.251E-01	9.456E-01	44.300	90	88	88
B5L5V0_Q75_lDDT	AF-Q89GW5-F1-model_v4_Q75_lDDT.pdb	9.628E-01	9.318E-01	9.419E-01	37.000	90	89	89
B5L5V0_Q75_lDDT	AF-A0A1L6K5X8-F1-model_v4_Q75_lDDT.pdb	9.621E-01	9.312E-01	9.413E-01	44.900	90	89	89
B5L5V0_Q75_lDDT	AF-A0A4D6P0I4-F1-model_v4_Q75_lDDT.pdb	9.637E-01	9.326E-01	9.326E-01	40.400	90	89	90
B5L5V0_Q75_lDDT	AF-A0A0D6SYW3-F1-model_v4_Q75_lDDT.pdb	9.636E-01	9.326E-01	9.326E-01	40.400	90	89	90
B5L5V0_Q75_lDDT	U3U4Q6_Q75_lDDT.pdb	9.625E-01	9.315E-01	9.315E-01	40.400	90	89	90
B5L5V0_Q75_lDDT	AF-Q6D395-F1-model_v4_Q75_lDDT.pdb	9.709E-01	9.189E-01	9.390E-01	37.500	90	88	88
B5L5V0_Q75_lDDT	B5L5V2_Q75_lDDT.pdb	9.651E-01	9.137E-01	9.336E-01	35.200	90	88	88
B5L5V0_Q75_lDDT	B5L5W3_Q75_lDDT.pdb	9.613E-01	9.102E-01	9.402E-01	31.800	90	88	87
B5L5V0_Q75_lDDT	Q9JRP7_Q75_lDDT.pdb	9.433E-01	9.131E-01	9.230E-01	40.400	90	89	89
B5L5W3_Q75_lDDT	B5L5W3_Q75_lDDT.pdb	1.012E+00	1.000E+00	1.000E+00	100.000	87	87	87
B5L5W3_Q75_lDDT	B5L5V2_Q75_lDDT.pdb	1.008E+00	9.851E-01	9.739E-01	80.200	87	86	88
B5L5W3_Q75_lDDT	Q9KJB1_Q75_lDDT.pdb	9.891E-01	9.669E-01	9.561E-01	45.400	87	88	88
B5L5W3_Q75_lDDT	Q9KJB5_Q75_lDDT.pdb	9.891E-01	9.668E-01	9.561E-01	46.500	87	88	88
B5L5W3_Q75_lDDT	Q9KJB2_Q75_lDDT.pdb	9.890E-01	9.667E-01	9.559E-01	47.700	87	88	88
B5L5W3_Q75_lDDT	Q9KJB4_Q75_lDDT.pdb	9.888E-01	9.665E-01	9.557E-01	47.700	87	88	88
B5L5W3_Q75_lDDT	Q9KJB3_Q75_lDDT.pdb	9.888E-01	9.665E-01	9.557E-01	46.500	87	88	88
B5L5W3_Q75_lDDT	Q9KJB6_Q75_lDDT.pdb	9.887E-01	9.664E-01	9.557E-01	47.700	87	88	88
B5L5W3_Q75_lDDT	B5L5V9_Q75_lDDT.pdb	9.864E-01	9.642E-01	9.535E-01	46.500	87	86	88
B5L5W3_Q75_lDDT	Q6V8J2_Q75_lDDT.pdb	9.894E-01	9.671E-01	9.458E-01	46.500	87	88	89
B5L5W3_Q75_lDDT	Q6DTI7_Q75_lDDT.pdb	9.893E-01	9.670E-01	9.456E-01	46.500	87	88	89
B5L5W3_Q75_lDDT	Q6DTI9_Q75_lDDT.pdb	9.892E-01	9.669E-01	9.456E-01	46.500	87	88	89
B5L5W3_Q75_lDDT	Q6DTJ0_Q75_lDDT.pdb	9.891E-01	9.669E-01	9.455E-01	45.400	87	88	89
B5L5W3_Q75_lDDT	Q9RB00_Q75_lDDT.pdb	9.890E-01	9.667E-01	9.454E-01	48.800	87	88	89
B5L5W3_Q75_lDDT	Q4JRB6_Q75_lDDT.pdb	9.885E-01	9.662E-01	9.449E-01	48.800	87	88	89
B5L5W3_Q75_lDDT	Q5EEU4_Q75_lDDT.pdb	9.882E-01	9.659E-01	9.447E-01	45.400	87	88	89
B5L5W3_Q75_lDDT	A0A0C5L392_Q75_lDDT.pdb	9.866E-01	9.644E-01	9.432E-01	46.500	87	88	89
B5L5W3_Q75_lDDT	A0A0C5LDD5_Q75_lDDT.pdb	9.861E-01	9.640E-01	9.428E-01	50.000	87	88	89
B5L5W3_Q75_lDDT	Q6DTI8_Q75_lDDT.pdb	9.898E-01	9.675E-01	9.358E-01	45.400	87	88	90
B5L5W3_Q75_lDDT	Q6DTI5_Q75_lDDT.pdb	9.895E-01	9.672E-01	9.356E-01	46.500	87	88	90
B5L5W3_Q75_lDDT	Q6DTI4_Q75_lDDT.pdb	9.894E-01	9.671E-01	9.355E-01	46.500	87	88	90
B5L5W3_Q75_lDDT	Q5S4Q5_Q75_lDDT.pdb	9.893E-01	9.670E-01	9.354E-01	46.500	87	88	90
B5L5W3_Q75_lDDT	A0A0C5LQ44_Q75_lDDT.pdb	9.846E-01	9.625E-01	9.414E-01	50.000	87	88	89
B5L5W3_Q75_lDDT	B5L5V5_Q75_lDDT.pdb	9.867E-01	9.646E-01	9.331E-01	43.100	87	88	90
B5L5W3_Q75_lDDT	AF-A0A0D0GMS0-F1-model_v4_Q75_lDDT.pdb	9.860E-01	9.639E-01	9.325E-01	47.700	87	88	90
B5L5W3_Q75_lDDT	A0A0C5LDD9_Q75_lDDT.pdb	9.846E-01	9.625E-01	9.312E-01	48.800	87	88	90
B5L5W3_Q75_lDDT	B5L5X0_Q75_lDDT.pdb	9.843E-01	9.622E-01	9.309E-01	51.100	87	88	90
B5L5W3_Q75_lDDT	AF-Q89GW5-F1-model_v4_Q75_lDDT.pdb	9.810E-01	9.591E-01	9.381E-01	42.000	87	88	89
B5L5W3_Q75_lDDT	B3SU2_Q75_lDDT.pdb	9.779E-01	9.561E-01	9.252E-01	42.000	87	88	90
B5L5W3_Q75_lDDT	Q9K578_Q75_lDDT.pdb	9.757E-01	9.540E-01	9.232E-01	39.700	87	88	90
B5L5W3_Q75_lDDT	AF-A8GGW7-F1-model_v4_Q75_lDDT.pdb	9.710E-01	9.495E-01	9.290E-01	36.300	87	88	89
B5L5W3_Q75_lDDT	A0A386JBC5_Q75_lDDT.pdb	9.704E-01	9.489E-01	9.283E-01	29.800	87	87	89
B5L5W3_Q75_lDDT	AF-A0A1L6K5Z9-F1-model_v4_Q75_lDDT.pdb	9.692E-01	9.478E-01	9.273E-01	27.500	87	87	89
B5L5W3_Q75_lDDT	A0A059Q5E8_Q75_lDDT.pdb	9.685E-01	9.471E-01	9.267E-01	29.800	87	87	89
B5L5W3_Q75_lDDT	A0A0C5LDH9_Q75_lDDT.pdb	9.660E-01	9.447E-01	9.243E-01	33.300	87	87	89
B5L5W3_Q75_lDDT	ECM-1_Q75_lDDT.pdb	9.686E-01	9.472E-01	9.168E-01	26.100	87	88	90
B5L5W3_Q75_lDDT	A0A0C5LQ34_Q75_lDDT.pdb	9.645E-01	9.432E-01	9.229E-01	37.900	87	87	89
B5L5W3_Q75_lDDT	AF-Q9AEF9-F1-model_v4_Q75_lDDT.pdb	9.682E-01	9.468E-01	9.165E-01	36.300	87	88	90
B5L5W3_Q75_lDDT	NWM_Q75_lDDT.pdb	9.686E-01	9.472E-01	9.168E-01	29.500	87	88	90
B5L5W3_Q75_lDDT	AF-K4GMF9-F1-model_v4_Q75_lDDT.pdb	9.675E-01	9.461E-01	9.158E-01	25.000	87	88	90
B5L5W3_Q75_lDDT	B5L5V3_Q75_lDDT.pdb	9.638E-01	9.425E-01	9.222E-01	34.400	87	87	89
B5L5W3_Q75_lDDT	AF-K4GMG4-F1-model_v4_Q75_lDDT.pdb	9.638E-01	9.426E-01	9.223E-01	28.700	87	87	89
B5L5W3_Q75_lDDT	AF-Q6D395-F1-model_v4_Q75_lDDT.pdb	9.610E-01	9.400E-01	9.298E-01	32.500	87	86	88
B5L5W3_Q75_lDDT	AF-K4GMK0-F1-model_v4_Q75_lDDT.pdb	9.663E-01	9.450E-01	9.147E-01	32.900	87	88	90
B5L5W3_Q75_lDDT	AF-A0A1L5BQA7-F1-model_v4_Q75_lDDT.pdb	9.584E-01	9.374E-01	9.273E-01	33.700	87	86	88
B5L5W3_Q75_lDDT	AF-K4GMG9-F1-model_v6_Q75_lDDT.pdb	9.652E-01	9.439E-01	9.137E-01	29.500	87	88	90
B5L5W3_Q75_lDDT	Q8KKG1_Q75_lDDT.pdb	9.647E-01	9.434E-01	9.132E-01	31.800	87	88	90
B5L5W3_Q75_lDDT	AF-A0A1L6K5Y8-F1-model_v4_Q75_lDDT.pdb	9.638E-01	9.426E-01	9.125E-01	32.900	87	88	90
B5L5W3_Q75_lDDT	B5L5V0_Q75_lDDT.pdb	9.613E-01	9.402E-01	9.102E-01	31.800	87	88	90
B5L5W3_Q75_lDDT	B5DCA0_Q75_lDDT.pdb	9.557E-01	9.348E-01	9.148E-01	32.100	87	87	89
B5L5W3_Q75_lDDT	PJM-1_Q75_lDDT.pdb	9.556E-01	9.347E-01	9.147E-01	31.000	87	87	89
B5L5W3_Q75_lDDT	MBL1b_Q75_lDDT.pdb	9.586E-01	9.376E-01	9.078E-01	31.800	87	88	90
B5L5W3_Q75_lDDT	G5ELM3_Q75_lDDT.pdb	9.549E-01	9.341E-01	9.141E-01	32.100	87	87	89
B5L5W3_Q75_lDDT	B3SU1_Q75_lDDT.pdb	9.413E-01	9.208E-01	9.110E-01	29.000	87	86	88
B5L5W3_Q75_lDDT	U3U4Q6_Q75_lDDT.pdb	9.489E-01	9.283E-01	8.990E-01	23.800	87	88	90
B5L5W3_Q75_lDDT	AF-A0A4D6P0I4-F1-model_v4_Q75_lDDT.pdb	9.455E-01	9.251E-01	8.960E-01	23.800	87	88	90
B5L5W3_Q75_lDDT	AF-A0A0D6SYW3-F1-model_v4_Q75_lDDT.pdb	9.454E-01	9.249E-01	8.959E-01	23.800	87	88	90
B5L5W3_Q75_lDDT	GRD33_Q75_lDDT.pdb	9.442E-01	9.239E-01	8.949E-01	27.200	87	88	90
B5L5W3_Q75_lDDT	AF-A0A1L6K5X8-F1-model_v4_Q75_lDDT.pdb	9.395E-01	9.193E-01	9.000E-01	20.400	87	88	89
B5L5W3_Q75_lDDT	AF-A0A1L6K5Z8-F1-model_v4_Q75_lDDT.pdb	9.429E-01	9.226E-01	8.936E-01	27.200	87	88	90
B5L5W3_Q75_lDDT	Q9JRP7_Q75_lDDT.pdb	9.276E-01	9.076E-01	8.885E-01	19.300	87	88	89
NWM_Q75_lDDT	NWM_Q75_lDDT.pdb	1.011E+00	1.000E+00	1.000E+00	100.000	90	90	90
NWM_Q75_lDDT	AF-Q9AEF9-F1-model_v4_Q75_lDDT.pdb	9.958E-01	9.631E-01	9.631E-01	46.500	90	88	90
NWM_Q75_lDDT	AF-A0A1L6K5Y8-F1-model_v4_Q75_lDDT.pdb	9.943E-01	9.617E-01	9.617E-01	50.000	90	88	90
NWM_Q75_lDDT	B5L5V0_Q75_lDDT.pdb	9.935E-01	9.609E-01	9.609E-01	46.500	90	88	90
NWM_Q75_lDDT	AF-K4GMG9-F1-model_v6_Q75_lDDT.pdb	9.933E-01	9.607E-01	9.607E-01	53.400	90	88	90
NWM_Q75_lDDT	AF-A0A1L6K5Z9-F1-model_v4_Q75_lDDT.pdb	9.974E-01	9.536E-01	9.642E-01	53.400	90	88	89
NWM_Q75_lDDT	AF-K4GMF9-F1-model_v4_Q75_lDDT.pdb	9.918E-01	9.594E-01	9.594E-01	52.200	90	88	90
NWM_Q75_lDDT	AF-K4GMK0-F1-model_v4_Q75_lDDT.pdb	9.908E-01	9.584E-01	9.584E-01	51.100	90	88	90
NWM_Q75_lDDT	A0A0C5LDH9_Q75_lDDT.pdb	9.940E-01	9.505E-01	9.611E-01	46.500	90	88	89
NWM_Q75_lDDT	ECM-1_Q75_lDDT.pdb	9.897E-01	9.573E-01	9.573E-01	47.700	90	88	90
NWM_Q75_lDDT	AF-K4GMG4-F1-model_v4_Q75_lDDT.pdb	9.928E-01	9.494E-01	9.599E-01	59.000	90	88	89
NWM_Q75_lDDT	G5ELM3_Q75_lDDT.pdb	9.917E-01	9.484E-01	9.589E-01	47.700	90	88	89
NWM_Q75_lDDT	A0A059Q5E8_Q75_lDDT.pdb	9.901E-01	9.470E-01	9.574E-01	46.500	90	88	89
NWM_Q75_lDDT	GRD33_Q75_lDDT.pdb	9.849E-01	9.529E-01	9.529E-01	47.700	90	88	90
NWM_Q75_lDDT	AF-A0A1L6K5Z8-F1-model_v4_Q75_lDDT.pdb	9.840E-01	9.520E-01	9.520E-01	47.700	90	88	90
NWM_Q75_lDDT	AF-A8GGW7-F1-model_v4_Q75_lDDT.pdb	9.772E-01	9.453E-01	9.557E-01	41.500	90	89	89
NWM_Q75_lDDT	A0A386JBC5_Q75_lDDT.pdb	9.872E-01	9.443E-01	9.546E-01	50.000	90	88	89
NWM_Q75_lDDT	B5DCA0_Q75_lDDT.pdb	9.861E-01	9.432E-01	9.536E-01	47.700	90	88	89
NWM_Q75_lDDT	PJM-1_Q75_lDDT.pdb	9.851E-01	9.424E-01	9.527E-01	46.500	90	88	89
NWM_Q75_lDDT	Q9KJB1_Q75_lDDT.pdb	9.705E-01	9.390E-01	9.598E-01	31.400	90	89	88
NWM_Q75_lDDT	Q9KJB6_Q75_lDDT.pdb	9.704E-01	9.390E-01	9.597E-01	31.400	90	89	88
NWM_Q75_lDDT	Q9KJB4_Q75_lDDT.pdb	9.702E-01	9.387E-01	9.595E-01	31.400	90	89	88
NWM_Q75_lDDT	Q9KJB3_Q75_lDDT.pdb	9.701E-01	9.387E-01	9.594E-01	31.400	90	89	88
NWM_Q75_lDDT	Q9KJB5_Q75_lDDT.pdb	9.700E-01	9.386E-01	9.593E-01	32.500	90	89	88
NWM_Q75_lDDT	AF-A0A1L5BQA7-F1-model_v4_Q75_lDDT.pdb	9.880E-01	9.343E-01	9.551E-01	44.300	90	88	88
NWM_Q75_lDDT	Q9KJB2_Q75_lDDT.pdb	9.692E-01	9.379E-01	9.585E-01	29.200	90	89	88
NWM_Q75_lDDT	A0A0C5LDD5_Q75_lDDT.pdb	9.718E-01	9.402E-01	9.505E-01	25.800	90	89	89
NWM_Q75_lDDT	B5L5V3_Q75_lDDT.pdb	9.813E-01	9.388E-01	9.491E-01	44.300	90	88	89
NWM_Q75_lDDT	A0A0C5LQ34_Q75_lDDT.pdb	9.781E-01	9.355E-01	9.458E-01	40.400	90	89	89
NWM_Q75_lDDT	Q4JRB6_Q75_lDDT.pdb	9.703E-01	9.389E-01	9.491E-01	30.300	90	89	89
NWM_Q75_lDDT	Q6DTJ0_Q75_lDDT.pdb	9.703E-01	9.389E-01	9.491E-01	32.500	90	89	89
NWM_Q75_lDDT	Q6DTI9_Q75_lDDT.pdb	9.701E-01	9.387E-01	9.489E-01	32.500	90	89	89
NWM_Q75_lDDT	Q6V8J2_Q75_lDDT.pdb	9.701E-01	9.387E-01	9.489E-01	32.500	90	89	89
NWM_Q75_lDDT	Q9RB00_Q75_lDDT.pdb	9.700E-01	9.385E-01	9.488E-01	30.300	90	89	89
NWM_Q75_lDDT	Q6DTI7_Q75_lDDT.pdb	9.698E-01	9.384E-01	9.486E-01	32.500	90	89	89
NWM_Q75_lDDT	A0A0C5L392_Q75_lDDT.pdb	9.695E-01	9.381E-01	9.483E-01	29.200	90	89	89
NWM_Q75_lDDT	A0A0C5LDD9_Q75_lDDT.pdb	9.726E-01	9.410E-01	9.410E-01	33.700	90	89	90
NWM_Q75_lDDT	Q5EEU4_Q75_lDDT.pdb	9.690E-01	9.377E-01	9.479E-01	32.500	90	89	89
NWM_Q75_lDDT	B5L5V9_Q75_lDDT.pdb	9.838E-01	9.305E-01	9.511E-01	39.700	90	88	88
NWM_Q75_lDDT	B5L5V5_Q75_lDDT.pdb	9.717E-01	9.401E-01	9.401E-01	30.300	90	89	90
NWM_Q75_lDDT	B5L5X0_Q75_lDDT.pdb	9.716E-01	9.400E-01	9.400E-01	32.500	90	89	90
NWM_Q75_lDDT	AF-A0A0D0GMS0-F1-model_v4_Q75_lDDT.pdb	9.714E-01	9.399E-01	9.399E-01	32.500	90	89	90
NWM_Q75_lDDT	A0A0C5LQ44_Q75_lDDT.pdb	9.675E-01	9.362E-01	9.464E-01	30.300	90	89	89
NWM_Q75_lDDT	B3SU2_Q75_lDDT.pdb	9.704E-01	9.390E-01	9.390E-01	35.900	90	89	90
NWM_Q75_lDDT	Q6DTI4_Q75_lDDT.pdb	9.698E-01	9.384E-01	9.384E-01	32.500	90	89	90
NWM_Q75_lDDT	Q6DTI8_Q75_lDDT.pdb	9.698E-01	9.384E-01	9.384E-01	31.400	90	89	90
NWM_Q75_lDDT	AF-Q89GW5-F1-model_v4_Q75_lDDT.pdb	9.661E-01	9.349E-01	9.451E-01	39.300	90	89	89
NWM_Q75_lDDT	Q6DTI5_Q75_lDDT.pdb	9.697E-01	9.383E-01	9.383E-01	32.500	90	89	90
NWM_Q75_lDDT	Q5S4Q5_Q75_lDDT.pdb	9.695E-01	9.381E-01	9.381E-01	32.500	90	89	90
NWM_Q75_lDDT	Q9K578_Q75_lDDT.pdb	9.689E-01	9.376E-01	9.376E-01	35.900	90	89	90
NWM_Q75_lDDT	Q8KKG1_Q75_lDDT.pdb	9.686E-01	9.373E-01	9.373E-01	37.000	90	89	90
NWM_Q75_lDDT	AF-A0A1L6K5X8-F1-model_v4_Q75_lDDT.pdb	9.629E-01	9.319E-01	9.420E-01	37.000	90	89	89
NWM_Q75_lDDT	AF-A0A4D6P0I4-F1-model_v4_Q75_lDDT.pdb	9.641E-01	9.331E-01	9.331E-01	42.600	90	89	90
NWM_Q75_lDDT	AF-A0A0D6SYW3-F1-model_v4_Q75_lDDT.pdb	9.640E-01	9.330E-01	9.330E-01	42.600	90	89	90
NWM_Q75_lDDT	AF-Q6D395-F1-model_v4_Q75_lDDT.pdb	9.743E-01	9.220E-01	9.423E-01	35.200	90	88	88
NWM_Q75_lDDT	MBL1b_Q75_lDDT.pdb	9.629E-01	9.320E-01	9.320E-01	37.000	90	89	90
NWM_Q75_lDDT	B5L5V2_Q75_lDDT.pdb	9.733E-01	9.211E-01	9.413E-01	30.600	90	88	88
NWM_Q75_lDDT	B5L5W3_Q75_lDDT.pdb	9.686E-01	9.168E-01	9.472E-01	29.500	90	88	87
NWM_Q75_lDDT	U3U4Q6_Q75_lDDT.pdb	9.597E-01	9.289E-01	9.289E-01	41.500	90	89	90
NWM_Q75_lDDT	B3SU1_Q75_lDDT.pdb	9.667E-01	9.148E-01	9.349E-01	51.100	90	88	88
NWM_Q75_lDDT	Q9JRP7_Q75_lDDT.pdb	9.405E-01	9.105E-01	9.202E-01	37.000	90	89	89
Q6DTI5_Q75_lDDT	Q6DTI5_Q75_lDDT.pdb	1.011E+00	1.000E+00	1.000E+00	100.000	90	90	90
Q6DTI5_Q75_lDDT	Q5S4Q5_Q75_lDDT.pdb	1.011E+00	9.995E-01	9.995E-01	100.000	90	90	90
Q6DTI5_Q75_lDDT	Q6DTI4_Q75_lDDT.pdb	1.010E+00	9.984E-01	9.984E-01	100.000	90	90	90
Q6DTI5_Q75_lDDT	Q6DTI8_Q75_lDDT.pdb	1.008E+00	9.972E-01	9.972E-01	97.700	90	90	90
Q6DTI5_Q75_lDDT	Q9KJB1_Q75_lDDT.pdb	1.011E+00	9.776E-01	9.998E-01	96.500	90	88	88
Q6DTI5_Q75_lDDT	Q9KJB5_Q75_lDDT.pdb	1.011E+00	9.776E-01	9.998E-01	94.300	90	88	88
Q6DTI5_Q75_lDDT	Q9KJB3_Q75_lDDT.pdb	1.011E+00	9.775E-01	9.997E-01	93.100	90	88	88
Q6DTI5_Q75_lDDT	Q9KJB6_Q75_lDDT.pdb	1.011E+00	9.775E-01	9.997E-01	92.000	90	88	88
Q6DTI5_Q75_lDDT	Q9KJB4_Q75_lDDT.pdb	1.011E+00	9.775E-01	9.997E-01	93.100	90	88	88
Q6DTI5_Q75_lDDT	Q9KJB2_Q75_lDDT.pdb	1.011E+00	9.772E-01	9.993E-01	93.100	90	88	88
Q6DTI5_Q75_lDDT	Q6DTJ0_Q75_lDDT.pdb	1.003E+00	9.810E-01	9.920E-01	92.200	90	90	89
Q6DTI5_Q75_lDDT	Q6V8J2_Q75_lDDT.pdb	1.003E+00	9.808E-01	9.918E-01	93.300	90	90	89
Q6DTI5_Q75_lDDT	Q6DTI9_Q75_lDDT.pdb	1.003E+00	9.808E-01	9.918E-01	93.300	90	90	89
Q6DTI5_Q75_lDDT	Q6DTI7_Q75_lDDT.pdb	1.003E+00	9.806E-01	9.916E-01	94.400	90	90	89
Q6DTI5_Q75_lDDT	Q4JRB6_Q75_lDDT.pdb	1.003E+00	9.806E-01	9.916E-01	93.300	90	90	89
Q6DTI5_Q75_lDDT	Q5EEU4_Q75_lDDT.pdb	1.003E+00	9.804E-01	9.914E-01	88.800	90	90	89
Q6DTI5_Q75_lDDT	Q9RB00_Q75_lDDT.pdb	1.002E+00	9.800E-01	9.910E-01	93.300	90	90	89
Q6DTI5_Q75_lDDT	A0A0C5L392_Q75_lDDT.pdb	1.003E+00	9.804E-01	9.913E-01	78.800	90	90	89
Q6DTI5_Q75_lDDT	AF-A0A0D0GMS0-F1-model_v4_Q75_lDDT.pdb	9.983E-01	9.873E-01	9.873E-01	73.300	90	90	90
Q6DTI5_Q75_lDDT	B5L5V5_Q75_lDDT.pdb	9.970E-01	9.860E-01	9.860E-01	64.400	90	90	90
Q6DTI5_Q75_lDDT	A0A0C5LDD5_Q75_lDDT.pdb	9.996E-01	9.775E-01	9.884E-01	77.700	90	90	89
Q6DTI5_Q75_lDDT	A0A0C5LDD9_Q75_lDDT.pdb	9.943E-01	9.833E-01	9.833E-01	68.800	90	90	90
Q6DTI5_Q75_lDDT	A0A0C5LQ44_Q75_lDDT.pdb	9.984E-01	9.763E-01	9.872E-01	78.800	90	90	89
Q6DTI5_Q75_lDDT	B5L5X0_Q75_lDDT.pdb	9.920E-01	9.811E-01	9.811E-01	68.800	90	90	90
Q6DTI5_Q75_lDDT	B5L5V9_Q75_lDDT.pdb	1.009E+00	9.528E-01	9.744E-01	62.500	90	88	88
Q6DTI5_Q75_lDDT	B3SU2_Q75_lDDT.pdb	9.987E-01	9.658E-01	9.658E-01	48.800	90	88	90
Q6DTI5_Q75_lDDT	AF-Q89GW5-F1-model_v4_Q75_lDDT.pdb	9.926E-01	9.601E-01	9.707E-01	47.700	90	88	89
Q6DTI5_Q75_lDDT	Q9K578_Q75_lDDT.pdb	9.960E-01	9.633E-01	9.633E-01	50.000	90	88	90
Q6DTI5_Q75_lDDT	AF-A8GGW7-F1-model_v4_Q75_lDDT.pdb	9.854E-01	9.534E-01	9.638E-01	38.600	90	88	89
Q6DTI5_Q75_lDDT	B5L5W3_Q75_lDDT.pdb	9.895E-01	9.356E-01	9.672E-01	46.500	90	88	87
Q6DTI5_Q75_lDDT	Q8KKG1_Q75_lDDT.pdb	9.856E-01	9.535E-01	9.535E-01	37.500	90	88	90
Q6DTI5_Q75_lDDT	B5L5V2_Q75_lDDT.pdb	9.915E-01	9.374E-01	9.583E-01	54.500	90	88	88
Q6DTI5_Q75_lDDT	A0A386JBC5_Q75_lDDT.pdb	9.846E-01	9.419E-01	9.522E-01	36.300	90	88	89
Q6DTI5_Q75_lDDT	A0A0C5LDH9_Q75_lDDT.pdb	9.847E-01	9.420E-01	9.524E-01	34.000	90	88	89
Q6DTI5_Q75_lDDT	MBL1b_Q75_lDDT.pdb	9.803E-01	9.485E-01	9.485E-01	37.500	90	88	90
Q6DTI5_Q75_lDDT	AF-A0A1L6K5Z9-F1-model_v4_Q75_lDDT.pdb	9.836E-01	9.410E-01	9.513E-01	35.200	90	88	89
Q6DTI5_Q75_lDDT	A0A059Q5E8_Q75_lDDT.pdb	9.825E-01	9.400E-01	9.503E-01	34.000	90	88	89
Q6DTI5_Q75_lDDT	AF-Q9AEF9-F1-model_v4_Q75_lDDT.pdb	9.751E-01	9.434E-01	9.434E-01	31.400	90	89	90
Q6DTI5_Q75_lDDT	A0A0C5LQ34_Q75_lDDT.pdb	9.819E-01	9.395E-01	9.497E-01	43.100	90	88	89
Q6DTI5_Q75_lDDT	AF-K4GMK0-F1-model_v4_Q75_lDDT.pdb	9.728E-01	9.412E-01	9.412E-01	32.500	90	89	90
Q6DTI5_Q75_lDDT	AF-K4GMG4-F1-model_v4_Q75_lDDT.pdb	9.791E-01	9.369E-01	9.471E-01	32.900	90	88	89
Q6DTI5_Q75_lDDT	AF-A0A1L6K5Y8-F1-model_v4_Q75_lDDT.pdb	9.711E-01	9.397E-01	9.397E-01	33.700	90	89	90
Q6DTI5_Q75_lDDT	B5L5V3_Q75_lDDT.pdb	9.778E-01	9.357E-01	9.459E-01	35.200	90	88	89
Q6DTI5_Q75_lDDT	NWM_Q75_lDDT.pdb	9.697E-01	9.383E-01	9.383E-01	32.500	90	89	90
Q6DTI5_Q75_lDDT	B5L5V0_Q75_lDDT.pdb	9.695E-01	9.382E-01	9.382E-01	31.400	90	89	90
Q6DTI5_Q75_lDDT	AF-K4GMF9-F1-model_v4_Q75_lDDT.pdb	9.692E-01	9.378E-01	9.378E-01	31.400	90	89	90
Q6DTI5_Q75_lDDT	AF-K4GMG9-F1-model_v6_Q75_lDDT.pdb	9.690E-01	9.376E-01	9.376E-01	32.500	90	89	90
Q6DTI5_Q75_lDDT	ECM-1_Q75_lDDT.pdb	9.681E-01	9.368E-01	9.368E-01	30.300	90	89	90
Q6DTI5_Q75_lDDT	G5ELM3_Q75_lDDT.pdb	9.732E-01	9.314E-01	9.415E-01	29.500	90	88	89
Q6DTI5_Q75_lDDT	B5DCA0_Q75_lDDT.pdb	9.728E-01	9.311E-01	9.412E-01	32.900	90	88	89
Q6DTI5_Q75_lDDT	AF-A0A1L5BQA7-F1-model_v4_Q75_lDDT.pdb	9.769E-01	9.243E-01	9.447E-01	36.300	90	88	88
Q6DTI5_Q75_lDDT	PJM-1_Q75_lDDT.pdb	9.724E-01	9.308E-01	9.409E-01	30.600	90	88	89
Q6DTI5_Q75_lDDT	AF-A0A1L6K5X8-F1-model_v4_Q75_lDDT.pdb	9.622E-01	9.316E-01	9.416E-01	28.400	90	88	89
Q6DTI5_Q75_lDDT	U3U4Q6_Q75_lDDT.pdb	9.644E-01	9.336E-01	9.336E-01	30.600	90	88	90
Q6DTI5_Q75_lDDT	AF-A0A4D6P0I4-F1-model_v4_Q75_lDDT.pdb	9.640E-01	9.332E-01	9.332E-01	28.400	90	88	90
Q6DTI5_Q75_lDDT	AF-A0A0D6SYW3-F1-model_v4_Q75_lDDT.pdb	9.640E-01	9.332E-01	9.332E-01	28.400	90	88	90
Q6DTI5_Q75_lDDT	Q9JRP7_Q75_lDDT.pdb	9.512E-01	9.209E-01	9.308E-01	26.100	90	88	89
Q6DTI5_Q75_lDDT	AF-Q6D395-F1-model_v4_Q75_lDDT.pdb	9.646E-01	9.132E-01	9.331E-01	36.300	90	88	88
Q6DTI5_Q75_lDDT	GRD33_Q75_lDDT.pdb	9.514E-01	9.211E-01	9.211E-01	30.300	90	89	90
Q6DTI5_Q75_lDDT	AF-A0A1L6K5Z8-F1-model_v4_Q75_lDDT.pdb	9.505E-01	9.202E-01	9.202E-01	28.000	90	89	90
Q6DTI5_Q75_lDDT	B3SU1_Q75_lDDT.pdb	9.559E-01	9.052E-01	9.248E-01	29.500	90	88	88
Q8KKG1_Q75_lDDT	Q8KKG1_Q75_lDDT.pdb	1.011E+00	1.000E+00	1.000E+00	100.000	90	90	90
Q8KKG1_Q75_lDDT	MBL1b_Q75_lDDT.pdb	9.953E-01	9.844E-01	9.844E-01	97.700	90	90	90
Q8KKG1_Q75_lDDT	Q9KJB1_Q75_lDDT.pdb	9.876E-01	9.554E-01	9.766E-01	35.200	90	88	88
Q8KKG1_Q75_lDDT	AF-A8GGW7-F1-model_v4_Q75_lDDT.pdb	9.913E-01	9.589E-01	9.694E-01	37.500	90	88	89
Q8KKG1_Q75_lDDT	Q9KJB6_Q75_lDDT.pdb	9.865E-01	9.544E-01	9.756E-01	37.500	90	88	88
Q8KKG1_Q75_lDDT	Q9KJB3_Q75_lDDT.pdb	9.865E-01	9.544E-01	9.756E-01	36.300	90	88	88
Q8KKG1_Q75_lDDT	Q9KJB4_Q75_lDDT.pdb	9.864E-01	9.543E-01	9.754E-01	37.500	90	88	88
Q8KKG1_Q75_lDDT	Q9KJB2_Q75_lDDT.pdb	9.861E-01	9.540E-01	9.751E-01	35.200	90	88	88
Q8KKG1_Q75_lDDT	A0A0C5LQ34_Q75_lDDT.pdb	9.976E-01	9.539E-01	9.645E-01	53.400	90	88	89
Q8KKG1_Q75_lDDT	Q9KJB5_Q75_lDDT.pdb	9.859E-01	9.538E-01	9.750E-01	37.500	90	88	88
Q8KKG1_Q75_lDDT	A0A0C5LDD9_Q75_lDDT.pdb	9.933E-01	9.607E-01	9.607E-01	34.000	90	88	90
Q8KKG1_Q75_lDDT	A0A0C5LQ44_Q75_lDDT.pdb	9.884E-01	9.562E-01	9.667E-01	36.300	90	88	89
Q8KKG1_Q75_lDDT	A0A0C5LDD5_Q75_lDDT.pdb	9.883E-01	9.561E-01	9.666E-01	34.000	90	88	89
Q8KKG1_Q75_lDDT	B5L5V5_Q75_lDDT.pdb	9.904E-01	9.580E-01	9.580E-01	35.200	90	88	90
Q8KKG1_Q75_lDDT	Q9K578_Q75_lDDT.pdb	9.904E-01	9.580E-01	9.580E-01	38.600	90	88	90
Q8KKG1_Q75_lDDT	B5L5X0_Q75_lDDT.pdb	9.902E-01	9.578E-01	9.578E-01	35.200	90	88	90
Q8KKG1_Q75_lDDT	AF-A0A0D0GMS0-F1-model_v4_Q75_lDDT.pdb	9.901E-01	9.577E-01	9.577E-01	37.500	90	88	90
Q8KKG1_Q75_lDDT	Q9RB00_Q75_lDDT.pdb	9.862E-01	9.541E-01	9.645E-01	36.300	90	88	89
Q8KKG1_Q75_lDDT	Q6DTJ0_Q75_lDDT.pdb	9.861E-01	9.540E-01	9.645E-01	37.500	90	88	89
Q8KKG1_Q75_lDDT	Q6V8J2_Q75_lDDT.pdb	9.861E-01	9.540E-01	9.644E-01	37.500	90	88	89
Q8KKG1_Q75_lDDT	Q6DTI9_Q75_lDDT.pdb	9.860E-01	9.539E-01	9.644E-01	37.500	90	88	89
Q8KKG1_Q75_lDDT	A0A0C5L392_Q75_lDDT.pdb	9.859E-01	9.538E-01	9.642E-01	34.000	90	88	89
Q8KKG1_Q75_lDDT	Q6DTI7_Q75_lDDT.pdb	9.858E-01	9.537E-01	9.642E-01	37.500	90	88	89
Q8KKG1_Q75_lDDT	Q4JRB6_Q75_lDDT.pdb	9.857E-01	9.536E-01	9.641E-01	36.300	90	88	89
Q8KKG1_Q75_lDDT	Q5EEU4_Q75_lDDT.pdb	9.855E-01	9.534E-01	9.639E-01	37.500	90	88	89
Q8KKG1_Q75_lDDT	AF-A0A1L6K5Z9-F1-model_v4_Q75_lDDT.pdb	9.925E-01	9.492E-01	9.596E-01	38.600	90	88	89
Q8KKG1_Q75_lDDT	AF-K4GMK0-F1-model_v4_Q75_lDDT.pdb	9.838E-01	9.515E-01	9.515E-01	44.900	90	89	90
Q8KKG1_Q75_lDDT	AF-A0A1L6K5X8-F1-model_v4_Q75_lDDT.pdb	9.823E-01	9.504E-01	9.608E-01	28.400	90	88	89
Q8KKG1_Q75_lDDT	A0A386JBC5_Q75_lDDT.pdb	9.897E-01	9.466E-01	9.570E-01	40.900	90	88	89
Q8KKG1_Q75_lDDT	Q6DTI8_Q75_lDDT.pdb	9.857E-01	9.536E-01	9.536E-01	36.300	90	88	90
Q8KKG1_Q75_lDDT	Q6DTI4_Q75_lDDT.pdb	9.856E-01	9.536E-01	9.536E-01	37.500	90	88	90
Q8KKG1_Q75_lDDT	Q6DTI5_Q75_lDDT.pdb	9.856E-01	9.535E-01	9.535E-01	37.500	90	88	90
Q8KKG1_Q75_lDDT	Q5S4Q5_Q75_lDDT.pdb	9.853E-01	9.532E-01	9.532E-01	37.500	90	88	90
Q8KKG1_Q75_lDDT	B3SU2_Q75_lDDT.pdb	9.850E-01	9.530E-01	9.530E-01	44.300	90	88	90
Q8KKG1_Q75_lDDT	AF-K4GMG9-F1-model_v6_Q75_lDDT.pdb	9.804E-01	9.483E-01	9.483E-01	37.000	90	89	90
Q8KKG1_Q75_lDDT	AF-K4GMG4-F1-model_v4_Q75_lDDT.pdb	9.873E-01	9.444E-01	9.548E-01	38.600	90	88	89
Q8KKG1_Q75_lDDT	AF-Q9AEF9-F1-model_v4_Q75_lDDT.pdb	9.796E-01	9.476E-01	9.476E-01	47.100	90	89	90
Q8KKG1_Q75_lDDT	PJM-1_Q75_lDDT.pdb	9.867E-01	9.439E-01	9.542E-01	38.600	90	88	89
Q8KKG1_Q75_lDDT	G5ELM3_Q75_lDDT.pdb	9.868E-01	9.440E-01	9.543E-01	44.300	90	88	89
Q8KKG1_Q75_lDDT	B5L5V9_Q75_lDDT.pdb	9.904E-01	9.365E-01	9.573E-01	38.600	90	88	88
Q8KKG1_Q75_lDDT	B5DCA0_Q75_lDDT.pdb	9.858E-01	9.430E-01	9.534E-01	37.500	90	88	89
Q8KKG1_Q75_lDDT	U3U4Q6_Q75_lDDT.pdb	9.805E-01	9.488E-01	9.488E-01	32.900	90	88	90
Q8KKG1_Q75_lDDT	ECM-1_Q75_lDDT.pdb	9.769E-01	9.451E-01	9.451E-01	30.300	90	89	90
Q8KKG1_Q75_lDDT	AF-A0A1L6K5Y8-F1-model_v4_Q75_lDDT.pdb	9.669E-01	9.460E-01	9.460E-01	45.000	90	91	90
Q8KKG1_Q75_lDDT	AF-A0A4D6P0I4-F1-model_v4_Q75_lDDT.pdb	9.793E-01	9.476E-01	9.476E-01	35.200	90	88	90
Q8KKG1_Q75_lDDT	AF-K4GMF9-F1-model_v4_Q75_lDDT.pdb	9.761E-01	9.442E-01	9.442E-01	28.000	90	89	90
Q8KKG1_Q75_lDDT	AF-A0A0D6SYW3-F1-model_v4_Q75_lDDT.pdb	9.791E-01	9.474E-01	9.474E-01	35.200	90	88	90
Q8KKG1_Q75_lDDT	A0A0C5LDH9_Q75_lDDT.pdb	9.832E-01	9.406E-01	9.509E-01	38.600	90	88	89
Q8KKG1_Q75_lDDT	A0A059Q5E8_Q75_lDDT.pdb	9.827E-01	9.402E-01	9.505E-01	45.400	90	88	89
Q8KKG1_Q75_lDDT	AF-Q89GW5-F1-model_v4_Q75_lDDT.pdb	9.750E-01	9.436E-01	9.538E-01	44.300	90	88	89
Q8KKG1_Q75_lDDT	AF-A0A1L5BQA7-F1-model_v4_Q75_lDDT.pdb	9.859E-01	9.324E-01	9.531E-01	36.300	90	88	88
Q8KKG1_Q75_lDDT	B5L5V0_Q75_lDDT.pdb	9.743E-01	9.426E-01	9.426E-01	42.600	90	89	90
Q8KKG1_Q75_lDDT	GRD33_Q75_lDDT.pdb	9.725E-01	9.409E-01	9.409E-01	38.200	90	89	90
Q8KKG1_Q75_lDDT	AF-A0A1L6K5Z8-F1-model_v4_Q75_lDDT.pdb	9.720E-01	9.405E-01	9.405E-01	35.900	90	89	90
Q8KKG1_Q75_lDDT	B5L5V3_Q75_lDDT.pdb	9.766E-01	9.346E-01	9.447E-01	42.000	90	88	89
Q8KKG1_Q75_lDDT	NWM_Q75_lDDT.pdb	9.686E-01	9.373E-01	9.373E-01	37.000	90	89	90
Q8KKG1_Q75_lDDT	Q9JRP7_Q75_lDDT.pdb	9.641E-01	9.330E-01	9.431E-01	28.400	90	88	89
Q8KKG1_Q75_lDDT	B5L5V2_Q75_lDDT.pdb	9.733E-01	9.210E-01	9.413E-01	34.000	90	88	88
Q8KKG1_Q75_lDDT	AF-Q6D395-F1-model_v4_Q75_lDDT.pdb	9.713E-01	9.193E-01	9.394E-01	37.500	90	88	88
Q8KKG1_Q75_lDDT	B5L5W3_Q75_lDDT.pdb	9.647E-01	9.132E-01	9.434E-01	31.800	90	88	87
Q8KKG1_Q75_lDDT	B3SU1_Q75_lDDT.pdb	9.668E-01	9.150E-01	9.350E-01	35.200	90	88	88
Q9KJB5_Q75_lDDT	Q9KJB5_Q75_lDDT.pdb	1.011E+00	1.000E+00	1.000E+00	100.000	88	88	88
Q9KJB5_Q75_lDDT	Q9KJB6_Q75_lDDT.pdb	1.011E+00	9.999E-01	9.999E-01	97.700	88	88	88
Q9KJB5_Q75_lDDT	Q9KJB3_Q75_lDDT.pdb	1.011E+00	9.999E-01	9.999E-01	98.800	88	88	88
Q9KJB5_Q75_lDDT	Q9KJB4_Q75_lDDT.pdb	1.011E+00	9.999E-01	9.999E-01	96.500	88	88	88
Q9KJB5_Q75_lDDT	Q9KJB1_Q75_lDDT.pdb	1.011E+00	9.998E-01	9.998E-01	95.400	88	88	88
Q9KJB5_Q75_lDDT	Q9KJB2_Q75_lDDT.pdb	1.011E+00	9.995E-01	9.995E-01	94.300	88	88	88
Q9KJB5_Q75_lDDT	Q6V8J2_Q75_lDDT.pdb	1.011E+00	1.000E+00	9.887E-01	100.000	88	88	89
Q9KJB5_Q75_lDDT	Q6DTI9_Q75_lDDT.pdb	1.011E+00	9.999E-01	9.887E-01	100.000	88	88	89
Q9KJB5_Q75_lDDT	Q6DTJ0_Q75_lDDT.pdb	1.011E+00	9.999E-01	9.887E-01	98.800	88	88	89
Q9KJB5_Q75_lDDT	Q6DTI7_Q75_lDDT.pdb	1.011E+00	9.999E-01	9.886E-01	96.500	88	88	89
Q9KJB5_Q75_lDDT	Q9RB00_Q75_lDDT.pdb	1.011E+00	9.998E-01	9.885E-01	95.400	88	88	89
Q9KJB5_Q75_lDDT	Q5EEU4_Q75_lDDT.pdb	1.011E+00	9.995E-01	9.883E-01	90.900	88	88	89
Q9KJB5_Q75_lDDT	A0A0C5L392_Q75_lDDT.pdb	1.011E+00	9.991E-01	9.879E-01	79.500	88	88	89
Q9KJB5_Q75_lDDT	Q4JRB6_Q75_lDDT.pdb	1.011E+00	9.990E-01	9.878E-01	94.300	88	88	89
Q9KJB5_Q75_lDDT	A0A0C5LDD5_Q75_lDDT.pdb	1.008E+00	9.969E-01	9.857E-01	78.400	88	88	89
Q9KJB5_Q75_lDDT	Q6DTI4_Q75_lDDT.pdb	1.011E+00	9.998E-01	9.776E-01	94.300	88	88	90
Q9KJB5_Q75_lDDT	Q6DTI5_Q75_lDDT.pdb	1.011E+00	9.998E-01	9.776E-01	94.300	88	88	90
Q9KJB5_Q75_lDDT	Q6DTI8_Q75_lDDT.pdb	1.011E+00	9.998E-01	9.775E-01	94.300	88	88	90
Q9KJB5_Q75_lDDT	A0A0C5LQ44_Q75_lDDT.pdb	1.007E+00	9.961E-01	9.849E-01	79.500	88	88	89
Q9KJB5_Q75_lDDT	Q5S4Q5_Q75_lDDT.pdb	1.011E+00	9.997E-01	9.775E-01	94.300	88	88	90
Q9KJB5_Q75_lDDT	B5L5V5_Q75_lDDT.pdb	1.009E+00	9.976E-01	9.754E-01	65.900	88	88	90
Q9KJB5_Q75_lDDT	B5L5X0_Q75_lDDT.pdb	1.009E+00	9.974E-01	9.753E-01	68.100	88	88	90
Q9KJB5_Q75_lDDT	AF-A0A0D0GMS0-F1-model_v4_Q75_lDDT.pdb	1.009E+00	9.974E-01	9.753E-01	73.800	88	88	90
Q9KJB5_Q75_lDDT	A0A0C5LDD9_Q75_lDDT.pdb	1.008E+00	9.964E-01	9.744E-01	69.300	88	88	90
Q9KJB5_Q75_lDDT	B5L5V9_Q75_lDDT.pdb	1.009E+00	9.744E-01	9.744E-01	62.500	88	88	88
Q9KJB5_Q75_lDDT	B3SU2_Q75_lDDT.pdb	9.988E-01	9.876E-01	9.659E-01	47.700	88	88	90
Q9KJB5_Q75_lDDT	Q9K578_Q75_lDDT.pdb	9.963E-01	9.851E-01	9.635E-01	52.200	88	88	90
Q9KJB5_Q75_lDDT	AF-Q89GW5-F1-model_v4_Q75_lDDT.pdb	9.918E-01	9.808E-01	9.699E-01	46.500	88	88	89
Q9KJB5_Q75_lDDT	AF-A8GGW7-F1-model_v4_Q75_lDDT.pdb	9.854E-01	9.744E-01	9.638E-01	42.000	88	88	89
Q9KJB5_Q75_lDDT	Q8KKG1_Q75_lDDT.pdb	9.859E-01	9.750E-01	9.538E-01	37.500	88	88	90
Q9KJB5_Q75_lDDT	B5L5W3_Q75_lDDT.pdb	9.891E-01	9.561E-01	9.668E-01	46.500	88	88	87
Q9KJB5_Q75_lDDT	B5L5V2_Q75_lDDT.pdb	9.912E-01	9.580E-01	9.580E-01	54.500	88	88	88
Q9KJB5_Q75_lDDT	A0A386JBC5_Q75_lDDT.pdb	9.852E-01	9.633E-01	9.528E-01	39.700	88	88	89
Q9KJB5_Q75_lDDT	A0A0C5LDH9_Q75_lDDT.pdb	9.849E-01	9.631E-01	9.526E-01	36.300	88	88	89
Q9KJB5_Q75_lDDT	MBL1b_Q75_lDDT.pdb	9.805E-01	9.697E-01	9.488E-01	37.500	88	88	90
Q9KJB5_Q75_lDDT	AF-A0A1L6K5Z9-F1-model_v4_Q75_lDDT.pdb	9.838E-01	9.620E-01	9.515E-01	37.500	88	88	89
Q9KJB5_Q75_lDDT	AF-Q9AEF9-F1-model_v4_Q75_lDDT.pdb	9.752E-01	9.644E-01	9.435E-01	35.900	88	89	90
Q9KJB5_Q75_lDDT	A0A059Q5E8_Q75_lDDT.pdb	9.826E-01	9.608E-01	9.503E-01	36.300	88	88	89
Q9KJB5_Q75_lDDT	A0A0C5LQ34_Q75_lDDT.pdb	9.822E-01	9.605E-01	9.500E-01	45.400	88	88	89
Q9KJB5_Q75_lDDT	AF-K4GMK0-F1-model_v4_Q75_lDDT.pdb	9.735E-01	9.628E-01	9.419E-01	33.700	88	89	90
Q9KJB5_Q75_lDDT	AF-K4GMG4-F1-model_v4_Q75_lDDT.pdb	9.797E-01	9.581E-01	9.476E-01	34.000	88	88	89
Q9KJB5_Q75_lDDT	AF-A0A1L6K5Y8-F1-model_v4_Q75_lDDT.pdb	9.713E-01	9.605E-01	9.398E-01	35.900	88	89	90
Q9KJB5_Q75_lDDT	B5L5V3_Q75_lDDT.pdb	9.780E-01	9.565E-01	9.460E-01	37.500	88	88	89
Q9KJB5_Q75_lDDT	NWM_Q75_lDDT.pdb	9.700E-01	9.593E-01	9.386E-01	32.500	88	89	90
Q9KJB5_Q75_lDDT	AF-K4GMF9-F1-model_v4_Q75_lDDT.pdb	9.696E-01	9.589E-01	9.382E-01	31.400	88	89	90
Q9KJB5_Q75_lDDT	B5L5V0_Q75_lDDT.pdb	9.697E-01	9.590E-01	9.383E-01	34.800	88	89	90
Q9KJB5_Q75_lDDT	AF-K4GMG9-F1-model_v6_Q75_lDDT.pdb	9.695E-01	9.588E-01	9.381E-01	32.500	88	89	90
Q9KJB5_Q75_lDDT	ECM-1_Q75_lDDT.pdb	9.687E-01	9.580E-01	9.374E-01	30.300	88	89	90
Q9KJB5_Q75_lDDT	G5ELM3_Q75_lDDT.pdb	9.734E-01	9.521E-01	9.417E-01	30.600	88	88	89
Q9KJB5_Q75_lDDT	B5DCA0_Q75_lDDT.pdb	9.733E-01	9.520E-01	9.417E-01	36.300	88	88	89
Q9KJB5_Q75_lDDT	AF-A0A1L5BQA7-F1-model_v4_Q75_lDDT.pdb	9.771E-01	9.449E-01	9.449E-01	37.500	88	88	88
Q9KJB5_Q75_lDDT	PJM-1_Q75_lDDT.pdb	9.729E-01	9.516E-01	9.413E-01	34.000	88	88	89
Q9KJB5_Q75_lDDT	AF-A0A1L6K5X8-F1-model_v4_Q75_lDDT.pdb	9.629E-01	9.524E-01	9.422E-01	28.400	88	88	89
Q9KJB5_Q75_lDDT	U3U4Q6_Q75_lDDT.pdb	9.650E-01	9.544E-01	9.341E-01	29.500	88	88	90
Q9KJB5_Q75_lDDT	AF-A0A4D6P0I4-F1-model_v4_Q75_lDDT.pdb	9.646E-01	9.541E-01	9.338E-01	27.200	88	88	90
Q9KJB5_Q75_lDDT	AF-A0A0D6SYW3-F1-model_v4_Q75_lDDT.pdb	9.646E-01	9.541E-01	9.338E-01	27.200	88	88	90
Q9KJB5_Q75_lDDT	Q9JRP7_Q75_lDDT.pdb	9.517E-01	9.413E-01	9.312E-01	25.000	88	88	89
Q9KJB5_Q75_lDDT	AF-Q6D395-F1-model_v4_Q75_lDDT.pdb	9.648E-01	9.333E-01	9.333E-01	36.300	88	88	88
Q9KJB5_Q75_lDDT	GRD33_Q75_lDDT.pdb	9.517E-01	9.414E-01	9.214E-01	32.500	88	89	90
Q9KJB5_Q75_lDDT	AF-A0A1L6K5Z8-F1-model_v4_Q75_lDDT.pdb	9.507E-01	9.404E-01	9.205E-01	31.400	88	89	90
Q9KJB5_Q75_lDDT	B3SU1_Q75_lDDT.pdb	9.562E-01	9.250E-01	9.250E-01	30.600	88	88	88
AF-A0A1L6K5Z9-F1-model_v4_Q75_lDDT	AF-A0A1L6K5Z9-F1-model_v4_Q75_lDDT.pdb	1.011E+00	1.000E+00	1.000E+00	100.000	89	89	89
AF-A0A1L6K5Z9-F1-model_v4_Q75_lDDT	AF-K4GMG4-F1-model_v4_Q75_lDDT.pdb	1.004E+00	9.705E-01	9.705E-01	55.100	89	87	89
AF-A0A1L6K5Z9-F1-model_v4_Q75_lDDT	AF-K4GMK0-F1-model_v4_Q75_lDDT.pdb	1.005E+00	9.717E-01	9.610E-01	56.800	89	88	90
AF-A0A1L6K5Z9-F1-model_v4_Q75_lDDT	A0A386JBC5_Q75_lDDT.pdb	9.996E-01	9.663E-01	9.663E-01	63.200	89	87	89
AF-A0A1L6K5Z9-F1-model_v4_Q75_lDDT	G5ELM3_Q75_lDDT.pdb	9.981E-01	9.649E-01	9.649E-01	51.700	89	87	89
AF-A0A1L6K5Z9-F1-model_v4_Q75_lDDT	AF-Q9AEF9-F1-model_v4_Q75_lDDT.pdb	1.001E+00	9.674E-01	9.568E-01	57.900	89	88	90
AF-A0A1L6K5Z9-F1-model_v4_Q75_lDDT	A0A0C5LDH9_Q75_lDDT.pdb	9.962E-01	9.631E-01	9.631E-01	52.800	89	87	89
AF-A0A1L6K5Z9-F1-model_v4_Q75_lDDT	B5L5V0_Q75_lDDT.pdb	9.994E-01	9.660E-01	9.554E-01	55.600	89	88	90
AF-A0A1L6K5Z9-F1-model_v4_Q75_lDDT	AF-K4GMG9-F1-model_v6_Q75_lDDT.pdb	9.987E-01	9.654E-01	9.548E-01	55.600	89	88	90
AF-A0A1L6K5Z9-F1-model_v4_Q75_lDDT	AF-A8GGW7-F1-model_v4_Q75_lDDT.pdb	9.951E-01	9.621E-01	9.621E-01	46.500	89	88	89
AF-A0A1L6K5Z9-F1-model_v4_Q75_lDDT	A0A0C5LQ34_Q75_lDDT.pdb	9.909E-01	9.578E-01	9.578E-01	50.000	89	88	89
AF-A0A1L6K5Z9-F1-model_v4_Q75_lDDT	NWM_Q75_lDDT.pdb	9.974E-01	9.642E-01	9.536E-01	53.400	89	88	90
AF-A0A1L6K5Z9-F1-model_v4_Q75_lDDT	AF-A0A1L6K5Y8-F1-model_v4_Q75_lDDT.pdb	9.970E-01	9.638E-01	9.532E-01	57.900	89	88	90
AF-A0A1L6K5Z9-F1-model_v4_Q75_lDDT	AF-K4GMF9-F1-model_v4_Q75_lDDT.pdb	9.953E-01	9.623E-01	9.517E-01	57.900	89	88	90
AF-A0A1L6K5Z9-F1-model_v4_Q75_lDDT	B5DCA0_Q75_lDDT.pdb	9.913E-01	9.585E-01	9.585E-01	54.000	89	87	89
AF-A0A1L6K5Z9-F1-model_v4_Q75_lDDT	PJM-1_Q75_lDDT.pdb	9.911E-01	9.583E-01	9.583E-01	54.000	89	87	89
AF-A0A1L6K5Z9-F1-model_v4_Q75_lDDT	ECM-1_Q75_lDDT.pdb	9.945E-01	9.615E-01	9.510E-01	56.800	89	88	90
AF-A0A1L6K5Z9-F1-model_v4_Q75_lDDT	AF-A0A1L5BQA7-F1-model_v4_Q75_lDDT.pdb	9.942E-01	9.503E-01	9.609E-01	52.800	89	87	88
AF-A0A1L6K5Z9-F1-model_v4_Q75_lDDT	A0A059Q5E8_Q75_lDDT.pdb	9.898E-01	9.571E-01	9.571E-01	56.300	89	87	89
AF-A0A1L6K5Z9-F1-model_v4_Q75_lDDT	Q8KKG1_Q75_lDDT.pdb	9.925E-01	9.596E-01	9.492E-01	38.600	89	88	90
AF-A0A1L6K5Z9-F1-model_v4_Q75_lDDT	Q9KJB1_Q75_lDDT.pdb	9.850E-01	9.526E-01	9.631E-01	35.200	89	88	88
AF-A0A1L6K5Z9-F1-model_v4_Q75_lDDT	GRD33_Q75_lDDT.pdb	9.918E-01	9.590E-01	9.485E-01	50.000	89	88	90
AF-A0A1L6K5Z9-F1-model_v4_Q75_lDDT	Q9KJB6_Q75_lDDT.pdb	9.843E-01	9.520E-01	9.625E-01	36.300	89	88	88
AF-A0A1L6K5Z9-F1-model_v4_Q75_lDDT	Q9KJB2_Q75_lDDT.pdb	9.843E-01	9.519E-01	9.625E-01	34.000	89	88	88
AF-A0A1L6K5Z9-F1-model_v4_Q75_lDDT	Q9KJB4_Q75_lDDT.pdb	9.842E-01	9.518E-01	9.624E-01	36.300	89	88	88
AF-A0A1L6K5Z9-F1-model_v4_Q75_lDDT	Q9KJB3_Q75_lDDT.pdb	9.839E-01	9.516E-01	9.622E-01	36.300	89	88	88
AF-A0A1L6K5Z9-F1-model_v4_Q75_lDDT	Q9KJB5_Q75_lDDT.pdb	9.838E-01	9.515E-01	9.620E-01	37.500	89	88	88
AF-A0A1L6K5Z9-F1-model_v4_Q75_lDDT	B5L5V3_Q75_lDDT.pdb	9.872E-01	9.547E-01	9.547E-01	54.000	89	87	89
AF-A0A1L6K5Z9-F1-model_v4_Q75_lDDT	A0A0C5LDD5_Q75_lDDT.pdb	9.875E-01	9.550E-01	9.550E-01	32.900	89	88	89
AF-A0A1L6K5Z9-F1-model_v4_Q75_lDDT	AF-A0A1L6K5Z8-F1-model_v4_Q75_lDDT.pdb	9.903E-01	9.575E-01	9.471E-01	52.200	89	88	90
AF-A0A1L6K5Z9-F1-model_v4_Q75_lDDT	A0A0C5LDD9_Q75_lDDT.pdb	9.899E-01	9.572E-01	9.468E-01	34.000	89	88	90
AF-A0A1L6K5Z9-F1-model_v4_Q75_lDDT	Q4JRB6_Q75_lDDT.pdb	9.852E-01	9.528E-01	9.528E-01	34.000	89	88	89
AF-A0A1L6K5Z9-F1-model_v4_Q75_lDDT	Q9RB00_Q75_lDDT.pdb	9.845E-01	9.522E-01	9.522E-01	35.200	89	88	89
AF-A0A1L6K5Z9-F1-model_v4_Q75_lDDT	Q6DTJ0_Q75_lDDT.pdb	9.841E-01	9.518E-01	9.518E-01	36.300	89	88	89
AF-A0A1L6K5Z9-F1-model_v4_Q75_lDDT	MBL1b_Q75_lDDT.pdb	9.879E-01	9.553E-01	9.449E-01	38.600	89	88	90
AF-A0A1L6K5Z9-F1-model_v4_Q75_lDDT	Q6DTI9_Q75_lDDT.pdb	9.840E-01	9.517E-01	9.517E-01	37.500	89	88	89
AF-A0A1L6K5Z9-F1-model_v4_Q75_lDDT	A0A0C5L392_Q75_lDDT.pdb	9.840E-01	9.517E-01	9.517E-01	35.200	89	88	89
AF-A0A1L6K5Z9-F1-model_v4_Q75_lDDT	A0A0C5LQ44_Q75_lDDT.pdb	9.841E-01	9.517E-01	9.517E-01	34.000	89	88	89
AF-A0A1L6K5Z9-F1-model_v4_Q75_lDDT	Q6V8J2_Q75_lDDT.pdb	9.839E-01	9.516E-01	9.516E-01	37.500	89	88	89
AF-A0A1L6K5Z9-F1-model_v4_Q75_lDDT	B5L5V5_Q75_lDDT.pdb	9.874E-01	9.549E-01	9.445E-01	31.800	89	88	90
AF-A0A1L6K5Z9-F1-model_v4_Q75_lDDT	B5L5V9_Q75_lDDT.pdb	9.878E-01	9.444E-01	9.549E-01	37.900	89	87	88
AF-A0A1L6K5Z9-F1-model_v4_Q75_lDDT	AF-A0A0D0GMS0-F1-model_v4_Q75_lDDT.pdb	9.871E-01	9.546E-01	9.443E-01	35.200	89	88	90
AF-A0A1L6K5Z9-F1-model_v4_Q75_lDDT	Q6DTI7_Q75_lDDT.pdb	9.833E-01	9.510E-01	9.510E-01	37.500	89	88	89
AF-A0A1L6K5Z9-F1-model_v4_Q75_lDDT	Q5EEU4_Q75_lDDT.pdb	9.831E-01	9.508E-01	9.508E-01	37.500	89	88	89
AF-A0A1L6K5Z9-F1-model_v4_Q75_lDDT	B5L5X0_Q75_lDDT.pdb	9.859E-01	9.535E-01	9.431E-01	31.800	89	88	90
AF-A0A1L6K5Z9-F1-model_v4_Q75_lDDT	Q9K578_Q75_lDDT.pdb	9.853E-01	9.529E-01	9.426E-01	39.700	89	88	90
AF-A0A1L6K5Z9-F1-model_v4_Q75_lDDT	Q6DTI4_Q75_lDDT.pdb	9.836E-01	9.513E-01	9.410E-01	35.200	89	88	90
AF-A0A1L6K5Z9-F1-model_v4_Q75_lDDT	Q6DTI5_Q75_lDDT.pdb	9.836E-01	9.513E-01	9.410E-01	35.200	89	88	90
AF-A0A1L6K5Z9-F1-model_v4_Q75_lDDT	Q6DTI8_Q75_lDDT.pdb	9.835E-01	9.513E-01	9.410E-01	36.300	89	88	90
AF-A0A1L6K5Z9-F1-model_v4_Q75_lDDT	Q5S4Q5_Q75_lDDT.pdb	9.833E-01	9.510E-01	9.407E-01	35.200	89	88	90
AF-A0A1L6K5Z9-F1-model_v4_Q75_lDDT	AF-A0A1L6K5X8-F1-model_v4_Q75_lDDT.pdb	9.789E-01	9.469E-01	9.469E-01	42.000	89	88	89
AF-A0A1L6K5Z9-F1-model_v4_Q75_lDDT	B3SU2_Q75_lDDT.pdb	9.825E-01	9.503E-01	9.400E-01	43.100	89	88	90
AF-A0A1L6K5Z9-F1-model_v4_Q75_lDDT	AF-A0A4D6P0I4-F1-model_v4_Q75_lDDT.pdb	9.802E-01	9.481E-01	9.379E-01	50.000	89	88	90
AF-A0A1L6K5Z9-F1-model_v4_Q75_lDDT	AF-A0A0D6SYW3-F1-model_v4_Q75_lDDT.pdb	9.800E-01	9.479E-01	9.377E-01	50.000	89	88	90
AF-A0A1L6K5Z9-F1-model_v4_Q75_lDDT	U3U4Q6_Q75_lDDT.pdb	9.787E-01	9.467E-01	9.365E-01	45.400	89	88	90
AF-A0A1L6K5Z9-F1-model_v4_Q75_lDDT	AF-Q89GW5-F1-model_v4_Q75_lDDT.pdb	9.739E-01	9.422E-01	9.422E-01	42.000	89	88	89
AF-A0A1L6K5Z9-F1-model_v4_Q75_lDDT	B3SU1_Q75_lDDT.pdb	9.736E-01	9.311E-01	9.414E-01	48.200	89	87	88
AF-A0A1L6K5Z9-F1-model_v4_Q75_lDDT	B5L5V2_Q75_lDDT.pdb	9.742E-01	9.319E-01	9.421E-01	32.100	89	87	88
AF-A0A1L6K5Z9-F1-model_v4_Q75_lDDT	B5L5W3_Q75_lDDT.pdb	9.692E-01	9.273E-01	9.478E-01	27.500	89	87	87
AF-A0A1L6K5Z9-F1-model_v4_Q75_lDDT	AF-Q6D395-F1-model_v4_Q75_lDDT.pdb	9.730E-01	9.308E-01	9.410E-01	37.900	89	87	88
AF-A0A1L6K5Z9-F1-model_v4_Q75_lDDT	Q9JRP7_Q75_lDDT.pdb	9.568E-01	9.259E-01	9.259E-01	39.700	89	88	89
