A0A0C5LDD9_conserved	A0A0C5LDD9_conserved	1.011E+00	1.000E+00	1.000E+00	100.000	95	95	95
A0A0C5LDD9_conserved	A0A0C5L392_conserved	1.007E+00	9.755E-01	9.858E-01	89.200	95	93	94
A0A0C5LDD9_conserved	Q5EEU4_conserved	1.008E+00	9.764E-01	9.764E-01	89.200	95	93	95
A0A0C5LDD9_conserved	B5L5V5_conserved	1.008E+00	9.761E-01	9.761E-01	89.200	95	93	95
A0A0C5LDD9_conserved	A0A0C5LQ44_conserved	1.008E+00	9.761E-01	9.761E-01	87.000	95	93	95
A0A0C5LDD9_conserved	Q6V8J2_conserved	1.007E+00	9.752E-01	9.752E-01	89.200	95	93	95
A0A0C5LDD9_conserved	Q6DTI5_conserved	1.007E+00	9.752E-01	9.752E-01	90.300	95	93	95
A0A0C5LDD9_conserved	Q4JRB6_conserved	1.007E+00	9.751E-01	9.751E-01	90.300	95	93	95
A0A0C5LDD9_conserved	Q9RB00_conserved	1.007E+00	9.751E-01	9.751E-01	90.300	95	93	95
A0A0C5LDD9_conserved	Q6DTI7_conserved	1.007E+00	9.751E-01	9.751E-01	90.300	95	93	95
A0A0C5LDD9_conserved	Q6DTI8_conserved	1.007E+00	9.750E-01	9.750E-01	90.300	95	93	95
A0A0C5LDD9_conserved	A0A0C5LDD5_conserved	1.006E+00	9.746E-01	9.746E-01	86.000	95	93	95
A0A0C5LDD9_conserved	AF-A0A0D0GMS0-F1-model_v4_conserved	1.008E+00	9.547E-01	9.857E-01	93.400	95	91	92
A0A0C5LDD9_conserved	B5L5X0_conserved	1.000E+00	9.690E-01	9.690E-01	90.300	95	93	95
A0A0C5LDD9_conserved	B5L5V9_conserved	9.999E-01	9.686E-01	9.686E-01	78.400	95	93	95
A0A0C5LDD9_conserved	Q9KJB1_conserved	1.008E+00	9.338E-01	9.966E-01	93.200	95	89	89
A0A0C5LDD9_conserved	Q9KJB6_conserved	1.008E+00	9.335E-01	9.962E-01	93.200	95	89	89
A0A0C5LDD9_conserved	Q9KJB5_conserved	1.007E+00	9.335E-01	9.962E-01	92.100	95	89	89
A0A0C5LDD9_conserved	Q9KJB3_conserved	1.007E+00	9.334E-01	9.960E-01	93.200	95	89	89
A0A0C5LDD9_conserved	Q9KJB4_conserved	1.007E+00	9.333E-01	9.960E-01	93.200	95	89	89
A0A0C5LDD9_conserved	Q9KJB2_conserved	1.007E+00	9.329E-01	9.955E-01	92.100	95	89	89
A0A0C5LDD9_conserved	B5L5V2_conserved	9.842E-01	9.537E-01	9.537E-01	68.800	95	93	95
A0A0C5LDD9_conserved	B5L5W3_conserved	9.905E-01	9.495E-01	9.495E-01	66.300	95	92	95
A0A0C5LDD9_conserved	B3SU2_conserved	9.796E-01	9.395E-01	9.492E-01	65.200	95	92	94
A0A0C5LDD9_conserved	Q9K578_conserved	9.763E-01	9.264E-01	9.360E-01	62.600	95	91	94
A0A0C5LDD9_conserved	A0A0C5LQ34_conserved	9.591E-01	9.105E-01	9.293E-01	61.900	95	92	93
A0A0C5LDD9_conserved	Q8KKG1_conserved	9.542E-01	9.155E-01	9.155E-01	51.000	95	92	95
A0A0C5LDD9_conserved	AF-A8GGW7-F1-model_v4_conserved	9.581E-01	9.195E-01	9.195E-01	50.000	95	92	95
A0A0C5LDD9_conserved	MBL1b_conserved	9.521E-01	9.136E-01	9.136E-01	51.000	95	92	95
A0A0C5LDD9_conserved	AF-A0A1L6K5Z8-F1-model_v4_conserved	9.396E-01	9.023E-01	9.113E-01	50.000	95	92	94
A0A0C5LDD9_conserved	GRD33_conserved	9.382E-01	9.009E-01	9.099E-01	52.100	95	92	94
A0A0C5LDD9_conserved	AF-Q89GW5-F1-model_v4_conserved	9.380E-01	9.004E-01	9.004E-01	54.800	95	93	95
A0A0C5LDD9_conserved	THIN-B_conserved	9.391E-01	9.017E-01	9.017E-01	47.800	95	92	95
A0A0C5LDD9_conserved	A0A0C5LDH9_conserved	9.383E-01	9.009E-01	9.009E-01	52.100	95	92	95
A0A0C5LDD9_conserved	AF-A0A1L6K5Z9-F1-model_v4_conserved	9.354E-01	8.981E-01	8.981E-01	50.000	95	92	95
A0A0C5LDD9_conserved	PJM-1_conserved	9.365E-01	8.993E-01	8.993E-01	45.600	95	92	95
A0A0C5LDD9_conserved	AF-A0A4D6P0I4-F1-model_v4_conserved	9.351E-01	8.979E-01	8.979E-01	47.800	95	92	95
A0A0C5LDD9_conserved	B5L5V3_conserved	9.361E-01	8.990E-01	8.990E-01	52.100	95	92	95
A0A0C5LDD9_conserved	AF-A0A1L6K5X8-F1-model_v4_conserved	9.351E-01	8.978E-01	8.978E-01	47.800	95	92	95
A0A0C5LDD9_conserved	ECM-1_conserved	9.335E-01	8.963E-01	8.963E-01	44.500	95	92	95
A0A0C5LDD9_conserved	AF-K4GMF9-F1-model_v4_conserved	9.330E-01	8.958E-01	8.958E-01	48.900	95	92	95
A0A0C5LDD9_conserved	A0A059Q5E8_conserved	9.350E-01	8.979E-01	8.979E-01	52.100	95	92	95
A0A0C5LDD9_conserved	A0A386JBC5_conserved	9.280E-01	8.911E-01	9.001E-01	48.900	95	92	94
A0A0C5LDD9_conserved	U3U4Q6_conserved	9.317E-01	8.946E-01	8.946E-01	46.700	95	92	95
A0A0C5LDD9_conserved	B5DCA0_conserved	9.324E-01	8.954E-01	8.954E-01	45.600	95	92	95
A0A0C5LDD9_conserved	Q9JRP7_conserved	9.302E-01	8.933E-01	8.933E-01	47.800	95	92	95
A0A0C5LDD9_conserved	AF-K4GMK0-F1-model_v4_conserved	9.279E-01	8.909E-01	8.909E-01	48.900	95	92	95
A0A0C5LDD9_conserved	AF-A0A1L6K5Y8-F1-model_v4_conserved	9.220E-01	8.947E-01	8.947E-01	50.500	95	93	95
A0A0C5LDD9_conserved	G5ELM3_conserved	9.285E-01	8.916E-01	8.916E-01	44.500	95	92	95
A0A0C5LDD9_conserved	AF-K4GMG4-F1-model_v4_conserved	9.217E-01	8.849E-01	8.938E-01	47.300	95	93	94
A0A0C5LDD9_conserved	B5L5V0_conserved	9.258E-01	8.890E-01	8.890E-01	51.000	95	92	95
A0A0C5LDD9_conserved	AF-K4GMG9-F1-model_v6_conserved	9.233E-01	8.867E-01	8.867E-01	45.600	95	92	95
A0A0C5LDD9_conserved	NWM_conserved	9.208E-01	8.844E-01	8.844E-01	46.700	95	92	95
A0A0C5LDD9_conserved	AF-A0A1L5BQA7-F1-model_v4_conserved	9.242E-01	8.784E-01	8.872E-01	51.000	95	92	94
A0A0C5LDD9_conserved	B3SU1_conserved	9.189E-01	8.827E-01	8.827E-01	48.900	95	92	95
A0A0C5LDD9_conserved	AF-Q6D395-F1-model_v4_conserved	8.799E-01	8.284E-01	8.449E-01	42.500	95	94	93
A0A0C5LQ34_conserved	A0A0C5LQ34_conserved	1.011E+00	1.000E+00	1.000E+00	100.000	93	93	93
A0A0C5LQ34_conserved	Q8KKG1_conserved	9.910E-01	9.700E-01	9.499E-01	74.100	93	93	95
A0A0C5LQ34_conserved	MBL1b_conserved	9.895E-01	9.686E-01	9.486E-01	73.100	93	93	95
A0A0C5LQ34_conserved	AF-A8GGW7-F1-model_v4_conserved	9.741E-01	9.537E-01	9.342E-01	62.300	93	93	95
A0A0C5LQ34_conserved	AF-A0A1L6K5Z8-F1-model_v4_conserved	9.687E-01	9.485E-01	9.387E-01	62.300	93	93	94
A0A0C5LQ34_conserved	GRD33_conserved	9.670E-01	9.468E-01	9.371E-01	65.500	93	93	94
A0A0C5LQ34_conserved	THIN-B_conserved	9.685E-01	9.482E-01	9.288E-01	63.400	93	93	95
A0A0C5LQ34_conserved	A0A0C5LDH9_conserved	9.693E-01	9.491E-01	9.297E-01	59.100	93	93	95
A0A0C5LQ34_conserved	AF-A0A1L6K5Z9-F1-model_v4_conserved	9.662E-01	9.460E-01	9.266E-01	64.500	93	93	95
A0A0C5LQ34_conserved	PJM-1_conserved	9.679E-01	9.478E-01	9.284E-01	53.700	93	93	95
A0A0C5LQ34_conserved	B5L5V3_conserved	9.686E-01	9.484E-01	9.291E-01	65.500	93	93	95
A0A0C5LQ34_conserved	A0A059Q5E8_conserved	9.687E-01	9.485E-01	9.292E-01	64.500	93	93	95
A0A0C5LQ34_conserved	B5DCA0_conserved	9.663E-01	9.462E-01	9.269E-01	53.700	93	93	95
A0A0C5LQ34_conserved	B3SU2_conserved	9.624E-01	9.424E-01	9.327E-01	63.800	93	94	94
A0A0C5LQ34_conserved	A0A386JBC5_conserved	9.596E-01	9.396E-01	9.299E-01	61.200	93	93	94
A0A0C5LQ34_conserved	B5L5V0_conserved	9.594E-01	9.394E-01	9.203E-01	67.700	93	93	95
A0A0C5LQ34_conserved	G5ELM3_conserved	9.592E-01	9.392E-01	9.200E-01	58.000	93	93	95
A0A0C5LQ34_conserved	AF-A0A1L6K5Y8-F1-model_v4_conserved	9.589E-01	9.390E-01	9.199E-01	63.400	93	93	95
A0A0C5LQ34_conserved	Q9K578_conserved	9.637E-01	9.336E-01	9.240E-01	66.600	93	93	94
A0A0C5LQ34_conserved	AF-K4GMF9-F1-model_v4_conserved	9.567E-01	9.369E-01	9.178E-01	53.700	93	93	95
A0A0C5LQ34_conserved	ECM-1_conserved	9.565E-01	9.366E-01	9.176E-01	54.800	93	93	95
A0A0C5LQ34_conserved	AF-K4GMK0-F1-model_v4_conserved	9.551E-01	9.352E-01	9.162E-01	60.200	93	93	95
A0A0C5LQ34_conserved	AF-K4GMG9-F1-model_v6_conserved	9.549E-01	9.351E-01	9.161E-01	58.000	93	93	95
A0A0C5LQ34_conserved	B5L5V2_conserved	9.558E-01	9.361E-01	9.172E-01	60.200	93	93	95
A0A0C5LQ34_conserved	B5L5X0_conserved	9.555E-01	9.358E-01	9.169E-01	61.200	93	93	95
A0A0C5LQ34_conserved	AF-Q89GW5-F1-model_v4_conserved	9.562E-01	9.366E-01	9.177E-01	64.500	93	93	95
A0A0C5LQ34_conserved	AF-A0A1L5BQA7-F1-model_v4_conserved	9.465E-01	9.268E-01	9.173E-01	62.300	93	93	94
A0A0C5LQ34_conserved	AF-K4GMG4-F1-model_v4_conserved	9.469E-01	9.273E-01	9.178E-01	53.700	93	93	94
A0A0C5LQ34_conserved	B5L5V9_conserved	9.533E-01	9.337E-01	9.149E-01	54.800	93	93	95
A0A0C5LQ34_conserved	B5L5V5_conserved	9.517E-01	9.320E-01	9.132E-01	58.000	93	93	95
A0A0C5LQ34_conserved	Q4JRB6_conserved	9.529E-01	9.333E-01	9.145E-01	59.100	93	93	95
A0A0C5LQ34_conserved	B5L5W3_conserved	9.530E-01	9.334E-01	9.146E-01	54.800	93	93	95
A0A0C5LQ34_conserved	A0A0C5LDD9_conserved	9.591E-01	9.293E-01	9.105E-01	61.900	93	92	95
A0A0C5LQ34_conserved	Q5EEU4_conserved	9.516E-01	9.320E-01	9.132E-01	58.000	93	93	95
A0A0C5LQ34_conserved	Q9KJB1_conserved	9.595E-01	8.999E-01	9.388E-01	61.700	93	89	89
A0A0C5LQ34_conserved	AF-A0A0D0GMS0-F1-model_v4_conserved	9.628E-01	9.129E-01	9.225E-01	62.200	93	90	92
A0A0C5LQ34_conserved	Q6V8J2_conserved	9.502E-01	9.307E-01	9.120E-01	59.100	93	93	95
A0A0C5LQ34_conserved	Q9RB00_conserved	9.498E-01	9.303E-01	9.116E-01	59.100	93	93	95
A0A0C5LQ34_conserved	Q9KJB3_conserved	9.586E-01	8.991E-01	9.380E-01	61.700	93	89	89
A0A0C5LQ34_conserved	Q9KJB6_conserved	9.585E-01	8.990E-01	9.379E-01	61.700	93	89	89
A0A0C5LQ34_conserved	Q9KJB5_conserved	9.585E-01	8.990E-01	9.378E-01	60.600	93	89	89
A0A0C5LQ34_conserved	Q9KJB4_conserved	9.585E-01	8.990E-01	9.378E-01	61.700	93	89	89
A0A0C5LQ34_conserved	Q9KJB2_conserved	9.584E-01	8.989E-01	9.377E-01	60.600	93	89	89
A0A0C5LQ34_conserved	Q6DTI8_conserved	9.488E-01	9.294E-01	9.107E-01	60.200	93	93	95
A0A0C5LQ34_conserved	A0A0C5L392_conserved	9.528E-01	9.234E-01	9.140E-01	57.600	93	92	94
A0A0C5LQ34_conserved	Q6DTI5_conserved	9.485E-01	9.291E-01	9.104E-01	60.200	93	93	95
A0A0C5LQ34_conserved	Q6DTI7_conserved	9.484E-01	9.289E-01	9.103E-01	59.100	93	93	95
A0A0C5LQ34_conserved	NWM_conserved	9.466E-01	9.271E-01	9.084E-01	55.900	93	93	95
A0A0C5LQ34_conserved	B3SU1_conserved	9.455E-01	9.260E-01	9.073E-01	58.000	93	93	95
A0A0C5LQ34_conserved	A0A0C5LDD5_conserved	9.476E-01	9.282E-01	9.095E-01	56.900	93	93	95
A0A0C5LQ34_conserved	A0A0C5LQ44_conserved	9.475E-01	9.280E-01	9.094E-01	58.000	93	93	95
A0A0C5LQ34_conserved	AF-A0A4D6P0I4-F1-model_v4_conserved	9.433E-01	9.239E-01	9.053E-01	56.900	93	93	95
A0A0C5LQ34_conserved	AF-A0A1L6K5X8-F1-model_v4_conserved	9.424E-01	9.231E-01	9.045E-01	58.000	93	93	95
A0A0C5LQ34_conserved	U3U4Q6_conserved	9.390E-01	9.197E-01	9.011E-01	56.300	93	94	95
A0A0C5LQ34_conserved	Q9JRP7_conserved	9.381E-01	9.189E-01	9.004E-01	56.900	93	93	95
A0A0C5LQ34_conserved	AF-Q6D395-F1-model_v4_conserved	8.989E-01	8.716E-01	8.716E-01	54.200	93	94	93
AF-A0A1L6K5Y8-F1-model_v4_conserved	AF-A0A1L6K5Y8-F1-model_v4_conserved	1.011E+00	1.000E+00	1.000E+00	100.000	95	95	95
AF-A0A1L6K5Y8-F1-model_v4_conserved	THIN-B_conserved	9.978E-01	9.666E-01	9.666E-01	84.900	95	93	95
AF-A0A1L6K5Y8-F1-model_v4_conserved	A0A059Q5E8_conserved	9.895E-01	9.588E-01	9.588E-01	78.400	95	93	95
AF-A0A1L6K5Y8-F1-model_v4_conserved	A0A0C5LDH9_conserved	9.883E-01	9.576E-01	9.576E-01	74.100	95	93	95
AF-A0A1L6K5Y8-F1-model_v4_conserved	B5L5V0_conserved	9.864E-01	9.558E-01	9.558E-01	80.600	95	93	95
AF-A0A1L6K5Y8-F1-model_v4_conserved	B5L5V3_conserved	9.860E-01	9.555E-01	9.555E-01	81.700	95	93	95
AF-A0A1L6K5Y8-F1-model_v4_conserved	B5DCA0_conserved	9.856E-01	9.551E-01	9.551E-01	76.300	95	93	95
AF-A0A1L6K5Y8-F1-model_v4_conserved	PJM-1_conserved	9.817E-01	9.515E-01	9.515E-01	77.400	95	93	95
AF-A0A1L6K5Y8-F1-model_v4_conserved	A0A386JBC5_conserved	9.753E-01	9.453E-01	9.551E-01	69.800	95	93	94
AF-A0A1L6K5Y8-F1-model_v4_conserved	AF-A0A1L6K5Z8-F1-model_v4_conserved	9.753E-01	9.454E-01	9.551E-01	78.400	95	93	94
AF-A0A1L6K5Y8-F1-model_v4_conserved	AF-A0A1L6K5Z9-F1-model_v4_conserved	9.754E-01	9.454E-01	9.454E-01	75.200	95	93	95
AF-A0A1L6K5Y8-F1-model_v4_conserved	GRD33_conserved	9.721E-01	9.423E-01	9.520E-01	80.600	95	93	94
AF-A0A1L6K5Y8-F1-model_v4_conserved	G5ELM3_conserved	9.743E-01	9.444E-01	9.444E-01	72.000	95	93	95
AF-A0A1L6K5Y8-F1-model_v4_conserved	AF-K4GMK0-F1-model_v4_conserved	9.706E-01	9.408E-01	9.408E-01	64.500	95	93	95
AF-A0A1L6K5Y8-F1-model_v4_conserved	AF-A0A1L5BQA7-F1-model_v4_conserved	9.712E-01	9.313E-01	9.410E-01	66.600	95	93	94
AF-A0A1L6K5Y8-F1-model_v4_conserved	AF-K4GMG9-F1-model_v6_conserved	9.664E-01	9.368E-01	9.368E-01	64.500	95	93	95
AF-A0A1L6K5Y8-F1-model_v4_conserved	NWM_conserved	9.668E-01	9.373E-01	9.373E-01	67.700	95	93	95
AF-A0A1L6K5Y8-F1-model_v4_conserved	AF-K4GMF9-F1-model_v4_conserved	9.631E-01	9.337E-01	9.337E-01	64.500	95	93	95
AF-A0A1L6K5Y8-F1-model_v4_conserved	AF-A8GGW7-F1-model_v4_conserved	9.598E-01	9.305E-01	9.305E-01	56.900	95	93	95
AF-A0A1L6K5Y8-F1-model_v4_conserved	A0A0C5LQ34_conserved	9.589E-01	9.199E-01	9.390E-01	63.400	95	93	93
AF-A0A1L6K5Y8-F1-model_v4_conserved	ECM-1_conserved	9.587E-01	9.296E-01	9.296E-01	65.500	95	93	95
AF-A0A1L6K5Y8-F1-model_v4_conserved	B3SU1_conserved	9.549E-01	9.260E-01	9.260E-01	66.600	95	93	95
AF-A0A1L6K5Y8-F1-model_v4_conserved	AF-K4GMG4-F1-model_v4_conserved	9.441E-01	9.173E-01	9.266E-01	63.400	95	93	94
AF-A0A1L6K5Y8-F1-model_v4_conserved	Q8KKG1_conserved	9.472E-01	9.186E-01	9.186E-01	56.900	95	93	95
AF-A0A1L6K5Y8-F1-model_v4_conserved	MBL1b_conserved	9.440E-01	9.156E-01	9.156E-01	55.900	95	93	95
AF-A0A1L6K5Y8-F1-model_v4_conserved	B3SU2_conserved	9.403E-01	9.123E-01	9.214E-01	51.600	95	93	94
AF-A0A1L6K5Y8-F1-model_v4_conserved	AF-A0A1L6K5X8-F1-model_v4_conserved	9.310E-01	9.030E-01	9.030E-01	59.500	95	94	95
AF-A0A1L6K5Y8-F1-model_v4_conserved	U3U4Q6_conserved	9.308E-01	9.029E-01	9.029E-01	57.400	95	94	95
AF-A0A1L6K5Y8-F1-model_v4_conserved	Q9K578_conserved	9.375E-01	9.002E-01	9.092E-01	55.400	95	92	94
AF-A0A1L6K5Y8-F1-model_v4_conserved	Q4JRB6_conserved	9.223E-01	9.041E-01	9.041E-01	51.000	95	94	95
AF-A0A1L6K5Y8-F1-model_v4_conserved	AF-A0A4D6P0I4-F1-model_v4_conserved	9.260E-01	8.996E-01	8.996E-01	58.000	95	93	95
AF-A0A1L6K5Y8-F1-model_v4_conserved	B5L5V9_conserved	9.206E-01	9.025E-01	9.025E-01	47.800	95	94	95
AF-A0A1L6K5Y8-F1-model_v4_conserved	AF-A0A0D0GMS0-F1-model_v4_conserved	9.315E-01	8.853E-01	9.125E-01	53.800	95	91	92
AF-A0A1L6K5Y8-F1-model_v4_conserved	Q9JRP7_conserved	9.258E-01	8.982E-01	8.982E-01	56.900	95	93	95
AF-A0A1L6K5Y8-F1-model_v4_conserved	B5L5W3_conserved	9.183E-01	9.002E-01	9.002E-01	48.900	95	94	95
AF-A0A1L6K5Y8-F1-model_v4_conserved	B5L5X0_conserved	9.167E-01	8.987E-01	8.987E-01	50.000	95	94	95
AF-A0A1L6K5Y8-F1-model_v4_conserved	Q5EEU4_conserved	9.176E-01	8.996E-01	8.996E-01	52.100	95	94	95
AF-A0A1L6K5Y8-F1-model_v4_conserved	B5L5V5_conserved	9.161E-01	8.980E-01	8.980E-01	51.000	95	94	95
AF-A0A1L6K5Y8-F1-model_v4_conserved	AF-Q89GW5-F1-model_v4_conserved	9.226E-01	8.951E-01	8.951E-01	52.100	95	94	95
AF-A0A1L6K5Y8-F1-model_v4_conserved	B5L5V2_conserved	9.156E-01	8.976E-01	8.976E-01	52.100	95	94	95
AF-A0A1L6K5Y8-F1-model_v4_conserved	Q9KJB1_conserved	9.318E-01	8.671E-01	9.220E-01	52.800	95	89	89
AF-A0A1L6K5Y8-F1-model_v4_conserved	Q6V8J2_conserved	9.157E-01	8.977E-01	8.977E-01	51.000	95	94	95
AF-A0A1L6K5Y8-F1-model_v4_conserved	Q9KJB5_conserved	9.311E-01	8.664E-01	9.213E-01	51.600	95	89	89
AF-A0A1L6K5Y8-F1-model_v4_conserved	Q9RB00_conserved	9.152E-01	8.973E-01	8.973E-01	51.000	95	94	95
AF-A0A1L6K5Y8-F1-model_v4_conserved	Q6DTI8_conserved	9.150E-01	8.971E-01	8.971E-01	51.000	95	94	95
AF-A0A1L6K5Y8-F1-model_v4_conserved	A0A0C5LDD9_conserved	9.220E-01	8.947E-01	8.947E-01	50.500	95	93	95
AF-A0A1L6K5Y8-F1-model_v4_conserved	Q9KJB4_conserved	9.309E-01	8.662E-01	9.211E-01	52.800	95	89	89
AF-A0A1L6K5Y8-F1-model_v4_conserved	Q9KJB6_conserved	9.308E-01	8.662E-01	9.210E-01	52.800	95	89	89
AF-A0A1L6K5Y8-F1-model_v4_conserved	Q9KJB3_conserved	9.306E-01	8.660E-01	9.208E-01	52.800	95	89	89
AF-A0A1L6K5Y8-F1-model_v4_conserved	Q9KJB2_conserved	9.306E-01	8.660E-01	9.208E-01	51.600	95	89	89
AF-A0A1L6K5Y8-F1-model_v4_conserved	Q6DTI5_conserved	9.146E-01	8.967E-01	8.967E-01	51.000	95	94	95
AF-A0A1L6K5Y8-F1-model_v4_conserved	Q6DTI7_conserved	9.143E-01	8.963E-01	8.963E-01	51.000	95	94	95
AF-A0A1L6K5Y8-F1-model_v4_conserved	A0A0C5LQ44_conserved	9.135E-01	8.956E-01	8.956E-01	51.000	95	94	95
AF-A0A1L6K5Y8-F1-model_v4_conserved	A0A0C5L392_conserved	9.174E-01	8.904E-01	8.992E-01	48.300	95	93	94
AF-A0A1L6K5Y8-F1-model_v4_conserved	A0A0C5LDD5_conserved	9.120E-01	8.942E-01	8.942E-01	47.800	95	94	95
AF-A0A1L6K5Y8-F1-model_v4_conserved	AF-Q6D395-F1-model_v4_conserved	8.811E-01	8.379E-01	8.546E-01	49.400	95	95	93
AF-A0A4D6P0I4-F1-model_v4_conserved	AF-A0A4D6P0I4-F1-model_v4_conserved	1.011E+00	1.000E+00	1.000E+00	100.000	95	95	95
AF-A0A4D6P0I4-F1-model_v4_conserved	U3U4Q6_conserved	1.000E+00	9.900E-01	9.900E-01	85.200	95	95	95
AF-A0A4D6P0I4-F1-model_v4_conserved	Q9JRP7_conserved	9.973E-01	9.766E-01	9.766E-01	72.300	95	94	95
AF-A0A4D6P0I4-F1-model_v4_conserved	AF-A0A1L6K5X8-F1-model_v4_conserved	9.955E-01	9.747E-01	9.747E-01	76.500	95	94	95
AF-A0A4D6P0I4-F1-model_v4_conserved	AF-A8GGW7-F1-model_v4_conserved	9.606E-01	9.313E-01	9.313E-01	47.300	95	93	95
AF-A0A4D6P0I4-F1-model_v4_conserved	AF-A0A1L6K5Z8-F1-model_v4_conserved	9.480E-01	9.192E-01	9.286E-01	58.500	95	94	94
AF-A0A4D6P0I4-F1-model_v4_conserved	GRD33_conserved	9.455E-01	9.168E-01	9.262E-01	60.600	95	94	94
AF-A0A4D6P0I4-F1-model_v4_conserved	A0A0C5LQ34_conserved	9.433E-01	9.053E-01	9.239E-01	56.900	95	93	93
AF-A0A4D6P0I4-F1-model_v4_conserved	B3SU2_conserved	9.396E-01	9.115E-01	9.207E-01	49.400	95	93	94
AF-A0A4D6P0I4-F1-model_v4_conserved	NWM_conserved	9.394E-01	9.110E-01	9.110E-01	57.400	95	94	95
AF-A0A4D6P0I4-F1-model_v4_conserved	MBL1b_conserved	9.380E-01	9.096E-01	9.096E-01	51.600	95	93	95
AF-A0A4D6P0I4-F1-model_v4_conserved	AF-K4GMG9-F1-model_v6_conserved	9.373E-01	9.090E-01	9.090E-01	58.500	95	94	95
AF-A0A4D6P0I4-F1-model_v4_conserved	Q8KKG1_conserved	9.345E-01	9.063E-01	9.063E-01	52.600	95	93	95
AF-A0A4D6P0I4-F1-model_v4_conserved	AF-A0A1L5BQA7-F1-model_v4_conserved	9.413E-01	9.034E-01	9.126E-01	48.300	95	93	94
AF-A0A4D6P0I4-F1-model_v4_conserved	PJM-1_conserved	9.364E-01	9.082E-01	9.082E-01	56.300	95	94	95
AF-A0A4D6P0I4-F1-model_v4_conserved	AF-A0A1L6K5Z9-F1-model_v4_conserved	9.348E-01	9.066E-01	9.066E-01	62.700	95	94	95
AF-A0A4D6P0I4-F1-model_v4_conserved	A0A386JBC5_conserved	9.313E-01	9.033E-01	9.124E-01	55.300	95	94	94
AF-A0A4D6P0I4-F1-model_v4_conserved	AF-K4GMG4-F1-model_v4_conserved	9.318E-01	9.039E-01	9.130E-01	54.200	95	94	94
AF-A0A4D6P0I4-F1-model_v4_conserved	B5L5V3_conserved	9.359E-01	9.078E-01	9.078E-01	53.100	95	94	95
AF-A0A4D6P0I4-F1-model_v4_conserved	AF-K4GMK0-F1-model_v4_conserved	9.341E-01	9.060E-01	9.060E-01	58.500	95	94	95
AF-A0A4D6P0I4-F1-model_v4_conserved	B5DCA0_conserved	9.339E-01	9.058E-01	9.058E-01	56.300	95	94	95
AF-A0A4D6P0I4-F1-model_v4_conserved	ECM-1_conserved	9.333E-01	9.053E-01	9.053E-01	57.400	95	94	95
AF-A0A4D6P0I4-F1-model_v4_conserved	B5L5X0_conserved	9.354E-01	9.075E-01	9.075E-01	46.200	95	93	95
AF-A0A4D6P0I4-F1-model_v4_conserved	AF-K4GMF9-F1-model_v4_conserved	9.322E-01	9.042E-01	9.042E-01	56.300	95	94	95
AF-A0A4D6P0I4-F1-model_v4_conserved	A0A0C5LDH9_conserved	9.322E-01	9.042E-01	9.042E-01	48.900	95	94	95
AF-A0A4D6P0I4-F1-model_v4_conserved	THIN-B_conserved	9.320E-01	9.040E-01	9.040E-01	54.800	95	93	95
AF-A0A4D6P0I4-F1-model_v4_conserved	A0A059Q5E8_conserved	9.314E-01	9.035E-01	9.035E-01	53.100	95	94	95
AF-A0A4D6P0I4-F1-model_v4_conserved	B5L5V0_conserved	9.282E-01	9.004E-01	9.004E-01	57.400	95	94	95
AF-A0A4D6P0I4-F1-model_v4_conserved	Q4JRB6_conserved	9.314E-01	9.037E-01	9.037E-01	46.200	95	93	95
AF-A0A4D6P0I4-F1-model_v4_conserved	G5ELM3_conserved	9.270E-01	9.010E-01	9.010E-01	50.500	95	93	95
AF-A0A4D6P0I4-F1-model_v4_conserved	Q9K578_conserved	9.353E-01	8.980E-01	9.071E-01	52.100	95	92	94
AF-A0A4D6P0I4-F1-model_v4_conserved	B5L5V5_conserved	9.299E-01	9.022E-01	9.022E-01	46.200	95	93	95
AF-A0A4D6P0I4-F1-model_v4_conserved	B5L5V2_conserved	9.315E-01	9.039E-01	9.039E-01	43.000	95	93	95
AF-A0A4D6P0I4-F1-model_v4_conserved	AF-A0A0D0GMS0-F1-model_v4_conserved	9.417E-01	8.850E-01	9.125E-01	47.700	95	90	92
AF-A0A4D6P0I4-F1-model_v4_conserved	B5L5V9_conserved	9.297E-01	9.021E-01	9.021E-01	47.300	95	93	95
AF-A0A4D6P0I4-F1-model_v4_conserved	Q5EEU4_conserved	9.298E-01	9.022E-01	9.022E-01	45.100	95	93	95
AF-A0A4D6P0I4-F1-model_v4_conserved	AF-A0A1L6K5Y8-F1-model_v4_conserved	9.260E-01	8.996E-01	8.996E-01	58.000	95	93	95
AF-A0A4D6P0I4-F1-model_v4_conserved	Q6V8J2_conserved	9.291E-01	9.015E-01	9.015E-01	46.200	95	93	95
AF-A0A4D6P0I4-F1-model_v4_conserved	A0A0C5LDD9_conserved	9.351E-01	8.979E-01	8.979E-01	47.800	95	92	95
AF-A0A4D6P0I4-F1-model_v4_conserved	Q9RB00_conserved	9.280E-01	9.005E-01	9.005E-01	46.200	95	93	95
AF-A0A4D6P0I4-F1-model_v4_conserved	B5L5W3_conserved	9.286E-01	9.011E-01	9.011E-01	40.800	95	93	95
AF-A0A4D6P0I4-F1-model_v4_conserved	Q6DTI8_conserved	9.270E-01	8.996E-01	8.996E-01	46.200	95	93	95
AF-A0A4D6P0I4-F1-model_v4_conserved	Q6DTI5_conserved	9.270E-01	8.996E-01	8.996E-01	46.200	95	93	95
AF-A0A4D6P0I4-F1-model_v4_conserved	Q6DTI7_conserved	9.268E-01	8.993E-01	8.993E-01	46.200	95	93	95
AF-A0A4D6P0I4-F1-model_v4_conserved	A0A0C5LDD5_conserved	9.268E-01	8.993E-01	8.993E-01	44.000	95	93	95
AF-A0A4D6P0I4-F1-model_v4_conserved	A0A0C5LQ44_conserved	9.260E-01	8.985E-01	8.985E-01	45.100	95	93	95
AF-A0A4D6P0I4-F1-model_v4_conserved	Q9KJB1_conserved	9.339E-01	8.688E-01	9.240E-01	47.100	95	89	89
AF-A0A4D6P0I4-F1-model_v4_conserved	Q9KJB2_conserved	9.335E-01	8.685E-01	9.236E-01	47.100	95	89	89
AF-A0A4D6P0I4-F1-model_v4_conserved	Q9KJB5_conserved	9.334E-01	8.683E-01	9.235E-01	46.000	95	89	89
AF-A0A4D6P0I4-F1-model_v4_conserved	Q9KJB6_conserved	9.333E-01	8.683E-01	9.235E-01	47.100	95	89	89
AF-A0A4D6P0I4-F1-model_v4_conserved	Q9KJB4_conserved	9.333E-01	8.682E-01	9.234E-01	47.100	95	89	89
AF-A0A4D6P0I4-F1-model_v4_conserved	Q9KJB3_conserved	9.332E-01	8.682E-01	9.233E-01	47.100	95	89	89
AF-A0A4D6P0I4-F1-model_v4_conserved	A0A0C5L392_conserved	9.282E-01	8.914E-01	9.003E-01	44.500	95	92	94
AF-A0A4D6P0I4-F1-model_v4_conserved	B3SU1_conserved	9.200E-01	8.927E-01	8.927E-01	56.300	95	94	95
AF-A0A4D6P0I4-F1-model_v4_conserved	AF-Q89GW5-F1-model_v4_conserved	9.128E-01	8.857E-01	8.857E-01	50.500	95	95	95
AF-A0A4D6P0I4-F1-model_v4_conserved	AF-Q6D395-F1-model_v4_conserved	8.740E-01	8.313E-01	8.479E-01	45.800	95	96	93
AF-K4GMG9-F1-model_v6_conserved	AF-K4GMG9-F1-model_v6_conserved	1.011E+00	1.000E+00	1.000E+00	100.000	95	95	95
AF-K4GMG9-F1-model_v6_conserved	AF-K4GMF9-F1-model_v4_conserved	9.934E-01	9.728E-01	9.728E-01	86.100	95	94	95
AF-K4GMG9-F1-model_v6_conserved	AF-K4GMK0-F1-model_v4_conserved	9.987E-01	9.675E-01	9.675E-01	83.800	95	93	95
AF-K4GMG9-F1-model_v6_conserved	A0A386JBC5_conserved	9.938E-01	9.628E-01	9.729E-01	78.400	95	93	94
AF-K4GMG9-F1-model_v6_conserved	ECM-1_conserved	9.890E-01	9.685E-01	9.685E-01	85.100	95	94	95
AF-K4GMG9-F1-model_v6_conserved	AF-A0A1L6K5Z9-F1-model_v4_conserved	9.926E-01	9.617E-01	9.617E-01	81.700	95	93	95
AF-K4GMG9-F1-model_v6_conserved	NWM_conserved	9.923E-01	9.614E-01	9.614E-01	78.400	95	93	95
AF-K4GMG9-F1-model_v6_conserved	B5L5V0_conserved	9.826E-01	9.522E-01	9.522E-01	69.800	95	93	95
AF-K4GMG9-F1-model_v6_conserved	AF-K4GMG4-F1-model_v4_conserved	9.766E-01	9.465E-01	9.563E-01	75.200	95	93	94
AF-K4GMG9-F1-model_v6_conserved	G5ELM3_conserved	9.805E-01	9.503E-01	9.503E-01	66.600	95	93	95
AF-K4GMG9-F1-model_v6_conserved	B3SU1_conserved	9.718E-01	9.420E-01	9.420E-01	78.400	95	93	95
AF-K4GMG9-F1-model_v6_conserved	B5DCA0_conserved	9.705E-01	9.407E-01	9.407E-01	69.800	95	93	95
AF-K4GMG9-F1-model_v6_conserved	PJM-1_conserved	9.690E-01	9.393E-01	9.393E-01	69.800	95	93	95
AF-K4GMG9-F1-model_v6_conserved	A0A0C5LDH9_conserved	9.677E-01	9.380E-01	9.380E-01	66.600	95	93	95
AF-K4GMG9-F1-model_v6_conserved	AF-A0A1L5BQA7-F1-model_v4_conserved	9.728E-01	9.331E-01	9.427E-01	56.900	95	93	94
AF-K4GMG9-F1-model_v6_conserved	AF-A0A1L6K5Z8-F1-model_v4_conserved	9.632E-01	9.337E-01	9.434E-01	63.400	95	93	94
AF-K4GMG9-F1-model_v6_conserved	AF-A0A1L6K5Y8-F1-model_v4_conserved	9.664E-01	9.368E-01	9.368E-01	64.500	95	93	95
AF-K4GMG9-F1-model_v6_conserved	THIN-B_conserved	9.664E-01	9.368E-01	9.368E-01	61.200	95	93	95
AF-K4GMG9-F1-model_v6_conserved	B5L5V3_conserved	9.659E-01	9.363E-01	9.363E-01	62.300	95	93	95
AF-K4GMG9-F1-model_v6_conserved	A0A059Q5E8_conserved	9.666E-01	9.371E-01	9.371E-01	66.600	95	93	95
AF-K4GMG9-F1-model_v6_conserved	GRD33_conserved	9.586E-01	9.294E-01	9.390E-01	65.500	95	93	94
AF-K4GMG9-F1-model_v6_conserved	A0A0C5LQ34_conserved	9.549E-01	9.161E-01	9.351E-01	58.000	95	93	93
AF-K4GMG9-F1-model_v6_conserved	AF-A8GGW7-F1-model_v4_conserved	9.478E-01	9.192E-01	9.192E-01	51.600	95	93	95
AF-K4GMG9-F1-model_v6_conserved	Q8KKG1_conserved	9.465E-01	9.178E-01	9.178E-01	53.700	95	93	95
AF-K4GMG9-F1-model_v6_conserved	MBL1b_conserved	9.444E-01	9.158E-01	9.158E-01	52.600	95	93	95
AF-K4GMG9-F1-model_v6_conserved	AF-A0A1L6K5X8-F1-model_v4_conserved	9.431E-01	9.145E-01	9.145E-01	56.300	95	94	95
AF-K4GMG9-F1-model_v6_conserved	AF-A0A4D6P0I4-F1-model_v4_conserved	9.373E-01	9.090E-01	9.090E-01	58.500	95	94	95
AF-K4GMG9-F1-model_v6_conserved	B3SU2_conserved	9.351E-01	9.071E-01	9.162E-01	50.500	95	93	94
AF-K4GMG9-F1-model_v6_conserved	U3U4Q6_conserved	9.371E-01	9.088E-01	9.088E-01	60.600	95	94	95
AF-K4GMG9-F1-model_v6_conserved	Q9JRP7_conserved	9.345E-01	9.063E-01	9.063E-01	55.300	95	94	95
AF-K4GMG9-F1-model_v6_conserved	Q9K578_conserved	9.345E-01	8.972E-01	9.062E-01	51.000	95	92	94
AF-K4GMG9-F1-model_v6_conserved	B5L5V2_conserved	9.238E-01	8.962E-01	8.962E-01	48.300	95	93	95
AF-K4GMG9-F1-model_v6_conserved	B5L5W3_conserved	9.239E-01	8.964E-01	8.964E-01	45.100	95	93	95
AF-K4GMG9-F1-model_v6_conserved	B5L5V9_conserved	9.230E-01	8.955E-01	8.955E-01	47.300	95	93	95
AF-K4GMG9-F1-model_v6_conserved	Q4JRB6_conserved	9.223E-01	8.949E-01	8.949E-01	45.100	95	93	95
AF-K4GMG9-F1-model_v6_conserved	B5L5X0_conserved	9.211E-01	8.937E-01	8.937E-01	45.100	95	93	95
AF-K4GMG9-F1-model_v6_conserved	Q9KJB1_conserved	9.294E-01	8.645E-01	9.196E-01	47.100	95	89	89
AF-K4GMG9-F1-model_v6_conserved	Q9KJB6_conserved	9.289E-01	8.641E-01	9.191E-01	47.100	95	89	89
AF-K4GMG9-F1-model_v6_conserved	Q9KJB4_conserved	9.289E-01	8.641E-01	9.191E-01	47.100	95	89	89
AF-K4GMG9-F1-model_v6_conserved	Q9KJB3_conserved	9.287E-01	8.639E-01	9.189E-01	47.100	95	89	89
AF-K4GMG9-F1-model_v6_conserved	Q9KJB5_conserved	9.287E-01	8.639E-01	9.189E-01	46.000	95	89	89
AF-K4GMG9-F1-model_v6_conserved	AF-A0A0D0GMS0-F1-model_v4_conserved	9.325E-01	8.765E-01	9.036E-01	45.500	95	90	92
AF-K4GMG9-F1-model_v6_conserved	Q9KJB2_conserved	9.288E-01	8.640E-01	9.189E-01	46.000	95	89	89
AF-K4GMG9-F1-model_v6_conserved	Q6V8J2_conserved	9.188E-01	8.915E-01	8.915E-01	45.100	95	93	95
AF-K4GMG9-F1-model_v6_conserved	Q9RB00_conserved	9.184E-01	8.912E-01	8.912E-01	45.100	95	93	95
AF-K4GMG9-F1-model_v6_conserved	B5L5V5_conserved	9.177E-01	8.904E-01	8.904E-01	43.000	95	93	95
AF-K4GMG9-F1-model_v6_conserved	Q5EEU4_conserved	9.184E-01	8.912E-01	8.912E-01	45.100	95	93	95
AF-K4GMG9-F1-model_v6_conserved	Q6DTI8_conserved	9.176E-01	8.904E-01	8.904E-01	45.100	95	93	95
AF-K4GMG9-F1-model_v6_conserved	Q6DTI5_conserved	9.174E-01	8.902E-01	8.902E-01	45.100	95	93	95
AF-K4GMG9-F1-model_v6_conserved	Q6DTI7_conserved	9.171E-01	8.899E-01	8.899E-01	45.100	95	93	95
AF-K4GMG9-F1-model_v6_conserved	AF-Q89GW5-F1-model_v4_conserved	9.168E-01	8.895E-01	8.895E-01	52.100	95	94	95
AF-K4GMG9-F1-model_v6_conserved	A0A0C5LQ44_conserved	9.159E-01	8.888E-01	8.888E-01	45.100	95	93	95
AF-K4GMG9-F1-model_v6_conserved	A0A0C5LDD9_conserved	9.233E-01	8.867E-01	8.867E-01	45.600	95	92	95
AF-K4GMG9-F1-model_v6_conserved	A0A0C5L392_conserved	9.195E-01	8.831E-01	8.919E-01	43.400	95	92	94
AF-K4GMG9-F1-model_v6_conserved	A0A0C5LDD5_conserved	9.146E-01	8.875E-01	8.875E-01	43.000	95	93	95
AF-K4GMG9-F1-model_v6_conserved	AF-Q6D395-F1-model_v4_conserved	8.823E-01	8.388E-01	8.557E-01	47.900	95	96	93
B3SU1_conserved	B3SU1_conserved	1.011E+00	1.000E+00	1.000E+00	100.000	95	95	95
B3SU1_conserved	AF-A0A1L6K5Z9-F1-model_v4_conserved	9.756E-01	9.555E-01	9.555E-01	78.700	95	94	95
B3SU1_conserved	AF-K4GMF9-F1-model_v4_conserved	9.839E-01	9.534E-01	9.534E-01	73.100	95	93	95
B3SU1_conserved	ECM-1_conserved	9.813E-01	9.509E-01	9.509E-01	75.200	95	93	95
B3SU1_conserved	A0A386JBC5_conserved	9.780E-01	9.479E-01	9.578E-01	75.200	95	93	94
B3SU1_conserved	AF-K4GMG4-F1-model_v4_conserved	9.754E-01	9.452E-01	9.551E-01	75.200	95	93	94
B3SU1_conserved	AF-A0A1L6K5Z8-F1-model_v4_conserved	9.708E-01	9.410E-01	9.508E-01	66.600	95	93	94
B3SU1_conserved	GRD33_conserved	9.707E-01	9.410E-01	9.507E-01	68.800	95	93	94
B3SU1_conserved	NWM_conserved	9.736E-01	9.437E-01	9.437E-01	80.600	95	93	95
B3SU1_conserved	PJM-1_conserved	9.716E-01	9.417E-01	9.417E-01	69.800	95	93	95
B3SU1_conserved	AF-K4GMG9-F1-model_v6_conserved	9.718E-01	9.420E-01	9.420E-01	78.400	95	93	95
B3SU1_conserved	AF-K4GMK0-F1-model_v4_conserved	9.714E-01	9.416E-01	9.416E-01	72.000	95	93	95
B3SU1_conserved	B5L5V0_conserved	9.699E-01	9.403E-01	9.403E-01	70.900	95	93	95
B3SU1_conserved	G5ELM3_conserved	9.691E-01	9.395E-01	9.395E-01	68.800	95	93	95
B3SU1_conserved	B5DCA0_conserved	9.656E-01	9.361E-01	9.361E-01	69.800	95	93	95
B3SU1_conserved	THIN-B_conserved	9.603E-01	9.310E-01	9.310E-01	64.500	95	93	95
B3SU1_conserved	B5L5V3_conserved	9.591E-01	9.300E-01	9.300E-01	66.600	95	93	95
B3SU1_conserved	AF-A0A1L6K5Y8-F1-model_v4_conserved	9.549E-01	9.260E-01	9.260E-01	66.600	95	93	95
B3SU1_conserved	A0A0C5LDH9_conserved	9.512E-01	9.225E-01	9.225E-01	67.700	95	93	95
B3SU1_conserved	AF-A0A1L5BQA7-F1-model_v4_conserved	9.560E-01	9.175E-01	9.268E-01	61.200	95	93	94
B3SU1_conserved	A0A0C5LQ34_conserved	9.455E-01	9.073E-01	9.260E-01	58.000	95	93	93
B3SU1_conserved	A0A059Q5E8_conserved	9.478E-01	9.193E-01	9.193E-01	67.700	95	93	95
B3SU1_conserved	AF-A8GGW7-F1-model_v4_conserved	9.339E-01	9.060E-01	9.060E-01	50.500	95	93	95
B3SU1_conserved	MBL1b_conserved	9.320E-01	9.041E-01	9.041E-01	51.600	95	93	95
B3SU1_conserved	Q8KKG1_conserved	9.315E-01	9.037E-01	9.037E-01	52.600	95	93	95
B3SU1_conserved	B3SU2_conserved	9.250E-01	8.977E-01	9.066E-01	52.600	95	93	94
B3SU1_conserved	AF-A0A1L6K5X8-F1-model_v4_conserved	9.207E-01	8.934E-01	8.934E-01	52.100	95	94	95
B3SU1_conserved	B5L5V2_conserved	9.209E-01	8.936E-01	8.936E-01	51.600	95	93	95
B3SU1_conserved	AF-A0A4D6P0I4-F1-model_v4_conserved	9.200E-01	8.927E-01	8.927E-01	56.300	95	94	95
B3SU1_conserved	B5L5X0_conserved	9.198E-01	8.927E-01	8.927E-01	48.300	95	93	95
B3SU1_conserved	B5L5W3_conserved	9.190E-01	8.918E-01	8.918E-01	48.300	95	93	95
B3SU1_conserved	Q4JRB6_conserved	9.191E-01	8.920E-01	8.920E-01	49.400	95	93	95
B3SU1_conserved	Q9K578_conserved	9.215E-01	8.852E-01	8.940E-01	51.000	95	92	94
B3SU1_conserved	B5L5V9_conserved	9.168E-01	8.898E-01	8.898E-01	52.600	95	93	95
B3SU1_conserved	U3U4Q6_conserved	9.156E-01	8.886E-01	8.886E-01	57.400	95	94	95
B3SU1_conserved	Q5EEU4_conserved	9.167E-01	8.897E-01	8.897E-01	50.500	95	93	95
B3SU1_conserved	Q6V8J2_conserved	9.166E-01	8.896E-01	8.896E-01	49.400	95	93	95
B3SU1_conserved	Q9RB00_conserved	9.161E-01	8.891E-01	8.891E-01	49.400	95	93	95
B3SU1_conserved	Q6DTI8_conserved	9.159E-01	8.890E-01	8.890E-01	49.400	95	93	95
B3SU1_conserved	Q6DTI5_conserved	9.155E-01	8.886E-01	8.886E-01	49.400	95	93	95
B3SU1_conserved	Q6DTI7_conserved	9.153E-01	8.884E-01	8.884E-01	49.400	95	93	95
B3SU1_conserved	Q9JRP7_conserved	9.140E-01	8.870E-01	8.870E-01	50.000	95	94	95
B3SU1_conserved	B5L5V5_conserved	9.128E-01	8.859E-01	8.859E-01	48.300	95	93	95
B3SU1_conserved	A0A0C5LDD5_conserved	9.130E-01	8.862E-01	8.862E-01	47.300	95	93	95
B3SU1_conserved	A0A0C5LQ44_conserved	9.122E-01	8.854E-01	8.854E-01	50.500	95	93	95
B3SU1_conserved	A0A0C5LDD9_conserved	9.189E-01	8.827E-01	8.827E-01	48.900	95	92	95
B3SU1_conserved	A0A0C5L392_conserved	9.158E-01	8.798E-01	8.885E-01	46.700	95	92	94
B3SU1_conserved	AF-A0A0D0GMS0-F1-model_v4_conserved	9.216E-01	8.670E-01	8.934E-01	50.000	95	90	92
B3SU1_conserved	Q9KJB1_conserved	9.174E-01	8.541E-01	9.078E-01	51.600	95	89	89
B3SU1_conserved	Q9KJB4_conserved	9.167E-01	8.535E-01	9.071E-01	51.600	95	89	89
B3SU1_conserved	Q9KJB5_conserved	9.165E-01	8.534E-01	9.069E-01	50.500	95	89	89
B3SU1_conserved	Q9KJB6_conserved	9.165E-01	8.534E-01	9.069E-01	51.600	95	89	89
B3SU1_conserved	Q9KJB3_conserved	9.164E-01	8.533E-01	9.069E-01	51.600	95	89	89
B3SU1_conserved	Q9KJB2_conserved	9.163E-01	8.532E-01	9.067E-01	50.500	95	89	89
B3SU1_conserved	AF-Q89GW5-F1-model_v4_conserved	8.971E-01	8.708E-01	8.708E-01	51.000	95	94	95
B3SU1_conserved	AF-Q6D395-F1-model_v4_conserved	8.745E-01	8.317E-01	8.483E-01	47.900	95	96	93
B5L5V2_conserved	B5L5V2_conserved	1.011E+00	1.000E+00	1.000E+00	100.000	95	95	95
B5L5V2_conserved	B5L5W3_conserved	1.001E+00	9.800E-01	9.800E-01	89.300	95	94	95
B5L5V2_conserved	Q6V8J2_conserved	9.855E-01	9.651E-01	9.651E-01	69.100	95	94	95
B5L5V2_conserved	Q9RB00_conserved	9.852E-01	9.649E-01	9.649E-01	69.100	95	94	95
B5L5V2_conserved	Q6DTI8_conserved	9.850E-01	9.647E-01	9.647E-01	69.100	95	94	95
B5L5V2_conserved	Q6DTI5_conserved	9.850E-01	9.646E-01	9.646E-01	69.100	95	94	95
B5L5V2_conserved	Q5EEU4_conserved	9.850E-01	9.647E-01	9.647E-01	70.200	95	94	95
B5L5V2_conserved	Q6DTI7_conserved	9.847E-01	9.643E-01	9.643E-01	69.100	95	94	95
B5L5V2_conserved	Q4JRB6_conserved	9.846E-01	9.642E-01	9.642E-01	69.100	95	94	95
B5L5V2_conserved	B5L5V9_conserved	9.840E-01	9.636E-01	9.636E-01	68.000	95	94	95
B5L5V2_conserved	B5L5X0_conserved	9.837E-01	9.634E-01	9.634E-01	71.200	95	94	95
B5L5V2_conserved	A0A0C5LDD5_conserved	9.818E-01	9.615E-01	9.615E-01	69.100	95	94	95
B5L5V2_conserved	A0A0C5LQ44_conserved	9.808E-01	9.606E-01	9.606E-01	71.200	95	94	95
B5L5V2_conserved	A0A0C5L392_conserved	9.840E-01	9.535E-01	9.634E-01	64.500	95	93	94
B5L5V2_conserved	B5L5V5_conserved	9.781E-01	9.579E-01	9.579E-01	68.000	95	94	95
B5L5V2_conserved	Q9KJB1_conserved	9.954E-01	9.231E-01	9.844E-01	70.700	95	89	89
B5L5V2_conserved	Q9KJB2_conserved	9.950E-01	9.227E-01	9.840E-01	69.600	95	89	89
B5L5V2_conserved	Q9KJB3_conserved	9.948E-01	9.226E-01	9.838E-01	70.700	95	89	89
B5L5V2_conserved	Q9KJB5_conserved	9.947E-01	9.225E-01	9.837E-01	69.600	95	89	89
B5L5V2_conserved	Q9KJB6_conserved	9.946E-01	9.224E-01	9.836E-01	70.700	95	89	89
B5L5V2_conserved	Q9KJB4_conserved	9.945E-01	9.223E-01	9.835E-01	70.700	95	89	89
B5L5V2_conserved	A0A0C5LDD9_conserved	9.842E-01	9.537E-01	9.537E-01	68.800	95	93	95
B5L5V2_conserved	AF-A0A0D0GMS0-F1-model_v4_conserved	9.931E-01	9.314E-01	9.613E-01	72.200	95	90	92
B5L5V2_conserved	B3SU2_conserved	9.741E-01	9.443E-01	9.541E-01	59.100	95	93	94
B5L5V2_conserved	Q9K578_conserved	9.711E-01	9.317E-01	9.412E-01	58.600	95	92	94
B5L5V2_conserved	A0A0C5LQ34_conserved	9.558E-01	9.172E-01	9.361E-01	60.200	95	93	93
B5L5V2_conserved	AF-A8GGW7-F1-model_v4_conserved	9.541E-01	9.254E-01	9.254E-01	50.500	95	93	95
B5L5V2_conserved	Q8KKG1_conserved	9.467E-01	9.180E-01	9.180E-01	46.800	95	94	95
B5L5V2_conserved	MBL1b_conserved	9.449E-01	9.163E-01	9.163E-01	46.800	95	94	95
B5L5V2_conserved	ECM-1_conserved	9.378E-01	9.095E-01	9.095E-01	43.000	95	93	95
B5L5V2_conserved	AF-A0A1L6K5Z8-F1-model_v4_conserved	9.372E-01	9.093E-01	9.184E-01	50.500	95	93	94
B5L5V2_conserved	GRD33_conserved	9.369E-01	9.090E-01	9.181E-01	52.600	95	93	94
B5L5V2_conserved	AF-Q89GW5-F1-model_v4_conserved	9.367E-01	9.086E-01	9.086E-01	52.100	95	94	95
B5L5V2_conserved	AF-K4GMF9-F1-model_v4_conserved	9.359E-01	9.078E-01	9.078E-01	43.000	95	93	95
B5L5V2_conserved	AF-A0A1L6K5Z9-F1-model_v4_conserved	9.339E-01	9.059E-01	9.059E-01	48.300	95	93	95
B5L5V2_conserved	THIN-B_conserved	9.347E-01	9.068E-01	9.068E-01	50.500	95	93	95
B5L5V2_conserved	PJM-1_conserved	9.332E-01	9.054E-01	9.054E-01	48.300	95	93	95
B5L5V2_conserved	A0A386JBC5_conserved	9.269E-01	8.993E-01	9.083E-01	48.300	95	93	94
B5L5V2_conserved	A0A0C5LDH9_conserved	9.315E-01	9.039E-01	9.039E-01	51.600	95	93	95
B5L5V2_conserved	A0A059Q5E8_conserved	9.312E-01	9.036E-01	9.036E-01	52.600	95	93	95
B5L5V2_conserved	B5L5V3_conserved	9.315E-01	9.039E-01	9.039E-01	52.600	95	93	95
B5L5V2_conserved	AF-A0A4D6P0I4-F1-model_v4_conserved	9.315E-01	9.039E-01	9.039E-01	43.000	95	93	95
B5L5V2_conserved	B5DCA0_conserved	9.295E-01	9.019E-01	9.019E-01	48.300	95	93	95
B5L5V2_conserved	AF-A0A1L6K5X8-F1-model_v4_conserved	9.298E-01	9.022E-01	9.022E-01	43.000	95	93	95
B5L5V2_conserved	AF-K4GMG4-F1-model_v4_conserved	9.206E-01	8.931E-01	9.021E-01	43.600	95	94	94
B5L5V2_conserved	AF-K4GMG9-F1-model_v6_conserved	9.238E-01	8.962E-01	8.962E-01	48.300	95	93	95
B5L5V2_conserved	NWM_conserved	9.236E-01	8.961E-01	8.961E-01	46.200	95	93	95
B5L5V2_conserved	AF-K4GMK0-F1-model_v4_conserved	9.233E-01	8.957E-01	8.957E-01	47.300	95	93	95
B5L5V2_conserved	U3U4Q6_conserved	9.255E-01	8.986E-01	8.986E-01	43.000	95	93	95
B5L5V2_conserved	Q9JRP7_conserved	9.248E-01	8.974E-01	8.974E-01	43.000	95	93	95
B5L5V2_conserved	AF-A0A1L6K5Y8-F1-model_v4_conserved	9.156E-01	8.976E-01	8.976E-01	52.100	95	94	95
B5L5V2_conserved	G5ELM3_conserved	9.223E-01	8.949E-01	8.949E-01	44.000	95	93	95
B5L5V2_conserved	B3SU1_conserved	9.209E-01	8.936E-01	8.936E-01	51.600	95	93	95
B5L5V2_conserved	B5L5V0_conserved	9.185E-01	8.913E-01	8.913E-01	51.600	95	93	95
B5L5V2_conserved	AF-A0A1L5BQA7-F1-model_v4_conserved	9.185E-01	8.821E-01	8.909E-01	43.600	95	94	94
B5L5V2_conserved	AF-Q6D395-F1-model_v4_conserved	8.875E-01	8.440E-01	8.609E-01	45.200	95	95	93
B5L5V5_conserved	B5L5V5_conserved	1.011E+00	1.000E+00	1.000E+00	100.000	95	95	95
B5L5V5_conserved	A0A0C5L392_conserved	1.006E+00	9.745E-01	9.848E-01	86.000	95	93	94
B5L5V5_conserved	Q5EEU4_conserved	1.000E+00	9.793E-01	9.793E-01	87.200	95	94	95
B5L5V5_conserved	A0A0C5LDD9_conserved	1.008E+00	9.761E-01	9.761E-01	89.200	95	93	95
B5L5V5_conserved	A0A0C5LQ44_conserved	9.987E-01	9.778E-01	9.778E-01	86.100	95	94	95
B5L5V5_conserved	Q6V8J2_conserved	9.989E-01	9.780E-01	9.780E-01	88.200	95	94	95
B5L5V5_conserved	Q4JRB6_conserved	9.990E-01	9.781E-01	9.781E-01	88.200	95	94	95
B5L5V5_conserved	Q9RB00_conserved	9.987E-01	9.778E-01	9.778E-01	88.200	95	94	95
B5L5V5_conserved	Q6DTI5_conserved	9.986E-01	9.778E-01	9.778E-01	88.200	95	94	95
B5L5V5_conserved	Q6DTI7_conserved	9.985E-01	9.777E-01	9.777E-01	88.200	95	94	95
B5L5V5_conserved	Q6DTI8_conserved	9.985E-01	9.776E-01	9.776E-01	88.200	95	94	95
B5L5V5_conserved	A0A0C5LDD5_conserved	9.976E-01	9.768E-01	9.768E-01	85.100	95	94	95
B5L5V5_conserved	B5L5X0_conserved	9.926E-01	9.719E-01	9.719E-01	85.100	95	94	95
B5L5V5_conserved	AF-A0A0D0GMS0-F1-model_v4_conserved	1.006E+00	9.534E-01	9.844E-01	89.000	95	91	92
B5L5V5_conserved	B5L5V9_conserved	9.934E-01	9.728E-01	9.728E-01	75.500	95	94	95
B5L5V5_conserved	Q9KJB1_conserved	1.008E+00	9.340E-01	9.968E-01	91.000	95	89	89
B5L5V5_conserved	Q9KJB5_conserved	1.008E+00	9.336E-01	9.963E-01	89.800	95	89	89
B5L5V5_conserved	Q9KJB6_conserved	1.008E+00	9.336E-01	9.963E-01	91.000	95	89	89
B5L5V5_conserved	Q9KJB4_conserved	1.007E+00	9.335E-01	9.962E-01	91.000	95	89	89
B5L5V5_conserved	Q9KJB2_conserved	1.007E+00	9.334E-01	9.961E-01	91.000	95	89	89
B5L5V5_conserved	Q9KJB3_conserved	1.007E+00	9.334E-01	9.961E-01	91.000	95	89	89
B5L5V5_conserved	B5L5V2_conserved	9.781E-01	9.579E-01	9.579E-01	68.000	95	94	95
B5L5V5_conserved	B5L5W3_conserved	9.672E-01	9.573E-01	9.573E-01	67.300	95	95	95
B5L5V5_conserved	B3SU2_conserved	9.707E-01	9.410E-01	9.507E-01	60.200	95	93	94
B5L5V5_conserved	Q9K578_conserved	9.673E-01	9.279E-01	9.375E-01	59.700	95	92	94
B5L5V5_conserved	A0A0C5LQ34_conserved	9.517E-01	9.132E-01	9.320E-01	58.000	95	93	93
B5L5V5_conserved	AF-A8GGW7-F1-model_v4_conserved	9.519E-01	9.232E-01	9.232E-01	47.300	95	93	95
B5L5V5_conserved	Q8KKG1_conserved	9.455E-01	9.168E-01	9.168E-01	49.400	95	93	95
B5L5V5_conserved	MBL1b_conserved	9.434E-01	9.148E-01	9.148E-01	49.400	95	93	95
B5L5V5_conserved	AF-Q89GW5-F1-model_v4_conserved	9.317E-01	9.037E-01	9.037E-01	54.200	95	94	95
B5L5V5_conserved	AF-A0A1L6K5Z8-F1-model_v4_conserved	9.321E-01	9.044E-01	9.135E-01	49.400	95	93	94
B5L5V5_conserved	GRD33_conserved	9.310E-01	9.034E-01	9.124E-01	51.600	95	93	94
B5L5V5_conserved	THIN-B_conserved	9.323E-01	9.045E-01	9.045E-01	46.200	95	93	95
B5L5V5_conserved	A0A0C5LDH9_conserved	9.318E-01	9.040E-01	9.040E-01	50.500	95	93	95
B5L5V5_conserved	AF-A0A1L6K5Z9-F1-model_v4_conserved	9.290E-01	9.013E-01	9.013E-01	47.300	95	93	95
B5L5V5_conserved	AF-A0A4D6P0I4-F1-model_v4_conserved	9.299E-01	9.022E-01	9.022E-01	46.200	95	93	95
B5L5V5_conserved	PJM-1_conserved	9.305E-01	9.028E-01	9.028E-01	47.300	95	93	95
B5L5V5_conserved	AF-A0A1L6K5X8-F1-model_v4_conserved	9.291E-01	9.014E-01	9.014E-01	45.100	95	93	95
B5L5V5_conserved	B5L5V3_conserved	9.295E-01	9.019E-01	9.019E-01	49.400	95	93	95
B5L5V5_conserved	A0A059Q5E8_conserved	9.290E-01	9.014E-01	9.014E-01	49.400	95	93	95
B5L5V5_conserved	ECM-1_conserved	9.270E-01	8.994E-01	8.994E-01	41.900	95	93	95
B5L5V5_conserved	AF-K4GMF9-F1-model_v4_conserved	9.263E-01	8.987E-01	8.987E-01	44.000	95	93	95
B5L5V5_conserved	A0A386JBC5_conserved	9.211E-01	8.938E-01	9.027E-01	46.200	95	93	94
B5L5V5_conserved	U3U4Q6_conserved	9.243E-01	8.967E-01	8.967E-01	45.100	95	93	95
B5L5V5_conserved	B5DCA0_conserved	9.261E-01	8.987E-01	8.987E-01	47.300	95	93	95
B5L5V5_conserved	Q9JRP7_conserved	9.242E-01	8.967E-01	8.967E-01	45.100	95	93	95
B5L5V5_conserved	AF-K4GMK0-F1-model_v4_conserved	9.217E-01	8.942E-01	8.942E-01	46.200	95	93	95
B5L5V5_conserved	AF-A0A1L6K5Y8-F1-model_v4_conserved	9.161E-01	8.980E-01	8.980E-01	51.000	95	94	95
B5L5V5_conserved	G5ELM3_conserved	9.230E-01	8.956E-01	8.956E-01	47.300	95	93	95
B5L5V5_conserved	AF-K4GMG4-F1-model_v4_conserved	9.165E-01	8.892E-01	8.981E-01	42.500	95	94	94
B5L5V5_conserved	B5L5V0_conserved	9.197E-01	8.924E-01	8.924E-01	48.300	95	93	95
B5L5V5_conserved	AF-K4GMG9-F1-model_v6_conserved	9.177E-01	8.904E-01	8.904E-01	43.000	95	93	95
B5L5V5_conserved	NWM_conserved	9.150E-01	8.880E-01	8.880E-01	44.000	95	93	95
B5L5V5_conserved	AF-A0A1L5BQA7-F1-model_v4_conserved	9.186E-01	8.823E-01	8.911E-01	46.200	95	93	94
B5L5V5_conserved	B3SU1_conserved	9.128E-01	8.859E-01	8.859E-01	48.300	95	93	95
B5L5V5_conserved	AF-Q6D395-F1-model_v4_conserved	8.750E-01	8.323E-01	8.489E-01	41.000	95	95	93
ECM-1_conserved	ECM-1_conserved	1.011E+00	1.000E+00	1.000E+00	100.000	95	95	95
ECM-1_conserved	AF-K4GMF9-F1-model_v4_conserved	1.006E+00	9.851E-01	9.851E-01	91.400	95	94	95
ECM-1_conserved	AF-K4GMG9-F1-model_v6_conserved	9.890E-01	9.685E-01	9.685E-01	85.100	95	94	95
ECM-1_conserved	A0A386JBC5_conserved	9.923E-01	9.615E-01	9.715E-01	77.400	95	93	94
ECM-1_conserved	AF-A0A1L6K5Z9-F1-model_v4_conserved	9.950E-01	9.640E-01	9.640E-01	80.600	95	93	95
ECM-1_conserved	AF-K4GMG4-F1-model_v4_conserved	9.867E-01	9.559E-01	9.660E-01	74.400	95	94	94
ECM-1_conserved	AF-K4GMK0-F1-model_v4_conserved	9.850E-01	9.546E-01	9.546E-01	74.100	95	93	95
ECM-1_conserved	B3SU1_conserved	9.813E-01	9.509E-01	9.509E-01	75.200	95	93	95
ECM-1_conserved	NWM_conserved	9.839E-01	9.535E-01	9.535E-01	79.500	95	93	95
ECM-1_conserved	PJM-1_conserved	9.737E-01	9.438E-01	9.438E-01	67.700	95	93	95
ECM-1_conserved	G5ELM3_conserved	9.752E-01	9.453E-01	9.453E-01	63.400	95	93	95
ECM-1_conserved	AF-A0A1L6K5Z8-F1-model_v4_conserved	9.675E-01	9.379E-01	9.476E-01	61.200	95	93	94
ECM-1_conserved	GRD33_conserved	9.668E-01	9.372E-01	9.469E-01	63.400	95	93	94
ECM-1_conserved	B5DCA0_conserved	9.697E-01	9.401E-01	9.401E-01	67.700	95	93	95
ECM-1_conserved	THIN-B_conserved	9.678E-01	9.382E-01	9.382E-01	62.300	95	93	95
ECM-1_conserved	B5L5V0_conserved	9.697E-01	9.402E-01	9.402E-01	68.800	95	93	95
ECM-1_conserved	A0A0C5LDH9_conserved	9.592E-01	9.301E-01	9.301E-01	64.500	95	93	95
ECM-1_conserved	AF-A0A1L6K5Y8-F1-model_v4_conserved	9.587E-01	9.296E-01	9.296E-01	65.500	95	93	95
ECM-1_conserved	A0A0C5LQ34_conserved	9.565E-01	9.176E-01	9.366E-01	54.800	95	93	93
ECM-1_conserved	B5L5V3_conserved	9.577E-01	9.287E-01	9.287E-01	62.300	95	93	95
ECM-1_conserved	AF-A0A1L5BQA7-F1-model_v4_conserved	9.628E-01	9.239E-01	9.333E-01	53.700	95	93	94
ECM-1_conserved	A0A059Q5E8_conserved	9.567E-01	9.278E-01	9.278E-01	66.600	95	93	95
ECM-1_conserved	B3SU2_conserved	9.430E-01	9.147E-01	9.239E-01	48.300	95	93	94
ECM-1_conserved	AF-A8GGW7-F1-model_v4_conserved	9.454E-01	9.170E-01	9.170E-01	49.400	95	93	95
ECM-1_conserved	Q8KKG1_conserved	9.432E-01	9.147E-01	9.147E-01	50.500	95	93	95
ECM-1_conserved	MBL1b_conserved	9.429E-01	9.144E-01	9.144E-01	49.400	95	93	95
ECM-1_conserved	B5L5V2_conserved	9.378E-01	9.095E-01	9.095E-01	43.000	95	93	95
ECM-1_conserved	AF-A0A1L6K5X8-F1-model_v4_conserved	9.372E-01	9.090E-01	9.090E-01	56.300	95	94	95
ECM-1_conserved	B5L5W3_conserved	9.366E-01	9.085E-01	9.085E-01	40.800	95	93	95
ECM-1_conserved	Q9K578_conserved	9.407E-01	9.030E-01	9.122E-01	48.900	95	92	94
ECM-1_conserved	AF-A0A4D6P0I4-F1-model_v4_conserved	9.333E-01	9.053E-01	9.053E-01	57.400	95	94	95
ECM-1_conserved	B5L5V9_conserved	9.342E-01	9.063E-01	9.063E-01	44.000	95	93	95
ECM-1_conserved	B5L5X0_conserved	9.335E-01	9.056E-01	9.056E-01	44.000	95	93	95
ECM-1_conserved	Q4JRB6_conserved	9.328E-01	9.050E-01	9.050E-01	45.100	95	93	95
ECM-1_conserved	Q6V8J2_conserved	9.306E-01	9.028E-01	9.028E-01	45.100	95	93	95
ECM-1_conserved	Q5EEU4_conserved	9.305E-01	9.028E-01	9.028E-01	44.000	95	93	95
ECM-1_conserved	Q9RB00_conserved	9.302E-01	9.025E-01	9.025E-01	45.100	95	93	95
ECM-1_conserved	Q6DTI8_conserved	9.297E-01	9.020E-01	9.020E-01	45.100	95	93	95
ECM-1_conserved	Q6DTI5_conserved	9.295E-01	9.018E-01	9.018E-01	45.100	95	93	95
ECM-1_conserved	Q6DTI7_conserved	9.292E-01	9.015E-01	9.015E-01	45.100	95	93	95
ECM-1_conserved	U3U4Q6_conserved	9.278E-01	9.001E-01	9.001E-01	56.300	95	94	95
ECM-1_conserved	Q9JRP7_conserved	9.271E-01	8.995E-01	8.995E-01	56.300	95	94	95
ECM-1_conserved	A0A0C5LQ44_conserved	9.277E-01	9.001E-01	9.001E-01	46.200	95	93	95
ECM-1_conserved	B5L5V5_conserved	9.270E-01	8.994E-01	8.994E-01	41.900	95	93	95
ECM-1_conserved	A0A0C5LDD9_conserved	9.335E-01	8.963E-01	8.963E-01	44.500	95	92	95
ECM-1_conserved	A0A0C5LDD5_conserved	9.261E-01	8.985E-01	8.985E-01	44.000	95	93	95
ECM-1_conserved	A0A0C5L392_conserved	9.299E-01	8.929E-01	9.019E-01	43.400	95	92	94
ECM-1_conserved	AF-A0A0D0GMS0-F1-model_v4_conserved	9.366E-01	8.804E-01	9.077E-01	44.400	95	90	92
ECM-1_conserved	Q9KJB1_conserved	9.325E-01	8.675E-01	9.227E-01	47.100	95	89	89
ECM-1_conserved	Q9KJB3_conserved	9.321E-01	8.670E-01	9.222E-01	47.100	95	89	89
ECM-1_conserved	Q9KJB6_conserved	9.320E-01	8.670E-01	9.222E-01	47.100	95	89	89
ECM-1_conserved	Q9KJB4_conserved	9.320E-01	8.670E-01	9.222E-01	47.100	95	89	89
ECM-1_conserved	Q9KJB5_conserved	9.319E-01	8.669E-01	9.221E-01	46.000	95	89	89
ECM-1_conserved	Q9KJB2_conserved	9.318E-01	8.668E-01	9.219E-01	46.000	95	89	89
ECM-1_conserved	AF-Q89GW5-F1-model_v4_conserved	9.088E-01	8.820E-01	8.820E-01	47.800	95	94	95
ECM-1_conserved	AF-Q6D395-F1-model_v4_conserved	8.831E-01	8.397E-01	8.565E-01	43.700	95	96	93
Q4JRB6_conserved	Q4JRB6_conserved	1.011E+00	1.000E+00	1.000E+00	100.000	95	95	95
Q4JRB6_conserved	Q6V8J2_conserved	1.005E+00	9.941E-01	9.941E-01	98.900	95	95	95
Q4JRB6_conserved	Q5EEU4_conserved	1.002E+00	9.917E-01	9.917E-01	97.800	95	95	95
Q4JRB6_conserved	A0A0C5L392_conserved	1.007E+00	9.858E-01	9.963E-01	91.400	95	94	94
Q4JRB6_conserved	Q6DTI7_conserved	1.002E+00	9.911E-01	9.911E-01	100.000	95	95	95
Q4JRB6_conserved	Q9RB00_conserved	1.001E+00	9.903E-01	9.903E-01	100.000	95	95	95
Q4JRB6_conserved	Q6DTI5_conserved	1.000E+00	9.898E-01	9.898E-01	100.000	95	95	95
Q4JRB6_conserved	Q6DTI8_conserved	1.000E+00	9.895E-01	9.895E-01	98.900	95	95	95
Q4JRB6_conserved	A0A0C5LQ44_conserved	9.977E-01	9.872E-01	9.872E-01	92.600	95	95	95
Q4JRB6_conserved	A0A0C5LDD5_conserved	9.961E-01	9.857E-01	9.857E-01	92.600	95	95	95
Q4JRB6_conserved	B5L5V9_conserved	1.001E+00	9.800E-01	9.800E-01	76.500	95	94	95
Q4JRB6_conserved	B5L5V5_conserved	9.990E-01	9.781E-01	9.781E-01	88.200	95	94	95
Q4JRB6_conserved	B5L5X0_conserved	9.985E-01	9.776E-01	9.776E-01	87.200	95	94	95
Q4JRB6_conserved	A0A0C5LDD9_conserved	1.007E+00	9.751E-01	9.751E-01	90.300	95	93	95
Q4JRB6_conserved	AF-A0A0D0GMS0-F1-model_v4_conserved	1.006E+00	9.535E-01	9.844E-01	90.100	95	91	92
Q4JRB6_conserved	Q9KJB1_conserved	1.010E+00	9.353E-01	9.983E-01	100.000	95	89	89
Q4JRB6_conserved	Q9KJB5_conserved	1.009E+00	9.351E-01	9.981E-01	98.800	95	89	89
Q4JRB6_conserved	Q9KJB6_conserved	1.009E+00	9.351E-01	9.980E-01	100.000	95	89	89
Q4JRB6_conserved	Q9KJB4_conserved	1.009E+00	9.350E-01	9.979E-01	100.000	95	89	89
Q4JRB6_conserved	Q9KJB3_conserved	1.009E+00	9.350E-01	9.979E-01	100.000	95	89	89
Q4JRB6_conserved	Q9KJB2_conserved	1.009E+00	9.348E-01	9.977E-01	98.800	95	89	89
Q4JRB6_conserved	B5L5V2_conserved	9.846E-01	9.642E-01	9.642E-01	69.100	95	94	95
Q4JRB6_conserved	B5L5W3_conserved	9.834E-01	9.631E-01	9.631E-01	64.800	95	94	95
Q4JRB6_conserved	B3SU2_conserved	9.798E-01	9.497E-01	9.596E-01	62.300	95	93	94
Q4JRB6_conserved	Q9K578_conserved	9.756E-01	9.358E-01	9.454E-01	64.100	95	92	94
Q4JRB6_conserved	AF-A8GGW7-F1-model_v4_conserved	9.556E-01	9.269E-01	9.269E-01	50.500	95	93	95
Q4JRB6_conserved	A0A0C5LQ34_conserved	9.529E-01	9.145E-01	9.333E-01	59.100	95	93	93
Q4JRB6_conserved	Q8KKG1_conserved	9.471E-01	9.184E-01	9.184E-01	50.500	95	93	95
Q4JRB6_conserved	MBL1b_conserved	9.447E-01	9.161E-01	9.161E-01	50.500	95	93	95
Q4JRB6_conserved	THIN-B_conserved	9.386E-01	9.106E-01	9.106E-01	46.200	95	93	95
Q4JRB6_conserved	AF-A0A1L6K5Z8-F1-model_v4_conserved	9.365E-01	9.086E-01	9.177E-01	49.400	95	93	94
Q4JRB6_conserved	GRD33_conserved	9.356E-01	9.078E-01	9.169E-01	51.600	95	93	94
Q4JRB6_conserved	AF-Q89GW5-F1-model_v4_conserved	9.341E-01	9.060E-01	9.060E-01	54.200	95	94	95
Q4JRB6_conserved	AF-A0A1L6K5Z9-F1-model_v4_conserved	9.349E-01	9.070E-01	9.070E-01	49.400	95	93	95
Q4JRB6_conserved	A0A0C5LDH9_conserved	9.346E-01	9.068E-01	9.068E-01	50.500	95	93	95
Q4JRB6_conserved	B5L5V3_conserved	9.345E-01	9.067E-01	9.067E-01	51.600	95	93	95
Q4JRB6_conserved	ECM-1_conserved	9.328E-01	9.050E-01	9.050E-01	45.100	95	93	95
Q4JRB6_conserved	AF-K4GMF9-F1-model_v4_conserved	9.322E-01	9.044E-01	9.044E-01	47.300	95	93	95
Q4JRB6_conserved	A0A059Q5E8_conserved	9.334E-01	9.056E-01	9.056E-01	51.600	95	93	95
Q4JRB6_conserved	A0A386JBC5_conserved	9.271E-01	8.995E-01	9.085E-01	48.300	95	93	94
Q4JRB6_conserved	PJM-1_conserved	9.330E-01	9.053E-01	9.053E-01	45.100	95	93	95
Q4JRB6_conserved	AF-A0A4D6P0I4-F1-model_v4_conserved	9.314E-01	9.037E-01	9.037E-01	46.200	95	93	95
Q4JRB6_conserved	AF-A0A1L6K5X8-F1-model_v4_conserved	9.313E-01	9.036E-01	9.036E-01	45.100	95	93	95
Q4JRB6_conserved	AF-A0A1L6K5Y8-F1-model_v4_conserved	9.223E-01	9.041E-01	9.041E-01	51.000	95	94	95
Q4JRB6_conserved	AF-K4GMK0-F1-model_v4_conserved	9.268E-01	8.991E-01	8.991E-01	48.300	95	93	95
Q4JRB6_conserved	G5ELM3_conserved	9.273E-01	8.997E-01	8.997E-01	46.200	95	93	95
Q4JRB6_conserved	B5DCA0_conserved	9.287E-01	9.011E-01	9.011E-01	45.100	95	93	95
Q4JRB6_conserved	AF-K4GMG4-F1-model_v4_conserved	9.207E-01	8.933E-01	9.022E-01	44.600	95	94	94
Q4JRB6_conserved	U3U4Q6_conserved	9.273E-01	8.997E-01	8.997E-01	45.100	95	93	95
Q4JRB6_conserved	Q9JRP7_conserved	9.259E-01	8.984E-01	8.984E-01	45.100	95	93	95
Q4JRB6_conserved	B5L5V0_conserved	9.232E-01	8.958E-01	8.958E-01	51.600	95	93	95
Q4JRB6_conserved	AF-K4GMG9-F1-model_v6_conserved	9.223E-01	8.949E-01	8.949E-01	45.100	95	93	95
Q4JRB6_conserved	NWM_conserved	9.216E-01	8.942E-01	8.942E-01	46.200	95	93	95
Q4JRB6_conserved	B3SU1_conserved	9.191E-01	8.920E-01	8.920E-01	49.400	95	93	95
Q4JRB6_conserved	AF-A0A1L5BQA7-F1-model_v4_conserved	9.204E-01	8.840E-01	8.928E-01	47.300	95	93	94
Q4JRB6_conserved	AF-Q6D395-F1-model_v4_conserved	8.769E-01	8.342E-01	8.508E-01	43.100	95	95	93
PJM-1_conserved	PJM-1_conserved	1.011E+00	1.000E+00	1.000E+00	100.000	95	95	95
PJM-1_conserved	B5DCA0_conserved	1.008E+00	9.764E-01	9.764E-01	96.700	95	93	95
PJM-1_conserved	AF-A0A1L6K5Z8-F1-model_v4_conserved	9.861E-01	9.556E-01	9.655E-01	77.400	95	93	94
PJM-1_conserved	GRD33_conserved	9.836E-01	9.532E-01	9.632E-01	76.300	95	93	94
PJM-1_conserved	AF-A0A1L6K5Z9-F1-model_v4_conserved	9.850E-01	9.545E-01	9.545E-01	76.300	95	93	95
PJM-1_conserved	A0A386JBC5_conserved	9.798E-01	9.496E-01	9.594E-01	70.900	95	93	94
PJM-1_conserved	THIN-B_conserved	9.845E-01	9.540E-01	9.540E-01	73.100	95	93	95
PJM-1_conserved	AF-A0A1L6K5Y8-F1-model_v4_conserved	9.817E-01	9.515E-01	9.515E-01	77.400	95	93	95
PJM-1_conserved	B5L5V0_conserved	9.797E-01	9.494E-01	9.494E-01	75.200	95	93	95
PJM-1_conserved	A0A0C5LDH9_conserved	9.813E-01	9.511E-01	9.511E-01	77.400	95	93	95
PJM-1_conserved	B5L5V3_conserved	9.790E-01	9.489E-01	9.489E-01	74.100	95	93	95
PJM-1_conserved	G5ELM3_conserved	9.778E-01	9.477E-01	9.477E-01	73.100	95	93	95
PJM-1_conserved	A0A059Q5E8_conserved	9.788E-01	9.488E-01	9.488E-01	70.900	95	93	95
PJM-1_conserved	AF-K4GMF9-F1-model_v4_conserved	9.751E-01	9.451E-01	9.451E-01	67.700	95	93	95
PJM-1_conserved	ECM-1_conserved	9.737E-01	9.438E-01	9.438E-01	67.700	95	93	95
PJM-1_conserved	B3SU1_conserved	9.716E-01	9.417E-01	9.417E-01	69.800	95	93	95
PJM-1_conserved	AF-K4GMK0-F1-model_v4_conserved	9.709E-01	9.411E-01	9.411E-01	70.900	95	93	95
PJM-1_conserved	AF-K4GMG9-F1-model_v6_conserved	9.690E-01	9.393E-01	9.393E-01	69.800	95	93	95
PJM-1_conserved	NWM_conserved	9.693E-01	9.396E-01	9.396E-01	68.800	95	93	95
PJM-1_conserved	AF-K4GMG4-F1-model_v4_conserved	9.636E-01	9.341E-01	9.437E-01	66.600	95	93	94
PJM-1_conserved	A0A0C5LQ34_conserved	9.679E-01	9.284E-01	9.478E-01	53.700	95	93	93
PJM-1_conserved	AF-A0A1L5BQA7-F1-model_v4_conserved	9.697E-01	9.302E-01	9.397E-01	58.000	95	93	94
PJM-1_conserved	Q8KKG1_conserved	9.557E-01	9.267E-01	9.267E-01	53.700	95	93	95
PJM-1_conserved	AF-A8GGW7-F1-model_v4_conserved	9.552E-01	9.263E-01	9.263E-01	53.700	95	93	95
PJM-1_conserved	MBL1b_conserved	9.539E-01	9.250E-01	9.250E-01	52.600	95	93	95
PJM-1_conserved	B3SU2_conserved	9.411E-01	9.130E-01	9.222E-01	50.500	95	93	94
PJM-1_conserved	AF-A0A1L6K5X8-F1-model_v4_conserved	9.392E-01	9.108E-01	9.108E-01	61.700	95	94	95
PJM-1_conserved	AF-A0A4D6P0I4-F1-model_v4_conserved	9.364E-01	9.082E-01	9.082E-01	56.300	95	94	95
PJM-1_conserved	U3U4Q6_conserved	9.339E-01	9.073E-01	9.073E-01	61.700	95	94	95
PJM-1_conserved	Q9K578_conserved	9.396E-01	9.023E-01	9.114E-01	50.000	95	92	94
PJM-1_conserved	Q9JRP7_conserved	9.314E-01	9.034E-01	9.034E-01	55.300	95	94	95
PJM-1_conserved	B5L5X0_conserved	9.339E-01	9.061E-01	9.061E-01	44.000	95	93	95
PJM-1_conserved	B5L5V2_conserved	9.332E-01	9.054E-01	9.054E-01	48.300	95	93	95
PJM-1_conserved	Q4JRB6_conserved	9.330E-01	9.053E-01	9.053E-01	45.100	95	93	95
PJM-1_conserved	B5L5W3_conserved	9.322E-01	9.045E-01	9.045E-01	46.200	95	93	95
PJM-1_conserved	B5L5V9_conserved	9.320E-01	9.044E-01	9.044E-01	47.300	95	93	95
PJM-1_conserved	B5L5V5_conserved	9.305E-01	9.028E-01	9.028E-01	47.300	95	93	95
PJM-1_conserved	Q5EEU4_conserved	9.310E-01	9.034E-01	9.034E-01	46.200	95	93	95
PJM-1_conserved	AF-A0A0D0GMS0-F1-model_v4_conserved	9.417E-01	8.854E-01	9.127E-01	47.700	95	90	92
PJM-1_conserved	Q6V8J2_conserved	9.294E-01	9.019E-01	9.019E-01	45.100	95	93	95
PJM-1_conserved	A0A0C5LDD9_conserved	9.365E-01	8.993E-01	8.993E-01	45.600	95	92	95
PJM-1_conserved	Q9RB00_conserved	9.288E-01	9.013E-01	9.013E-01	45.100	95	93	95
PJM-1_conserved	Q6DTI8_conserved	9.285E-01	9.010E-01	9.010E-01	45.100	95	93	95
PJM-1_conserved	Q9KJB1_conserved	9.364E-01	8.713E-01	9.265E-01	47.100	95	89	89
PJM-1_conserved	Q6DTI5_conserved	9.279E-01	9.005E-01	9.005E-01	45.100	95	93	95
PJM-1_conserved	Q6DTI7_conserved	9.278E-01	9.003E-01	9.003E-01	45.100	95	93	95
PJM-1_conserved	A0A0C5L392_conserved	9.315E-01	8.947E-01	9.036E-01	42.300	95	92	94
PJM-1_conserved	A0A0C5LQ44_conserved	9.271E-01	8.997E-01	8.997E-01	47.300	95	93	95
PJM-1_conserved	Q9KJB5_conserved	9.356E-01	8.705E-01	9.257E-01	46.000	95	89	89
PJM-1_conserved	Q9KJB4_conserved	9.355E-01	8.705E-01	9.256E-01	47.100	95	89	89
PJM-1_conserved	Q9KJB6_conserved	9.355E-01	8.705E-01	9.256E-01	47.100	95	89	89
PJM-1_conserved	Q9KJB3_conserved	9.354E-01	8.704E-01	9.256E-01	47.100	95	89	89
PJM-1_conserved	Q9KJB2_conserved	9.353E-01	8.703E-01	9.254E-01	46.000	95	89	89
PJM-1_conserved	A0A0C5LDD5_conserved	9.256E-01	8.982E-01	8.982E-01	44.000	95	93	95
PJM-1_conserved	AF-Q89GW5-F1-model_v4_conserved	9.233E-01	8.959E-01	8.959E-01	52.100	95	94	95
PJM-1_conserved	AF-Q6D395-F1-model_v4_conserved	8.801E-01	8.369E-01	8.536E-01	44.700	95	96	93
Q6DTI8_conserved	Q6DTI8_conserved	1.011E+00	1.000E+00	1.000E+00	100.000	95	95	95
Q6DTI8_conserved	Q6DTI5_conserved	1.007E+00	9.963E-01	9.963E-01	98.900	95	95	95
Q6DTI8_conserved	Q6DTI7_conserved	1.002E+00	9.913E-01	9.913E-01	98.900	95	95	95
Q6DTI8_conserved	Q6V8J2_conserved	1.002E+00	9.913E-01	9.913E-01	97.800	95	95	95
Q6DTI8_conserved	Q5EEU4_conserved	1.001E+00	9.907E-01	9.907E-01	97.800	95	95	95
Q6DTI8_conserved	Q9RB00_conserved	1.010E+00	9.892E-01	9.892E-01	98.900	95	94	95
Q6DTI8_conserved	Q4JRB6_conserved	1.000E+00	9.895E-01	9.895E-01	98.900	95	95	95
Q6DTI8_conserved	A0A0C5LQ44_conserved	1.008E+00	9.866E-01	9.866E-01	92.500	95	94	95
Q6DTI8_conserved	A0A0C5LDD5_conserved	1.007E+00	9.860E-01	9.860E-01	92.500	95	94	95
Q6DTI8_conserved	A0A0C5L392_conserved	1.001E+00	9.804E-01	9.908E-01	91.400	95	94	94
Q6DTI8_conserved	B5L5X0_conserved	9.993E-01	9.784E-01	9.784E-01	87.200	95	94	95
Q6DTI8_conserved	B5L5V5_conserved	9.985E-01	9.776E-01	9.776E-01	88.200	95	94	95
Q6DTI8_conserved	A0A0C5LDD9_conserved	1.007E+00	9.750E-01	9.750E-01	90.300	95	93	95
Q6DTI8_conserved	B5L5V9_conserved	9.981E-01	9.773E-01	9.773E-01	76.500	95	94	95
Q6DTI8_conserved	Q9KJB3_conserved	1.011E+00	9.365E-01	9.996E-01	98.800	95	89	89
Q6DTI8_conserved	Q9KJB5_conserved	1.011E+00	9.365E-01	9.996E-01	97.700	95	89	89
Q6DTI8_conserved	Q9KJB4_conserved	1.011E+00	9.365E-01	9.996E-01	98.800	95	89	89
Q6DTI8_conserved	Q9KJB6_conserved	1.011E+00	9.365E-01	9.996E-01	98.800	95	89	89
Q6DTI8_conserved	Q9KJB1_conserved	1.011E+00	9.364E-01	9.995E-01	98.800	95	89	89
Q6DTI8_conserved	Q9KJB2_conserved	1.011E+00	9.363E-01	9.993E-01	97.700	95	89	89
Q6DTI8_conserved	AF-A0A0D0GMS0-F1-model_v4_conserved	1.006E+00	9.530E-01	9.839E-01	90.100	95	91	92
Q6DTI8_conserved	B5L5V2_conserved	9.850E-01	9.647E-01	9.647E-01	69.100	95	94	95
Q6DTI8_conserved	B5L5W3_conserved	9.825E-01	9.622E-01	9.622E-01	64.800	95	94	95
Q6DTI8_conserved	B3SU2_conserved	9.763E-01	9.464E-01	9.561E-01	62.300	95	93	94
Q6DTI8_conserved	Q9K578_conserved	9.708E-01	9.313E-01	9.409E-01	65.200	95	92	94
Q6DTI8_conserved	A0A0C5LQ34_conserved	9.488E-01	9.107E-01	9.294E-01	60.200	95	93	93
Q6DTI8_conserved	AF-A8GGW7-F1-model_v4_conserved	9.493E-01	9.209E-01	9.209E-01	50.500	95	93	95
Q6DTI8_conserved	Q8KKG1_conserved	9.428E-01	9.143E-01	9.143E-01	50.500	95	93	95
Q6DTI8_conserved	MBL1b_conserved	9.408E-01	9.125E-01	9.125E-01	50.500	95	93	95
Q6DTI8_conserved	AF-Q89GW5-F1-model_v4_conserved	9.317E-01	9.037E-01	9.037E-01	54.200	95	94	95
Q6DTI8_conserved	AF-A0A1L6K5Z8-F1-model_v4_conserved	9.317E-01	9.041E-01	9.131E-01	49.400	95	93	94
Q6DTI8_conserved	GRD33_conserved	9.313E-01	9.037E-01	9.127E-01	51.600	95	93	94
Q6DTI8_conserved	THIN-B_conserved	9.330E-01	9.052E-01	9.052E-01	46.200	95	93	95
Q6DTI8_conserved	AF-A0A1L6K5Z9-F1-model_v4_conserved	9.292E-01	9.015E-01	9.015E-01	49.400	95	93	95
Q6DTI8_conserved	ECM-1_conserved	9.297E-01	9.020E-01	9.020E-01	45.100	95	93	95
Q6DTI8_conserved	AF-K4GMF9-F1-model_v4_conserved	9.283E-01	9.007E-01	9.007E-01	47.300	95	93	95
Q6DTI8_conserved	A0A0C5LDH9_conserved	9.286E-01	9.010E-01	9.010E-01	50.500	95	93	95
Q6DTI8_conserved	PJM-1_conserved	9.285E-01	9.010E-01	9.010E-01	45.100	95	93	95
Q6DTI8_conserved	A0A386JBC5_conserved	9.222E-01	8.948E-01	9.038E-01	48.300	95	93	94
Q6DTI8_conserved	B5L5V3_conserved	9.283E-01	9.009E-01	9.009E-01	51.600	95	93	95
Q6DTI8_conserved	AF-A0A4D6P0I4-F1-model_v4_conserved	9.270E-01	8.996E-01	8.996E-01	46.200	95	93	95
Q6DTI8_conserved	A0A059Q5E8_conserved	9.271E-01	8.997E-01	8.997E-01	51.600	95	93	95
Q6DTI8_conserved	AF-A0A1L6K5X8-F1-model_v4_conserved	9.264E-01	8.990E-01	8.990E-01	45.100	95	93	95
Q6DTI8_conserved	AF-K4GMG4-F1-model_v4_conserved	9.183E-01	8.909E-01	8.999E-01	44.600	95	94	94
Q6DTI8_conserved	B5DCA0_conserved	9.240E-01	8.967E-01	8.967E-01	45.100	95	93	95
Q6DTI8_conserved	AF-K4GMK0-F1-model_v4_conserved	9.209E-01	8.935E-01	8.935E-01	48.300	95	93	95
Q6DTI8_conserved	AF-A0A1L6K5Y8-F1-model_v4_conserved	9.150E-01	8.971E-01	8.971E-01	51.000	95	94	95
Q6DTI8_conserved	U3U4Q6_conserved	9.219E-01	8.946E-01	8.946E-01	45.100	95	93	95
Q6DTI8_conserved	G5ELM3_conserved	9.209E-01	8.936E-01	8.936E-01	46.200	95	93	95
Q6DTI8_conserved	Q9JRP7_conserved	9.213E-01	8.941E-01	8.941E-01	45.100	95	93	95
Q6DTI8_conserved	AF-K4GMG9-F1-model_v6_conserved	9.176E-01	8.904E-01	8.904E-01	45.100	95	93	95
Q6DTI8_conserved	NWM_conserved	9.176E-01	8.904E-01	8.904E-01	46.200	95	93	95
Q6DTI8_conserved	B5L5V0_conserved	9.170E-01	8.899E-01	8.899E-01	51.600	95	93	95
Q6DTI8_conserved	B3SU1_conserved	9.159E-01	8.890E-01	8.890E-01	49.400	95	93	95
Q6DTI8_conserved	AF-A0A1L5BQA7-F1-model_v4_conserved	9.146E-01	8.786E-01	8.873E-01	47.300	95	93	94
Q6DTI8_conserved	AF-Q6D395-F1-model_v4_conserved	8.772E-01	8.345E-01	8.511E-01	43.100	95	95	93
Q9KJB1_conserved	Q9KJB1_conserved	1.011E+00	1.000E+00	1.000E+00	100.000	89	89	89
Q9KJB1_conserved	Q9KJB5_conserved	1.011E+00	9.998E-01	9.998E-01	98.800	89	89	89
Q9KJB1_conserved	Q9KJB6_conserved	1.011E+00	9.998E-01	9.998E-01	100.000	89	89	89
Q9KJB1_conserved	Q9KJB3_conserved	1.011E+00	9.998E-01	9.998E-01	100.000	89	89	89
Q9KJB1_conserved	Q9KJB4_conserved	1.011E+00	9.997E-01	9.997E-01	100.000	89	89	89
Q9KJB1_conserved	Q9KJB2_conserved	1.011E+00	9.995E-01	9.995E-01	98.800	89	89	89
Q9KJB1_conserved	AF-A0A0D0GMS0-F1-model_v4_conserved	1.007E+00	9.960E-01	9.636E-01	91.000	89	89	92
Q9KJB1_conserved	A0A0C5L392_conserved	1.010E+00	9.989E-01	9.459E-01	92.100	89	89	94
Q9KJB1_conserved	Q6DTI5_conserved	1.011E+00	9.995E-01	9.364E-01	100.000	89	89	95
Q9KJB1_conserved	Q6V8J2_conserved	1.011E+00	9.995E-01	9.364E-01	100.000	89	89	95
Q9KJB1_conserved	Q6DTI7_conserved	1.011E+00	9.995E-01	9.364E-01	100.000	89	89	95
Q9KJB1_conserved	Q6DTI8_conserved	1.011E+00	9.995E-01	9.364E-01	98.800	89	89	95
Q9KJB1_conserved	Q9RB00_conserved	1.011E+00	9.994E-01	9.364E-01	100.000	89	89	95
Q9KJB1_conserved	Q5EEU4_conserved	1.010E+00	9.986E-01	9.356E-01	97.700	89	89	95
Q9KJB1_conserved	Q4JRB6_conserved	1.010E+00	9.983E-01	9.353E-01	100.000	89	89	95
Q9KJB1_conserved	A0A0C5LQ44_conserved	1.009E+00	9.981E-01	9.352E-01	94.300	89	89	95
Q9KJB1_conserved	A0A0C5LDD5_conserved	1.009E+00	9.977E-01	9.348E-01	93.200	89	89	95
Q9KJB1_conserved	B5L5V5_conserved	1.008E+00	9.968E-01	9.340E-01	91.000	89	89	95
Q9KJB1_conserved	A0A0C5LDD9_conserved	1.008E+00	9.966E-01	9.338E-01	93.200	89	89	95
Q9KJB1_conserved	B5L5X0_conserved	1.007E+00	9.953E-01	9.327E-01	89.800	89	89	95
Q9KJB1_conserved	B5L5V9_conserved	1.004E+00	9.932E-01	9.308E-01	78.600	89	89	95
Q9KJB1_conserved	B5L5V2_conserved	9.954E-01	9.844E-01	9.231E-01	70.700	89	89	95
Q9KJB1_conserved	B5L5W3_conserved	9.935E-01	9.825E-01	9.215E-01	66.200	89	89	95
Q9KJB1_conserved	B3SU2_conserved	9.793E-01	9.686E-01	9.185E-01	65.100	89	89	94
Q9KJB1_conserved	Q9K578_conserved	9.767E-01	9.554E-01	9.060E-01	65.900	89	88	94
Q9KJB1_conserved	Q8KKG1_conserved	9.578E-01	9.474E-01	8.895E-01	52.800	89	89	95
Q9KJB1_conserved	A0A0C5LQ34_conserved	9.595E-01	9.388E-01	8.999E-01	61.700	89	89	93
Q9KJB1_conserved	AF-A8GGW7-F1-model_v4_conserved	9.594E-01	9.491E-01	8.917E-01	51.600	89	89	95
Q9KJB1_conserved	MBL1b_conserved	9.543E-01	9.440E-01	8.865E-01	52.800	89	89	95
Q9KJB1_conserved	AF-Q89GW5-F1-model_v4_conserved	9.497E-01	9.394E-01	8.824E-01	56.600	89	90	95
Q9KJB1_conserved	A0A0C5LDH9_conserved	9.455E-01	9.354E-01	8.794E-01	52.800	89	89	95
Q9KJB1_conserved	B5L5V3_conserved	9.427E-01	9.327E-01	8.769E-01	53.900	89	89	95
Q9KJB1_conserved	A0A059Q5E8_conserved	9.427E-01	9.327E-01	8.770E-01	53.900	89	89	95
Q9KJB1_conserved	A0A386JBC5_conserved	9.342E-01	9.242E-01	8.776E-01	50.500	89	89	94
Q9KJB1_conserved	AF-A0A1L6K5Z9-F1-model_v4_conserved	9.375E-01	9.275E-01	8.718E-01	51.600	89	89	95
Q9KJB1_conserved	AF-A0A1L6K5Z8-F1-model_v4_conserved	9.367E-01	9.268E-01	8.804E-01	51.600	89	89	94
Q9KJB1_conserved	THIN-B_conserved	9.380E-01	9.281E-01	8.725E-01	48.300	89	89	95
Q9KJB1_conserved	AF-K4GMK0-F1-model_v4_conserved	9.330E-01	9.231E-01	8.676E-01	50.500	89	89	95
Q9KJB1_conserved	PJM-1_conserved	9.364E-01	9.265E-01	8.713E-01	47.100	89	89	95
Q9KJB1_conserved	GRD33_conserved	9.337E-01	9.238E-01	8.777E-01	53.900	89	89	94
Q9KJB1_conserved	AF-K4GMF9-F1-model_v4_conserved	9.340E-01	9.241E-01	8.687E-01	49.400	89	89	95
Q9KJB1_conserved	B5DCA0_conserved	9.361E-01	9.263E-01	8.711E-01	47.100	89	89	95
Q9KJB1_conserved	AF-A0A1L6K5X8-F1-model_v4_conserved	9.347E-01	9.248E-01	8.695E-01	47.100	89	89	95
Q9KJB1_conserved	U3U4Q6_conserved	9.339E-01	9.240E-01	8.687E-01	47.100	89	89	95
Q9KJB1_conserved	AF-A0A4D6P0I4-F1-model_v4_conserved	9.339E-01	9.240E-01	8.688E-01	47.100	89	89	95
Q9KJB1_conserved	B5L5V0_conserved	9.328E-01	9.229E-01	8.677E-01	53.900	89	89	95
Q9KJB1_conserved	ECM-1_conserved	9.325E-01	9.227E-01	8.675E-01	47.100	89	89	95
Q9KJB1_conserved	Q9JRP7_conserved	9.325E-01	9.226E-01	8.675E-01	47.100	89	89	95
Q9KJB1_conserved	AF-K4GMG9-F1-model_v6_conserved	9.294E-01	9.196E-01	8.645E-01	47.100	89	89	95
Q9KJB1_conserved	G5ELM3_conserved	9.309E-01	9.211E-01	8.661E-01	48.300	89	89	95
Q9KJB1_conserved	AF-A0A1L6K5Y8-F1-model_v4_conserved	9.318E-01	9.220E-01	8.671E-01	52.800	89	89	95
Q9KJB1_conserved	NWM_conserved	9.250E-01	9.152E-01	8.607E-01	48.300	89	89	95
Q9KJB1_conserved	AF-K4GMG4-F1-model_v4_conserved	9.195E-01	9.097E-01	8.639E-01	46.600	89	90	94
Q9KJB1_conserved	AF-A0A1L5BQA7-F1-model_v4_conserved	9.270E-01	9.074E-01	8.619E-01	49.400	89	89	94
Q9KJB1_conserved	B3SU1_conserved	9.174E-01	9.078E-01	8.541E-01	51.600	89	89	95
Q9KJB1_conserved	AF-Q6D395-F1-model_v4_conserved	8.779E-01	8.505E-01	8.166E-01	45.000	89	91	93
B5L5V3_conserved	B5L5V3_conserved	1.011E+00	1.000E+00	1.000E+00	100.000	95	95	95
B5L5V3_conserved	A0A0C5LDH9_conserved	9.996E-01	9.684E-01	9.684E-01	79.500	95	93	95
B5L5V3_conserved	A0A059Q5E8_conserved	9.993E-01	9.680E-01	9.680E-01	87.000	95	93	95
B5L5V3_conserved	B5L5V0_conserved	9.900E-01	9.592E-01	9.592E-01	86.000	95	93	95
B5L5V3_conserved	AF-A0A1L6K5Y8-F1-model_v4_conserved	9.860E-01	9.555E-01	9.555E-01	81.700	95	93	95
B5L5V3_conserved	AF-A0A1L6K5Z8-F1-model_v4_conserved	9.813E-01	9.512E-01	9.610E-01	77.400	95	93	94
B5L5V3_conserved	B5DCA0_conserved	9.836E-01	9.532E-01	9.532E-01	70.900	95	93	95
B5L5V3_conserved	GRD33_conserved	9.793E-01	9.492E-01	9.590E-01	79.500	95	93	94
B5L5V3_conserved	A0A386JBC5_conserved	9.754E-01	9.454E-01	9.552E-01	67.700	95	93	94
B5L5V3_conserved	THIN-B_conserved	9.784E-01	9.483E-01	9.483E-01	78.400	95	93	95
B5L5V3_conserved	PJM-1_conserved	9.790E-01	9.489E-01	9.489E-01	74.100	95	93	95
B5L5V3_conserved	G5ELM3_conserved	9.751E-01	9.451E-01	9.451E-01	68.800	95	93	95
B5L5V3_conserved	AF-A0A1L5BQA7-F1-model_v4_conserved	9.771E-01	9.369E-01	9.466E-01	65.500	95	93	94
B5L5V3_conserved	AF-A0A1L6K5Z9-F1-model_v4_conserved	9.712E-01	9.414E-01	9.414E-01	73.100	95	93	95
B5L5V3_conserved	AF-K4GMK0-F1-model_v4_conserved	9.685E-01	9.388E-01	9.388E-01	59.100	95	93	95
B5L5V3_conserved	A0A0C5LQ34_conserved	9.686E-01	9.291E-01	9.484E-01	65.500	95	93	93
B5L5V3_conserved	AF-K4GMG9-F1-model_v6_conserved	9.659E-01	9.363E-01	9.363E-01	62.300	95	93	95
B5L5V3_conserved	NWM_conserved	9.638E-01	9.345E-01	9.345E-01	65.500	95	93	95
B5L5V3_conserved	AF-A8GGW7-F1-model_v4_conserved	9.635E-01	9.342E-01	9.342E-01	60.200	95	93	95
B5L5V3_conserved	AF-K4GMF9-F1-model_v4_conserved	9.622E-01	9.329E-01	9.329E-01	62.300	95	93	95
B5L5V3_conserved	B3SU1_conserved	9.591E-01	9.300E-01	9.300E-01	66.600	95	93	95
B5L5V3_conserved	ECM-1_conserved	9.577E-01	9.287E-01	9.287E-01	62.300	95	93	95
B5L5V3_conserved	Q8KKG1_conserved	9.557E-01	9.268E-01	9.268E-01	59.100	95	93	95
B5L5V3_conserved	MBL1b_conserved	9.522E-01	9.234E-01	9.234E-01	57.400	95	94	95
B5L5V3_conserved	AF-K4GMG4-F1-model_v4_conserved	9.464E-01	9.179E-01	9.272E-01	59.100	95	93	94
B5L5V3_conserved	B3SU2_conserved	9.458E-01	9.175E-01	9.267E-01	54.800	95	93	94
B5L5V3_conserved	U3U4Q6_conserved	9.379E-01	9.097E-01	9.097E-01	57.400	95	94	95
B5L5V3_conserved	AF-A0A1L6K5X8-F1-model_v4_conserved	9.368E-01	9.087E-01	9.087E-01	56.300	95	94	95
B5L5V3_conserved	AF-A0A4D6P0I4-F1-model_v4_conserved	9.359E-01	9.078E-01	9.078E-01	53.100	95	94	95
B5L5V3_conserved	Q9K578_conserved	9.425E-01	9.050E-01	9.141E-01	55.400	95	92	94
B5L5V3_conserved	Q9JRP7_conserved	9.348E-01	9.067E-01	9.067E-01	54.200	95	94	95
B5L5V3_conserved	AF-Q89GW5-F1-model_v4_conserved	9.345E-01	9.065E-01	9.065E-01	50.000	95	94	95
B5L5V3_conserved	Q4JRB6_conserved	9.345E-01	9.067E-01	9.067E-01	51.600	95	93	95
B5L5V3_conserved	AF-A0A0D0GMS0-F1-model_v4_conserved	9.469E-01	8.901E-01	9.176E-01	54.400	95	90	92
B5L5V3_conserved	B5L5W3_conserved	9.346E-01	9.069E-01	9.069E-01	49.400	95	93	95
B5L5V3_conserved	Q9KJB1_conserved	9.427E-01	8.769E-01	9.327E-01	53.900	95	89	89
B5L5V3_conserved	B5L5V9_conserved	9.338E-01	9.061E-01	9.061E-01	50.500	95	93	95
B5L5V3_conserved	B5L5X0_conserved	9.330E-01	9.052E-01	9.052E-01	51.600	95	93	95
B5L5V3_conserved	Q9KJB5_conserved	9.421E-01	8.764E-01	9.321E-01	52.800	95	89	89
B5L5V3_conserved	Q9KJB6_conserved	9.419E-01	8.762E-01	9.319E-01	53.900	95	89	89
B5L5V3_conserved	Q9KJB4_conserved	9.418E-01	8.761E-01	9.318E-01	53.900	95	89	89
B5L5V3_conserved	Q9KJB3_conserved	9.417E-01	8.760E-01	9.317E-01	53.900	95	89	89
B5L5V3_conserved	Q9KJB2_conserved	9.413E-01	8.757E-01	9.314E-01	52.800	95	89	89
B5L5V3_conserved	B5L5V2_conserved	9.315E-01	9.039E-01	9.039E-01	52.600	95	93	95
B5L5V3_conserved	Q5EEU4_conserved	9.308E-01	9.032E-01	9.032E-01	52.600	95	93	95
B5L5V3_conserved	B5L5V5_conserved	9.295E-01	9.019E-01	9.019E-01	49.400	95	93	95
B5L5V3_conserved	Q6V8J2_conserved	9.294E-01	9.018E-01	9.018E-01	51.600	95	93	95
B5L5V3_conserved	A0A0C5LDD9_conserved	9.361E-01	8.990E-01	8.990E-01	52.100	95	92	95
B5L5V3_conserved	Q6DTI8_conserved	9.283E-01	9.009E-01	9.009E-01	51.600	95	93	95
B5L5V3_conserved	Q9RB00_conserved	9.284E-01	9.009E-01	9.009E-01	51.600	95	93	95
B5L5V3_conserved	Q6DTI5_conserved	9.279E-01	9.004E-01	9.004E-01	51.600	95	93	95
B5L5V3_conserved	A0A0C5L392_conserved	9.315E-01	8.946E-01	9.036E-01	48.900	95	92	94
B5L5V3_conserved	Q6DTI7_conserved	9.274E-01	9.000E-01	9.000E-01	51.600	95	93	95
B5L5V3_conserved	A0A0C5LQ44_conserved	9.252E-01	8.978E-01	8.978E-01	53.700	95	93	95
B5L5V3_conserved	A0A0C5LDD5_conserved	9.241E-01	8.968E-01	8.968E-01	50.500	95	93	95
B5L5V3_conserved	AF-Q6D395-F1-model_v4_conserved	8.744E-01	8.316E-01	8.482E-01	45.800	95	96	93
G5ELM3_conserved	G5ELM3_conserved	1.011E+00	1.000E+00	1.000E+00	100.000	95	95	95
G5ELM3_conserved	B5L5V0_conserved	9.918E-01	9.610E-01	9.610E-01	69.800	95	93	95
G5ELM3_conserved	AF-A0A1L6K5Z9-F1-model_v4_conserved	9.880E-01	9.574E-01	9.574E-01	72.000	95	93	95
G5ELM3_conserved	A0A386JBC5_conserved	9.823E-01	9.521E-01	9.619E-01	67.700	95	93	94
G5ELM3_conserved	AF-K4GMK0-F1-model_v4_conserved	9.841E-01	9.537E-01	9.537E-01	62.300	95	93	95
G5ELM3_conserved	A0A0C5LDH9_conserved	9.808E-01	9.505E-01	9.505E-01	69.800	95	93	95
G5ELM3_conserved	AF-K4GMG9-F1-model_v6_conserved	9.805E-01	9.503E-01	9.503E-01	66.600	95	93	95
G5ELM3_conserved	AF-A0A1L6K5Z8-F1-model_v4_conserved	9.746E-01	9.446E-01	9.544E-01	72.000	95	93	94
G5ELM3_conserved	NWM_conserved	9.791E-01	9.491E-01	9.491E-01	66.600	95	93	95
G5ELM3_conserved	PJM-1_conserved	9.778E-01	9.477E-01	9.477E-01	73.100	95	93	95
G5ELM3_conserved	B5DCA0_conserved	9.763E-01	9.463E-01	9.463E-01	72.000	95	93	95
G5ELM3_conserved	AF-K4GMF9-F1-model_v4_conserved	9.771E-01	9.471E-01	9.471E-01	63.400	95	93	95
G5ELM3_conserved	B5L5V3_conserved	9.751E-01	9.451E-01	9.451E-01	68.800	95	93	95
G5ELM3_conserved	A0A059Q5E8_conserved	9.754E-01	9.454E-01	9.454E-01	67.700	95	93	95
G5ELM3_conserved	AF-A0A1L5BQA7-F1-model_v4_conserved	9.792E-01	9.390E-01	9.487E-01	63.400	95	93	94
G5ELM3_conserved	THIN-B_conserved	9.744E-01	9.445E-01	9.445E-01	70.900	95	93	95
G5ELM3_conserved	GRD33_conserved	9.700E-01	9.403E-01	9.500E-01	70.900	95	93	94
G5ELM3_conserved	AF-A0A1L6K5Y8-F1-model_v4_conserved	9.743E-01	9.444E-01	9.444E-01	72.000	95	93	95
G5ELM3_conserved	ECM-1_conserved	9.752E-01	9.453E-01	9.453E-01	63.400	95	93	95
G5ELM3_conserved	AF-K4GMG4-F1-model_v4_conserved	9.664E-01	9.368E-01	9.465E-01	63.400	95	93	94
G5ELM3_conserved	B3SU1_conserved	9.691E-01	9.395E-01	9.395E-01	68.800	95	93	95
G5ELM3_conserved	A0A0C5LQ34_conserved	9.592E-01	9.200E-01	9.392E-01	58.000	95	93	93
G5ELM3_conserved	AF-A8GGW7-F1-model_v4_conserved	9.525E-01	9.236E-01	9.236E-01	49.400	95	93	95
G5ELM3_conserved	Q8KKG1_conserved	9.470E-01	9.184E-01	9.184E-01	56.900	95	93	95
G5ELM3_conserved	MBL1b_conserved	9.452E-01	9.166E-01	9.166E-01	55.900	95	93	95
G5ELM3_conserved	B3SU2_conserved	9.339E-01	9.060E-01	9.151E-01	49.400	95	93	94
G5ELM3_conserved	AF-A0A1L6K5X8-F1-model_v4_conserved	9.294E-01	9.015E-01	9.015E-01	51.000	95	94	95
G5ELM3_conserved	AF-A0A4D6P0I4-F1-model_v4_conserved	9.270E-01	9.010E-01	9.010E-01	50.500	95	93	95
G5ELM3_conserved	U3U4Q6_conserved	9.268E-01	8.990E-01	8.990E-01	52.100	95	94	95
G5ELM3_conserved	Q4JRB6_conserved	9.273E-01	8.997E-01	8.997E-01	46.200	95	93	95
G5ELM3_conserved	B5L5V9_conserved	9.262E-01	8.987E-01	8.987E-01	46.200	95	93	95
G5ELM3_conserved	Q9K578_conserved	9.304E-01	8.935E-01	9.024E-01	53.200	95	92	94
G5ELM3_conserved	B5L5X0_conserved	9.242E-01	8.968E-01	8.968E-01	43.000	95	93	95
G5ELM3_conserved	B5L5V5_conserved	9.230E-01	8.956E-01	8.956E-01	47.300	95	93	95
G5ELM3_conserved	Q9JRP7_conserved	9.221E-01	8.947E-01	8.947E-01	50.500	95	93	95
G5ELM3_conserved	AF-A0A0D0GMS0-F1-model_v4_conserved	9.348E-01	8.788E-01	9.059E-01	46.600	95	90	92
G5ELM3_conserved	B5L5V2_conserved	9.223E-01	8.949E-01	8.949E-01	44.000	95	93	95
G5ELM3_conserved	Q5EEU4_conserved	9.229E-01	8.955E-01	8.955E-01	47.300	95	93	95
G5ELM3_conserved	Q9KJB1_conserved	9.309E-01	8.661E-01	9.211E-01	48.300	95	89	89
G5ELM3_conserved	Q6V8J2_conserved	9.228E-01	8.954E-01	8.954E-01	46.200	95	93	95
G5ELM3_conserved	Q9KJB6_conserved	9.302E-01	8.654E-01	9.204E-01	48.300	95	89	89
G5ELM3_conserved	Q9KJB5_conserved	9.301E-01	8.654E-01	9.203E-01	47.100	95	89	89
G5ELM3_conserved	Q9RB00_conserved	9.219E-01	8.946E-01	8.946E-01	46.200	95	93	95
G5ELM3_conserved	Q9KJB4_conserved	9.301E-01	8.653E-01	9.203E-01	48.300	95	89	89
G5ELM3_conserved	Q9KJB3_conserved	9.300E-01	8.652E-01	9.201E-01	48.300	95	89	89
G5ELM3_conserved	B5L5W3_conserved	9.220E-01	8.946E-01	8.946E-01	41.900	95	93	95
G5ELM3_conserved	A0A0C5LDD9_conserved	9.285E-01	8.916E-01	8.916E-01	44.500	95	92	95
G5ELM3_conserved	Q9KJB2_conserved	9.296E-01	8.649E-01	9.197E-01	47.100	95	89	89
G5ELM3_conserved	Q6DTI8_conserved	9.209E-01	8.936E-01	8.936E-01	46.200	95	93	95
G5ELM3_conserved	Q6DTI5_conserved	9.207E-01	8.934E-01	8.934E-01	46.200	95	93	95
G5ELM3_conserved	Q6DTI7_conserved	9.203E-01	8.931E-01	8.931E-01	46.200	95	93	95
G5ELM3_conserved	AF-Q89GW5-F1-model_v4_conserved	9.182E-01	8.908E-01	8.908E-01	53.100	95	94	95
G5ELM3_conserved	A0A0C5L392_conserved	9.232E-01	8.867E-01	8.955E-01	44.500	95	92	94
G5ELM3_conserved	A0A0C5LQ44_conserved	9.189E-01	8.918E-01	8.918E-01	46.200	95	93	95
G5ELM3_conserved	A0A0C5LDD5_conserved	9.178E-01	8.907E-01	8.907E-01	44.000	95	93	95
G5ELM3_conserved	AF-Q6D395-F1-model_v4_conserved	8.747E-01	8.320E-01	8.486E-01	46.300	95	95	93
A0A059Q5E8_conserved	A0A059Q5E8_conserved	1.011E+00	1.000E+00	1.000E+00	100.000	95	95	95
A0A059Q5E8_conserved	A0A0C5LDH9_conserved	1.001E+00	9.700E-01	9.700E-01	81.700	95	93	95
A0A059Q5E8_conserved	B5L5V3_conserved	9.993E-01	9.680E-01	9.680E-01	87.000	95	93	95
A0A059Q5E8_conserved	AF-A0A1L6K5Y8-F1-model_v4_conserved	9.895E-01	9.588E-01	9.588E-01	78.400	95	93	95
A0A059Q5E8_conserved	B5L5V0_conserved	9.857E-01	9.551E-01	9.551E-01	83.800	95	93	95
A0A059Q5E8_conserved	B5DCA0_conserved	9.862E-01	9.557E-01	9.557E-01	70.900	95	93	95
A0A059Q5E8_conserved	THIN-B_conserved	9.849E-01	9.544E-01	9.544E-01	77.400	95	93	95
A0A059Q5E8_conserved	A0A386JBC5_conserved	9.744E-01	9.444E-01	9.542E-01	72.000	95	93	94
A0A059Q5E8_conserved	PJM-1_conserved	9.788E-01	9.488E-01	9.488E-01	70.900	95	93	95
A0A059Q5E8_conserved	AF-A0A1L6K5Z8-F1-model_v4_conserved	9.754E-01	9.456E-01	9.553E-01	74.100	95	93	94
A0A059Q5E8_conserved	GRD33_conserved	9.738E-01	9.440E-01	9.537E-01	76.300	95	93	94
A0A059Q5E8_conserved	AF-A0A1L5BQA7-F1-model_v4_conserved	9.792E-01	9.389E-01	9.487E-01	67.700	95	93	94
A0A059Q5E8_conserved	G5ELM3_conserved	9.754E-01	9.454E-01	9.454E-01	67.700	95	93	95
A0A059Q5E8_conserved	AF-A0A1L6K5Z9-F1-model_v4_conserved	9.719E-01	9.421E-01	9.421E-01	77.400	95	93	95
A0A059Q5E8_conserved	AF-A8GGW7-F1-model_v4_conserved	9.719E-01	9.421E-01	9.421E-01	63.400	95	93	95
A0A059Q5E8_conserved	AF-K4GMK0-F1-model_v4_conserved	9.694E-01	9.397E-01	9.397E-01	64.500	95	93	95
A0A059Q5E8_conserved	A0A0C5LQ34_conserved	9.687E-01	9.292E-01	9.485E-01	64.500	95	93	93
A0A059Q5E8_conserved	AF-K4GMG9-F1-model_v6_conserved	9.666E-01	9.371E-01	9.371E-01	66.600	95	93	95
A0A059Q5E8_conserved	NWM_conserved	9.628E-01	9.336E-01	9.336E-01	68.800	95	93	95
A0A059Q5E8_conserved	AF-K4GMF9-F1-model_v4_conserved	9.611E-01	9.320E-01	9.320E-01	67.700	95	93	95
A0A059Q5E8_conserved	Q8KKG1_conserved	9.570E-01	9.280E-01	9.280E-01	57.400	95	94	95
A0A059Q5E8_conserved	ECM-1_conserved	9.567E-01	9.278E-01	9.278E-01	66.600	95	93	95
A0A059Q5E8_conserved	MBL1b_conserved	9.533E-01	9.244E-01	9.244E-01	56.300	95	94	95
A0A059Q5E8_conserved	AF-K4GMG4-F1-model_v4_conserved	9.430E-01	9.146E-01	9.239E-01	62.300	95	93	94
A0A059Q5E8_conserved	B3SU1_conserved	9.478E-01	9.193E-01	9.193E-01	67.700	95	93	95
A0A059Q5E8_conserved	B3SU2_conserved	9.452E-01	9.169E-01	9.261E-01	54.800	95	93	94
A0A059Q5E8_conserved	U3U4Q6_conserved	9.371E-01	9.089E-01	9.089E-01	55.300	95	94	95
A0A059Q5E8_conserved	AF-A0A1L6K5X8-F1-model_v4_conserved	9.367E-01	9.086E-01	9.086E-01	54.200	95	94	95
A0A059Q5E8_conserved	Q9K578_conserved	9.434E-01	9.058E-01	9.149E-01	56.500	95	92	94
A0A059Q5E8_conserved	AF-Q89GW5-F1-model_v4_conserved	9.372E-01	9.091E-01	9.091E-01	51.000	95	94	95
A0A059Q5E8_conserved	B5L5W3_conserved	9.346E-01	9.068E-01	9.068E-01	48.300	95	93	95
A0A059Q5E8_conserved	AF-A0A0D0GMS0-F1-model_v4_conserved	9.466E-01	8.899E-01	9.174E-01	54.400	95	90	92
A0A059Q5E8_conserved	AF-A0A4D6P0I4-F1-model_v4_conserved	9.314E-01	9.035E-01	9.035E-01	53.100	95	94	95
A0A059Q5E8_conserved	Q9KJB1_conserved	9.427E-01	8.770E-01	9.327E-01	53.900	95	89	89
A0A059Q5E8_conserved	Q4JRB6_conserved	9.334E-01	9.056E-01	9.056E-01	51.600	95	93	95
A0A059Q5E8_conserved	Q9KJB5_conserved	9.419E-01	8.762E-01	9.319E-01	52.800	95	89	89
A0A059Q5E8_conserved	Q9KJB4_conserved	9.419E-01	8.762E-01	9.319E-01	53.900	95	89	89
A0A059Q5E8_conserved	Q9KJB6_conserved	9.416E-01	8.760E-01	9.316E-01	53.900	95	89	89
A0A059Q5E8_conserved	Q9KJB3_conserved	9.414E-01	8.758E-01	9.315E-01	53.900	95	89	89
A0A059Q5E8_conserved	Q9KJB2_conserved	9.414E-01	8.758E-01	9.314E-01	52.800	95	89	89
A0A059Q5E8_conserved	Q9JRP7_conserved	9.295E-01	9.017E-01	9.017E-01	54.800	95	93	95
A0A059Q5E8_conserved	B5L5X0_conserved	9.312E-01	9.036E-01	9.036E-01	51.600	95	93	95
A0A059Q5E8_conserved	B5L5V2_conserved	9.312E-01	9.036E-01	9.036E-01	52.600	95	93	95
A0A059Q5E8_conserved	B5L5V9_conserved	9.308E-01	9.032E-01	9.032E-01	50.500	95	93	95
A0A059Q5E8_conserved	B5L5V5_conserved	9.290E-01	9.014E-01	9.014E-01	49.400	95	93	95
A0A059Q5E8_conserved	Q5EEU4_conserved	9.293E-01	9.017E-01	9.017E-01	52.600	95	93	95
A0A059Q5E8_conserved	Q6V8J2_conserved	9.279E-01	9.004E-01	9.004E-01	51.600	95	93	95
A0A059Q5E8_conserved	A0A0C5LDD9_conserved	9.350E-01	8.979E-01	8.979E-01	52.100	95	92	95
A0A059Q5E8_conserved	Q6DTI8_conserved	9.271E-01	8.997E-01	8.997E-01	51.600	95	93	95
A0A059Q5E8_conserved	Q9RB00_conserved	9.272E-01	8.997E-01	8.997E-01	51.600	95	93	95
A0A059Q5E8_conserved	Q6DTI5_conserved	9.264E-01	8.990E-01	8.990E-01	51.600	95	93	95
A0A059Q5E8_conserved	Q6DTI7_conserved	9.260E-01	8.986E-01	8.986E-01	51.600	95	93	95
A0A059Q5E8_conserved	A0A0C5L392_conserved	9.302E-01	8.934E-01	9.023E-01	48.900	95	92	94
A0A059Q5E8_conserved	A0A0C5LQ44_conserved	9.244E-01	8.971E-01	8.971E-01	52.600	95	93	95
A0A059Q5E8_conserved	A0A0C5LDD5_conserved	9.222E-01	8.950E-01	8.950E-01	49.400	95	93	95
A0A059Q5E8_conserved	AF-Q6D395-F1-model_v4_conserved	8.785E-01	8.353E-01	8.521E-01	48.400	95	95	93
A0A0C5L392_conserved	A0A0C5L392_conserved	1.011E+00	1.000E+00	1.000E+00	100.000	94	94	94
A0A0C5L392_conserved	Q6V8J2_conserved	1.007E+00	9.963E-01	9.858E-01	90.400	94	94	95
A0A0C5L392_conserved	Q4JRB6_conserved	1.007E+00	9.963E-01	9.858E-01	91.400	94	94	95
A0A0C5L392_conserved	Q6DTI7_conserved	1.004E+00	9.933E-01	9.829E-01	91.400	94	94	95
A0A0C5L392_conserved	Q5EEU4_conserved	1.003E+00	9.924E-01	9.820E-01	90.400	94	94	95
A0A0C5L392_conserved	Q9RB00_conserved	1.003E+00	9.920E-01	9.816E-01	91.400	94	94	95
A0A0C5L392_conserved	Q6DTI8_conserved	1.001E+00	9.908E-01	9.804E-01	91.400	94	94	95
A0A0C5L392_conserved	Q6DTI5_conserved	1.001E+00	9.908E-01	9.804E-01	91.400	94	94	95
A0A0C5L392_conserved	A0A0C5LDD5_conserved	1.000E+00	9.897E-01	9.793E-01	88.200	94	94	95
A0A0C5L392_conserved	A0A0C5LQ44_conserved	1.000E+00	9.895E-01	9.792E-01	89.300	94	94	95
A0A0C5L392_conserved	A0A0C5LDD9_conserved	1.007E+00	9.858E-01	9.755E-01	89.200	94	93	95
A0A0C5L392_conserved	B5L5V5_conserved	1.006E+00	9.848E-01	9.745E-01	86.000	94	93	95
A0A0C5L392_conserved	Q9KJB6_conserved	1.010E+00	9.460E-01	9.991E-01	92.100	94	89	89
A0A0C5L392_conserved	Q9KJB3_conserved	1.010E+00	9.460E-01	9.991E-01	92.100	94	89	89
A0A0C5L392_conserved	Q9KJB5_conserved	1.010E+00	9.460E-01	9.991E-01	92.100	94	89	89
A0A0C5L392_conserved	Q9KJB4_conserved	1.010E+00	9.460E-01	9.991E-01	92.100	94	89	89
A0A0C5L392_conserved	Q9KJB1_conserved	1.010E+00	9.459E-01	9.989E-01	92.100	94	89	89
A0A0C5L392_conserved	AF-A0A0D0GMS0-F1-model_v4_conserved	1.006E+00	9.634E-01	9.843E-01	87.900	94	91	92
A0A0C5L392_conserved	Q9KJB2_conserved	1.010E+00	9.456E-01	9.987E-01	91.000	94	89	89
A0A0C5L392_conserved	B5L5X0_conserved	9.996E-01	9.785E-01	9.682E-01	87.000	94	93	95
A0A0C5L392_conserved	B5L5V9_conserved	9.996E-01	9.786E-01	9.684E-01	73.100	94	93	95
A0A0C5L392_conserved	B5L5V2_conserved	9.840E-01	9.634E-01	9.535E-01	64.500	94	93	95
A0A0C5L392_conserved	B5L5W3_conserved	9.809E-01	9.605E-01	9.506E-01	61.200	94	93	95
A0A0C5L392_conserved	B3SU2_conserved	9.761E-01	9.459E-01	9.459E-01	59.700	94	92	94
A0A0C5L392_conserved	Q9K578_conserved	9.715E-01	9.315E-01	9.315E-01	62.600	94	91	94
A0A0C5L392_conserved	A0A0C5LQ34_conserved	9.528E-01	9.140E-01	9.234E-01	57.600	94	92	93
A0A0C5L392_conserved	Q8KKG1_conserved	9.476E-01	9.186E-01	9.093E-01	50.000	94	92	95
A0A0C5L392_conserved	AF-A8GGW7-F1-model_v4_conserved	9.503E-01	9.215E-01	9.123E-01	50.000	94	92	95
A0A0C5L392_conserved	MBL1b_conserved	9.457E-01	9.168E-01	9.076E-01	50.000	94	92	95
A0A0C5L392_conserved	AF-Q89GW5-F1-model_v4_conserved	9.352E-01	9.068E-01	8.977E-01	53.700	94	93	95
A0A0C5L392_conserved	AF-A0A1L6K5Z8-F1-model_v4_conserved	9.336E-01	9.057E-01	9.057E-01	46.700	94	92	94
A0A0C5L392_conserved	GRD33_conserved	9.324E-01	9.045E-01	9.045E-01	48.900	94	92	94
A0A0C5L392_conserved	A0A0C5LDH9_conserved	9.331E-01	9.050E-01	8.960E-01	48.900	94	92	95
A0A0C5L392_conserved	THIN-B_conserved	9.332E-01	9.051E-01	8.962E-01	44.500	94	92	95
A0A0C5L392_conserved	AF-A0A1L6K5Z9-F1-model_v4_conserved	9.304E-01	9.023E-01	8.934E-01	46.700	94	92	95
A0A0C5L392_conserved	B5L5V3_conserved	9.315E-01	9.036E-01	8.946E-01	48.900	94	92	95
A0A0C5L392_conserved	ECM-1_conserved	9.299E-01	9.019E-01	8.929E-01	43.400	94	92	95
A0A0C5L392_conserved	PJM-1_conserved	9.315E-01	9.036E-01	8.947E-01	42.300	94	92	95
A0A0C5L392_conserved	A0A386JBC5_conserved	9.248E-01	8.970E-01	8.970E-01	47.800	94	92	94
A0A0C5L392_conserved	AF-K4GMF9-F1-model_v4_conserved	9.290E-01	9.010E-01	8.921E-01	44.500	94	92	95
A0A0C5L392_conserved	A0A059Q5E8_conserved	9.302E-01	9.023E-01	8.934E-01	48.900	94	92	95
A0A0C5L392_conserved	AF-A0A4D6P0I4-F1-model_v4_conserved	9.282E-01	9.003E-01	8.914E-01	44.500	94	92	95
A0A0C5L392_conserved	B5DCA0_conserved	9.278E-01	9.001E-01	8.912E-01	42.300	94	92	95
A0A0C5L392_conserved	AF-A0A1L6K5X8-F1-model_v4_conserved	9.272E-01	8.994E-01	8.905E-01	43.400	94	92	95
A0A0C5L392_conserved	AF-K4GMK0-F1-model_v4_conserved	9.233E-01	8.955E-01	8.866E-01	45.600	94	92	95
A0A0C5L392_conserved	U3U4Q6_conserved	9.247E-01	8.970E-01	8.881E-01	42.300	94	92	95
A0A0C5L392_conserved	AF-A0A1L6K5Y8-F1-model_v4_conserved	9.174E-01	8.992E-01	8.904E-01	48.300	94	93	95
A0A0C5L392_conserved	AF-K4GMG4-F1-model_v4_conserved	9.180E-01	8.904E-01	8.904E-01	43.000	94	93	94
A0A0C5L392_conserved	G5ELM3_conserved	9.232E-01	8.955E-01	8.867E-01	44.500	94	92	95
A0A0C5L392_conserved	Q9JRP7_conserved	9.236E-01	8.960E-01	8.871E-01	44.500	94	92	95
A0A0C5L392_conserved	B5L5V0_conserved	9.210E-01	8.934E-01	8.845E-01	48.900	94	92	95
A0A0C5L392_conserved	AF-K4GMG9-F1-model_v6_conserved	9.195E-01	8.919E-01	8.831E-01	43.400	94	92	95
A0A0C5L392_conserved	NWM_conserved	9.185E-01	8.910E-01	8.822E-01	43.400	94	92	95
A0A0C5L392_conserved	B3SU1_conserved	9.158E-01	8.885E-01	8.798E-01	46.700	94	92	95
A0A0C5L392_conserved	AF-A0A1L5BQA7-F1-model_v4_conserved	9.181E-01	8.816E-01	8.816E-01	44.500	94	92	94
A0A0C5L392_conserved	AF-Q6D395-F1-model_v4_conserved	8.772E-01	8.341E-01	8.423E-01	42.500	94	94	93
A0A0C5LDD5_conserved	A0A0C5LDD5_conserved	1.011E+00	1.000E+00	1.000E+00	100.000	95	95	95
A0A0C5LDD5_conserved	A0A0C5LQ44_conserved	1.008E+00	9.970E-01	9.970E-01	95.700	95	95	95
A0A0C5LDD5_conserved	Q9RB00_conserved	1.006E+00	9.953E-01	9.953E-01	92.600	95	95	95
A0A0C5LDD5_conserved	Q6DTI7_conserved	1.003E+00	9.930E-01	9.930E-01	92.600	95	95	95
A0A0C5LDD5_conserved	Q6V8J2_conserved	1.001E+00	9.908E-01	9.908E-01	92.600	95	95	95
A0A0C5LDD5_conserved	Q5EEU4_conserved	1.000E+00	9.899E-01	9.899E-01	91.500	95	95	95
A0A0C5LDD5_conserved	Q6DTI5_conserved	1.007E+00	9.862E-01	9.862E-01	92.500	95	94	95
A0A0C5LDD5_conserved	Q6DTI8_conserved	1.007E+00	9.860E-01	9.860E-01	92.500	95	94	95
A0A0C5LDD5_conserved	A0A0C5L392_conserved	1.000E+00	9.793E-01	9.897E-01	88.200	95	94	94
A0A0C5LDD5_conserved	Q4JRB6_conserved	9.961E-01	9.857E-01	9.857E-01	92.600	95	95	95
A0A0C5LDD5_conserved	B5L5V5_conserved	9.976E-01	9.768E-01	9.768E-01	85.100	95	94	95
A0A0C5LDD5_conserved	B5L5X0_conserved	9.977E-01	9.769E-01	9.769E-01	86.100	95	94	95
A0A0C5LDD5_conserved	A0A0C5LDD9_conserved	1.006E+00	9.746E-01	9.746E-01	86.000	95	93	95
A0A0C5LDD5_conserved	B5L5V9_conserved	9.949E-01	9.742E-01	9.742E-01	74.400	95	94	95
A0A0C5LDD5_conserved	Q9KJB6_conserved	1.009E+00	9.350E-01	9.979E-01	93.200	95	89	89
A0A0C5LDD5_conserved	Q9KJB3_conserved	1.009E+00	9.349E-01	9.978E-01	93.200	95	89	89
A0A0C5LDD5_conserved	Q9KJB5_conserved	1.009E+00	9.349E-01	9.978E-01	92.100	95	89	89
A0A0C5LDD5_conserved	Q9KJB4_conserved	1.009E+00	9.349E-01	9.978E-01	93.200	95	89	89
A0A0C5LDD5_conserved	Q9KJB1_conserved	1.009E+00	9.348E-01	9.977E-01	93.200	95	89	89
A0A0C5LDD5_conserved	Q9KJB2_conserved	1.009E+00	9.348E-01	9.977E-01	92.100	95	89	89
A0A0C5LDD5_conserved	AF-A0A0D0GMS0-F1-model_v4_conserved	1.004E+00	9.516E-01	9.824E-01	87.900	95	91	92
A0A0C5LDD5_conserved	B5L5V2_conserved	9.818E-01	9.615E-01	9.615E-01	69.100	95	94	95
A0A0C5LDD5_conserved	B5L5W3_conserved	9.780E-01	9.579E-01	9.579E-01	64.800	95	94	95
A0A0C5LDD5_conserved	B3SU2_conserved	9.729E-01	9.431E-01	9.528E-01	59.100	95	93	94
A0A0C5LDD5_conserved	Q9K578_conserved	9.680E-01	9.287E-01	9.382E-01	60.800	95	92	94
A0A0C5LDD5_conserved	A0A0C5LQ34_conserved	9.476E-01	9.095E-01	9.282E-01	56.900	95	93	93
A0A0C5LDD5_conserved	AF-A8GGW7-F1-model_v4_conserved	9.461E-01	9.178E-01	9.178E-01	49.400	95	93	95
A0A0C5LDD5_conserved	Q8KKG1_conserved	9.414E-01	9.129E-01	9.129E-01	49.400	95	93	95
A0A0C5LDD5_conserved	MBL1b_conserved	9.399E-01	9.116E-01	9.116E-01	49.400	95	93	95
A0A0C5LDD5_conserved	AF-A0A1L6K5Z8-F1-model_v4_conserved	9.316E-01	9.040E-01	9.130E-01	48.300	95	93	94
A0A0C5LDD5_conserved	GRD33_conserved	9.308E-01	9.032E-01	9.122E-01	50.500	95	93	94
A0A0C5LDD5_conserved	AF-Q89GW5-F1-model_v4_conserved	9.270E-01	8.991E-01	8.991E-01	52.100	95	94	95
A0A0C5LDD5_conserved	THIN-B_conserved	9.294E-01	9.018E-01	9.018E-01	45.100	95	93	95
A0A0C5LDD5_conserved	AF-A0A1L6K5Z9-F1-model_v4_conserved	9.266E-01	8.990E-01	8.990E-01	47.300	95	93	95
A0A0C5LDD5_conserved	ECM-1_conserved	9.261E-01	8.985E-01	8.985E-01	44.000	95	93	95
A0A0C5LDD5_conserved	AF-A0A4D6P0I4-F1-model_v4_conserved	9.268E-01	8.993E-01	8.993E-01	44.000	95	93	95
A0A0C5LDD5_conserved	AF-K4GMF9-F1-model_v4_conserved	9.249E-01	8.974E-01	8.974E-01	44.000	95	93	95
A0A0C5LDD5_conserved	A0A0C5LDH9_conserved	9.259E-01	8.985E-01	8.985E-01	48.300	95	93	95
A0A0C5LDD5_conserved	AF-A0A1L6K5X8-F1-model_v4_conserved	9.256E-01	8.982E-01	8.982E-01	44.000	95	93	95
A0A0C5LDD5_conserved	PJM-1_conserved	9.256E-01	8.982E-01	8.982E-01	44.000	95	93	95
A0A0C5LDD5_conserved	A0A386JBC5_conserved	9.187E-01	8.914E-01	9.003E-01	47.300	95	93	94
A0A0C5LDD5_conserved	B5L5V3_conserved	9.241E-01	8.968E-01	8.968E-01	50.500	95	93	95
A0A0C5LDD5_conserved	AF-K4GMG4-F1-model_v4_conserved	9.164E-01	8.891E-01	8.980E-01	43.600	95	94	94
A0A0C5LDD5_conserved	U3U4Q6_conserved	9.217E-01	8.943E-01	8.943E-01	43.000	95	93	95
A0A0C5LDD5_conserved	A0A059Q5E8_conserved	9.222E-01	8.950E-01	8.950E-01	49.400	95	93	95
A0A0C5LDD5_conserved	Q9JRP7_conserved	9.208E-01	8.936E-01	8.936E-01	44.000	95	93	95
A0A0C5LDD5_conserved	AF-K4GMK0-F1-model_v4_conserved	9.180E-01	8.907E-01	8.907E-01	46.200	95	93	95
A0A0C5LDD5_conserved	B5DCA0_conserved	9.205E-01	8.933E-01	8.933E-01	44.000	95	93	95
A0A0C5LDD5_conserved	AF-A0A1L6K5Y8-F1-model_v4_conserved	9.120E-01	8.942E-01	8.942E-01	47.800	95	94	95
A0A0C5LDD5_conserved	G5ELM3_conserved	9.178E-01	8.907E-01	8.907E-01	44.000	95	93	95
A0A0C5LDD5_conserved	AF-K4GMG9-F1-model_v6_conserved	9.146E-01	8.875E-01	8.875E-01	43.000	95	93	95
A0A0C5LDD5_conserved	NWM_conserved	9.148E-01	8.878E-01	8.878E-01	44.000	95	93	95
A0A0C5LDD5_conserved	B5L5V0_conserved	9.139E-01	8.868E-01	8.868E-01	49.400	95	93	95
A0A0C5LDD5_conserved	B3SU1_conserved	9.130E-01	8.862E-01	8.862E-01	47.300	95	93	95
A0A0C5LDD5_conserved	AF-A0A1L5BQA7-F1-model_v4_conserved	9.125E-01	8.766E-01	8.853E-01	45.100	95	93	94
A0A0C5LDD5_conserved	AF-Q6D395-F1-model_v4_conserved	8.747E-01	8.323E-01	8.488E-01	41.000	95	95	93
A0A0C5LDH9_conserved	A0A0C5LDH9_conserved	1.011E+00	1.000E+00	1.000E+00	100.000	95	95	95
A0A0C5LDH9_conserved	A0A059Q5E8_conserved	1.001E+00	9.700E-01	9.700E-01	81.700	95	93	95
A0A0C5LDH9_conserved	B5L5V3_conserved	9.996E-01	9.684E-01	9.684E-01	79.500	95	93	95
A0A0C5LDH9_conserved	AF-A0A1L6K5Y8-F1-model_v4_conserved	9.883E-01	9.576E-01	9.576E-01	74.100	95	93	95
A0A0C5LDH9_conserved	B5L5V0_conserved	9.872E-01	9.565E-01	9.565E-01	76.300	95	93	95
A0A0C5LDH9_conserved	B5DCA0_conserved	9.868E-01	9.563E-01	9.563E-01	75.200	95	93	95
A0A0C5LDH9_conserved	AF-A0A1L6K5Z8-F1-model_v4_conserved	9.816E-01	9.514E-01	9.612E-01	72.000	95	93	94
A0A0C5LDH9_conserved	THIN-B_conserved	9.828E-01	9.524E-01	9.524E-01	72.000	95	93	95
A0A0C5LDH9_conserved	G5ELM3_conserved	9.808E-01	9.505E-01	9.505E-01	69.800	95	93	95
A0A0C5LDH9_conserved	GRD33_conserved	9.771E-01	9.470E-01	9.568E-01	74.100	95	93	94
A0A0C5LDH9_conserved	PJM-1_conserved	9.813E-01	9.511E-01	9.511E-01	77.400	95	93	95
A0A0C5LDH9_conserved	A0A386JBC5_conserved	9.755E-01	9.454E-01	9.552E-01	70.900	95	93	94
A0A0C5LDH9_conserved	AF-A0A1L5BQA7-F1-model_v4_conserved	9.790E-01	9.387E-01	9.485E-01	61.200	95	93	94
A0A0C5LDH9_conserved	AF-A0A1L6K5Z9-F1-model_v4_conserved	9.733E-01	9.434E-01	9.434E-01	72.000	95	93	95
A0A0C5LDH9_conserved	AF-K4GMK0-F1-model_v4_conserved	9.711E-01	9.413E-01	9.413E-01	64.500	95	93	95
A0A0C5LDH9_conserved	A0A0C5LQ34_conserved	9.693E-01	9.297E-01	9.491E-01	59.100	95	93	93
A0A0C5LDH9_conserved	AF-K4GMG9-F1-model_v6_conserved	9.677E-01	9.380E-01	9.380E-01	66.600	95	93	95
A0A0C5LDH9_conserved	NWM_conserved	9.643E-01	9.349E-01	9.349E-01	69.800	95	93	95
A0A0C5LDH9_conserved	AF-A8GGW7-F1-model_v4_conserved	9.645E-01	9.351E-01	9.351E-01	60.200	95	93	95
A0A0C5LDH9_conserved	AF-K4GMF9-F1-model_v4_conserved	9.635E-01	9.342E-01	9.342E-01	66.600	95	93	95
A0A0C5LDH9_conserved	ECM-1_conserved	9.592E-01	9.301E-01	9.301E-01	64.500	95	93	95
A0A0C5LDH9_conserved	Q8KKG1_conserved	9.570E-01	9.280E-01	9.280E-01	52.600	95	93	95
A0A0C5LDH9_conserved	MBL1b_conserved	9.527E-01	9.239E-01	9.239E-01	51.600	95	93	95
A0A0C5LDH9_conserved	B3SU1_conserved	9.512E-01	9.225E-01	9.225E-01	67.700	95	93	95
A0A0C5LDH9_conserved	B3SU2_conserved	9.479E-01	9.194E-01	9.287E-01	54.800	95	93	94
A0A0C5LDH9_conserved	AF-K4GMG4-F1-model_v4_conserved	9.451E-01	9.174E-01	9.267E-01	64.500	95	93	94
A0A0C5LDH9_conserved	Q9K578_conserved	9.449E-01	9.072E-01	9.163E-01	57.600	95	92	94
A0A0C5LDH9_conserved	AF-A0A1L6K5X8-F1-model_v4_conserved	9.378E-01	9.096E-01	9.096E-01	55.300	95	94	95
A0A0C5LDH9_conserved	U3U4Q6_conserved	9.362E-01	9.081E-01	9.081E-01	55.300	95	94	95
A0A0C5LDH9_conserved	AF-A0A0D0GMS0-F1-model_v4_conserved	9.494E-01	8.923E-01	9.200E-01	55.500	95	90	92
A0A0C5LDH9_conserved	Q9KJB1_conserved	9.455E-01	8.794E-01	9.354E-01	52.800	95	89	89
A0A0C5LDH9_conserved	Q9KJB5_conserved	9.448E-01	8.788E-01	9.348E-01	51.600	95	89	89
A0A0C5LDH9_conserved	Q9KJB6_conserved	9.448E-01	8.787E-01	9.347E-01	52.800	95	89	89
A0A0C5LDH9_conserved	Q9JRP7_conserved	9.336E-01	9.056E-01	9.056E-01	53.100	95	94	95
A0A0C5LDH9_conserved	Q9KJB4_conserved	9.446E-01	8.786E-01	9.346E-01	52.800	95	89	89
A0A0C5LDH9_conserved	Q9KJB3_conserved	9.445E-01	8.785E-01	9.344E-01	52.800	95	89	89
A0A0C5LDH9_conserved	Q4JRB6_conserved	9.346E-01	9.068E-01	9.068E-01	50.500	95	93	95
A0A0C5LDH9_conserved	Q9KJB2_conserved	9.444E-01	8.784E-01	9.343E-01	51.600	95	89	89
A0A0C5LDH9_conserved	AF-Q89GW5-F1-model_v4_conserved	9.341E-01	9.062E-01	9.062E-01	56.300	95	94	95
A0A0C5LDH9_conserved	B5L5V9_conserved	9.346E-01	9.067E-01	9.067E-01	51.600	95	93	95
A0A0C5LDH9_conserved	AF-A0A4D6P0I4-F1-model_v4_conserved	9.322E-01	9.042E-01	9.042E-01	48.900	95	94	95
A0A0C5LDH9_conserved	B5L5W3_conserved	9.346E-01	9.067E-01	9.067E-01	47.300	95	93	95
A0A0C5LDH9_conserved	B5L5X0_conserved	9.334E-01	9.056E-01	9.056E-01	51.600	95	93	95
A0A0C5LDH9_conserved	B5L5V5_conserved	9.318E-01	9.040E-01	9.040E-01	50.500	95	93	95
A0A0C5LDH9_conserved	B5L5V2_conserved	9.315E-01	9.039E-01	9.039E-01	51.600	95	93	95
A0A0C5LDH9_conserved	Q5EEU4_conserved	9.314E-01	9.037E-01	9.037E-01	51.600	95	93	95
A0A0C5LDH9_conserved	A0A0C5LDD9_conserved	9.383E-01	9.009E-01	9.009E-01	52.100	95	92	95
A0A0C5LDH9_conserved	Q6V8J2_conserved	9.297E-01	9.021E-01	9.021E-01	50.500	95	93	95
A0A0C5LDH9_conserved	A0A0C5L392_conserved	9.331E-01	8.960E-01	9.050E-01	48.900	95	92	94
A0A0C5LDH9_conserved	Q9RB00_conserved	9.289E-01	9.013E-01	9.013E-01	50.500	95	93	95
A0A0C5LDH9_conserved	Q6DTI8_conserved	9.286E-01	9.010E-01	9.010E-01	50.500	95	93	95
A0A0C5LDH9_conserved	Q6DTI5_conserved	9.282E-01	9.007E-01	9.007E-01	50.500	95	93	95
A0A0C5LDH9_conserved	Q6DTI7_conserved	9.278E-01	9.003E-01	9.003E-01	50.500	95	93	95
A0A0C5LDH9_conserved	A0A0C5LQ44_conserved	9.271E-01	8.995E-01	8.995E-01	51.600	95	93	95
A0A0C5LDH9_conserved	A0A0C5LDD5_conserved	9.259E-01	8.985E-01	8.985E-01	48.300	95	93	95
A0A0C5LDH9_conserved	AF-Q6D395-F1-model_v4_conserved	8.734E-01	8.307E-01	8.472E-01	43.700	95	96	93
A0A0C5LQ44_conserved	A0A0C5LQ44_conserved	1.011E+00	1.000E+00	1.000E+00	100.000	95	95	95
A0A0C5LQ44_conserved	A0A0C5LDD5_conserved	1.008E+00	9.970E-01	9.970E-01	95.700	95	95	95
A0A0C5LQ44_conserved	Q9RB00_conserved	1.006E+00	9.954E-01	9.954E-01	92.600	95	95	95
A0A0C5LQ44_conserved	Q6DTI7_conserved	1.004E+00	9.935E-01	9.935E-01	92.600	95	95	95
A0A0C5LQ44_conserved	Q5EEU4_conserved	1.002E+00	9.912E-01	9.912E-01	91.500	95	95	95
A0A0C5LQ44_conserved	Q6V8J2_conserved	1.001E+00	9.909E-01	9.909E-01	92.600	95	95	95
A0A0C5LQ44_conserved	Q6DTI5_conserved	1.008E+00	9.868E-01	9.868E-01	92.500	95	94	95
A0A0C5LQ44_conserved	Q6DTI8_conserved	1.008E+00	9.866E-01	9.866E-01	92.500	95	94	95
A0A0C5LQ44_conserved	Q4JRB6_conserved	9.977E-01	9.872E-01	9.872E-01	92.600	95	95	95
A0A0C5LQ44_conserved	A0A0C5L392_conserved	1.000E+00	9.792E-01	9.895E-01	89.300	95	94	94
A0A0C5LQ44_conserved	A0A0C5LDD9_conserved	1.008E+00	9.761E-01	9.761E-01	87.000	95	93	95
A0A0C5LQ44_conserved	B5L5V5_conserved	9.987E-01	9.778E-01	9.778E-01	86.100	95	94	95
A0A0C5LQ44_conserved	B5L5X0_conserved	9.980E-01	9.772E-01	9.772E-01	86.100	95	94	95
A0A0C5LQ44_conserved	B5L5V9_conserved	9.960E-01	9.753E-01	9.753E-01	74.400	95	94	95
A0A0C5LQ44_conserved	Q9KJB6_conserved	1.009E+00	9.352E-01	9.982E-01	94.300	95	89	89
A0A0C5LQ44_conserved	Q9KJB1_conserved	1.009E+00	9.352E-01	9.981E-01	94.300	95	89	89
A0A0C5LQ44_conserved	Q9KJB5_conserved	1.009E+00	9.352E-01	9.981E-01	93.200	95	89	89
A0A0C5LQ44_conserved	Q9KJB4_conserved	1.009E+00	9.352E-01	9.981E-01	94.300	95	89	89
A0A0C5LQ44_conserved	Q9KJB3_conserved	1.009E+00	9.351E-01	9.980E-01	94.300	95	89	89
A0A0C5LQ44_conserved	AF-A0A0D0GMS0-F1-model_v4_conserved	1.005E+00	9.525E-01	9.834E-01	89.000	95	91	92
A0A0C5LQ44_conserved	Q9KJB2_conserved	1.009E+00	9.349E-01	9.977E-01	93.200	95	89	89
A0A0C5LQ44_conserved	B5L5V2_conserved	9.808E-01	9.606E-01	9.606E-01	71.200	95	94	95
A0A0C5LQ44_conserved	B5L5W3_conserved	9.784E-01	9.582E-01	9.582E-01	68.000	95	94	95
A0A0C5LQ44_conserved	B3SU2_conserved	9.740E-01	9.442E-01	9.539E-01	61.200	95	93	94
A0A0C5LQ44_conserved	Q9K578_conserved	9.698E-01	9.304E-01	9.399E-01	63.000	95	92	94
A0A0C5LQ44_conserved	A0A0C5LQ34_conserved	9.475E-01	9.094E-01	9.280E-01	58.000	95	93	93
A0A0C5LQ44_conserved	AF-A8GGW7-F1-model_v4_conserved	9.481E-01	9.197E-01	9.197E-01	51.600	95	93	95
A0A0C5LQ44_conserved	Q8KKG1_conserved	9.428E-01	9.143E-01	9.143E-01	50.500	95	93	95
A0A0C5LQ44_conserved	MBL1b_conserved	9.409E-01	9.126E-01	9.126E-01	50.500	95	93	95
A0A0C5LQ44_conserved	AF-A0A1L6K5Z8-F1-model_v4_conserved	9.312E-01	9.036E-01	9.126E-01	51.600	95	93	94
A0A0C5LQ44_conserved	GRD33_conserved	9.303E-01	9.028E-01	9.118E-01	53.700	95	93	94
A0A0C5LQ44_conserved	THIN-B_conserved	9.319E-01	9.042E-01	9.042E-01	48.300	95	93	95
A0A0C5LQ44_conserved	AF-Q89GW5-F1-model_v4_conserved	9.268E-01	8.990E-01	8.990E-01	52.100	95	94	95
A0A0C5LQ44_conserved	ECM-1_conserved	9.277E-01	9.001E-01	9.001E-01	46.200	95	93	95
A0A0C5LQ44_conserved	AF-A0A1L6K5Z9-F1-model_v4_conserved	9.268E-01	8.992E-01	8.992E-01	50.500	95	93	95
A0A0C5LQ44_conserved	AF-K4GMF9-F1-model_v4_conserved	9.266E-01	8.991E-01	8.991E-01	47.300	95	93	95
A0A0C5LQ44_conserved	A0A0C5LDH9_conserved	9.271E-01	8.995E-01	8.995E-01	51.600	95	93	95
A0A0C5LQ44_conserved	PJM-1_conserved	9.271E-01	8.997E-01	8.997E-01	47.300	95	93	95
A0A0C5LQ44_conserved	AF-A0A1L6K5X8-F1-model_v4_conserved	9.265E-01	8.990E-01	8.990E-01	44.000	95	93	95
A0A0C5LQ44_conserved	AF-A0A4D6P0I4-F1-model_v4_conserved	9.260E-01	8.985E-01	8.985E-01	45.100	95	93	95
A0A0C5LQ44_conserved	A0A386JBC5_conserved	9.193E-01	8.921E-01	9.010E-01	50.500	95	93	94
A0A0C5LQ44_conserved	B5L5V3_conserved	9.252E-01	8.978E-01	8.978E-01	53.700	95	93	95
A0A0C5LQ44_conserved	A0A059Q5E8_conserved	9.244E-01	8.971E-01	8.971E-01	52.600	95	93	95
A0A0C5LQ44_conserved	U3U4Q6_conserved	9.215E-01	8.942E-01	8.942E-01	44.000	95	93	95
A0A0C5LQ44_conserved	AF-K4GMG4-F1-model_v4_conserved	9.157E-01	8.885E-01	8.974E-01	46.800	95	94	94
A0A0C5LQ44_conserved	B5DCA0_conserved	9.226E-01	8.953E-01	8.953E-01	47.300	95	93	95
A0A0C5LQ44_conserved	AF-K4GMK0-F1-model_v4_conserved	9.195E-01	8.921E-01	8.921E-01	48.300	95	93	95
A0A0C5LQ44_conserved	AF-A0A1L6K5Y8-F1-model_v4_conserved	9.135E-01	8.956E-01	8.956E-01	51.000	95	94	95
A0A0C5LQ44_conserved	Q9JRP7_conserved	9.205E-01	8.933E-01	8.933E-01	45.100	95	93	95
A0A0C5LQ44_conserved	G5ELM3_conserved	9.189E-01	8.918E-01	8.918E-01	46.200	95	93	95
A0A0C5LQ44_conserved	AF-K4GMG9-F1-model_v6_conserved	9.159E-01	8.888E-01	8.888E-01	45.100	95	93	95
A0A0C5LQ44_conserved	B5L5V0_conserved	9.146E-01	8.875E-01	8.875E-01	51.600	95	93	95
A0A0C5LQ44_conserved	NWM_conserved	9.140E-01	8.870E-01	8.870E-01	47.300	95	93	95
A0A0C5LQ44_conserved	B3SU1_conserved	9.122E-01	8.854E-01	8.854E-01	50.500	95	93	95
A0A0C5LQ44_conserved	AF-A0A1L5BQA7-F1-model_v4_conserved	9.132E-01	8.773E-01	8.860E-01	48.300	95	93	94
A0A0C5LQ44_conserved	AF-Q6D395-F1-model_v4_conserved	8.728E-01	8.306E-01	8.470E-01	42.100	95	95	93
B5L5V9_conserved	B5L5V9_conserved	1.011E+00	1.000E+00	1.000E+00	100.000	95	95	95
B5L5V9_conserved	Q4JRB6_conserved	1.001E+00	9.800E-01	9.800E-01	76.500	95	94	95
B5L5V9_conserved	Q5EEU4_conserved	9.992E-01	9.783E-01	9.783E-01	77.600	95	94	95
B5L5V9_conserved	Q6V8J2_conserved	9.991E-01	9.783E-01	9.783E-01	76.500	95	94	95
B5L5V9_conserved	Q9RB00_conserved	9.983E-01	9.775E-01	9.775E-01	76.500	95	94	95
B5L5V9_conserved	Q6DTI5_conserved	9.983E-01	9.775E-01	9.775E-01	76.500	95	94	95
B5L5V9_conserved	Q6DTI8_conserved	9.981E-01	9.773E-01	9.773E-01	76.500	95	94	95
B5L5V9_conserved	Q6DTI7_conserved	9.979E-01	9.771E-01	9.771E-01	76.500	95	94	95
B5L5V9_conserved	A0A0C5LQ44_conserved	9.960E-01	9.753E-01	9.753E-01	74.400	95	94	95
B5L5V9_conserved	A0A0C5L392_conserved	9.996E-01	9.684E-01	9.786E-01	73.100	95	93	94
B5L5V9_conserved	A0A0C5LDD5_conserved	9.949E-01	9.742E-01	9.742E-01	74.400	95	94	95
B5L5V9_conserved	B5L5V5_conserved	9.934E-01	9.728E-01	9.728E-01	75.500	95	94	95
B5L5V9_conserved	B5L5X0_conserved	9.916E-01	9.710E-01	9.710E-01	76.500	95	94	95
B5L5V9_conserved	A0A0C5LDD9_conserved	9.999E-01	9.686E-01	9.686E-01	78.400	95	93	95
B5L5V9_conserved	AF-A0A0D0GMS0-F1-model_v4_conserved	1.002E+00	9.495E-01	9.802E-01	81.300	95	91	92
B5L5V9_conserved	Q9KJB1_conserved	1.004E+00	9.308E-01	9.932E-01	78.600	95	89	89
B5L5V9_conserved	Q9KJB5_conserved	1.004E+00	9.305E-01	9.928E-01	77.500	95	89	89
B5L5V9_conserved	Q9KJB6_conserved	1.004E+00	9.305E-01	9.928E-01	78.600	95	89	89
B5L5V9_conserved	Q9KJB3_conserved	1.004E+00	9.304E-01	9.927E-01	78.600	95	89	89
B5L5V9_conserved	Q9KJB4_conserved	1.004E+00	9.302E-01	9.925E-01	78.600	95	89	89
B5L5V9_conserved	Q9KJB2_conserved	1.003E+00	9.298E-01	9.920E-01	77.500	95	89	89
B5L5V9_conserved	B5L5V2_conserved	9.840E-01	9.636E-01	9.636E-01	68.000	95	94	95
B5L5V9_conserved	B5L5W3_conserved	9.827E-01	9.624E-01	9.624E-01	61.700	95	94	95
B5L5V9_conserved	B3SU2_conserved	9.785E-01	9.485E-01	9.583E-01	62.300	95	93	94
B5L5V9_conserved	Q9K578_conserved	9.749E-01	9.351E-01	9.448E-01	61.900	95	92	94
B5L5V9_conserved	A0A0C5LQ34_conserved	9.533E-01	9.149E-01	9.337E-01	54.800	95	93	93
B5L5V9_conserved	Q8KKG1_conserved	9.469E-01	9.188E-01	9.188E-01	50.500	95	93	95
B5L5V9_conserved	AF-A8GGW7-F1-model_v4_conserved	9.500E-01	9.215E-01	9.215E-01	51.600	95	93	95
B5L5V9_conserved	MBL1b_conserved	9.432E-01	9.156E-01	9.156E-01	50.500	95	93	95
B5L5V9_conserved	AF-A0A1L6K5Z8-F1-model_v4_conserved	9.387E-01	9.108E-01	9.199E-01	48.300	95	93	94
B5L5V9_conserved	GRD33_conserved	9.381E-01	9.102E-01	9.193E-01	51.600	95	93	94
B5L5V9_conserved	ECM-1_conserved	9.342E-01	9.063E-01	9.063E-01	44.000	95	93	95
B5L5V9_conserved	AF-K4GMF9-F1-model_v4_conserved	9.337E-01	9.058E-01	9.058E-01	49.400	95	93	95
B5L5V9_conserved	AF-Q89GW5-F1-model_v4_conserved	9.320E-01	9.041E-01	9.041E-01	50.000	95	94	95
B5L5V9_conserved	AF-A0A1L6K5Z9-F1-model_v4_conserved	9.329E-01	9.050E-01	9.050E-01	50.500	95	93	95
B5L5V9_conserved	A0A0C5LDH9_conserved	9.346E-01	9.067E-01	9.067E-01	51.600	95	93	95
B5L5V9_conserved	THIN-B_conserved	9.344E-01	9.066E-01	9.066E-01	46.200	95	93	95
B5L5V9_conserved	B5L5V3_conserved	9.338E-01	9.061E-01	9.061E-01	50.500	95	93	95
B5L5V9_conserved	A0A386JBC5_conserved	9.268E-01	8.992E-01	9.082E-01	49.400	95	93	94
B5L5V9_conserved	PJM-1_conserved	9.320E-01	9.044E-01	9.044E-01	47.300	95	93	95
B5L5V9_conserved	AF-A0A4D6P0I4-F1-model_v4_conserved	9.297E-01	9.021E-01	9.021E-01	47.300	95	93	95
B5L5V9_conserved	A0A059Q5E8_conserved	9.308E-01	9.032E-01	9.032E-01	50.500	95	93	95
B5L5V9_conserved	AF-A0A1L6K5X8-F1-model_v4_conserved	9.293E-01	9.016E-01	9.016E-01	45.700	95	94	95
B5L5V9_conserved	AF-A0A1L6K5Y8-F1-model_v4_conserved	9.206E-01	9.025E-01	9.025E-01	47.800	95	94	95
B5L5V9_conserved	G5ELM3_conserved	9.262E-01	8.987E-01	8.987E-01	46.200	95	93	95
B5L5V9_conserved	B5DCA0_conserved	9.278E-01	9.003E-01	9.003E-01	47.300	95	93	95
B5L5V9_conserved	AF-K4GMG4-F1-model_v4_conserved	9.190E-01	8.916E-01	9.006E-01	50.000	95	94	94
B5L5V9_conserved	AF-K4GMK0-F1-model_v4_conserved	9.238E-01	8.963E-01	8.963E-01	47.300	95	93	95
B5L5V9_conserved	Q9JRP7_conserved	9.260E-01	8.985E-01	8.985E-01	46.200	95	93	95
B5L5V9_conserved	AF-K4GMG9-F1-model_v6_conserved	9.230E-01	8.955E-01	8.955E-01	47.300	95	93	95
B5L5V9_conserved	B5L5V0_conserved	9.230E-01	8.955E-01	8.955E-01	49.400	95	93	95
B5L5V9_conserved	U3U4Q6_conserved	9.235E-01	8.961E-01	8.961E-01	45.700	95	94	95
B5L5V9_conserved	NWM_conserved	9.201E-01	8.929E-01	8.929E-01	48.300	95	93	95
B5L5V9_conserved	AF-A0A1L5BQA7-F1-model_v4_conserved	9.214E-01	8.850E-01	8.938E-01	47.300	95	93	94
B5L5V9_conserved	B3SU1_conserved	9.168E-01	8.898E-01	8.898E-01	52.600	95	93	95
B5L5V9_conserved	AF-Q6D395-F1-model_v4_conserved	8.768E-01	8.341E-01	8.507E-01	42.100	95	95	93
GRD33_conserved	GRD33_conserved	1.011E+00	1.000E+00	1.000E+00	100.000	94	94	94
GRD33_conserved	AF-A0A1L6K5Z8-F1-model_v4_conserved	1.008E+00	9.864E-01	9.864E-01	94.600	94	93	94
GRD33_conserved	PJM-1_conserved	9.836E-01	9.632E-01	9.532E-01	76.300	94	93	95
GRD33_conserved	B5DCA0_conserved	9.790E-01	9.587E-01	9.489E-01	75.200	94	93	95
GRD33_conserved	B5L5V3_conserved	9.793E-01	9.590E-01	9.492E-01	79.500	94	93	95
GRD33_conserved	A0A0C5LDH9_conserved	9.771E-01	9.568E-01	9.470E-01	74.100	94	93	95
GRD33_conserved	THIN-B_conserved	9.752E-01	9.550E-01	9.452E-01	76.300	94	93	95
GRD33_conserved	AF-A0A1L6K5Z9-F1-model_v4_conserved	9.737E-01	9.535E-01	9.437E-01	74.100	94	93	95
GRD33_conserved	B5L5V0_conserved	9.717E-01	9.516E-01	9.418E-01	79.500	94	93	95
GRD33_conserved	A0A059Q5E8_conserved	9.738E-01	9.537E-01	9.440E-01	76.300	94	93	95
GRD33_conserved	AF-A0A1L6K5Y8-F1-model_v4_conserved	9.721E-01	9.520E-01	9.423E-01	80.600	94	93	95
GRD33_conserved	B3SU1_conserved	9.707E-01	9.507E-01	9.410E-01	68.800	94	93	95
GRD33_conserved	G5ELM3_conserved	9.700E-01	9.500E-01	9.403E-01	70.900	94	93	95
GRD33_conserved	A0A386JBC5_conserved	9.658E-01	9.459E-01	9.459E-01	68.800	94	93	94
GRD33_conserved	AF-K4GMF9-F1-model_v4_conserved	9.680E-01	9.480E-01	9.383E-01	63.400	94	93	95
GRD33_conserved	ECM-1_conserved	9.668E-01	9.469E-01	9.372E-01	63.400	94	93	95
GRD33_conserved	A0A0C5LQ34_conserved	9.670E-01	9.371E-01	9.468E-01	65.500	94	93	93
GRD33_conserved	AF-K4GMG4-F1-model_v4_conserved	9.581E-01	9.384E-01	9.384E-01	65.500	94	93	94
GRD33_conserved	NWM_conserved	9.607E-01	9.410E-01	9.314E-01	69.800	94	93	95
GRD33_conserved	AF-K4GMK0-F1-model_v4_conserved	9.594E-01	9.397E-01	9.302E-01	64.500	94	93	95
GRD33_conserved	AF-A0A1L5BQA7-F1-model_v4_conserved	9.641E-01	9.344E-01	9.344E-01	65.500	94	93	94
GRD33_conserved	AF-K4GMG9-F1-model_v6_conserved	9.586E-01	9.390E-01	9.294E-01	65.500	94	93	95
GRD33_conserved	AF-A8GGW7-F1-model_v4_conserved	9.552E-01	9.358E-01	9.263E-01	55.900	94	93	95
GRD33_conserved	MBL1b_conserved	9.511E-01	9.317E-01	9.224E-01	56.900	94	93	95
GRD33_conserved	Q8KKG1_conserved	9.510E-01	9.316E-01	9.222E-01	58.000	94	93	95
GRD33_conserved	AF-A0A1L6K5X8-F1-model_v4_conserved	9.470E-01	9.276E-01	9.183E-01	62.700	94	94	95
GRD33_conserved	AF-A0A4D6P0I4-F1-model_v4_conserved	9.455E-01	9.262E-01	9.168E-01	60.600	94	94	95
GRD33_conserved	B3SU2_conserved	9.439E-01	9.249E-01	9.249E-01	53.700	94	93	94
GRD33_conserved	U3U4Q6_conserved	9.399E-01	9.208E-01	9.115E-01	62.700	94	94	95
GRD33_conserved	Q9JRP7_conserved	9.379E-01	9.189E-01	9.097E-01	60.600	94	94	95
GRD33_conserved	B5L5V9_conserved	9.381E-01	9.193E-01	9.102E-01	51.600	94	93	95
GRD33_conserved	B5L5X0_conserved	9.383E-01	9.195E-01	9.104E-01	50.500	94	93	95
GRD33_conserved	B5L5V2_conserved	9.369E-01	9.181E-01	9.090E-01	52.600	94	93	95
GRD33_conserved	B5L5W3_conserved	9.360E-01	9.172E-01	9.081E-01	47.300	94	93	95
GRD33_conserved	Q4JRB6_conserved	9.356E-01	9.169E-01	9.078E-01	51.600	94	93	95
GRD33_conserved	Q9K578_conserved	9.387E-01	9.105E-01	9.105E-01	56.500	94	92	94
GRD33_conserved	Q5EEU4_conserved	9.339E-01	9.152E-01	9.062E-01	52.600	94	93	95
GRD33_conserved	B5L5V5_conserved	9.310E-01	9.124E-01	9.034E-01	51.600	94	93	95
GRD33_conserved	Q6V8J2_conserved	9.323E-01	9.137E-01	9.047E-01	51.600	94	93	95
GRD33_conserved	Q9RB00_conserved	9.316E-01	9.130E-01	9.040E-01	51.600	94	93	95
GRD33_conserved	A0A0C5LDD9_conserved	9.382E-01	9.099E-01	9.009E-01	52.100	94	92	95
GRD33_conserved	Q6DTI8_conserved	9.313E-01	9.127E-01	9.037E-01	51.600	94	93	95
GRD33_conserved	A0A0C5LDD5_conserved	9.308E-01	9.122E-01	9.032E-01	50.500	94	93	95
GRD33_conserved	Q6DTI5_conserved	9.309E-01	9.124E-01	9.034E-01	51.600	94	93	95
GRD33_conserved	Q6DTI7_conserved	9.306E-01	9.121E-01	9.031E-01	51.600	94	93	95
GRD33_conserved	A0A0C5LQ44_conserved	9.303E-01	9.118E-01	9.028E-01	53.700	94	93	95
GRD33_conserved	AF-A0A0D0GMS0-F1-model_v4_conserved	9.412E-01	8.938E-01	9.122E-01	54.400	94	90	92
GRD33_conserved	A0A0C5L392_conserved	9.324E-01	9.045E-01	9.045E-01	48.900	94	92	94
GRD33_conserved	Q9KJB1_conserved	9.337E-01	8.777E-01	9.238E-01	53.900	94	89	89
GRD33_conserved	Q9KJB4_conserved	9.330E-01	8.771E-01	9.232E-01	53.900	94	89	89
GRD33_conserved	Q9KJB6_conserved	9.330E-01	8.771E-01	9.232E-01	53.900	94	89	89
GRD33_conserved	Q9KJB5_conserved	9.329E-01	8.770E-01	9.231E-01	52.800	94	89	89
GRD33_conserved	Q9KJB3_conserved	9.327E-01	8.768E-01	9.229E-01	53.900	94	89	89
GRD33_conserved	Q9KJB2_conserved	9.327E-01	8.768E-01	9.229E-01	52.800	94	89	89
GRD33_conserved	AF-Q89GW5-F1-model_v4_conserved	9.125E-01	8.944E-01	8.857E-01	54.200	94	94	95
GRD33_conserved	AF-Q6D395-F1-model_v4_conserved	8.796E-01	8.448E-01	8.533E-01	49.400	94	95	93
Q6DTI5_conserved	Q6DTI5_conserved	1.011E+00	1.000E+00	1.000E+00	100.000	95	95	95
Q6DTI5_conserved	Q6DTI8_conserved	1.007E+00	9.963E-01	9.963E-01	98.900	95	95	95
Q6DTI5_conserved	Q6V8J2_conserved	1.002E+00	9.910E-01	9.910E-01	98.900	95	95	95
Q6DTI5_conserved	Q6DTI7_conserved	1.011E+00	9.894E-01	9.894E-01	100.000	95	94	95
Q6DTI5_conserved	Q9RB00_conserved	1.011E+00	9.892E-01	9.892E-01	100.000	95	94	95
Q6DTI5_conserved	Q5EEU4_conserved	1.010E+00	9.885E-01	9.885E-01	97.800	95	94	95
Q6DTI5_conserved	Q4JRB6_conserved	1.000E+00	9.898E-01	9.898E-01	100.000	95	95	95
Q6DTI5_conserved	A0A0C5LQ44_conserved	1.008E+00	9.868E-01	9.868E-01	92.500	95	94	95
Q6DTI5_conserved	A0A0C5LDD5_conserved	1.007E+00	9.862E-01	9.862E-01	92.500	95	94	95
Q6DTI5_conserved	A0A0C5L392_conserved	1.001E+00	9.804E-01	9.908E-01	91.400	95	94	94
Q6DTI5_conserved	B5L5X0_conserved	9.993E-01	9.784E-01	9.784E-01	87.200	95	94	95
Q6DTI5_conserved	B5L5V5_conserved	9.986E-01	9.778E-01	9.778E-01	88.200	95	94	95
Q6DTI5_conserved	A0A0C5LDD9_conserved	1.007E+00	9.752E-01	9.752E-01	90.300	95	93	95
Q6DTI5_conserved	B5L5V9_conserved	9.983E-01	9.775E-01	9.775E-01	76.500	95	94	95
Q6DTI5_conserved	Q9KJB5_conserved	1.011E+00	9.366E-01	9.997E-01	98.800	95	89	89
Q6DTI5_conserved	Q9KJB3_conserved	1.011E+00	9.366E-01	9.997E-01	100.000	95	89	89
Q6DTI5_conserved	Q9KJB6_conserved	1.011E+00	9.366E-01	9.997E-01	100.000	95	89	89
Q6DTI5_conserved	Q9KJB4_conserved	1.011E+00	9.366E-01	9.997E-01	100.000	95	89	89
Q6DTI5_conserved	Q9KJB1_conserved	1.011E+00	9.364E-01	9.995E-01	100.000	95	89	89
Q6DTI5_conserved	Q9KJB2_conserved	1.011E+00	9.363E-01	9.994E-01	98.800	95	89	89
Q6DTI5_conserved	AF-A0A0D0GMS0-F1-model_v4_conserved	1.006E+00	9.530E-01	9.839E-01	90.100	95	91	92
Q6DTI5_conserved	B5L5V2_conserved	9.850E-01	9.646E-01	9.646E-01	69.100	95	94	95
Q6DTI5_conserved	B5L5W3_conserved	9.824E-01	9.621E-01	9.621E-01	64.800	95	94	95
Q6DTI5_conserved	B3SU2_conserved	9.762E-01	9.463E-01	9.561E-01	62.300	95	93	94
Q6DTI5_conserved	Q9K578_conserved	9.710E-01	9.315E-01	9.410E-01	64.100	95	92	94
Q6DTI5_conserved	A0A0C5LQ34_conserved	9.485E-01	9.104E-01	9.291E-01	60.200	95	93	93
Q6DTI5_conserved	AF-A8GGW7-F1-model_v4_conserved	9.492E-01	9.207E-01	9.207E-01	50.500	95	93	95
Q6DTI5_conserved	Q8KKG1_conserved	9.427E-01	9.142E-01	9.142E-01	50.500	95	93	95
Q6DTI5_conserved	MBL1b_conserved	9.408E-01	9.125E-01	9.125E-01	50.500	95	93	95
Q6DTI5_conserved	AF-Q89GW5-F1-model_v4_conserved	9.315E-01	9.035E-01	9.035E-01	54.200	95	94	95
Q6DTI5_conserved	AF-A0A1L6K5Z8-F1-model_v4_conserved	9.314E-01	9.039E-01	9.128E-01	49.400	95	93	94
Q6DTI5_conserved	GRD33_conserved	9.309E-01	9.034E-01	9.124E-01	51.600	95	93	94
Q6DTI5_conserved	THIN-B_conserved	9.326E-01	9.049E-01	9.049E-01	46.200	95	93	95
Q6DTI5_conserved	AF-A0A1L6K5Z9-F1-model_v4_conserved	9.286E-01	9.010E-01	9.010E-01	49.400	95	93	95
Q6DTI5_conserved	ECM-1_conserved	9.295E-01	9.018E-01	9.018E-01	45.100	95	93	95
Q6DTI5_conserved	AF-K4GMF9-F1-model_v4_conserved	9.281E-01	9.005E-01	9.005E-01	47.300	95	93	95
Q6DTI5_conserved	A0A0C5LDH9_conserved	9.282E-01	9.007E-01	9.007E-01	50.500	95	93	95
Q6DTI5_conserved	A0A386JBC5_conserved	9.219E-01	8.945E-01	9.035E-01	48.300	95	93	94
Q6DTI5_conserved	B5L5V3_conserved	9.279E-01	9.004E-01	9.004E-01	51.600	95	93	95
Q6DTI5_conserved	PJM-1_conserved	9.279E-01	9.005E-01	9.005E-01	45.100	95	93	95
Q6DTI5_conserved	AF-A0A4D6P0I4-F1-model_v4_conserved	9.270E-01	8.996E-01	8.996E-01	46.200	95	93	95
Q6DTI5_conserved	AF-A0A1L6K5X8-F1-model_v4_conserved	9.265E-01	8.991E-01	8.991E-01	45.100	95	93	95
Q6DTI5_conserved	A0A059Q5E8_conserved	9.264E-01	8.990E-01	8.990E-01	51.600	95	93	95
Q6DTI5_conserved	AF-K4GMG4-F1-model_v4_conserved	9.183E-01	8.909E-01	8.998E-01	44.600	95	94	94
Q6DTI5_conserved	AF-K4GMK0-F1-model_v4_conserved	9.208E-01	8.934E-01	8.934E-01	48.300	95	93	95
Q6DTI5_conserved	B5DCA0_conserved	9.230E-01	8.958E-01	8.958E-01	45.100	95	93	95
Q6DTI5_conserved	U3U4Q6_conserved	9.219E-01	8.946E-01	8.946E-01	45.100	95	93	95
Q6DTI5_conserved	AF-A0A1L6K5Y8-F1-model_v4_conserved	9.146E-01	8.967E-01	8.967E-01	51.000	95	94	95
Q6DTI5_conserved	Q9JRP7_conserved	9.214E-01	8.941E-01	8.941E-01	45.100	95	93	95
Q6DTI5_conserved	G5ELM3_conserved	9.207E-01	8.934E-01	8.934E-01	46.200	95	93	95
Q6DTI5_conserved	AF-K4GMG9-F1-model_v6_conserved	9.174E-01	8.902E-01	8.902E-01	45.100	95	93	95
Q6DTI5_conserved	NWM_conserved	9.171E-01	8.899E-01	8.899E-01	46.200	95	93	95
Q6DTI5_conserved	B5L5V0_conserved	9.166E-01	8.894E-01	8.894E-01	51.600	95	93	95
Q6DTI5_conserved	B3SU1_conserved	9.155E-01	8.886E-01	8.886E-01	49.400	95	93	95
Q6DTI5_conserved	AF-A0A1L5BQA7-F1-model_v4_conserved	9.143E-01	8.784E-01	8.871E-01	47.300	95	93	94
Q6DTI5_conserved	AF-Q6D395-F1-model_v4_conserved	8.766E-01	8.340E-01	8.505E-01	43.100	95	95	93
Q9JRP7_conserved	Q9JRP7_conserved	1.011E+00	1.000E+00	1.000E+00	100.000	95	95	95
Q9JRP7_conserved	U3U4Q6_conserved	9.988E-01	9.779E-01	9.779E-01	76.500	95	94	95
Q9JRP7_conserved	AF-A0A4D6P0I4-F1-model_v4_conserved	9.973E-01	9.766E-01	9.766E-01	72.300	95	94	95
Q9JRP7_conserved	AF-A0A1L6K5X8-F1-model_v4_conserved	9.925E-01	9.719E-01	9.719E-01	78.700	95	94	95
Q9JRP7_conserved	AF-A8GGW7-F1-model_v4_conserved	9.562E-01	9.272E-01	9.272E-01	50.500	95	93	95
Q9JRP7_conserved	AF-A0A1L6K5Z8-F1-model_v4_conserved	9.424E-01	9.140E-01	9.233E-01	59.500	95	94	94
Q9JRP7_conserved	GRD33_conserved	9.379E-01	9.097E-01	9.189E-01	60.600	95	94	94
Q9JRP7_conserved	MBL1b_conserved	9.368E-01	9.084E-01	9.084E-01	46.200	95	93	95
Q9JRP7_conserved	A0A0C5LQ34_conserved	9.381E-01	9.004E-01	9.189E-01	56.900	95	93	93
Q9JRP7_conserved	AF-A0A1L5BQA7-F1-model_v4_conserved	9.408E-01	9.030E-01	9.121E-01	50.500	95	93	94
Q9JRP7_conserved	Q8KKG1_conserved	9.352E-01	9.070E-01	9.070E-01	47.300	95	93	95
Q9JRP7_conserved	B3SU2_conserved	9.355E-01	9.076E-01	9.167E-01	49.400	95	93	94
Q9JRP7_conserved	AF-K4GMG9-F1-model_v6_conserved	9.345E-01	9.063E-01	9.063E-01	55.300	95	94	95
Q9JRP7_conserved	A0A386JBC5_conserved	9.301E-01	9.023E-01	9.114E-01	50.000	95	94	94
Q9JRP7_conserved	B5L5V3_conserved	9.348E-01	9.067E-01	9.067E-01	54.200	95	94	95
Q9JRP7_conserved	NWM_conserved	9.331E-01	9.051E-01	9.051E-01	54.200	95	94	95
Q9JRP7_conserved	A0A0C5LDH9_conserved	9.336E-01	9.056E-01	9.056E-01	53.100	95	94	95
Q9JRP7_conserved	AF-K4GMK0-F1-model_v4_conserved	9.313E-01	9.033E-01	9.033E-01	55.300	95	94	95
Q9JRP7_conserved	B5DCA0_conserved	9.324E-01	9.045E-01	9.045E-01	56.300	95	94	95
Q9JRP7_conserved	PJM-1_conserved	9.314E-01	9.034E-01	9.034E-01	55.300	95	94	95
Q9JRP7_conserved	AF-A0A1L6K5Z9-F1-model_v4_conserved	9.296E-01	9.017E-01	9.017E-01	58.500	95	94	95
Q9JRP7_conserved	A0A059Q5E8_conserved	9.295E-01	9.017E-01	9.017E-01	54.800	95	93	95
Q9JRP7_conserved	B5L5X0_conserved	9.295E-01	9.018E-01	9.018E-01	45.100	95	93	95
Q9JRP7_conserved	AF-K4GMF9-F1-model_v4_conserved	9.278E-01	9.000E-01	9.000E-01	54.200	95	94	95
Q9JRP7_conserved	B5L5V0_conserved	9.263E-01	8.985E-01	8.985E-01	58.500	95	94	95
Q9JRP7_conserved	THIN-B_conserved	9.277E-01	9.000E-01	9.000E-01	55.900	95	93	95
Q9JRP7_conserved	ECM-1_conserved	9.271E-01	8.995E-01	8.995E-01	56.300	95	94	95
Q9JRP7_conserved	Q9K578_conserved	9.332E-01	8.961E-01	9.051E-01	52.100	95	92	94
Q9JRP7_conserved	AF-A0A0D0GMS0-F1-model_v4_conserved	9.396E-01	8.831E-01	9.105E-01	47.700	95	90	92
Q9JRP7_conserved	AF-A0A1L6K5Y8-F1-model_v4_conserved	9.258E-01	8.982E-01	8.982E-01	56.900	95	93	95
Q9JRP7_conserved	AF-K4GMG4-F1-model_v4_conserved	9.222E-01	8.949E-01	9.038E-01	51.000	95	94	94
Q9JRP7_conserved	Q4JRB6_conserved	9.259E-01	8.984E-01	8.984E-01	45.100	95	93	95
Q9JRP7_conserved	B5L5V9_conserved	9.260E-01	8.985E-01	8.985E-01	46.200	95	93	95
Q9JRP7_conserved	B5L5V5_conserved	9.242E-01	8.967E-01	8.967E-01	45.100	95	93	95
Q9JRP7_conserved	Q9KJB1_conserved	9.325E-01	8.675E-01	9.226E-01	47.100	95	89	89
Q9JRP7_conserved	G5ELM3_conserved	9.221E-01	8.947E-01	8.947E-01	50.500	95	93	95
Q9JRP7_conserved	Q9KJB2_conserved	9.322E-01	8.673E-01	9.223E-01	47.100	95	89	89
Q9JRP7_conserved	Q9KJB5_conserved	9.320E-01	8.671E-01	9.222E-01	46.000	95	89	89
Q9JRP7_conserved	Q9KJB4_conserved	9.320E-01	8.671E-01	9.221E-01	47.100	95	89	89
Q9JRP7_conserved	Q9KJB6_conserved	9.320E-01	8.671E-01	9.222E-01	47.100	95	89	89
Q9JRP7_conserved	Q9KJB3_conserved	9.320E-01	8.670E-01	9.221E-01	47.100	95	89	89
Q9JRP7_conserved	Q5EEU4_conserved	9.239E-01	8.965E-01	8.965E-01	44.000	95	93	95
Q9JRP7_conserved	B5L5V2_conserved	9.248E-01	8.974E-01	8.974E-01	43.000	95	93	95
Q9JRP7_conserved	A0A0C5LDD9_conserved	9.302E-01	8.933E-01	8.933E-01	47.800	95	92	95
Q9JRP7_conserved	Q6V8J2_conserved	9.230E-01	8.957E-01	8.957E-01	45.100	95	93	95
Q9JRP7_conserved	Q9RB00_conserved	9.222E-01	8.949E-01	8.949E-01	45.100	95	93	95
Q9JRP7_conserved	B5L5W3_conserved	9.226E-01	8.954E-01	8.954E-01	39.700	95	93	95
Q9JRP7_conserved	Q6DTI5_conserved	9.214E-01	8.941E-01	8.941E-01	45.100	95	93	95
Q9JRP7_conserved	Q6DTI8_conserved	9.213E-01	8.941E-01	8.941E-01	45.100	95	93	95
Q9JRP7_conserved	A0A0C5LDD5_conserved	9.208E-01	8.936E-01	8.936E-01	44.000	95	93	95
Q9JRP7_conserved	Q6DTI7_conserved	9.211E-01	8.939E-01	8.939E-01	45.100	95	93	95
Q9JRP7_conserved	A0A0C5LQ44_conserved	9.205E-01	8.933E-01	8.933E-01	45.100	95	93	95
Q9JRP7_conserved	A0A0C5L392_conserved	9.236E-01	8.871E-01	8.960E-01	44.500	95	92	94
Q9JRP7_conserved	AF-Q89GW5-F1-model_v4_conserved	9.120E-01	8.848E-01	8.848E-01	47.300	95	95	95
Q9JRP7_conserved	B3SU1_conserved	9.140E-01	8.870E-01	8.870E-01	50.000	95	94	95
Q9JRP7_conserved	AF-Q6D395-F1-model_v4_conserved	8.664E-01	8.244E-01	8.407E-01	44.700	95	96	93
Q9KJB4_conserved	Q9KJB4_conserved	1.011E+00	1.000E+00	1.000E+00	100.000	89	89	89
Q9KJB4_conserved	Q9KJB3_conserved	1.011E+00	9.999E-01	9.999E-01	100.000	89	89	89
Q9KJB4_conserved	Q9KJB6_conserved	1.011E+00	9.999E-01	9.999E-01	100.000	89	89	89
Q9KJB4_conserved	Q9KJB5_conserved	1.011E+00	9.999E-01	9.999E-01	98.800	89	89	89
Q9KJB4_conserved	Q9KJB1_conserved	1.011E+00	9.997E-01	9.997E-01	100.000	89	89	89
Q9KJB4_conserved	Q9KJB2_conserved	1.011E+00	9.996E-01	9.996E-01	98.800	89	89	89
Q9KJB4_conserved	AF-A0A0D0GMS0-F1-model_v4_conserved	1.007E+00	9.955E-01	9.631E-01	91.000	89	89	92
Q9KJB4_conserved	A0A0C5L392_conserved	1.010E+00	9.991E-01	9.460E-01	92.100	89	89	94
Q9KJB4_conserved	Q9RB00_conserved	1.011E+00	9.998E-01	9.366E-01	100.000	89	89	95
Q9KJB4_conserved	Q6DTI7_conserved	1.011E+00	9.997E-01	9.366E-01	100.000	89	89	95
Q9KJB4_conserved	Q6V8J2_conserved	1.011E+00	9.997E-01	9.366E-01	100.000	89	89	95
Q9KJB4_conserved	Q6DTI5_conserved	1.011E+00	9.997E-01	9.366E-01	100.000	89	89	95
Q9KJB4_conserved	Q6DTI8_conserved	1.011E+00	9.996E-01	9.365E-01	98.800	89	89	95
Q9KJB4_conserved	Q5EEU4_conserved	1.010E+00	9.988E-01	9.358E-01	97.700	89	89	95
Q9KJB4_conserved	A0A0C5LQ44_conserved	1.009E+00	9.981E-01	9.352E-01	94.300	89	89	95
Q9KJB4_conserved	Q4JRB6_conserved	1.009E+00	9.979E-01	9.350E-01	100.000	89	89	95
Q9KJB4_conserved	A0A0C5LDD5_conserved	1.009E+00	9.978E-01	9.349E-01	93.200	89	89	95
Q9KJB4_conserved	B5L5V5_conserved	1.007E+00	9.962E-01	9.335E-01	91.000	89	89	95
Q9KJB4_conserved	A0A0C5LDD9_conserved	1.007E+00	9.960E-01	9.333E-01	93.200	89	89	95
Q9KJB4_conserved	B5L5X0_conserved	1.007E+00	9.953E-01	9.327E-01	89.800	89	89	95
Q9KJB4_conserved	B5L5V9_conserved	1.004E+00	9.925E-01	9.302E-01	78.600	89	89	95
Q9KJB4_conserved	B5L5V2_conserved	9.945E-01	9.835E-01	9.223E-01	70.700	89	89	95
Q9KJB4_conserved	B5L5W3_conserved	9.926E-01	9.817E-01	9.207E-01	66.200	89	89	95
Q9KJB4_conserved	B3SU2_conserved	9.785E-01	9.679E-01	9.178E-01	65.100	89	89	94
Q9KJB4_conserved	Q9K578_conserved	9.754E-01	9.542E-01	9.049E-01	65.900	89	88	94
Q9KJB4_conserved	Q8KKG1_conserved	9.567E-01	9.463E-01	8.886E-01	52.800	89	89	95
Q9KJB4_conserved	A0A0C5LQ34_conserved	9.585E-01	9.378E-01	8.990E-01	61.700	89	89	93
Q9KJB4_conserved	AF-A8GGW7-F1-model_v4_conserved	9.587E-01	9.484E-01	8.911E-01	51.600	89	89	95
Q9KJB4_conserved	MBL1b_conserved	9.534E-01	9.431E-01	8.858E-01	52.800	89	89	95
Q9KJB4_conserved	AF-Q89GW5-F1-model_v4_conserved	9.490E-01	9.388E-01	8.818E-01	56.600	89	90	95
Q9KJB4_conserved	A0A0C5LDH9_conserved	9.446E-01	9.346E-01	8.786E-01	52.800	89	89	95
Q9KJB4_conserved	A0A059Q5E8_conserved	9.419E-01	9.319E-01	8.762E-01	53.900	89	89	95
Q9KJB4_conserved	B5L5V3_conserved	9.418E-01	9.318E-01	8.761E-01	53.900	89	89	95
Q9KJB4_conserved	A0A386JBC5_conserved	9.334E-01	9.235E-01	8.769E-01	50.500	89	89	94
Q9KJB4_conserved	AF-A0A1L6K5Z9-F1-model_v4_conserved	9.366E-01	9.266E-01	8.710E-01	51.600	89	89	95
Q9KJB4_conserved	AF-A0A1L6K5Z8-F1-model_v4_conserved	9.361E-01	9.262E-01	8.798E-01	51.600	89	89	94
Q9KJB4_conserved	THIN-B_conserved	9.372E-01	9.272E-01	8.718E-01	48.300	89	89	95
Q9KJB4_conserved	AF-K4GMK0-F1-model_v4_conserved	9.323E-01	9.223E-01	8.669E-01	50.500	89	89	95
Q9KJB4_conserved	GRD33_conserved	9.330E-01	9.232E-01	8.771E-01	53.900	89	89	94
Q9KJB4_conserved	AF-K4GMF9-F1-model_v4_conserved	9.334E-01	9.235E-01	8.682E-01	49.400	89	89	95
Q9KJB4_conserved	PJM-1_conserved	9.355E-01	9.256E-01	8.705E-01	47.100	89	89	95
Q9KJB4_conserved	AF-A0A1L6K5X8-F1-model_v4_conserved	9.341E-01	9.242E-01	8.690E-01	47.100	89	89	95
Q9KJB4_conserved	B5DCA0_conserved	9.353E-01	9.254E-01	8.703E-01	47.100	89	89	95
Q9KJB4_conserved	U3U4Q6_conserved	9.330E-01	9.231E-01	8.680E-01	47.100	89	89	95
Q9KJB4_conserved	AF-A0A4D6P0I4-F1-model_v4_conserved	9.333E-01	9.234E-01	8.682E-01	47.100	89	89	95
Q9KJB4_conserved	ECM-1_conserved	9.320E-01	9.222E-01	8.670E-01	47.100	89	89	95
Q9KJB4_conserved	B5L5V0_conserved	9.320E-01	9.221E-01	8.670E-01	53.900	89	89	95
Q9KJB4_conserved	Q9JRP7_conserved	9.320E-01	9.221E-01	8.671E-01	47.100	89	89	95
Q9KJB4_conserved	AF-K4GMG9-F1-model_v6_conserved	9.289E-01	9.191E-01	8.641E-01	47.100	89	89	95
Q9KJB4_conserved	G5ELM3_conserved	9.301E-01	9.203E-01	8.653E-01	48.300	89	89	95
Q9KJB4_conserved	AF-A0A1L6K5Y8-F1-model_v4_conserved	9.309E-01	9.211E-01	8.662E-01	52.800	89	89	95
Q9KJB4_conserved	NWM_conserved	9.247E-01	9.150E-01	8.604E-01	48.300	89	89	95
Q9KJB4_conserved	AF-K4GMG4-F1-model_v4_conserved	9.186E-01	9.089E-01	8.632E-01	46.600	89	90	94
Q9KJB4_conserved	AF-A0A1L5BQA7-F1-model_v4_conserved	9.265E-01	9.069E-01	8.615E-01	49.400	89	89	94
Q9KJB4_conserved	B3SU1_conserved	9.167E-01	9.071E-01	8.535E-01	51.600	89	89	95
Q9KJB4_conserved	AF-Q6D395-F1-model_v4_conserved	8.776E-01	8.503E-01	8.164E-01	45.000	89	91	93
U3U4Q6_conserved	U3U4Q6_conserved	1.011E+00	1.000E+00	1.000E+00	100.000	95	95	95
U3U4Q6_conserved	AF-A0A4D6P0I4-F1-model_v4_conserved	1.000E+00	9.900E-01	9.900E-01	85.200	95	95	95
U3U4Q6_conserved	Q9JRP7_conserved	9.988E-01	9.779E-01	9.779E-01	76.500	95	94	95
U3U4Q6_conserved	AF-A0A1L6K5X8-F1-model_v4_conserved	9.917E-01	9.711E-01	9.711E-01	79.700	95	94	95
U3U4Q6_conserved	AF-A8GGW7-F1-model_v4_conserved	9.626E-01	9.331E-01	9.331E-01	50.500	95	93	95
U3U4Q6_conserved	AF-A0A1L6K5Z8-F1-model_v4_conserved	9.441E-01	9.155E-01	9.249E-01	60.600	95	94	94
U3U4Q6_conserved	GRD33_conserved	9.398E-01	9.115E-01	9.208E-01	62.700	95	94	94
U3U4Q6_conserved	AF-A0A1L5BQA7-F1-model_v4_conserved	9.421E-01	9.040E-01	9.132E-01	52.100	95	94	94
U3U4Q6_conserved	A0A0C5LQ34_conserved	9.390E-01	9.011E-01	9.197E-01	56.300	95	94	93
U3U4Q6_conserved	MBL1b_conserved	9.374E-01	9.091E-01	9.091E-01	48.300	95	93	95
U3U4Q6_conserved	AF-K4GMK0-F1-model_v4_conserved	9.375E-01	9.092E-01	9.092E-01	60.600	95	94	95
U3U4Q6_conserved	AF-K4GMG9-F1-model_v6_conserved	9.371E-01	9.088E-01	9.088E-01	60.600	95	94	95
U3U4Q6_conserved	B5L5V3_conserved	9.379E-01	9.097E-01	9.097E-01	57.400	95	94	95
U3U4Q6_conserved	B5DCA0_conserved	9.372E-01	9.090E-01	9.090E-01	59.500	95	94	95
U3U4Q6_conserved	NWM_conserved	9.368E-01	9.086E-01	9.086E-01	60.600	95	94	95
U3U4Q6_conserved	A0A386JBC5_conserved	9.330E-01	9.050E-01	9.142E-01	56.300	95	94	94
U3U4Q6_conserved	Q8KKG1_conserved	9.344E-01	9.061E-01	9.061E-01	48.900	95	94	95
U3U4Q6_conserved	A0A059Q5E8_conserved	9.371E-01	9.089E-01	9.089E-01	55.300	95	94	95
U3U4Q6_conserved	AF-A0A1L6K5Z9-F1-model_v4_conserved	9.352E-01	9.070E-01	9.070E-01	64.800	95	94	95
U3U4Q6_conserved	PJM-1_conserved	9.339E-01	9.073E-01	9.073E-01	61.700	95	94	95
U3U4Q6_conserved	A0A0C5LDH9_conserved	9.362E-01	9.081E-01	9.081E-01	55.300	95	94	95
U3U4Q6_conserved	B5L5V0_conserved	9.326E-01	9.046E-01	9.046E-01	60.600	95	94	95
U3U4Q6_conserved	B3SU2_conserved	9.322E-01	9.045E-01	9.135E-01	47.300	95	93	94
U3U4Q6_conserved	AF-A0A1L6K5Y8-F1-model_v4_conserved	9.308E-01	9.029E-01	9.029E-01	57.400	95	94	95
U3U4Q6_conserved	G5ELM3_conserved	9.268E-01	8.990E-01	8.990E-01	52.100	95	94	95
U3U4Q6_conserved	THIN-B_conserved	9.276E-01	8.998E-01	8.998E-01	55.300	95	94	95
U3U4Q6_conserved	AF-K4GMG4-F1-model_v4_conserved	9.257E-01	8.981E-01	9.071E-01	57.400	95	94	94
U3U4Q6_conserved	AF-A0A0D0GMS0-F1-model_v4_conserved	9.404E-01	8.842E-01	9.117E-01	46.600	95	90	92
U3U4Q6_conserved	AF-K4GMF9-F1-model_v4_conserved	9.280E-01	9.003E-01	9.003E-01	55.300	95	94	95
U3U4Q6_conserved	ECM-1_conserved	9.278E-01	9.001E-01	9.001E-01	56.300	95	94	95
U3U4Q6_conserved	B5L5X0_conserved	9.267E-01	8.990E-01	8.990E-01	44.600	95	94	95
U3U4Q6_conserved	Q4JRB6_conserved	9.273E-01	8.997E-01	8.997E-01	45.100	95	93	95
U3U4Q6_conserved	B5L5V5_conserved	9.243E-01	8.967E-01	8.967E-01	45.100	95	93	95
U3U4Q6_conserved	Q9KJB1_conserved	9.339E-01	8.687E-01	9.240E-01	47.100	95	89	89
U3U4Q6_conserved	Q9KJB2_conserved	9.335E-01	8.684E-01	9.236E-01	47.100	95	89	89
U3U4Q6_conserved	B5L5V2_conserved	9.255E-01	8.986E-01	8.986E-01	43.000	95	93	95
U3U4Q6_conserved	Q9KJB4_conserved	9.330E-01	8.680E-01	9.231E-01	47.100	95	89	89
U3U4Q6_conserved	Q9KJB6_conserved	9.331E-01	8.683E-01	9.232E-01	47.100	95	89	89
U3U4Q6_conserved	Q9KJB5_conserved	9.330E-01	8.680E-01	9.232E-01	46.000	95	89	89
U3U4Q6_conserved	Q5EEU4_conserved	9.244E-01	8.969E-01	8.969E-01	44.000	95	93	95
U3U4Q6_conserved	Q9KJB3_conserved	9.328E-01	8.678E-01	9.230E-01	47.100	95	89	89
U3U4Q6_conserved	Q9K578_conserved	9.297E-01	8.929E-01	9.018E-01	48.900	95	92	94
U3U4Q6_conserved	A0A0C5LDD9_conserved	9.317E-01	8.946E-01	8.946E-01	46.700	95	92	95
U3U4Q6_conserved	B5L5V9_conserved	9.235E-01	8.961E-01	8.961E-01	45.700	95	94	95
U3U4Q6_conserved	Q6V8J2_conserved	9.235E-01	8.961E-01	8.961E-01	45.100	95	93	95
U3U4Q6_conserved	Q9RB00_conserved	9.226E-01	8.953E-01	8.953E-01	45.100	95	93	95
U3U4Q6_conserved	B5L5W3_conserved	9.228E-01	8.969E-01	8.969E-01	40.800	95	93	95
U3U4Q6_conserved	A0A0C5LDD5_conserved	9.217E-01	8.943E-01	8.943E-01	43.000	95	93	95
U3U4Q6_conserved	Q6DTI5_conserved	9.219E-01	8.946E-01	8.946E-01	45.100	95	93	95
U3U4Q6_conserved	Q6DTI8_conserved	9.219E-01	8.946E-01	8.946E-01	45.100	95	93	95
U3U4Q6_conserved	A0A0C5LQ44_conserved	9.215E-01	8.942E-01	8.942E-01	44.000	95	93	95
U3U4Q6_conserved	Q6DTI7_conserved	9.216E-01	8.943E-01	8.943E-01	45.100	95	93	95
U3U4Q6_conserved	A0A0C5L392_conserved	9.247E-01	8.881E-01	8.970E-01	42.300	95	92	94
U3U4Q6_conserved	AF-Q89GW5-F1-model_v4_conserved	9.146E-01	8.873E-01	8.873E-01	47.300	95	95	95
U3U4Q6_conserved	B3SU1_conserved	9.156E-01	8.886E-01	8.886E-01	57.400	95	94	95
U3U4Q6_conserved	AF-Q6D395-F1-model_v4_conserved	8.703E-01	8.277E-01	8.442E-01	45.800	95	96	93
Q9K578_conserved	Q9K578_conserved	1.011E+00	1.000E+00	1.000E+00	100.000	94	94	94
Q9K578_conserved	B3SU2_conserved	1.004E+00	9.722E-01	9.722E-01	82.600	94	92	94
Q9K578_conserved	Q4JRB6_conserved	9.756E-01	9.454E-01	9.358E-01	64.100	94	92	95
Q9K578_conserved	B5L5V9_conserved	9.749E-01	9.448E-01	9.351E-01	61.900	94	92	95
Q9K578_conserved	B5L5X0_conserved	9.748E-01	9.447E-01	9.351E-01	63.000	94	92	95
Q9K578_conserved	B5L5W3_conserved	9.741E-01	9.440E-01	9.344E-01	58.600	94	92	95
Q9K578_conserved	Q5EEU4_conserved	9.736E-01	9.435E-01	9.339E-01	63.000	94	92	95
Q9K578_conserved	Q6V8J2_conserved	9.717E-01	9.417E-01	9.321E-01	64.100	94	92	95
Q9K578_conserved	Q6DTI5_conserved	9.710E-01	9.410E-01	9.315E-01	64.100	94	92	95
Q9K578_conserved	Q6DTI8_conserved	9.708E-01	9.409E-01	9.313E-01	65.200	94	92	95
Q9K578_conserved	Q9RB00_conserved	9.707E-01	9.408E-01	9.313E-01	64.100	94	92	95
Q9K578_conserved	B5L5V2_conserved	9.711E-01	9.412E-01	9.317E-01	58.600	94	92	95
Q9K578_conserved	Q6DTI7_conserved	9.704E-01	9.405E-01	9.309E-01	64.100	94	92	95
Q9K578_conserved	A0A0C5LQ44_conserved	9.698E-01	9.399E-01	9.304E-01	63.000	94	92	95
Q9K578_conserved	A0A0C5LDD9_conserved	9.763E-01	9.360E-01	9.264E-01	62.600	94	91	95
Q9K578_conserved	B5L5V5_conserved	9.673E-01	9.375E-01	9.279E-01	59.700	94	92	95
Q9K578_conserved	A0A0C5LDD5_conserved	9.680E-01	9.382E-01	9.287E-01	60.800	94	92	95
Q9K578_conserved	Q9KJB1_conserved	9.767E-01	9.060E-01	9.554E-01	65.900	94	88	89
Q9K578_conserved	AF-A0A0D0GMS0-F1-model_v4_conserved	9.799E-01	9.190E-01	9.384E-01	66.200	94	89	92
Q9K578_conserved	A0A0C5L392_conserved	9.715E-01	9.315E-01	9.315E-01	62.600	94	91	94
Q9K578_conserved	Q9KJB6_conserved	9.759E-01	9.054E-01	9.547E-01	65.900	94	88	89
Q9K578_conserved	Q9KJB3_conserved	9.759E-01	9.053E-01	9.546E-01	65.900	94	88	89
Q9K578_conserved	Q9KJB5_conserved	9.758E-01	9.053E-01	9.546E-01	64.700	94	88	89
Q9K578_conserved	Q9KJB4_conserved	9.754E-01	9.049E-01	9.542E-01	65.900	94	88	89
Q9K578_conserved	Q9KJB2_conserved	9.752E-01	9.047E-01	9.540E-01	64.700	94	88	89
Q9K578_conserved	MBL1b_conserved	9.541E-01	9.345E-01	9.250E-01	58.900	94	95	95
Q9K578_conserved	Q8KKG1_conserved	9.535E-01	9.339E-01	9.244E-01	58.900	94	95	95
Q9K578_conserved	A0A0C5LQ34_conserved	9.637E-01	9.240E-01	9.336E-01	66.600	94	93	93
Q9K578_conserved	AF-A8GGW7-F1-model_v4_conserved	9.658E-01	9.363E-01	9.268E-01	61.900	94	92	95
Q9K578_conserved	THIN-B_conserved	9.503E-01	9.213E-01	9.121E-01	55.400	94	92	95
Q9K578_conserved	A0A0C5LDH9_conserved	9.449E-01	9.163E-01	9.072E-01	57.600	94	92	95
Q9K578_conserved	AF-A0A1L6K5Z8-F1-model_v4_conserved	9.408E-01	9.125E-01	9.125E-01	56.500	94	92	94
Q9K578_conserved	A0A059Q5E8_conserved	9.434E-01	9.149E-01	9.058E-01	56.500	94	92	95
Q9K578_conserved	ECM-1_conserved	9.407E-01	9.122E-01	9.030E-01	48.900	94	92	95
Q9K578_conserved	AF-K4GMF9-F1-model_v4_conserved	9.405E-01	9.120E-01	9.029E-01	51.000	94	92	95
Q9K578_conserved	AF-A0A1L6K5Z9-F1-model_v4_conserved	9.408E-01	9.123E-01	9.031E-01	54.300	94	92	95
Q9K578_conserved	B5L5V3_conserved	9.425E-01	9.141E-01	9.050E-01	55.400	94	92	95
Q9K578_conserved	GRD33_conserved	9.387E-01	9.105E-01	9.105E-01	56.500	94	92	94
Q9K578_conserved	A0A386JBC5_conserved	9.358E-01	9.075E-01	9.075E-01	55.400	94	92	94
Q9K578_conserved	AF-A0A1L6K5X8-F1-model_v4_conserved	9.383E-01	9.100E-01	9.009E-01	51.000	94	92	95
Q9K578_conserved	PJM-1_conserved	9.396E-01	9.114E-01	9.023E-01	50.000	94	92	95
Q9K578_conserved	AF-K4GMK0-F1-model_v4_conserved	9.360E-01	9.076E-01	8.986E-01	51.000	94	92	95
Q9K578_conserved	AF-A0A1L6K5Y8-F1-model_v4_conserved	9.375E-01	9.092E-01	9.002E-01	55.400	94	92	95
Q9K578_conserved	AF-K4GMG9-F1-model_v6_conserved	9.345E-01	9.062E-01	8.972E-01	51.000	94	92	95
Q9K578_conserved	B5DCA0_conserved	9.369E-01	9.087E-01	8.997E-01	50.000	94	92	95
Q9K578_conserved	AF-A0A4D6P0I4-F1-model_v4_conserved	9.353E-01	9.071E-01	8.980E-01	52.100	94	92	95
Q9K578_conserved	AF-Q89GW5-F1-model_v4_conserved	9.328E-01	9.046E-01	8.956E-01	59.100	94	93	95
Q9K578_conserved	Q9JRP7_conserved	9.332E-01	9.051E-01	8.961E-01	52.100	94	92	95
Q9K578_conserved	G5ELM3_conserved	9.304E-01	9.024E-01	8.935E-01	53.200	94	92	95
Q9K578_conserved	B5L5V0_conserved	9.291E-01	9.012E-01	8.922E-01	55.400	94	92	95
Q9K578_conserved	U3U4Q6_conserved	9.297E-01	9.018E-01	8.929E-01	48.900	94	92	95
Q9K578_conserved	AF-A0A1L5BQA7-F1-model_v4_conserved	9.315E-01	8.941E-01	8.941E-01	52.100	94	92	94
Q9K578_conserved	NWM_conserved	9.265E-01	8.987E-01	8.898E-01	48.900	94	92	95
Q9K578_conserved	AF-K4GMG4-F1-model_v4_conserved	9.203E-01	8.926E-01	8.926E-01	49.400	94	93	94
Q9K578_conserved	B3SU1_conserved	9.215E-01	8.940E-01	8.852E-01	51.000	94	92	95
Q9K578_conserved	AF-Q6D395-F1-model_v4_conserved	9.029E-01	8.577E-01	8.664E-01	46.800	94	94	93
Q9KJB6_conserved	Q9KJB6_conserved	1.011E+00	1.000E+00	1.000E+00	100.000	89	89	89
Q9KJB6_conserved	Q9KJB5_conserved	1.011E+00	9.999E-01	9.999E-01	98.800	89	89	89
Q9KJB6_conserved	Q9KJB3_conserved	1.011E+00	9.999E-01	9.999E-01	100.000	89	89	89
Q9KJB6_conserved	Q9KJB4_conserved	1.011E+00	9.999E-01	9.999E-01	100.000	89	89	89
Q9KJB6_conserved	Q9KJB1_conserved	1.011E+00	9.998E-01	9.998E-01	100.000	89	89	89
Q9KJB6_conserved	Q9KJB2_conserved	1.011E+00	9.996E-01	9.996E-01	98.800	89	89	89
Q9KJB6_conserved	AF-A0A0D0GMS0-F1-model_v4_conserved	1.007E+00	9.957E-01	9.634E-01	91.000	89	89	92
Q9KJB6_conserved	A0A0C5L392_conserved	1.010E+00	9.991E-01	9.460E-01	92.100	89	89	94
Q9KJB6_conserved	Q6DTI7_conserved	1.011E+00	9.997E-01	9.366E-01	100.000	89	89	95
Q9KJB6_conserved	Q6V8J2_conserved	1.011E+00	9.997E-01	9.366E-01	100.000	89	89	95
Q9KJB6_conserved	Q6DTI5_conserved	1.011E+00	9.997E-01	9.366E-01	100.000	89	89	95
Q9KJB6_conserved	Q9RB00_conserved	1.011E+00	9.997E-01	9.365E-01	100.000	89	89	95
Q9KJB6_conserved	Q6DTI8_conserved	1.011E+00	9.996E-01	9.365E-01	98.800	89	89	95
Q9KJB6_conserved	Q5EEU4_conserved	1.010E+00	9.988E-01	9.358E-01	97.700	89	89	95
Q9KJB6_conserved	A0A0C5LQ44_conserved	1.009E+00	9.982E-01	9.352E-01	94.300	89	89	95
Q9KJB6_conserved	Q4JRB6_conserved	1.009E+00	9.980E-01	9.351E-01	100.000	89	89	95
Q9KJB6_conserved	A0A0C5LDD5_conserved	1.009E+00	9.979E-01	9.350E-01	93.200	89	89	95
Q9KJB6_conserved	B5L5V5_conserved	1.008E+00	9.963E-01	9.336E-01	91.000	89	89	95
Q9KJB6_conserved	A0A0C5LDD9_conserved	1.008E+00	9.962E-01	9.335E-01	93.200	89	89	95
Q9KJB6_conserved	B5L5X0_conserved	1.007E+00	9.954E-01	9.328E-01	89.800	89	89	95
Q9KJB6_conserved	B5L5V9_conserved	1.004E+00	9.928E-01	9.305E-01	78.600	89	89	95
Q9KJB6_conserved	B5L5V2_conserved	9.946E-01	9.836E-01	9.224E-01	70.700	89	89	95
Q9KJB6_conserved	B5L5W3_conserved	9.927E-01	9.817E-01	9.207E-01	66.200	89	89	95
Q9KJB6_conserved	B3SU2_conserved	9.790E-01	9.683E-01	9.182E-01	65.100	89	89	94
Q9KJB6_conserved	Q9K578_conserved	9.759E-01	9.547E-01	9.054E-01	65.900	89	88	94
Q9KJB6_conserved	Q8KKG1_conserved	9.567E-01	9.464E-01	8.886E-01	52.800	89	89	95
Q9KJB6_conserved	A0A0C5LQ34_conserved	9.585E-01	9.379E-01	8.990E-01	61.700	89	89	93
Q9KJB6_conserved	AF-A8GGW7-F1-model_v4_conserved	9.583E-01	9.480E-01	8.908E-01	51.600	89	89	95
Q9KJB6_conserved	MBL1b_conserved	9.534E-01	9.431E-01	8.857E-01	52.800	89	89	95
Q9KJB6_conserved	AF-Q89GW5-F1-model_v4_conserved	9.492E-01	9.390E-01	8.819E-01	56.600	89	90	95
Q9KJB6_conserved	A0A0C5LDH9_conserved	9.448E-01	9.347E-01	8.787E-01	52.800	89	89	95
Q9KJB6_conserved	B5L5V3_conserved	9.419E-01	9.319E-01	8.762E-01	53.900	89	89	95
Q9KJB6_conserved	A0A059Q5E8_conserved	9.416E-01	9.316E-01	8.760E-01	53.900	89	89	95
Q9KJB6_conserved	A0A386JBC5_conserved	9.335E-01	9.235E-01	8.770E-01	50.500	89	89	94
Q9KJB6_conserved	AF-A0A1L6K5Z9-F1-model_v4_conserved	9.367E-01	9.267E-01	8.711E-01	51.600	89	89	95
Q9KJB6_conserved	AF-A0A1L6K5Z8-F1-model_v4_conserved	9.363E-01	9.264E-01	8.800E-01	51.600	89	89	94
Q9KJB6_conserved	THIN-B_conserved	9.371E-01	9.271E-01	8.717E-01	48.300	89	89	95
Q9KJB6_conserved	AF-K4GMK0-F1-model_v4_conserved	9.323E-01	9.224E-01	8.670E-01	50.500	89	89	95
Q9KJB6_conserved	GRD33_conserved	9.330E-01	9.232E-01	8.771E-01	53.900	89	89	94
Q9KJB6_conserved	AF-K4GMF9-F1-model_v4_conserved	9.333E-01	9.234E-01	8.681E-01	49.400	89	89	95
Q9KJB6_conserved	PJM-1_conserved	9.355E-01	9.256E-01	8.705E-01	47.100	89	89	95
Q9KJB6_conserved	AF-A0A1L6K5X8-F1-model_v4_conserved	9.341E-01	9.242E-01	8.690E-01	47.100	89	89	95
Q9KJB6_conserved	B5DCA0_conserved	9.353E-01	9.255E-01	8.703E-01	47.100	89	89	95
Q9KJB6_conserved	U3U4Q6_conserved	9.331E-01	9.232E-01	8.683E-01	47.100	89	89	95
Q9KJB6_conserved	AF-A0A4D6P0I4-F1-model_v4_conserved	9.333E-01	9.235E-01	8.683E-01	47.100	89	89	95
Q9KJB6_conserved	ECM-1_conserved	9.320E-01	9.222E-01	8.670E-01	47.100	89	89	95
Q9KJB6_conserved	B5L5V0_conserved	9.320E-01	9.221E-01	8.670E-01	53.900	89	89	95
Q9KJB6_conserved	Q9JRP7_conserved	9.320E-01	9.222E-01	8.671E-01	47.100	89	89	95
Q9KJB6_conserved	AF-K4GMG9-F1-model_v6_conserved	9.289E-01	9.191E-01	8.641E-01	47.100	89	89	95
Q9KJB6_conserved	G5ELM3_conserved	9.302E-01	9.204E-01	8.654E-01	48.300	89	89	95
Q9KJB6_conserved	AF-A0A1L6K5Y8-F1-model_v4_conserved	9.308E-01	9.210E-01	8.662E-01	52.800	89	89	95
Q9KJB6_conserved	NWM_conserved	9.247E-01	9.149E-01	8.604E-01	48.300	89	89	95
Q9KJB6_conserved	AF-K4GMG4-F1-model_v4_conserved	9.187E-01	9.089E-01	8.632E-01	46.600	89	90	94
Q9KJB6_conserved	AF-A0A1L5BQA7-F1-model_v4_conserved	9.263E-01	9.068E-01	8.613E-01	49.400	89	89	94
Q9KJB6_conserved	B3SU1_conserved	9.165E-01	9.069E-01	8.534E-01	51.600	89	89	95
Q9KJB6_conserved	AF-Q6D395-F1-model_v4_conserved	8.774E-01	8.501E-01	8.162E-01	45.000	89	91	93
AF-K4GMG4-F1-model_v4_conserved	AF-K4GMG4-F1-model_v4_conserved	1.011E+00	1.000E+00	1.000E+00	100.000	94	94	94
AF-K4GMG4-F1-model_v4_conserved	AF-A0A1L6K5Z9-F1-model_v4_conserved	9.879E-01	9.672E-01	9.572E-01	78.400	94	93	95
AF-K4GMG4-F1-model_v4_conserved	ECM-1_conserved	9.867E-01	9.660E-01	9.559E-01	74.400	94	94	95
AF-K4GMG4-F1-model_v4_conserved	AF-K4GMF9-F1-model_v4_conserved	9.859E-01	9.652E-01	9.551E-01	77.600	94	94	95
AF-K4GMG4-F1-model_v4_conserved	A0A386JBC5_conserved	9.796E-01	9.592E-01	9.592E-01	77.400	94	93	94
AF-K4GMG4-F1-model_v4_conserved	B3SU1_conserved	9.754E-01	9.551E-01	9.452E-01	75.200	94	93	95
AF-K4GMG4-F1-model_v4_conserved	AF-K4GMK0-F1-model_v4_conserved	9.757E-01	9.554E-01	9.456E-01	73.400	94	94	95
AF-K4GMG4-F1-model_v4_conserved	AF-K4GMG9-F1-model_v6_conserved	9.766E-01	9.563E-01	9.465E-01	75.200	94	93	95
AF-K4GMG4-F1-model_v4_conserved	NWM_conserved	9.754E-01	9.552E-01	9.454E-01	79.500	94	93	95
AF-K4GMG4-F1-model_v4_conserved	G5ELM3_conserved	9.664E-01	9.465E-01	9.368E-01	63.400	94	93	95
AF-K4GMG4-F1-model_v4_conserved	PJM-1_conserved	9.636E-01	9.437E-01	9.341E-01	66.600	94	93	95
AF-K4GMG4-F1-model_v4_conserved	AF-A0A1L6K5Z8-F1-model_v4_conserved	9.589E-01	9.392E-01	9.392E-01	63.400	94	93	94
AF-K4GMG4-F1-model_v4_conserved	GRD33_conserved	9.581E-01	9.384E-01	9.384E-01	65.500	94	93	94
AF-K4GMG4-F1-model_v4_conserved	B5L5V0_conserved	9.595E-01	9.399E-01	9.303E-01	66.600	94	93	95
AF-K4GMG4-F1-model_v4_conserved	B5DCA0_conserved	9.577E-01	9.381E-01	9.286E-01	66.600	94	93	95
AF-K4GMG4-F1-model_v4_conserved	THIN-B_conserved	9.562E-01	9.366E-01	9.270E-01	59.100	94	93	95
AF-K4GMG4-F1-model_v4_conserved	AF-A0A1L5BQA7-F1-model_v4_conserved	9.562E-01	9.269E-01	9.269E-01	59.100	94	93	94
AF-K4GMG4-F1-model_v4_conserved	A0A0C5LQ34_conserved	9.469E-01	9.178E-01	9.273E-01	53.700	94	93	93
AF-K4GMG4-F1-model_v4_conserved	B5L5V3_conserved	9.464E-01	9.272E-01	9.179E-01	59.100	94	93	95
AF-K4GMG4-F1-model_v4_conserved	A0A0C5LDH9_conserved	9.451E-01	9.267E-01	9.174E-01	64.500	94	93	95
AF-K4GMG4-F1-model_v4_conserved	AF-A0A1L6K5Y8-F1-model_v4_conserved	9.441E-01	9.266E-01	9.173E-01	63.400	94	93	95
AF-K4GMG4-F1-model_v4_conserved	A0A059Q5E8_conserved	9.430E-01	9.239E-01	9.146E-01	62.300	94	93	95
AF-K4GMG4-F1-model_v4_conserved	AF-A8GGW7-F1-model_v4_conserved	9.344E-01	9.155E-01	9.063E-01	50.000	94	94	95
AF-K4GMG4-F1-model_v4_conserved	AF-A0A1L6K5X8-F1-model_v4_conserved	9.329E-01	9.141E-01	9.050E-01	52.100	94	94	95
AF-K4GMG4-F1-model_v4_conserved	AF-A0A4D6P0I4-F1-model_v4_conserved	9.318E-01	9.130E-01	9.039E-01	54.200	94	94	95
AF-K4GMG4-F1-model_v4_conserved	MBL1b_conserved	9.275E-01	9.088E-01	8.997E-01	49.400	94	93	95
AF-K4GMG4-F1-model_v4_conserved	Q8KKG1_conserved	9.275E-01	9.088E-01	8.997E-01	50.500	94	93	95
AF-K4GMG4-F1-model_v4_conserved	B3SU2_conserved	9.236E-01	9.050E-01	9.050E-01	48.900	94	94	94
AF-K4GMG4-F1-model_v4_conserved	U3U4Q6_conserved	9.257E-01	9.071E-01	8.981E-01	57.400	94	94	95
AF-K4GMG4-F1-model_v4_conserved	B5L5V2_conserved	9.206E-01	9.021E-01	8.931E-01	43.600	94	94	95
AF-K4GMG4-F1-model_v4_conserved	B5L5X0_conserved	9.213E-01	9.027E-01	8.938E-01	45.700	94	94	95
AF-K4GMG4-F1-model_v4_conserved	Q4JRB6_conserved	9.207E-01	9.022E-01	8.933E-01	44.600	94	94	95
AF-K4GMG4-F1-model_v4_conserved	Q9JRP7_conserved	9.222E-01	9.038E-01	8.949E-01	51.000	94	94	95
AF-K4GMG4-F1-model_v4_conserved	B5L5V9_conserved	9.190E-01	9.006E-01	8.916E-01	50.000	94	94	95
AF-K4GMG4-F1-model_v4_conserved	Q9RB00_conserved	9.190E-01	9.005E-01	8.916E-01	44.600	94	94	95
AF-K4GMG4-F1-model_v4_conserved	Q6V8J2_conserved	9.189E-01	9.005E-01	8.915E-01	44.600	94	94	95
AF-K4GMG4-F1-model_v4_conserved	Q5EEU4_conserved	9.186E-01	9.001E-01	8.912E-01	45.700	94	94	95
AF-K4GMG4-F1-model_v4_conserved	Q6DTI8_conserved	9.183E-01	8.999E-01	8.909E-01	44.600	94	94	95
AF-K4GMG4-F1-model_v4_conserved	Q6DTI5_conserved	9.183E-01	8.998E-01	8.909E-01	44.600	94	94	95
AF-K4GMG4-F1-model_v4_conserved	Q6DTI7_conserved	9.179E-01	8.995E-01	8.905E-01	44.600	94	94	95
AF-K4GMG4-F1-model_v4_conserved	B5L5W3_conserved	9.176E-01	8.992E-01	8.903E-01	39.300	94	94	95
AF-K4GMG4-F1-model_v4_conserved	B5L5V5_conserved	9.165E-01	8.981E-01	8.892E-01	42.500	94	94	95
AF-K4GMG4-F1-model_v4_conserved	A0A0C5LDD5_conserved	9.164E-01	8.980E-01	8.891E-01	43.600	94	94	95
AF-K4GMG4-F1-model_v4_conserved	Q9K578_conserved	9.203E-01	8.926E-01	8.926E-01	49.400	94	93	94
AF-K4GMG4-F1-model_v4_conserved	A0A0C5LQ44_conserved	9.157E-01	8.974E-01	8.885E-01	46.800	94	94	95
AF-K4GMG4-F1-model_v4_conserved	A0A0C5LDD9_conserved	9.217E-01	8.938E-01	8.849E-01	47.300	94	93	95
AF-K4GMG4-F1-model_v4_conserved	A0A0C5L392_conserved	9.180E-01	8.904E-01	8.904E-01	43.000	94	93	94
AF-K4GMG4-F1-model_v4_conserved	Q9KJB1_conserved	9.195E-01	8.639E-01	9.097E-01	46.600	94	90	89
AF-K4GMG4-F1-model_v4_conserved	Q9KJB2_conserved	9.188E-01	8.634E-01	9.091E-01	45.500	94	90	89
AF-K4GMG4-F1-model_v4_conserved	Q9KJB6_conserved	9.187E-01	8.632E-01	9.089E-01	46.600	94	90	89
AF-K4GMG4-F1-model_v4_conserved	Q9KJB4_conserved	9.186E-01	8.632E-01	9.089E-01	46.600	94	90	89
AF-K4GMG4-F1-model_v4_conserved	Q9KJB3_conserved	9.185E-01	8.630E-01	9.087E-01	46.600	94	90	89
AF-K4GMG4-F1-model_v4_conserved	Q9KJB5_conserved	9.185E-01	8.631E-01	9.088E-01	45.500	94	90	89
AF-K4GMG4-F1-model_v4_conserved	AF-A0A0D0GMS0-F1-model_v4_conserved	9.220E-01	8.756E-01	8.936E-01	47.200	94	91	92
AF-K4GMG4-F1-model_v4_conserved	AF-Q89GW5-F1-model_v4_conserved	8.956E-01	8.779E-01	8.693E-01	47.800	94	94	95
AF-K4GMG4-F1-model_v4_conserved	AF-Q6D395-F1-model_v4_conserved	8.744E-01	8.397E-01	8.481E-01	45.800	94	96	93
B5L5X0_conserved	B5L5X0_conserved	1.011E+00	1.000E+00	1.000E+00	100.000	95	95	95
B5L5X0_conserved	Q5EEU4_conserved	1.001E+00	9.796E-01	9.796E-01	86.100	95	94	95
B5L5X0_conserved	Q6DTI5_conserved	9.993E-01	9.784E-01	9.784E-01	87.200	95	94	95
B5L5X0_conserved	Q6DTI8_conserved	9.993E-01	9.784E-01	9.784E-01	87.200	95	94	95
B5L5X0_conserved	Q6DTI7_conserved	9.991E-01	9.782E-01	9.782E-01	87.200	95	94	95
B5L5X0_conserved	Q9RB00_conserved	9.991E-01	9.782E-01	9.782E-01	87.200	95	94	95
B5L5X0_conserved	Q6V8J2_conserved	9.990E-01	9.781E-01	9.781E-01	87.200	95	94	95
B5L5X0_conserved	Q4JRB6_conserved	9.985E-01	9.776E-01	9.776E-01	87.200	95	94	95
B5L5X0_conserved	A0A0C5LQ44_conserved	9.980E-01	9.772E-01	9.772E-01	86.100	95	94	95
B5L5X0_conserved	A0A0C5LDD5_conserved	9.977E-01	9.769E-01	9.769E-01	86.100	95	94	95
B5L5X0_conserved	A0A0C5L392_conserved	9.996E-01	9.682E-01	9.785E-01	87.000	95	93	94
B5L5X0_conserved	B5L5V5_conserved	9.926E-01	9.719E-01	9.719E-01	85.100	95	94	95
B5L5X0_conserved	A0A0C5LDD9_conserved	1.000E+00	9.690E-01	9.690E-01	90.300	95	93	95
B5L5X0_conserved	B5L5V9_conserved	9.916E-01	9.710E-01	9.710E-01	76.500	95	94	95
B5L5X0_conserved	Q9KJB5_conserved	1.007E+00	9.329E-01	9.955E-01	88.700	95	89	89
B5L5X0_conserved	Q9KJB6_conserved	1.007E+00	9.328E-01	9.954E-01	89.800	95	89	89
B5L5X0_conserved	Q9KJB3_conserved	1.007E+00	9.328E-01	9.954E-01	89.800	95	89	89
B5L5X0_conserved	Q9KJB1_conserved	1.007E+00	9.327E-01	9.953E-01	89.800	95	89	89
B5L5X0_conserved	AF-A0A0D0GMS0-F1-model_v4_conserved	1.001E+00	9.485E-01	9.792E-01	92.300	95	91	92
B5L5X0_conserved	Q9KJB4_conserved	1.007E+00	9.327E-01	9.953E-01	89.800	95	89	89
B5L5X0_conserved	Q9KJB2_conserved	1.006E+00	9.324E-01	9.949E-01	88.700	95	89	89
B5L5X0_conserved	B5L5V2_conserved	9.837E-01	9.634E-01	9.634E-01	71.200	95	94	95
B5L5X0_conserved	B5L5W3_conserved	9.801E-01	9.599E-01	9.599E-01	69.100	95	94	95
B5L5X0_conserved	B3SU2_conserved	9.805E-01	9.503E-01	9.602E-01	65.500	95	93	94
B5L5X0_conserved	Q9K578_conserved	9.748E-01	9.351E-01	9.447E-01	63.000	95	92	94
B5L5X0_conserved	A0A0C5LQ34_conserved	9.555E-01	9.169E-01	9.358E-01	61.200	95	93	93
B5L5X0_conserved	AF-A8GGW7-F1-model_v4_conserved	9.539E-01	9.252E-01	9.252E-01	51.600	95	93	95
B5L5X0_conserved	Q8KKG1_conserved	9.487E-01	9.199E-01	9.199E-01	51.600	95	93	95
B5L5X0_conserved	MBL1b_conserved	9.467E-01	9.180E-01	9.180E-01	51.600	95	93	95
B5L5X0_conserved	GRD33_conserved	9.383E-01	9.104E-01	9.195E-01	50.500	95	93	94
B5L5X0_conserved	AF-A0A1L6K5Z8-F1-model_v4_conserved	9.381E-01	9.102E-01	9.193E-01	48.300	95	93	94
B5L5X0_conserved	THIN-B_conserved	9.372E-01	9.092E-01	9.092E-01	47.300	95	93	95
B5L5X0_conserved	AF-Q89GW5-F1-model_v4_conserved	9.333E-01	9.053E-01	9.053E-01	55.300	95	94	95
B5L5X0_conserved	AF-A0A4D6P0I4-F1-model_v4_conserved	9.354E-01	9.075E-01	9.075E-01	46.200	95	93	95
B5L5X0_conserved	AF-A0A1L6K5X8-F1-model_v4_conserved	9.344E-01	9.069E-01	9.069E-01	46.200	95	93	95
B5L5X0_conserved	ECM-1_conserved	9.335E-01	9.056E-01	9.056E-01	44.000	95	93	95
B5L5X0_conserved	AF-A0A1L6K5Z9-F1-model_v4_conserved	9.322E-01	9.043E-01	9.043E-01	49.400	95	93	95
B5L5X0_conserved	A0A0C5LDH9_conserved	9.334E-01	9.056E-01	9.056E-01	51.600	95	93	95
B5L5X0_conserved	PJM-1_conserved	9.339E-01	9.061E-01	9.061E-01	44.000	95	93	95
B5L5X0_conserved	AF-K4GMF9-F1-model_v4_conserved	9.319E-01	9.041E-01	9.041E-01	45.100	95	93	95
B5L5X0_conserved	B5L5V3_conserved	9.330E-01	9.052E-01	9.052E-01	51.600	95	93	95
B5L5X0_conserved	A0A059Q5E8_conserved	9.312E-01	9.036E-01	9.036E-01	51.600	95	93	95
B5L5X0_conserved	Q9JRP7_conserved	9.295E-01	9.018E-01	9.018E-01	45.100	95	93	95
B5L5X0_conserved	B5DCA0_conserved	9.294E-01	9.018E-01	9.018E-01	44.000	95	93	95
B5L5X0_conserved	A0A386JBC5_conserved	9.235E-01	8.961E-01	9.050E-01	49.400	95	93	94
B5L5X0_conserved	U3U4Q6_conserved	9.267E-01	8.990E-01	8.990E-01	44.600	95	94	95
B5L5X0_conserved	AF-K4GMG4-F1-model_v4_conserved	9.213E-01	8.938E-01	9.027E-01	45.700	95	94	94
B5L5X0_conserved	AF-K4GMK0-F1-model_v4_conserved	9.231E-01	8.956E-01	8.956E-01	48.300	95	93	95
B5L5X0_conserved	G5ELM3_conserved	9.242E-01	8.968E-01	8.968E-01	43.000	95	93	95
B5L5X0_conserved	AF-A0A1L6K5Y8-F1-model_v4_conserved	9.167E-01	8.987E-01	8.987E-01	50.000	95	94	95
B5L5X0_conserved	B5L5V0_conserved	9.224E-01	8.949E-01	8.949E-01	50.500	95	93	95
B5L5X0_conserved	AF-K4GMG9-F1-model_v6_conserved	9.211E-01	8.937E-01	8.937E-01	45.100	95	93	95
B5L5X0_conserved	NWM_conserved	9.197E-01	8.924E-01	8.924E-01	46.200	95	93	95
B5L5X0_conserved	B3SU1_conserved	9.198E-01	8.927E-01	8.927E-01	48.300	95	93	95
B5L5X0_conserved	AF-A0A1L5BQA7-F1-model_v4_conserved	9.197E-01	8.834E-01	8.922E-01	47.300	95	93	94
B5L5X0_conserved	AF-Q6D395-F1-model_v4_conserved	8.811E-01	8.381E-01	8.548E-01	42.100	95	95	93
NWM_conserved	NWM_conserved	1.011E+00	1.000E+00	1.000E+00	100.000	95	95	95
NWM_conserved	AF-K4GMG9-F1-model_v6_conserved	9.923E-01	9.614E-01	9.614E-01	78.400	95	93	95
NWM_conserved	AF-K4GMK0-F1-model_v4_conserved	9.888E-01	9.582E-01	9.582E-01	70.900	95	93	95
NWM_conserved	A0A386JBC5_conserved	9.836E-01	9.532E-01	9.631E-01	76.300	95	93	94
NWM_conserved	AF-A0A1L6K5Z9-F1-model_v4_conserved	9.859E-01	9.555E-01	9.555E-01	80.600	95	93	95
NWM_conserved	AF-K4GMF9-F1-model_v4_conserved	9.851E-01	9.547E-01	9.547E-01	80.600	95	93	95
NWM_conserved	ECM-1_conserved	9.839E-01	9.535E-01	9.535E-01	79.500	95	93	95
NWM_conserved	AF-K4GMG4-F1-model_v4_conserved	9.754E-01	9.454E-01	9.552E-01	79.500	95	93	94
NWM_conserved	B5L5V0_conserved	9.793E-01	9.492E-01	9.492E-01	70.900	95	93	95
NWM_conserved	G5ELM3_conserved	9.791E-01	9.491E-01	9.491E-01	66.600	95	93	95
NWM_conserved	B3SU1_conserved	9.736E-01	9.437E-01	9.437E-01	80.600	95	93	95
NWM_conserved	PJM-1_conserved	9.693E-01	9.396E-01	9.396E-01	68.800	95	93	95
NWM_conserved	B5DCA0_conserved	9.692E-01	9.395E-01	9.395E-01	69.800	95	93	95
NWM_conserved	AF-A0A1L6K5Z8-F1-model_v4_conserved	9.646E-01	9.352E-01	9.448E-01	67.700	95	93	94
NWM_conserved	AF-A0A1L5BQA7-F1-model_v4_conserved	9.728E-01	9.330E-01	9.426E-01	60.200	95	93	94
NWM_conserved	AF-A0A1L6K5Y8-F1-model_v4_conserved	9.668E-01	9.373E-01	9.373E-01	67.700	95	93	95
NWM_conserved	GRD33_conserved	9.607E-01	9.314E-01	9.410E-01	69.800	95	93	94
NWM_conserved	A0A0C5LDH9_conserved	9.643E-01	9.349E-01	9.349E-01	69.800	95	93	95
NWM_conserved	THIN-B_conserved	9.643E-01	9.349E-01	9.349E-01	64.500	95	93	95
NWM_conserved	B5L5V3_conserved	9.638E-01	9.345E-01	9.345E-01	65.500	95	93	95
NWM_conserved	A0A059Q5E8_conserved	9.628E-01	9.336E-01	9.336E-01	68.800	95	93	95
NWM_conserved	A0A0C5LQ34_conserved	9.466E-01	9.084E-01	9.271E-01	55.900	95	93	93
NWM_conserved	AF-A8GGW7-F1-model_v4_conserved	9.434E-01	9.150E-01	9.150E-01	51.600	95	93	95
NWM_conserved	AF-A0A4D6P0I4-F1-model_v4_conserved	9.394E-01	9.110E-01	9.110E-01	57.400	95	94	95
NWM_conserved	AF-A0A1L6K5X8-F1-model_v4_conserved	9.385E-01	9.102E-01	9.102E-01	57.400	95	94	95
NWM_conserved	U3U4Q6_conserved	9.368E-01	9.086E-01	9.086E-01	60.600	95	94	95
NWM_conserved	Q9JRP7_conserved	9.331E-01	9.051E-01	9.051E-01	54.200	95	94	95
NWM_conserved	Q8KKG1_conserved	9.339E-01	9.060E-01	9.060E-01	51.600	95	93	95
NWM_conserved	MBL1b_conserved	9.329E-01	9.049E-01	9.049E-01	50.000	95	94	95
NWM_conserved	B3SU2_conserved	9.295E-01	9.018E-01	9.109E-01	48.300	95	93	94
NWM_conserved	B5L5V2_conserved	9.236E-01	8.961E-01	8.961E-01	46.200	95	93	95
NWM_conserved	B5L5W3_conserved	9.238E-01	8.963E-01	8.963E-01	44.000	95	93	95
NWM_conserved	Q9K578_conserved	9.265E-01	8.898E-01	8.987E-01	48.900	95	92	94
NWM_conserved	Q4JRB6_conserved	9.216E-01	8.942E-01	8.942E-01	46.200	95	93	95
NWM_conserved	B5L5V9_conserved	9.201E-01	8.929E-01	8.929E-01	48.300	95	93	95
NWM_conserved	B5L5X0_conserved	9.197E-01	8.924E-01	8.924E-01	46.200	95	93	95
NWM_conserved	Q6V8J2_conserved	9.186E-01	8.913E-01	8.913E-01	46.200	95	93	95
NWM_conserved	Q9RB00_conserved	9.178E-01	8.907E-01	8.907E-01	46.200	95	93	95
NWM_conserved	Q5EEU4_conserved	9.180E-01	8.909E-01	8.909E-01	47.300	95	93	95
NWM_conserved	Q6DTI8_conserved	9.176E-01	8.904E-01	8.904E-01	46.200	95	93	95
NWM_conserved	Q9KJB1_conserved	9.250E-01	8.607E-01	9.152E-01	48.300	95	89	89
NWM_conserved	AF-A0A0D0GMS0-F1-model_v4_conserved	9.286E-01	8.731E-01	9.000E-01	46.600	95	90	92
NWM_conserved	Q6DTI5_conserved	9.171E-01	8.899E-01	8.899E-01	46.200	95	93	95
NWM_conserved	Q9KJB5_conserved	9.248E-01	8.605E-01	9.150E-01	47.100	95	89	89
NWM_conserved	Q9KJB6_conserved	9.247E-01	8.604E-01	9.149E-01	48.300	95	89	89
NWM_conserved	Q9KJB4_conserved	9.247E-01	8.604E-01	9.150E-01	48.300	95	89	89
NWM_conserved	Q6DTI7_conserved	9.169E-01	8.897E-01	8.897E-01	46.200	95	93	95
NWM_conserved	Q9KJB3_conserved	9.246E-01	8.603E-01	9.148E-01	48.300	95	89	89
NWM_conserved	Q9KJB2_conserved	9.247E-01	8.605E-01	9.150E-01	47.100	95	89	89
NWM_conserved	AF-Q89GW5-F1-model_v4_conserved	9.150E-01	8.878E-01	8.878E-01	51.000	95	94	95
NWM_conserved	B5L5V5_conserved	9.150E-01	8.880E-01	8.880E-01	44.000	95	93	95
NWM_conserved	A0A0C5LDD5_conserved	9.148E-01	8.878E-01	8.878E-01	44.000	95	93	95
NWM_conserved	A0A0C5L392_conserved	9.185E-01	8.822E-01	8.910E-01	43.400	95	92	94
NWM_conserved	A0A0C5LQ44_conserved	9.140E-01	8.870E-01	8.870E-01	47.300	95	93	95
NWM_conserved	A0A0C5LDD9_conserved	9.208E-01	8.844E-01	8.844E-01	46.700	95	92	95
NWM_conserved	AF-Q6D395-F1-model_v4_conserved	8.790E-01	8.357E-01	8.525E-01	47.900	95	96	93
Q9RB00_conserved	Q9RB00_conserved	1.011E+00	1.000E+00	1.000E+00	100.000	95	95	95
Q9RB00_conserved	Q6DTI7_conserved	1.009E+00	9.986E-01	9.986E-01	100.000	95	95	95
Q9RB00_conserved	Q6V8J2_conserved	1.007E+00	9.967E-01	9.967E-01	98.900	95	95	95
Q9RB00_conserved	Q5EEU4_conserved	1.005E+00	9.947E-01	9.947E-01	97.800	95	95	95
Q9RB00_conserved	A0A0C5LQ44_conserved	1.006E+00	9.954E-01	9.954E-01	92.600	95	95	95
Q9RB00_conserved	A0A0C5LDD5_conserved	1.006E+00	9.953E-01	9.953E-01	92.600	95	95	95
Q9RB00_conserved	Q6DTI5_conserved	1.011E+00	9.892E-01	9.892E-01	100.000	95	94	95
Q9RB00_conserved	Q6DTI8_conserved	1.010E+00	9.892E-01	9.892E-01	98.900	95	94	95
Q9RB00_conserved	Q4JRB6_conserved	1.001E+00	9.903E-01	9.903E-01	100.000	95	95	95
Q9RB00_conserved	A0A0C5L392_conserved	1.003E+00	9.816E-01	9.920E-01	91.400	95	94	94
Q9RB00_conserved	B5L5X0_conserved	9.991E-01	9.782E-01	9.782E-01	87.200	95	94	95
Q9RB00_conserved	B5L5V5_conserved	9.987E-01	9.778E-01	9.778E-01	88.200	95	94	95
Q9RB00_conserved	A0A0C5LDD9_conserved	1.007E+00	9.751E-01	9.751E-01	90.300	95	93	95
Q9RB00_conserved	B5L5V9_conserved	9.983E-01	9.775E-01	9.775E-01	76.500	95	94	95
Q9RB00_conserved	Q9KJB4_conserved	1.011E+00	9.366E-01	9.998E-01	100.000	95	89	89
Q9RB00_conserved	Q9KJB3_conserved	1.011E+00	9.366E-01	9.997E-01	100.000	95	89	89
Q9RB00_conserved	Q9KJB6_conserved	1.011E+00	9.365E-01	9.997E-01	100.000	95	89	89
Q9RB00_conserved	Q9KJB5_conserved	1.011E+00	9.365E-01	9.996E-01	98.800	95	89	89
Q9RB00_conserved	Q9KJB2_conserved	1.011E+00	9.364E-01	9.995E-01	98.800	95	89	89
Q9RB00_conserved	Q9KJB1_conserved	1.011E+00	9.364E-01	9.994E-01	100.000	95	89	89
Q9RB00_conserved	AF-A0A0D0GMS0-F1-model_v4_conserved	1.005E+00	9.526E-01	9.835E-01	90.100	95	91	92
Q9RB00_conserved	B5L5V2_conserved	9.852E-01	9.649E-01	9.649E-01	69.100	95	94	95
Q9RB00_conserved	B5L5W3_conserved	9.824E-01	9.621E-01	9.621E-01	64.800	95	94	95
Q9RB00_conserved	B3SU2_conserved	9.759E-01	9.461E-01	9.558E-01	62.300	95	93	94
Q9RB00_conserved	Q9K578_conserved	9.707E-01	9.313E-01	9.408E-01	64.100	95	92	94
Q9RB00_conserved	A0A0C5LQ34_conserved	9.498E-01	9.116E-01	9.303E-01	59.100	95	93	93
Q9RB00_conserved	AF-A8GGW7-F1-model_v4_conserved	9.499E-01	9.215E-01	9.215E-01	50.500	95	93	95
Q9RB00_conserved	Q8KKG1_conserved	9.434E-01	9.149E-01	9.149E-01	50.500	95	93	95
Q9RB00_conserved	MBL1b_conserved	9.416E-01	9.132E-01	9.132E-01	50.500	95	93	95
Q9RB00_conserved	AF-Q89GW5-F1-model_v4_conserved	9.311E-01	9.031E-01	9.031E-01	54.200	95	94	95
Q9RB00_conserved	AF-A0A1L6K5Z8-F1-model_v4_conserved	9.321E-01	9.045E-01	9.135E-01	49.400	95	93	94
Q9RB00_conserved	GRD33_conserved	9.316E-01	9.040E-01	9.130E-01	51.600	95	93	94
Q9RB00_conserved	THIN-B_conserved	9.331E-01	9.054E-01	9.054E-01	46.200	95	93	95
Q9RB00_conserved	ECM-1_conserved	9.302E-01	9.025E-01	9.025E-01	45.100	95	93	95
Q9RB00_conserved	AF-A0A1L6K5Z9-F1-model_v4_conserved	9.297E-01	9.020E-01	9.020E-01	49.400	95	93	95
Q9RB00_conserved	AF-K4GMF9-F1-model_v4_conserved	9.289E-01	9.012E-01	9.012E-01	47.300	95	93	95
Q9RB00_conserved	A0A0C5LDH9_conserved	9.289E-01	9.013E-01	9.013E-01	50.500	95	93	95
Q9RB00_conserved	PJM-1_conserved	9.288E-01	9.013E-01	9.013E-01	45.100	95	93	95
Q9RB00_conserved	AF-A0A4D6P0I4-F1-model_v4_conserved	9.280E-01	9.005E-01	9.005E-01	46.200	95	93	95
Q9RB00_conserved	A0A386JBC5_conserved	9.224E-01	8.950E-01	9.039E-01	48.300	95	93	94
Q9RB00_conserved	B5L5V3_conserved	9.284E-01	9.009E-01	9.009E-01	51.600	95	93	95
Q9RB00_conserved	AF-A0A1L6K5X8-F1-model_v4_conserved	9.274E-01	8.999E-01	8.999E-01	45.100	95	93	95
Q9RB00_conserved	A0A059Q5E8_conserved	9.272E-01	8.997E-01	8.997E-01	51.600	95	93	95
Q9RB00_conserved	AF-K4GMG4-F1-model_v4_conserved	9.190E-01	8.916E-01	9.005E-01	44.600	95	94	94
Q9RB00_conserved	AF-K4GMK0-F1-model_v4_conserved	9.215E-01	8.941E-01	8.941E-01	48.300	95	93	95
Q9RB00_conserved	B5DCA0_conserved	9.243E-01	8.970E-01	8.970E-01	45.100	95	93	95
Q9RB00_conserved	U3U4Q6_conserved	9.226E-01	8.953E-01	8.953E-01	45.100	95	93	95
Q9RB00_conserved	G5ELM3_conserved	9.219E-01	8.946E-01	8.946E-01	46.200	95	93	95
Q9RB00_conserved	AF-A0A1L6K5Y8-F1-model_v4_conserved	9.152E-01	8.973E-01	8.973E-01	51.000	95	94	95
Q9RB00_conserved	Q9JRP7_conserved	9.222E-01	8.949E-01	8.949E-01	45.100	95	93	95
Q9RB00_conserved	AF-K4GMG9-F1-model_v6_conserved	9.184E-01	8.912E-01	8.912E-01	45.100	95	93	95
Q9RB00_conserved	NWM_conserved	9.178E-01	8.907E-01	8.907E-01	46.200	95	93	95
Q9RB00_conserved	B5L5V0_conserved	9.171E-01	8.899E-01	8.899E-01	51.600	95	93	95
Q9RB00_conserved	B3SU1_conserved	9.161E-01	8.891E-01	8.891E-01	49.400	95	93	95
Q9RB00_conserved	AF-A0A1L5BQA7-F1-model_v4_conserved	9.154E-01	8.794E-01	8.881E-01	47.300	95	93	94
Q9RB00_conserved	AF-Q6D395-F1-model_v4_conserved	8.772E-01	8.346E-01	8.511E-01	43.100	95	95	93
AF-K4GMK0-F1-model_v4_conserved	AF-K4GMK0-F1-model_v4_conserved	1.011E+00	1.000E+00	1.000E+00	100.000	95	95	95
AF-K4GMK0-F1-model_v4_conserved	A0A386JBC5_conserved	9.964E-01	9.654E-01	9.755E-01	75.200	95	93	94
AF-K4GMK0-F1-model_v4_conserved	AF-K4GMG9-F1-model_v6_conserved	9.987E-01	9.675E-01	9.675E-01	83.800	95	93	95
AF-K4GMK0-F1-model_v4_conserved	AF-A0A1L6K5Z9-F1-model_v4_conserved	9.946E-01	9.636E-01	9.636E-01	79.500	95	93	95
AF-K4GMK0-F1-model_v4_conserved	NWM_conserved	9.888E-01	9.582E-01	9.582E-01	70.900	95	93	95
AF-K4GMK0-F1-model_v4_conserved	AF-K4GMF9-F1-model_v4_conserved	9.877E-01	9.571E-01	9.571E-01	73.100	95	93	95
AF-K4GMK0-F1-model_v4_conserved	B5L5V0_conserved	9.864E-01	9.558E-01	9.558E-01	66.600	95	93	95
AF-K4GMK0-F1-model_v4_conserved	ECM-1_conserved	9.850E-01	9.546E-01	9.546E-01	74.100	95	93	95
AF-K4GMK0-F1-model_v4_conserved	G5ELM3_conserved	9.841E-01	9.537E-01	9.537E-01	62.300	95	93	95
AF-K4GMK0-F1-model_v4_conserved	AF-K4GMG4-F1-model_v4_conserved	9.757E-01	9.456E-01	9.554E-01	73.400	95	94	94
AF-K4GMK0-F1-model_v4_conserved	AF-A0A1L5BQA7-F1-model_v4_conserved	9.768E-01	9.368E-01	9.465E-01	58.000	95	93	94
AF-K4GMK0-F1-model_v4_conserved	A0A0C5LDH9_conserved	9.711E-01	9.413E-01	9.413E-01	64.500	95	93	95
AF-K4GMK0-F1-model_v4_conserved	B5DCA0_conserved	9.712E-01	9.413E-01	9.413E-01	70.900	95	93	95
AF-K4GMK0-F1-model_v4_conserved	PJM-1_conserved	9.709E-01	9.411E-01	9.411E-01	70.900	95	93	95
AF-K4GMK0-F1-model_v4_conserved	AF-A0A1L6K5Y8-F1-model_v4_conserved	9.706E-01	9.408E-01	9.408E-01	64.500	95	93	95
AF-K4GMK0-F1-model_v4_conserved	B3SU1_conserved	9.714E-01	9.416E-01	9.416E-01	72.000	95	93	95
AF-K4GMK0-F1-model_v4_conserved	THIN-B_conserved	9.696E-01	9.398E-01	9.398E-01	62.300	95	93	95
AF-K4GMK0-F1-model_v4_conserved	A0A059Q5E8_conserved	9.694E-01	9.397E-01	9.397E-01	64.500	95	93	95
AF-K4GMK0-F1-model_v4_conserved	B5L5V3_conserved	9.685E-01	9.388E-01	9.388E-01	59.100	95	93	95
AF-K4GMK0-F1-model_v4_conserved	AF-A0A1L6K5Z8-F1-model_v4_conserved	9.641E-01	9.346E-01	9.442E-01	65.500	95	93	94
AF-K4GMK0-F1-model_v4_conserved	GRD33_conserved	9.594E-01	9.302E-01	9.397E-01	64.500	95	93	94
AF-K4GMK0-F1-model_v4_conserved	A0A0C5LQ34_conserved	9.551E-01	9.162E-01	9.352E-01	60.200	95	93	93
AF-K4GMK0-F1-model_v4_conserved	AF-A8GGW7-F1-model_v4_conserved	9.524E-01	9.234E-01	9.234E-01	50.500	95	93	95
AF-K4GMK0-F1-model_v4_conserved	Q8KKG1_conserved	9.448E-01	9.161E-01	9.161E-01	58.000	95	93	95
AF-K4GMK0-F1-model_v4_conserved	MBL1b_conserved	9.432E-01	9.147E-01	9.147E-01	56.900	95	93	95
AF-K4GMK0-F1-model_v4_conserved	AF-A0A1L6K5X8-F1-model_v4_conserved	9.394E-01	9.110E-01	9.110E-01	57.400	95	94	95
AF-K4GMK0-F1-model_v4_conserved	B3SU2_conserved	9.363E-01	9.083E-01	9.174E-01	52.600	95	93	94
AF-K4GMK0-F1-model_v4_conserved	U3U4Q6_conserved	9.375E-01	9.092E-01	9.092E-01	60.600	95	94	95
AF-K4GMK0-F1-model_v4_conserved	AF-A0A4D6P0I4-F1-model_v4_conserved	9.341E-01	9.060E-01	9.060E-01	58.500	95	94	95
AF-K4GMK0-F1-model_v4_conserved	Q9JRP7_conserved	9.313E-01	9.033E-01	9.033E-01	55.300	95	94	95
AF-K4GMK0-F1-model_v4_conserved	Q9K578_conserved	9.360E-01	8.986E-01	9.076E-01	51.000	95	92	94
AF-K4GMK0-F1-model_v4_conserved	Q4JRB6_conserved	9.268E-01	8.991E-01	8.991E-01	48.300	95	93	95
AF-K4GMK0-F1-model_v4_conserved	Q9KJB1_conserved	9.330E-01	8.676E-01	9.231E-01	50.500	95	89	89
AF-K4GMK0-F1-model_v4_conserved	Q9KJB6_conserved	9.323E-01	8.670E-01	9.224E-01	50.500	95	89	89
AF-K4GMK0-F1-model_v4_conserved	Q9KJB4_conserved	9.323E-01	8.669E-01	9.223E-01	50.500	95	89	89
AF-K4GMK0-F1-model_v4_conserved	Q9KJB2_conserved	9.323E-01	8.670E-01	9.224E-01	49.400	95	89	89
AF-K4GMK0-F1-model_v4_conserved	Q9KJB5_conserved	9.322E-01	8.669E-01	9.223E-01	49.400	95	89	89
AF-K4GMK0-F1-model_v4_conserved	Q9KJB3_conserved	9.321E-01	8.668E-01	9.221E-01	50.500	95	89	89
AF-K4GMK0-F1-model_v4_conserved	B5L5X0_conserved	9.231E-01	8.956E-01	8.956E-01	48.300	95	93	95
AF-K4GMK0-F1-model_v4_conserved	B5L5V9_conserved	9.238E-01	8.963E-01	8.963E-01	47.300	95	93	95
AF-K4GMK0-F1-model_v4_conserved	B5L5W3_conserved	9.241E-01	8.966E-01	8.966E-01	45.100	95	93	95
AF-K4GMK0-F1-model_v4_conserved	B5L5V2_conserved	9.233E-01	8.957E-01	8.957E-01	47.300	95	93	95
AF-K4GMK0-F1-model_v4_conserved	AF-A0A0D0GMS0-F1-model_v4_conserved	9.351E-01	8.789E-01	9.062E-01	48.800	95	90	92
AF-K4GMK0-F1-model_v4_conserved	B5L5V5_conserved	9.217E-01	8.942E-01	8.942E-01	46.200	95	93	95
AF-K4GMK0-F1-model_v4_conserved	Q6V8J2_conserved	9.219E-01	8.945E-01	8.945E-01	48.300	95	93	95
AF-K4GMK0-F1-model_v4_conserved	Q5EEU4_conserved	9.218E-01	8.944E-01	8.944E-01	47.300	95	93	95
AF-K4GMK0-F1-model_v4_conserved	Q9RB00_conserved	9.215E-01	8.941E-01	8.941E-01	48.300	95	93	95
AF-K4GMK0-F1-model_v4_conserved	Q6DTI8_conserved	9.209E-01	8.935E-01	8.935E-01	48.300	95	93	95
AF-K4GMK0-F1-model_v4_conserved	Q6DTI5_conserved	9.208E-01	8.934E-01	8.934E-01	48.300	95	93	95
AF-K4GMK0-F1-model_v4_conserved	A0A0C5LDD9_conserved	9.279E-01	8.909E-01	8.909E-01	48.900	95	92	95
AF-K4GMK0-F1-model_v4_conserved	Q6DTI7_conserved	9.202E-01	8.928E-01	8.928E-01	48.300	95	93	95
AF-K4GMK0-F1-model_v4_conserved	A0A0C5LQ44_conserved	9.195E-01	8.921E-01	8.921E-01	48.300	95	93	95
AF-K4GMK0-F1-model_v4_conserved	A0A0C5L392_conserved	9.233E-01	8.866E-01	8.955E-01	45.600	95	92	94
AF-K4GMK0-F1-model_v4_conserved	A0A0C5LDD5_conserved	9.180E-01	8.907E-01	8.907E-01	46.200	95	93	95
AF-K4GMK0-F1-model_v4_conserved	AF-Q89GW5-F1-model_v4_conserved	9.154E-01	8.882E-01	8.882E-01	52.100	95	94	95
AF-K4GMK0-F1-model_v4_conserved	AF-Q6D395-F1-model_v4_conserved	8.843E-01	8.406E-01	8.575E-01	51.000	95	96	93
B5DCA0_conserved	B5DCA0_conserved	1.011E+00	1.000E+00	1.000E+00	100.000	95	95	95
B5DCA0_conserved	PJM-1_conserved	1.008E+00	9.764E-01	9.764E-01	96.700	95	93	95
B5DCA0_conserved	A0A0C5LDH9_conserved	9.868E-01	9.563E-01	9.563E-01	75.200	95	93	95
B5DCA0_conserved	A0A386JBC5_conserved	9.812E-01	9.508E-01	9.607E-01	69.800	95	93	94
B5DCA0_conserved	A0A059Q5E8_conserved	9.862E-01	9.557E-01	9.557E-01	70.900	95	93	95
B5DCA0_conserved	AF-A0A1L6K5Y8-F1-model_v4_conserved	9.856E-01	9.551E-01	9.551E-01	76.300	95	93	95
B5DCA0_conserved	AF-A0A1L6K5Z8-F1-model_v4_conserved	9.820E-01	9.517E-01	9.616E-01	76.300	95	93	94
B5DCA0_conserved	B5L5V0_conserved	9.834E-01	9.529E-01	9.529E-01	74.100	95	93	95
B5DCA0_conserved	AF-A0A1L6K5Z9-F1-model_v4_conserved	9.832E-01	9.528E-01	9.528E-01	76.300	95	93	95
B5DCA0_conserved	THIN-B_conserved	9.836E-01	9.532E-01	9.532E-01	72.000	95	93	95
B5DCA0_conserved	B5L5V3_conserved	9.836E-01	9.532E-01	9.532E-01	70.900	95	93	95
B5DCA0_conserved	GRD33_conserved	9.790E-01	9.489E-01	9.587E-01	75.200	95	93	94
B5DCA0_conserved	G5ELM3_conserved	9.763E-01	9.463E-01	9.463E-01	72.000	95	93	95
B5DCA0_conserved	AF-K4GMF9-F1-model_v4_conserved	9.725E-01	9.427E-01	9.427E-01	67.700	95	93	95
B5DCA0_conserved	AF-K4GMK0-F1-model_v4_conserved	9.712E-01	9.413E-01	9.413E-01	70.900	95	93	95
B5DCA0_conserved	AF-K4GMG9-F1-model_v6_conserved	9.705E-01	9.407E-01	9.407E-01	69.800	95	93	95
B5DCA0_conserved	ECM-1_conserved	9.697E-01	9.401E-01	9.401E-01	67.700	95	93	95
B5DCA0_conserved	NWM_conserved	9.692E-01	9.395E-01	9.395E-01	69.800	95	93	95
B5DCA0_conserved	AF-A0A1L5BQA7-F1-model_v4_conserved	9.719E-01	9.321E-01	9.418E-01	58.000	95	93	94
B5DCA0_conserved	A0A0C5LQ34_conserved	9.663E-01	9.269E-01	9.462E-01	53.700	95	93	93
B5DCA0_conserved	B3SU1_conserved	9.656E-01	9.361E-01	9.361E-01	69.800	95	93	95
B5DCA0_conserved	AF-K4GMG4-F1-model_v4_conserved	9.577E-01	9.286E-01	9.381E-01	66.600	95	93	94
B5DCA0_conserved	Q8KKG1_conserved	9.561E-01	9.271E-01	9.271E-01	53.700	95	93	95
B5DCA0_conserved	AF-A8GGW7-F1-model_v4_conserved	9.561E-01	9.272E-01	9.272E-01	53.700	95	93	95
B5DCA0_conserved	MBL1b_conserved	9.530E-01	9.241E-01	9.241E-01	52.600	95	93	95
B5DCA0_conserved	AF-A0A1L6K5X8-F1-model_v4_conserved	9.395E-01	9.112E-01	9.112E-01	60.600	95	94	95
B5DCA0_conserved	B3SU2_conserved	9.383E-01	9.104E-01	9.195E-01	50.500	95	93	94
B5DCA0_conserved	U3U4Q6_conserved	9.372E-01	9.090E-01	9.090E-01	59.500	95	94	95
B5DCA0_conserved	AF-A0A4D6P0I4-F1-model_v4_conserved	9.339E-01	9.058E-01	9.058E-01	56.300	95	94	95
B5DCA0_conserved	Q9JRP7_conserved	9.324E-01	9.045E-01	9.045E-01	56.300	95	94	95
B5DCA0_conserved	Q9K578_conserved	9.369E-01	8.997E-01	9.087E-01	50.000	95	92	94
B5DCA0_conserved	B5L5V2_conserved	9.295E-01	9.019E-01	9.019E-01	48.300	95	93	95
B5DCA0_conserved	AF-Q89GW5-F1-model_v4_conserved	9.278E-01	9.001E-01	9.001E-01	52.100	95	94	95
B5DCA0_conserved	B5L5X0_conserved	9.294E-01	9.018E-01	9.018E-01	44.000	95	93	95
B5DCA0_conserved	B5L5W3_conserved	9.293E-01	9.017E-01	9.017E-01	45.100	95	93	95
B5DCA0_conserved	AF-A0A0D0GMS0-F1-model_v4_conserved	9.407E-01	8.845E-01	9.118E-01	47.700	95	90	92
B5DCA0_conserved	Q4JRB6_conserved	9.287E-01	9.011E-01	9.011E-01	45.100	95	93	95
B5DCA0_conserved	B5L5V9_conserved	9.278E-01	9.003E-01	9.003E-01	47.300	95	93	95
B5DCA0_conserved	Q9KJB1_conserved	9.361E-01	8.711E-01	9.263E-01	47.100	95	89	89
B5DCA0_conserved	B5L5V5_conserved	9.261E-01	8.987E-01	8.987E-01	47.300	95	93	95
B5DCA0_conserved	Q9KJB5_conserved	9.354E-01	8.704E-01	9.255E-01	46.000	95	89	89
B5DCA0_conserved	Q9KJB4_conserved	9.353E-01	8.703E-01	9.254E-01	47.100	95	89	89
B5DCA0_conserved	Q9KJB6_conserved	9.353E-01	8.703E-01	9.255E-01	47.100	95	89	89
B5DCA0_conserved	Q9KJB3_conserved	9.351E-01	8.701E-01	9.253E-01	47.100	95	89	89
B5DCA0_conserved	Q9KJB2_conserved	9.350E-01	8.700E-01	9.251E-01	46.000	95	89	89
B5DCA0_conserved	Q5EEU4_conserved	9.262E-01	8.988E-01	8.988E-01	46.200	95	93	95
B5DCA0_conserved	A0A0C5LDD9_conserved	9.324E-01	8.954E-01	8.954E-01	45.600	95	92	95
B5DCA0_conserved	Q6V8J2_conserved	9.247E-01	8.974E-01	8.974E-01	45.100	95	93	95
B5DCA0_conserved	Q9RB00_conserved	9.243E-01	8.970E-01	8.970E-01	45.100	95	93	95
B5DCA0_conserved	Q6DTI8_conserved	9.240E-01	8.967E-01	8.967E-01	45.100	95	93	95
B5DCA0_conserved	A0A0C5L392_conserved	9.278E-01	8.912E-01	9.001E-01	42.300	95	92	94
B5DCA0_conserved	Q6DTI5_conserved	9.230E-01	8.958E-01	8.958E-01	45.100	95	93	95
B5DCA0_conserved	Q6DTI7_conserved	9.229E-01	8.957E-01	8.957E-01	45.100	95	93	95
B5DCA0_conserved	A0A0C5LQ44_conserved	9.226E-01	8.953E-01	8.953E-01	47.300	95	93	95
B5DCA0_conserved	A0A0C5LDD5_conserved	9.205E-01	8.933E-01	8.933E-01	44.000	95	93	95
B5DCA0_conserved	AF-Q6D395-F1-model_v4_conserved	8.778E-01	8.348E-01	8.515E-01	44.700	95	96	93
Q5EEU4_conserved	Q5EEU4_conserved	1.011E+00	1.000E+00	1.000E+00	100.000	95	95	95
Q5EEU4_conserved	Q6DTI7_conserved	1.008E+00	9.974E-01	9.974E-01	97.800	95	95	95
Q5EEU4_conserved	Q6V8J2_conserved	1.006E+00	9.954E-01	9.954E-01	96.800	95	95	95
Q5EEU4_conserved	Q9RB00_conserved	1.005E+00	9.947E-01	9.947E-01	97.800	95	95	95
Q5EEU4_conserved	Q4JRB6_conserved	1.002E+00	9.917E-01	9.917E-01	97.800	95	95	95
Q5EEU4_conserved	Q6DTI8_conserved	1.001E+00	9.907E-01	9.907E-01	97.800	95	95	95
Q5EEU4_conserved	A0A0C5LQ44_conserved	1.002E+00	9.912E-01	9.912E-01	91.500	95	95	95
Q5EEU4_conserved	Q6DTI5_conserved	1.010E+00	9.885E-01	9.885E-01	97.800	95	94	95
Q5EEU4_conserved	A0A0C5LDD5_conserved	1.000E+00	9.899E-01	9.899E-01	91.500	95	95	95
Q5EEU4_conserved	A0A0C5L392_conserved	1.003E+00	9.820E-01	9.924E-01	90.400	95	94	94
Q5EEU4_conserved	B5L5X0_conserved	1.001E+00	9.796E-01	9.796E-01	86.100	95	94	95
Q5EEU4_conserved	B5L5V5_conserved	1.000E+00	9.793E-01	9.793E-01	87.200	95	94	95
Q5EEU4_conserved	A0A0C5LDD9_conserved	1.008E+00	9.764E-01	9.764E-01	89.200	95	93	95
Q5EEU4_conserved	B5L5V9_conserved	9.992E-01	9.783E-01	9.783E-01	77.600	95	94	95
Q5EEU4_conserved	Q9KJB5_conserved	1.010E+00	9.358E-01	9.988E-01	96.600	95	89	89
Q5EEU4_conserved	Q9KJB6_conserved	1.010E+00	9.358E-01	9.988E-01	97.700	95	89	89
Q5EEU4_conserved	Q9KJB4_conserved	1.010E+00	9.358E-01	9.988E-01	97.700	95	89	89
Q5EEU4_conserved	Q9KJB3_conserved	1.010E+00	9.358E-01	9.988E-01	97.700	95	89	89
Q5EEU4_conserved	AF-A0A0D0GMS0-F1-model_v4_conserved	1.006E+00	9.533E-01	9.842E-01	89.000	95	91	92
Q5EEU4_conserved	Q9KJB1_conserved	1.010E+00	9.356E-01	9.986E-01	97.700	95	89	89
Q5EEU4_conserved	Q9KJB2_conserved	1.010E+00	9.355E-01	9.985E-01	96.600	95	89	89
Q5EEU4_conserved	B5L5V2_conserved	9.850E-01	9.647E-01	9.647E-01	70.200	95	94	95
Q5EEU4_conserved	B5L5W3_conserved	9.828E-01	9.625E-01	9.625E-01	63.800	95	94	95
Q5EEU4_conserved	B3SU2_conserved	9.784E-01	9.484E-01	9.582E-01	61.200	95	93	94
Q5EEU4_conserved	Q9K578_conserved	9.736E-01	9.339E-01	9.435E-01	63.000	95	92	94
Q5EEU4_conserved	A0A0C5LQ34_conserved	9.516E-01	9.132E-01	9.320E-01	58.000	95	93	93
Q5EEU4_conserved	AF-A8GGW7-F1-model_v4_conserved	9.521E-01	9.235E-01	9.235E-01	51.600	95	93	95
Q5EEU4_conserved	Q8KKG1_conserved	9.456E-01	9.170E-01	9.170E-01	49.400	95	93	95
Q5EEU4_conserved	MBL1b_conserved	9.439E-01	9.154E-01	9.154E-01	49.400	95	93	95
Q5EEU4_conserved	AF-Q89GW5-F1-model_v4_conserved	9.333E-01	9.052E-01	9.052E-01	53.100	95	94	95
Q5EEU4_conserved	AF-A0A1L6K5Z8-F1-model_v4_conserved	9.345E-01	9.068E-01	9.158E-01	50.500	95	93	94
Q5EEU4_conserved	GRD33_conserved	9.339E-01	9.062E-01	9.152E-01	52.600	95	93	94
Q5EEU4_conserved	THIN-B_conserved	9.356E-01	9.077E-01	9.077E-01	47.300	95	93	95
Q5EEU4_conserved	AF-A0A1L6K5Z9-F1-model_v4_conserved	9.307E-01	9.029E-01	9.029E-01	50.500	95	93	95
Q5EEU4_conserved	ECM-1_conserved	9.305E-01	9.028E-01	9.028E-01	44.000	95	93	95
Q5EEU4_conserved	A0A0C5LDH9_conserved	9.314E-01	9.037E-01	9.037E-01	51.600	95	93	95
Q5EEU4_conserved	AF-K4GMF9-F1-model_v4_conserved	9.292E-01	9.015E-01	9.015E-01	47.300	95	93	95
Q5EEU4_conserved	PJM-1_conserved	9.310E-01	9.034E-01	9.034E-01	46.200	95	93	95
Q5EEU4_conserved	B5L5V3_conserved	9.308E-01	9.032E-01	9.032E-01	52.600	95	93	95
Q5EEU4_conserved	AF-A0A4D6P0I4-F1-model_v4_conserved	9.298E-01	9.022E-01	9.022E-01	45.100	95	93	95
Q5EEU4_conserved	AF-A0A1L6K5X8-F1-model_v4_conserved	9.289E-01	9.014E-01	9.014E-01	44.000	95	93	95
Q5EEU4_conserved	A0A059Q5E8_conserved	9.293E-01	9.017E-01	9.017E-01	52.600	95	93	95
Q5EEU4_conserved	A0A386JBC5_conserved	9.229E-01	8.955E-01	9.045E-01	49.400	95	93	94
Q5EEU4_conserved	B5DCA0_conserved	9.262E-01	8.988E-01	8.988E-01	46.200	95	93	95
Q5EEU4_conserved	AF-K4GMG4-F1-model_v4_conserved	9.186E-01	8.912E-01	9.001E-01	45.700	95	94	94
Q5EEU4_conserved	AF-A0A1L6K5Y8-F1-model_v4_conserved	9.176E-01	8.996E-01	8.996E-01	52.100	95	94	95
Q5EEU4_conserved	U3U4Q6_conserved	9.244E-01	8.969E-01	8.969E-01	44.000	95	93	95
Q5EEU4_conserved	AF-K4GMK0-F1-model_v4_conserved	9.218E-01	8.944E-01	8.944E-01	47.300	95	93	95
Q5EEU4_conserved	Q9JRP7_conserved	9.239E-01	8.965E-01	8.965E-01	44.000	95	93	95
Q5EEU4_conserved	G5ELM3_conserved	9.229E-01	8.955E-01	8.955E-01	47.300	95	93	95
Q5EEU4_conserved	B5L5V0_conserved	9.194E-01	8.921E-01	8.921E-01	52.600	95	93	95
Q5EEU4_conserved	AF-K4GMG9-F1-model_v6_conserved	9.184E-01	8.912E-01	8.912E-01	45.100	95	93	95
Q5EEU4_conserved	NWM_conserved	9.180E-01	8.909E-01	8.909E-01	47.300	95	93	95
Q5EEU4_conserved	B3SU1_conserved	9.167E-01	8.897E-01	8.897E-01	50.500	95	93	95
Q5EEU4_conserved	AF-A0A1L5BQA7-F1-model_v4_conserved	9.173E-01	8.812E-01	8.900E-01	47.300	95	93	94
Q5EEU4_conserved	AF-Q6D395-F1-model_v4_conserved	8.769E-01	8.343E-01	8.508E-01	42.100	95	95	93
Q8KKG1_conserved	Q8KKG1_conserved	1.011E+00	1.000E+00	1.000E+00	100.000	95	95	95
Q8KKG1_conserved	MBL1b_conserved	9.992E-01	9.887E-01	9.887E-01	98.900	95	95	95
Q8KKG1_conserved	A0A0C5LQ34_conserved	9.910E-01	9.499E-01	9.700E-01	74.100	95	93	93
Q8KKG1_conserved	AF-A8GGW7-F1-model_v4_conserved	9.638E-01	9.343E-01	9.343E-01	53.700	95	93	95
Q8KKG1_conserved	B3SU2_conserved	9.549E-01	9.258E-01	9.353E-01	57.400	95	94	94
Q8KKG1_conserved	Q9K578_conserved	9.535E-01	9.244E-01	9.339E-01	58.900	95	95	94
Q8KKG1_conserved	AF-A0A1L6K5Z8-F1-model_v4_conserved	9.552E-01	9.263E-01	9.357E-01	55.900	95	93	94
Q8KKG1_conserved	AF-Q89GW5-F1-model_v4_conserved	9.560E-01	9.268E-01	9.268E-01	64.800	95	94	95
Q8KKG1_conserved	A0A0C5LDH9_conserved	9.570E-01	9.280E-01	9.280E-01	52.600	95	93	95
Q8KKG1_conserved	A0A059Q5E8_conserved	9.570E-01	9.280E-01	9.280E-01	57.400	95	94	95
Q8KKG1_conserved	B5DCA0_conserved	9.561E-01	9.271E-01	9.271E-01	53.700	95	93	95
Q8KKG1_conserved	A0A386JBC5_conserved	9.500E-01	9.211E-01	9.305E-01	55.900	95	93	94
Q8KKG1_conserved	PJM-1_conserved	9.557E-01	9.267E-01	9.267E-01	53.700	95	93	95
Q8KKG1_conserved	B5L5V3_conserved	9.557E-01	9.268E-01	9.268E-01	59.100	95	93	95
Q8KKG1_conserved	AF-A0A1L6K5Z9-F1-model_v4_conserved	9.529E-01	9.239E-01	9.239E-01	58.000	95	93	95
Q8KKG1_conserved	GRD33_conserved	9.510E-01	9.222E-01	9.316E-01	58.000	95	93	94
Q8KKG1_conserved	THIN-B_conserved	9.531E-01	9.242E-01	9.242E-01	59.100	95	93	95
Q8KKG1_conserved	Q9KJB1_conserved	9.578E-01	8.895E-01	9.474E-01	52.800	95	89	89
Q8KKG1_conserved	B5L5V0_conserved	9.484E-01	9.196E-01	9.196E-01	61.200	95	93	95
Q8KKG1_conserved	B5L5X0_conserved	9.487E-01	9.199E-01	9.199E-01	51.600	95	93	95
Q8KKG1_conserved	Q9KJB6_conserved	9.567E-01	8.886E-01	9.464E-01	52.800	95	89	89
Q8KKG1_conserved	Q9KJB2_conserved	9.568E-01	8.887E-01	9.464E-01	51.600	95	89	89
Q8KKG1_conserved	Q9KJB4_conserved	9.567E-01	8.886E-01	9.463E-01	52.800	95	89	89
Q8KKG1_conserved	Q9KJB3_conserved	9.566E-01	8.885E-01	9.463E-01	52.800	95	89	89
Q8KKG1_conserved	Q9KJB5_conserved	9.565E-01	8.884E-01	9.461E-01	52.800	95	89	89
Q8KKG1_conserved	B5L5V9_conserved	9.469E-01	9.188E-01	9.188E-01	50.500	95	93	95
Q8KKG1_conserved	Q4JRB6_conserved	9.471E-01	9.184E-01	9.184E-01	50.500	95	93	95
Q8KKG1_conserved	AF-K4GMG9-F1-model_v6_conserved	9.465E-01	9.178E-01	9.178E-01	53.700	95	93	95
Q8KKG1_conserved	G5ELM3_conserved	9.470E-01	9.184E-01	9.184E-01	56.900	95	93	95
Q8KKG1_conserved	AF-A0A0D0GMS0-F1-model_v4_conserved	9.594E-01	9.008E-01	9.292E-01	53.300	95	90	92
Q8KKG1_conserved	B5L5V2_conserved	9.467E-01	9.180E-01	9.180E-01	46.800	95	94	95
Q8KKG1_conserved	B5L5V5_conserved	9.455E-01	9.168E-01	9.168E-01	49.400	95	93	95
Q8KKG1_conserved	A0A0C5LDD9_conserved	9.542E-01	9.155E-01	9.155E-01	51.000	95	92	95
Q8KKG1_conserved	AF-A0A1L6K5Y8-F1-model_v4_conserved	9.472E-01	9.186E-01	9.186E-01	56.900	95	93	95
Q8KKG1_conserved	AF-K4GMK0-F1-model_v4_conserved	9.448E-01	9.161E-01	9.161E-01	58.000	95	93	95
Q8KKG1_conserved	Q5EEU4_conserved	9.456E-01	9.170E-01	9.170E-01	49.400	95	93	95
Q8KKG1_conserved	AF-K4GMF9-F1-model_v4_conserved	9.459E-01	9.173E-01	9.173E-01	49.400	95	93	95
Q8KKG1_conserved	B5L5W3_conserved	9.456E-01	9.170E-01	9.170E-01	45.700	95	94	95
Q8KKG1_conserved	Q6V8J2_conserved	9.444E-01	9.158E-01	9.158E-01	50.500	95	93	95
Q8KKG1_conserved	A0A0C5L392_conserved	9.476E-01	9.093E-01	9.186E-01	50.000	95	92	94
Q8KKG1_conserved	AF-A0A1L5BQA7-F1-model_v4_conserved	9.481E-01	9.098E-01	9.191E-01	56.900	95	93	94
Q8KKG1_conserved	A0A0C5LQ44_conserved	9.428E-01	9.143E-01	9.143E-01	50.500	95	93	95
Q8KKG1_conserved	Q9RB00_conserved	9.434E-01	9.149E-01	9.149E-01	50.500	95	93	95
Q8KKG1_conserved	ECM-1_conserved	9.432E-01	9.147E-01	9.147E-01	50.500	95	93	95
Q8KKG1_conserved	Q6DTI8_conserved	9.428E-01	9.143E-01	9.143E-01	50.500	95	93	95
Q8KKG1_conserved	Q6DTI5_conserved	9.427E-01	9.142E-01	9.142E-01	50.500	95	93	95
Q8KKG1_conserved	A0A0C5LDD5_conserved	9.414E-01	9.129E-01	9.129E-01	49.400	95	93	95
Q8KKG1_conserved	Q6DTI7_conserved	9.422E-01	9.138E-01	9.138E-01	50.500	95	93	95
Q8KKG1_conserved	AF-A0A1L6K5X8-F1-model_v4_conserved	9.366E-01	9.083E-01	9.083E-01	50.000	95	94	95
Q8KKG1_conserved	AF-A0A4D6P0I4-F1-model_v4_conserved	9.345E-01	9.063E-01	9.063E-01	52.600	95	93	95
Q8KKG1_conserved	Q9JRP7_conserved	9.352E-01	9.070E-01	9.070E-01	47.300	95	93	95
Q8KKG1_conserved	U3U4Q6_conserved	9.344E-01	9.061E-01	9.061E-01	48.900	95	94	95
Q8KKG1_conserved	NWM_conserved	9.339E-01	9.060E-01	9.060E-01	51.600	95	93	95
Q8KKG1_conserved	AF-K4GMG4-F1-model_v4_conserved	9.275E-01	8.997E-01	9.088E-01	50.500	95	93	94
Q8KKG1_conserved	B3SU1_conserved	9.315E-01	9.037E-01	9.037E-01	52.600	95	93	95
Q8KKG1_conserved	AF-Q6D395-F1-model_v4_conserved	8.922E-01	8.482E-01	8.653E-01	52.600	95	95	93
A0A386JBC5_conserved	A0A386JBC5_conserved	1.011E+00	1.000E+00	1.000E+00	100.000	94	94	94
A0A386JBC5_conserved	AF-A0A1L6K5Z9-F1-model_v4_conserved	1.001E+00	9.800E-01	9.698E-01	87.000	94	93	95
A0A386JBC5_conserved	AF-K4GMK0-F1-model_v4_conserved	9.964E-01	9.755E-01	9.654E-01	75.200	94	93	95
A0A386JBC5_conserved	AF-K4GMF9-F1-model_v4_conserved	9.944E-01	9.735E-01	9.634E-01	77.400	94	93	95
A0A386JBC5_conserved	AF-K4GMG9-F1-model_v6_conserved	9.938E-01	9.729E-01	9.628E-01	78.400	94	93	95
A0A386JBC5_conserved	ECM-1_conserved	9.923E-01	9.715E-01	9.615E-01	77.400	94	93	95
A0A386JBC5_conserved	B5L5V0_conserved	9.890E-01	9.684E-01	9.584E-01	73.100	94	93	95
A0A386JBC5_conserved	AF-K4GMG4-F1-model_v4_conserved	9.796E-01	9.592E-01	9.592E-01	77.400	94	93	94
A0A386JBC5_conserved	NWM_conserved	9.836E-01	9.631E-01	9.532E-01	76.300	94	93	95
A0A386JBC5_conserved	B5DCA0_conserved	9.812E-01	9.607E-01	9.508E-01	69.800	94	93	95
A0A386JBC5_conserved	G5ELM3_conserved	9.823E-01	9.619E-01	9.521E-01	67.700	94	93	95
A0A386JBC5_conserved	PJM-1_conserved	9.798E-01	9.594E-01	9.496E-01	70.900	94	93	95
A0A386JBC5_conserved	B3SU1_conserved	9.780E-01	9.578E-01	9.479E-01	75.200	94	93	95
A0A386JBC5_conserved	AF-A0A1L6K5Y8-F1-model_v4_conserved	9.753E-01	9.551E-01	9.453E-01	69.800	94	93	95
A0A386JBC5_conserved	A0A0C5LDH9_conserved	9.755E-01	9.552E-01	9.454E-01	70.900	94	93	95
A0A386JBC5_conserved	B5L5V3_conserved	9.754E-01	9.552E-01	9.454E-01	67.700	94	93	95
A0A386JBC5_conserved	THIN-B_conserved	9.733E-01	9.531E-01	9.433E-01	67.700	94	93	95
A0A386JBC5_conserved	A0A059Q5E8_conserved	9.744E-01	9.542E-01	9.444E-01	72.000	94	93	95
A0A386JBC5_conserved	AF-A0A1L6K5Z8-F1-model_v4_conserved	9.688E-01	9.488E-01	9.488E-01	66.600	94	93	94
A0A386JBC5_conserved	GRD33_conserved	9.658E-01	9.459E-01	9.459E-01	68.800	94	93	94
A0A386JBC5_conserved	AF-A0A1L5BQA7-F1-model_v4_conserved	9.743E-01	9.441E-01	9.441E-01	59.100	94	93	94
A0A386JBC5_conserved	A0A0C5LQ34_conserved	9.596E-01	9.299E-01	9.396E-01	61.200	94	93	93
A0A386JBC5_conserved	Q8KKG1_conserved	9.500E-01	9.305E-01	9.211E-01	55.900	94	93	95
A0A386JBC5_conserved	MBL1b_conserved	9.473E-01	9.280E-01	9.186E-01	54.800	94	93	95
A0A386JBC5_conserved	AF-A8GGW7-F1-model_v4_conserved	9.471E-01	9.278E-01	9.185E-01	53.700	94	93	95
A0A386JBC5_conserved	B3SU2_conserved	9.364E-01	9.175E-01	9.175E-01	51.600	94	93	94
A0A386JBC5_conserved	AF-A0A1L6K5X8-F1-model_v4_conserved	9.353E-01	9.163E-01	9.071E-01	52.100	94	94	95
A0A386JBC5_conserved	U3U4Q6_conserved	9.330E-01	9.142E-01	9.050E-01	56.300	94	94	95
A0A386JBC5_conserved	AF-A0A4D6P0I4-F1-model_v4_conserved	9.313E-01	9.124E-01	9.033E-01	55.300	94	94	95
A0A386JBC5_conserved	Q9K578_conserved	9.358E-01	9.075E-01	9.075E-01	55.400	94	92	94
A0A386JBC5_conserved	Q9JRP7_conserved	9.301E-01	9.114E-01	9.023E-01	50.000	94	94	95
A0A386JBC5_conserved	B5L5W3_conserved	9.283E-01	9.097E-01	9.006E-01	46.200	94	93	95
A0A386JBC5_conserved	B5L5V2_conserved	9.269E-01	9.083E-01	8.993E-01	48.300	94	93	95
A0A386JBC5_conserved	Q4JRB6_conserved	9.271E-01	9.085E-01	8.995E-01	48.300	94	93	95
A0A386JBC5_conserved	B5L5V9_conserved	9.268E-01	9.082E-01	8.992E-01	49.400	94	93	95
A0A386JBC5_conserved	Q9KJB1_conserved	9.342E-01	8.776E-01	9.242E-01	50.500	94	89	89
A0A386JBC5_conserved	Q9KJB6_conserved	9.335E-01	8.770E-01	9.235E-01	50.500	94	89	89
A0A386JBC5_conserved	Q9KJB5_conserved	9.334E-01	8.769E-01	9.235E-01	51.600	94	89	89
A0A386JBC5_conserved	Q9KJB3_conserved	9.333E-01	8.768E-01	9.234E-01	50.500	94	89	89
A0A386JBC5_conserved	Q9KJB4_conserved	9.334E-01	8.769E-01	9.235E-01	50.500	94	89	89
A0A386JBC5_conserved	Q9KJB2_conserved	9.331E-01	8.767E-01	9.232E-01	49.400	94	89	89
A0A386JBC5_conserved	AF-A0A0D0GMS0-F1-model_v4_conserved	9.360E-01	8.888E-01	9.071E-01	48.800	94	90	92
A0A386JBC5_conserved	B5L5X0_conserved	9.235E-01	9.050E-01	8.961E-01	49.400	94	93	95
A0A386JBC5_conserved	Q6V8J2_conserved	9.230E-01	9.046E-01	8.956E-01	48.300	94	93	95
A0A386JBC5_conserved	Q5EEU4_conserved	9.229E-01	9.045E-01	8.955E-01	49.400	94	93	95
A0A386JBC5_conserved	AF-Q89GW5-F1-model_v4_conserved	9.217E-01	9.032E-01	8.942E-01	51.000	94	94	95
A0A386JBC5_conserved	Q9RB00_conserved	9.224E-01	9.039E-01	8.950E-01	48.300	94	93	95
A0A386JBC5_conserved	Q6DTI8_conserved	9.222E-01	9.038E-01	8.948E-01	48.300	94	93	95
A0A386JBC5_conserved	Q6DTI5_conserved	9.219E-01	9.035E-01	8.945E-01	48.300	94	93	95
A0A386JBC5_conserved	B5L5V5_conserved	9.211E-01	9.027E-01	8.938E-01	46.200	94	93	95
A0A386JBC5_conserved	Q6DTI7_conserved	9.215E-01	9.031E-01	8.941E-01	48.300	94	93	95
A0A386JBC5_conserved	A0A0C5L392_conserved	9.248E-01	8.970E-01	8.970E-01	47.800	94	92	94
A0A386JBC5_conserved	A0A0C5LDD9_conserved	9.280E-01	9.001E-01	8.911E-01	48.900	94	92	95
A0A386JBC5_conserved	A0A0C5LQ44_conserved	9.193E-01	9.010E-01	8.921E-01	50.500	94	93	95
A0A386JBC5_conserved	A0A0C5LDD5_conserved	9.187E-01	9.003E-01	8.914E-01	47.300	94	93	95
A0A386JBC5_conserved	AF-Q6D395-F1-model_v4_conserved	8.827E-01	8.476E-01	8.561E-01	47.900	94	96	93
AF-A0A0D0GMS0-F1-model_v4_conserved	AF-A0A0D0GMS0-F1-model_v4_conserved	1.011E+00	1.000E+00	1.000E+00	100.000	92	92	92
AF-A0A0D0GMS0-F1-model_v4_conserved	Q9KJB1_conserved	1.007E+00	9.636E-01	9.960E-01	91.000	92	89	89
AF-A0A0D0GMS0-F1-model_v4_conserved	Q9KJB5_conserved	1.007E+00	9.635E-01	9.959E-01	89.800	92	89	89
AF-A0A0D0GMS0-F1-model_v4_conserved	Q9KJB6_conserved	1.007E+00	9.634E-01	9.957E-01	91.000	92	89	89
AF-A0A0D0GMS0-F1-model_v4_conserved	Q9KJB3_conserved	1.007E+00	9.632E-01	9.956E-01	91.000	92	89	89
AF-A0A0D0GMS0-F1-model_v4_conserved	Q9KJB4_conserved	1.007E+00	9.631E-01	9.955E-01	91.000	92	89	89
AF-A0A0D0GMS0-F1-model_v4_conserved	Q9KJB2_conserved	1.006E+00	9.629E-01	9.952E-01	89.800	92	89	89
AF-A0A0D0GMS0-F1-model_v4_conserved	A0A0C5L392_conserved	1.006E+00	9.843E-01	9.634E-01	87.900	92	91	94
AF-A0A0D0GMS0-F1-model_v4_conserved	A0A0C5LDD9_conserved	1.008E+00	9.857E-01	9.547E-01	93.400	92	91	95
AF-A0A0D0GMS0-F1-model_v4_conserved	B5L5V5_conserved	1.006E+00	9.844E-01	9.534E-01	89.000	92	91	95
AF-A0A0D0GMS0-F1-model_v4_conserved	Q4JRB6_conserved	1.006E+00	9.844E-01	9.535E-01	90.100	92	91	95
AF-A0A0D0GMS0-F1-model_v4_conserved	Q5EEU4_conserved	1.006E+00	9.842E-01	9.533E-01	89.000	92	91	95
AF-A0A0D0GMS0-F1-model_v4_conserved	Q6DTI8_conserved	1.006E+00	9.839E-01	9.530E-01	90.100	92	91	95
AF-A0A0D0GMS0-F1-model_v4_conserved	Q6DTI5_conserved	1.006E+00	9.839E-01	9.530E-01	90.100	92	91	95
AF-A0A0D0GMS0-F1-model_v4_conserved	Q6DTI7_conserved	1.005E+00	9.837E-01	9.528E-01	90.100	92	91	95
AF-A0A0D0GMS0-F1-model_v4_conserved	Q6V8J2_conserved	1.005E+00	9.836E-01	9.527E-01	90.100	92	91	95
AF-A0A0D0GMS0-F1-model_v4_conserved	Q9RB00_conserved	1.005E+00	9.835E-01	9.526E-01	90.100	92	91	95
AF-A0A0D0GMS0-F1-model_v4_conserved	A0A0C5LQ44_conserved	1.005E+00	9.834E-01	9.525E-01	89.000	92	91	95
AF-A0A0D0GMS0-F1-model_v4_conserved	A0A0C5LDD5_conserved	1.004E+00	9.824E-01	9.516E-01	87.900	92	91	95
AF-A0A0D0GMS0-F1-model_v4_conserved	B5L5X0_conserved	1.001E+00	9.792E-01	9.485E-01	92.300	92	91	95
AF-A0A0D0GMS0-F1-model_v4_conserved	B5L5V9_conserved	1.002E+00	9.802E-01	9.495E-01	81.300	92	91	95
AF-A0A0D0GMS0-F1-model_v4_conserved	B5L5V2_conserved	9.931E-01	9.613E-01	9.314E-01	72.200	92	90	95
AF-A0A0D0GMS0-F1-model_v4_conserved	B5L5W3_conserved	9.911E-01	9.594E-01	9.296E-01	67.700	92	90	95
AF-A0A0D0GMS0-F1-model_v4_conserved	B3SU2_conserved	9.835E-01	9.522E-01	9.324E-01	67.700	92	90	94
AF-A0A0D0GMS0-F1-model_v4_conserved	Q9K578_conserved	9.799E-01	9.384E-01	9.190E-01	66.200	92	89	94
AF-A0A0D0GMS0-F1-model_v4_conserved	A0A0C5LQ34_conserved	9.628E-01	9.225E-01	9.129E-01	62.200	92	90	93
AF-A0A0D0GMS0-F1-model_v4_conserved	Q8KKG1_conserved	9.594E-01	9.292E-01	9.008E-01	53.300	92	90	95
AF-A0A0D0GMS0-F1-model_v4_conserved	AF-A8GGW7-F1-model_v4_conserved	9.627E-01	9.326E-01	9.043E-01	52.200	92	90	95
AF-A0A0D0GMS0-F1-model_v4_conserved	MBL1b_conserved	9.567E-01	9.266E-01	8.984E-01	53.300	92	90	95
AF-A0A0D0GMS0-F1-model_v4_conserved	AF-Q89GW5-F1-model_v4_conserved	9.489E-01	9.192E-01	8.913E-01	58.200	92	91	95
AF-A0A0D0GMS0-F1-model_v4_conserved	A0A0C5LDH9_conserved	9.494E-01	9.200E-01	8.923E-01	55.500	92	90	95
AF-A0A0D0GMS0-F1-model_v4_conserved	AF-A0A1L6K5Z8-F1-model_v4_conserved	9.440E-01	9.149E-01	8.964E-01	52.200	92	90	94
AF-A0A0D0GMS0-F1-model_v4_conserved	B5L5V3_conserved	9.469E-01	9.176E-01	8.901E-01	54.400	92	90	95
AF-A0A0D0GMS0-F1-model_v4_conserved	A0A059Q5E8_conserved	9.466E-01	9.174E-01	8.899E-01	54.400	92	90	95
AF-A0A0D0GMS0-F1-model_v4_conserved	THIN-B_conserved	9.433E-01	9.141E-01	8.866E-01	48.800	92	90	95
AF-A0A0D0GMS0-F1-model_v4_conserved	AF-A0A1L6K5X8-F1-model_v4_conserved	9.425E-01	9.133E-01	8.858E-01	47.700	92	90	95
AF-A0A0D0GMS0-F1-model_v4_conserved	GRD33_conserved	9.412E-01	9.122E-01	8.938E-01	54.400	92	90	94
AF-A0A0D0GMS0-F1-model_v4_conserved	AF-A0A1L6K5Z9-F1-model_v4_conserved	9.413E-01	9.120E-01	8.846E-01	50.000	92	90	95
AF-A0A0D0GMS0-F1-model_v4_conserved	AF-A0A4D6P0I4-F1-model_v4_conserved	9.417E-01	9.125E-01	8.850E-01	47.700	92	90	95
AF-A0A0D0GMS0-F1-model_v4_conserved	U3U4Q6_conserved	9.404E-01	9.117E-01	8.842E-01	46.600	92	90	95
AF-A0A0D0GMS0-F1-model_v4_conserved	PJM-1_conserved	9.417E-01	9.127E-01	8.854E-01	47.700	92	90	95
AF-A0A0D0GMS0-F1-model_v4_conserved	A0A386JBC5_conserved	9.360E-01	9.071E-01	8.888E-01	48.800	92	90	94
AF-A0A0D0GMS0-F1-model_v4_conserved	Q9JRP7_conserved	9.396E-01	9.105E-01	8.831E-01	47.700	92	90	95
AF-A0A0D0GMS0-F1-model_v4_conserved	B5DCA0_conserved	9.407E-01	9.118E-01	8.845E-01	47.700	92	90	95
AF-A0A0D0GMS0-F1-model_v4_conserved	AF-A0A1L6K5Y8-F1-model_v4_conserved	9.315E-01	9.125E-01	8.853E-01	53.800	92	91	95
AF-A0A0D0GMS0-F1-model_v4_conserved	AF-K4GMF9-F1-model_v4_conserved	9.378E-01	9.088E-01	8.815E-01	48.800	92	90	95
AF-A0A0D0GMS0-F1-model_v4_conserved	B5L5V0_conserved	9.375E-01	9.084E-01	8.812E-01	52.200	92	90	95
AF-A0A0D0GMS0-F1-model_v4_conserved	ECM-1_conserved	9.366E-01	9.077E-01	8.804E-01	44.400	92	90	95
AF-A0A0D0GMS0-F1-model_v4_conserved	AF-K4GMK0-F1-model_v4_conserved	9.351E-01	9.062E-01	8.789E-01	48.800	92	90	95
AF-A0A0D0GMS0-F1-model_v4_conserved	G5ELM3_conserved	9.348E-01	9.059E-01	8.788E-01	46.600	92	90	95
AF-A0A0D0GMS0-F1-model_v4_conserved	AF-K4GMG9-F1-model_v6_conserved	9.325E-01	9.036E-01	8.765E-01	45.500	92	90	95
AF-A0A0D0GMS0-F1-model_v4_conserved	NWM_conserved	9.286E-01	9.000E-01	8.731E-01	46.600	92	90	95
AF-A0A0D0GMS0-F1-model_v4_conserved	AF-K4GMG4-F1-model_v4_conserved	9.220E-01	8.936E-01	8.756E-01	47.200	92	91	94
AF-A0A0D0GMS0-F1-model_v4_conserved	AF-A0A1L5BQA7-F1-model_v4_conserved	9.316E-01	8.933E-01	8.753E-01	52.200	92	90	94
AF-A0A0D0GMS0-F1-model_v4_conserved	B3SU1_conserved	9.216E-01	8.934E-01	8.670E-01	50.000	92	90	95
AF-A0A0D0GMS0-F1-model_v4_conserved	AF-Q6D395-F1-model_v4_conserved	8.819E-01	8.374E-01	8.290E-01	43.400	92	92	93
AF-A0A1L6K5X8-F1-model_v4_conserved	AF-A0A1L6K5X8-F1-model_v4_conserved	1.011E+00	1.000E+00	1.000E+00	100.000	95	95	95
AF-A0A1L6K5X8-F1-model_v4_conserved	AF-A0A4D6P0I4-F1-model_v4_conserved	9.955E-01	9.747E-01	9.747E-01	76.500	95	94	95
AF-A0A1L6K5X8-F1-model_v4_conserved	Q9JRP7_conserved	9.925E-01	9.719E-01	9.719E-01	78.700	95	94	95
AF-A0A1L6K5X8-F1-model_v4_conserved	U3U4Q6_conserved	9.917E-01	9.711E-01	9.711E-01	79.700	95	94	95
AF-A0A1L6K5X8-F1-model_v4_conserved	AF-A8GGW7-F1-model_v4_conserved	9.630E-01	9.335E-01	9.335E-01	54.800	95	93	95
AF-A0A1L6K5X8-F1-model_v4_conserved	AF-A0A1L6K5Z8-F1-model_v4_conserved	9.507E-01	9.217E-01	9.312E-01	61.700	95	94	94
AF-A0A1L6K5X8-F1-model_v4_conserved	GRD33_conserved	9.470E-01	9.183E-01	9.276E-01	62.700	95	94	94
AF-A0A1L6K5X8-F1-model_v4_conserved	AF-K4GMG9-F1-model_v6_conserved	9.431E-01	9.145E-01	9.145E-01	56.300	95	94	95
AF-A0A1L6K5X8-F1-model_v4_conserved	A0A0C5LQ34_conserved	9.424E-01	9.045E-01	9.231E-01	58.000	95	93	93
AF-A0A1L6K5X8-F1-model_v4_conserved	B3SU2_conserved	9.417E-01	9.134E-01	9.227E-01	51.600	95	93	94
AF-A0A1L6K5X8-F1-model_v4_conserved	AF-K4GMK0-F1-model_v4_conserved	9.394E-01	9.110E-01	9.110E-01	57.400	95	94	95
AF-A0A1L6K5X8-F1-model_v4_conserved	MBL1b_conserved	9.387E-01	9.103E-01	9.103E-01	49.400	95	93	95
AF-A0A1L6K5X8-F1-model_v4_conserved	PJM-1_conserved	9.392E-01	9.108E-01	9.108E-01	61.700	95	94	95
AF-A0A1L6K5X8-F1-model_v4_conserved	B5DCA0_conserved	9.395E-01	9.112E-01	9.112E-01	60.600	95	94	95
AF-A0A1L6K5X8-F1-model_v4_conserved	A0A386JBC5_conserved	9.353E-01	9.071E-01	9.163E-01	52.100	95	94	94
AF-A0A1L6K5X8-F1-model_v4_conserved	AF-A0A1L5BQA7-F1-model_v4_conserved	9.428E-01	9.048E-01	9.140E-01	51.600	95	93	94
AF-A0A1L6K5X8-F1-model_v4_conserved	AF-A0A1L6K5Z9-F1-model_v4_conserved	9.378E-01	9.094E-01	9.094E-01	58.500	95	94	95
AF-A0A1L6K5X8-F1-model_v4_conserved	NWM_conserved	9.385E-01	9.102E-01	9.102E-01	57.400	95	94	95
AF-A0A1L6K5X8-F1-model_v4_conserved	Q8KKG1_conserved	9.366E-01	9.083E-01	9.083E-01	50.000	95	94	95
AF-A0A1L6K5X8-F1-model_v4_conserved	AF-K4GMF9-F1-model_v4_conserved	9.375E-01	9.092E-01	9.092E-01	54.200	95	94	95
AF-A0A1L6K5X8-F1-model_v4_conserved	THIN-B_conserved	9.374E-01	9.091E-01	9.091E-01	56.900	95	93	95
AF-A0A1L6K5X8-F1-model_v4_conserved	ECM-1_conserved	9.372E-01	9.090E-01	9.090E-01	56.300	95	94	95
AF-A0A1L6K5X8-F1-model_v4_conserved	A0A0C5LDH9_conserved	9.378E-01	9.096E-01	9.096E-01	55.300	95	94	95
AF-A0A1L6K5X8-F1-model_v4_conserved	B5L5V3_conserved	9.368E-01	9.087E-01	9.087E-01	56.300	95	94	95
AF-A0A1L6K5X8-F1-model_v4_conserved	AF-K4GMG4-F1-model_v4_conserved	9.329E-01	9.050E-01	9.141E-01	52.100	95	94	94
AF-A0A1L6K5X8-F1-model_v4_conserved	A0A059Q5E8_conserved	9.367E-01	9.086E-01	9.086E-01	54.200	95	94	95
AF-A0A1L6K5X8-F1-model_v4_conserved	B5L5X0_conserved	9.344E-01	9.069E-01	9.069E-01	46.200	95	93	95
AF-A0A1L6K5X8-F1-model_v4_conserved	AF-A0A1L6K5Y8-F1-model_v4_conserved	9.310E-01	9.030E-01	9.030E-01	59.500	95	94	95
AF-A0A1L6K5X8-F1-model_v4_conserved	Q9K578_conserved	9.383E-01	9.009E-01	9.100E-01	51.000	95	92	94
AF-A0A1L6K5X8-F1-model_v4_conserved	B5L5V0_conserved	9.301E-01	9.021E-01	9.021E-01	59.500	95	94	95
AF-A0A1L6K5X8-F1-model_v4_conserved	G5ELM3_conserved	9.294E-01	9.015E-01	9.015E-01	51.000	95	94	95
AF-A0A1L6K5X8-F1-model_v4_conserved	AF-A0A0D0GMS0-F1-model_v4_conserved	9.425E-01	8.858E-01	9.133E-01	47.700	95	90	92
AF-A0A1L6K5X8-F1-model_v4_conserved	Q4JRB6_conserved	9.313E-01	9.036E-01	9.036E-01	45.100	95	93	95
AF-A0A1L6K5X8-F1-model_v4_conserved	B5L5V5_conserved	9.291E-01	9.014E-01	9.014E-01	45.100	95	93	95
AF-A0A1L6K5X8-F1-model_v4_conserved	B5L5V9_conserved	9.293E-01	9.016E-01	9.016E-01	45.700	95	94	95
AF-A0A1L6K5X8-F1-model_v4_conserved	B5L5V2_conserved	9.298E-01	9.022E-01	9.022E-01	43.000	95	93	95
AF-A0A1L6K5X8-F1-model_v4_conserved	Q5EEU4_conserved	9.289E-01	9.014E-01	9.014E-01	44.000	95	93	95
AF-A0A1L6K5X8-F1-model_v4_conserved	A0A0C5LDD9_conserved	9.351E-01	8.978E-01	8.978E-01	47.800	95	92	95
AF-A0A1L6K5X8-F1-model_v4_conserved	Q6V8J2_conserved	9.282E-01	9.007E-01	9.007E-01	45.100	95	93	95
AF-A0A1L6K5X8-F1-model_v4_conserved	Q9RB00_conserved	9.274E-01	8.999E-01	8.999E-01	45.100	95	93	95
AF-A0A1L6K5X8-F1-model_v4_conserved	Q9KJB1_conserved	9.347E-01	8.695E-01	9.248E-01	47.100	95	89	89
AF-A0A1L6K5X8-F1-model_v4_conserved	Q9KJB2_conserved	9.345E-01	8.693E-01	9.246E-01	47.100	95	89	89
AF-A0A1L6K5X8-F1-model_v4_conserved	B5L5W3_conserved	9.269E-01	8.997E-01	8.997E-01	40.800	95	93	95
AF-A0A1L6K5X8-F1-model_v4_conserved	A0A0C5LQ44_conserved	9.265E-01	8.990E-01	8.990E-01	44.000	95	93	95
AF-A0A1L6K5X8-F1-model_v4_conserved	Q9KJB6_conserved	9.341E-01	8.690E-01	9.242E-01	47.100	95	89	89
AF-A0A1L6K5X8-F1-model_v4_conserved	Q9KJB4_conserved	9.341E-01	8.690E-01	9.242E-01	47.100	95	89	89
AF-A0A1L6K5X8-F1-model_v4_conserved	Q9KJB5_conserved	9.340E-01	8.689E-01	9.241E-01	46.000	95	89	89
AF-A0A1L6K5X8-F1-model_v4_conserved	Q9KJB3_conserved	9.340E-01	8.688E-01	9.241E-01	47.100	95	89	89
AF-A0A1L6K5X8-F1-model_v4_conserved	Q6DTI5_conserved	9.265E-01	8.991E-01	8.991E-01	45.100	95	93	95
AF-A0A1L6K5X8-F1-model_v4_conserved	Q6DTI8_conserved	9.264E-01	8.990E-01	8.990E-01	45.100	95	93	95
AF-A0A1L6K5X8-F1-model_v4_conserved	Q6DTI7_conserved	9.261E-01	8.987E-01	8.987E-01	45.100	95	93	95
AF-A0A1L6K5X8-F1-model_v4_conserved	A0A0C5LDD5_conserved	9.256E-01	8.982E-01	8.982E-01	44.000	95	93	95
AF-A0A1L6K5X8-F1-model_v4_conserved	A0A0C5L392_conserved	9.272E-01	8.905E-01	8.994E-01	43.400	95	92	94
AF-A0A1L6K5X8-F1-model_v4_conserved	B3SU1_conserved	9.207E-01	8.934E-01	8.934E-01	52.100	95	94	95
AF-A0A1L6K5X8-F1-model_v4_conserved	AF-Q89GW5-F1-model_v4_conserved	9.090E-01	8.820E-01	8.820E-01	49.400	95	95	95
AF-A0A1L6K5X8-F1-model_v4_conserved	AF-Q6D395-F1-model_v4_conserved	8.705E-01	8.281E-01	8.446E-01	44.700	95	96	93
AF-A0A1L6K5Z8-F1-model_v4_conserved	AF-A0A1L6K5Z8-F1-model_v4_conserved	1.011E+00	1.000E+00	1.000E+00	100.000	94	94	94
AF-A0A1L6K5Z8-F1-model_v4_conserved	GRD33_conserved	1.008E+00	9.864E-01	9.864E-01	94.600	94	93	94
AF-A0A1L6K5Z8-F1-model_v4_conserved	PJM-1_conserved	9.861E-01	9.655E-01	9.556E-01	77.400	94	93	95
AF-A0A1L6K5Z8-F1-model_v4_conserved	B5DCA0_conserved	9.820E-01	9.616E-01	9.517E-01	76.300	94	93	95
AF-A0A1L6K5Z8-F1-model_v4_conserved	A0A0C5LDH9_conserved	9.816E-01	9.612E-01	9.514E-01	72.000	94	93	95
AF-A0A1L6K5Z8-F1-model_v4_conserved	B5L5V3_conserved	9.813E-01	9.610E-01	9.512E-01	77.400	94	93	95
AF-A0A1L6K5Z8-F1-model_v4_conserved	AF-A0A1L6K5Z9-F1-model_v4_conserved	9.770E-01	9.567E-01	9.468E-01	72.000	94	93	95
AF-A0A1L6K5Z8-F1-model_v4_conserved	THIN-B_conserved	9.763E-01	9.561E-01	9.463E-01	75.200	94	93	95
AF-A0A1L6K5Z8-F1-model_v4_conserved	B5L5V0_conserved	9.755E-01	9.553E-01	9.455E-01	77.400	94	93	95
AF-A0A1L6K5Z8-F1-model_v4_conserved	AF-A0A1L6K5Y8-F1-model_v4_conserved	9.753E-01	9.551E-01	9.454E-01	78.400	94	93	95
AF-A0A1L6K5Z8-F1-model_v4_conserved	G5ELM3_conserved	9.746E-01	9.544E-01	9.446E-01	72.000	94	93	95
AF-A0A1L6K5Z8-F1-model_v4_conserved	A0A059Q5E8_conserved	9.754E-01	9.553E-01	9.456E-01	74.100	94	93	95
AF-A0A1L6K5Z8-F1-model_v4_conserved	A0A386JBC5_conserved	9.688E-01	9.488E-01	9.488E-01	66.600	94	93	94
AF-A0A1L6K5Z8-F1-model_v4_conserved	B3SU1_conserved	9.708E-01	9.508E-01	9.410E-01	66.600	94	93	95
AF-A0A1L6K5Z8-F1-model_v4_conserved	AF-K4GMF9-F1-model_v4_conserved	9.697E-01	9.497E-01	9.400E-01	61.200	94	93	95
AF-A0A1L6K5Z8-F1-model_v4_conserved	A0A0C5LQ34_conserved	9.687E-01	9.387E-01	9.485E-01	62.300	94	93	93
AF-A0A1L6K5Z8-F1-model_v4_conserved	ECM-1_conserved	9.675E-01	9.476E-01	9.379E-01	61.200	94	93	95
AF-A0A1L6K5Z8-F1-model_v4_conserved	AF-K4GMK0-F1-model_v4_conserved	9.641E-01	9.442E-01	9.346E-01	65.500	94	93	95
AF-A0A1L6K5Z8-F1-model_v4_conserved	AF-K4GMG4-F1-model_v4_conserved	9.589E-01	9.392E-01	9.392E-01	63.400	94	93	94
AF-A0A1L6K5Z8-F1-model_v4_conserved	NWM_conserved	9.646E-01	9.448E-01	9.352E-01	67.700	94	93	95
AF-A0A1L6K5Z8-F1-model_v4_conserved	AF-A0A1L5BQA7-F1-model_v4_conserved	9.684E-01	9.385E-01	9.385E-01	65.500	94	93	94
AF-A0A1L6K5Z8-F1-model_v4_conserved	AF-K4GMG9-F1-model_v6_conserved	9.632E-01	9.434E-01	9.337E-01	63.400	94	93	95
AF-A0A1L6K5Z8-F1-model_v4_conserved	AF-A8GGW7-F1-model_v4_conserved	9.573E-01	9.377E-01	9.283E-01	52.600	94	93	95
AF-A0A1L6K5Z8-F1-model_v4_conserved	Q8KKG1_conserved	9.552E-01	9.357E-01	9.263E-01	55.900	94	93	95
AF-A0A1L6K5Z8-F1-model_v4_conserved	MBL1b_conserved	9.549E-01	9.354E-01	9.260E-01	54.800	94	93	95
AF-A0A1L6K5Z8-F1-model_v4_conserved	AF-A0A1L6K5X8-F1-model_v4_conserved	9.507E-01	9.312E-01	9.217E-01	61.700	94	94	95
AF-A0A1L6K5Z8-F1-model_v4_conserved	AF-A0A4D6P0I4-F1-model_v4_conserved	9.480E-01	9.286E-01	9.192E-01	58.500	94	94	95
AF-A0A1L6K5Z8-F1-model_v4_conserved	U3U4Q6_conserved	9.441E-01	9.249E-01	9.155E-01	60.600	94	94	95
AF-A0A1L6K5Z8-F1-model_v4_conserved	B3SU2_conserved	9.446E-01	9.256E-01	9.256E-01	55.900	94	93	94
AF-A0A1L6K5Z8-F1-model_v4_conserved	Q9JRP7_conserved	9.424E-01	9.233E-01	9.140E-01	59.500	94	94	95
AF-A0A1L6K5Z8-F1-model_v4_conserved	B5L5V9_conserved	9.387E-01	9.199E-01	9.108E-01	48.300	94	93	95
AF-A0A1L6K5Z8-F1-model_v4_conserved	B5L5X0_conserved	9.381E-01	9.193E-01	9.102E-01	48.300	94	93	95
AF-A0A1L6K5Z8-F1-model_v4_conserved	B5L5V2_conserved	9.372E-01	9.184E-01	9.093E-01	50.500	94	93	95
AF-A0A1L6K5Z8-F1-model_v4_conserved	B5L5W3_conserved	9.367E-01	9.180E-01	9.089E-01	45.100	94	93	95
AF-A0A1L6K5Z8-F1-model_v4_conserved	Q9K578_conserved	9.408E-01	9.125E-01	9.125E-01	56.500	94	92	94
AF-A0A1L6K5Z8-F1-model_v4_conserved	Q4JRB6_conserved	9.365E-01	9.177E-01	9.086E-01	49.400	94	93	95
AF-A0A1L6K5Z8-F1-model_v4_conserved	Q5EEU4_conserved	9.345E-01	9.158E-01	9.068E-01	50.500	94	93	95
AF-A0A1L6K5Z8-F1-model_v4_conserved	B5L5V5_conserved	9.321E-01	9.135E-01	9.044E-01	49.400	94	93	95
AF-A0A1L6K5Z8-F1-model_v4_conserved	Q6V8J2_conserved	9.330E-01	9.144E-01	9.054E-01	49.400	94	93	95
AF-A0A1L6K5Z8-F1-model_v4_conserved	A0A0C5LDD9_conserved	9.396E-01	9.113E-01	9.023E-01	50.000	94	92	95
AF-A0A1L6K5Z8-F1-model_v4_conserved	AF-A0A0D0GMS0-F1-model_v4_conserved	9.440E-01	8.964E-01	9.149E-01	52.200	94	90	92
AF-A0A1L6K5Z8-F1-model_v4_conserved	Q9RB00_conserved	9.321E-01	9.135E-01	9.045E-01	49.400	94	93	95
AF-A0A1L6K5Z8-F1-model_v4_conserved	A0A0C5LDD5_conserved	9.316E-01	9.130E-01	9.040E-01	48.300	94	93	95
AF-A0A1L6K5Z8-F1-model_v4_conserved	Q6DTI8_conserved	9.317E-01	9.131E-01	9.041E-01	49.400	94	93	95
AF-A0A1L6K5Z8-F1-model_v4_conserved	A0A0C5LQ44_conserved	9.312E-01	9.126E-01	9.036E-01	51.600	94	93	95
AF-A0A1L6K5Z8-F1-model_v4_conserved	Q6DTI5_conserved	9.314E-01	9.128E-01	9.039E-01	49.400	94	93	95
AF-A0A1L6K5Z8-F1-model_v4_conserved	Q6DTI7_conserved	9.310E-01	9.125E-01	9.035E-01	49.400	94	93	95
AF-A0A1L6K5Z8-F1-model_v4_conserved	A0A0C5L392_conserved	9.336E-01	9.057E-01	9.057E-01	46.700	94	92	94
AF-A0A1L6K5Z8-F1-model_v4_conserved	Q9KJB1_conserved	9.367E-01	8.804E-01	9.268E-01	51.600	94	89	89
AF-A0A1L6K5Z8-F1-model_v4_conserved	Q9KJB6_conserved	9.363E-01	8.800E-01	9.264E-01	51.600	94	89	89
AF-A0A1L6K5Z8-F1-model_v4_conserved	Q9KJB4_conserved	9.361E-01	8.798E-01	9.262E-01	51.600	94	89	89
AF-A0A1L6K5Z8-F1-model_v4_conserved	Q9KJB5_conserved	9.361E-01	8.798E-01	9.262E-01	50.500	94	89	89
AF-A0A1L6K5Z8-F1-model_v4_conserved	Q9KJB3_conserved	9.358E-01	8.796E-01	9.260E-01	51.600	94	89	89
AF-A0A1L6K5Z8-F1-model_v4_conserved	Q9KJB2_conserved	9.359E-01	8.797E-01	9.260E-01	50.500	94	89	89
AF-A0A1L6K5Z8-F1-model_v4_conserved	AF-Q89GW5-F1-model_v4_conserved	9.172E-01	8.990E-01	8.902E-01	51.000	94	94	95
AF-A0A1L6K5Z8-F1-model_v4_conserved	AF-Q6D395-F1-model_v4_conserved	8.772E-01	8.425E-01	8.509E-01	46.800	94	96	93
AF-A8GGW7-F1-model_v4_conserved	AF-A8GGW7-F1-model_v4_conserved	1.011E+00	1.000E+00	1.000E+00	100.000	95	95	95
AF-A8GGW7-F1-model_v4_conserved	A0A0C5LQ34_conserved	9.741E-01	9.342E-01	9.537E-01	62.300	95	93	93
AF-A8GGW7-F1-model_v4_conserved	A0A059Q5E8_conserved	9.719E-01	9.421E-01	9.421E-01	63.400	95	93	95
AF-A8GGW7-F1-model_v4_conserved	THIN-B_conserved	9.671E-01	9.375E-01	9.375E-01	62.300	95	93	95
AF-A8GGW7-F1-model_v4_conserved	Q8KKG1_conserved	9.638E-01	9.343E-01	9.343E-01	53.700	95	93	95
AF-A8GGW7-F1-model_v4_conserved	B3SU2_conserved	9.638E-01	9.347E-01	9.442E-01	56.900	95	93	94
AF-A8GGW7-F1-model_v4_conserved	AF-A0A1L6K5X8-F1-model_v4_conserved	9.630E-01	9.335E-01	9.335E-01	54.800	95	93	95
AF-A8GGW7-F1-model_v4_conserved	MBL1b_conserved	9.629E-01	9.334E-01	9.334E-01	52.600	95	93	95
AF-A8GGW7-F1-model_v4_conserved	A0A0C5LDH9_conserved	9.645E-01	9.351E-01	9.351E-01	60.200	95	93	95
AF-A8GGW7-F1-model_v4_conserved	U3U4Q6_conserved	9.626E-01	9.331E-01	9.331E-01	50.500	95	93	95
AF-A8GGW7-F1-model_v4_conserved	B5L5V3_conserved	9.635E-01	9.342E-01	9.342E-01	60.200	95	93	95
AF-A8GGW7-F1-model_v4_conserved	AF-A0A4D6P0I4-F1-model_v4_conserved	9.606E-01	9.313E-01	9.313E-01	47.300	95	93	95
AF-A8GGW7-F1-model_v4_conserved	AF-A0A1L6K5Y8-F1-model_v4_conserved	9.598E-01	9.305E-01	9.305E-01	56.900	95	93	95
AF-A8GGW7-F1-model_v4_conserved	AF-A0A1L6K5Z8-F1-model_v4_conserved	9.573E-01	9.283E-01	9.377E-01	52.600	95	93	94
AF-A8GGW7-F1-model_v4_conserved	Q9K578_conserved	9.658E-01	9.268E-01	9.363E-01	61.900	95	92	94
AF-A8GGW7-F1-model_v4_conserved	GRD33_conserved	9.552E-01	9.263E-01	9.358E-01	55.900	95	93	94
AF-A8GGW7-F1-model_v4_conserved	Q9JRP7_conserved	9.562E-01	9.272E-01	9.272E-01	50.500	95	93	95
AF-A8GGW7-F1-model_v4_conserved	AF-A0A1L6K5Z9-F1-model_v4_conserved	9.549E-01	9.259E-01	9.259E-01	53.700	95	93	95
AF-A8GGW7-F1-model_v4_conserved	B5DCA0_conserved	9.561E-01	9.272E-01	9.272E-01	53.700	95	93	95
AF-A8GGW7-F1-model_v4_conserved	AF-K4GMK0-F1-model_v4_conserved	9.524E-01	9.234E-01	9.234E-01	50.500	95	93	95
AF-A8GGW7-F1-model_v4_conserved	PJM-1_conserved	9.552E-01	9.263E-01	9.263E-01	53.700	95	93	95
AF-A8GGW7-F1-model_v4_conserved	B5L5V0_conserved	9.521E-01	9.232E-01	9.232E-01	60.200	95	93	95
AF-A8GGW7-F1-model_v4_conserved	AF-A0A1L5BQA7-F1-model_v4_conserved	9.563E-01	9.175E-01	9.269E-01	47.300	95	93	94
AF-A8GGW7-F1-model_v4_conserved	G5ELM3_conserved	9.525E-01	9.236E-01	9.236E-01	49.400	95	93	95
AF-A8GGW7-F1-model_v4_conserved	Q4JRB6_conserved	9.556E-01	9.269E-01	9.269E-01	50.500	95	93	95
AF-A8GGW7-F1-model_v4_conserved	B5L5W3_conserved	9.546E-01	9.259E-01	9.259E-01	47.300	95	93	95
AF-A8GGW7-F1-model_v4_conserved	B5L5X0_conserved	9.539E-01	9.252E-01	9.252E-01	51.600	95	93	95
AF-A8GGW7-F1-model_v4_conserved	B5L5V2_conserved	9.541E-01	9.254E-01	9.254E-01	50.500	95	93	95
AF-A8GGW7-F1-model_v4_conserved	A0A386JBC5_conserved	9.471E-01	9.185E-01	9.278E-01	53.700	95	93	94
AF-A8GGW7-F1-model_v4_conserved	B5L5V5_conserved	9.519E-01	9.232E-01	9.232E-01	47.300	95	93	95
AF-A8GGW7-F1-model_v4_conserved	Q5EEU4_conserved	9.521E-01	9.235E-01	9.235E-01	51.600	95	93	95
AF-A8GGW7-F1-model_v4_conserved	AF-K4GMG9-F1-model_v6_conserved	9.478E-01	9.192E-01	9.192E-01	51.600	95	93	95
AF-A8GGW7-F1-model_v4_conserved	Q9KJB1_conserved	9.594E-01	8.917E-01	9.491E-01	51.600	95	89	89
AF-A8GGW7-F1-model_v4_conserved	AF-A0A0D0GMS0-F1-model_v4_conserved	9.627E-01	9.043E-01	9.326E-01	52.200	95	90	92
AF-A8GGW7-F1-model_v4_conserved	A0A0C5LDD9_conserved	9.581E-01	9.195E-01	9.195E-01	50.000	95	92	95
AF-A8GGW7-F1-model_v4_conserved	Q6V8J2_conserved	9.509E-01	9.223E-01	9.223E-01	50.500	95	93	95
AF-A8GGW7-F1-model_v4_conserved	Q9KJB2_conserved	9.588E-01	8.912E-01	9.485E-01	50.500	95	89	89
AF-A8GGW7-F1-model_v4_conserved	Q9KJB4_conserved	9.587E-01	8.911E-01	9.484E-01	51.600	95	89	89
AF-A8GGW7-F1-model_v4_conserved	Q9KJB5_conserved	9.583E-01	8.908E-01	9.481E-01	50.500	95	89	89
AF-A8GGW7-F1-model_v4_conserved	Q9KJB6_conserved	9.583E-01	8.908E-01	9.480E-01	51.600	95	89	89
AF-A8GGW7-F1-model_v4_conserved	Q9RB00_conserved	9.499E-01	9.215E-01	9.215E-01	50.500	95	93	95
AF-A8GGW7-F1-model_v4_conserved	Q9KJB3_conserved	9.582E-01	8.907E-01	9.479E-01	51.600	95	89	89
AF-A8GGW7-F1-model_v4_conserved	B5L5V9_conserved	9.500E-01	9.215E-01	9.215E-01	51.600	95	93	95
AF-A8GGW7-F1-model_v4_conserved	Q6DTI8_conserved	9.493E-01	9.209E-01	9.209E-01	50.500	95	93	95
AF-A8GGW7-F1-model_v4_conserved	Q6DTI5_conserved	9.492E-01	9.207E-01	9.207E-01	50.500	95	93	95
AF-A8GGW7-F1-model_v4_conserved	Q6DTI7_conserved	9.485E-01	9.201E-01	9.201E-01	50.500	95	93	95
AF-A8GGW7-F1-model_v4_conserved	A0A0C5LQ44_conserved	9.481E-01	9.197E-01	9.197E-01	51.600	95	93	95
AF-A8GGW7-F1-model_v4_conserved	AF-K4GMF9-F1-model_v4_conserved	9.461E-01	9.177E-01	9.177E-01	50.500	95	93	95
AF-A8GGW7-F1-model_v4_conserved	ECM-1_conserved	9.454E-01	9.170E-01	9.170E-01	49.400	95	93	95
AF-A8GGW7-F1-model_v4_conserved	A0A0C5LDD5_conserved	9.461E-01	9.178E-01	9.178E-01	49.400	95	93	95
AF-A8GGW7-F1-model_v4_conserved	NWM_conserved	9.434E-01	9.150E-01	9.150E-01	51.600	95	93	95
AF-A8GGW7-F1-model_v4_conserved	A0A0C5L392_conserved	9.503E-01	9.123E-01	9.215E-01	50.000	95	92	94
AF-A8GGW7-F1-model_v4_conserved	AF-K4GMG4-F1-model_v4_conserved	9.344E-01	9.063E-01	9.155E-01	50.000	95	94	94
AF-A8GGW7-F1-model_v4_conserved	AF-Q89GW5-F1-model_v4_conserved	9.401E-01	9.119E-01	9.119E-01	54.200	95	94	95
AF-A8GGW7-F1-model_v4_conserved	B3SU1_conserved	9.339E-01	9.060E-01	9.060E-01	50.500	95	93	95
AF-A8GGW7-F1-model_v4_conserved	AF-Q6D395-F1-model_v4_conserved	8.916E-01	8.475E-01	8.646E-01	40.000	95	95	93
AF-Q89GW5-F1-model_v4_conserved	AF-Q89GW5-F1-model_v4_conserved	1.011E+00	1.000E+00	1.000E+00	100.000	95	95	95
AF-Q89GW5-F1-model_v4_conserved	Q8KKG1_conserved	9.560E-01	9.268E-01	9.268E-01	64.800	95	94	95
AF-Q89GW5-F1-model_v4_conserved	A0A0C5LQ34_conserved	9.562E-01	9.177E-01	9.366E-01	64.500	95	93	93
AF-Q89GW5-F1-model_v4_conserved	MBL1b_conserved	9.510E-01	9.220E-01	9.220E-01	63.100	95	95	95
AF-Q89GW5-F1-model_v4_conserved	Q9KJB1_conserved	9.497E-01	8.824E-01	9.394E-01	56.600	95	90	89
AF-Q89GW5-F1-model_v4_conserved	Q9KJB5_conserved	9.495E-01	8.822E-01	9.392E-01	56.600	95	90	89
AF-Q89GW5-F1-model_v4_conserved	Q9KJB2_conserved	9.493E-01	8.820E-01	9.391E-01	55.500	95	90	89
AF-Q89GW5-F1-model_v4_conserved	Q9KJB3_conserved	9.492E-01	8.820E-01	9.390E-01	56.600	95	90	89
AF-Q89GW5-F1-model_v4_conserved	Q9KJB6_conserved	9.492E-01	8.819E-01	9.390E-01	56.600	95	90	89
AF-Q89GW5-F1-model_v4_conserved	Q9KJB4_conserved	9.490E-01	8.818E-01	9.388E-01	56.600	95	90	89
AF-Q89GW5-F1-model_v4_conserved	AF-A8GGW7-F1-model_v4_conserved	9.401E-01	9.119E-01	9.119E-01	54.200	95	94	95
AF-Q89GW5-F1-model_v4_conserved	B5L5W3_conserved	9.372E-01	9.090E-01	9.090E-01	48.900	95	94	95
AF-Q89GW5-F1-model_v4_conserved	AF-A0A0D0GMS0-F1-model_v4_conserved	9.489E-01	8.913E-01	9.192E-01	58.200	95	91	92
AF-Q89GW5-F1-model_v4_conserved	B5L5V2_conserved	9.367E-01	9.086E-01	9.086E-01	52.100	95	94	95
AF-Q89GW5-F1-model_v4_conserved	A0A059Q5E8_conserved	9.372E-01	9.091E-01	9.091E-01	51.000	95	94	95
AF-Q89GW5-F1-model_v4_conserved	Q4JRB6_conserved	9.341E-01	9.060E-01	9.060E-01	54.200	95	94	95
AF-Q89GW5-F1-model_v4_conserved	B5L5X0_conserved	9.333E-01	9.053E-01	9.053E-01	55.300	95	94	95
AF-Q89GW5-F1-model_v4_conserved	Q5EEU4_conserved	9.333E-01	9.052E-01	9.052E-01	53.100	95	94	95
AF-Q89GW5-F1-model_v4_conserved	B3SU2_conserved	9.318E-01	9.040E-01	9.131E-01	60.600	95	94	94
AF-Q89GW5-F1-model_v4_conserved	Q6V8J2_conserved	9.324E-01	9.043E-01	9.043E-01	54.200	95	94	95
AF-Q89GW5-F1-model_v4_conserved	B5L5V5_conserved	9.317E-01	9.037E-01	9.037E-01	54.200	95	94	95
AF-Q89GW5-F1-model_v4_conserved	Q6DTI8_conserved	9.317E-01	9.037E-01	9.037E-01	54.200	95	94	95
AF-Q89GW5-F1-model_v4_conserved	Q6DTI5_conserved	9.315E-01	9.035E-01	9.035E-01	54.200	95	94	95
AF-Q89GW5-F1-model_v4_conserved	B5L5V3_conserved	9.345E-01	9.065E-01	9.065E-01	50.000	95	94	95
AF-Q89GW5-F1-model_v4_conserved	B5L5V9_conserved	9.320E-01	9.041E-01	9.041E-01	50.000	95	94	95
AF-Q89GW5-F1-model_v4_conserved	A0A0C5LDH9_conserved	9.341E-01	9.062E-01	9.062E-01	56.300	95	94	95
AF-Q89GW5-F1-model_v4_conserved	Q9RB00_conserved	9.311E-01	9.031E-01	9.031E-01	54.200	95	94	95
AF-Q89GW5-F1-model_v4_conserved	Q6DTI7_conserved	9.309E-01	9.029E-01	9.029E-01	54.200	95	94	95
AF-Q89GW5-F1-model_v4_conserved	B5L5V0_conserved	9.309E-01	9.029E-01	9.029E-01	50.000	95	94	95
AF-Q89GW5-F1-model_v4_conserved	A0A0C5L392_conserved	9.352E-01	8.977E-01	9.068E-01	53.700	95	93	94
AF-Q89GW5-F1-model_v4_conserved	A0A0C5LDD9_conserved	9.380E-01	9.004E-01	9.004E-01	54.800	95	93	95
AF-Q89GW5-F1-model_v4_conserved	A0A0C5LDD5_conserved	9.270E-01	8.991E-01	8.991E-01	52.100	95	94	95
AF-Q89GW5-F1-model_v4_conserved	A0A0C5LQ44_conserved	9.268E-01	8.990E-01	8.990E-01	52.100	95	94	95
AF-Q89GW5-F1-model_v4_conserved	Q9K578_conserved	9.328E-01	8.956E-01	9.046E-01	59.100	95	93	94
AF-Q89GW5-F1-model_v4_conserved	B5DCA0_conserved	9.278E-01	9.001E-01	9.001E-01	52.100	95	94	95
AF-Q89GW5-F1-model_v4_conserved	A0A386JBC5_conserved	9.217E-01	8.942E-01	9.032E-01	51.000	95	94	94
AF-Q89GW5-F1-model_v4_conserved	AF-A0A1L6K5Z9-F1-model_v4_conserved	9.234E-01	8.957E-01	8.957E-01	50.000	95	94	95
AF-Q89GW5-F1-model_v4_conserved	THIN-B_conserved	9.230E-01	8.955E-01	8.955E-01	53.100	95	94	95
AF-Q89GW5-F1-model_v4_conserved	AF-A0A1L5BQA7-F1-model_v4_conserved	9.265E-01	8.895E-01	8.984E-01	52.100	95	94	94
AF-Q89GW5-F1-model_v4_conserved	PJM-1_conserved	9.233E-01	8.959E-01	8.959E-01	52.100	95	94	95
AF-Q89GW5-F1-model_v4_conserved	AF-A0A1L6K5Y8-F1-model_v4_conserved	9.226E-01	8.951E-01	8.951E-01	52.100	95	94	95
AF-Q89GW5-F1-model_v4_conserved	G5ELM3_conserved	9.182E-01	8.908E-01	8.908E-01	53.100	95	94	95
AF-Q89GW5-F1-model_v4_conserved	AF-A0A1L6K5Z8-F1-model_v4_conserved	9.172E-01	8.902E-01	8.990E-01	51.000	95	94	94
AF-Q89GW5-F1-model_v4_conserved	AF-K4GMG9-F1-model_v6_conserved	9.168E-01	8.895E-01	8.895E-01	52.100	95	94	95
AF-Q89GW5-F1-model_v4_conserved	U3U4Q6_conserved	9.146E-01	8.873E-01	8.873E-01	47.300	95	95	95
AF-Q89GW5-F1-model_v4_conserved	AF-K4GMK0-F1-model_v4_conserved	9.154E-01	8.882E-01	8.882E-01	52.100	95	94	95
AF-Q89GW5-F1-model_v4_conserved	NWM_conserved	9.150E-01	8.878E-01	8.878E-01	51.000	95	94	95
AF-Q89GW5-F1-model_v4_conserved	AF-A0A4D6P0I4-F1-model_v4_conserved	9.128E-01	8.857E-01	8.857E-01	50.500	95	95	95
AF-Q89GW5-F1-model_v4_conserved	GRD33_conserved	9.125E-01	8.857E-01	8.944E-01	54.200	95	94	94
AF-Q89GW5-F1-model_v4_conserved	Q9JRP7_conserved	9.120E-01	8.848E-01	8.848E-01	47.300	95	95	95
AF-Q89GW5-F1-model_v4_conserved	AF-K4GMF9-F1-model_v4_conserved	9.111E-01	8.842E-01	8.842E-01	47.800	95	94	95
AF-Q89GW5-F1-model_v4_conserved	AF-A0A1L6K5X8-F1-model_v4_conserved	9.090E-01	8.820E-01	8.820E-01	49.400	95	95	95
AF-Q89GW5-F1-model_v4_conserved	ECM-1_conserved	9.088E-01	8.820E-01	8.820E-01	47.800	95	94	95
AF-Q89GW5-F1-model_v4_conserved	AF-K4GMG4-F1-model_v4_conserved	8.956E-01	8.693E-01	8.779E-01	47.800	95	94	94
AF-Q89GW5-F1-model_v4_conserved	B3SU1_conserved	8.971E-01	8.708E-01	8.708E-01	51.000	95	94	95
AF-Q89GW5-F1-model_v4_conserved	AF-Q6D395-F1-model_v4_conserved	8.907E-01	8.470E-01	8.639E-01	49.400	95	93	93
B5L5V0_conserved	B5L5V0_conserved	1.011E+00	1.000E+00	1.000E+00	100.000	95	95	95
B5L5V0_conserved	A0A386JBC5_conserved	9.890E-01	9.584E-01	9.684E-01	73.100	95	93	94
B5L5V0_conserved	B5L5V3_conserved	9.900E-01	9.592E-01	9.592E-01	86.000	95	93	95
B5L5V0_conserved	G5ELM3_conserved	9.918E-01	9.610E-01	9.610E-01	69.800	95	93	95
B5L5V0_conserved	A0A0C5LDH9_conserved	9.872E-01	9.565E-01	9.565E-01	76.300	95	93	95
B5L5V0_conserved	AF-A0A1L6K5Y8-F1-model_v4_conserved	9.864E-01	9.558E-01	9.558E-01	80.600	95	93	95
B5L5V0_conserved	AF-A0A1L6K5Z9-F1-model_v4_conserved	9.876E-01	9.570E-01	9.570E-01	80.600	95	93	95
B5L5V0_conserved	A0A059Q5E8_conserved	9.857E-01	9.551E-01	9.551E-01	83.800	95	93	95
B5L5V0_conserved	AF-K4GMK0-F1-model_v4_conserved	9.864E-01	9.558E-01	9.558E-01	66.600	95	93	95
B5L5V0_conserved	B5DCA0_conserved	9.834E-01	9.529E-01	9.529E-01	74.100	95	93	95
B5L5V0_conserved	AF-K4GMG9-F1-model_v6_conserved	9.826E-01	9.522E-01	9.522E-01	69.800	95	93	95
B5L5V0_conserved	PJM-1_conserved	9.797E-01	9.494E-01	9.494E-01	75.200	95	93	95
B5L5V0_conserved	AF-A0A1L5BQA7-F1-model_v4_conserved	9.839E-01	9.433E-01	9.531E-01	66.600	95	93	94
B5L5V0_conserved	AF-A0A1L6K5Z8-F1-model_v4_conserved	9.755E-01	9.455E-01	9.553E-01	77.400	95	93	94
B5L5V0_conserved	NWM_conserved	9.793E-01	9.492E-01	9.492E-01	70.900	95	93	95
B5L5V0_conserved	GRD33_conserved	9.717E-01	9.418E-01	9.516E-01	79.500	95	93	94
B5L5V0_conserved	THIN-B_conserved	9.739E-01	9.439E-01	9.439E-01	75.200	95	93	95
B5L5V0_conserved	AF-K4GMF9-F1-model_v4_conserved	9.739E-01	9.441E-01	9.441E-01	67.700	95	93	95
B5L5V0_conserved	B3SU1_conserved	9.699E-01	9.403E-01	9.403E-01	70.900	95	93	95
B5L5V0_conserved	ECM-1_conserved	9.697E-01	9.402E-01	9.402E-01	68.800	95	93	95
B5L5V0_conserved	AF-K4GMG4-F1-model_v4_conserved	9.595E-01	9.303E-01	9.399E-01	66.600	95	93	94
B5L5V0_conserved	A0A0C5LQ34_conserved	9.594E-01	9.203E-01	9.394E-01	67.700	95	93	93
B5L5V0_conserved	AF-A8GGW7-F1-model_v4_conserved	9.521E-01	9.232E-01	9.232E-01	60.200	95	93	95
B5L5V0_conserved	Q8KKG1_conserved	9.484E-01	9.196E-01	9.196E-01	61.200	95	93	95
B5L5V0_conserved	MBL1b_conserved	9.454E-01	9.167E-01	9.167E-01	59.500	95	94	95
B5L5V0_conserved	B3SU2_conserved	9.323E-01	9.045E-01	9.136E-01	52.600	95	93	94
B5L5V0_conserved	U3U4Q6_conserved	9.326E-01	9.046E-01	9.046E-01	60.600	95	94	95
B5L5V0_conserved	AF-Q89GW5-F1-model_v4_conserved	9.309E-01	9.029E-01	9.029E-01	50.000	95	94	95
B5L5V0_conserved	AF-A0A1L6K5X8-F1-model_v4_conserved	9.301E-01	9.021E-01	9.021E-01	59.500	95	94	95
B5L5V0_conserved	AF-A0A4D6P0I4-F1-model_v4_conserved	9.282E-01	9.004E-01	9.004E-01	57.400	95	94	95
B5L5V0_conserved	Q9JRP7_conserved	9.263E-01	8.985E-01	8.985E-01	58.500	95	94	95
B5L5V0_conserved	AF-A0A0D0GMS0-F1-model_v4_conserved	9.375E-01	8.812E-01	9.084E-01	52.200	95	90	92
B5L5V0_conserved	Q9K578_conserved	9.291E-01	8.922E-01	9.012E-01	55.400	95	92	94
B5L5V0_conserved	Q9KJB1_conserved	9.328E-01	8.677E-01	9.229E-01	53.900	95	89	89
B5L5V0_conserved	Q9KJB5_conserved	9.323E-01	8.672E-01	9.224E-01	52.800	95	89	89
B5L5V0_conserved	B5L5X0_conserved	9.224E-01	8.949E-01	8.949E-01	50.500	95	93	95
B5L5V0_conserved	Q4JRB6_conserved	9.232E-01	8.958E-01	8.958E-01	51.600	95	93	95
B5L5V0_conserved	Q9KJB4_conserved	9.320E-01	8.670E-01	9.221E-01	53.900	95	89	89
B5L5V0_conserved	Q9KJB6_conserved	9.320E-01	8.670E-01	9.221E-01	53.900	95	89	89
B5L5V0_conserved	B5L5V9_conserved	9.230E-01	8.955E-01	8.955E-01	49.400	95	93	95
B5L5V0_conserved	Q9KJB3_conserved	9.318E-01	8.668E-01	9.219E-01	53.900	95	89	89
B5L5V0_conserved	Q9KJB2_conserved	9.316E-01	8.667E-01	9.218E-01	52.800	95	89	89
B5L5V0_conserved	B5L5V5_conserved	9.197E-01	8.924E-01	8.924E-01	48.300	95	93	95
B5L5V0_conserved	Q5EEU4_conserved	9.194E-01	8.921E-01	8.921E-01	52.600	95	93	95
B5L5V0_conserved	B5L5W3_conserved	9.200E-01	8.928E-01	8.928E-01	46.200	95	93	95
B5L5V0_conserved	B5L5V2_conserved	9.185E-01	8.913E-01	8.913E-01	51.600	95	93	95
B5L5V0_conserved	A0A0C5LDD9_conserved	9.258E-01	8.890E-01	8.890E-01	51.000	95	92	95
B5L5V0_conserved	Q6V8J2_conserved	9.181E-01	8.909E-01	8.909E-01	51.600	95	93	95
B5L5V0_conserved	Q9RB00_conserved	9.171E-01	8.899E-01	8.899E-01	51.600	95	93	95
B5L5V0_conserved	Q6DTI8_conserved	9.170E-01	8.899E-01	8.899E-01	51.600	95	93	95
B5L5V0_conserved	A0A0C5L392_conserved	9.210E-01	8.845E-01	8.934E-01	48.900	95	92	94
B5L5V0_conserved	Q6DTI5_conserved	9.166E-01	8.894E-01	8.894E-01	51.600	95	93	95
B5L5V0_conserved	Q6DTI7_conserved	9.160E-01	8.889E-01	8.889E-01	51.600	95	93	95
B5L5V0_conserved	A0A0C5LQ44_conserved	9.146E-01	8.875E-01	8.875E-01	51.600	95	93	95
B5L5V0_conserved	A0A0C5LDD5_conserved	9.139E-01	8.868E-01	8.868E-01	49.400	95	93	95
B5L5V0_conserved	AF-Q6D395-F1-model_v4_conserved	8.784E-01	8.359E-01	8.526E-01	51.500	95	95	93
B5L5W3_conserved	B5L5W3_conserved	1.011E+00	1.000E+00	1.000E+00	100.000	95	95	95
B5L5W3_conserved	B5L5V2_conserved	1.001E+00	9.800E-01	9.800E-01	89.300	95	94	95
B5L5W3_conserved	Q4JRB6_conserved	9.834E-01	9.631E-01	9.631E-01	64.800	95	94	95
B5L5W3_conserved	Q6V8J2_conserved	9.829E-01	9.626E-01	9.626E-01	64.800	95	94	95
B5L5W3_conserved	B5L5V9_conserved	9.827E-01	9.624E-01	9.624E-01	61.700	95	94	95
B5L5W3_conserved	Q5EEU4_conserved	9.828E-01	9.625E-01	9.625E-01	63.800	95	94	95
B5L5W3_conserved	Q6DTI8_conserved	9.825E-01	9.622E-01	9.622E-01	64.800	95	94	95
B5L5W3_conserved	Q6DTI5_conserved	9.824E-01	9.621E-01	9.621E-01	64.800	95	94	95
B5L5W3_conserved	Q9RB00_conserved	9.824E-01	9.621E-01	9.621E-01	64.800	95	94	95
B5L5W3_conserved	Q6DTI7_conserved	9.820E-01	9.617E-01	9.617E-01	64.800	95	94	95
B5L5W3_conserved	B5L5X0_conserved	9.801E-01	9.599E-01	9.599E-01	69.100	95	94	95
B5L5W3_conserved	A0A0C5LQ44_conserved	9.784E-01	9.582E-01	9.582E-01	68.000	95	94	95
B5L5W3_conserved	A0A0C5LDD5_conserved	9.780E-01	9.579E-01	9.579E-01	64.800	95	94	95
B5L5W3_conserved	B5L5V5_conserved	9.672E-01	9.573E-01	9.573E-01	67.300	95	95	95
B5L5W3_conserved	A0A0C5L392_conserved	9.809E-01	9.506E-01	9.605E-01	61.200	95	93	94
B5L5W3_conserved	Q9KJB1_conserved	9.935E-01	9.215E-01	9.825E-01	66.200	95	89	89
B5L5W3_conserved	Q9KJB2_conserved	9.928E-01	9.209E-01	9.819E-01	65.100	95	89	89
B5L5W3_conserved	Q9KJB5_conserved	9.928E-01	9.209E-01	9.819E-01	65.100	95	89	89
B5L5W3_conserved	Q9KJB3_conserved	9.928E-01	9.208E-01	9.818E-01	66.200	95	89	89
B5L5W3_conserved	Q9KJB6_conserved	9.927E-01	9.207E-01	9.817E-01	66.200	95	89	89
B5L5W3_conserved	Q9KJB4_conserved	9.926E-01	9.207E-01	9.817E-01	66.200	95	89	89
B5L5W3_conserved	A0A0C5LDD9_conserved	9.905E-01	9.495E-01	9.495E-01	66.300	95	92	95
B5L5W3_conserved	B3SU2_conserved	9.767E-01	9.468E-01	9.565E-01	58.000	95	93	94
B5L5W3_conserved	AF-A0A0D0GMS0-F1-model_v4_conserved	9.911E-01	9.296E-01	9.594E-01	67.700	95	90	92
B5L5W3_conserved	Q9K578_conserved	9.741E-01	9.344E-01	9.440E-01	58.600	95	92	94
B5L5W3_conserved	A0A0C5LQ34_conserved	9.530E-01	9.146E-01	9.334E-01	54.800	95	93	93
B5L5W3_conserved	AF-A8GGW7-F1-model_v4_conserved	9.546E-01	9.259E-01	9.259E-01	47.300	95	93	95
B5L5W3_conserved	Q8KKG1_conserved	9.456E-01	9.170E-01	9.170E-01	45.700	95	94	95
B5L5W3_conserved	MBL1b_conserved	9.439E-01	9.154E-01	9.154E-01	45.700	95	94	95
B5L5W3_conserved	AF-A0A1L6K5Z8-F1-model_v4_conserved	9.367E-01	9.089E-01	9.180E-01	45.100	95	93	94
B5L5W3_conserved	AF-Q89GW5-F1-model_v4_conserved	9.372E-01	9.090E-01	9.090E-01	48.900	95	94	95
B5L5W3_conserved	ECM-1_conserved	9.366E-01	9.085E-01	9.085E-01	40.800	95	93	95
B5L5W3_conserved	GRD33_conserved	9.360E-01	9.081E-01	9.172E-01	47.300	95	93	94
B5L5W3_conserved	AF-K4GMF9-F1-model_v4_conserved	9.360E-01	9.079E-01	9.079E-01	39.700	95	93	95
B5L5W3_conserved	THIN-B_conserved	9.368E-01	9.088E-01	9.088E-01	47.300	95	93	95
B5L5W3_conserved	AF-A0A1L6K5Z9-F1-model_v4_conserved	9.341E-01	9.061E-01	9.061E-01	44.000	95	93	95
B5L5W3_conserved	A0A0C5LDH9_conserved	9.346E-01	9.067E-01	9.067E-01	47.300	95	93	95
B5L5W3_conserved	A0A059Q5E8_conserved	9.346E-01	9.068E-01	9.068E-01	48.300	95	93	95
B5L5W3_conserved	B5L5V3_conserved	9.346E-01	9.069E-01	9.069E-01	49.400	95	93	95
B5L5W3_conserved	A0A386JBC5_conserved	9.283E-01	9.006E-01	9.097E-01	46.200	95	93	94
B5L5W3_conserved	PJM-1_conserved	9.322E-01	9.045E-01	9.045E-01	46.200	95	93	95
B5L5W3_conserved	B5DCA0_conserved	9.293E-01	9.017E-01	9.017E-01	45.100	95	93	95
B5L5W3_conserved	AF-A0A4D6P0I4-F1-model_v4_conserved	9.286E-01	9.011E-01	9.011E-01	40.800	95	93	95
B5L5W3_conserved	AF-A0A1L6K5Y8-F1-model_v4_conserved	9.183E-01	9.002E-01	9.002E-01	48.900	95	94	95
B5L5W3_conserved	AF-A0A1L6K5X8-F1-model_v4_conserved	9.269E-01	8.997E-01	8.997E-01	40.800	95	93	95
B5L5W3_conserved	AF-K4GMG9-F1-model_v6_conserved	9.239E-01	8.964E-01	8.964E-01	45.100	95	93	95
B5L5W3_conserved	AF-K4GMK0-F1-model_v4_conserved	9.241E-01	8.966E-01	8.966E-01	45.100	95	93	95
B5L5W3_conserved	NWM_conserved	9.238E-01	8.963E-01	8.963E-01	44.000	95	93	95
B5L5W3_conserved	AF-K4GMG4-F1-model_v4_conserved	9.176E-01	8.903E-01	8.992E-01	39.300	95	94	94
B5L5W3_conserved	U3U4Q6_conserved	9.228E-01	8.969E-01	8.969E-01	40.800	95	93	95
B5L5W3_conserved	G5ELM3_conserved	9.220E-01	8.946E-01	8.946E-01	41.900	95	93	95
B5L5W3_conserved	Q9JRP7_conserved	9.226E-01	8.954E-01	8.954E-01	39.700	95	93	95
B5L5W3_conserved	B5L5V0_conserved	9.200E-01	8.928E-01	8.928E-01	46.200	95	93	95
B5L5W3_conserved	B3SU1_conserved	9.190E-01	8.918E-01	8.918E-01	48.300	95	93	95
B5L5W3_conserved	AF-A0A1L5BQA7-F1-model_v4_conserved	9.197E-01	8.835E-01	8.923E-01	41.900	95	93	94
B5L5W3_conserved	AF-Q6D395-F1-model_v4_conserved	8.850E-01	8.417E-01	8.585E-01	44.200	95	95	93
MBL1b_conserved	MBL1b_conserved	1.011E+00	1.000E+00	1.000E+00	100.000	95	95	95
MBL1b_conserved	Q8KKG1_conserved	9.992E-01	9.887E-01	9.887E-01	98.900	95	95	95
MBL1b_conserved	A0A0C5LQ34_conserved	9.895E-01	9.486E-01	9.686E-01	73.100	95	93	93
MBL1b_conserved	AF-A8GGW7-F1-model_v4_conserved	9.629E-01	9.334E-01	9.334E-01	52.600	95	93	95
MBL1b_conserved	Q9K578_conserved	9.541E-01	9.250E-01	9.345E-01	58.900	95	95	94
MBL1b_conserved	AF-A0A1L6K5Z8-F1-model_v4_conserved	9.549E-01	9.260E-01	9.354E-01	54.800	95	93	94
MBL1b_conserved	B3SU2_conserved	9.525E-01	9.236E-01	9.330E-01	57.400	95	94	94
MBL1b_conserved	GRD33_conserved	9.511E-01	9.224E-01	9.317E-01	56.900	95	93	94
MBL1b_conserved	PJM-1_conserved	9.539E-01	9.250E-01	9.250E-01	52.600	95	93	95
MBL1b_conserved	A0A386JBC5_conserved	9.473E-01	9.186E-01	9.280E-01	54.800	95	93	94
MBL1b_conserved	AF-A0A1L6K5Z9-F1-model_v4_conserved	9.511E-01	9.222E-01	9.222E-01	56.900	95	93	95
MBL1b_conserved	B5DCA0_conserved	9.530E-01	9.241E-01	9.241E-01	52.600	95	93	95
MBL1b_conserved	AF-Q89GW5-F1-model_v4_conserved	9.510E-01	9.220E-01	9.220E-01	63.100	95	95	95
MBL1b_conserved	THIN-B_conserved	9.517E-01	9.228E-01	9.228E-01	58.000	95	93	95
MBL1b_conserved	A0A059Q5E8_conserved	9.533E-01	9.244E-01	9.244E-01	56.300	95	94	95
MBL1b_conserved	A0A0C5LDH9_conserved	9.527E-01	9.239E-01	9.239E-01	51.600	95	93	95
MBL1b_conserved	B5L5V3_conserved	9.522E-01	9.234E-01	9.234E-01	57.400	95	94	95
MBL1b_conserved	B5L5X0_conserved	9.467E-01	9.180E-01	9.180E-01	51.600	95	93	95
MBL1b_conserved	B5L5V0_conserved	9.454E-01	9.167E-01	9.167E-01	59.500	95	94	95
MBL1b_conserved	Q9KJB1_conserved	9.543E-01	8.865E-01	9.440E-01	52.800	95	89	89
MBL1b_conserved	G5ELM3_conserved	9.452E-01	9.166E-01	9.166E-01	55.900	95	93	95
MBL1b_conserved	B5L5V2_conserved	9.449E-01	9.163E-01	9.163E-01	46.800	95	94	95
MBL1b_conserved	AF-K4GMG9-F1-model_v6_conserved	9.444E-01	9.158E-01	9.158E-01	52.600	95	93	95
MBL1b_conserved	Q9KJB2_conserved	9.535E-01	8.859E-01	9.432E-01	51.600	95	89	89
MBL1b_conserved	Q9KJB4_conserved	9.534E-01	8.858E-01	9.431E-01	52.800	95	89	89
MBL1b_conserved	Q9KJB6_conserved	9.534E-01	8.857E-01	9.431E-01	52.800	95	89	89
MBL1b_conserved	AF-K4GMF9-F1-model_v4_conserved	9.448E-01	9.162E-01	9.162E-01	48.300	95	93	95
MBL1b_conserved	Q9KJB3_conserved	9.533E-01	8.857E-01	9.430E-01	52.800	95	89	89
MBL1b_conserved	AF-K4GMK0-F1-model_v4_conserved	9.432E-01	9.147E-01	9.147E-01	56.900	95	93	95
MBL1b_conserved	Q4JRB6_conserved	9.447E-01	9.161E-01	9.161E-01	50.500	95	93	95
MBL1b_conserved	A0A0C5LDD9_conserved	9.521E-01	9.136E-01	9.136E-01	51.000	95	92	95
MBL1b_conserved	B5L5V5_conserved	9.434E-01	9.148E-01	9.148E-01	49.400	95	93	95
MBL1b_conserved	Q9KJB5_conserved	9.531E-01	8.855E-01	9.428E-01	52.800	95	89	89
MBL1b_conserved	AF-A0A0D0GMS0-F1-model_v4_conserved	9.567E-01	8.984E-01	9.266E-01	53.300	95	90	92
MBL1b_conserved	B5L5V9_conserved	9.432E-01	9.156E-01	9.156E-01	50.500	95	93	95
MBL1b_conserved	B5L5W3_conserved	9.439E-01	9.154E-01	9.154E-01	45.700	95	94	95
MBL1b_conserved	Q5EEU4_conserved	9.439E-01	9.154E-01	9.154E-01	49.400	95	93	95
MBL1b_conserved	AF-A0A1L6K5Y8-F1-model_v4_conserved	9.440E-01	9.156E-01	9.156E-01	55.900	95	93	95
MBL1b_conserved	AF-A0A1L5BQA7-F1-model_v4_conserved	9.472E-01	9.089E-01	9.182E-01	55.300	95	94	94
MBL1b_conserved	ECM-1_conserved	9.429E-01	9.144E-01	9.144E-01	49.400	95	93	95
MBL1b_conserved	Q6V8J2_conserved	9.425E-01	9.141E-01	9.141E-01	50.500	95	93	95
MBL1b_conserved	A0A0C5L392_conserved	9.457E-01	9.076E-01	9.168E-01	50.000	95	92	94
MBL1b_conserved	Q9RB00_conserved	9.416E-01	9.132E-01	9.132E-01	50.500	95	93	95
MBL1b_conserved	A0A0C5LQ44_conserved	9.409E-01	9.126E-01	9.126E-01	50.500	95	93	95
MBL1b_conserved	Q6DTI5_conserved	9.408E-01	9.125E-01	9.125E-01	50.500	95	93	95
MBL1b_conserved	A0A0C5LDD5_conserved	9.399E-01	9.116E-01	9.116E-01	49.400	95	93	95
MBL1b_conserved	Q6DTI8_conserved	9.408E-01	9.125E-01	9.125E-01	50.500	95	93	95
MBL1b_conserved	AF-A0A1L6K5X8-F1-model_v4_conserved	9.387E-01	9.103E-01	9.103E-01	49.400	95	93	95
MBL1b_conserved	Q6DTI7_conserved	9.404E-01	9.121E-01	9.121E-01	50.500	95	93	95
MBL1b_conserved	AF-A0A4D6P0I4-F1-model_v4_conserved	9.380E-01	9.096E-01	9.096E-01	51.600	95	93	95
MBL1b_conserved	U3U4Q6_conserved	9.374E-01	9.091E-01	9.091E-01	48.300	95	93	95
MBL1b_conserved	Q9JRP7_conserved	9.368E-01	9.084E-01	9.084E-01	46.200	95	93	95
MBL1b_conserved	NWM_conserved	9.329E-01	9.049E-01	9.049E-01	50.000	95	94	95
MBL1b_conserved	B3SU1_conserved	9.320E-01	9.041E-01	9.041E-01	51.600	95	93	95
MBL1b_conserved	AF-K4GMG4-F1-model_v4_conserved	9.275E-01	8.997E-01	9.088E-01	49.400	95	93	94
MBL1b_conserved	AF-Q6D395-F1-model_v4_conserved	8.923E-01	8.483E-01	8.654E-01	51.500	95	95	93
Q6DTI7_conserved	Q6DTI7_conserved	1.011E+00	1.000E+00	1.000E+00	100.000	95	95	95
Q6DTI7_conserved	Q9RB00_conserved	1.009E+00	9.986E-01	9.986E-01	100.000	95	95	95
Q6DTI7_conserved	Q6V8J2_conserved	1.009E+00	9.981E-01	9.981E-01	98.900	95	95	95
Q6DTI7_conserved	Q5EEU4_conserved	1.008E+00	9.974E-01	9.974E-01	97.800	95	95	95
Q6DTI7_conserved	A0A0C5LQ44_conserved	1.004E+00	9.935E-01	9.935E-01	92.600	95	95	95
Q6DTI7_conserved	Q6DTI8_conserved	1.002E+00	9.913E-01	9.913E-01	98.900	95	95	95
Q6DTI7_conserved	A0A0C5LDD5_conserved	1.003E+00	9.930E-01	9.930E-01	92.600	95	95	95
Q6DTI7_conserved	Q6DTI5_conserved	1.011E+00	9.894E-01	9.894E-01	100.000	95	94	95
Q6DTI7_conserved	Q4JRB6_conserved	1.002E+00	9.911E-01	9.911E-01	100.000	95	95	95
Q6DTI7_conserved	A0A0C5L392_conserved	1.004E+00	9.829E-01	9.933E-01	91.400	95	94	94
Q6DTI7_conserved	B5L5X0_conserved	9.991E-01	9.782E-01	9.782E-01	87.200	95	94	95
Q6DTI7_conserved	B5L5V5_conserved	9.985E-01	9.777E-01	9.777E-01	88.200	95	94	95
Q6DTI7_conserved	A0A0C5LDD9_conserved	1.007E+00	9.751E-01	9.751E-01	90.300	95	93	95
Q6DTI7_conserved	B5L5V9_conserved	9.979E-01	9.771E-01	9.771E-01	76.500	95	94	95
Q6DTI7_conserved	Q9KJB3_conserved	1.011E+00	9.366E-01	9.998E-01	100.000	95	89	89
Q6DTI7_conserved	Q9KJB4_conserved	1.011E+00	9.366E-01	9.997E-01	100.000	95	89	89
Q6DTI7_conserved	Q9KJB6_conserved	1.011E+00	9.366E-01	9.997E-01	100.000	95	89	89
Q6DTI7_conserved	Q9KJB5_conserved	1.011E+00	9.366E-01	9.997E-01	98.800	95	89	89
Q6DTI7_conserved	Q9KJB1_conserved	1.011E+00	9.364E-01	9.995E-01	100.000	95	89	89
Q6DTI7_conserved	Q9KJB2_conserved	1.011E+00	9.363E-01	9.994E-01	98.800	95	89	89
Q6DTI7_conserved	AF-A0A0D0GMS0-F1-model_v4_conserved	1.005E+00	9.528E-01	9.837E-01	90.100	95	91	92
Q6DTI7_conserved	B5L5V2_conserved	9.847E-01	9.643E-01	9.643E-01	69.100	95	94	95
Q6DTI7_conserved	B5L5W3_conserved	9.820E-01	9.617E-01	9.617E-01	64.800	95	94	95
Q6DTI7_conserved	B3SU2_conserved	9.758E-01	9.459E-01	9.556E-01	62.300	95	93	94
Q6DTI7_conserved	Q9K578_conserved	9.704E-01	9.309E-01	9.405E-01	64.100	95	92	94
Q6DTI7_conserved	A0A0C5LQ34_conserved	9.484E-01	9.103E-01	9.289E-01	59.100	95	93	93
Q6DTI7_conserved	AF-A8GGW7-F1-model_v4_conserved	9.485E-01	9.201E-01	9.201E-01	50.500	95	93	95
Q6DTI7_conserved	Q8KKG1_conserved	9.422E-01	9.138E-01	9.138E-01	50.500	95	93	95
Q6DTI7_conserved	MBL1b_conserved	9.404E-01	9.121E-01	9.121E-01	50.500	95	93	95
Q6DTI7_conserved	AF-Q89GW5-F1-model_v4_conserved	9.309E-01	9.029E-01	9.029E-01	54.200	95	94	95
Q6DTI7_conserved	AF-A0A1L6K5Z8-F1-model_v4_conserved	9.310E-01	9.035E-01	9.125E-01	49.400	95	93	94
Q6DTI7_conserved	GRD33_conserved	9.306E-01	9.031E-01	9.121E-01	51.600	95	93	94
Q6DTI7_conserved	THIN-B_conserved	9.322E-01	9.045E-01	9.045E-01	46.200	95	93	95
Q6DTI7_conserved	ECM-1_conserved	9.292E-01	9.015E-01	9.015E-01	45.100	95	93	95
Q6DTI7_conserved	AF-A0A1L6K5Z9-F1-model_v4_conserved	9.282E-01	9.006E-01	9.006E-01	49.400	95	93	95
Q6DTI7_conserved	AF-K4GMF9-F1-model_v4_conserved	9.277E-01	9.001E-01	9.001E-01	47.300	95	93	95
Q6DTI7_conserved	A0A0C5LDH9_conserved	9.278E-01	9.003E-01	9.003E-01	50.500	95	93	95
Q6DTI7_conserved	PJM-1_conserved	9.278E-01	9.003E-01	9.003E-01	45.100	95	93	95
Q6DTI7_conserved	A0A386JBC5_conserved	9.215E-01	8.941E-01	9.031E-01	48.300	95	93	94
Q6DTI7_conserved	AF-A0A4D6P0I4-F1-model_v4_conserved	9.268E-01	8.993E-01	8.993E-01	46.200	95	93	95
Q6DTI7_conserved	B5L5V3_conserved	9.274E-01	9.000E-01	9.000E-01	51.600	95	93	95
Q6DTI7_conserved	AF-A0A1L6K5X8-F1-model_v4_conserved	9.261E-01	8.987E-01	8.987E-01	45.100	95	93	95
Q6DTI7_conserved	A0A059Q5E8_conserved	9.260E-01	8.986E-01	8.986E-01	51.600	95	93	95
Q6DTI7_conserved	AF-K4GMG4-F1-model_v4_conserved	9.179E-01	8.905E-01	8.995E-01	44.600	95	94	94
Q6DTI7_conserved	AF-K4GMK0-F1-model_v4_conserved	9.202E-01	8.928E-01	8.928E-01	48.300	95	93	95
Q6DTI7_conserved	B5DCA0_conserved	9.229E-01	8.957E-01	8.957E-01	45.100	95	93	95
Q6DTI7_conserved	U3U4Q6_conserved	9.216E-01	8.943E-01	8.943E-01	45.100	95	93	95
Q6DTI7_conserved	AF-A0A1L6K5Y8-F1-model_v4_conserved	9.143E-01	8.963E-01	8.963E-01	51.000	95	94	95
Q6DTI7_conserved	Q9JRP7_conserved	9.211E-01	8.939E-01	8.939E-01	45.100	95	93	95
Q6DTI7_conserved	G5ELM3_conserved	9.203E-01	8.931E-01	8.931E-01	46.200	95	93	95
Q6DTI7_conserved	AF-K4GMG9-F1-model_v6_conserved	9.171E-01	8.899E-01	8.899E-01	45.100	95	93	95
Q6DTI7_conserved	NWM_conserved	9.169E-01	8.897E-01	8.897E-01	46.200	95	93	95
Q6DTI7_conserved	B5L5V0_conserved	9.160E-01	8.889E-01	8.889E-01	51.600	95	93	95
Q6DTI7_conserved	B3SU1_conserved	9.153E-01	8.884E-01	8.884E-01	49.400	95	93	95
Q6DTI7_conserved	AF-A0A1L5BQA7-F1-model_v4_conserved	9.139E-01	8.780E-01	8.867E-01	47.300	95	93	94
Q6DTI7_conserved	AF-Q6D395-F1-model_v4_conserved	8.766E-01	8.340E-01	8.505E-01	43.100	95	95	93
Q6V8J2_conserved	Q6V8J2_conserved	1.011E+00	1.000E+00	1.000E+00	100.000	95	95	95
Q6V8J2_conserved	Q6DTI7_conserved	1.009E+00	9.981E-01	9.981E-01	98.900	95	95	95
Q6V8J2_conserved	Q9RB00_conserved	1.007E+00	9.967E-01	9.967E-01	98.900	95	95	95
Q6V8J2_conserved	Q5EEU4_conserved	1.006E+00	9.954E-01	9.954E-01	96.800	95	95	95
Q6V8J2_conserved	Q4JRB6_conserved	1.005E+00	9.941E-01	9.941E-01	98.900	95	95	95
Q6V8J2_conserved	Q6DTI8_conserved	1.002E+00	9.913E-01	9.913E-01	97.800	95	95	95
Q6V8J2_conserved	Q6DTI5_conserved	1.002E+00	9.910E-01	9.910E-01	98.900	95	95	95
Q6V8J2_conserved	A0A0C5L392_conserved	1.007E+00	9.858E-01	9.963E-01	90.400	95	94	94
Q6V8J2_conserved	A0A0C5LQ44_conserved	1.001E+00	9.909E-01	9.909E-01	92.600	95	95	95
Q6V8J2_conserved	A0A0C5LDD5_conserved	1.001E+00	9.908E-01	9.908E-01	92.600	95	95	95
Q6V8J2_conserved	B5L5X0_conserved	9.990E-01	9.781E-01	9.781E-01	87.200	95	94	95
Q6V8J2_conserved	B5L5V5_conserved	9.989E-01	9.780E-01	9.780E-01	88.200	95	94	95
Q6V8J2_conserved	A0A0C5LDD9_conserved	1.007E+00	9.752E-01	9.752E-01	89.200	95	93	95
Q6V8J2_conserved	B5L5V9_conserved	9.991E-01	9.783E-01	9.783E-01	76.500	95	94	95
Q6V8J2_conserved	Q9KJB3_conserved	1.011E+00	9.366E-01	9.997E-01	100.000	95	89	89
Q6V8J2_conserved	Q9KJB6_conserved	1.011E+00	9.366E-01	9.997E-01	100.000	95	89	89
Q6V8J2_conserved	Q9KJB4_conserved	1.011E+00	9.366E-01	9.997E-01	100.000	95	89	89
Q6V8J2_conserved	Q9KJB5_conserved	1.011E+00	9.366E-01	9.997E-01	98.800	95	89	89
Q6V8J2_conserved	Q9KJB1_conserved	1.011E+00	9.364E-01	9.995E-01	100.000	95	89	89
Q6V8J2_conserved	Q9KJB2_conserved	1.011E+00	9.363E-01	9.994E-01	98.800	95	89	89
Q6V8J2_conserved	AF-A0A0D0GMS0-F1-model_v4_conserved	1.005E+00	9.527E-01	9.836E-01	90.100	95	91	92
Q6V8J2_conserved	B5L5V2_conserved	9.855E-01	9.651E-01	9.651E-01	69.100	95	94	95
Q6V8J2_conserved	B5L5W3_conserved	9.829E-01	9.626E-01	9.626E-01	64.800	95	94	95
Q6V8J2_conserved	B3SU2_conserved	9.767E-01	9.467E-01	9.565E-01	62.300	95	93	94
Q6V8J2_conserved	Q9K578_conserved	9.717E-01	9.321E-01	9.417E-01	64.100	95	92	94
Q6V8J2_conserved	A0A0C5LQ34_conserved	9.502E-01	9.120E-01	9.307E-01	59.100	95	93	93
Q6V8J2_conserved	AF-A8GGW7-F1-model_v4_conserved	9.509E-01	9.223E-01	9.223E-01	50.500	95	93	95
Q6V8J2_conserved	Q8KKG1_conserved	9.444E-01	9.158E-01	9.158E-01	50.500	95	93	95
Q6V8J2_conserved	MBL1b_conserved	9.425E-01	9.141E-01	9.141E-01	50.500	95	93	95
Q6V8J2_conserved	AF-Q89GW5-F1-model_v4_conserved	9.324E-01	9.043E-01	9.043E-01	54.200	95	94	95
Q6V8J2_conserved	AF-A0A1L6K5Z8-F1-model_v4_conserved	9.330E-01	9.054E-01	9.144E-01	49.400	95	93	94
Q6V8J2_conserved	GRD33_conserved	9.323E-01	9.047E-01	9.137E-01	51.600	95	93	94
Q6V8J2_conserved	THIN-B_conserved	9.336E-01	9.058E-01	9.058E-01	46.200	95	93	95
Q6V8J2_conserved	AF-A0A1L6K5Z9-F1-model_v4_conserved	9.301E-01	9.024E-01	9.024E-01	49.400	95	93	95
Q6V8J2_conserved	ECM-1_conserved	9.306E-01	9.028E-01	9.028E-01	45.100	95	93	95
Q6V8J2_conserved	AF-K4GMF9-F1-model_v4_conserved	9.293E-01	9.016E-01	9.016E-01	47.300	95	93	95
Q6V8J2_conserved	A0A0C5LDH9_conserved	9.297E-01	9.021E-01	9.021E-01	50.500	95	93	95
Q6V8J2_conserved	AF-A0A4D6P0I4-F1-model_v4_conserved	9.291E-01	9.015E-01	9.015E-01	46.200	95	93	95
Q6V8J2_conserved	PJM-1_conserved	9.294E-01	9.019E-01	9.019E-01	45.100	95	93	95
Q6V8J2_conserved	B5L5V3_conserved	9.294E-01	9.018E-01	9.018E-01	51.600	95	93	95
Q6V8J2_conserved	A0A386JBC5_conserved	9.230E-01	8.956E-01	9.046E-01	48.300	95	93	94
Q6V8J2_conserved	AF-A0A1L6K5X8-F1-model_v4_conserved	9.282E-01	9.007E-01	9.007E-01	45.100	95	93	95
Q6V8J2_conserved	A0A059Q5E8_conserved	9.279E-01	9.004E-01	9.004E-01	51.600	95	93	95
Q6V8J2_conserved	AF-K4GMG4-F1-model_v4_conserved	9.189E-01	8.915E-01	9.005E-01	44.600	95	94	94
Q6V8J2_conserved	AF-K4GMK0-F1-model_v4_conserved	9.219E-01	8.945E-01	8.945E-01	48.300	95	93	95
Q6V8J2_conserved	B5DCA0_conserved	9.247E-01	8.974E-01	8.974E-01	45.100	95	93	95
Q6V8J2_conserved	U3U4Q6_conserved	9.235E-01	8.961E-01	8.961E-01	45.100	95	93	95
Q6V8J2_conserved	G5ELM3_conserved	9.228E-01	8.954E-01	8.954E-01	46.200	95	93	95
Q6V8J2_conserved	AF-A0A1L6K5Y8-F1-model_v4_conserved	9.157E-01	8.977E-01	8.977E-01	51.000	95	94	95
Q6V8J2_conserved	Q9JRP7_conserved	9.230E-01	8.957E-01	8.957E-01	45.100	95	93	95
Q6V8J2_conserved	AF-K4GMG9-F1-model_v6_conserved	9.188E-01	8.915E-01	8.915E-01	45.100	95	93	95
Q6V8J2_conserved	NWM_conserved	9.186E-01	8.913E-01	8.913E-01	46.200	95	93	95
Q6V8J2_conserved	B5L5V0_conserved	9.181E-01	8.909E-01	8.909E-01	51.600	95	93	95
Q6V8J2_conserved	B3SU1_conserved	9.166E-01	8.896E-01	8.896E-01	49.400	95	93	95
Q6V8J2_conserved	AF-A0A1L5BQA7-F1-model_v4_conserved	9.162E-01	8.801E-01	8.889E-01	47.300	95	93	94
Q6V8J2_conserved	AF-Q6D395-F1-model_v4_conserved	8.766E-01	8.340E-01	8.505E-01	43.100	95	95	93
Q9KJB2_conserved	Q9KJB2_conserved	1.011E+00	1.000E+00	1.000E+00	100.000	89	89	89
Q9KJB2_conserved	Q9KJB4_conserved	1.011E+00	9.996E-01	9.996E-01	98.800	89	89	89
Q9KJB2_conserved	Q9KJB6_conserved	1.011E+00	9.996E-01	9.996E-01	98.800	89	89	89
Q9KJB2_conserved	Q9KJB3_conserved	1.011E+00	9.996E-01	9.996E-01	98.800	89	89	89
Q9KJB2_conserved	Q9KJB5_conserved	1.011E+00	9.996E-01	9.996E-01	97.700	89	89	89
Q9KJB2_conserved	Q9KJB1_conserved	1.011E+00	9.995E-01	9.995E-01	98.800	89	89	89
Q9KJB2_conserved	AF-A0A0D0GMS0-F1-model_v4_conserved	1.006E+00	9.952E-01	9.629E-01	89.800	89	89	92
Q9KJB2_conserved	A0A0C5L392_conserved	1.010E+00	9.987E-01	9.456E-01	91.000	89	89	94
Q9KJB2_conserved	Q9RB00_conserved	1.011E+00	9.995E-01	9.364E-01	98.800	89	89	95
Q9KJB2_conserved	Q6DTI5_conserved	1.011E+00	9.994E-01	9.363E-01	98.800	89	89	95
Q9KJB2_conserved	Q6DTI7_conserved	1.011E+00	9.994E-01	9.363E-01	98.800	89	89	95
Q9KJB2_conserved	Q6V8J2_conserved	1.011E+00	9.994E-01	9.363E-01	98.800	89	89	95
Q9KJB2_conserved	Q6DTI8_conserved	1.011E+00	9.993E-01	9.363E-01	97.700	89	89	95
Q9KJB2_conserved	Q5EEU4_conserved	1.010E+00	9.985E-01	9.355E-01	96.600	89	89	95
Q9KJB2_conserved	A0A0C5LQ44_conserved	1.009E+00	9.977E-01	9.349E-01	93.200	89	89	95
Q9KJB2_conserved	A0A0C5LDD5_conserved	1.009E+00	9.977E-01	9.348E-01	92.100	89	89	95
Q9KJB2_conserved	Q4JRB6_conserved	1.009E+00	9.977E-01	9.348E-01	98.800	89	89	95
Q9KJB2_conserved	B5L5V5_conserved	1.007E+00	9.961E-01	9.334E-01	91.000	89	89	95
Q9KJB2_conserved	A0A0C5LDD9_conserved	1.007E+00	9.955E-01	9.329E-01	92.100	89	89	95
Q9KJB2_conserved	B5L5X0_conserved	1.006E+00	9.949E-01	9.324E-01	88.700	89	89	95
Q9KJB2_conserved	B5L5V9_conserved	1.003E+00	9.920E-01	9.298E-01	77.500	89	89	95
Q9KJB2_conserved	B5L5V2_conserved	9.950E-01	9.840E-01	9.227E-01	69.600	89	89	95
Q9KJB2_conserved	B5L5W3_conserved	9.928E-01	9.819E-01	9.209E-01	65.100	89	89	95
Q9KJB2_conserved	B3SU2_conserved	9.782E-01	9.675E-01	9.175E-01	64.000	89	89	94
Q9KJB2_conserved	Q9K578_conserved	9.752E-01	9.540E-01	9.047E-01	64.700	89	88	94
Q9KJB2_conserved	Q8KKG1_conserved	9.568E-01	9.464E-01	8.887E-01	51.600	89	89	95
Q9KJB2_conserved	A0A0C5LQ34_conserved	9.584E-01	9.377E-01	8.989E-01	60.600	89	89	93
Q9KJB2_conserved	AF-A8GGW7-F1-model_v4_conserved	9.588E-01	9.485E-01	8.912E-01	50.500	89	89	95
Q9KJB2_conserved	MBL1b_conserved	9.535E-01	9.432E-01	8.859E-01	51.600	89	89	95
Q9KJB2_conserved	AF-Q89GW5-F1-model_v4_conserved	9.493E-01	9.391E-01	8.820E-01	55.500	89	90	95
Q9KJB2_conserved	A0A0C5LDH9_conserved	9.444E-01	9.343E-01	8.784E-01	51.600	89	89	95
Q9KJB2_conserved	B5L5V3_conserved	9.413E-01	9.314E-01	8.757E-01	52.800	89	89	95
Q9KJB2_conserved	A0A059Q5E8_conserved	9.414E-01	9.314E-01	8.758E-01	52.800	89	89	95
Q9KJB2_conserved	AF-A0A1L6K5Z9-F1-model_v4_conserved	9.367E-01	9.267E-01	8.711E-01	50.500	89	89	95
Q9KJB2_conserved	A0A386JBC5_conserved	9.331E-01	9.232E-01	8.767E-01	49.400	89	89	94
Q9KJB2_conserved	AF-A0A1L6K5Z8-F1-model_v4_conserved	9.359E-01	9.260E-01	8.797E-01	50.500	89	89	94
Q9KJB2_conserved	THIN-B_conserved	9.368E-01	9.269E-01	8.715E-01	47.100	89	89	95
Q9KJB2_conserved	AF-K4GMK0-F1-model_v4_conserved	9.323E-01	9.224E-01	8.670E-01	49.400	89	89	95
Q9KJB2_conserved	AF-A0A1L6K5X8-F1-model_v4_conserved	9.345E-01	9.246E-01	8.693E-01	47.100	89	89	95
Q9KJB2_conserved	AF-K4GMF9-F1-model_v4_conserved	9.332E-01	9.233E-01	8.681E-01	48.300	89	89	95
Q9KJB2_conserved	PJM-1_conserved	9.353E-01	9.254E-01	8.703E-01	46.000	89	89	95
Q9KJB2_conserved	GRD33_conserved	9.327E-01	9.229E-01	8.768E-01	52.800	89	89	94
Q9KJB2_conserved	U3U4Q6_conserved	9.335E-01	9.236E-01	8.684E-01	47.100	89	89	95
Q9KJB2_conserved	B5DCA0_conserved	9.350E-01	9.251E-01	8.700E-01	46.000	89	89	95
Q9KJB2_conserved	AF-A0A4D6P0I4-F1-model_v4_conserved	9.335E-01	9.236E-01	8.685E-01	47.100	89	89	95
Q9KJB2_conserved	ECM-1_conserved	9.318E-01	9.219E-01	8.668E-01	46.000	89	89	95
Q9KJB2_conserved	Q9JRP7_conserved	9.322E-01	9.223E-01	8.673E-01	47.100	89	89	95
Q9KJB2_conserved	B5L5V0_conserved	9.316E-01	9.218E-01	8.667E-01	52.800	89	89	95
Q9KJB2_conserved	AF-K4GMG9-F1-model_v6_conserved	9.288E-01	9.189E-01	8.640E-01	46.000	89	89	95
Q9KJB2_conserved	AF-A0A1L6K5Y8-F1-model_v4_conserved	9.306E-01	9.208E-01	8.660E-01	51.600	89	89	95
Q9KJB2_conserved	G5ELM3_conserved	9.296E-01	9.197E-01	8.649E-01	47.100	89	89	95
Q9KJB2_conserved	NWM_conserved	9.247E-01	9.150E-01	8.605E-01	47.100	89	89	95
Q9KJB2_conserved	AF-K4GMG4-F1-model_v4_conserved	9.188E-01	9.091E-01	8.634E-01	45.500	89	90	94
Q9KJB2_conserved	AF-A0A1L5BQA7-F1-model_v4_conserved	9.265E-01	9.070E-01	8.615E-01	48.300	89	89	94
Q9KJB2_conserved	B3SU1_conserved	9.163E-01	9.067E-01	8.532E-01	50.500	89	89	95
Q9KJB2_conserved	AF-Q6D395-F1-model_v4_conserved	8.778E-01	8.505E-01	8.166E-01	43.900	89	91	93
Q9KJB5_conserved	Q9KJB5_conserved	1.011E+00	1.000E+00	1.000E+00	100.000	89	89	89
Q9KJB5_conserved	Q9KJB6_conserved	1.011E+00	9.999E-01	9.999E-01	98.800	89	89	89
Q9KJB5_conserved	Q9KJB3_conserved	1.011E+00	9.999E-01	9.999E-01	98.800	89	89	89
Q9KJB5_conserved	Q9KJB4_conserved	1.011E+00	9.999E-01	9.999E-01	98.800	89	89	89
Q9KJB5_conserved	Q9KJB1_conserved	1.011E+00	9.998E-01	9.998E-01	98.800	89	89	89
Q9KJB5_conserved	Q9KJB2_conserved	1.011E+00	9.996E-01	9.996E-01	97.700	89	89	89
Q9KJB5_conserved	AF-A0A0D0GMS0-F1-model_v4_conserved	1.007E+00	9.959E-01	9.635E-01	89.800	89	89	92
Q9KJB5_conserved	A0A0C5L392_conserved	1.010E+00	9.991E-01	9.460E-01	92.100	89	89	94
Q9KJB5_conserved	Q6DTI7_conserved	1.011E+00	9.997E-01	9.366E-01	98.800	89	89	95
Q9KJB5_conserved	Q6V8J2_conserved	1.011E+00	9.997E-01	9.366E-01	98.800	89	89	95
Q9KJB5_conserved	Q6DTI5_conserved	1.011E+00	9.997E-01	9.366E-01	98.800	89	89	95
Q9KJB5_conserved	Q6DTI8_conserved	1.011E+00	9.996E-01	9.365E-01	97.700	89	89	95
Q9KJB5_conserved	Q9RB00_conserved	1.011E+00	9.996E-01	9.365E-01	98.800	89	89	95
Q9KJB5_conserved	Q5EEU4_conserved	1.010E+00	9.988E-01	9.358E-01	96.600	89	89	95
Q9KJB5_conserved	A0A0C5LQ44_conserved	1.009E+00	9.981E-01	9.352E-01	93.200	89	89	95
Q9KJB5_conserved	Q4JRB6_conserved	1.009E+00	9.981E-01	9.351E-01	98.800	89	89	95
Q9KJB5_conserved	A0A0C5LDD5_conserved	1.009E+00	9.978E-01	9.349E-01	92.100	89	89	95
Q9KJB5_conserved	B5L5V5_conserved	1.008E+00	9.963E-01	9.336E-01	89.800	89	89	95
Q9KJB5_conserved	A0A0C5LDD9_conserved	1.007E+00	9.962E-01	9.335E-01	92.100	89	89	95
Q9KJB5_conserved	B5L5X0_conserved	1.007E+00	9.955E-01	9.329E-01	88.700	89	89	95
Q9KJB5_conserved	B5L5V9_conserved	1.004E+00	9.928E-01	9.305E-01	77.500	89	89	95
Q9KJB5_conserved	B5L5V2_conserved	9.947E-01	9.837E-01	9.225E-01	69.600	89	89	95
Q9KJB5_conserved	B5L5W3_conserved	9.928E-01	9.819E-01	9.209E-01	65.100	89	89	95
Q9KJB5_conserved	B3SU2_conserved	9.790E-01	9.683E-01	9.182E-01	64.000	89	89	94
Q9KJB5_conserved	Q9K578_conserved	9.758E-01	9.546E-01	9.053E-01	64.700	89	88	94
Q9KJB5_conserved	Q8KKG1_conserved	9.565E-01	9.461E-01	8.884E-01	52.800	89	89	95
Q9KJB5_conserved	A0A0C5LQ34_conserved	9.585E-01	9.378E-01	8.990E-01	60.600	89	89	93
Q9KJB5_conserved	AF-A8GGW7-F1-model_v4_conserved	9.583E-01	9.481E-01	8.908E-01	50.500	89	89	95
Q9KJB5_conserved	MBL1b_conserved	9.531E-01	9.428E-01	8.855E-01	52.800	89	89	95
Q9KJB5_conserved	AF-Q89GW5-F1-model_v4_conserved	9.495E-01	9.392E-01	8.822E-01	56.600	89	90	95
Q9KJB5_conserved	A0A0C5LDH9_conserved	9.448E-01	9.348E-01	8.788E-01	51.600	89	89	95
Q9KJB5_conserved	B5L5V3_conserved	9.421E-01	9.321E-01	8.764E-01	52.800	89	89	95
Q9KJB5_conserved	A0A059Q5E8_conserved	9.419E-01	9.319E-01	8.762E-01	52.800	89	89	95
Q9KJB5_conserved	A0A386JBC5_conserved	9.334E-01	9.235E-01	8.769E-01	51.600	89	89	94
Q9KJB5_conserved	AF-A0A1L6K5Z9-F1-model_v4_conserved	9.366E-01	9.266E-01	8.710E-01	50.500	89	89	95
Q9KJB5_conserved	AF-A0A1L6K5Z8-F1-model_v4_conserved	9.361E-01	9.262E-01	8.798E-01	50.500	89	89	94
Q9KJB5_conserved	THIN-B_conserved	9.372E-01	9.273E-01	8.718E-01	47.100	89	89	95
Q9KJB5_conserved	AF-K4GMK0-F1-model_v4_conserved	9.322E-01	9.223E-01	8.669E-01	49.400	89	89	95
Q9KJB5_conserved	PJM-1_conserved	9.356E-01	9.257E-01	8.705E-01	46.000	89	89	95
Q9KJB5_conserved	AF-K4GMF9-F1-model_v4_conserved	9.332E-01	9.233E-01	8.680E-01	48.300	89	89	95
Q9KJB5_conserved	GRD33_conserved	9.329E-01	9.231E-01	8.770E-01	52.800	89	89	94
Q9KJB5_conserved	B5DCA0_conserved	9.354E-01	9.255E-01	8.704E-01	46.000	89	89	95
Q9KJB5_conserved	AF-A0A1L6K5X8-F1-model_v4_conserved	9.340E-01	9.241E-01	8.689E-01	46.000	89	89	95
Q9KJB5_conserved	AF-A0A4D6P0I4-F1-model_v4_conserved	9.334E-01	9.235E-01	8.683E-01	46.000	89	89	95
Q9KJB5_conserved	U3U4Q6_conserved	9.330E-01	9.232E-01	8.680E-01	46.000	89	89	95
Q9KJB5_conserved	B5L5V0_conserved	9.323E-01	9.224E-01	8.672E-01	52.800	89	89	95
Q9KJB5_conserved	ECM-1_conserved	9.319E-01	9.221E-01	8.669E-01	46.000	89	89	95
Q9KJB5_conserved	Q9JRP7_conserved	9.320E-01	9.222E-01	8.671E-01	46.000	89	89	95
Q9KJB5_conserved	AF-K4GMG9-F1-model_v6_conserved	9.287E-01	9.189E-01	8.639E-01	46.000	89	89	95
Q9KJB5_conserved	G5ELM3_conserved	9.301E-01	9.203E-01	8.654E-01	47.100	89	89	95
Q9KJB5_conserved	AF-A0A1L6K5Y8-F1-model_v4_conserved	9.311E-01	9.213E-01	8.664E-01	51.600	89	89	95
Q9KJB5_conserved	NWM_conserved	9.248E-01	9.150E-01	8.605E-01	47.100	89	89	95
Q9KJB5_conserved	AF-K4GMG4-F1-model_v4_conserved	9.185E-01	9.088E-01	8.631E-01	45.500	89	90	94
Q9KJB5_conserved	AF-A0A1L5BQA7-F1-model_v4_conserved	9.264E-01	9.069E-01	8.614E-01	48.300	89	89	94
Q9KJB5_conserved	B3SU1_conserved	9.165E-01	9.069E-01	8.534E-01	50.500	89	89	95
Q9KJB5_conserved	AF-Q6D395-F1-model_v4_conserved	8.774E-01	8.501E-01	8.162E-01	45.000	89	91	93
Q9KJB3_conserved	Q9KJB3_conserved	1.011E+00	1.000E+00	1.000E+00	100.000	89	89	89
Q9KJB3_conserved	Q9KJB5_conserved	1.011E+00	9.999E-01	9.999E-01	98.800	89	89	89
Q9KJB3_conserved	Q9KJB6_conserved	1.011E+00	9.999E-01	9.999E-01	100.000	89	89	89
Q9KJB3_conserved	Q9KJB4_conserved	1.011E+00	9.999E-01	9.999E-01	100.000	89	89	89
Q9KJB3_conserved	Q9KJB1_conserved	1.011E+00	9.998E-01	9.998E-01	100.000	89	89	89
Q9KJB3_conserved	Q9KJB2_conserved	1.011E+00	9.996E-01	9.996E-01	98.800	89	89	89
Q9KJB3_conserved	AF-A0A0D0GMS0-F1-model_v4_conserved	1.007E+00	9.956E-01	9.632E-01	91.000	89	89	92
Q9KJB3_conserved	A0A0C5L392_conserved	1.010E+00	9.991E-01	9.460E-01	92.100	89	89	94
Q9KJB3_conserved	Q6DTI7_conserved	1.011E+00	9.998E-01	9.366E-01	100.000	89	89	95
Q9KJB3_conserved	Q6V8J2_conserved	1.011E+00	9.997E-01	9.366E-01	100.000	89	89	95
Q9KJB3_conserved	Q6DTI5_conserved	1.011E+00	9.997E-01	9.366E-01	100.000	89	89	95
Q9KJB3_conserved	Q9RB00_conserved	1.011E+00	9.997E-01	9.366E-01	100.000	89	89	95
Q9KJB3_conserved	Q6DTI8_conserved	1.011E+00	9.996E-01	9.365E-01	98.800	89	89	95
Q9KJB3_conserved	Q5EEU4_conserved	1.010E+00	9.988E-01	9.358E-01	97.700	89	89	95
Q9KJB3_conserved	A0A0C5LQ44_conserved	1.009E+00	9.980E-01	9.351E-01	94.300	89	89	95
Q9KJB3_conserved	Q4JRB6_conserved	1.009E+00	9.979E-01	9.350E-01	100.000	89	89	95
Q9KJB3_conserved	A0A0C5LDD5_conserved	1.009E+00	9.978E-01	9.349E-01	93.200	89	89	95
Q9KJB3_conserved	B5L5V5_conserved	1.007E+00	9.961E-01	9.334E-01	91.000	89	89	95
Q9KJB3_conserved	A0A0C5LDD9_conserved	1.007E+00	9.960E-01	9.334E-01	93.200	89	89	95
Q9KJB3_conserved	B5L5X0_conserved	1.007E+00	9.954E-01	9.328E-01	89.800	89	89	95
Q9KJB3_conserved	B5L5V9_conserved	1.004E+00	9.927E-01	9.304E-01	78.600	89	89	95
Q9KJB3_conserved	B5L5V2_conserved	9.948E-01	9.838E-01	9.226E-01	70.700	89	89	95
Q9KJB3_conserved	B5L5W3_conserved	9.928E-01	9.818E-01	9.208E-01	66.200	89	89	95
Q9KJB3_conserved	B3SU2_conserved	9.789E-01	9.682E-01	9.181E-01	65.100	89	89	94
Q9KJB3_conserved	Q9K578_conserved	9.759E-01	9.546E-01	9.053E-01	65.900	89	88	94
Q9KJB3_conserved	Q8KKG1_conserved	9.566E-01	9.463E-01	8.885E-01	52.800	89	89	95
Q9KJB3_conserved	A0A0C5LQ34_conserved	9.586E-01	9.380E-01	8.991E-01	61.700	89	89	93
Q9KJB3_conserved	AF-A8GGW7-F1-model_v4_conserved	9.582E-01	9.479E-01	8.907E-01	51.600	89	89	95
Q9KJB3_conserved	MBL1b_conserved	9.533E-01	9.430E-01	8.857E-01	52.800	89	89	95
Q9KJB3_conserved	AF-Q89GW5-F1-model_v4_conserved	9.492E-01	9.390E-01	8.820E-01	56.600	89	90	95
Q9KJB3_conserved	A0A0C5LDH9_conserved	9.445E-01	9.344E-01	8.785E-01	52.800	89	89	95
Q9KJB3_conserved	B5L5V3_conserved	9.417E-01	9.317E-01	8.760E-01	53.900	89	89	95
Q9KJB3_conserved	A0A059Q5E8_conserved	9.414E-01	9.315E-01	8.758E-01	53.900	89	89	95
Q9KJB3_conserved	A0A386JBC5_conserved	9.333E-01	9.234E-01	8.768E-01	50.500	89	89	94
Q9KJB3_conserved	AF-A0A1L6K5Z9-F1-model_v4_conserved	9.364E-01	9.264E-01	8.708E-01	51.600	89	89	95
Q9KJB3_conserved	AF-A0A1L6K5Z8-F1-model_v4_conserved	9.358E-01	9.260E-01	8.796E-01	51.600	89	89	94
Q9KJB3_conserved	THIN-B_conserved	9.369E-01	9.270E-01	8.715E-01	48.300	89	89	95
Q9KJB3_conserved	AF-K4GMK0-F1-model_v4_conserved	9.321E-01	9.221E-01	8.668E-01	50.500	89	89	95
Q9KJB3_conserved	AF-K4GMF9-F1-model_v4_conserved	9.333E-01	9.233E-01	8.680E-01	49.400	89	89	95
Q9KJB3_conserved	PJM-1_conserved	9.354E-01	9.256E-01	8.704E-01	47.100	89	89	95
Q9KJB3_conserved	GRD33_conserved	9.327E-01	9.229E-01	8.768E-01	53.900	89	89	94
Q9KJB3_conserved	B5DCA0_conserved	9.351E-01	9.253E-01	8.701E-01	47.100	89	89	95
Q9KJB3_conserved	AF-A0A1L6K5X8-F1-model_v4_conserved	9.340E-01	9.241E-01	8.688E-01	47.100	89	89	95
Q9KJB3_conserved	AF-A0A4D6P0I4-F1-model_v4_conserved	9.332E-01	9.233E-01	8.682E-01	47.100	89	89	95
Q9KJB3_conserved	U3U4Q6_conserved	9.328E-01	9.230E-01	8.678E-01	47.100	89	89	95
Q9KJB3_conserved	ECM-1_conserved	9.321E-01	9.222E-01	8.670E-01	47.100	89	89	95
Q9KJB3_conserved	B5L5V0_conserved	9.318E-01	9.219E-01	8.668E-01	53.900	89	89	95
Q9KJB3_conserved	Q9JRP7_conserved	9.320E-01	9.221E-01	8.670E-01	47.100	89	89	95
Q9KJB3_conserved	AF-K4GMG9-F1-model_v6_conserved	9.287E-01	9.189E-01	8.639E-01	47.100	89	89	95
Q9KJB3_conserved	G5ELM3_conserved	9.300E-01	9.201E-01	8.652E-01	48.300	89	89	95
Q9KJB3_conserved	AF-A0A1L6K5Y8-F1-model_v4_conserved	9.306E-01	9.208E-01	8.660E-01	52.800	89	89	95
Q9KJB3_conserved	NWM_conserved	9.246E-01	9.148E-01	8.603E-01	48.300	89	89	95
Q9KJB3_conserved	AF-K4GMG4-F1-model_v4_conserved	9.185E-01	9.087E-01	8.630E-01	46.600	89	90	94
Q9KJB3_conserved	AF-A0A1L5BQA7-F1-model_v4_conserved	9.260E-01	9.065E-01	8.611E-01	49.400	89	89	94
Q9KJB3_conserved	B3SU1_conserved	9.164E-01	9.069E-01	8.533E-01	51.600	89	89	95
Q9KJB3_conserved	AF-Q6D395-F1-model_v4_conserved	8.774E-01	8.501E-01	8.162E-01	45.000	89	91	93
THIN-B_conserved	THIN-B_conserved	1.011E+00	1.000E+00	1.000E+00	100.000	95	95	95
THIN-B_conserved	AF-A0A1L6K5Y8-F1-model_v4_conserved	9.978E-01	9.666E-01	9.666E-01	84.900	95	93	95
THIN-B_conserved	A0A059Q5E8_conserved	9.849E-01	9.544E-01	9.544E-01	77.400	95	93	95
THIN-B_conserved	PJM-1_conserved	9.845E-01	9.540E-01	9.540E-01	73.100	95	93	95
THIN-B_conserved	B5DCA0_conserved	9.836E-01	9.532E-01	9.532E-01	72.000	95	93	95
THIN-B_conserved	A0A0C5LDH9_conserved	9.828E-01	9.524E-01	9.524E-01	72.000	95	93	95
THIN-B_conserved	AF-A0A1L6K5Z9-F1-model_v4_conserved	9.797E-01	9.494E-01	9.494E-01	72.000	95	93	95
THIN-B_conserved	AF-A0A1L6K5Z8-F1-model_v4_conserved	9.763E-01	9.463E-01	9.561E-01	75.200	95	93	94
THIN-B_conserved	GRD33_conserved	9.752E-01	9.452E-01	9.550E-01	76.300	95	93	94
THIN-B_conserved	B5L5V3_conserved	9.784E-01	9.483E-01	9.483E-01	78.400	95	93	95
THIN-B_conserved	A0A386JBC5_conserved	9.733E-01	9.433E-01	9.531E-01	67.700	95	93	94
THIN-B_conserved	B5L5V0_conserved	9.739E-01	9.439E-01	9.439E-01	75.200	95	93	95
THIN-B_conserved	G5ELM3_conserved	9.744E-01	9.445E-01	9.445E-01	70.900	95	93	95
THIN-B_conserved	AF-K4GMK0-F1-model_v4_conserved	9.696E-01	9.398E-01	9.398E-01	62.300	95	93	95
THIN-B_conserved	AF-K4GMF9-F1-model_v4_conserved	9.696E-01	9.399E-01	9.399E-01	61.200	95	93	95
THIN-B_conserved	A0A0C5LQ34_conserved	9.685E-01	9.288E-01	9.482E-01	63.400	95	93	93
THIN-B_conserved	ECM-1_conserved	9.678E-01	9.382E-01	9.382E-01	62.300	95	93	95
THIN-B_conserved	AF-A8GGW7-F1-model_v4_conserved	9.671E-01	9.375E-01	9.375E-01	62.300	95	93	95
THIN-B_conserved	AF-A0A1L5BQA7-F1-model_v4_conserved	9.707E-01	9.310E-01	9.406E-01	68.800	95	93	94
THIN-B_conserved	AF-K4GMG9-F1-model_v6_conserved	9.664E-01	9.368E-01	9.368E-01	61.200	95	93	95
THIN-B_conserved	NWM_conserved	9.643E-01	9.349E-01	9.349E-01	64.500	95	93	95
THIN-B_conserved	AF-K4GMG4-F1-model_v4_conserved	9.562E-01	9.270E-01	9.366E-01	59.100	95	93	94
THIN-B_conserved	B3SU1_conserved	9.603E-01	9.310E-01	9.310E-01	64.500	95	93	95
THIN-B_conserved	B3SU2_conserved	9.521E-01	9.234E-01	9.327E-01	52.600	95	93	94
THIN-B_conserved	Q8KKG1_conserved	9.531E-01	9.242E-01	9.242E-01	59.100	95	93	95
THIN-B_conserved	MBL1b_conserved	9.517E-01	9.228E-01	9.228E-01	58.000	95	93	95
THIN-B_conserved	Q9K578_conserved	9.503E-01	9.121E-01	9.213E-01	55.400	95	92	94
THIN-B_conserved	AF-A0A1L6K5X8-F1-model_v4_conserved	9.374E-01	9.091E-01	9.091E-01	56.900	95	93	95
THIN-B_conserved	Q4JRB6_conserved	9.386E-01	9.106E-01	9.106E-01	46.200	95	93	95
THIN-B_conserved	B5L5X0_conserved	9.372E-01	9.092E-01	9.092E-01	47.300	95	93	95
THIN-B_conserved	B5L5W3_conserved	9.368E-01	9.088E-01	9.088E-01	47.300	95	93	95
THIN-B_conserved	Q5EEU4_conserved	9.356E-01	9.077E-01	9.077E-01	47.300	95	93	95
THIN-B_conserved	B5L5V2_conserved	9.347E-01	9.068E-01	9.068E-01	50.500	95	93	95
THIN-B_conserved	B5L5V9_conserved	9.344E-01	9.066E-01	9.066E-01	46.200	95	93	95
THIN-B_conserved	AF-A0A4D6P0I4-F1-model_v4_conserved	9.320E-01	9.040E-01	9.040E-01	54.800	95	93	95
THIN-B_conserved	B5L5V5_conserved	9.323E-01	9.045E-01	9.045E-01	46.200	95	93	95
THIN-B_conserved	Q6V8J2_conserved	9.336E-01	9.058E-01	9.058E-01	46.200	95	93	95
THIN-B_conserved	Q9RB00_conserved	9.331E-01	9.054E-01	9.054E-01	46.200	95	93	95
THIN-B_conserved	Q6DTI8_conserved	9.330E-01	9.052E-01	9.052E-01	46.200	95	93	95
THIN-B_conserved	Q6DTI5_conserved	9.326E-01	9.049E-01	9.049E-01	46.200	95	93	95
THIN-B_conserved	Q6DTI7_conserved	9.322E-01	9.045E-01	9.045E-01	46.200	95	93	95
THIN-B_conserved	A0A0C5LDD9_conserved	9.391E-01	9.017E-01	9.017E-01	47.800	95	92	95
THIN-B_conserved	AF-A0A0D0GMS0-F1-model_v4_conserved	9.433E-01	8.866E-01	9.141E-01	48.800	95	90	92
THIN-B_conserved	A0A0C5LQ44_conserved	9.319E-01	9.042E-01	9.042E-01	48.300	95	93	95
THIN-B_conserved	U3U4Q6_conserved	9.275E-01	8.998E-01	8.998E-01	55.300	95	94	95
THIN-B_conserved	Q9KJB1_conserved	9.380E-01	8.725E-01	9.281E-01	48.300	95	89	89
THIN-B_conserved	Q9JRP7_conserved	9.277E-01	9.000E-01	9.000E-01	55.900	95	93	95
THIN-B_conserved	A0A0C5LDD5_conserved	9.294E-01	9.018E-01	9.018E-01	45.100	95	93	95
THIN-B_conserved	Q9KJB5_conserved	9.372E-01	8.718E-01	9.273E-01	47.100	95	89	89
THIN-B_conserved	Q9KJB4_conserved	9.372E-01	8.718E-01	9.272E-01	48.300	95	89	89
THIN-B_conserved	Q9KJB6_conserved	9.371E-01	8.717E-01	9.271E-01	48.300	95	89	89
THIN-B_conserved	A0A0C5L392_conserved	9.332E-01	8.962E-01	9.051E-01	44.500	95	92	94
THIN-B_conserved	Q9KJB3_conserved	9.369E-01	8.715E-01	9.270E-01	48.300	95	89	89
THIN-B_conserved	Q9KJB2_conserved	9.368E-01	8.715E-01	9.269E-01	47.100	95	89	89
THIN-B_conserved	AF-Q89GW5-F1-model_v4_conserved	9.230E-01	8.955E-01	8.955E-01	53.100	95	94	95
THIN-B_conserved	AF-Q6D395-F1-model_v4_conserved	8.932E-01	8.490E-01	8.661E-01	47.300	95	95	93
AF-A0A1L5BQA7-F1-model_v4_conserved	AF-A0A1L5BQA7-F1-model_v4_conserved	1.011E+00	1.000E+00	1.000E+00	100.000	94	94	94
AF-A0A1L5BQA7-F1-model_v4_conserved	B5L5V0_conserved	9.839E-01	9.531E-01	9.433E-01	66.600	94	93	95
AF-A0A1L5BQA7-F1-model_v4_conserved	A0A059Q5E8_conserved	9.792E-01	9.487E-01	9.389E-01	67.700	94	93	95
AF-A0A1L5BQA7-F1-model_v4_conserved	A0A0C5LDH9_conserved	9.790E-01	9.485E-01	9.387E-01	61.200	94	93	95
AF-A0A1L5BQA7-F1-model_v4_conserved	G5ELM3_conserved	9.792E-01	9.487E-01	9.390E-01	63.400	94	93	95
AF-A0A1L5BQA7-F1-model_v4_conserved	B5L5V3_conserved	9.771E-01	9.466E-01	9.369E-01	65.500	94	93	95
AF-A0A1L5BQA7-F1-model_v4_conserved	A0A386JBC5_conserved	9.743E-01	9.441E-01	9.441E-01	59.100	94	93	94
AF-A0A1L5BQA7-F1-model_v4_conserved	AF-K4GMK0-F1-model_v4_conserved	9.768E-01	9.465E-01	9.368E-01	58.000	94	93	95
AF-A0A1L5BQA7-F1-model_v4_conserved	AF-A0A1L6K5Z9-F1-model_v4_conserved	9.764E-01	9.461E-01	9.364E-01	65.500	94	93	95
AF-A0A1L5BQA7-F1-model_v4_conserved	AF-A0A1L6K5Y8-F1-model_v4_conserved	9.712E-01	9.410E-01	9.313E-01	66.600	94	93	95
AF-A0A1L5BQA7-F1-model_v4_conserved	NWM_conserved	9.728E-01	9.426E-01	9.330E-01	60.200	94	93	95
AF-A0A1L5BQA7-F1-model_v4_conserved	AF-K4GMG9-F1-model_v6_conserved	9.728E-01	9.427E-01	9.331E-01	56.900	94	93	95
AF-A0A1L5BQA7-F1-model_v4_conserved	AF-A0A1L6K5Z8-F1-model_v4_conserved	9.684E-01	9.385E-01	9.385E-01	65.500	94	93	94
AF-A0A1L5BQA7-F1-model_v4_conserved	B5DCA0_conserved	9.719E-01	9.418E-01	9.321E-01	58.000	94	93	95
AF-A0A1L5BQA7-F1-model_v4_conserved	THIN-B_conserved	9.707E-01	9.406E-01	9.310E-01	68.800	94	93	95
AF-A0A1L5BQA7-F1-model_v4_conserved	PJM-1_conserved	9.697E-01	9.397E-01	9.302E-01	58.000	94	93	95
AF-A0A1L5BQA7-F1-model_v4_conserved	GRD33_conserved	9.641E-01	9.344E-01	9.344E-01	65.500	94	93	94
AF-A0A1L5BQA7-F1-model_v4_conserved	AF-K4GMF9-F1-model_v4_conserved	9.674E-01	9.377E-01	9.282E-01	56.900	94	93	95
AF-A0A1L5BQA7-F1-model_v4_conserved	ECM-1_conserved	9.628E-01	9.333E-01	9.239E-01	53.700	94	93	95
AF-A0A1L5BQA7-F1-model_v4_conserved	AF-K4GMG4-F1-model_v4_conserved	9.562E-01	9.269E-01	9.269E-01	59.100	94	93	94
AF-A0A1L5BQA7-F1-model_v4_conserved	A0A0C5LQ34_conserved	9.465E-01	9.173E-01	9.268E-01	62.300	94	93	93
AF-A0A1L5BQA7-F1-model_v4_conserved	AF-A8GGW7-F1-model_v4_conserved	9.563E-01	9.269E-01	9.175E-01	47.300	94	93	95
AF-A0A1L5BQA7-F1-model_v4_conserved	B3SU1_conserved	9.560E-01	9.268E-01	9.175E-01	61.200	94	93	95
AF-A0A1L5BQA7-F1-model_v4_conserved	Q8KKG1_conserved	9.481E-01	9.191E-01	9.098E-01	56.900	94	93	95
AF-A0A1L5BQA7-F1-model_v4_conserved	MBL1b_conserved	9.472E-01	9.182E-01	9.089E-01	55.300	94	94	95
AF-A0A1L5BQA7-F1-model_v4_conserved	U3U4Q6_conserved	9.421E-01	9.132E-01	9.040E-01	52.100	94	94	95
AF-A0A1L5BQA7-F1-model_v4_conserved	AF-A0A1L6K5X8-F1-model_v4_conserved	9.428E-01	9.140E-01	9.048E-01	51.600	94	93	95
AF-A0A1L5BQA7-F1-model_v4_conserved	AF-A0A4D6P0I4-F1-model_v4_conserved	9.413E-01	9.126E-01	9.034E-01	48.300	94	93	95
AF-A0A1L5BQA7-F1-model_v4_conserved	Q9JRP7_conserved	9.408E-01	9.121E-01	9.030E-01	50.500	94	93	95
AF-A0A1L5BQA7-F1-model_v4_conserved	B3SU2_conserved	9.328E-01	9.047E-01	9.047E-01	52.600	94	93	94
AF-A0A1L5BQA7-F1-model_v4_conserved	AF-Q89GW5-F1-model_v4_conserved	9.265E-01	8.984E-01	8.895E-01	52.100	94	94	95
AF-A0A1L5BQA7-F1-model_v4_conserved	Q9K578_conserved	9.315E-01	8.941E-01	8.941E-01	52.100	94	92	94
AF-A0A1L5BQA7-F1-model_v4_conserved	B5L5V9_conserved	9.214E-01	8.938E-01	8.850E-01	47.300	94	93	95
AF-A0A1L5BQA7-F1-model_v4_conserved	B5L5X0_conserved	9.197E-01	8.922E-01	8.834E-01	47.300	94	93	95
AF-A0A1L5BQA7-F1-model_v4_conserved	Q4JRB6_conserved	9.204E-01	8.928E-01	8.840E-01	47.300	94	93	95
AF-A0A1L5BQA7-F1-model_v4_conserved	B5L5V2_conserved	9.185E-01	8.909E-01	8.821E-01	43.600	94	94	95
AF-A0A1L5BQA7-F1-model_v4_conserved	B5L5V5_conserved	9.186E-01	8.911E-01	8.823E-01	46.200	94	93	95
AF-A0A1L5BQA7-F1-model_v4_conserved	AF-A0A0D0GMS0-F1-model_v4_conserved	9.316E-01	8.753E-01	8.933E-01	52.200	94	90	92
AF-A0A1L5BQA7-F1-model_v4_conserved	B5L5W3_conserved	9.197E-01	8.923E-01	8.835E-01	41.900	94	93	95
AF-A0A1L5BQA7-F1-model_v4_conserved	Q9KJB1_conserved	9.270E-01	8.619E-01	9.074E-01	49.400	94	89	89
AF-A0A1L5BQA7-F1-model_v4_conserved	Q9KJB2_conserved	9.265E-01	8.615E-01	9.070E-01	48.300	94	89	89
AF-A0A1L5BQA7-F1-model_v4_conserved	Q9KJB4_conserved	9.265E-01	8.615E-01	9.069E-01	49.400	94	89	89
AF-A0A1L5BQA7-F1-model_v4_conserved	Q9KJB5_conserved	9.264E-01	8.614E-01	9.069E-01	48.300	94	89	89
AF-A0A1L5BQA7-F1-model_v4_conserved	Q9KJB6_conserved	9.263E-01	8.613E-01	9.068E-01	49.400	94	89	89
AF-A0A1L5BQA7-F1-model_v4_conserved	Q5EEU4_conserved	9.173E-01	8.900E-01	8.812E-01	47.300	94	93	95
AF-A0A1L5BQA7-F1-model_v4_conserved	Q9KJB3_conserved	9.260E-01	8.611E-01	9.065E-01	49.400	94	89	89
AF-A0A1L5BQA7-F1-model_v4_conserved	A0A0C5LDD9_conserved	9.242E-01	8.872E-01	8.784E-01	51.000	94	92	95
AF-A0A1L5BQA7-F1-model_v4_conserved	Q6V8J2_conserved	9.162E-01	8.889E-01	8.801E-01	47.300	94	93	95
AF-A0A1L5BQA7-F1-model_v4_conserved	Q9RB00_conserved	9.154E-01	8.881E-01	8.794E-01	47.300	94	93	95
AF-A0A1L5BQA7-F1-model_v4_conserved	Q6DTI8_conserved	9.146E-01	8.873E-01	8.786E-01	47.300	94	93	95
AF-A0A1L5BQA7-F1-model_v4_conserved	Q6DTI5_conserved	9.143E-01	8.871E-01	8.784E-01	47.300	94	93	95
AF-A0A1L5BQA7-F1-model_v4_conserved	A0A0C5L392_conserved	9.181E-01	8.816E-01	8.816E-01	44.500	94	92	94
AF-A0A1L5BQA7-F1-model_v4_conserved	Q6DTI7_conserved	9.139E-01	8.867E-01	8.780E-01	47.300	94	93	95
AF-A0A1L5BQA7-F1-model_v4_conserved	A0A0C5LQ44_conserved	9.132E-01	8.860E-01	8.773E-01	48.300	94	93	95
AF-A0A1L5BQA7-F1-model_v4_conserved	A0A0C5LDD5_conserved	9.125E-01	8.853E-01	8.766E-01	45.100	94	93	95
AF-A0A1L5BQA7-F1-model_v4_conserved	AF-Q6D395-F1-model_v4_conserved	8.749E-01	8.401E-01	8.486E-01	48.900	94	96	93
AF-A0A1L6K5Z9-F1-model_v4_conserved	AF-A0A1L6K5Z9-F1-model_v4_conserved	1.011E+00	1.000E+00	1.000E+00	100.000	95	95	95
AF-A0A1L6K5Z9-F1-model_v4_conserved	A0A386JBC5_conserved	1.001E+00	9.698E-01	9.800E-01	87.000	95	93	94
AF-A0A1L6K5Z9-F1-model_v4_conserved	AF-K4GMF9-F1-model_v4_conserved	9.977E-01	9.666E-01	9.666E-01	79.500	95	93	95
AF-A0A1L6K5Z9-F1-model_v4_conserved	ECM-1_conserved	9.950E-01	9.640E-01	9.640E-01	80.600	95	93	95
AF-A0A1L6K5Z9-F1-model_v4_conserved	AF-K4GMK0-F1-model_v4_conserved	9.946E-01	9.636E-01	9.636E-01	79.500	95	93	95
AF-A0A1L6K5Z9-F1-model_v4_conserved	AF-K4GMG4-F1-model_v4_conserved	9.879E-01	9.572E-01	9.672E-01	78.400	95	93	94
AF-A0A1L6K5Z9-F1-model_v4_conserved	AF-K4GMG9-F1-model_v6_conserved	9.926E-01	9.617E-01	9.617E-01	81.700	95	93	95
AF-A0A1L6K5Z9-F1-model_v4_conserved	G5ELM3_conserved	9.880E-01	9.574E-01	9.574E-01	72.000	95	93	95
AF-A0A1L6K5Z9-F1-model_v4_conserved	B5L5V0_conserved	9.876E-01	9.570E-01	9.570E-01	80.600	95	93	95
AF-A0A1L6K5Z9-F1-model_v4_conserved	PJM-1_conserved	9.850E-01	9.545E-01	9.545E-01	76.300	95	93	95
AF-A0A1L6K5Z9-F1-model_v4_conserved	B3SU1_conserved	9.756E-01	9.555E-01	9.555E-01	78.700	95	94	95
AF-A0A1L6K5Z9-F1-model_v4_conserved	NWM_conserved	9.859E-01	9.555E-01	9.555E-01	80.600	95	93	95
AF-A0A1L6K5Z9-F1-model_v4_conserved	B5DCA0_conserved	9.832E-01	9.528E-01	9.528E-01	76.300	95	93	95
AF-A0A1L6K5Z9-F1-model_v4_conserved	AF-A0A1L6K5Z8-F1-model_v4_conserved	9.770E-01	9.468E-01	9.567E-01	72.000	95	93	94
AF-A0A1L6K5Z9-F1-model_v4_conserved	THIN-B_conserved	9.797E-01	9.494E-01	9.494E-01	72.000	95	93	95
AF-A0A1L6K5Z9-F1-model_v4_conserved	GRD33_conserved	9.737E-01	9.437E-01	9.535E-01	74.100	95	93	94
AF-A0A1L6K5Z9-F1-model_v4_conserved	AF-A0A1L6K5Y8-F1-model_v4_conserved	9.754E-01	9.454E-01	9.454E-01	75.200	95	93	95
AF-A0A1L6K5Z9-F1-model_v4_conserved	A0A0C5LDH9_conserved	9.733E-01	9.434E-01	9.434E-01	72.000	95	93	95
AF-A0A1L6K5Z9-F1-model_v4_conserved	A0A059Q5E8_conserved	9.719E-01	9.421E-01	9.421E-01	77.400	95	93	95
AF-A0A1L6K5Z9-F1-model_v4_conserved	AF-A0A1L5BQA7-F1-model_v4_conserved	9.764E-01	9.364E-01	9.461E-01	65.500	95	93	94
AF-A0A1L6K5Z9-F1-model_v4_conserved	B5L5V3_conserved	9.712E-01	9.414E-01	9.414E-01	73.100	95	93	95
AF-A0A1L6K5Z9-F1-model_v4_conserved	A0A0C5LQ34_conserved	9.662E-01	9.266E-01	9.460E-01	64.500	95	93	93
AF-A0A1L6K5Z9-F1-model_v4_conserved	AF-A8GGW7-F1-model_v4_conserved	9.549E-01	9.259E-01	9.259E-01	53.700	95	93	95
AF-A0A1L6K5Z9-F1-model_v4_conserved	Q8KKG1_conserved	9.529E-01	9.239E-01	9.239E-01	58.000	95	93	95
AF-A0A1L6K5Z9-F1-model_v4_conserved	MBL1b_conserved	9.511E-01	9.222E-01	9.222E-01	56.900	95	93	95
AF-A0A1L6K5Z9-F1-model_v4_conserved	B3SU2_conserved	9.419E-01	9.136E-01	9.229E-01	52.600	95	93	94
AF-A0A1L6K5Z9-F1-model_v4_conserved	AF-A0A1L6K5X8-F1-model_v4_conserved	9.378E-01	9.094E-01	9.094E-01	58.500	95	94	95
AF-A0A1L6K5Z9-F1-model_v4_conserved	U3U4Q6_conserved	9.352E-01	9.070E-01	9.070E-01	64.800	95	94	95
AF-A0A1L6K5Z9-F1-model_v4_conserved	AF-A0A4D6P0I4-F1-model_v4_conserved	9.348E-01	9.066E-01	9.066E-01	62.700	95	94	95
AF-A0A1L6K5Z9-F1-model_v4_conserved	Q9K578_conserved	9.408E-01	9.031E-01	9.123E-01	54.300	95	92	94
AF-A0A1L6K5Z9-F1-model_v4_conserved	Q4JRB6_conserved	9.349E-01	9.070E-01	9.070E-01	49.400	95	93	95
AF-A0A1L6K5Z9-F1-model_v4_conserved	B5L5V2_conserved	9.339E-01	9.059E-01	9.059E-01	48.300	95	93	95
AF-A0A1L6K5Z9-F1-model_v4_conserved	B5L5W3_conserved	9.341E-01	9.061E-01	9.061E-01	44.000	95	93	95
AF-A0A1L6K5Z9-F1-model_v4_conserved	B5L5V9_conserved	9.329E-01	9.050E-01	9.050E-01	50.500	95	93	95
AF-A0A1L6K5Z9-F1-model_v4_conserved	B5L5X0_conserved	9.322E-01	9.043E-01	9.043E-01	49.400	95	93	95
AF-A0A1L6K5Z9-F1-model_v4_conserved	Q9JRP7_conserved	9.296E-01	9.017E-01	9.017E-01	58.500	95	94	95
AF-A0A1L6K5Z9-F1-model_v4_conserved	Q5EEU4_conserved	9.307E-01	9.029E-01	9.029E-01	50.500	95	93	95
AF-A0A1L6K5Z9-F1-model_v4_conserved	Q6V8J2_conserved	9.301E-01	9.024E-01	9.024E-01	49.400	95	93	95
AF-A0A1L6K5Z9-F1-model_v4_conserved	B5L5V5_conserved	9.290E-01	9.013E-01	9.013E-01	47.300	95	93	95
AF-A0A1L6K5Z9-F1-model_v4_conserved	Q9RB00_conserved	9.297E-01	9.020E-01	9.020E-01	49.400	95	93	95
AF-A0A1L6K5Z9-F1-model_v4_conserved	Q9KJB1_conserved	9.375E-01	8.718E-01	9.275E-01	51.600	95	89	89
AF-A0A1L6K5Z9-F1-model_v4_conserved	AF-A0A0D0GMS0-F1-model_v4_conserved	9.413E-01	8.846E-01	9.120E-01	50.000	95	90	92
AF-A0A1L6K5Z9-F1-model_v4_conserved	Q6DTI8_conserved	9.292E-01	9.015E-01	9.015E-01	49.400	95	93	95
AF-A0A1L6K5Z9-F1-model_v4_conserved	Q6DTI5_conserved	9.286E-01	9.010E-01	9.010E-01	49.400	95	93	95
AF-A0A1L6K5Z9-F1-model_v4_conserved	Q9KJB6_conserved	9.367E-01	8.711E-01	9.267E-01	51.600	95	89	89
AF-A0A1L6K5Z9-F1-model_v4_conserved	Q9KJB2_conserved	9.367E-01	8.711E-01	9.267E-01	50.500	95	89	89
AF-A0A1L6K5Z9-F1-model_v4_conserved	Q9KJB5_conserved	9.366E-01	8.710E-01	9.266E-01	50.500	95	89	89
AF-A0A1L6K5Z9-F1-model_v4_conserved	Q9KJB4_conserved	9.366E-01	8.710E-01	9.266E-01	51.600	95	89	89
AF-A0A1L6K5Z9-F1-model_v4_conserved	Q9KJB3_conserved	9.364E-01	8.708E-01	9.264E-01	51.600	95	89	89
AF-A0A1L6K5Z9-F1-model_v4_conserved	Q6DTI7_conserved	9.282E-01	9.006E-01	9.006E-01	49.400	95	93	95
AF-A0A1L6K5Z9-F1-model_v4_conserved	A0A0C5LDD9_conserved	9.354E-01	8.981E-01	8.981E-01	50.000	95	92	95
AF-A0A1L6K5Z9-F1-model_v4_conserved	A0A0C5LDD5_conserved	9.266E-01	8.990E-01	8.990E-01	47.300	95	93	95
AF-A0A1L6K5Z9-F1-model_v4_conserved	A0A0C5LQ44_conserved	9.268E-01	8.992E-01	8.992E-01	50.500	95	93	95
AF-A0A1L6K5Z9-F1-model_v4_conserved	A0A0C5L392_conserved	9.304E-01	8.934E-01	9.023E-01	46.700	95	92	94
AF-A0A1L6K5Z9-F1-model_v4_conserved	AF-Q89GW5-F1-model_v4_conserved	9.234E-01	8.957E-01	8.957E-01	50.000	95	94	95
AF-A0A1L6K5Z9-F1-model_v4_conserved	AF-Q6D395-F1-model_v4_conserved	8.909E-01	8.467E-01	8.639E-01	52.000	95	96	93
AF-K4GMF9-F1-model_v4_conserved	AF-K4GMF9-F1-model_v4_conserved	1.011E+00	1.000E+00	1.000E+00	100.000	95	95	95
AF-K4GMF9-F1-model_v4_conserved	ECM-1_conserved	1.006E+00	9.851E-01	9.851E-01	91.400	95	94	95
AF-K4GMF9-F1-model_v4_conserved	AF-K4GMG9-F1-model_v6_conserved	9.934E-01	9.728E-01	9.728E-01	86.100	95	94	95
AF-K4GMF9-F1-model_v4_conserved	A0A386JBC5_conserved	9.944E-01	9.634E-01	9.735E-01	77.400	95	93	94
AF-K4GMF9-F1-model_v4_conserved	AF-A0A1L6K5Z9-F1-model_v4_conserved	9.977E-01	9.666E-01	9.666E-01	79.500	95	93	95
AF-K4GMF9-F1-model_v4_conserved	AF-K4GMG4-F1-model_v4_conserved	9.859E-01	9.551E-01	9.652E-01	77.600	95	94	94
AF-K4GMF9-F1-model_v4_conserved	AF-K4GMK0-F1-model_v4_conserved	9.877E-01	9.571E-01	9.571E-01	73.100	95	93	95
AF-K4GMF9-F1-model_v4_conserved	B3SU1_conserved	9.839E-01	9.534E-01	9.534E-01	73.100	95	93	95
AF-K4GMF9-F1-model_v4_conserved	NWM_conserved	9.851E-01	9.547E-01	9.547E-01	80.600	95	93	95
AF-K4GMF9-F1-model_v4_conserved	G5ELM3_conserved	9.771E-01	9.471E-01	9.471E-01	63.400	95	93	95
AF-K4GMF9-F1-model_v4_conserved	PJM-1_conserved	9.751E-01	9.451E-01	9.451E-01	67.700	95	93	95
AF-K4GMF9-F1-model_v4_conserved	AF-A0A1L6K5Z8-F1-model_v4_conserved	9.697E-01	9.400E-01	9.497E-01	61.200	95	93	94
AF-K4GMF9-F1-model_v4_conserved	GRD33_conserved	9.680E-01	9.383E-01	9.480E-01	63.400	95	93	94
AF-K4GMF9-F1-model_v4_conserved	B5L5V0_conserved	9.739E-01	9.441E-01	9.441E-01	67.700	95	93	95
AF-K4GMF9-F1-model_v4_conserved	B5DCA0_conserved	9.725E-01	9.427E-01	9.427E-01	67.700	95	93	95
AF-K4GMF9-F1-model_v4_conserved	THIN-B_conserved	9.696E-01	9.399E-01	9.399E-01	61.200	95	93	95
AF-K4GMF9-F1-model_v4_conserved	A0A0C5LDH9_conserved	9.635E-01	9.342E-01	9.342E-01	66.600	95	93	95
AF-K4GMF9-F1-model_v4_conserved	AF-A0A1L6K5Y8-F1-model_v4_conserved	9.631E-01	9.337E-01	9.337E-01	64.500	95	93	95
AF-K4GMF9-F1-model_v4_conserved	B5L5V3_conserved	9.622E-01	9.329E-01	9.329E-01	62.300	95	93	95
AF-K4GMF9-F1-model_v4_conserved	AF-A0A1L5BQA7-F1-model_v4_conserved	9.674E-01	9.282E-01	9.377E-01	56.900	95	93	94
AF-K4GMF9-F1-model_v4_conserved	A0A059Q5E8_conserved	9.611E-01	9.320E-01	9.320E-01	67.700	95	93	95
AF-K4GMF9-F1-model_v4_conserved	A0A0C5LQ34_conserved	9.567E-01	9.178E-01	9.369E-01	53.700	95	93	93
AF-K4GMF9-F1-model_v4_conserved	Q8KKG1_conserved	9.459E-01	9.173E-01	9.173E-01	49.400	95	93	95
AF-K4GMF9-F1-model_v4_conserved	MBL1b_conserved	9.448E-01	9.162E-01	9.162E-01	48.300	95	93	95
AF-K4GMF9-F1-model_v4_conserved	AF-A8GGW7-F1-model_v4_conserved	9.461E-01	9.177E-01	9.177E-01	50.500	95	93	95
AF-K4GMF9-F1-model_v4_conserved	B3SU2_conserved	9.419E-01	9.136E-01	9.228E-01	51.600	95	93	94
AF-K4GMF9-F1-model_v4_conserved	AF-A0A1L6K5X8-F1-model_v4_conserved	9.375E-01	9.092E-01	9.092E-01	54.200	95	94	95
AF-K4GMF9-F1-model_v4_conserved	B5L5V2_conserved	9.359E-01	9.078E-01	9.078E-01	43.000	95	93	95
AF-K4GMF9-F1-model_v4_conserved	B5L5W3_conserved	9.360E-01	9.079E-01	9.079E-01	39.700	95	93	95
AF-K4GMF9-F1-model_v4_conserved	Q9K578_conserved	9.405E-01	9.029E-01	9.120E-01	51.000	95	92	94
AF-K4GMF9-F1-model_v4_conserved	B5L5V9_conserved	9.337E-01	9.058E-01	9.058E-01	49.400	95	93	95
AF-K4GMF9-F1-model_v4_conserved	AF-A0A4D6P0I4-F1-model_v4_conserved	9.322E-01	9.042E-01	9.042E-01	56.300	95	94	95
AF-K4GMF9-F1-model_v4_conserved	Q4JRB6_conserved	9.322E-01	9.044E-01	9.044E-01	47.300	95	93	95
AF-K4GMF9-F1-model_v4_conserved	B5L5X0_conserved	9.319E-01	9.041E-01	9.041E-01	45.100	95	93	95
AF-K4GMF9-F1-model_v4_conserved	Q6V8J2_conserved	9.293E-01	9.016E-01	9.016E-01	47.300	95	93	95
AF-K4GMF9-F1-model_v4_conserved	Q5EEU4_conserved	9.292E-01	9.015E-01	9.015E-01	47.300	95	93	95
AF-K4GMF9-F1-model_v4_conserved	Q9JRP7_conserved	9.278E-01	9.000E-01	9.000E-01	54.200	95	94	95
AF-K4GMF9-F1-model_v4_conserved	Q9RB00_conserved	9.289E-01	9.012E-01	9.012E-01	47.300	95	93	95
AF-K4GMF9-F1-model_v4_conserved	U3U4Q6_conserved	9.280E-01	9.003E-01	9.003E-01	55.300	95	94	95
AF-K4GMF9-F1-model_v4_conserved	Q6DTI8_conserved	9.283E-01	9.007E-01	9.007E-01	47.300	95	93	95
AF-K4GMF9-F1-model_v4_conserved	Q6DTI5_conserved	9.281E-01	9.005E-01	9.005E-01	47.300	95	93	95
AF-K4GMF9-F1-model_v4_conserved	Q6DTI7_conserved	9.277E-01	9.001E-01	9.001E-01	47.300	95	93	95
AF-K4GMF9-F1-model_v4_conserved	B5L5V5_conserved	9.263E-01	8.987E-01	8.987E-01	44.000	95	93	95
AF-K4GMF9-F1-model_v4_conserved	A0A0C5LQ44_conserved	9.266E-01	8.991E-01	8.991E-01	47.300	95	93	95
AF-K4GMF9-F1-model_v4_conserved	AF-A0A0D0GMS0-F1-model_v4_conserved	9.378E-01	8.815E-01	9.088E-01	48.800	95	90	92
AF-K4GMF9-F1-model_v4_conserved	Q9KJB1_conserved	9.340E-01	8.687E-01	9.241E-01	49.400	95	89	89
AF-K4GMF9-F1-model_v4_conserved	A0A0C5LDD9_conserved	9.330E-01	8.958E-01	8.958E-01	48.900	95	92	95
AF-K4GMF9-F1-model_v4_conserved	A0A0C5LDD5_conserved	9.249E-01	8.974E-01	8.974E-01	44.000	95	93	95
AF-K4GMF9-F1-model_v4_conserved	Q9KJB4_conserved	9.334E-01	8.682E-01	9.235E-01	49.400	95	89	89
AF-K4GMF9-F1-model_v4_conserved	Q9KJB6_conserved	9.333E-01	8.681E-01	9.234E-01	49.400	95	89	89
AF-K4GMF9-F1-model_v4_conserved	Q9KJB3_conserved	9.333E-01	8.680E-01	9.233E-01	49.400	95	89	89
AF-K4GMF9-F1-model_v4_conserved	Q9KJB5_conserved	9.332E-01	8.680E-01	9.233E-01	48.300	95	89	89
AF-K4GMF9-F1-model_v4_conserved	Q9KJB2_conserved	9.332E-01	8.681E-01	9.233E-01	48.300	95	89	89
AF-K4GMF9-F1-model_v4_conserved	A0A0C5L392_conserved	9.290E-01	8.921E-01	9.010E-01	44.500	95	92	94
AF-K4GMF9-F1-model_v4_conserved	AF-Q89GW5-F1-model_v4_conserved	9.111E-01	8.842E-01	8.842E-01	47.800	95	94	95
AF-K4GMF9-F1-model_v4_conserved	AF-Q6D395-F1-model_v4_conserved	8.807E-01	8.374E-01	8.542E-01	40.600	95	96	93
AF-Q6D395-F1-model_v4_conserved	AF-Q6D395-F1-model_v4_conserved	1.011E+00	1.000E+00	1.000E+00	100.000	93	93	93
AF-Q6D395-F1-model_v4_conserved	A0A0C5LQ34_conserved	8.989E-01	8.716E-01	8.716E-01	54.200	93	94	93
AF-Q6D395-F1-model_v4_conserved	B3SU2_conserved	8.975E-01	8.703E-01	8.616E-01	44.200	93	95	94
AF-Q6D395-F1-model_v4_conserved	Q9K578_conserved	9.029E-01	8.664E-01	8.577E-01	46.800	93	94	94
AF-Q6D395-F1-model_v4_conserved	THIN-B_conserved	8.932E-01	8.661E-01	8.490E-01	47.300	93	95	95
AF-Q6D395-F1-model_v4_conserved	AF-A8GGW7-F1-model_v4_conserved	8.916E-01	8.646E-01	8.475E-01	40.000	93	95	95
AF-Q6D395-F1-model_v4_conserved	AF-A0A1L6K5Z9-F1-model_v4_conserved	8.909E-01	8.639E-01	8.467E-01	52.000	93	96	95
AF-Q6D395-F1-model_v4_conserved	MBL1b_conserved	8.923E-01	8.654E-01	8.483E-01	51.500	93	95	95
AF-Q6D395-F1-model_v4_conserved	Q8KKG1_conserved	8.922E-01	8.653E-01	8.482E-01	52.600	93	95	95
AF-Q6D395-F1-model_v4_conserved	AF-Q89GW5-F1-model_v4_conserved	8.907E-01	8.639E-01	8.470E-01	49.400	93	93	95
AF-Q6D395-F1-model_v4_conserved	A0A386JBC5_conserved	8.827E-01	8.561E-01	8.476E-01	47.900	93	96	94
AF-Q6D395-F1-model_v4_conserved	B5L5V2_conserved	8.875E-01	8.609E-01	8.440E-01	45.200	93	95	95
AF-Q6D395-F1-model_v4_conserved	AF-K4GMK0-F1-model_v4_conserved	8.843E-01	8.575E-01	8.406E-01	51.000	93	96	95
AF-Q6D395-F1-model_v4_conserved	ECM-1_conserved	8.831E-01	8.565E-01	8.397E-01	43.700	93	96	95
AF-Q6D395-F1-model_v4_conserved	AF-K4GMG9-F1-model_v6_conserved	8.823E-01	8.557E-01	8.388E-01	47.900	93	96	95
AF-Q6D395-F1-model_v4_conserved	GRD33_conserved	8.796E-01	8.533E-01	8.448E-01	49.400	93	95	94
AF-Q6D395-F1-model_v4_conserved	B5L5W3_conserved	8.850E-01	8.585E-01	8.417E-01	44.200	93	95	95
AF-Q6D395-F1-model_v4_conserved	AF-A0A1L6K5Y8-F1-model_v4_conserved	8.811E-01	8.546E-01	8.379E-01	49.400	93	95	95
AF-Q6D395-F1-model_v4_conserved	AF-K4GMF9-F1-model_v4_conserved	8.807E-01	8.542E-01	8.374E-01	40.600	93	96	95
AF-Q6D395-F1-model_v4_conserved	AF-A0A1L5BQA7-F1-model_v4_conserved	8.749E-01	8.486E-01	8.401E-01	48.900	93	96	94
AF-Q6D395-F1-model_v4_conserved	A0A059Q5E8_conserved	8.785E-01	8.521E-01	8.353E-01	48.400	93	95	95
AF-Q6D395-F1-model_v4_conserved	NWM_conserved	8.790E-01	8.525E-01	8.357E-01	47.900	93	96	95
AF-Q6D395-F1-model_v4_conserved	AF-A0A1L6K5Z8-F1-model_v4_conserved	8.772E-01	8.509E-01	8.425E-01	46.800	93	96	94
AF-Q6D395-F1-model_v4_conserved	PJM-1_conserved	8.801E-01	8.536E-01	8.369E-01	44.700	93	96	95
AF-Q6D395-F1-model_v4_conserved	AF-K4GMG4-F1-model_v4_conserved	8.744E-01	8.481E-01	8.397E-01	45.800	93	96	94
AF-Q6D395-F1-model_v4_conserved	B5L5V0_conserved	8.784E-01	8.526E-01	8.359E-01	51.500	93	95	95
AF-Q6D395-F1-model_v4_conserved	B5L5X0_conserved	8.818E-01	8.555E-01	8.388E-01	43.100	93	95	95
AF-Q6D395-F1-model_v4_conserved	B5DCA0_conserved	8.778E-01	8.515E-01	8.348E-01	44.700	93	96	95
AF-Q6D395-F1-model_v4_conserved	B5L5V9_conserved	8.777E-01	8.516E-01	8.350E-01	43.100	93	95	95
AF-Q6D395-F1-model_v4_conserved	Q6DTI8_conserved	8.777E-01	8.516E-01	8.351E-01	44.200	93	95	95
AF-Q6D395-F1-model_v4_conserved	Q9RB00_conserved	8.776E-01	8.515E-01	8.349E-01	44.200	93	95	95
AF-Q6D395-F1-model_v4_conserved	Q4JRB6_conserved	8.774E-01	8.513E-01	8.347E-01	44.200	93	95	95
AF-Q6D395-F1-model_v4_conserved	B3SU1_conserved	8.745E-01	8.483E-01	8.317E-01	47.900	93	96	95
AF-Q6D395-F1-model_v4_conserved	B5L5V3_conserved	8.744E-01	8.482E-01	8.316E-01	45.800	93	96	95
AF-Q6D395-F1-model_v4_conserved	Q6V8J2_conserved	8.770E-01	8.509E-01	8.344E-01	44.200	93	95	95
AF-Q6D395-F1-model_v4_conserved	Q6DTI5_conserved	8.771E-01	8.510E-01	8.345E-01	44.200	93	95	95
AF-Q6D395-F1-model_v4_conserved	Q6DTI7_conserved	8.771E-01	8.510E-01	8.344E-01	44.200	93	95	95
AF-Q6D395-F1-model_v4_conserved	G5ELM3_conserved	8.747E-01	8.486E-01	8.320E-01	46.300	93	95	95
AF-Q6D395-F1-model_v4_conserved	Q5EEU4_conserved	8.769E-01	8.508E-01	8.343E-01	42.100	93	95	95
AF-Q6D395-F1-model_v4_conserved	B5L5V5_conserved	8.753E-01	8.492E-01	8.327E-01	42.100	93	95	95
AF-Q6D395-F1-model_v4_conserved	AF-A0A4D6P0I4-F1-model_v4_conserved	8.740E-01	8.479E-01	8.313E-01	45.800	93	96	95
AF-Q6D395-F1-model_v4_conserved	A0A0C5LDH9_conserved	8.734E-01	8.472E-01	8.307E-01	43.700	93	96	95
AF-Q6D395-F1-model_v4_conserved	A0A0C5LDD5_conserved	8.751E-01	8.492E-01	8.327E-01	42.100	93	95	95
AF-Q6D395-F1-model_v4_conserved	U3U4Q6_conserved	8.703E-01	8.442E-01	8.277E-01	45.800	93	96	95
AF-Q6D395-F1-model_v4_conserved	A0A0C5L392_conserved	8.772E-01	8.423E-01	8.341E-01	42.500	93	94	94
AF-Q6D395-F1-model_v4_conserved	A0A0C5LDD9_conserved	8.799E-01	8.449E-01	8.284E-01	42.500	93	94	95
AF-Q6D395-F1-model_v4_conserved	A0A0C5LQ44_conserved	8.733E-01	8.474E-01	8.310E-01	43.100	93	95	95
AF-Q6D395-F1-model_v4_conserved	AF-A0A1L6K5X8-F1-model_v4_conserved	8.705E-01	8.446E-01	8.281E-01	44.700	93	96	95
AF-Q6D395-F1-model_v4_conserved	AF-A0A0D0GMS0-F1-model_v4_conserved	8.819E-01	8.290E-01	8.374E-01	43.400	93	92	92
AF-Q6D395-F1-model_v4_conserved	Q9KJB1_conserved	8.779E-01	8.166E-01	8.505E-01	45.000	93	91	89
AF-Q6D395-F1-model_v4_conserved	Q9KJB2_conserved	8.778E-01	8.166E-01	8.505E-01	43.900	93	91	89
AF-Q6D395-F1-model_v4_conserved	Q9KJB4_conserved	8.776E-01	8.164E-01	8.503E-01	45.000	93	91	89
AF-Q6D395-F1-model_v4_conserved	Q9KJB5_conserved	8.774E-01	8.162E-01	8.501E-01	45.000	93	91	89
AF-Q6D395-F1-model_v4_conserved	Q9KJB3_conserved	8.774E-01	8.162E-01	8.501E-01	45.000	93	91	89
AF-Q6D395-F1-model_v4_conserved	Q9KJB6_conserved	8.774E-01	8.162E-01	8.501E-01	45.000	93	91	89
AF-Q6D395-F1-model_v4_conserved	Q9JRP7_conserved	8.664E-01	8.407E-01	8.244E-01	44.700	93	96	95
B3SU2_conserved	B3SU2_conserved	1.011E+00	1.000E+00	1.000E+00	100.000	94	94	94
B3SU2_conserved	Q9K578_conserved	1.004E+00	9.722E-01	9.722E-01	82.600	94	92	94
B3SU2_conserved	B5L5X0_conserved	9.805E-01	9.602E-01	9.503E-01	65.500	94	93	95
B3SU2_conserved	Q4JRB6_conserved	9.798E-01	9.596E-01	9.497E-01	62.300	94	93	95
B3SU2_conserved	B5L5V9_conserved	9.785E-01	9.583E-01	9.485E-01	62.300	94	93	95
B3SU2_conserved	Q5EEU4_conserved	9.784E-01	9.582E-01	9.484E-01	61.200	94	93	95
B3SU2_conserved	Q6V8J2_conserved	9.767E-01	9.565E-01	9.467E-01	62.300	94	93	95
B3SU2_conserved	B5L5W3_conserved	9.767E-01	9.565E-01	9.468E-01	58.000	94	93	95
B3SU2_conserved	Q6DTI8_conserved	9.763E-01	9.561E-01	9.464E-01	62.300	94	93	95
B3SU2_conserved	Q6DTI5_conserved	9.762E-01	9.561E-01	9.463E-01	62.300	94	93	95
B3SU2_conserved	Q9RB00_conserved	9.759E-01	9.558E-01	9.461E-01	62.300	94	93	95
B3SU2_conserved	Q6DTI7_conserved	9.758E-01	9.556E-01	9.459E-01	62.300	94	93	95
B3SU2_conserved	A0A0C5LQ44_conserved	9.740E-01	9.539E-01	9.442E-01	61.200	94	93	95
B3SU2_conserved	B5L5V2_conserved	9.741E-01	9.541E-01	9.443E-01	59.100	94	93	95
B3SU2_conserved	A0A0C5LDD5_conserved	9.729E-01	9.528E-01	9.431E-01	59.100	94	93	95
B3SU2_conserved	A0A0C5LDD9_conserved	9.796E-01	9.492E-01	9.395E-01	65.200	94	92	95
B3SU2_conserved	A0A0C5L392_conserved	9.761E-01	9.459E-01	9.459E-01	59.700	94	92	94
B3SU2_conserved	B5L5V5_conserved	9.707E-01	9.507E-01	9.410E-01	60.200	94	93	95
B3SU2_conserved	AF-A0A0D0GMS0-F1-model_v4_conserved	9.835E-01	9.324E-01	9.522E-01	67.700	94	90	92
B3SU2_conserved	Q9KJB1_conserved	9.793E-01	9.185E-01	9.686E-01	65.100	94	89	89
B3SU2_conserved	Q9KJB6_conserved	9.790E-01	9.182E-01	9.683E-01	65.100	94	89	89
B3SU2_conserved	Q9KJB5_conserved	9.790E-01	9.182E-01	9.683E-01	64.000	94	89	89
B3SU2_conserved	Q9KJB3_conserved	9.789E-01	9.181E-01	9.682E-01	65.100	94	89	89
B3SU2_conserved	Q9KJB4_conserved	9.785E-01	9.178E-01	9.679E-01	65.100	94	89	89
B3SU2_conserved	Q9KJB2_conserved	9.782E-01	9.175E-01	9.675E-01	64.000	94	89	89
B3SU2_conserved	A0A0C5LQ34_conserved	9.624E-01	9.327E-01	9.424E-01	63.800	94	94	93
B3SU2_conserved	AF-A8GGW7-F1-model_v4_conserved	9.638E-01	9.442E-01	9.347E-01	56.900	94	93	95
B3SU2_conserved	Q8KKG1_conserved	9.549E-01	9.353E-01	9.258E-01	57.400	94	94	95
B3SU2_conserved	MBL1b_conserved	9.525E-01	9.330E-01	9.236E-01	57.400	94	94	95
B3SU2_conserved	THIN-B_conserved	9.521E-01	9.327E-01	9.234E-01	52.600	94	93	95
B3SU2_conserved	A0A0C5LDH9_conserved	9.479E-01	9.287E-01	9.194E-01	54.800	94	93	95
B3SU2_conserved	AF-A0A1L6K5Z8-F1-model_v4_conserved	9.446E-01	9.256E-01	9.256E-01	55.900	94	93	94
B3SU2_conserved	GRD33_conserved	9.439E-01	9.249E-01	9.249E-01	53.700	94	93	94
B3SU2_conserved	B5L5V3_conserved	9.458E-01	9.267E-01	9.175E-01	54.800	94	93	95
B3SU2_conserved	A0A059Q5E8_conserved	9.452E-01	9.261E-01	9.169E-01	54.800	94	93	95
B3SU2_conserved	ECM-1_conserved	9.430E-01	9.239E-01	9.147E-01	48.300	94	93	95
B3SU2_conserved	AF-K4GMF9-F1-model_v4_conserved	9.419E-01	9.228E-01	9.136E-01	51.600	94	93	95
B3SU2_conserved	AF-A0A1L6K5Z9-F1-model_v4_conserved	9.419E-01	9.229E-01	9.136E-01	52.600	94	93	95
B3SU2_conserved	AF-A0A1L6K5X8-F1-model_v4_conserved	9.417E-01	9.227E-01	9.134E-01	51.600	94	93	95
B3SU2_conserved	A0A386JBC5_conserved	9.364E-01	9.175E-01	9.175E-01	51.600	94	93	94
B3SU2_conserved	AF-A0A4D6P0I4-F1-model_v4_conserved	9.396E-01	9.207E-01	9.115E-01	49.400	94	93	95
B3SU2_conserved	AF-A0A1L6K5Y8-F1-model_v4_conserved	9.403E-01	9.214E-01	9.123E-01	51.600	94	93	95
B3SU2_conserved	PJM-1_conserved	9.411E-01	9.222E-01	9.130E-01	50.500	94	93	95
B3SU2_conserved	AF-K4GMK0-F1-model_v4_conserved	9.363E-01	9.174E-01	9.083E-01	52.600	94	93	95
B3SU2_conserved	B5DCA0_conserved	9.383E-01	9.195E-01	9.104E-01	50.500	94	93	95
B3SU2_conserved	AF-K4GMG9-F1-model_v6_conserved	9.351E-01	9.162E-01	9.071E-01	50.500	94	93	95
B3SU2_conserved	Q9JRP7_conserved	9.355E-01	9.167E-01	9.076E-01	49.400	94	93	95
B3SU2_conserved	G5ELM3_conserved	9.339E-01	9.151E-01	9.060E-01	49.400	94	93	95
B3SU2_conserved	AF-Q89GW5-F1-model_v4_conserved	9.318E-01	9.131E-01	9.040E-01	60.600	94	94	95
B3SU2_conserved	B5L5V0_conserved	9.323E-01	9.136E-01	9.045E-01	52.600	94	93	95
B3SU2_conserved	U3U4Q6_conserved	9.322E-01	9.135E-01	9.045E-01	47.300	94	93	95
B3SU2_conserved	NWM_conserved	9.295E-01	9.109E-01	9.018E-01	48.300	94	93	95
B3SU2_conserved	AF-K4GMG4-F1-model_v4_conserved	9.236E-01	9.050E-01	9.050E-01	48.900	94	94	94
B3SU2_conserved	AF-A0A1L5BQA7-F1-model_v4_conserved	9.328E-01	9.047E-01	9.047E-01	52.600	94	93	94
B3SU2_conserved	B3SU1_conserved	9.250E-01	9.066E-01	8.977E-01	52.600	94	93	95
B3SU2_conserved	AF-Q6D395-F1-model_v4_conserved	8.975E-01	8.616E-01	8.703E-01	44.200	94	95	93
