Q79CE5_Q75_lddt	Q79CE5_Q75_lddt	1.026E+00	1.000E+00	1.000E+00	100.000	40	40	40
Q79CE5_Q75_lddt	D5H463_Q75_lddt	1.024E+00	9.982E-01	9.982E-01	90.000	40	40	40
Q79CE5_Q75_lddt	Q4H3Y3_Q75_lddt	1.023E+00	9.972E-01	9.972E-01	90.000	40	40	40
Q79CE5_Q75_lddt	P0C0P1_Q75_lddt	1.006E+00	9.815E-01	9.815E-01	55.000	40	40	40
Q79CE5_Q75_lddt	A0A6M3GZS6_Q75_lddt	1.006E+00	9.818E-01	9.818E-01	42.500	40	40	40
Q79CE5_Q75_lddt	A0A7G8Z9Q0_Q75_lddt	1.004E+00	9.801E-01	9.801E-01	47.500	40	40	40
Q79CE5_Q75_lddt	P12833_Q75_lddt	1.003E+00	9.790E-01	9.790E-01	45.000	40	40	40
Q79CE5_Q75_lddt	Q59397_Q75_lddt	1.010E+00	9.605E-01	9.846E-01	45.000	40	40	39
Q79CE5_Q75_lddt	D0QXI5_Q75_lddt	1.005E+00	9.804E-01	9.572E-01	36.500	40	41	41
Q79CE5_Q75_lddt	K4EK33_Q75_lddt	9.986E-01	9.746E-01	9.746E-01	45.000	40	40	40
Q79CE5_Q75_lddt	Q5QQ10_Q75_lddt	1.005E+00	9.803E-01	9.570E-01	34.100	40	41	41
Q79CE5_Q75_lddt	A0A4P6VV23_Q75_lddt	1.004E+00	9.797E-01	9.565E-01	34.100	40	41	41
Q79CE5_Q75_lddt	B2RGD3_Q75_lddt	1.004E+00	9.795E-01	9.563E-01	39.000	40	41	41
Q79CE5_Q75_lddt	Q7X0I6_Q75_lddt	1.004E+00	9.795E-01	9.563E-01	36.500	40	41	41
Q79CE5_Q75_lddt	Q6A328_Q75_lddt	9.968E-01	9.728E-01	9.728E-01	57.500	40	40	40
Q79CE5_Q75_lddt	Q0QMM1_Q75_lddt	1.004E+00	9.794E-01	9.562E-01	36.500	40	41	41
Q79CE5_Q75_lddt	V5RSE8_Q75_lddt	1.003E+00	9.792E-01	9.560E-01	34.100	40	41	41
Q79CE5_Q75_lddt	B2ZPD3_Q75_lddt	1.003E+00	9.788E-01	9.556E-01	36.500	40	41	41
Q79CE5_Q75_lddt	Q5H760_Q75_lddt	1.003E+00	9.788E-01	9.557E-01	36.500	40	41	41
Q79CE5_Q75_lddt	B7VEQ0_Q75_lddt	1.003E+00	9.784E-01	9.553E-01	36.500	40	41	41
Q79CE5_Q75_lddt	F8T8W2_Q75_lddt	1.003E+00	9.783E-01	9.552E-01	36.500	40	41	41
Q79CE5_Q75_lddt	D1LUJ3_Q75_lddt	1.002E+00	9.778E-01	9.547E-01	41.400	40	41	41
Q79CE5_Q75_lddt	Q689B1_Q75_lddt	1.002E+00	9.778E-01	9.546E-01	39.000	40	41	41
Q79CE5_Q75_lddt	P95524_Q75_lddt	1.002E+00	9.777E-01	9.546E-01	39.000	40	41	41
Q79CE5_Q75_lddt	B0BKZ8_Q75_lddt	9.955E-01	9.717E-01	9.717E-01	27.500	40	40	40
Q79CE5_Q75_lddt	Q7BPB0_Q75_lddt	9.945E-01	9.707E-01	9.707E-01	30.000	40	40	40
Q79CE5_Q75_lddt	Q934B2_Q75_lddt	1.000E+00	9.760E-01	9.530E-01	31.700	40	41	41
Q79CE5_Q75_lddt	U5NMJ1_Q75_lddt	9.940E-01	9.703E-01	9.703E-01	27.500	40	40	40
Q79CE5_Q75_lddt	B0FND5_Q75_lddt	9.995E-01	9.754E-01	9.524E-01	39.000	40	41	41
Q79CE5_Q75_lddt	Q8VVN6_Q75_lddt	9.787E-01	9.550E-01	9.550E-01	36.500	40	41	40
Q79CE5_Q75_lddt	A0A218N469_Q75_lddt	9.962E-01	9.484E-01	9.717E-01	45.000	40	40	39
Q79CE5_Q75_lddt	Q59408_Q75_lddt	9.872E-01	9.638E-01	9.638E-01	25.000	40	40	40
Q79CE5_Q75_lddt	A0A0M2AT09_Q75_lddt	9.839E-01	9.607E-01	9.607E-01	40.000	40	40	40
Q79CE5_Q75_lddt	Q2XQ06_Q75_lddt	9.990E-01	9.268E-01	9.497E-01	35.800	40	39	39
Q79CE5_Q75_lddt	A0A193CHQ8_Q75_lddt	9.982E-01	9.262E-01	9.491E-01	35.800	40	39	39
Q79CE5_Q75_lddt	A0A7I8NPH7_Q75_lddt	9.774E-01	9.545E-01	9.545E-01	30.000	40	40	40
Q79CE5_Q75_lddt	A0A7Z8DX35_Q75_lddt	9.831E-01	9.368E-01	9.595E-01	35.000	40	40	39
Q79CE5_Q75_lddt	E6BTZ6_Q75_lddt	1.017E+00	9.914E-01	8.278E-01	60.000	40	40	48
Q79CE5_Q75_lddt	Q9ZIF9_Q75_lddt	9.688E-01	9.464E-01	9.464E-01	47.500	40	40	40
Q79CE5_Q75_lddt	K4EJH1_Q75_lddt	9.649E-01	9.206E-01	9.423E-01	40.000	40	40	39
Q79CE5_Q75_lddt	Q79PC3_Q75_lddt	9.604E-01	9.385E-01	9.175E-01	24.300	40	41	41
Q79CE5_Q75_lddt	A4IUE2_Q75_lddt	9.889E-01	9.654E-01	8.106E-01	50.000	40	40	48
Q79CE5_Q75_lddt	Q8GCW7_Q75_lddt	9.325E-01	8.086E-01	9.096E-01	22.500	40	40	35
Q79CE5_Q75_lddt	Q8VVE6_Q75_lddt	9.551E-01	9.328E-01	7.009E-01	23.600	40	55	54
Q79CE5_Q75_lddt	Q5W314_Q75_lddt	9.415E-01	9.199E-01	6.941E-01	20.000	40	55	54
Q689B1_Q75_lddt	Q689B1_Q75_lddt	1.025E+00	1.000E+00	1.000E+00	100.000	41	41	41
Q689B1_Q75_lddt	D1LUJ3_Q75_lddt	1.024E+00	9.991E-01	9.991E-01	92.600	41	41	41
Q689B1_Q75_lddt	B0FND5_Q75_lddt	1.023E+00	9.986E-01	9.986E-01	95.100	41	41	41
Q689B1_Q75_lddt	Q5H760_Q75_lddt	1.022E+00	9.976E-01	9.976E-01	78.000	41	41	41
Q689B1_Q75_lddt	B7VEQ0_Q75_lddt	1.022E+00	9.976E-01	9.976E-01	70.700	41	41	41
Q689B1_Q75_lddt	D0QXI5_Q75_lddt	1.022E+00	9.973E-01	9.973E-01	78.000	41	41	41
Q689B1_Q75_lddt	P95524_Q75_lddt	1.022E+00	9.971E-01	9.971E-01	80.400	41	41	41
Q689B1_Q75_lddt	B2ZPD3_Q75_lddt	1.022E+00	9.970E-01	9.970E-01	70.700	41	41	41
Q689B1_Q75_lddt	F8T8W2_Q75_lddt	1.022E+00	9.970E-01	9.970E-01	75.600	41	41	41
Q689B1_Q75_lddt	Q0QMM1_Q75_lddt	1.022E+00	9.970E-01	9.970E-01	73.100	41	41	41
Q689B1_Q75_lddt	B2RGD3_Q75_lddt	1.022E+00	9.968E-01	9.968E-01	73.100	41	41	41
Q689B1_Q75_lddt	Q5QQ10_Q75_lddt	1.021E+00	9.966E-01	9.966E-01	70.700	41	41	41
Q689B1_Q75_lddt	Q934B2_Q75_lddt	1.021E+00	9.965E-01	9.965E-01	70.700	41	41	41
Q689B1_Q75_lddt	Q7X0I6_Q75_lddt	1.020E+00	9.955E-01	9.955E-01	70.700	41	41	41
Q689B1_Q75_lddt	A0A4P6VV23_Q75_lddt	1.020E+00	9.953E-01	9.953E-01	70.700	41	41	41
Q689B1_Q75_lddt	V5RSE8_Q75_lddt	1.020E+00	9.952E-01	9.952E-01	70.700	41	41	41
Q689B1_Q75_lddt	Q2XQ06_Q75_lddt	1.022E+00	9.478E-01	9.961E-01	69.200	41	39	39
Q689B1_Q75_lddt	A0A193CHQ8_Q75_lddt	1.022E+00	9.478E-01	9.961E-01	69.200	41	39	39
Q689B1_Q75_lddt	P0C0P1_Q75_lddt	1.008E+00	9.601E-01	9.835E-01	34.100	41	41	40
Q689B1_Q75_lddt	P12833_Q75_lddt	1.006E+00	9.578E-01	9.811E-01	41.400	41	41	40
Q689B1_Q75_lddt	A0A6M3GZS6_Q75_lddt	1.005E+00	9.577E-01	9.810E-01	46.300	41	41	40
Q689B1_Q75_lddt	Q7BPB0_Q75_lddt	1.005E+00	9.572E-01	9.805E-01	46.300	41	41	40
Q689B1_Q75_lddt	B0BKZ8_Q75_lddt	1.003E+00	9.557E-01	9.789E-01	43.900	41	41	40
Q689B1_Q75_lddt	Q79CE5_Q75_lddt	1.002E+00	9.546E-01	9.778E-01	39.000	41	41	40
Q689B1_Q75_lddt	D5H463_Q75_lddt	1.002E+00	9.544E-01	9.775E-01	39.000	41	41	40
Q689B1_Q75_lddt	Q4H3Y3_Q75_lddt	1.001E+00	9.538E-01	9.768E-01	39.000	41	41	40
Q689B1_Q75_lddt	U5NMJ1_Q75_lddt	1.001E+00	9.540E-01	9.771E-01	43.900	41	41	40
Q689B1_Q75_lddt	A0A7G8Z9Q0_Q75_lddt	9.999E-01	9.528E-01	9.758E-01	26.800	41	41	40
Q689B1_Q75_lddt	Q59408_Q75_lddt	9.983E-01	9.513E-01	9.742E-01	41.400	41	41	40
Q689B1_Q75_lddt	Q59397_Q75_lddt	1.002E+00	9.312E-01	9.774E-01	41.400	41	41	39
Q689B1_Q75_lddt	K4EK33_Q75_lddt	9.945E-01	9.480E-01	9.707E-01	31.700	41	41	40
Q689B1_Q75_lddt	Q6A328_Q75_lddt	9.916E-01	9.454E-01	9.680E-01	34.100	41	41	40
Q689B1_Q75_lddt	A0A218N469_Q75_lddt	9.931E-01	9.235E-01	9.688E-01	36.500	41	41	39
Q689B1_Q75_lddt	Q8VVN6_Q75_lddt	9.746E-01	9.297E-01	9.516E-01	41.400	41	41	40
Q689B1_Q75_lddt	A0A0M2AT09_Q75_lddt	9.755E-01	9.310E-01	9.528E-01	29.200	41	41	40
Q689B1_Q75_lddt	A0A7Z8DX35_Q75_lddt	9.795E-01	9.121E-01	9.560E-01	46.300	41	41	39
Q689B1_Q75_lddt	Q9ZIF9_Q75_lddt	9.724E-01	9.283E-01	9.499E-01	36.500	41	41	40
Q689B1_Q75_lddt	A0A7I8NPH7_Q75_lddt	9.602E-01	9.172E-01	9.383E-01	31.700	41	41	40
Q689B1_Q75_lddt	K4EJH1_Q75_lddt	9.729E-01	9.066E-01	9.498E-01	31.700	41	41	39
Q689B1_Q75_lddt	E6BTZ6_Q75_lddt	1.012E+00	9.636E-01	8.250E-01	41.400	41	41	48
Q689B1_Q75_lddt	Q79PC3_Q75_lddt	9.517E-01	9.304E-01	9.304E-01	29.200	41	41	41
Q689B1_Q75_lddt	A4IUE2_Q75_lddt	9.851E-01	9.396E-01	8.082E-01	43.900	41	41	48
Q689B1_Q75_lddt	Q8GCW7_Q75_lddt	9.309E-01	7.898E-01	9.081E-01	26.800	41	41	35
Q689B1_Q75_lddt	Q8VVE6_Q75_lddt	9.280E-01	9.069E-01	6.982E-01	19.600	41	56	54
Q689B1_Q75_lddt	Q5W314_Q75_lddt	9.259E-01	9.049E-01	6.971E-01	17.800	41	56	54
Q8VVN6_Q75_lddt	Q8VVN6_Q75_lddt	1.026E+00	1.000E+00	1.000E+00	100.000	40	40	40
Q8VVN6_Q75_lddt	Q59397_Q75_lddt	9.997E-01	9.516E-01	9.751E-01	52.500	40	40	39
Q8VVN6_Q75_lddt	Q79CE5_Q75_lddt	9.787E-01	9.550E-01	9.550E-01	36.500	40	41	40
Q8VVN6_Q75_lddt	Q4H3Y3_Q75_lddt	9.776E-01	9.539E-01	9.539E-01	36.500	40	41	40
Q8VVN6_Q75_lddt	D5H463_Q75_lddt	9.768E-01	9.532E-01	9.532E-01	34.100	40	41	40
Q8VVN6_Q75_lddt	Q0QMM1_Q75_lddt	9.826E-01	9.592E-01	9.368E-01	41.400	40	41	41
Q8VVN6_Q75_lddt	B2RGD3_Q75_lddt	9.822E-01	9.588E-01	9.364E-01	41.400	40	41	41
Q8VVN6_Q75_lddt	F8T8W2_Q75_lddt	9.818E-01	9.584E-01	9.361E-01	41.400	40	41	41
Q8VVN6_Q75_lddt	B2ZPD3_Q75_lddt	9.812E-01	9.578E-01	9.355E-01	41.400	40	41	41
Q8VVN6_Q75_lddt	A0A4P6VV23_Q75_lddt	9.809E-01	9.576E-01	9.353E-01	43.900	40	41	41
Q8VVN6_Q75_lddt	P0C0P1_Q75_lddt	9.696E-01	9.464E-01	9.464E-01	39.000	40	41	40
Q8VVN6_Q75_lddt	B7VEQ0_Q75_lddt	9.805E-01	9.572E-01	9.349E-01	41.400	40	41	41
Q8VVN6_Q75_lddt	V5RSE8_Q75_lddt	9.795E-01	9.562E-01	9.340E-01	43.900	40	41	41
Q8VVN6_Q75_lddt	Q5QQ10_Q75_lddt	9.794E-01	9.562E-01	9.339E-01	43.900	40	41	41
Q8VVN6_Q75_lddt	Q7X0I6_Q75_lddt	9.787E-01	9.555E-01	9.333E-01	46.300	40	41	41
Q8VVN6_Q75_lddt	A0A6M3GZS6_Q75_lddt	9.673E-01	9.443E-01	9.443E-01	51.200	40	41	40
Q8VVN6_Q75_lddt	Q934B2_Q75_lddt	9.780E-01	9.548E-01	9.326E-01	43.900	40	41	41
Q8VVN6_Q75_lddt	A0A7Z8DX35_Q75_lddt	9.839E-01	9.375E-01	9.602E-01	52.500	40	40	39
Q8VVN6_Q75_lddt	D0QXI5_Q75_lddt	9.759E-01	9.528E-01	9.307E-01	39.000	40	41	41
Q8VVN6_Q75_lddt	Q5H760_Q75_lddt	9.756E-01	9.526E-01	9.305E-01	39.000	40	41	41
Q8VVN6_Q75_lddt	P95524_Q75_lddt	9.746E-01	9.516E-01	9.296E-01	39.000	40	41	41
Q8VVN6_Q75_lddt	Q689B1_Q75_lddt	9.746E-01	9.516E-01	9.297E-01	41.400	40	41	41
Q8VVN6_Q75_lddt	D1LUJ3_Q75_lddt	9.747E-01	9.517E-01	9.298E-01	36.500	40	41	41
Q8VVN6_Q75_lddt	B0FND5_Q75_lddt	9.730E-01	9.501E-01	9.282E-01	41.400	40	41	41
Q8VVN6_Q75_lddt	B0BKZ8_Q75_lddt	9.615E-01	9.388E-01	9.388E-01	43.900	40	41	40
Q8VVN6_Q75_lddt	P12833_Q75_lddt	9.613E-01	9.386E-01	9.386E-01	43.900	40	41	40
Q8VVN6_Q75_lddt	Q7BPB0_Q75_lddt	9.608E-01	9.381E-01	9.381E-01	46.300	40	41	40
Q8VVN6_Q75_lddt	A0A7G8Z9Q0_Q75_lddt	9.599E-01	9.372E-01	9.372E-01	39.000	40	41	40
Q8VVN6_Q75_lddt	K4EK33_Q75_lddt	9.587E-01	9.361E-01	9.361E-01	36.500	40	41	40
Q8VVN6_Q75_lddt	U5NMJ1_Q75_lddt	9.595E-01	9.369E-01	9.369E-01	43.900	40	41	40
Q8VVN6_Q75_lddt	Q6A328_Q75_lddt	9.571E-01	9.346E-01	9.346E-01	46.300	40	41	40
Q8VVN6_Q75_lddt	Q79PC3_Q75_lddt	9.723E-01	9.498E-01	9.282E-01	34.100	40	41	41
Q8VVN6_Q75_lddt	A0A218N469_Q75_lddt	9.730E-01	9.277E-01	9.498E-01	47.500	40	40	39
Q8VVN6_Q75_lddt	Q2XQ06_Q75_lddt	9.752E-01	9.060E-01	9.280E-01	43.500	40	39	39
Q8VVN6_Q75_lddt	A0A193CHQ8_Q75_lddt	9.749E-01	9.057E-01	9.277E-01	43.500	40	39	39
Q8VVN6_Q75_lddt	Q59408_Q75_lddt	9.470E-01	9.251E-01	9.251E-01	41.400	40	41	40
Q8VVN6_Q75_lddt	A0A0M2AT09_Q75_lddt	9.476E-01	9.256E-01	9.256E-01	34.100	40	41	40
Q8VVN6_Q75_lddt	A0A7I8NPH7_Q75_lddt	9.447E-01	9.229E-01	9.229E-01	39.000	40	41	40
Q8VVN6_Q75_lddt	Q9ZIF9_Q75_lddt	9.421E-01	9.204E-01	9.204E-01	34.100	40	41	40
Q8VVN6_Q75_lddt	K4EJH1_Q75_lddt	9.556E-01	9.124E-01	9.335E-01	55.000	40	40	39
Q8VVN6_Q75_lddt	E6BTZ6_Q75_lddt	9.724E-01	9.490E-01	7.955E-01	46.300	40	41	48
Q8VVN6_Q75_lddt	A4IUE2_Q75_lddt	9.612E-01	9.385E-01	7.885E-01	46.300	40	41	48
Q8VVN6_Q75_lddt	Q8GCW7_Q75_lddt	9.253E-01	7.996E-01	9.020E-01	29.200	40	41	35
Q8VVN6_Q75_lddt	Q8VVE6_Q75_lddt	9.123E-01	8.915E-01	6.737E-01	25.000	40	56	54
Q8VVN6_Q75_lddt	Q5W314_Q75_lddt	9.118E-01	8.911E-01	6.735E-01	28.500	40	56	54
U5NMJ1_Q75_lddt	U5NMJ1_Q75_lddt	1.026E+00	1.000E+00	1.000E+00	100.000	40	40	40
U5NMJ1_Q75_lddt	B0BKZ8_Q75_lddt	1.025E+00	9.996E-01	9.996E-01	100.000	40	40	40
U5NMJ1_Q75_lddt	Q7BPB0_Q75_lddt	1.023E+00	9.972E-01	9.972E-01	95.000	40	40	40
U5NMJ1_Q75_lddt	Q59408_Q75_lddt	1.014E+00	9.891E-01	9.891E-01	97.500	40	40	40
U5NMJ1_Q75_lddt	A0A6M3GZS6_Q75_lddt	1.010E+00	9.855E-01	9.855E-01	72.500	40	40	40
U5NMJ1_Q75_lddt	A0A7G8Z9Q0_Q75_lddt	1.000E+00	9.758E-01	9.758E-01	35.000	40	40	40
U5NMJ1_Q75_lddt	B2RGD3_Q75_lddt	1.004E+00	9.801E-01	9.568E-01	43.900	40	41	41
U5NMJ1_Q75_lddt	B0FND5_Q75_lddt	1.003E+00	9.792E-01	9.560E-01	46.300	40	41	41
U5NMJ1_Q75_lddt	F8T8W2_Q75_lddt	1.003E+00	9.784E-01	9.553E-01	46.300	40	41	41
U5NMJ1_Q75_lddt	D0QXI5_Q75_lddt	1.003E+00	9.784E-01	9.553E-01	43.900	40	41	41
U5NMJ1_Q75_lddt	P0C0P1_Q75_lddt	9.965E-01	9.726E-01	9.726E-01	35.000	40	40	40
U5NMJ1_Q75_lddt	Q5H760_Q75_lddt	1.002E+00	9.781E-01	9.550E-01	43.900	40	41	41
U5NMJ1_Q75_lddt	D5H463_Q75_lddt	9.960E-01	9.721E-01	9.721E-01	27.500	40	40	40
U5NMJ1_Q75_lddt	P12833_Q75_lddt	9.958E-01	9.719E-01	9.719E-01	37.500	40	40	40
U5NMJ1_Q75_lddt	Q0QMM1_Q75_lddt	1.001E+00	9.772E-01	9.541E-01	43.900	40	41	41
U5NMJ1_Q75_lddt	K4EK33_Q75_lddt	9.953E-01	9.714E-01	9.714E-01	32.500	40	40	40
U5NMJ1_Q75_lddt	Q689B1_Q75_lddt	1.001E+00	9.771E-01	9.540E-01	43.900	40	41	41
U5NMJ1_Q75_lddt	A0A0M2AT09_Q75_lddt	9.946E-01	9.708E-01	9.708E-01	30.000	40	40	40
U5NMJ1_Q75_lddt	B7VEQ0_Q75_lddt	1.001E+00	9.767E-01	9.536E-01	41.400	40	41	41
U5NMJ1_Q75_lddt	Q4H3Y3_Q75_lddt	9.946E-01	9.708E-01	9.708E-01	32.500	40	40	40
U5NMJ1_Q75_lddt	P95524_Q75_lddt	1.001E+00	9.764E-01	9.533E-01	46.300	40	41	41
U5NMJ1_Q75_lddt	Q79CE5_Q75_lddt	9.940E-01	9.703E-01	9.703E-01	27.500	40	40	40
U5NMJ1_Q75_lddt	D1LUJ3_Q75_lddt	9.995E-01	9.754E-01	9.524E-01	43.900	40	41	41
U5NMJ1_Q75_lddt	B2ZPD3_Q75_lddt	9.995E-01	9.754E-01	9.524E-01	41.400	40	41	41
U5NMJ1_Q75_lddt	Q6A328_Q75_lddt	9.878E-01	9.644E-01	9.644E-01	32.500	40	40	40
U5NMJ1_Q75_lddt	Q5QQ10_Q75_lddt	9.938E-01	9.700E-01	9.474E-01	41.400	40	41	41
U5NMJ1_Q75_lddt	Q9ZIF9_Q75_lddt	9.870E-01	9.637E-01	9.637E-01	40.000	40	40	40
U5NMJ1_Q75_lddt	A0A218N469_Q75_lddt	9.923E-01	9.449E-01	9.680E-01	45.000	40	40	39
U5NMJ1_Q75_lddt	Q934B2_Q75_lddt	9.913E-01	9.677E-01	9.452E-01	39.000	40	41	41
U5NMJ1_Q75_lddt	A0A4P6VV23_Q75_lddt	9.914E-01	9.678E-01	9.453E-01	41.400	40	41	41
U5NMJ1_Q75_lddt	A0A7Z8DX35_Q75_lddt	9.902E-01	9.431E-01	9.661E-01	42.500	40	40	39
U5NMJ1_Q75_lddt	Q7X0I6_Q75_lddt	9.889E-01	9.654E-01	9.430E-01	39.000	40	41	41
U5NMJ1_Q75_lddt	V5RSE8_Q75_lddt	9.885E-01	9.650E-01	9.426E-01	41.400	40	41	41
U5NMJ1_Q75_lddt	Q59397_Q75_lddt	9.887E-01	9.417E-01	9.647E-01	32.500	40	40	39
U5NMJ1_Q75_lddt	Q2XQ06_Q75_lddt	9.992E-01	9.270E-01	9.500E-01	46.100	40	39	39
U5NMJ1_Q75_lddt	A0A193CHQ8_Q75_lddt	9.984E-01	9.264E-01	9.492E-01	46.100	40	39	39
U5NMJ1_Q75_lddt	A0A7I8NPH7_Q75_lddt	9.746E-01	9.518E-01	9.518E-01	35.000	40	40	40
U5NMJ1_Q75_lddt	Q8VVN6_Q75_lddt	9.595E-01	9.369E-01	9.369E-01	43.900	40	41	40
U5NMJ1_Q75_lddt	Q79PC3_Q75_lddt	9.674E-01	9.451E-01	9.237E-01	36.500	40	41	41
U5NMJ1_Q75_lddt	E6BTZ6_Q75_lddt	1.003E+00	9.786E-01	8.193E-01	37.500	40	40	48
U5NMJ1_Q75_lddt	A4IUE2_Q75_lddt	9.793E-01	9.563E-01	8.044E-01	37.500	40	40	48
U5NMJ1_Q75_lddt	K4EJH1_Q75_lddt	9.357E-01	8.945E-01	9.147E-01	32.500	40	40	39
U5NMJ1_Q75_lddt	Q8VVE6_Q75_lddt	9.633E-01	9.405E-01	7.047E-01	21.800	40	55	54
U5NMJ1_Q75_lddt	Q5W314_Q75_lddt	9.524E-01	9.301E-01	6.992E-01	20.000	40	55	54
U5NMJ1_Q75_lddt	Q8GCW7_Q75_lddt	9.236E-01	8.013E-01	9.010E-01	30.000	40	40	35
Q6A328_Q75_lddt	Q6A328_Q75_lddt	1.026E+00	1.000E+00	1.000E+00	100.000	40	40	40
Q6A328_Q75_lddt	D5H463_Q75_lddt	9.992E-01	9.750E-01	9.750E-01	52.500	40	40	40
Q6A328_Q75_lddt	A0A7G8Z9Q0_Q75_lddt	9.983E-01	9.742E-01	9.742E-01	67.500	40	40	40
Q6A328_Q75_lddt	Q79CE5_Q75_lddt	9.968E-01	9.728E-01	9.728E-01	57.500	40	40	40
Q6A328_Q75_lddt	Q4H3Y3_Q75_lddt	9.964E-01	9.724E-01	9.724E-01	52.500	40	40	40
Q6A328_Q75_lddt	A0A6M3GZS6_Q75_lddt	9.929E-01	9.692E-01	9.692E-01	47.500	40	40	40
Q6A328_Q75_lddt	Q59408_Q75_lddt	9.930E-01	9.693E-01	9.693E-01	30.000	40	40	40
Q6A328_Q75_lddt	K4EK33_Q75_lddt	9.905E-01	9.669E-01	9.669E-01	42.500	40	40	40
Q6A328_Q75_lddt	P0C0P1_Q75_lddt	9.896E-01	9.661E-01	9.661E-01	50.000	40	40	40
Q6A328_Q75_lddt	D0QXI5_Q75_lddt	9.940E-01	9.702E-01	9.475E-01	31.700	40	41	41
Q6A328_Q75_lddt	U5NMJ1_Q75_lddt	9.878E-01	9.644E-01	9.644E-01	32.500	40	40	40
Q6A328_Q75_lddt	B0BKZ8_Q75_lddt	9.878E-01	9.644E-01	9.644E-01	32.500	40	40	40
Q6A328_Q75_lddt	Q5H760_Q75_lddt	9.937E-01	9.699E-01	9.472E-01	31.700	40	41	41
Q6A328_Q75_lddt	B2RGD3_Q75_lddt	9.934E-01	9.696E-01	9.469E-01	34.100	40	41	41
Q6A328_Q75_lddt	P12833_Q75_lddt	9.876E-01	9.642E-01	9.642E-01	47.500	40	40	40
Q6A328_Q75_lddt	Q0QMM1_Q75_lddt	9.930E-01	9.692E-01	9.466E-01	31.700	40	41	41
Q6A328_Q75_lddt	F8T8W2_Q75_lddt	9.925E-01	9.688E-01	9.461E-01	31.700	40	41	41
Q6A328_Q75_lddt	B2ZPD3_Q75_lddt	9.923E-01	9.687E-01	9.460E-01	31.700	40	41	41
Q6A328_Q75_lddt	Q5QQ10_Q75_lddt	9.921E-01	9.684E-01	9.458E-01	29.200	40	41	41
Q6A328_Q75_lddt	B7VEQ0_Q75_lddt	9.919E-01	9.683E-01	9.457E-01	31.700	40	41	41
Q6A328_Q75_lddt	Q689B1_Q75_lddt	9.916E-01	9.680E-01	9.454E-01	34.100	40	41	41
Q6A328_Q75_lddt	D1LUJ3_Q75_lddt	9.915E-01	9.679E-01	9.453E-01	36.500	40	41	41
Q6A328_Q75_lddt	Q7BPB0_Q75_lddt	9.850E-01	9.617E-01	9.617E-01	35.000	40	40	40
Q6A328_Q75_lddt	A0A4P6VV23_Q75_lddt	9.905E-01	9.669E-01	9.444E-01	29.200	40	41	41
Q6A328_Q75_lddt	P95524_Q75_lddt	9.903E-01	9.667E-01	9.442E-01	34.100	40	41	41
Q6A328_Q75_lddt	Q7X0I6_Q75_lddt	9.901E-01	9.665E-01	9.440E-01	31.700	40	41	41
Q6A328_Q75_lddt	V5RSE8_Q75_lddt	9.900E-01	9.664E-01	9.439E-01	29.200	40	41	41
Q6A328_Q75_lddt	Q59397_Q75_lddt	9.906E-01	9.434E-01	9.664E-01	42.500	40	40	39
Q6A328_Q75_lddt	B0FND5_Q75_lddt	9.890E-01	9.655E-01	9.431E-01	34.100	40	41	41
Q6A328_Q75_lddt	Q934B2_Q75_lddt	9.888E-01	9.653E-01	9.429E-01	29.200	40	41	41
Q6A328_Q75_lddt	A0A0M2AT09_Q75_lddt	9.824E-01	9.593E-01	9.593E-01	40.000	40	40	40
Q6A328_Q75_lddt	Q9ZIF9_Q75_lddt	9.811E-01	9.580E-01	9.580E-01	50.000	40	40	40
Q6A328_Q75_lddt	A0A218N469_Q75_lddt	9.799E-01	9.338E-01	9.563E-01	57.500	40	40	39
Q6A328_Q75_lddt	A0A7I8NPH7_Q75_lddt	9.719E-01	9.493E-01	9.493E-01	32.500	40	40	40
Q6A328_Q75_lddt	A0A7Z8DX35_Q75_lddt	9.787E-01	9.328E-01	9.552E-01	37.500	40	40	39
Q6A328_Q75_lddt	Q79PC3_Q75_lddt	9.753E-01	9.526E-01	9.308E-01	41.400	40	41	41
Q6A328_Q75_lddt	Q8VVN6_Q75_lddt	9.571E-01	9.346E-01	9.346E-01	46.300	40	41	40
Q6A328_Q75_lddt	Q2XQ06_Q75_lddt	9.861E-01	9.161E-01	9.383E-01	30.700	40	39	39
Q6A328_Q75_lddt	A0A193CHQ8_Q75_lddt	9.857E-01	9.157E-01	9.380E-01	30.700	40	39	39
Q6A328_Q75_lddt	E6BTZ6_Q75_lddt	1.005E+00	9.805E-01	8.204E-01	72.500	40	40	48
Q6A328_Q75_lddt	K4EJH1_Q75_lddt	9.508E-01	9.079E-01	9.289E-01	37.500	40	40	39
Q6A328_Q75_lddt	A4IUE2_Q75_lddt	9.787E-01	9.558E-01	8.040E-01	52.500	40	40	48
Q6A328_Q75_lddt	Q8GCW7_Q75_lddt	9.614E-01	8.287E-01	9.367E-01	35.000	40	40	35
Q6A328_Q75_lddt	Q8VVE6_Q75_lddt	9.471E-01	9.252E-01	6.968E-01	21.800	40	55	54
Q6A328_Q75_lddt	Q5W314_Q75_lddt	9.462E-01	9.243E-01	6.963E-01	20.000	40	55	54
V5RSE8_Q75_lddt	V5RSE8_Q75_lddt	1.025E+00	1.000E+00	1.000E+00	100.000	41	41	41
V5RSE8_Q75_lddt	Q7X0I6_Q75_lddt	1.025E+00	9.997E-01	9.997E-01	97.500	41	41	41
V5RSE8_Q75_lddt	A0A4P6VV23_Q75_lddt	1.024E+00	9.992E-01	9.992E-01	100.000	41	41	41
V5RSE8_Q75_lddt	Q5QQ10_Q75_lddt	1.024E+00	9.992E-01	9.992E-01	100.000	41	41	41
V5RSE8_Q75_lddt	Q934B2_Q75_lddt	1.023E+00	9.980E-01	9.980E-01	90.200	41	41	41
V5RSE8_Q75_lddt	B2ZPD3_Q75_lddt	1.022E+00	9.972E-01	9.972E-01	90.200	41	41	41
V5RSE8_Q75_lddt	B7VEQ0_Q75_lddt	1.021E+00	9.965E-01	9.965E-01	90.200	41	41	41
V5RSE8_Q75_lddt	D1LUJ3_Q75_lddt	1.021E+00	9.963E-01	9.963E-01	65.800	41	41	41
V5RSE8_Q75_lddt	Q0QMM1_Q75_lddt	1.020E+00	9.954E-01	9.954E-01	87.800	41	41	41
V5RSE8_Q75_lddt	Q689B1_Q75_lddt	1.020E+00	9.952E-01	9.952E-01	70.700	41	41	41
V5RSE8_Q75_lddt	F8T8W2_Q75_lddt	1.020E+00	9.951E-01	9.951E-01	85.300	41	41	41
V5RSE8_Q75_lddt	B2RGD3_Q75_lddt	1.019E+00	9.945E-01	9.945E-01	85.300	41	41	41
V5RSE8_Q75_lddt	D0QXI5_Q75_lddt	1.019E+00	9.944E-01	9.944E-01	80.400	41	41	41
V5RSE8_Q75_lddt	Q5H760_Q75_lddt	1.019E+00	9.943E-01	9.943E-01	80.400	41	41	41
V5RSE8_Q75_lddt	B0FND5_Q75_lddt	1.017E+00	9.928E-01	9.928E-01	73.100	41	41	41
V5RSE8_Q75_lddt	P95524_Q75_lddt	1.017E+00	9.925E-01	9.925E-01	82.900	41	41	41
V5RSE8_Q75_lddt	A0A193CHQ8_Q75_lddt	1.022E+00	9.479E-01	9.962E-01	82.000	41	39	39
V5RSE8_Q75_lddt	Q2XQ06_Q75_lddt	1.022E+00	9.477E-01	9.960E-01	82.000	41	39	39
V5RSE8_Q75_lddt	Q79CE5_Q75_lddt	1.003E+00	9.560E-01	9.792E-01	34.100	41	41	40
V5RSE8_Q75_lddt	P0C0P1_Q75_lddt	1.003E+00	9.556E-01	9.788E-01	29.200	41	41	40
V5RSE8_Q75_lddt	D5H463_Q75_lddt	1.002E+00	9.545E-01	9.776E-01	36.500	41	41	40
V5RSE8_Q75_lddt	Q4H3Y3_Q75_lddt	1.001E+00	9.538E-01	9.769E-01	36.500	41	41	40
V5RSE8_Q75_lddt	P12833_Q75_lddt	1.001E+00	9.535E-01	9.765E-01	39.000	41	41	40
V5RSE8_Q75_lddt	A0A6M3GZS6_Q75_lddt	9.963E-01	9.495E-01	9.723E-01	48.700	41	41	40
V5RSE8_Q75_lddt	Q59397_Q75_lddt	1.003E+00	9.321E-01	9.784E-01	39.000	41	41	39
V5RSE8_Q75_lddt	Q7BPB0_Q75_lddt	9.936E-01	9.472E-01	9.698E-01	43.900	41	41	40
V5RSE8_Q75_lddt	A0A7G8Z9Q0_Q75_lddt	9.931E-01	9.467E-01	9.694E-01	34.100	41	41	40
V5RSE8_Q75_lddt	B0BKZ8_Q75_lddt	9.911E-01	9.450E-01	9.676E-01	41.400	41	41	40
V5RSE8_Q75_lddt	Q6A328_Q75_lddt	9.900E-01	9.439E-01	9.664E-01	29.200	41	41	40
V5RSE8_Q75_lddt	U5NMJ1_Q75_lddt	9.885E-01	9.426E-01	9.650E-01	41.400	41	41	40
V5RSE8_Q75_lddt	Q59408_Q75_lddt	9.873E-01	9.416E-01	9.639E-01	39.000	41	41	40
V5RSE8_Q75_lddt	K4EK33_Q75_lddt	9.852E-01	9.397E-01	9.619E-01	29.200	41	41	40
V5RSE8_Q75_lddt	Q8VVN6_Q75_lddt	9.795E-01	9.340E-01	9.562E-01	43.900	41	41	40
V5RSE8_Q75_lddt	A0A218N469_Q75_lddt	9.830E-01	9.150E-01	9.592E-01	36.500	41	41	39
V5RSE8_Q75_lddt	K4EJH1_Q75_lddt	9.809E-01	9.133E-01	9.573E-01	36.500	41	41	39
V5RSE8_Q75_lddt	A0A0M2AT09_Q75_lddt	9.692E-01	9.254E-01	9.468E-01	31.700	41	41	40
V5RSE8_Q75_lddt	E6BTZ6_Q75_lddt	1.010E+00	9.617E-01	8.237E-01	36.500	41	41	48
V5RSE8_Q75_lddt	Q9ZIF9_Q75_lddt	9.616E-01	9.186E-01	9.397E-01	31.700	41	41	40
V5RSE8_Q75_lddt	A0A7Z8DX35_Q75_lddt	9.679E-01	9.024E-01	9.451E-01	36.500	41	41	39
V5RSE8_Q75_lddt	Q79PC3_Q75_lddt	9.477E-01	9.266E-01	9.266E-01	36.500	41	41	41
V5RSE8_Q75_lddt	A0A7I8NPH7_Q75_lddt	9.553E-01	9.127E-01	9.336E-01	34.100	41	41	40
V5RSE8_Q75_lddt	A4IUE2_Q75_lddt	9.829E-01	9.377E-01	8.069E-01	36.500	41	41	48
V5RSE8_Q75_lddt	Q8GCW7_Q75_lddt	9.388E-01	7.953E-01	9.155E-01	24.300	41	41	35
V5RSE8_Q75_lddt	Q8VVE6_Q75_lddt	9.177E-01	8.971E-01	6.929E-01	21.400	41	56	54
V5RSE8_Q75_lddt	Q5W314_Q75_lddt	9.161E-01	8.956E-01	6.921E-01	17.800	41	56	54
A0A0M2AT09_Q75_lddt	A0A0M2AT09_Q75_lddt	1.026E+00	1.000E+00	1.000E+00	100.000	40	40	40
A0A0M2AT09_Q75_lddt	A0A7G8Z9Q0_Q75_lddt	9.971E-01	9.732E-01	9.732E-01	47.500	40	40	40
A0A0M2AT09_Q75_lddt	U5NMJ1_Q75_lddt	9.946E-01	9.708E-01	9.708E-01	30.000	40	40	40
A0A0M2AT09_Q75_lddt	B0BKZ8_Q75_lddt	9.945E-01	9.707E-01	9.707E-01	30.000	40	40	40
A0A0M2AT09_Q75_lddt	A0A6M3GZS6_Q75_lddt	9.949E-01	9.711E-01	9.711E-01	35.000	40	40	40
A0A0M2AT09_Q75_lddt	Q7BPB0_Q75_lddt	9.922E-01	9.685E-01	9.685E-01	27.500	40	40	40
A0A0M2AT09_Q75_lddt	Q59408_Q75_lddt	9.895E-01	9.659E-01	9.659E-01	27.500	40	40	40
A0A0M2AT09_Q75_lddt	K4EK33_Q75_lddt	9.839E-01	9.607E-01	9.607E-01	37.500	40	40	40
A0A0M2AT09_Q75_lddt	Q79CE5_Q75_lddt	9.839E-01	9.607E-01	9.607E-01	40.000	40	40	40
A0A0M2AT09_Q75_lddt	Q6A328_Q75_lddt	9.824E-01	9.593E-01	9.593E-01	40.000	40	40	40
A0A0M2AT09_Q75_lddt	Q59397_Q75_lddt	9.887E-01	9.417E-01	9.647E-01	35.000	40	40	39
A0A0M2AT09_Q75_lddt	D5H463_Q75_lddt	9.817E-01	9.586E-01	9.586E-01	37.500	40	40	40
A0A0M2AT09_Q75_lddt	A0A7I8NPH7_Q75_lddt	9.802E-01	9.572E-01	9.572E-01	40.000	40	40	40
A0A0M2AT09_Q75_lddt	Q4H3Y3_Q75_lddt	9.774E-01	9.546E-01	9.546E-01	40.000	40	40	40
A0A0M2AT09_Q75_lddt	P0C0P1_Q75_lddt	9.758E-01	9.530E-01	9.530E-01	42.500	40	40	40
A0A0M2AT09_Q75_lddt	A0A7Z8DX35_Q75_lddt	9.811E-01	9.351E-01	9.576E-01	45.000	40	40	39
A0A0M2AT09_Q75_lddt	Q9ZIF9_Q75_lddt	9.728E-01	9.503E-01	9.503E-01	45.000	40	40	40
A0A0M2AT09_Q75_lddt	D0QXI5_Q75_lddt	9.773E-01	9.544E-01	9.326E-01	31.700	40	41	41
A0A0M2AT09_Q75_lddt	B2RGD3_Q75_lddt	9.775E-01	9.547E-01	9.328E-01	31.700	40	41	41
A0A0M2AT09_Q75_lddt	D1LUJ3_Q75_lddt	9.773E-01	9.544E-01	9.326E-01	31.700	40	41	41
A0A0M2AT09_Q75_lddt	Q79PC3_Q75_lddt	9.775E-01	9.547E-01	9.329E-01	26.800	40	41	41
A0A0M2AT09_Q75_lddt	B0FND5_Q75_lddt	9.766E-01	9.538E-01	9.320E-01	29.200	40	41	41
A0A0M2AT09_Q75_lddt	Q5H760_Q75_lddt	9.762E-01	9.534E-01	9.316E-01	31.700	40	41	41
A0A0M2AT09_Q75_lddt	Q689B1_Q75_lddt	9.755E-01	9.528E-01	9.310E-01	29.200	40	41	41
A0A0M2AT09_Q75_lddt	B2ZPD3_Q75_lddt	9.748E-01	9.521E-01	9.304E-01	36.500	40	41	41
A0A0M2AT09_Q75_lddt	F8T8W2_Q75_lddt	9.745E-01	9.519E-01	9.302E-01	31.700	40	41	41
A0A0M2AT09_Q75_lddt	B7VEQ0_Q75_lddt	9.740E-01	9.514E-01	9.297E-01	36.500	40	41	41
A0A0M2AT09_Q75_lddt	Q0QMM1_Q75_lddt	9.742E-01	9.516E-01	9.299E-01	31.700	40	41	41
A0A0M2AT09_Q75_lddt	P12833_Q75_lddt	9.689E-01	9.466E-01	9.466E-01	45.000	40	40	40
A0A0M2AT09_Q75_lddt	Q5QQ10_Q75_lddt	9.729E-01	9.503E-01	9.287E-01	31.700	40	41	41
A0A0M2AT09_Q75_lddt	P95524_Q75_lddt	9.699E-01	9.474E-01	9.259E-01	31.700	40	41	41
A0A0M2AT09_Q75_lddt	A0A4P6VV23_Q75_lddt	9.700E-01	9.476E-01	9.261E-01	31.700	40	41	41
A0A0M2AT09_Q75_lddt	Q934B2_Q75_lddt	9.693E-01	9.469E-01	9.254E-01	29.200	40	41	41
A0A0M2AT09_Q75_lddt	A0A218N469_Q75_lddt	9.706E-01	9.257E-01	9.476E-01	40.000	40	40	39
A0A0M2AT09_Q75_lddt	V5RSE8_Q75_lddt	9.692E-01	9.468E-01	9.254E-01	31.700	40	41	41
A0A0M2AT09_Q75_lddt	Q7X0I6_Q75_lddt	9.685E-01	9.461E-01	9.247E-01	31.700	40	41	41
A0A0M2AT09_Q75_lddt	Q8VVN6_Q75_lddt	9.476E-01	9.256E-01	9.256E-01	34.100	40	41	40
A0A0M2AT09_Q75_lddt	Q2XQ06_Q75_lddt	9.712E-01	9.036E-01	9.251E-01	33.300	40	39	39
A0A0M2AT09_Q75_lddt	A0A193CHQ8_Q75_lddt	9.702E-01	9.028E-01	9.242E-01	33.300	40	39	39
A0A0M2AT09_Q75_lddt	E6BTZ6_Q75_lddt	9.906E-01	9.670E-01	8.117E-01	42.500	40	40	48
A0A0M2AT09_Q75_lddt	K4EJH1_Q75_lddt	9.289E-01	8.884E-01	9.082E-01	35.000	40	40	39
A0A0M2AT09_Q75_lddt	A4IUE2_Q75_lddt	9.552E-01	9.336E-01	7.893E-01	42.500	40	40	48
A0A0M2AT09_Q75_lddt	Q8GCW7_Q75_lddt	9.438E-01	8.166E-01	9.202E-01	37.500	40	40	35
A0A0M2AT09_Q75_lddt	Q8VVE6_Q75_lddt	9.645E-01	9.415E-01	7.052E-01	23.600	40	55	54
A0A0M2AT09_Q75_lddt	Q5W314_Q75_lddt	9.262E-01	9.053E-01	6.859E-01	18.100	40	55	54
A0A193CHQ8_Q75_lddt	A0A193CHQ8_Q75_lddt	1.026E+00	1.000E+00	1.000E+00	100.000	39	39	39
A0A193CHQ8_Q75_lddt	Q2XQ06_Q75_lddt	1.026E+00	9.999E-01	9.999E-01	100.000	39	39	39
A0A193CHQ8_Q75_lddt	B2RGD3_Q75_lddt	1.024E+00	9.977E-01	9.491E-01	94.800	39	39	41
A0A193CHQ8_Q75_lddt	Q0QMM1_Q75_lddt	1.024E+00	9.976E-01	9.491E-01	92.300	39	39	41
A0A193CHQ8_Q75_lddt	F8T8W2_Q75_lddt	1.024E+00	9.976E-01	9.491E-01	92.300	39	39	41
A0A193CHQ8_Q75_lddt	B2ZPD3_Q75_lddt	1.023E+00	9.973E-01	9.489E-01	84.600	39	39	41
A0A193CHQ8_Q75_lddt	B7VEQ0_Q75_lddt	1.023E+00	9.971E-01	9.487E-01	84.600	39	39	41
A0A193CHQ8_Q75_lddt	D1LUJ3_Q75_lddt	1.023E+00	9.968E-01	9.484E-01	64.100	39	39	41
A0A193CHQ8_Q75_lddt	Q934B2_Q75_lddt	1.023E+00	9.967E-01	9.483E-01	79.400	39	39	41
A0A193CHQ8_Q75_lddt	Q5QQ10_Q75_lddt	1.023E+00	9.967E-01	9.483E-01	82.000	39	39	41
A0A193CHQ8_Q75_lddt	V5RSE8_Q75_lddt	1.022E+00	9.962E-01	9.479E-01	82.000	39	39	41
A0A193CHQ8_Q75_lddt	A0A4P6VV23_Q75_lddt	1.022E+00	9.962E-01	9.478E-01	82.000	39	39	41
A0A193CHQ8_Q75_lddt	Q689B1_Q75_lddt	1.022E+00	9.961E-01	9.478E-01	69.200	39	39	41
A0A193CHQ8_Q75_lddt	Q7X0I6_Q75_lddt	1.022E+00	9.956E-01	9.473E-01	79.400	39	39	41
A0A193CHQ8_Q75_lddt	D0QXI5_Q75_lddt	1.021E+00	9.951E-01	9.469E-01	79.400	39	39	41
A0A193CHQ8_Q75_lddt	B0FND5_Q75_lddt	1.021E+00	9.949E-01	9.467E-01	69.200	39	39	41
A0A193CHQ8_Q75_lddt	Q5H760_Q75_lddt	1.021E+00	9.947E-01	9.465E-01	79.400	39	39	41
A0A193CHQ8_Q75_lddt	P95524_Q75_lddt	1.019E+00	9.933E-01	9.453E-01	79.400	39	39	41
A0A193CHQ8_Q75_lddt	Q7BPB0_Q75_lddt	1.003E+00	9.530E-01	9.299E-01	48.700	39	39	40
A0A193CHQ8_Q75_lddt	B0BKZ8_Q75_lddt	1.001E+00	9.518E-01	9.288E-01	46.100	39	39	40
A0A193CHQ8_Q75_lddt	P0C0P1_Q75_lddt	1.001E+00	9.518E-01	9.288E-01	30.700	39	39	40
A0A193CHQ8_Q75_lddt	Q79CE5_Q75_lddt	9.982E-01	9.491E-01	9.262E-01	35.800	39	39	40
A0A193CHQ8_Q75_lddt	U5NMJ1_Q75_lddt	9.984E-01	9.492E-01	9.264E-01	46.100	39	39	40
A0A193CHQ8_Q75_lddt	A0A6M3GZS6_Q75_lddt	9.981E-01	9.490E-01	9.261E-01	46.100	39	39	40
A0A193CHQ8_Q75_lddt	P12833_Q75_lddt	9.972E-01	9.481E-01	9.253E-01	35.800	39	39	40
A0A193CHQ8_Q75_lddt	D5H463_Q75_lddt	9.964E-01	9.474E-01	9.247E-01	33.300	39	39	40
A0A193CHQ8_Q75_lddt	Q59408_Q75_lddt	9.955E-01	9.467E-01	9.239E-01	43.500	39	39	40
A0A193CHQ8_Q75_lddt	Q4H3Y3_Q75_lddt	9.945E-01	9.458E-01	9.231E-01	33.300	39	39	40
A0A193CHQ8_Q75_lddt	A0A7G8Z9Q0_Q75_lddt	9.939E-01	9.453E-01	9.227E-01	33.300	39	39	40
A0A193CHQ8_Q75_lddt	Q59397_Q75_lddt	9.974E-01	9.238E-01	9.238E-01	41.000	39	39	39
A0A193CHQ8_Q75_lddt	Q6A328_Q75_lddt	9.857E-01	9.380E-01	9.157E-01	30.700	39	39	40
A0A193CHQ8_Q75_lddt	K4EK33_Q75_lddt	9.822E-01	9.349E-01	9.129E-01	30.700	39	39	40
A0A193CHQ8_Q75_lddt	A0A218N469_Q75_lddt	9.886E-01	9.164E-01	9.164E-01	35.800	39	39	39
A0A193CHQ8_Q75_lddt	Q8VVN6_Q75_lddt	9.749E-01	9.277E-01	9.057E-01	43.500	39	39	40
A0A193CHQ8_Q75_lddt	A0A0M2AT09_Q75_lddt	9.702E-01	9.242E-01	9.028E-01	33.300	39	39	40
A0A193CHQ8_Q75_lddt	Q9ZIF9_Q75_lddt	9.664E-01	9.210E-01	8.997E-01	28.200	39	39	40
A0A193CHQ8_Q75_lddt	A0A7Z8DX35_Q75_lddt	9.727E-01	9.033E-01	9.033E-01	38.400	39	39	39
A0A193CHQ8_Q75_lddt	E6BTZ6_Q75_lddt	1.008E+00	9.573E-01	7.812E-01	33.300	39	39	48
A0A193CHQ8_Q75_lddt	Q79PC3_Q75_lddt	9.453E-01	9.234E-01	8.824E-01	25.600	39	39	41
A0A193CHQ8_Q75_lddt	A0A7I8NPH7_Q75_lddt	9.494E-01	9.056E-01	8.851E-01	33.300	39	39	40
A0A193CHQ8_Q75_lddt	K4EJH1_Q75_lddt	9.634E-01	8.956E-01	8.956E-01	30.700	39	39	39
A0A193CHQ8_Q75_lddt	A4IUE2_Q75_lddt	9.758E-01	9.293E-01	7.637E-01	33.300	39	39	48
A0A193CHQ8_Q75_lddt	Q8GCW7_Q75_lddt	9.279E-01	7.817E-01	8.599E-01	25.600	39	39	35
A0A193CHQ8_Q75_lddt	Q8VVE6_Q75_lddt	9.129E-01	8.916E-01	6.576E-01	20.300	39	54	54
A0A193CHQ8_Q75_lddt	Q5W314_Q75_lddt	9.098E-01	8.886E-01	6.561E-01	16.600	39	54	54
A0A218N469_Q75_lddt	A0A218N469_Q75_lddt	1.026E+00	1.000E+00	1.000E+00	100.000	39	39	39
A0A218N469_Q75_lddt	A0A7Z8DX35_Q75_lddt	9.945E-01	9.702E-01	9.702E-01	41.000	39	39	39
A0A218N469_Q75_lddt	A0A7G8Z9Q0_Q75_lddt	9.984E-01	9.738E-01	9.503E-01	65.000	39	40	40
A0A218N469_Q75_lddt	Q79CE5_Q75_lddt	9.962E-01	9.717E-01	9.484E-01	45.000	39	40	40
A0A218N469_Q75_lddt	B0BKZ8_Q75_lddt	9.933E-01	9.689E-01	9.457E-01	45.000	39	40	40
A0A218N469_Q75_lddt	U5NMJ1_Q75_lddt	9.923E-01	9.680E-01	9.449E-01	45.000	39	40	40
A0A218N469_Q75_lddt	D5H463_Q75_lddt	9.930E-01	9.687E-01	9.455E-01	40.000	39	40	40
A0A218N469_Q75_lddt	A0A6M3GZS6_Q75_lddt	9.924E-01	9.682E-01	9.450E-01	50.000	39	40	40
A0A218N469_Q75_lddt	Q7BPB0_Q75_lddt	9.905E-01	9.663E-01	9.432E-01	47.500	39	40	40
A0A218N469_Q75_lddt	P0C0P1_Q75_lddt	9.901E-01	9.659E-01	9.429E-01	50.000	39	40	40
A0A218N469_Q75_lddt	D0QXI5_Q75_lddt	9.960E-01	9.715E-01	9.259E-01	43.900	39	41	41
A0A218N469_Q75_lddt	K4EK33_Q75_lddt	9.904E-01	9.663E-01	9.432E-01	45.000	39	40	40
A0A218N469_Q75_lddt	Q4H3Y3_Q75_lddt	9.897E-01	9.656E-01	9.426E-01	42.500	39	40	40
A0A218N469_Q75_lddt	Q59397_Q75_lddt	9.835E-01	9.597E-01	9.597E-01	46.100	39	39	39
A0A218N469_Q75_lddt	Q5H760_Q75_lddt	9.945E-01	9.701E-01	9.246E-01	43.900	39	41	41
A0A218N469_Q75_lddt	B0FND5_Q75_lddt	9.942E-01	9.698E-01	9.244E-01	36.500	39	41	41
A0A218N469_Q75_lddt	B2RGD3_Q75_lddt	9.939E-01	9.695E-01	9.241E-01	39.000	39	41	41
A0A218N469_Q75_lddt	Q689B1_Q75_lddt	9.931E-01	9.688E-01	9.235E-01	36.500	39	41	41
A0A218N469_Q75_lddt	P95524_Q75_lddt	9.932E-01	9.689E-01	9.235E-01	41.400	39	41	41
A0A218N469_Q75_lddt	Q0QMM1_Q75_lddt	9.925E-01	9.682E-01	9.229E-01	39.000	39	41	41
A0A218N469_Q75_lddt	F8T8W2_Q75_lddt	9.921E-01	9.679E-01	9.227E-01	41.400	39	41	41
A0A218N469_Q75_lddt	D1LUJ3_Q75_lddt	9.907E-01	9.665E-01	9.214E-01	39.000	39	41	41
A0A218N469_Q75_lddt	Q59408_Q75_lddt	9.838E-01	9.600E-01	9.372E-01	42.500	39	40	40
A0A218N469_Q75_lddt	B7VEQ0_Q75_lddt	9.887E-01	9.646E-01	9.197E-01	36.500	39	41	41
A0A218N469_Q75_lddt	B2ZPD3_Q75_lddt	9.878E-01	9.638E-01	9.190E-01	36.500	39	41	41
A0A218N469_Q75_lddt	Q5QQ10_Q75_lddt	9.871E-01	9.631E-01	9.184E-01	36.500	39	41	41
A0A218N469_Q75_lddt	Q934B2_Q75_lddt	9.866E-01	9.626E-01	9.180E-01	34.100	39	41	41
A0A218N469_Q75_lddt	Q6A328_Q75_lddt	9.799E-01	9.563E-01	9.338E-01	57.500	39	40	40
A0A218N469_Q75_lddt	P12833_Q75_lddt	9.783E-01	9.548E-01	9.323E-01	45.000	39	40	40
A0A218N469_Q75_lddt	A0A4P6VV23_Q75_lddt	9.854E-01	9.615E-01	9.170E-01	36.500	39	41	41
A0A218N469_Q75_lddt	Q9ZIF9_Q75_lddt	9.795E-01	9.560E-01	9.336E-01	42.500	39	40	40
A0A218N469_Q75_lddt	Q7X0I6_Q75_lddt	9.840E-01	9.602E-01	9.158E-01	39.000	39	41	41
A0A218N469_Q75_lddt	V5RSE8_Q75_lddt	9.830E-01	9.592E-01	9.150E-01	36.500	39	41	41
A0A218N469_Q75_lddt	Q8VVN6_Q75_lddt	9.730E-01	9.498E-01	9.277E-01	47.500	39	40	40
A0A218N469_Q75_lddt	A0A0M2AT09_Q75_lddt	9.706E-01	9.476E-01	9.257E-01	40.000	39	40	40
A0A218N469_Q75_lddt	Q2XQ06_Q75_lddt	9.892E-01	9.169E-01	9.169E-01	35.800	39	39	39
A0A218N469_Q75_lddt	A0A193CHQ8_Q75_lddt	9.886E-01	9.164E-01	9.164E-01	35.800	39	39	39
A0A218N469_Q75_lddt	E6BTZ6_Q75_lddt	1.001E+00	9.758E-01	7.975E-01	55.000	39	40	48
A0A218N469_Q75_lddt	Q79PC3_Q75_lddt	9.617E-01	9.392E-01	8.971E-01	34.100	39	41	41
A0A218N469_Q75_lddt	A0A7I8NPH7_Q75_lddt	9.464E-01	9.247E-01	9.040E-01	37.500	39	40	40
A0A218N469_Q75_lddt	K4EJH1_Q75_lddt	9.325E-01	9.115E-01	9.115E-01	46.100	39	39	39
A0A218N469_Q75_lddt	A4IUE2_Q75_lddt	9.624E-01	9.398E-01	7.745E-01	47.500	39	40	48
A0A218N469_Q75_lddt	Q8GCW7_Q75_lddt	8.945E-01	7.952E-01	8.730E-01	35.000	39	40	35
A0A218N469_Q75_lddt	Q8VVE6_Q75_lddt	9.363E-01	9.145E-01	6.748E-01	18.100	39	55	54
A0A218N469_Q75_lddt	Q5W314_Q75_lddt	9.269E-01	9.056E-01	6.701E-01	23.600	39	55	54
A0A4P6VV23_Q75_lddt	A0A4P6VV23_Q75_lddt	1.025E+00	1.000E+00	1.000E+00	100.000	41	41	41
A0A4P6VV23_Q75_lddt	V5RSE8_Q75_lddt	1.024E+00	9.992E-01	9.992E-01	100.000	41	41	41
A0A4P6VV23_Q75_lddt	Q7X0I6_Q75_lddt	1.024E+00	9.991E-01	9.991E-01	97.500	41	41	41
A0A4P6VV23_Q75_lddt	Q5QQ10_Q75_lddt	1.023E+00	9.985E-01	9.985E-01	100.000	41	41	41
A0A4P6VV23_Q75_lddt	Q934B2_Q75_lddt	1.022E+00	9.976E-01	9.976E-01	90.200	41	41	41
A0A4P6VV23_Q75_lddt	B2ZPD3_Q75_lddt	1.022E+00	9.973E-01	9.973E-01	90.200	41	41	41
A0A4P6VV23_Q75_lddt	B7VEQ0_Q75_lddt	1.021E+00	9.967E-01	9.967E-01	90.200	41	41	41
A0A4P6VV23_Q75_lddt	D1LUJ3_Q75_lddt	1.021E+00	9.959E-01	9.959E-01	65.800	41	41	41
A0A4P6VV23_Q75_lddt	Q0QMM1_Q75_lddt	1.020E+00	9.956E-01	9.956E-01	87.800	41	41	41
A0A4P6VV23_Q75_lddt	F8T8W2_Q75_lddt	1.020E+00	9.953E-01	9.953E-01	85.300	41	41	41
A0A4P6VV23_Q75_lddt	Q689B1_Q75_lddt	1.020E+00	9.953E-01	9.953E-01	70.700	41	41	41
A0A4P6VV23_Q75_lddt	B2RGD3_Q75_lddt	1.019E+00	9.948E-01	9.948E-01	85.300	41	41	41
A0A4P6VV23_Q75_lddt	D0QXI5_Q75_lddt	1.019E+00	9.945E-01	9.945E-01	80.400	41	41	41
A0A4P6VV23_Q75_lddt	Q5H760_Q75_lddt	1.019E+00	9.943E-01	9.943E-01	80.400	41	41	41
A0A4P6VV23_Q75_lddt	P95524_Q75_lddt	1.018E+00	9.930E-01	9.930E-01	82.900	41	41	41
A0A4P6VV23_Q75_lddt	B0FND5_Q75_lddt	1.017E+00	9.927E-01	9.927E-01	73.100	41	41	41
A0A4P6VV23_Q75_lddt	A0A193CHQ8_Q75_lddt	1.022E+00	9.478E-01	9.962E-01	82.000	41	39	39
A0A4P6VV23_Q75_lddt	Q2XQ06_Q75_lddt	1.022E+00	9.477E-01	9.960E-01	82.000	41	39	39
A0A4P6VV23_Q75_lddt	Q79CE5_Q75_lddt	1.004E+00	9.565E-01	9.797E-01	34.100	41	41	40
A0A4P6VV23_Q75_lddt	P0C0P1_Q75_lddt	1.004E+00	9.567E-01	9.799E-01	29.200	41	41	40
A0A4P6VV23_Q75_lddt	D5H463_Q75_lddt	1.003E+00	9.552E-01	9.784E-01	36.500	41	41	40
A0A4P6VV23_Q75_lddt	Q4H3Y3_Q75_lddt	1.002E+00	9.546E-01	9.778E-01	36.500	41	41	40
A0A4P6VV23_Q75_lddt	P12833_Q75_lddt	1.002E+00	9.546E-01	9.777E-01	39.000	41	41	40
A0A4P6VV23_Q75_lddt	A0A6M3GZS6_Q75_lddt	9.965E-01	9.497E-01	9.726E-01	48.700	41	41	40
A0A4P6VV23_Q75_lddt	Q7BPB0_Q75_lddt	9.961E-01	9.494E-01	9.722E-01	43.900	41	41	40
A0A4P6VV23_Q75_lddt	Q59397_Q75_lddt	1.003E+00	9.314E-01	9.777E-01	39.000	41	41	39
A0A4P6VV23_Q75_lddt	B0BKZ8_Q75_lddt	9.940E-01	9.475E-01	9.702E-01	41.400	41	41	40
A0A4P6VV23_Q75_lddt	A0A7G8Z9Q0_Q75_lddt	9.937E-01	9.473E-01	9.700E-01	34.100	41	41	40
A0A4P6VV23_Q75_lddt	U5NMJ1_Q75_lddt	9.914E-01	9.453E-01	9.678E-01	41.400	41	41	40
A0A4P6VV23_Q75_lddt	Q6A328_Q75_lddt	9.905E-01	9.444E-01	9.669E-01	29.200	41	41	40
A0A4P6VV23_Q75_lddt	Q59408_Q75_lddt	9.884E-01	9.425E-01	9.649E-01	39.000	41	41	40
A0A4P6VV23_Q75_lddt	Q8VVN6_Q75_lddt	9.809E-01	9.353E-01	9.576E-01	43.900	41	41	40
A0A4P6VV23_Q75_lddt	K4EK33_Q75_lddt	9.859E-01	9.404E-01	9.626E-01	29.200	41	41	40
A0A4P6VV23_Q75_lddt	A0A218N469_Q75_lddt	9.854E-01	9.170E-01	9.615E-01	36.500	41	41	39
A0A4P6VV23_Q75_lddt	A0A0M2AT09_Q75_lddt	9.700E-01	9.261E-01	9.476E-01	31.700	41	41	40
A0A4P6VV23_Q75_lddt	K4EJH1_Q75_lddt	9.763E-01	9.095E-01	9.531E-01	36.500	41	41	39
A0A4P6VV23_Q75_lddt	Q9ZIF9_Q75_lddt	9.663E-01	9.228E-01	9.441E-01	31.700	41	41	40
A0A4P6VV23_Q75_lddt	A0A7Z8DX35_Q75_lddt	9.715E-01	9.054E-01	9.484E-01	36.500	41	41	39
A0A4P6VV23_Q75_lddt	E6BTZ6_Q75_lddt	1.011E+00	9.626E-01	8.244E-01	36.500	41	41	48
A0A4P6VV23_Q75_lddt	Q79PC3_Q75_lddt	9.494E-01	9.283E-01	9.283E-01	36.500	41	41	41
A0A4P6VV23_Q75_lddt	A0A7I8NPH7_Q75_lddt	9.578E-01	9.150E-01	9.359E-01	34.100	41	41	40
A0A4P6VV23_Q75_lddt	A4IUE2_Q75_lddt	9.866E-01	9.410E-01	8.092E-01	36.500	41	41	48
A0A4P6VV23_Q75_lddt	Q8GCW7_Q75_lddt	9.394E-01	7.957E-01	9.161E-01	24.300	41	41	35
A0A4P6VV23_Q75_lddt	Q8VVE6_Q75_lddt	9.179E-01	8.973E-01	6.930E-01	21.400	41	56	54
A0A4P6VV23_Q75_lddt	Q5W314_Q75_lddt	9.176E-01	8.970E-01	6.928E-01	17.800	41	56	54
Q7X0I6_Q75_lddt	Q7X0I6_Q75_lddt	1.025E+00	1.000E+00	1.000E+00	100.000	41	41	41
Q7X0I6_Q75_lddt	V5RSE8_Q75_lddt	1.025E+00	9.997E-01	9.997E-01	97.500	41	41	41
Q7X0I6_Q75_lddt	Q5QQ10_Q75_lddt	1.024E+00	9.991E-01	9.991E-01	97.500	41	41	41
Q7X0I6_Q75_lddt	A0A4P6VV23_Q75_lddt	1.024E+00	9.991E-01	9.991E-01	97.500	41	41	41
Q7X0I6_Q75_lddt	Q934B2_Q75_lddt	1.023E+00	9.979E-01	9.979E-01	87.800	41	41	41
Q7X0I6_Q75_lddt	B2ZPD3_Q75_lddt	1.022E+00	9.971E-01	9.971E-01	87.800	41	41	41
Q7X0I6_Q75_lddt	B7VEQ0_Q75_lddt	1.021E+00	9.965E-01	9.965E-01	87.800	41	41	41
Q7X0I6_Q75_lddt	D1LUJ3_Q75_lddt	1.021E+00	9.964E-01	9.964E-01	65.800	41	41	41
Q7X0I6_Q75_lddt	Q689B1_Q75_lddt	1.020E+00	9.955E-01	9.955E-01	70.700	41	41	41
Q7X0I6_Q75_lddt	Q0QMM1_Q75_lddt	1.020E+00	9.954E-01	9.954E-01	85.300	41	41	41
Q7X0I6_Q75_lddt	F8T8W2_Q75_lddt	1.020E+00	9.952E-01	9.952E-01	82.900	41	41	41
Q7X0I6_Q75_lddt	D0QXI5_Q75_lddt	1.019E+00	9.945E-01	9.945E-01	78.000	41	41	41
Q7X0I6_Q75_lddt	Q5H760_Q75_lddt	1.019E+00	9.945E-01	9.945E-01	78.000	41	41	41
Q7X0I6_Q75_lddt	B2RGD3_Q75_lddt	1.019E+00	9.944E-01	9.944E-01	82.900	41	41	41
Q7X0I6_Q75_lddt	B0FND5_Q75_lddt	1.018E+00	9.933E-01	9.933E-01	73.100	41	41	41
Q7X0I6_Q75_lddt	P95524_Q75_lddt	1.018E+00	9.933E-01	9.933E-01	80.400	41	41	41
Q7X0I6_Q75_lddt	A0A193CHQ8_Q75_lddt	1.022E+00	9.473E-01	9.956E-01	79.400	41	39	39
Q7X0I6_Q75_lddt	Q2XQ06_Q75_lddt	1.021E+00	9.471E-01	9.954E-01	79.400	41	39	39
Q7X0I6_Q75_lddt	Q79CE5_Q75_lddt	1.004E+00	9.563E-01	9.795E-01	36.500	41	41	40
Q7X0I6_Q75_lddt	P0C0P1_Q75_lddt	1.003E+00	9.558E-01	9.790E-01	31.700	41	41	40
Q7X0I6_Q75_lddt	D5H463_Q75_lddt	1.002E+00	9.551E-01	9.782E-01	34.100	41	41	40
Q7X0I6_Q75_lddt	Q4H3Y3_Q75_lddt	1.002E+00	9.547E-01	9.778E-01	34.100	41	41	40
Q7X0I6_Q75_lddt	P12833_Q75_lddt	1.001E+00	9.542E-01	9.773E-01	36.500	41	41	40
Q7X0I6_Q75_lddt	A0A6M3GZS6_Q75_lddt	9.963E-01	9.496E-01	9.724E-01	46.300	41	41	40
Q7X0I6_Q75_lddt	Q59397_Q75_lddt	1.003E+00	9.316E-01	9.779E-01	41.400	41	41	39
Q7X0I6_Q75_lddt	Q7BPB0_Q75_lddt	9.935E-01	9.471E-01	9.698E-01	41.400	41	41	40
Q7X0I6_Q75_lddt	A0A7G8Z9Q0_Q75_lddt	9.934E-01	9.471E-01	9.697E-01	36.500	41	41	40
Q7X0I6_Q75_lddt	B0BKZ8_Q75_lddt	9.914E-01	9.452E-01	9.678E-01	39.000	41	41	40
Q7X0I6_Q75_lddt	Q6A328_Q75_lddt	9.901E-01	9.440E-01	9.665E-01	31.700	41	41	40
Q7X0I6_Q75_lddt	U5NMJ1_Q75_lddt	9.889E-01	9.430E-01	9.654E-01	39.000	41	41	40
Q7X0I6_Q75_lddt	Q59408_Q75_lddt	9.877E-01	9.419E-01	9.643E-01	36.500	41	41	40
Q7X0I6_Q75_lddt	K4EK33_Q75_lddt	9.863E-01	9.406E-01	9.629E-01	31.700	41	41	40
Q7X0I6_Q75_lddt	Q8VVN6_Q75_lddt	9.787E-01	9.333E-01	9.555E-01	46.300	41	41	40
Q7X0I6_Q75_lddt	A0A218N469_Q75_lddt	9.840E-01	9.158E-01	9.602E-01	39.000	41	41	39
Q7X0I6_Q75_lddt	K4EJH1_Q75_lddt	9.800E-01	9.126E-01	9.565E-01	36.500	41	41	39
Q7X0I6_Q75_lddt	A0A0M2AT09_Q75_lddt	9.685E-01	9.247E-01	9.461E-01	31.700	41	41	40
Q7X0I6_Q75_lddt	E6BTZ6_Q75_lddt	1.010E+00	9.620E-01	8.239E-01	39.000	41	41	48
Q7X0I6_Q75_lddt	Q9ZIF9_Q75_lddt	9.624E-01	9.193E-01	9.404E-01	34.100	41	41	40
Q7X0I6_Q75_lddt	A0A7Z8DX35_Q75_lddt	9.688E-01	9.032E-01	9.460E-01	36.500	41	41	39
Q7X0I6_Q75_lddt	A0A7I8NPH7_Q75_lddt	9.569E-01	9.142E-01	9.351E-01	34.100	41	41	40
Q7X0I6_Q75_lddt	Q79PC3_Q75_lddt	9.461E-01	9.252E-01	9.252E-01	36.500	41	41	41
Q7X0I6_Q75_lddt	A4IUE2_Q75_lddt	9.846E-01	9.392E-01	8.080E-01	36.500	41	41	48
Q7X0I6_Q75_lddt	Q8GCW7_Q75_lddt	9.364E-01	7.937E-01	9.133E-01	24.300	41	41	35
Q7X0I6_Q75_lddt	Q8VVE6_Q75_lddt	9.192E-01	8.986E-01	6.937E-01	21.400	41	56	54
Q7X0I6_Q75_lddt	Q5W314_Q75_lddt	9.184E-01	8.978E-01	6.933E-01	17.800	41	56	54
Q8GCW7_Q75_lddt	Q8GCW7_Q75_lddt	1.029E+00	1.000E+00	1.000E+00	100.000	35	35	35
Q8GCW7_Q75_lddt	Q79PC3_Q75_lddt	9.858E-01	9.595E-01	8.261E-01	43.900	35	41	41
Q8GCW7_Q75_lddt	Q6A328_Q75_lddt	9.614E-01	9.367E-01	8.287E-01	35.000	35	40	40
Q8GCW7_Q75_lddt	Q59397_Q75_lddt	9.322E-01	9.084E-01	8.232E-01	30.000	35	40	39
Q8GCW7_Q75_lddt	A0A0M2AT09_Q75_lddt	9.438E-01	9.202E-01	8.166E-01	37.500	35	40	40
Q8GCW7_Q75_lddt	A0A7G8Z9Q0_Q75_lddt	9.384E-01	9.151E-01	8.125E-01	37.500	35	40	40
Q8GCW7_Q75_lddt	D5H463_Q75_lddt	9.326E-01	9.096E-01	8.086E-01	22.500	35	40	40
Q8GCW7_Q75_lddt	Q79CE5_Q75_lddt	9.325E-01	9.096E-01	8.086E-01	22.500	35	40	40
Q8GCW7_Q75_lddt	A0A4P6VV23_Q75_lddt	9.394E-01	9.161E-01	7.957E-01	24.300	35	41	41
Q8GCW7_Q75_lddt	Q8VVN6_Q75_lddt	9.253E-01	9.020E-01	7.996E-01	29.200	35	41	40
Q8GCW7_Q75_lddt	B2ZPD3_Q75_lddt	9.370E-01	9.138E-01	7.939E-01	21.900	35	41	41
Q8GCW7_Q75_lddt	V5RSE8_Q75_lddt	9.388E-01	9.155E-01	7.953E-01	24.300	35	41	41
Q8GCW7_Q75_lddt	Q4H3Y3_Q75_lddt	9.296E-01	9.068E-01	8.065E-01	25.000	35	40	40
Q8GCW7_Q75_lddt	A0A7I8NPH7_Q75_lddt	9.316E-01	9.087E-01	8.078E-01	35.000	35	40	40
Q8GCW7_Q75_lddt	D0QXI5_Q75_lddt	9.357E-01	9.126E-01	7.930E-01	24.300	35	41	41
Q8GCW7_Q75_lddt	Q5H760_Q75_lddt	9.348E-01	9.118E-01	7.924E-01	24.300	35	41	41
Q8GCW7_Q75_lddt	Q7X0I6_Q75_lddt	9.364E-01	9.133E-01	7.937E-01	24.300	35	41	41
Q8GCW7_Q75_lddt	B7VEQ0_Q75_lddt	9.341E-01	9.111E-01	7.919E-01	21.900	35	41	41
Q8GCW7_Q75_lddt	K4EK33_Q75_lddt	9.287E-01	9.059E-01	8.054E-01	40.000	35	40	40
Q8GCW7_Q75_lddt	Q5QQ10_Q75_lddt	9.351E-01	9.121E-01	7.928E-01	24.300	35	41	41
Q8GCW7_Q75_lddt	A0A7Z8DX35_Q75_lddt	9.164E-01	8.936E-01	8.117E-01	37.500	35	40	39
Q8GCW7_Q75_lddt	Q7BPB0_Q75_lddt	9.255E-01	9.028E-01	8.028E-01	30.000	35	40	40
Q8GCW7_Q75_lddt	Q934B2_Q75_lddt	9.345E-01	9.116E-01	7.926E-01	19.500	35	41	41
Q8GCW7_Q75_lddt	A0A6M3GZS6_Q75_lddt	9.261E-01	9.034E-01	8.034E-01	35.000	35	40	40
Q8GCW7_Q75_lddt	B0BKZ8_Q75_lddt	9.241E-01	9.015E-01	8.017E-01	30.000	35	40	40
Q8GCW7_Q75_lddt	D1LUJ3_Q75_lddt	9.322E-01	9.093E-01	7.907E-01	29.200	35	41	41
Q8GCW7_Q75_lddt	U5NMJ1_Q75_lddt	9.236E-01	9.010E-01	8.013E-01	30.000	35	40	40
Q8GCW7_Q75_lddt	B2RGD3_Q75_lddt	9.309E-01	9.081E-01	7.897E-01	24.300	35	41	41
Q8GCW7_Q75_lddt	Q689B1_Q75_lddt	9.309E-01	9.081E-01	7.898E-01	26.800	35	41	41
Q8GCW7_Q75_lddt	B0FND5_Q75_lddt	9.284E-01	9.057E-01	7.879E-01	26.800	35	41	41
Q8GCW7_Q75_lddt	F8T8W2_Q75_lddt	9.296E-01	9.068E-01	7.889E-01	24.300	35	41	41
Q8GCW7_Q75_lddt	Q9ZIF9_Q75_lddt	9.264E-01	9.040E-01	8.046E-01	27.500	35	40	40
Q8GCW7_Q75_lddt	Q0QMM1_Q75_lddt	9.289E-01	9.062E-01	7.884E-01	24.300	35	41	41
Q8GCW7_Q75_lddt	Q59408_Q75_lddt	9.205E-01	8.981E-01	7.993E-01	27.500	35	40	40
Q8GCW7_Q75_lddt	P0C0P1_Q75_lddt	9.221E-01	8.998E-01	8.012E-01	32.500	35	40	40
Q8GCW7_Q75_lddt	P95524_Q75_lddt	9.244E-01	9.020E-01	7.853E-01	24.300	35	41	41
Q8GCW7_Q75_lddt	P12833_Q75_lddt	9.173E-01	8.952E-01	7.974E-01	35.000	35	40	40
Q8GCW7_Q75_lddt	K4EJH1_Q75_lddt	8.985E-01	8.769E-01	7.986E-01	27.500	35	40	39
Q8GCW7_Q75_lddt	A0A218N469_Q75_lddt	8.945E-01	8.730E-01	7.952E-01	35.000	35	40	39
Q8GCW7_Q75_lddt	E6BTZ6_Q75_lddt	9.474E-01	9.235E-01	6.915E-01	35.000	35	40	48
Q8GCW7_Q75_lddt	A0A193CHQ8_Q75_lddt	9.279E-01	8.599E-01	7.817E-01	25.600	35	39	39
Q8GCW7_Q75_lddt	Q2XQ06_Q75_lddt	9.272E-01	8.593E-01	7.813E-01	25.600	35	39	39
Q8GCW7_Q75_lddt	A4IUE2_Q75_lddt	9.200E-01	8.979E-01	6.792E-01	32.500	35	40	48
Q8GCW7_Q75_lddt	Q8VVE6_Q75_lddt	8.732E-01	8.529E-01	5.829E-01	25.400	35	55	54
Q8GCW7_Q75_lddt	Q5W314_Q75_lddt	8.696E-01	8.491E-01	5.807E-01	25.400	35	55	54
Q8VVE6_Q75_lddt	Q8VVE6_Q75_lddt	1.019E+00	1.000E+00	1.000E+00	100.000	54	54	54
Q8VVE6_Q75_lddt	Q5W314_Q75_lddt	9.743E-01	9.571E-01	9.571E-01	68.500	54	54	54
Q8VVE6_Q75_lddt	K4EK33_Q75_lddt	9.695E-01	7.077E-01	9.463E-01	29.000	54	55	40
Q8VVE6_Q75_lddt	A0A6M3GZS6_Q75_lddt	9.688E-01	7.074E-01	9.457E-01	25.400	54	55	40
Q8VVE6_Q75_lddt	A0A0M2AT09_Q75_lddt	9.645E-01	7.052E-01	9.415E-01	23.600	54	55	40
Q8VVE6_Q75_lddt	B0BKZ8_Q75_lddt	9.635E-01	7.048E-01	9.406E-01	21.800	54	55	40
Q8VVE6_Q75_lddt	U5NMJ1_Q75_lddt	9.633E-01	7.047E-01	9.405E-01	21.800	54	55	40
Q8VVE6_Q75_lddt	Q59408_Q75_lddt	9.619E-01	7.040E-01	9.391E-01	20.000	54	55	40
Q8VVE6_Q75_lddt	Q7BPB0_Q75_lddt	9.613E-01	7.037E-01	9.386E-01	21.800	54	55	40
Q8VVE6_Q75_lddt	A0A7G8Z9Q0_Q75_lddt	9.616E-01	7.039E-01	9.388E-01	18.100	54	55	40
Q8VVE6_Q75_lddt	P12833_Q75_lddt	9.603E-01	7.032E-01	9.376E-01	30.900	54	55	40
Q8VVE6_Q75_lddt	D5H463_Q75_lddt	9.569E-01	7.017E-01	9.345E-01	23.600	54	55	40
Q8VVE6_Q75_lddt	Q4H3Y3_Q75_lddt	9.558E-01	7.012E-01	9.334E-01	23.600	54	55	40
Q8VVE6_Q75_lddt	A0A7I8NPH7_Q75_lddt	9.548E-01	7.005E-01	9.324E-01	23.600	54	55	40
Q8VVE6_Q75_lddt	Q79CE5_Q75_lddt	9.551E-01	7.009E-01	9.328E-01	23.600	54	55	40
Q8VVE6_Q75_lddt	Q59397_Q75_lddt	9.590E-01	6.854E-01	9.359E-01	25.400	54	55	39
Q8VVE6_Q75_lddt	P0C0P1_Q75_lddt	9.508E-01	6.986E-01	9.287E-01	20.000	54	55	40
Q8VVE6_Q75_lddt	Q6A328_Q75_lddt	9.471E-01	6.968E-01	9.252E-01	21.800	54	55	40
Q8VVE6_Q75_lddt	B0FND5_Q75_lddt	9.305E-01	6.995E-01	9.093E-01	19.600	54	56	41
Q8VVE6_Q75_lddt	Q5H760_Q75_lddt	9.285E-01	6.984E-01	9.073E-01	17.800	54	56	41
Q8VVE6_Q75_lddt	Q689B1_Q75_lddt	9.280E-01	6.982E-01	9.069E-01	19.600	54	56	41
Q8VVE6_Q75_lddt	D0QXI5_Q75_lddt	9.275E-01	6.979E-01	9.064E-01	17.800	54	56	41
Q8VVE6_Q75_lddt	B2RGD3_Q75_lddt	9.276E-01	6.980E-01	9.065E-01	21.400	54	56	41
Q8VVE6_Q75_lddt	F8T8W2_Q75_lddt	9.275E-01	6.980E-01	9.064E-01	21.400	54	56	41
Q8VVE6_Q75_lddt	B7VEQ0_Q75_lddt	9.269E-01	6.976E-01	9.059E-01	23.200	54	56	41
Q8VVE6_Q75_lddt	P95524_Q75_lddt	9.267E-01	6.974E-01	9.056E-01	19.600	54	56	41
Q8VVE6_Q75_lddt	D1LUJ3_Q75_lddt	9.267E-01	6.976E-01	9.057E-01	17.800	54	56	41
Q8VVE6_Q75_lddt	Q0QMM1_Q75_lddt	9.264E-01	6.974E-01	9.054E-01	21.400	54	56	41
Q8VVE6_Q75_lddt	B2ZPD3_Q75_lddt	9.261E-01	6.972E-01	9.050E-01	23.200	54	56	41
Q8VVE6_Q75_lddt	Q9ZIF9_Q75_lddt	9.381E-01	6.921E-01	9.166E-01	20.000	54	55	40
Q8VVE6_Q75_lddt	Q5QQ10_Q75_lddt	9.228E-01	6.955E-01	9.020E-01	21.400	54	56	41
Q8VVE6_Q75_lddt	Q934B2_Q75_lddt	9.206E-01	6.944E-01	8.999E-01	21.400	54	56	41
Q8VVE6_Q75_lddt	Q7X0I6_Q75_lddt	9.192E-01	6.937E-01	8.986E-01	21.400	54	56	41
Q8VVE6_Q75_lddt	A0A4P6VV23_Q75_lddt	9.179E-01	6.930E-01	8.973E-01	21.400	54	56	41
Q8VVE6_Q75_lddt	V5RSE8_Q75_lddt	9.177E-01	6.929E-01	8.971E-01	21.400	54	56	41
Q8VVE6_Q75_lddt	A0A7Z8DX35_Q75_lddt	9.374E-01	6.752E-01	9.155E-01	23.600	54	55	39
Q8VVE6_Q75_lddt	A0A218N469_Q75_lddt	9.363E-01	6.748E-01	9.145E-01	18.100	54	55	39
Q8VVE6_Q75_lddt	Q79PC3_Q75_lddt	9.054E-01	6.861E-01	8.855E-01	25.000	54	56	41
Q8VVE6_Q75_lddt	Q8VVN6_Q75_lddt	9.123E-01	6.737E-01	8.915E-01	25.000	54	56	40
Q8VVE6_Q75_lddt	Q2XQ06_Q75_lddt	9.135E-01	6.579E-01	8.921E-01	20.300	54	54	39
Q8VVE6_Q75_lddt	A0A193CHQ8_Q75_lddt	9.129E-01	6.576E-01	8.916E-01	20.300	54	54	39
Q8VVE6_Q75_lddt	K4EJH1_Q75_lddt	9.193E-01	6.668E-01	8.984E-01	20.000	54	55	39
Q8VVE6_Q75_lddt	E6BTZ6_Q75_lddt	9.597E-01	7.030E-01	7.876E-01	25.400	54	55	48
Q8VVE6_Q75_lddt	A4IUE2_Q75_lddt	9.480E-01	6.971E-01	7.801E-01	21.800	54	55	48
Q8VVE6_Q75_lddt	Q8GCW7_Q75_lddt	8.732E-01	5.829E-01	8.529E-01	25.400	54	55	35
Q934B2_Q75_lddt	Q934B2_Q75_lddt	1.025E+00	1.000E+00	1.000E+00	100.000	41	41	41
Q934B2_Q75_lddt	V5RSE8_Q75_lddt	1.023E+00	9.980E-01	9.980E-01	90.200	41	41	41
Q934B2_Q75_lddt	Q7X0I6_Q75_lddt	1.023E+00	9.979E-01	9.979E-01	87.800	41	41	41
Q934B2_Q75_lddt	B2ZPD3_Q75_lddt	1.023E+00	9.977E-01	9.977E-01	85.300	41	41	41
Q934B2_Q75_lddt	A0A4P6VV23_Q75_lddt	1.022E+00	9.976E-01	9.976E-01	90.200	41	41	41
Q934B2_Q75_lddt	Q5QQ10_Q75_lddt	1.022E+00	9.974E-01	9.974E-01	90.200	41	41	41
Q934B2_Q75_lddt	D1LUJ3_Q75_lddt	1.022E+00	9.972E-01	9.972E-01	65.800	41	41	41
Q934B2_Q75_lddt	B7VEQ0_Q75_lddt	1.022E+00	9.972E-01	9.972E-01	85.300	41	41	41
Q934B2_Q75_lddt	Q689B1_Q75_lddt	1.021E+00	9.965E-01	9.965E-01	70.700	41	41	41
Q934B2_Q75_lddt	F8T8W2_Q75_lddt	1.021E+00	9.960E-01	9.960E-01	82.900	41	41	41
Q934B2_Q75_lddt	Q0QMM1_Q75_lddt	1.021E+00	9.960E-01	9.960E-01	85.300	41	41	41
Q934B2_Q75_lddt	Q5H760_Q75_lddt	1.020E+00	9.954E-01	9.954E-01	75.600	41	41	41
Q934B2_Q75_lddt	B2RGD3_Q75_lddt	1.020E+00	9.952E-01	9.952E-01	82.900	41	41	41
Q934B2_Q75_lddt	D0QXI5_Q75_lddt	1.020E+00	9.951E-01	9.951E-01	75.600	41	41	41
Q934B2_Q75_lddt	B0FND5_Q75_lddt	1.020E+00	9.949E-01	9.949E-01	73.100	41	41	41
Q934B2_Q75_lddt	P95524_Q75_lddt	1.018E+00	9.937E-01	9.937E-01	78.000	41	41	41
Q934B2_Q75_lddt	A0A193CHQ8_Q75_lddt	1.023E+00	9.483E-01	9.967E-01	79.400	41	39	39
Q934B2_Q75_lddt	Q2XQ06_Q75_lddt	1.023E+00	9.482E-01	9.966E-01	79.400	41	39	39
Q934B2_Q75_lddt	P0C0P1_Q75_lddt	1.002E+00	9.547E-01	9.778E-01	26.800	41	41	40
Q934B2_Q75_lddt	Q79CE5_Q75_lddt	1.000E+00	9.530E-01	9.760E-01	31.700	41	41	40
Q934B2_Q75_lddt	P12833_Q75_lddt	1.000E+00	9.530E-01	9.761E-01	39.000	41	41	40
Q934B2_Q75_lddt	D5H463_Q75_lddt	9.996E-01	9.525E-01	9.755E-01	34.100	41	41	40
Q934B2_Q75_lddt	Q4H3Y3_Q75_lddt	9.984E-01	9.514E-01	9.744E-01	34.100	41	41	40
Q934B2_Q75_lddt	A0A6M3GZS6_Q75_lddt	9.969E-01	9.501E-01	9.730E-01	43.900	41	41	40
Q934B2_Q75_lddt	Q7BPB0_Q75_lddt	9.967E-01	9.500E-01	9.728E-01	41.400	41	41	40
Q934B2_Q75_lddt	Q59397_Q75_lddt	1.003E+00	9.315E-01	9.777E-01	39.000	41	41	39
Q934B2_Q75_lddt	B0BKZ8_Q75_lddt	9.936E-01	9.472E-01	9.698E-01	39.000	41	41	40
Q934B2_Q75_lddt	A0A7G8Z9Q0_Q75_lddt	9.923E-01	9.461E-01	9.687E-01	31.700	41	41	40
Q934B2_Q75_lddt	U5NMJ1_Q75_lddt	9.913E-01	9.452E-01	9.677E-01	39.000	41	41	40
Q934B2_Q75_lddt	Q59408_Q75_lddt	9.891E-01	9.431E-01	9.656E-01	36.500	41	41	40
Q934B2_Q75_lddt	Q6A328_Q75_lddt	9.888E-01	9.429E-01	9.653E-01	29.200	41	41	40
Q934B2_Q75_lddt	K4EK33_Q75_lddt	9.858E-01	9.402E-01	9.625E-01	29.200	41	41	40
Q934B2_Q75_lddt	Q8VVN6_Q75_lddt	9.780E-01	9.326E-01	9.548E-01	43.900	41	41	40
Q934B2_Q75_lddt	A0A218N469_Q75_lddt	9.866E-01	9.180E-01	9.626E-01	34.100	41	41	39
Q934B2_Q75_lddt	K4EJH1_Q75_lddt	9.780E-01	9.109E-01	9.546E-01	36.500	41	41	39
Q934B2_Q75_lddt	A0A0M2AT09_Q75_lddt	9.693E-01	9.254E-01	9.469E-01	29.200	41	41	40
Q934B2_Q75_lddt	Q9ZIF9_Q75_lddt	9.659E-01	9.224E-01	9.437E-01	29.200	41	41	40
Q934B2_Q75_lddt	A0A7Z8DX35_Q75_lddt	9.698E-01	9.040E-01	9.469E-01	36.500	41	41	39
Q934B2_Q75_lddt	E6BTZ6_Q75_lddt	1.009E+00	9.604E-01	8.228E-01	36.500	41	41	48
Q934B2_Q75_lddt	Q79PC3_Q75_lddt	9.492E-01	9.281E-01	9.281E-01	29.200	41	41	41
Q934B2_Q75_lddt	A0A7I8NPH7_Q75_lddt	9.559E-01	9.132E-01	9.341E-01	31.700	41	41	40
Q934B2_Q75_lddt	A4IUE2_Q75_lddt	9.817E-01	9.366E-01	8.062E-01	36.500	41	41	48
Q934B2_Q75_lddt	Q8GCW7_Q75_lddt	9.345E-01	7.926E-01	9.116E-01	19.500	41	41	35
Q934B2_Q75_lddt	Q5W314_Q75_lddt	9.217E-01	9.009E-01	6.950E-01	17.800	41	56	54
Q934B2_Q75_lddt	Q8VVE6_Q75_lddt	9.206E-01	8.999E-01	6.944E-01	21.400	41	56	54
Q9ZIF9_Q75_lddt	Q9ZIF9_Q75_lddt	1.026E+00	1.000E+00	1.000E+00	100.000	40	40	40
Q9ZIF9_Q75_lddt	A0A7Z8DX35_Q75_lddt	9.985E-01	9.505E-01	9.739E-01	47.500	40	40	39
Q9ZIF9_Q75_lddt	U5NMJ1_Q75_lddt	9.870E-01	9.637E-01	9.637E-01	40.000	40	40	40
Q9ZIF9_Q75_lddt	B0BKZ8_Q75_lddt	9.839E-01	9.607E-01	9.607E-01	40.000	40	40	40
Q9ZIF9_Q75_lddt	K4EK33_Q75_lddt	9.819E-01	9.588E-01	9.588E-01	45.000	40	40	40
Q9ZIF9_Q75_lddt	Q6A328_Q75_lddt	9.811E-01	9.580E-01	9.580E-01	50.000	40	40	40
Q9ZIF9_Q75_lddt	Q7BPB0_Q75_lddt	9.802E-01	9.572E-01	9.572E-01	40.000	40	40	40
Q9ZIF9_Q75_lddt	P0C0P1_Q75_lddt	9.736E-01	9.510E-01	9.510E-01	57.500	40	40	40
Q9ZIF9_Q75_lddt	A0A0M2AT09_Q75_lddt	9.728E-01	9.503E-01	9.503E-01	45.000	40	40	40
Q9ZIF9_Q75_lddt	A0A218N469_Q75_lddt	9.795E-01	9.336E-01	9.560E-01	42.500	40	40	39
Q9ZIF9_Q75_lddt	D5H463_Q75_lddt	9.710E-01	9.485E-01	9.485E-01	45.000	40	40	40
Q9ZIF9_Q75_lddt	A0A6M3GZS6_Q75_lddt	9.710E-01	9.486E-01	9.486E-01	42.500	40	40	40
Q9ZIF9_Q75_lddt	A0A7G8Z9Q0_Q75_lddt	9.711E-01	9.486E-01	9.486E-01	55.000	40	40	40
Q9ZIF9_Q75_lddt	Q59408_Q75_lddt	9.701E-01	9.477E-01	9.477E-01	37.500	40	40	40
Q9ZIF9_Q75_lddt	Q5H760_Q75_lddt	9.756E-01	9.529E-01	9.312E-01	31.700	40	41	41
Q9ZIF9_Q75_lddt	D0QXI5_Q75_lddt	9.756E-01	9.529E-01	9.311E-01	31.700	40	41	41
Q9ZIF9_Q75_lddt	B2RGD3_Q75_lddt	9.752E-01	9.525E-01	9.307E-01	31.700	40	41	41
Q9ZIF9_Q75_lddt	P95524_Q75_lddt	9.754E-01	9.527E-01	9.310E-01	34.100	40	41	41
Q9ZIF9_Q75_lddt	F8T8W2_Q75_lddt	9.744E-01	9.517E-01	9.300E-01	31.700	40	41	41
Q9ZIF9_Q75_lddt	Q79CE5_Q75_lddt	9.688E-01	9.464E-01	9.464E-01	47.500	40	40	40
Q9ZIF9_Q75_lddt	Q0QMM1_Q75_lddt	9.739E-01	9.513E-01	9.296E-01	34.100	40	41	41
Q9ZIF9_Q75_lddt	Q4H3Y3_Q75_lddt	9.681E-01	9.458E-01	9.458E-01	47.500	40	40	40
Q9ZIF9_Q75_lddt	B0FND5_Q75_lddt	9.729E-01	9.504E-01	9.288E-01	36.500	40	41	41
Q9ZIF9_Q75_lddt	B7VEQ0_Q75_lddt	9.729E-01	9.504E-01	9.288E-01	34.100	40	41	41
Q9ZIF9_Q75_lddt	Q79PC3_Q75_lddt	9.724E-01	9.499E-01	9.283E-01	29.200	40	41	41
Q9ZIF9_Q75_lddt	B2ZPD3_Q75_lddt	9.726E-01	9.501E-01	9.285E-01	34.100	40	41	41
Q9ZIF9_Q75_lddt	Q689B1_Q75_lddt	9.724E-01	9.499E-01	9.283E-01	36.500	40	41	41
Q9ZIF9_Q75_lddt	D1LUJ3_Q75_lddt	9.697E-01	9.473E-01	9.259E-01	39.000	40	41	41
Q9ZIF9_Q75_lddt	A0A4P6VV23_Q75_lddt	9.663E-01	9.441E-01	9.228E-01	31.700	40	41	41
Q9ZIF9_Q75_lddt	Q934B2_Q75_lddt	9.659E-01	9.437E-01	9.224E-01	29.200	40	41	41
Q9ZIF9_Q75_lddt	Q5QQ10_Q75_lddt	9.640E-01	9.419E-01	9.208E-01	31.700	40	41	41
Q9ZIF9_Q75_lddt	A0A7I8NPH7_Q75_lddt	9.573E-01	9.356E-01	9.356E-01	30.000	40	40	40
Q9ZIF9_Q75_lddt	Q7X0I6_Q75_lddt	9.624E-01	9.404E-01	9.193E-01	34.100	40	41	41
Q9ZIF9_Q75_lddt	P12833_Q75_lddt	9.557E-01	9.340E-01	9.340E-01	40.000	40	40	40
Q9ZIF9_Q75_lddt	V5RSE8_Q75_lddt	9.616E-01	9.397E-01	9.186E-01	31.700	40	41	41
Q9ZIF9_Q75_lddt	Q59397_Q75_lddt	9.615E-01	9.175E-01	9.390E-01	37.500	40	40	39
Q9ZIF9_Q75_lddt	Q8VVN6_Q75_lddt	9.421E-01	9.204E-01	9.204E-01	34.100	40	41	40
Q9ZIF9_Q75_lddt	Q2XQ06_Q75_lddt	9.668E-01	9.000E-01	9.213E-01	28.200	40	39	39
Q9ZIF9_Q75_lddt	A0A193CHQ8_Q75_lddt	9.664E-01	8.997E-01	9.210E-01	28.200	40	39	39
Q9ZIF9_Q75_lddt	E6BTZ6_Q75_lddt	9.742E-01	9.516E-01	8.014E-01	52.500	40	40	48
Q9ZIF9_Q75_lddt	A4IUE2_Q75_lddt	9.643E-01	9.421E-01	7.947E-01	37.500	40	40	48
Q9ZIF9_Q75_lddt	K4EJH1_Q75_lddt	8.995E-01	8.617E-01	8.802E-01	30.000	40	40	39
Q9ZIF9_Q75_lddt	Q8GCW7_Q75_lddt	9.264E-01	8.046E-01	9.040E-01	27.500	40	40	35
Q9ZIF9_Q75_lddt	Q5W314_Q75_lddt	9.455E-01	9.237E-01	6.959E-01	16.300	40	55	54
Q9ZIF9_Q75_lddt	Q8VVE6_Q75_lddt	9.381E-01	9.166E-01	6.921E-01	20.000	40	55	54
A0A6M3GZS6_Q75_lddt	A0A6M3GZS6_Q75_lddt	1.026E+00	1.000E+00	1.000E+00	100.000	40	40	40
A0A6M3GZS6_Q75_lddt	B0BKZ8_Q75_lddt	1.011E+00	9.865E-01	9.865E-01	72.500	40	40	40
A0A6M3GZS6_Q75_lddt	Q7BPB0_Q75_lddt	1.011E+00	9.859E-01	9.859E-01	75.000	40	40	40
A0A6M3GZS6_Q75_lddt	A0A7G8Z9Q0_Q75_lddt	1.011E+00	9.858E-01	9.858E-01	45.000	40	40	40
A0A6M3GZS6_Q75_lddt	U5NMJ1_Q75_lddt	1.010E+00	9.855E-01	9.855E-01	72.500	40	40	40
A0A6M3GZS6_Q75_lddt	P0C0P1_Q75_lddt	1.009E+00	9.843E-01	9.843E-01	45.000	40	40	40
A0A6M3GZS6_Q75_lddt	P12833_Q75_lddt	1.008E+00	9.830E-01	9.830E-01	45.000	40	40	40
A0A6M3GZS6_Q75_lddt	D5H463_Q75_lddt	1.008E+00	9.831E-01	9.831E-01	42.500	40	40	40
A0A6M3GZS6_Q75_lddt	Q4H3Y3_Q75_lddt	1.006E+00	9.819E-01	9.819E-01	47.500	40	40	40
A0A6M3GZS6_Q75_lddt	Q79CE5_Q75_lddt	1.006E+00	9.818E-01	9.818E-01	42.500	40	40	40
A0A6M3GZS6_Q75_lddt	K4EK33_Q75_lddt	1.004E+00	9.801E-01	9.801E-01	42.500	40	40	40
A0A6M3GZS6_Q75_lddt	Q59408_Q75_lddt	1.003E+00	9.790E-01	9.790E-01	70.000	40	40	40
A0A6M3GZS6_Q75_lddt	Q59397_Q75_lddt	1.007E+00	9.581E-01	9.821E-01	42.500	40	40	39
A0A6M3GZS6_Q75_lddt	B2RGD3_Q75_lddt	1.006E+00	9.814E-01	9.581E-01	46.300	40	41	41
A0A6M3GZS6_Q75_lddt	B0FND5_Q75_lddt	1.006E+00	9.812E-01	9.579E-01	48.700	40	41	41
A0A6M3GZS6_Q75_lddt	Q689B1_Q75_lddt	1.005E+00	9.810E-01	9.577E-01	46.300	40	41	41
A0A6M3GZS6_Q75_lddt	Q0QMM1_Q75_lddt	1.005E+00	9.803E-01	9.570E-01	46.300	40	41	41
A0A6M3GZS6_Q75_lddt	Q5H760_Q75_lddt	1.005E+00	9.803E-01	9.571E-01	53.600	40	41	41
A0A6M3GZS6_Q75_lddt	F8T8W2_Q75_lddt	1.005E+00	9.802E-01	9.569E-01	48.700	40	41	41
A0A6M3GZS6_Q75_lddt	D1LUJ3_Q75_lddt	1.004E+00	9.797E-01	9.565E-01	46.300	40	41	41
A0A6M3GZS6_Q75_lddt	D0QXI5_Q75_lddt	1.004E+00	9.794E-01	9.562E-01	53.600	40	41	41
A0A6M3GZS6_Q75_lddt	B7VEQ0_Q75_lddt	1.002E+00	9.781E-01	9.549E-01	48.700	40	41	41
A0A6M3GZS6_Q75_lddt	P95524_Q75_lddt	1.001E+00	9.772E-01	9.541E-01	56.000	40	41	41
A0A6M3GZS6_Q75_lddt	B2ZPD3_Q75_lddt	1.001E+00	9.771E-01	9.541E-01	48.700	40	41	41
A0A6M3GZS6_Q75_lddt	A0A0M2AT09_Q75_lddt	9.949E-01	9.711E-01	9.711E-01	35.000	40	40	40
A0A6M3GZS6_Q75_lddt	Q5QQ10_Q75_lddt	1.001E+00	9.764E-01	9.533E-01	48.700	40	41	41
A0A6M3GZS6_Q75_lddt	Q6A328_Q75_lddt	9.929E-01	9.692E-01	9.692E-01	47.500	40	40	40
A0A6M3GZS6_Q75_lddt	Q934B2_Q75_lddt	9.969E-01	9.730E-01	9.501E-01	43.900	40	41	41
A0A6M3GZS6_Q75_lddt	A0A4P6VV23_Q75_lddt	9.965E-01	9.726E-01	9.497E-01	48.700	40	41	41
A0A6M3GZS6_Q75_lddt	Q7X0I6_Q75_lddt	9.963E-01	9.724E-01	9.496E-01	46.300	40	41	41
A0A6M3GZS6_Q75_lddt	V5RSE8_Q75_lddt	9.963E-01	9.723E-01	9.495E-01	48.700	40	41	41
A0A6M3GZS6_Q75_lddt	A0A218N469_Q75_lddt	9.924E-01	9.450E-01	9.682E-01	50.000	40	40	39
A0A6M3GZS6_Q75_lddt	Q8VVN6_Q75_lddt	9.673E-01	9.443E-01	9.443E-01	51.200	40	41	40
A0A6M3GZS6_Q75_lddt	Q2XQ06_Q75_lddt	9.989E-01	9.267E-01	9.496E-01	46.100	40	39	39
A0A6M3GZS6_Q75_lddt	A0A7Z8DX35_Q75_lddt	9.854E-01	9.389E-01	9.616E-01	50.000	40	40	39
A0A6M3GZS6_Q75_lddt	A0A193CHQ8_Q75_lddt	9.981E-01	9.261E-01	9.490E-01	46.100	40	39	39
A0A6M3GZS6_Q75_lddt	A0A7I8NPH7_Q75_lddt	9.747E-01	9.520E-01	9.520E-01	35.000	40	40	40
A0A6M3GZS6_Q75_lddt	Q9ZIF9_Q75_lddt	9.710E-01	9.486E-01	9.486E-01	42.500	40	40	40
A0A6M3GZS6_Q75_lddt	Q79PC3_Q75_lddt	9.732E-01	9.506E-01	9.289E-01	46.300	40	41	41
A0A6M3GZS6_Q75_lddt	E6BTZ6_Q75_lddt	1.011E+00	9.867E-01	8.246E-01	47.500	40	40	48
A0A6M3GZS6_Q75_lddt	K4EJH1_Q75_lddt	9.663E-01	9.219E-01	9.436E-01	47.500	40	40	39
A0A6M3GZS6_Q75_lddt	A4IUE2_Q75_lddt	9.843E-01	9.611E-01	8.076E-01	52.500	40	40	48
A0A6M3GZS6_Q75_lddt	Q8VVE6_Q75_lddt	9.688E-01	9.457E-01	7.074E-01	25.400	40	55	54
A0A6M3GZS6_Q75_lddt	Q8GCW7_Q75_lddt	9.261E-01	8.034E-01	9.034E-01	35.000	40	40	35
A0A6M3GZS6_Q75_lddt	Q5W314_Q75_lddt	9.518E-01	9.296E-01	6.990E-01	23.600	40	55	54
A0A7G8Z9Q0_Q75_lddt	A0A7G8Z9Q0_Q75_lddt	1.026E+00	1.000E+00	1.000E+00	100.000	40	40	40
A0A7G8Z9Q0_Q75_lddt	A0A6M3GZS6_Q75_lddt	1.011E+00	9.858E-01	9.858E-01	45.000	40	40	40
A0A7G8Z9Q0_Q75_lddt	Q79CE5_Q75_lddt	1.004E+00	9.801E-01	9.801E-01	47.500	40	40	40
A0A7G8Z9Q0_Q75_lddt	B0BKZ8_Q75_lddt	1.001E+00	9.769E-01	9.769E-01	35.000	40	40	40
A0A7G8Z9Q0_Q75_lddt	Q59408_Q75_lddt	1.001E+00	9.766E-01	9.766E-01	32.500	40	40	40
A0A7G8Z9Q0_Q75_lddt	D5H463_Q75_lddt	1.001E+00	9.767E-01	9.767E-01	45.000	40	40	40
A0A7G8Z9Q0_Q75_lddt	P0C0P1_Q75_lddt	1.001E+00	9.767E-01	9.767E-01	55.000	40	40	40
A0A7G8Z9Q0_Q75_lddt	U5NMJ1_Q75_lddt	1.000E+00	9.758E-01	9.758E-01	35.000	40	40	40
A0A7G8Z9Q0_Q75_lddt	Q6A328_Q75_lddt	9.983E-01	9.742E-01	9.742E-01	67.500	40	40	40
A0A7G8Z9Q0_Q75_lddt	Q4H3Y3_Q75_lddt	9.979E-01	9.739E-01	9.739E-01	47.500	40	40	40
A0A7G8Z9Q0_Q75_lddt	Q7BPB0_Q75_lddt	9.978E-01	9.738E-01	9.738E-01	37.500	40	40	40
A0A7G8Z9Q0_Q75_lddt	A0A0M2AT09_Q75_lddt	9.971E-01	9.732E-01	9.732E-01	47.500	40	40	40
A0A7G8Z9Q0_Q75_lddt	K4EK33_Q75_lddt	9.948E-01	9.710E-01	9.710E-01	45.000	40	40	40
A0A7G8Z9Q0_Q75_lddt	Q59397_Q75_lddt	1.001E+00	9.530E-01	9.766E-01	37.500	40	40	39
A0A7G8Z9Q0_Q75_lddt	D0QXI5_Q75_lddt	1.000E+00	9.759E-01	9.528E-01	41.400	40	41	41
A0A7G8Z9Q0_Q75_lddt	Q689B1_Q75_lddt	9.999E-01	9.758E-01	9.528E-01	26.800	40	41	41
A0A7G8Z9Q0_Q75_lddt	Q5H760_Q75_lddt	9.997E-01	9.756E-01	9.526E-01	41.400	40	41	41
A0A7G8Z9Q0_Q75_lddt	D1LUJ3_Q75_lddt	9.995E-01	9.754E-01	9.524E-01	29.200	40	41	41
A0A7G8Z9Q0_Q75_lddt	B2RGD3_Q75_lddt	9.991E-01	9.751E-01	9.521E-01	31.700	40	41	41
A0A7G8Z9Q0_Q75_lddt	B0FND5_Q75_lddt	9.984E-01	9.743E-01	9.514E-01	26.800	40	41	41
A0A7G8Z9Q0_Q75_lddt	P12833_Q75_lddt	9.924E-01	9.687E-01	9.687E-01	37.500	40	40	40
A0A7G8Z9Q0_Q75_lddt	Q0QMM1_Q75_lddt	9.977E-01	9.737E-01	9.508E-01	34.100	40	41	41
A0A7G8Z9Q0_Q75_lddt	A0A218N469_Q75_lddt	9.984E-01	9.503E-01	9.738E-01	65.000	40	40	39
A0A7G8Z9Q0_Q75_lddt	F8T8W2_Q75_lddt	9.972E-01	9.733E-01	9.504E-01	31.700	40	41	41
A0A7G8Z9Q0_Q75_lddt	Q5QQ10_Q75_lddt	9.969E-01	9.730E-01	9.502E-01	34.100	40	41	41
A0A7G8Z9Q0_Q75_lddt	B7VEQ0_Q75_lddt	9.941E-01	9.704E-01	9.477E-01	36.500	40	41	41
A0A7G8Z9Q0_Q75_lddt	B2ZPD3_Q75_lddt	9.936E-01	9.698E-01	9.472E-01	36.500	40	41	41
A0A7G8Z9Q0_Q75_lddt	A0A4P6VV23_Q75_lddt	9.937E-01	9.700E-01	9.473E-01	34.100	40	41	41
A0A7G8Z9Q0_Q75_lddt	Q7X0I6_Q75_lddt	9.934E-01	9.697E-01	9.471E-01	36.500	40	41	41
A0A7G8Z9Q0_Q75_lddt	V5RSE8_Q75_lddt	9.931E-01	9.694E-01	9.467E-01	34.100	40	41	41
A0A7G8Z9Q0_Q75_lddt	Q934B2_Q75_lddt	9.923E-01	9.687E-01	9.461E-01	31.700	40	41	41
A0A7G8Z9Q0_Q75_lddt	P95524_Q75_lddt	9.921E-01	9.685E-01	9.459E-01	39.000	40	41	41
A0A7G8Z9Q0_Q75_lddt	A0A7Z8DX35_Q75_lddt	9.866E-01	9.400E-01	9.628E-01	45.000	40	40	39
A0A7G8Z9Q0_Q75_lddt	Q2XQ06_Q75_lddt	9.948E-01	9.233E-01	9.460E-01	33.300	40	39	39
A0A7G8Z9Q0_Q75_lddt	A0A193CHQ8_Q75_lddt	9.939E-01	9.227E-01	9.453E-01	33.300	40	39	39
A0A7G8Z9Q0_Q75_lddt	Q8VVN6_Q75_lddt	9.599E-01	9.372E-01	9.372E-01	39.000	40	41	40
A0A7G8Z9Q0_Q75_lddt	Q9ZIF9_Q75_lddt	9.711E-01	9.486E-01	9.486E-01	55.000	40	40	40
A0A7G8Z9Q0_Q75_lddt	A0A7I8NPH7_Q75_lddt	9.678E-01	9.455E-01	9.455E-01	37.500	40	40	40
A0A7G8Z9Q0_Q75_lddt	E6BTZ6_Q75_lddt	1.013E+00	9.885E-01	8.258E-01	70.000	40	40	48
A0A7G8Z9Q0_Q75_lddt	Q79PC3_Q75_lddt	9.717E-01	9.492E-01	9.276E-01	36.500	40	41	41
A0A7G8Z9Q0_Q75_lddt	K4EJH1_Q75_lddt	9.573E-01	9.138E-01	9.351E-01	32.500	40	40	39
A0A7G8Z9Q0_Q75_lddt	A4IUE2_Q75_lddt	9.698E-01	9.474E-01	7.986E-01	40.000	40	40	48
A0A7G8Z9Q0_Q75_lddt	Q8GCW7_Q75_lddt	9.384E-01	8.125E-01	9.151E-01	37.500	40	40	35
A0A7G8Z9Q0_Q75_lddt	Q8VVE6_Q75_lddt	9.616E-01	9.388E-01	7.039E-01	18.100	40	55	54
A0A7G8Z9Q0_Q75_lddt	Q5W314_Q75_lddt	9.319E-01	9.108E-01	6.891E-01	18.100	40	55	54
A0A7I8NPH7_Q75_lddt	A0A7I8NPH7_Q75_lddt	1.026E+00	1.000E+00	1.000E+00	100.000	40	40	40
A0A7I8NPH7_Q75_lddt	Q4H3Y3_Q75_lddt	9.818E-01	9.587E-01	9.587E-01	32.500	40	40	40
A0A7I8NPH7_Q75_lddt	A0A0M2AT09_Q75_lddt	9.802E-01	9.572E-01	9.572E-01	40.000	40	40	40
A0A7I8NPH7_Q75_lddt	D5H463_Q75_lddt	9.791E-01	9.561E-01	9.561E-01	27.500	40	40	40
A0A7I8NPH7_Q75_lddt	Q79CE5_Q75_lddt	9.774E-01	9.545E-01	9.545E-01	30.000	40	40	40
A0A7I8NPH7_Q75_lddt	K4EK33_Q75_lddt	9.748E-01	9.521E-01	9.521E-01	42.500	40	40	40
A0A7I8NPH7_Q75_lddt	B0BKZ8_Q75_lddt	9.748E-01	9.521E-01	9.521E-01	35.000	40	40	40
A0A7I8NPH7_Q75_lddt	U5NMJ1_Q75_lddt	9.746E-01	9.518E-01	9.518E-01	35.000	40	40	40
A0A7I8NPH7_Q75_lddt	A0A6M3GZS6_Q75_lddt	9.747E-01	9.520E-01	9.520E-01	35.000	40	40	40
A0A7I8NPH7_Q75_lddt	Q6A328_Q75_lddt	9.719E-01	9.493E-01	9.493E-01	32.500	40	40	40
A0A7I8NPH7_Q75_lddt	Q7BPB0_Q75_lddt	9.703E-01	9.478E-01	9.478E-01	35.000	40	40	40
A0A7I8NPH7_Q75_lddt	P12833_Q75_lddt	9.692E-01	9.467E-01	9.467E-01	47.500	40	40	40
A0A7I8NPH7_Q75_lddt	A0A7G8Z9Q0_Q75_lddt	9.678E-01	9.455E-01	9.455E-01	37.500	40	40	40
A0A7I8NPH7_Q75_lddt	Q59408_Q75_lddt	9.653E-01	9.431E-01	9.431E-01	32.500	40	40	40
A0A7I8NPH7_Q75_lddt	Q59397_Q75_lddt	9.733E-01	9.280E-01	9.502E-01	57.500	40	40	39
A0A7I8NPH7_Q75_lddt	P0C0P1_Q75_lddt	9.603E-01	9.383E-01	9.383E-01	45.000	40	40	40
A0A7I8NPH7_Q75_lddt	B7VEQ0_Q75_lddt	9.626E-01	9.405E-01	9.193E-01	34.100	40	41	41
A0A7I8NPH7_Q75_lddt	D0QXI5_Q75_lddt	9.618E-01	9.398E-01	9.187E-01	31.700	40	41	41
A0A7I8NPH7_Q75_lddt	P95524_Q75_lddt	9.625E-01	9.404E-01	9.193E-01	31.700	40	41	41
A0A7I8NPH7_Q75_lddt	B2ZPD3_Q75_lddt	9.627E-01	9.405E-01	9.193E-01	34.100	40	41	41
A0A7I8NPH7_Q75_lddt	B2RGD3_Q75_lddt	9.624E-01	9.403E-01	9.192E-01	31.700	40	41	41
A0A7I8NPH7_Q75_lddt	Q5H760_Q75_lddt	9.601E-01	9.381E-01	9.170E-01	31.700	40	41	41
A0A7I8NPH7_Q75_lddt	F8T8W2_Q75_lddt	9.622E-01	9.401E-01	9.190E-01	31.700	40	41	41
A0A7I8NPH7_Q75_lddt	Q689B1_Q75_lddt	9.602E-01	9.383E-01	9.172E-01	31.700	40	41	41
A0A7I8NPH7_Q75_lddt	A0A7Z8DX35_Q75_lddt	9.668E-01	9.222E-01	9.440E-01	42.500	40	40	39
A0A7I8NPH7_Q75_lddt	B0FND5_Q75_lddt	9.600E-01	9.380E-01	9.170E-01	29.200	40	41	41
A0A7I8NPH7_Q75_lddt	Q0QMM1_Q75_lddt	9.609E-01	9.389E-01	9.179E-01	31.700	40	41	41
A0A7I8NPH7_Q75_lddt	D1LUJ3_Q75_lddt	9.589E-01	9.370E-01	9.160E-01	31.700	40	41	41
A0A7I8NPH7_Q75_lddt	Q5QQ10_Q75_lddt	9.598E-01	9.378E-01	9.167E-01	34.100	40	41	41
A0A7I8NPH7_Q75_lddt	Q9ZIF9_Q75_lddt	9.573E-01	9.356E-01	9.356E-01	30.000	40	40	40
A0A7I8NPH7_Q75_lddt	A0A4P6VV23_Q75_lddt	9.578E-01	9.359E-01	9.150E-01	34.100	40	41	41
A0A7I8NPH7_Q75_lddt	Q7X0I6_Q75_lddt	9.569E-01	9.351E-01	9.142E-01	34.100	40	41	41
A0A7I8NPH7_Q75_lddt	Q934B2_Q75_lddt	9.559E-01	9.341E-01	9.132E-01	31.700	40	41	41
A0A7I8NPH7_Q75_lddt	Q8VVN6_Q75_lddt	9.447E-01	9.229E-01	9.229E-01	39.000	40	41	40
A0A7I8NPH7_Q75_lddt	V5RSE8_Q75_lddt	9.553E-01	9.336E-01	9.127E-01	34.100	40	41	41
A0A7I8NPH7_Q75_lddt	Q79PC3_Q75_lddt	9.452E-01	9.241E-01	9.038E-01	29.200	40	41	41
A0A7I8NPH7_Q75_lddt	A0A218N469_Q75_lddt	9.464E-01	9.040E-01	9.247E-01	37.500	40	40	39
A0A7I8NPH7_Q75_lddt	Q2XQ06_Q75_lddt	9.504E-01	8.860E-01	9.065E-01	33.300	40	39	39
A0A7I8NPH7_Q75_lddt	A0A193CHQ8_Q75_lddt	9.494E-01	8.851E-01	9.056E-01	33.300	40	39	39
A0A7I8NPH7_Q75_lddt	A4IUE2_Q75_lddt	9.784E-01	9.555E-01	8.040E-01	40.000	40	40	48
A0A7I8NPH7_Q75_lddt	E6BTZ6_Q75_lddt	9.718E-01	9.492E-01	7.995E-01	37.500	40	40	48
A0A7I8NPH7_Q75_lddt	K4EJH1_Q75_lddt	9.163E-01	8.771E-01	8.963E-01	27.500	40	40	39
A0A7I8NPH7_Q75_lddt	Q8GCW7_Q75_lddt	9.316E-01	8.078E-01	9.087E-01	35.000	40	40	35
A0A7I8NPH7_Q75_lddt	Q8VVE6_Q75_lddt	9.548E-01	9.324E-01	7.005E-01	23.600	40	55	54
A0A7I8NPH7_Q75_lddt	Q5W314_Q75_lddt	9.457E-01	9.238E-01	6.960E-01	23.600	40	55	54
A0A7Z8DX35_Q75_lddt	A0A7Z8DX35_Q75_lddt	1.026E+00	1.000E+00	1.000E+00	100.000	39	39	39
A0A7Z8DX35_Q75_lddt	A0A218N469_Q75_lddt	9.945E-01	9.702E-01	9.702E-01	41.000	39	39	39
A0A7Z8DX35_Q75_lddt	Q9ZIF9_Q75_lddt	9.985E-01	9.739E-01	9.505E-01	47.500	39	40	40
A0A7Z8DX35_Q75_lddt	U5NMJ1_Q75_lddt	9.902E-01	9.661E-01	9.431E-01	42.500	39	40	40
A0A7Z8DX35_Q75_lddt	B0BKZ8_Q75_lddt	9.885E-01	9.645E-01	9.415E-01	42.500	39	40	40
A0A7Z8DX35_Q75_lddt	K4EK33_Q75_lddt	9.869E-01	9.630E-01	9.401E-01	42.500	39	40	40
A0A7Z8DX35_Q75_lddt	A0A7G8Z9Q0_Q75_lddt	9.866E-01	9.628E-01	9.400E-01	45.000	39	40	40
A0A7Z8DX35_Q75_lddt	A0A6M3GZS6_Q75_lddt	9.854E-01	9.616E-01	9.389E-01	50.000	39	40	40
A0A7Z8DX35_Q75_lddt	P0C0P1_Q75_lddt	9.840E-01	9.603E-01	9.376E-01	40.000	39	40	40
A0A7Z8DX35_Q75_lddt	Q8VVN6_Q75_lddt	9.839E-01	9.602E-01	9.375E-01	52.500	39	40	40
A0A7Z8DX35_Q75_lddt	Q7BPB0_Q75_lddt	9.826E-01	9.589E-01	9.363E-01	45.000	39	40	40
A0A7Z8DX35_Q75_lddt	Q79CE5_Q75_lddt	9.831E-01	9.595E-01	9.368E-01	35.000	39	40	40
A0A7Z8DX35_Q75_lddt	Q59397_Q75_lddt	9.772E-01	9.538E-01	9.538E-01	48.700	39	39	39
A0A7Z8DX35_Q75_lddt	D5H463_Q75_lddt	9.820E-01	9.584E-01	9.358E-01	32.500	39	40	40
A0A7Z8DX35_Q75_lddt	A0A0M2AT09_Q75_lddt	9.811E-01	9.576E-01	9.351E-01	45.000	39	40	40
A0A7Z8DX35_Q75_lddt	Q4H3Y3_Q75_lddt	9.800E-01	9.565E-01	9.340E-01	35.000	39	40	40
A0A7Z8DX35_Q75_lddt	Q6A328_Q75_lddt	9.787E-01	9.552E-01	9.328E-01	37.500	39	40	40
A0A7Z8DX35_Q75_lddt	B2RGD3_Q75_lddt	9.825E-01	9.588E-01	9.146E-01	36.500	39	41	41
A0A7Z8DX35_Q75_lddt	P95524_Q75_lddt	9.813E-01	9.577E-01	9.136E-01	43.900	39	41	41
A0A7Z8DX35_Q75_lddt	B0FND5_Q75_lddt	9.812E-01	9.576E-01	9.135E-01	46.300	39	41	41
A0A7Z8DX35_Q75_lddt	F8T8W2_Q75_lddt	9.809E-01	9.573E-01	9.133E-01	39.000	39	41	41
A0A7Z8DX35_Q75_lddt	D0QXI5_Q75_lddt	9.807E-01	9.571E-01	9.131E-01	43.900	39	41	41
A0A7Z8DX35_Q75_lddt	Q59408_Q75_lddt	9.744E-01	9.511E-01	9.289E-01	40.000	39	40	40
A0A7Z8DX35_Q75_lddt	Q0QMM1_Q75_lddt	9.807E-01	9.571E-01	9.131E-01	36.500	39	41	41
A0A7Z8DX35_Q75_lddt	Q5H760_Q75_lddt	9.800E-01	9.565E-01	9.125E-01	43.900	39	41	41
A0A7Z8DX35_Q75_lddt	Q689B1_Q75_lddt	9.795E-01	9.560E-01	9.121E-01	46.300	39	41	41
A0A7Z8DX35_Q75_lddt	Q79PC3_Q75_lddt	9.780E-01	9.545E-01	9.108E-01	29.200	39	41	41
A0A7Z8DX35_Q75_lddt	D1LUJ3_Q75_lddt	9.764E-01	9.530E-01	9.094E-01	43.900	39	41	41
A0A7Z8DX35_Q75_lddt	B7VEQ0_Q75_lddt	9.762E-01	9.529E-01	9.093E-01	36.500	39	41	41
A0A7Z8DX35_Q75_lddt	B2ZPD3_Q75_lddt	9.758E-01	9.525E-01	9.090E-01	36.500	39	41	41
A0A7Z8DX35_Q75_lddt	A0A7I8NPH7_Q75_lddt	9.668E-01	9.440E-01	9.222E-01	42.500	39	40	40
A0A7Z8DX35_Q75_lddt	Q5QQ10_Q75_lddt	9.721E-01	9.490E-01	9.059E-01	36.500	39	41	41
A0A7Z8DX35_Q75_lddt	A0A4P6VV23_Q75_lddt	9.715E-01	9.484E-01	9.054E-01	36.500	39	41	41
A0A7Z8DX35_Q75_lddt	Q934B2_Q75_lddt	9.698E-01	9.469E-01	9.040E-01	36.500	39	41	41
A0A7Z8DX35_Q75_lddt	Q7X0I6_Q75_lddt	9.688E-01	9.460E-01	9.032E-01	36.500	39	41	41
A0A7Z8DX35_Q75_lddt	P12833_Q75_lddt	9.624E-01	9.398E-01	9.183E-01	42.500	39	40	40
A0A7Z8DX35_Q75_lddt	V5RSE8_Q75_lddt	9.679E-01	9.451E-01	9.024E-01	36.500	39	41	41
A0A7Z8DX35_Q75_lddt	Q2XQ06_Q75_lddt	9.733E-01	9.038E-01	9.038E-01	38.400	39	39	39
A0A7Z8DX35_Q75_lddt	A0A193CHQ8_Q75_lddt	9.727E-01	9.033E-01	9.033E-01	38.400	39	39	39
A0A7Z8DX35_Q75_lddt	E6BTZ6_Q75_lddt	9.863E-01	9.624E-01	7.892E-01	42.500	39	40	48
A0A7Z8DX35_Q75_lddt	K4EJH1_Q75_lddt	9.165E-01	8.964E-01	8.964E-01	46.100	39	39	39
A0A7Z8DX35_Q75_lddt	A4IUE2_Q75_lddt	9.670E-01	9.442E-01	7.776E-01	50.000	39	40	48
A0A7Z8DX35_Q75_lddt	Q8GCW7_Q75_lddt	9.164E-01	8.117E-01	8.936E-01	37.500	39	40	35
A0A7Z8DX35_Q75_lddt	Q8VVE6_Q75_lddt	9.374E-01	9.155E-01	6.752E-01	23.600	39	55	54
A0A7Z8DX35_Q75_lddt	Q5W314_Q75_lddt	9.300E-01	9.084E-01	6.715E-01	23.600	39	55	54
A4IUE2_Q75_lddt	A4IUE2_Q75_lddt	1.021E+00	1.000E+00	1.000E+00	100.000	48	48	48
A4IUE2_Q75_lddt	P12833_Q75_lddt	1.004E+00	8.201E-01	9.799E-01	57.500	48	40	40
A4IUE2_Q75_lddt	Q4H3Y3_Q75_lddt	9.970E-01	8.157E-01	9.731E-01	47.500	48	40	40
A4IUE2_Q75_lddt	D5H463_Q75_lddt	9.932E-01	8.133E-01	9.694E-01	47.500	48	40	40
A4IUE2_Q75_lddt	P0C0P1_Q75_lddt	9.916E-01	8.123E-01	9.680E-01	47.500	48	40	40
A4IUE2_Q75_lddt	K4EK33_Q75_lddt	9.885E-01	8.102E-01	9.650E-01	40.000	48	40	40
A4IUE2_Q75_lddt	Q79CE5_Q75_lddt	9.889E-01	8.106E-01	9.654E-01	50.000	48	40	40
A4IUE2_Q75_lddt	A0A6M3GZS6_Q75_lddt	9.843E-01	8.076E-01	9.611E-01	52.500	48	40	40
A4IUE2_Q75_lddt	P95524_Q75_lddt	9.895E-01	8.110E-01	9.435E-01	39.000	48	41	41
A4IUE2_Q75_lddt	B7VEQ0_Q75_lddt	9.895E-01	8.110E-01	9.435E-01	36.500	48	41	41
A4IUE2_Q75_lddt	B0BKZ8_Q75_lddt	9.805E-01	8.052E-01	9.575E-01	37.500	48	40	40
A4IUE2_Q75_lddt	B2ZPD3_Q75_lddt	9.880E-01	8.100E-01	9.422E-01	36.500	48	41	41
A4IUE2_Q75_lddt	F8T8W2_Q75_lddt	9.878E-01	8.099E-01	9.420E-01	41.400	48	41	41
A4IUE2_Q75_lddt	Q0QMM1_Q75_lddt	9.869E-01	8.093E-01	9.412E-01	39.000	48	41	41
A4IUE2_Q75_lddt	Q7BPB0_Q75_lddt	9.792E-01	8.044E-01	9.562E-01	40.000	48	40	40
A4IUE2_Q75_lddt	U5NMJ1_Q75_lddt	9.793E-01	8.044E-01	9.563E-01	37.500	48	40	40
A4IUE2_Q75_lddt	Q6A328_Q75_lddt	9.787E-01	8.040E-01	9.558E-01	52.500	48	40	40
A4IUE2_Q75_lddt	A0A4P6VV23_Q75_lddt	9.866E-01	8.092E-01	9.410E-01	36.500	48	41	41
A4IUE2_Q75_lddt	A0A7I8NPH7_Q75_lddt	9.784E-01	8.040E-01	9.555E-01	40.000	48	40	40
A4IUE2_Q75_lddt	B2RGD3_Q75_lddt	9.852E-01	8.083E-01	9.397E-01	39.000	48	41	41
A4IUE2_Q75_lddt	Q689B1_Q75_lddt	9.851E-01	8.082E-01	9.396E-01	43.900	48	41	41
A4IUE2_Q75_lddt	Q7X0I6_Q75_lddt	9.846E-01	8.080E-01	9.392E-01	36.500	48	41	41
A4IUE2_Q75_lddt	Q5QQ10_Q75_lddt	9.844E-01	8.078E-01	9.390E-01	36.500	48	41	41
A4IUE2_Q75_lddt	Q5H760_Q75_lddt	9.842E-01	8.077E-01	9.388E-01	36.500	48	41	41
A4IUE2_Q75_lddt	D0QXI5_Q75_lddt	9.836E-01	8.073E-01	9.383E-01	36.500	48	41	41
A4IUE2_Q75_lddt	Q59397_Q75_lddt	9.834E-01	7.875E-01	9.597E-01	50.000	48	40	39
A4IUE2_Q75_lddt	V5RSE8_Q75_lddt	9.829E-01	8.069E-01	9.377E-01	36.500	48	41	41
A4IUE2_Q75_lddt	D1LUJ3_Q75_lddt	9.820E-01	8.063E-01	9.368E-01	46.300	48	41	41
A4IUE2_Q75_lddt	B0FND5_Q75_lddt	9.816E-01	8.060E-01	9.365E-01	43.900	48	41	41
A4IUE2_Q75_lddt	Q934B2_Q75_lddt	9.817E-01	8.062E-01	9.366E-01	36.500	48	41	41
A4IUE2_Q75_lddt	Q8VVN6_Q75_lddt	9.612E-01	7.885E-01	9.385E-01	46.300	48	41	40
A4IUE2_Q75_lddt	Q59408_Q75_lddt	9.689E-01	7.977E-01	9.465E-01	35.000	48	40	40
A4IUE2_Q75_lddt	A0A7G8Z9Q0_Q75_lddt	9.698E-01	7.986E-01	9.474E-01	40.000	48	40	40
A4IUE2_Q75_lddt	Q9ZIF9_Q75_lddt	9.643E-01	7.947E-01	9.421E-01	37.500	48	40	40
A4IUE2_Q75_lddt	A0A7Z8DX35_Q75_lddt	9.670E-01	7.776E-01	9.442E-01	50.000	48	40	39
A4IUE2_Q75_lddt	A0A218N469_Q75_lddt	9.624E-01	7.745E-01	9.398E-01	47.500	48	40	39
A4IUE2_Q75_lddt	A0A0M2AT09_Q75_lddt	9.552E-01	7.893E-01	9.336E-01	42.500	48	40	40
A4IUE2_Q75_lddt	Q2XQ06_Q75_lddt	9.758E-01	7.637E-01	9.293E-01	33.300	48	39	39
A4IUE2_Q75_lddt	A0A193CHQ8_Q75_lddt	9.758E-01	7.637E-01	9.293E-01	33.300	48	39	39
A4IUE2_Q75_lddt	K4EJH1_Q75_lddt	9.599E-01	7.736E-01	9.376E-01	50.000	48	40	39
A4IUE2_Q75_lddt	Q79PC3_Q75_lddt	9.540E-01	7.884E-01	9.118E-01	34.100	48	41	41
A4IUE2_Q75_lddt	E6BTZ6_Q75_lddt	9.894E-01	8.110E-01	8.110E-01	52.500	48	40	48
A4IUE2_Q75_lddt	Q5W314_Q75_lddt	9.680E-01	7.927E-01	7.069E-01	20.000	48	55	54
A4IUE2_Q75_lddt	Q8GCW7_Q75_lddt	9.200E-01	6.792E-01	8.979E-01	32.500	48	40	35
A4IUE2_Q75_lddt	Q8VVE6_Q75_lddt	9.480E-01	7.801E-01	6.971E-01	21.800	48	55	54
B0BKZ8_Q75_lddt	B0BKZ8_Q75_lddt	1.026E+00	1.000E+00	1.000E+00	100.000	40	40	40
B0BKZ8_Q75_lddt	U5NMJ1_Q75_lddt	1.025E+00	9.996E-01	9.996E-01	100.000	40	40	40
B0BKZ8_Q75_lddt	Q7BPB0_Q75_lddt	1.023E+00	9.979E-01	9.979E-01	95.000	40	40	40
B0BKZ8_Q75_lddt	Q59408_Q75_lddt	1.015E+00	9.899E-01	9.899E-01	97.500	40	40	40
B0BKZ8_Q75_lddt	A0A6M3GZS6_Q75_lddt	1.011E+00	9.865E-01	9.865E-01	72.500	40	40	40
B0BKZ8_Q75_lddt	A0A7G8Z9Q0_Q75_lddt	1.001E+00	9.769E-01	9.769E-01	35.000	40	40	40
B0BKZ8_Q75_lddt	B2RGD3_Q75_lddt	1.006E+00	9.819E-01	9.586E-01	43.900	40	41	41
B0BKZ8_Q75_lddt	B0FND5_Q75_lddt	1.005E+00	9.807E-01	9.574E-01	46.300	40	41	41
B0BKZ8_Q75_lddt	F8T8W2_Q75_lddt	1.005E+00	9.803E-01	9.571E-01	46.300	40	41	41
B0BKZ8_Q75_lddt	D0QXI5_Q75_lddt	1.004E+00	9.799E-01	9.567E-01	43.900	40	41	41
B0BKZ8_Q75_lddt	P12833_Q75_lddt	9.980E-01	9.740E-01	9.740E-01	37.500	40	40	40
B0BKZ8_Q75_lddt	P0C0P1_Q75_lddt	9.979E-01	9.739E-01	9.739E-01	35.000	40	40	40
B0BKZ8_Q75_lddt	Q5H760_Q75_lddt	1.004E+00	9.795E-01	9.563E-01	43.900	40	41	41
B0BKZ8_Q75_lddt	Q0QMM1_Q75_lddt	1.004E+00	9.792E-01	9.560E-01	43.900	40	41	41
B0BKZ8_Q75_lddt	Q689B1_Q75_lddt	1.003E+00	9.789E-01	9.557E-01	43.900	40	41	41
B0BKZ8_Q75_lddt	D5H463_Q75_lddt	9.969E-01	9.730E-01	9.730E-01	27.500	40	40	40
B0BKZ8_Q75_lddt	B7VEQ0_Q75_lddt	1.003E+00	9.786E-01	9.555E-01	41.400	40	41	41
B0BKZ8_Q75_lddt	Q4H3Y3_Q75_lddt	9.957E-01	9.718E-01	9.718E-01	32.500	40	40	40
B0BKZ8_Q75_lddt	P95524_Q75_lddt	1.002E+00	9.776E-01	9.545E-01	46.300	40	41	41
B0BKZ8_Q75_lddt	Q79CE5_Q75_lddt	9.955E-01	9.717E-01	9.717E-01	27.500	40	40	40
B0BKZ8_Q75_lddt	D1LUJ3_Q75_lddt	1.002E+00	9.773E-01	9.542E-01	43.900	40	41	41
B0BKZ8_Q75_lddt	B2ZPD3_Q75_lddt	1.002E+00	9.773E-01	9.542E-01	41.400	40	41	41
B0BKZ8_Q75_lddt	K4EK33_Q75_lddt	9.952E-01	9.714E-01	9.714E-01	32.500	40	40	40
B0BKZ8_Q75_lddt	A0A0M2AT09_Q75_lddt	9.945E-01	9.707E-01	9.707E-01	30.000	40	40	40
B0BKZ8_Q75_lddt	Q5QQ10_Q75_lddt	9.964E-01	9.725E-01	9.497E-01	41.400	40	41	41
B0BKZ8_Q75_lddt	Q6A328_Q75_lddt	9.878E-01	9.644E-01	9.644E-01	32.500	40	40	40
B0BKZ8_Q75_lddt	A0A4P6VV23_Q75_lddt	9.940E-01	9.702E-01	9.475E-01	41.400	40	41	41
B0BKZ8_Q75_lddt	Q934B2_Q75_lddt	9.936E-01	9.698E-01	9.472E-01	39.000	40	41	41
B0BKZ8_Q75_lddt	A0A218N469_Q75_lddt	9.933E-01	9.457E-01	9.689E-01	45.000	40	40	39
B0BKZ8_Q75_lddt	Q7X0I6_Q75_lddt	9.914E-01	9.678E-01	9.452E-01	39.000	40	41	41
B0BKZ8_Q75_lddt	V5RSE8_Q75_lddt	9.911E-01	9.675E-01	9.450E-01	41.400	40	41	41
B0BKZ8_Q75_lddt	Q9ZIF9_Q75_lddt	9.839E-01	9.607E-01	9.607E-01	40.000	40	40	40
B0BKZ8_Q75_lddt	Q59397_Q75_lddt	9.904E-01	9.433E-01	9.663E-01	32.500	40	40	39
B0BKZ8_Q75_lddt	A0A7Z8DX35_Q75_lddt	9.885E-01	9.415E-01	9.645E-01	42.500	40	40	39
B0BKZ8_Q75_lddt	Q2XQ06_Q75_lddt	1.002E+00	9.295E-01	9.526E-01	46.100	40	39	39
B0BKZ8_Q75_lddt	A0A193CHQ8_Q75_lddt	1.001E+00	9.288E-01	9.518E-01	46.100	40	39	39
B0BKZ8_Q75_lddt	A0A7I8NPH7_Q75_lddt	9.748E-01	9.521E-01	9.521E-01	35.000	40	40	40
B0BKZ8_Q75_lddt	Q8VVN6_Q75_lddt	9.615E-01	9.388E-01	9.388E-01	43.900	40	41	40
B0BKZ8_Q75_lddt	Q79PC3_Q75_lddt	9.675E-01	9.452E-01	9.238E-01	36.500	40	41	41
B0BKZ8_Q75_lddt	E6BTZ6_Q75_lddt	1.004E+00	9.800E-01	8.203E-01	37.500	40	40	48
B0BKZ8_Q75_lddt	A4IUE2_Q75_lddt	9.805E-01	9.575E-01	8.052E-01	37.500	40	40	48
B0BKZ8_Q75_lddt	K4EJH1_Q75_lddt	9.396E-01	8.980E-01	9.183E-01	32.500	40	40	39
B0BKZ8_Q75_lddt	Q8VVE6_Q75_lddt	9.635E-01	9.406E-01	7.048E-01	21.800	40	55	54
B0BKZ8_Q75_lddt	Q5W314_Q75_lddt	9.520E-01	9.298E-01	6.990E-01	20.000	40	55	54
B0BKZ8_Q75_lddt	Q8GCW7_Q75_lddt	9.241E-01	8.017E-01	9.015E-01	30.000	40	40	35
B0FND5_Q75_lddt	B0FND5_Q75_lddt	1.025E+00	1.000E+00	1.000E+00	100.000	41	41	41
B0FND5_Q75_lddt	Q689B1_Q75_lddt	1.023E+00	9.986E-01	9.986E-01	95.100	41	41	41
B0FND5_Q75_lddt	D1LUJ3_Q75_lddt	1.023E+00	9.980E-01	9.980E-01	87.800	41	41	41
B0FND5_Q75_lddt	B7VEQ0_Q75_lddt	1.021E+00	9.965E-01	9.965E-01	70.700	41	41	41
B0FND5_Q75_lddt	F8T8W2_Q75_lddt	1.021E+00	9.964E-01	9.964E-01	75.600	41	41	41
B0FND5_Q75_lddt	P95524_Q75_lddt	1.021E+00	9.964E-01	9.964E-01	78.000	41	41	41
B0FND5_Q75_lddt	Q5H760_Q75_lddt	1.021E+00	9.964E-01	9.964E-01	75.600	41	41	41
B0FND5_Q75_lddt	B2RGD3_Q75_lddt	1.021E+00	9.962E-01	9.962E-01	73.100	41	41	41
B0FND5_Q75_lddt	D0QXI5_Q75_lddt	1.021E+00	9.961E-01	9.961E-01	75.600	41	41	41
B0FND5_Q75_lddt	B2ZPD3_Q75_lddt	1.021E+00	9.961E-01	9.961E-01	70.700	41	41	41
B0FND5_Q75_lddt	Q0QMM1_Q75_lddt	1.021E+00	9.959E-01	9.959E-01	73.100	41	41	41
B0FND5_Q75_lddt	Q934B2_Q75_lddt	1.020E+00	9.949E-01	9.949E-01	73.100	41	41	41
B0FND5_Q75_lddt	Q5QQ10_Q75_lddt	1.019E+00	9.947E-01	9.947E-01	73.100	41	41	41
B0FND5_Q75_lddt	Q7X0I6_Q75_lddt	1.018E+00	9.933E-01	9.933E-01	73.100	41	41	41
B0FND5_Q75_lddt	V5RSE8_Q75_lddt	1.017E+00	9.928E-01	9.928E-01	73.100	41	41	41
B0FND5_Q75_lddt	A0A4P6VV23_Q75_lddt	1.017E+00	9.927E-01	9.927E-01	73.100	41	41	41
B0FND5_Q75_lddt	A0A193CHQ8_Q75_lddt	1.021E+00	9.467E-01	9.949E-01	69.200	41	39	39
B0FND5_Q75_lddt	Q2XQ06_Q75_lddt	1.021E+00	9.466E-01	9.948E-01	69.200	41	39	39
B0FND5_Q75_lddt	Q7BPB0_Q75_lddt	1.007E+00	9.594E-01	9.828E-01	48.700	41	41	40
B0FND5_Q75_lddt	A0A6M3GZS6_Q75_lddt	1.006E+00	9.579E-01	9.812E-01	48.700	41	41	40
B0FND5_Q75_lddt	B0BKZ8_Q75_lddt	1.005E+00	9.574E-01	9.807E-01	46.300	41	41	40
B0FND5_Q75_lddt	P0C0P1_Q75_lddt	1.005E+00	9.571E-01	9.804E-01	34.100	41	41	40
B0FND5_Q75_lddt	P12833_Q75_lddt	1.003E+00	9.558E-01	9.790E-01	41.400	41	41	40
B0FND5_Q75_lddt	U5NMJ1_Q75_lddt	1.003E+00	9.560E-01	9.792E-01	46.300	41	41	40
B0FND5_Q75_lddt	Q59408_Q75_lddt	1.000E+00	9.532E-01	9.763E-01	43.900	41	41	40
B0FND5_Q75_lddt	D5H463_Q75_lddt	1.000E+00	9.530E-01	9.760E-01	39.000	41	41	40
B0FND5_Q75_lddt	Q79CE5_Q75_lddt	9.995E-01	9.524E-01	9.754E-01	39.000	41	41	40
B0FND5_Q75_lddt	Q4H3Y3_Q75_lddt	9.989E-01	9.519E-01	9.748E-01	39.000	41	41	40
B0FND5_Q75_lddt	A0A7G8Z9Q0_Q75_lddt	9.984E-01	9.514E-01	9.743E-01	26.800	41	41	40
B0FND5_Q75_lddt	Q59397_Q75_lddt	1.001E+00	9.301E-01	9.762E-01	41.400	41	41	39
B0FND5_Q75_lddt	K4EK33_Q75_lddt	9.935E-01	9.471E-01	9.697E-01	31.700	41	41	40
B0FND5_Q75_lddt	Q6A328_Q75_lddt	9.890E-01	9.431E-01	9.655E-01	34.100	41	41	40
B0FND5_Q75_lddt	A0A218N469_Q75_lddt	9.942E-01	9.244E-01	9.698E-01	36.500	41	41	39
B0FND5_Q75_lddt	Q8VVN6_Q75_lddt	9.730E-01	9.282E-01	9.501E-01	41.400	41	41	40
B0FND5_Q75_lddt	A0A0M2AT09_Q75_lddt	9.766E-01	9.320E-01	9.538E-01	29.200	41	41	40
B0FND5_Q75_lddt	A0A7Z8DX35_Q75_lddt	9.812E-01	9.135E-01	9.576E-01	46.300	41	41	39
B0FND5_Q75_lddt	Q9ZIF9_Q75_lddt	9.729E-01	9.288E-01	9.504E-01	36.500	41	41	40
B0FND5_Q75_lddt	Q79PC3_Q75_lddt	9.530E-01	9.317E-01	9.317E-01	31.700	41	41	41
B0FND5_Q75_lddt	A0A7I8NPH7_Q75_lddt	9.600E-01	9.170E-01	9.380E-01	29.200	41	41	40
B0FND5_Q75_lddt	K4EJH1_Q75_lddt	9.709E-01	9.049E-01	9.479E-01	31.700	41	41	39
B0FND5_Q75_lddt	E6BTZ6_Q75_lddt	1.010E+00	9.619E-01	8.238E-01	41.400	41	41	48
B0FND5_Q75_lddt	A4IUE2_Q75_lddt	9.816E-01	9.365E-01	8.060E-01	43.900	41	41	48
B0FND5_Q75_lddt	Q8GCW7_Q75_lddt	9.284E-01	7.879E-01	9.057E-01	26.800	41	41	35
B0FND5_Q75_lddt	Q8VVE6_Q75_lddt	9.305E-01	9.093E-01	6.995E-01	19.600	41	56	54
B0FND5_Q75_lddt	Q5W314_Q75_lddt	9.271E-01	9.060E-01	6.977E-01	17.800	41	56	54
B2RGD3_Q75_lddt	B2RGD3_Q75_lddt	1.025E+00	1.000E+00	1.000E+00	100.000	41	41	41
B2RGD3_Q75_lddt	Q0QMM1_Q75_lddt	1.025E+00	9.996E-01	9.996E-01	97.500	41	41	41
B2RGD3_Q75_lddt	F8T8W2_Q75_lddt	1.024E+00	9.995E-01	9.995E-01	97.500	41	41	41
B2RGD3_Q75_lddt	B7VEQ0_Q75_lddt	1.023E+00	9.980E-01	9.980E-01	87.800	41	41	41
B2RGD3_Q75_lddt	B2ZPD3_Q75_lddt	1.023E+00	9.977E-01	9.977E-01	87.800	41	41	41
B2RGD3_Q75_lddt	Q689B1_Q75_lddt	1.022E+00	9.968E-01	9.968E-01	73.100	41	41	41
B2RGD3_Q75_lddt	Q5QQ10_Q75_lddt	1.022E+00	9.968E-01	9.968E-01	85.300	41	41	41
B2RGD3_Q75_lddt	D1LUJ3_Q75_lddt	1.021E+00	9.963E-01	9.963E-01	68.200	41	41	41
B2RGD3_Q75_lddt	B0FND5_Q75_lddt	1.021E+00	9.962E-01	9.962E-01	73.100	41	41	41
B2RGD3_Q75_lddt	Q5H760_Q75_lddt	1.021E+00	9.960E-01	9.960E-01	80.400	41	41	41
B2RGD3_Q75_lddt	D0QXI5_Q75_lddt	1.020E+00	9.956E-01	9.956E-01	80.400	41	41	41
B2RGD3_Q75_lddt	P95524_Q75_lddt	1.020E+00	9.955E-01	9.955E-01	82.900	41	41	41
B2RGD3_Q75_lddt	Q934B2_Q75_lddt	1.020E+00	9.952E-01	9.952E-01	82.900	41	41	41
B2RGD3_Q75_lddt	A0A4P6VV23_Q75_lddt	1.019E+00	9.948E-01	9.948E-01	85.300	41	41	41
B2RGD3_Q75_lddt	V5RSE8_Q75_lddt	1.019E+00	9.945E-01	9.945E-01	85.300	41	41	41
B2RGD3_Q75_lddt	Q7X0I6_Q75_lddt	1.019E+00	9.944E-01	9.944E-01	82.900	41	41	41
B2RGD3_Q75_lddt	Q2XQ06_Q75_lddt	1.024E+00	9.494E-01	9.979E-01	94.800	41	39	39
B2RGD3_Q75_lddt	A0A193CHQ8_Q75_lddt	1.024E+00	9.491E-01	9.977E-01	94.800	41	39	39
B2RGD3_Q75_lddt	Q7BPB0_Q75_lddt	1.007E+00	9.591E-01	9.824E-01	46.300	41	41	40
B2RGD3_Q75_lddt	B0BKZ8_Q75_lddt	1.006E+00	9.586E-01	9.819E-01	43.900	41	41	40
B2RGD3_Q75_lddt	P0C0P1_Q75_lddt	1.006E+00	9.585E-01	9.818E-01	31.700	41	41	40
B2RGD3_Q75_lddt	A0A6M3GZS6_Q75_lddt	1.006E+00	9.581E-01	9.814E-01	46.300	41	41	40
B2RGD3_Q75_lddt	U5NMJ1_Q75_lddt	1.004E+00	9.568E-01	9.801E-01	43.900	41	41	40
B2RGD3_Q75_lddt	P12833_Q75_lddt	1.004E+00	9.566E-01	9.798E-01	39.000	41	41	40
B2RGD3_Q75_lddt	Q79CE5_Q75_lddt	1.004E+00	9.563E-01	9.795E-01	39.000	41	41	40
B2RGD3_Q75_lddt	D5H463_Q75_lddt	1.004E+00	9.560E-01	9.792E-01	36.500	41	41	40
B2RGD3_Q75_lddt	Q4H3Y3_Q75_lddt	1.003E+00	9.553E-01	9.785E-01	36.500	41	41	40
B2RGD3_Q75_lddt	Q59408_Q75_lddt	1.001E+00	9.534E-01	9.765E-01	41.400	41	41	40
B2RGD3_Q75_lddt	A0A7G8Z9Q0_Q75_lddt	9.991E-01	9.521E-01	9.751E-01	31.700	41	41	40
B2RGD3_Q75_lddt	Q59397_Q75_lddt	1.003E+00	9.321E-01	9.785E-01	39.000	41	41	39
B2RGD3_Q75_lddt	K4EK33_Q75_lddt	9.939E-01	9.474E-01	9.701E-01	29.200	41	41	40
B2RGD3_Q75_lddt	Q6A328_Q75_lddt	9.934E-01	9.469E-01	9.696E-01	34.100	41	41	40
B2RGD3_Q75_lddt	Q8VVN6_Q75_lddt	9.822E-01	9.364E-01	9.588E-01	41.400	41	41	40
B2RGD3_Q75_lddt	A0A218N469_Q75_lddt	9.939E-01	9.241E-01	9.695E-01	39.000	41	41	39
B2RGD3_Q75_lddt	A0A0M2AT09_Q75_lddt	9.775E-01	9.328E-01	9.547E-01	31.700	41	41	40
B2RGD3_Q75_lddt	A0A7Z8DX35_Q75_lddt	9.825E-01	9.146E-01	9.588E-01	36.500	41	41	39
B2RGD3_Q75_lddt	Q9ZIF9_Q75_lddt	9.752E-01	9.307E-01	9.525E-01	31.700	41	41	40
B2RGD3_Q75_lddt	Q79PC3_Q75_lddt	9.567E-01	9.351E-01	9.351E-01	29.200	41	41	41
B2RGD3_Q75_lddt	A0A7I8NPH7_Q75_lddt	9.624E-01	9.192E-01	9.403E-01	31.700	41	41	40
B2RGD3_Q75_lddt	K4EJH1_Q75_lddt	9.715E-01	9.054E-01	9.485E-01	31.700	41	41	39
B2RGD3_Q75_lddt	E6BTZ6_Q75_lddt	1.011E+00	9.625E-01	8.243E-01	36.500	41	41	48
B2RGD3_Q75_lddt	A4IUE2_Q75_lddt	9.852E-01	9.397E-01	8.083E-01	39.000	41	41	48
B2RGD3_Q75_lddt	Q8GCW7_Q75_lddt	9.309E-01	7.897E-01	9.081E-01	24.300	41	41	35
B2RGD3_Q75_lddt	Q8VVE6_Q75_lddt	9.276E-01	9.065E-01	6.980E-01	21.400	41	56	54
B2RGD3_Q75_lddt	Q5W314_Q75_lddt	9.269E-01	9.058E-01	6.977E-01	16.000	41	56	54
B2ZPD3_Q75_lddt	B2ZPD3_Q75_lddt	1.025E+00	1.000E+00	1.000E+00	100.000	41	41	41
B2ZPD3_Q75_lddt	B7VEQ0_Q75_lddt	1.025E+00	9.997E-01	9.997E-01	100.000	41	41	41
B2ZPD3_Q75_lddt	F8T8W2_Q75_lddt	1.023E+00	9.979E-01	9.979E-01	87.800	41	41	41
B2ZPD3_Q75_lddt	Q0QMM1_Q75_lddt	1.023E+00	9.978E-01	9.978E-01	90.200	41	41	41
B2ZPD3_Q75_lddt	Q5QQ10_Q75_lddt	1.023E+00	9.978E-01	9.978E-01	90.200	41	41	41
B2ZPD3_Q75_lddt	Q934B2_Q75_lddt	1.023E+00	9.977E-01	9.977E-01	85.300	41	41	41
B2ZPD3_Q75_lddt	B2RGD3_Q75_lddt	1.023E+00	9.977E-01	9.977E-01	87.800	41	41	41
B2ZPD3_Q75_lddt	A0A4P6VV23_Q75_lddt	1.022E+00	9.973E-01	9.973E-01	90.200	41	41	41
B2ZPD3_Q75_lddt	V5RSE8_Q75_lddt	1.022E+00	9.972E-01	9.972E-01	90.200	41	41	41
B2ZPD3_Q75_lddt	D1LUJ3_Q75_lddt	1.022E+00	9.971E-01	9.971E-01	65.800	41	41	41
B2ZPD3_Q75_lddt	Q7X0I6_Q75_lddt	1.022E+00	9.971E-01	9.971E-01	87.800	41	41	41
B2ZPD3_Q75_lddt	Q689B1_Q75_lddt	1.022E+00	9.970E-01	9.970E-01	70.700	41	41	41
B2ZPD3_Q75_lddt	Q5H760_Q75_lddt	1.021E+00	9.963E-01	9.963E-01	82.900	41	41	41
B2ZPD3_Q75_lddt	B0FND5_Q75_lddt	1.021E+00	9.961E-01	9.961E-01	70.700	41	41	41
B2ZPD3_Q75_lddt	D0QXI5_Q75_lddt	1.021E+00	9.960E-01	9.960E-01	82.900	41	41	41
B2ZPD3_Q75_lddt	P95524_Q75_lddt	1.020E+00	9.957E-01	9.957E-01	85.300	41	41	41
B2ZPD3_Q75_lddt	A0A193CHQ8_Q75_lddt	1.023E+00	9.489E-01	9.973E-01	84.600	41	39	39
B2ZPD3_Q75_lddt	Q2XQ06_Q75_lddt	1.023E+00	9.488E-01	9.973E-01	84.600	41	39	39
B2ZPD3_Q75_lddt	P12833_Q75_lddt	1.006E+00	9.579E-01	9.812E-01	39.000	41	41	40
B2ZPD3_Q75_lddt	P0C0P1_Q75_lddt	1.005E+00	9.571E-01	9.804E-01	31.700	41	41	40
B2ZPD3_Q75_lddt	Q7BPB0_Q75_lddt	1.004E+00	9.565E-01	9.797E-01	43.900	41	41	40
B2ZPD3_Q75_lddt	D5H463_Q75_lddt	1.004E+00	9.561E-01	9.793E-01	39.000	41	41	40
B2ZPD3_Q75_lddt	Q79CE5_Q75_lddt	1.003E+00	9.556E-01	9.788E-01	36.500	41	41	40
B2ZPD3_Q75_lddt	Q4H3Y3_Q75_lddt	1.003E+00	9.551E-01	9.782E-01	39.000	41	41	40
B2ZPD3_Q75_lddt	B0BKZ8_Q75_lddt	1.002E+00	9.542E-01	9.773E-01	41.400	41	41	40
B2ZPD3_Q75_lddt	A0A6M3GZS6_Q75_lddt	1.001E+00	9.541E-01	9.771E-01	48.700	41	41	40
B2ZPD3_Q75_lddt	U5NMJ1_Q75_lddt	9.995E-01	9.524E-01	9.754E-01	41.400	41	41	40
B2ZPD3_Q75_lddt	Q59397_Q75_lddt	1.004E+00	9.323E-01	9.787E-01	39.000	41	41	39
B2ZPD3_Q75_lddt	Q59408_Q75_lddt	9.953E-01	9.486E-01	9.714E-01	39.000	41	41	40
B2ZPD3_Q75_lddt	A0A7G8Z9Q0_Q75_lddt	9.936E-01	9.472E-01	9.698E-01	36.500	41	41	40
B2ZPD3_Q75_lddt	Q6A328_Q75_lddt	9.923E-01	9.460E-01	9.687E-01	31.700	41	41	40
B2ZPD3_Q75_lddt	K4EK33_Q75_lddt	9.925E-01	9.462E-01	9.688E-01	31.700	41	41	40
B2ZPD3_Q75_lddt	Q8VVN6_Q75_lddt	9.812E-01	9.355E-01	9.578E-01	41.400	41	41	40
B2ZPD3_Q75_lddt	A0A218N469_Q75_lddt	9.878E-01	9.190E-01	9.638E-01	36.500	41	41	39
B2ZPD3_Q75_lddt	A0A0M2AT09_Q75_lddt	9.748E-01	9.304E-01	9.521E-01	36.500	41	41	40
B2ZPD3_Q75_lddt	Q9ZIF9_Q75_lddt	9.726E-01	9.285E-01	9.501E-01	34.100	41	41	40
B2ZPD3_Q75_lddt	K4EJH1_Q75_lddt	9.779E-01	9.108E-01	9.545E-01	34.100	41	41	39
B2ZPD3_Q75_lddt	A0A7Z8DX35_Q75_lddt	9.758E-01	9.090E-01	9.525E-01	36.500	41	41	39
B2ZPD3_Q75_lddt	Q79PC3_Q75_lddt	9.551E-01	9.336E-01	9.336E-01	29.200	41	41	41
B2ZPD3_Q75_lddt	A0A7I8NPH7_Q75_lddt	9.627E-01	9.193E-01	9.405E-01	34.100	41	41	40
B2ZPD3_Q75_lddt	E6BTZ6_Q75_lddt	1.011E+00	9.626E-01	8.243E-01	39.000	41	41	48
B2ZPD3_Q75_lddt	A4IUE2_Q75_lddt	9.880E-01	9.422E-01	8.100E-01	36.500	41	41	48
B2ZPD3_Q75_lddt	Q8GCW7_Q75_lddt	9.370E-01	7.939E-01	9.138E-01	21.900	41	41	35
B2ZPD3_Q75_lddt	Q5W314_Q75_lddt	9.277E-01	9.066E-01	6.981E-01	17.800	41	56	54
B2ZPD3_Q75_lddt	Q8VVE6_Q75_lddt	9.261E-01	9.050E-01	6.972E-01	23.200	41	56	54
B7VEQ0_Q75_lddt	B7VEQ0_Q75_lddt	1.025E+00	1.000E+00	1.000E+00	100.000	41	41	41
B7VEQ0_Q75_lddt	B2ZPD3_Q75_lddt	1.025E+00	9.997E-01	9.997E-01	100.000	41	41	41
B7VEQ0_Q75_lddt	F8T8W2_Q75_lddt	1.023E+00	9.983E-01	9.983E-01	87.800	41	41	41
B7VEQ0_Q75_lddt	Q0QMM1_Q75_lddt	1.023E+00	9.982E-01	9.982E-01	90.200	41	41	41
B7VEQ0_Q75_lddt	B2RGD3_Q75_lddt	1.023E+00	9.980E-01	9.980E-01	87.800	41	41	41
B7VEQ0_Q75_lddt	Q689B1_Q75_lddt	1.022E+00	9.976E-01	9.976E-01	70.700	41	41	41
B7VEQ0_Q75_lddt	Q5QQ10_Q75_lddt	1.022E+00	9.976E-01	9.976E-01	90.200	41	41	41
B7VEQ0_Q75_lddt	D1LUJ3_Q75_lddt	1.022E+00	9.974E-01	9.974E-01	65.800	41	41	41
B7VEQ0_Q75_lddt	Q934B2_Q75_lddt	1.022E+00	9.972E-01	9.972E-01	85.300	41	41	41
B7VEQ0_Q75_lddt	Q5H760_Q75_lddt	1.022E+00	9.969E-01	9.969E-01	82.900	41	41	41
B7VEQ0_Q75_lddt	A0A4P6VV23_Q75_lddt	1.021E+00	9.967E-01	9.967E-01	90.200	41	41	41
B7VEQ0_Q75_lddt	B0FND5_Q75_lddt	1.021E+00	9.965E-01	9.965E-01	70.700	41	41	41
B7VEQ0_Q75_lddt	Q7X0I6_Q75_lddt	1.021E+00	9.965E-01	9.965E-01	87.800	41	41	41
B7VEQ0_Q75_lddt	V5RSE8_Q75_lddt	1.021E+00	9.965E-01	9.965E-01	90.200	41	41	41
B7VEQ0_Q75_lddt	D0QXI5_Q75_lddt	1.021E+00	9.964E-01	9.964E-01	82.900	41	41	41
B7VEQ0_Q75_lddt	P95524_Q75_lddt	1.021E+00	9.963E-01	9.963E-01	85.300	41	41	41
B7VEQ0_Q75_lddt	Q2XQ06_Q75_lddt	1.023E+00	9.487E-01	9.971E-01	84.600	41	39	39
B7VEQ0_Q75_lddt	A0A193CHQ8_Q75_lddt	1.023E+00	9.487E-01	9.971E-01	84.600	41	39	39
B7VEQ0_Q75_lddt	P12833_Q75_lddt	1.007E+00	9.590E-01	9.823E-01	39.000	41	41	40
B7VEQ0_Q75_lddt	P0C0P1_Q75_lddt	1.006E+00	9.584E-01	9.818E-01	31.700	41	41	40
B7VEQ0_Q75_lddt	Q7BPB0_Q75_lddt	1.005E+00	9.577E-01	9.810E-01	43.900	41	41	40
B7VEQ0_Q75_lddt	D5H463_Q75_lddt	1.003E+00	9.558E-01	9.790E-01	39.000	41	41	40
B7VEQ0_Q75_lddt	B0BKZ8_Q75_lddt	1.003E+00	9.555E-01	9.786E-01	41.400	41	41	40
B7VEQ0_Q75_lddt	Q4H3Y3_Q75_lddt	1.003E+00	9.551E-01	9.782E-01	39.000	41	41	40
B7VEQ0_Q75_lddt	Q79CE5_Q75_lddt	1.003E+00	9.553E-01	9.784E-01	36.500	41	41	40
B7VEQ0_Q75_lddt	A0A6M3GZS6_Q75_lddt	1.002E+00	9.549E-01	9.781E-01	48.700	41	41	40
B7VEQ0_Q75_lddt	U5NMJ1_Q75_lddt	1.001E+00	9.536E-01	9.767E-01	41.400	41	41	40
B7VEQ0_Q75_lddt	Q59408_Q75_lddt	9.961E-01	9.494E-01	9.722E-01	39.000	41	41	40
B7VEQ0_Q75_lddt	Q59397_Q75_lddt	1.002E+00	9.314E-01	9.776E-01	39.000	41	41	39
B7VEQ0_Q75_lddt	A0A7G8Z9Q0_Q75_lddt	9.941E-01	9.477E-01	9.704E-01	36.500	41	41	40
B7VEQ0_Q75_lddt	K4EK33_Q75_lddt	9.937E-01	9.472E-01	9.699E-01	31.700	41	41	40
B7VEQ0_Q75_lddt	Q6A328_Q75_lddt	9.919E-01	9.457E-01	9.683E-01	31.700	41	41	40
B7VEQ0_Q75_lddt	Q8VVN6_Q75_lddt	9.805E-01	9.349E-01	9.572E-01	41.400	41	41	40
B7VEQ0_Q75_lddt	A0A218N469_Q75_lddt	9.887E-01	9.197E-01	9.646E-01	36.500	41	41	39
B7VEQ0_Q75_lddt	A0A0M2AT09_Q75_lddt	9.740E-01	9.297E-01	9.514E-01	36.500	41	41	40
B7VEQ0_Q75_lddt	Q9ZIF9_Q75_lddt	9.729E-01	9.288E-01	9.504E-01	34.100	41	41	40
B7VEQ0_Q75_lddt	A0A7Z8DX35_Q75_lddt	9.762E-01	9.093E-01	9.529E-01	36.500	41	41	39
B7VEQ0_Q75_lddt	K4EJH1_Q75_lddt	9.764E-01	9.096E-01	9.531E-01	34.100	41	41	39
B7VEQ0_Q75_lddt	A0A7I8NPH7_Q75_lddt	9.626E-01	9.193E-01	9.405E-01	34.100	41	41	40
B7VEQ0_Q75_lddt	Q79PC3_Q75_lddt	9.541E-01	9.327E-01	9.327E-01	29.200	41	41	41
B7VEQ0_Q75_lddt	E6BTZ6_Q75_lddt	1.010E+00	9.622E-01	8.240E-01	39.000	41	41	48
B7VEQ0_Q75_lddt	A4IUE2_Q75_lddt	9.895E-01	9.435E-01	8.110E-01	36.500	41	41	48
B7VEQ0_Q75_lddt	Q8GCW7_Q75_lddt	9.341E-01	7.919E-01	9.111E-01	21.900	41	41	35
B7VEQ0_Q75_lddt	Q5W314_Q75_lddt	9.297E-01	9.085E-01	6.992E-01	17.800	41	56	54
B7VEQ0_Q75_lddt	Q8VVE6_Q75_lddt	9.269E-01	9.059E-01	6.976E-01	23.200	41	56	54
Q0QMM1_Q75_lddt	Q0QMM1_Q75_lddt	1.025E+00	1.000E+00	1.000E+00	100.000	41	41	41
Q0QMM1_Q75_lddt	B2RGD3_Q75_lddt	1.025E+00	9.996E-01	9.996E-01	97.500	41	41	41
Q0QMM1_Q75_lddt	F8T8W2_Q75_lddt	1.025E+00	9.996E-01	9.996E-01	97.500	41	41	41
Q0QMM1_Q75_lddt	B7VEQ0_Q75_lddt	1.023E+00	9.982E-01	9.982E-01	90.200	41	41	41
Q0QMM1_Q75_lddt	B2ZPD3_Q75_lddt	1.023E+00	9.978E-01	9.978E-01	90.200	41	41	41
Q0QMM1_Q75_lddt	Q5QQ10_Q75_lddt	1.022E+00	9.973E-01	9.973E-01	87.800	41	41	41
Q0QMM1_Q75_lddt	Q689B1_Q75_lddt	1.022E+00	9.970E-01	9.970E-01	73.100	41	41	41
Q0QMM1_Q75_lddt	D1LUJ3_Q75_lddt	1.021E+00	9.964E-01	9.964E-01	68.200	41	41	41
Q0QMM1_Q75_lddt	Q934B2_Q75_lddt	1.021E+00	9.960E-01	9.960E-01	85.300	41	41	41
Q0QMM1_Q75_lddt	B0FND5_Q75_lddt	1.021E+00	9.959E-01	9.959E-01	73.100	41	41	41
Q0QMM1_Q75_lddt	Q5H760_Q75_lddt	1.020E+00	9.957E-01	9.957E-01	80.400	41	41	41
Q0QMM1_Q75_lddt	P95524_Q75_lddt	1.020E+00	9.957E-01	9.957E-01	82.900	41	41	41
Q0QMM1_Q75_lddt	A0A4P6VV23_Q75_lddt	1.020E+00	9.956E-01	9.956E-01	87.800	41	41	41
Q0QMM1_Q75_lddt	V5RSE8_Q75_lddt	1.020E+00	9.954E-01	9.954E-01	87.800	41	41	41
Q0QMM1_Q75_lddt	Q7X0I6_Q75_lddt	1.020E+00	9.954E-01	9.954E-01	85.300	41	41	41
Q0QMM1_Q75_lddt	D0QXI5_Q75_lddt	1.020E+00	9.952E-01	9.952E-01	80.400	41	41	41
Q0QMM1_Q75_lddt	Q2XQ06_Q75_lddt	1.024E+00	9.493E-01	9.978E-01	92.300	41	39	39
Q0QMM1_Q75_lddt	A0A193CHQ8_Q75_lddt	1.024E+00	9.491E-01	9.976E-01	92.300	41	39	39
Q0QMM1_Q75_lddt	P0C0P1_Q75_lddt	1.007E+00	9.591E-01	9.825E-01	34.100	41	41	40
Q0QMM1_Q75_lddt	P12833_Q75_lddt	1.005E+00	9.571E-01	9.804E-01	39.000	41	41	40
Q0QMM1_Q75_lddt	A0A6M3GZS6_Q75_lddt	1.005E+00	9.570E-01	9.803E-01	46.300	41	41	40
Q0QMM1_Q75_lddt	Q7BPB0_Q75_lddt	1.004E+00	9.566E-01	9.798E-01	46.300	41	41	40
Q0QMM1_Q75_lddt	Q79CE5_Q75_lddt	1.004E+00	9.562E-01	9.794E-01	36.500	41	41	40
Q0QMM1_Q75_lddt	D5H463_Q75_lddt	1.003E+00	9.559E-01	9.791E-01	39.000	41	41	40
Q0QMM1_Q75_lddt	B0BKZ8_Q75_lddt	1.004E+00	9.560E-01	9.792E-01	43.900	41	41	40
Q0QMM1_Q75_lddt	Q4H3Y3_Q75_lddt	1.003E+00	9.555E-01	9.786E-01	39.000	41	41	40
Q0QMM1_Q75_lddt	U5NMJ1_Q75_lddt	1.001E+00	9.541E-01	9.772E-01	43.900	41	41	40
Q0QMM1_Q75_lddt	Q59408_Q75_lddt	9.980E-01	9.511E-01	9.740E-01	41.400	41	41	40
Q0QMM1_Q75_lddt	A0A7G8Z9Q0_Q75_lddt	9.977E-01	9.508E-01	9.737E-01	34.100	41	41	40
Q0QMM1_Q75_lddt	Q59397_Q75_lddt	1.002E+00	9.314E-01	9.776E-01	39.000	41	41	39
Q0QMM1_Q75_lddt	Q6A328_Q75_lddt	9.930E-01	9.466E-01	9.692E-01	31.700	41	41	40
Q0QMM1_Q75_lddt	K4EK33_Q75_lddt	9.929E-01	9.465E-01	9.691E-01	29.200	41	41	40
Q0QMM1_Q75_lddt	Q8VVN6_Q75_lddt	9.826E-01	9.368E-01	9.592E-01	41.400	41	41	40
Q0QMM1_Q75_lddt	A0A218N469_Q75_lddt	9.925E-01	9.229E-01	9.682E-01	39.000	41	41	39
Q0QMM1_Q75_lddt	A0A0M2AT09_Q75_lddt	9.742E-01	9.299E-01	9.516E-01	31.700	41	41	40
Q0QMM1_Q75_lddt	A0A7Z8DX35_Q75_lddt	9.807E-01	9.131E-01	9.571E-01	36.500	41	41	39
Q0QMM1_Q75_lddt	Q9ZIF9_Q75_lddt	9.739E-01	9.296E-01	9.513E-01	34.100	41	41	40
Q0QMM1_Q75_lddt	Q79PC3_Q75_lddt	9.542E-01	9.328E-01	9.328E-01	29.200	41	41	41
Q0QMM1_Q75_lddt	K4EJH1_Q75_lddt	9.730E-01	9.067E-01	9.499E-01	31.700	41	41	39
Q0QMM1_Q75_lddt	A0A7I8NPH7_Q75_lddt	9.609E-01	9.179E-01	9.389E-01	31.700	41	41	40
Q0QMM1_Q75_lddt	E6BTZ6_Q75_lddt	1.010E+00	9.620E-01	8.239E-01	39.000	41	41	48
Q0QMM1_Q75_lddt	A4IUE2_Q75_lddt	9.869E-01	9.412E-01	8.093E-01	39.000	41	41	48
Q0QMM1_Q75_lddt	Q8GCW7_Q75_lddt	9.289E-01	7.884E-01	9.062E-01	24.300	41	41	35
Q0QMM1_Q75_lddt	Q5W314_Q75_lddt	9.275E-01	9.064E-01	6.980E-01	16.000	41	56	54
Q0QMM1_Q75_lddt	Q8VVE6_Q75_lddt	9.264E-01	9.054E-01	6.974E-01	21.400	41	56	54
Q2XQ06_Q75_lddt	Q2XQ06_Q75_lddt	1.026E+00	1.000E+00	1.000E+00	100.000	39	39	39
Q2XQ06_Q75_lddt	A0A193CHQ8_Q75_lddt	1.026E+00	9.999E-01	9.999E-01	100.000	39	39	39
Q2XQ06_Q75_lddt	B2RGD3_Q75_lddt	1.024E+00	9.979E-01	9.494E-01	94.800	39	39	41
Q2XQ06_Q75_lddt	Q0QMM1_Q75_lddt	1.024E+00	9.978E-01	9.493E-01	92.300	39	39	41
Q2XQ06_Q75_lddt	F8T8W2_Q75_lddt	1.024E+00	9.978E-01	9.493E-01	92.300	39	39	41
Q2XQ06_Q75_lddt	B2ZPD3_Q75_lddt	1.023E+00	9.973E-01	9.488E-01	84.600	39	39	41
Q2XQ06_Q75_lddt	B7VEQ0_Q75_lddt	1.023E+00	9.971E-01	9.487E-01	84.600	39	39	41
Q2XQ06_Q75_lddt	D1LUJ3_Q75_lddt	1.023E+00	9.968E-01	9.484E-01	64.100	39	39	41
Q2XQ06_Q75_lddt	Q5QQ10_Q75_lddt	1.023E+00	9.967E-01	9.483E-01	82.000	39	39	41
Q2XQ06_Q75_lddt	Q934B2_Q75_lddt	1.023E+00	9.966E-01	9.482E-01	79.400	39	39	41
Q2XQ06_Q75_lddt	Q689B1_Q75_lddt	1.022E+00	9.961E-01	9.478E-01	69.200	39	39	41
Q2XQ06_Q75_lddt	A0A4P6VV23_Q75_lddt	1.022E+00	9.960E-01	9.477E-01	82.000	39	39	41
Q2XQ06_Q75_lddt	V5RSE8_Q75_lddt	1.022E+00	9.960E-01	9.477E-01	82.000	39	39	41
Q2XQ06_Q75_lddt	D0QXI5_Q75_lddt	1.021E+00	9.954E-01	9.471E-01	79.400	39	39	41
Q2XQ06_Q75_lddt	Q7X0I6_Q75_lddt	1.021E+00	9.954E-01	9.471E-01	79.400	39	39	41
Q2XQ06_Q75_lddt	Q5H760_Q75_lddt	1.021E+00	9.949E-01	9.467E-01	79.400	39	39	41
Q2XQ06_Q75_lddt	B0FND5_Q75_lddt	1.021E+00	9.948E-01	9.466E-01	69.200	39	39	41
Q2XQ06_Q75_lddt	P95524_Q75_lddt	1.019E+00	9.933E-01	9.453E-01	79.400	39	39	41
Q2XQ06_Q75_lddt	Q7BPB0_Q75_lddt	1.003E+00	9.535E-01	9.304E-01	48.700	39	39	40
Q2XQ06_Q75_lddt	B0BKZ8_Q75_lddt	1.002E+00	9.526E-01	9.295E-01	46.100	39	39	40
Q2XQ06_Q75_lddt	P0C0P1_Q75_lddt	1.002E+00	9.525E-01	9.294E-01	30.700	39	39	40
Q2XQ06_Q75_lddt	U5NMJ1_Q75_lddt	9.992E-01	9.500E-01	9.270E-01	46.100	39	39	40
Q2XQ06_Q75_lddt	Q79CE5_Q75_lddt	9.990E-01	9.497E-01	9.268E-01	35.800	39	39	40
Q2XQ06_Q75_lddt	A0A6M3GZS6_Q75_lddt	9.989E-01	9.496E-01	9.267E-01	46.100	39	39	40
Q2XQ06_Q75_lddt	P12833_Q75_lddt	9.973E-01	9.483E-01	9.254E-01	35.800	39	39	40
Q2XQ06_Q75_lddt	D5H463_Q75_lddt	9.971E-01	9.480E-01	9.252E-01	33.300	39	39	40
Q2XQ06_Q75_lddt	Q59408_Q75_lddt	9.961E-01	9.471E-01	9.244E-01	43.500	39	39	40
Q2XQ06_Q75_lddt	Q4H3Y3_Q75_lddt	9.951E-01	9.462E-01	9.235E-01	33.300	39	39	40
Q2XQ06_Q75_lddt	A0A7G8Z9Q0_Q75_lddt	9.948E-01	9.460E-01	9.233E-01	33.300	39	39	40
Q2XQ06_Q75_lddt	Q59397_Q75_lddt	9.983E-01	9.246E-01	9.246E-01	41.000	39	39	39
Q2XQ06_Q75_lddt	Q6A328_Q75_lddt	9.861E-01	9.383E-01	9.161E-01	30.700	39	39	40
Q2XQ06_Q75_lddt	K4EK33_Q75_lddt	9.831E-01	9.357E-01	9.136E-01	30.700	39	39	40
Q2XQ06_Q75_lddt	A0A218N469_Q75_lddt	9.892E-01	9.169E-01	9.169E-01	35.800	39	39	39
Q2XQ06_Q75_lddt	Q8VVN6_Q75_lddt	9.752E-01	9.280E-01	9.060E-01	43.500	39	39	40
Q2XQ06_Q75_lddt	A0A0M2AT09_Q75_lddt	9.712E-01	9.251E-01	9.036E-01	33.300	39	39	40
Q2XQ06_Q75_lddt	Q9ZIF9_Q75_lddt	9.668E-01	9.213E-01	9.000E-01	28.200	39	39	40
Q2XQ06_Q75_lddt	A0A7Z8DX35_Q75_lddt	9.733E-01	9.038E-01	9.038E-01	38.400	39	39	39
Q2XQ06_Q75_lddt	E6BTZ6_Q75_lddt	1.008E+00	9.577E-01	7.814E-01	33.300	39	39	48
Q2XQ06_Q75_lddt	Q79PC3_Q75_lddt	9.454E-01	9.235E-01	8.824E-01	25.600	39	39	41
Q2XQ06_Q75_lddt	A0A7I8NPH7_Q75_lddt	9.504E-01	9.065E-01	8.860E-01	33.300	39	39	40
Q2XQ06_Q75_lddt	K4EJH1_Q75_lddt	9.632E-01	8.955E-01	8.955E-01	30.700	39	39	39
Q2XQ06_Q75_lddt	A4IUE2_Q75_lddt	9.758E-01	9.293E-01	7.637E-01	33.300	39	39	48
Q2XQ06_Q75_lddt	Q8GCW7_Q75_lddt	9.272E-01	7.813E-01	8.593E-01	25.600	39	39	35
Q2XQ06_Q75_lddt	Q8VVE6_Q75_lddt	9.135E-01	8.921E-01	6.579E-01	20.300	39	54	54
Q2XQ06_Q75_lddt	Q5W314_Q75_lddt	9.099E-01	8.888E-01	6.562E-01	16.600	39	54	54
Q4H3Y3_Q75_lddt	Q4H3Y3_Q75_lddt	1.026E+00	1.000E+00	1.000E+00	100.000	40	40	40
Q4H3Y3_Q75_lddt	D5H463_Q75_lddt	1.024E+00	9.988E-01	9.988E-01	95.000	40	40	40
Q4H3Y3_Q75_lddt	Q79CE5_Q75_lddt	1.023E+00	9.972E-01	9.972E-01	90.000	40	40	40
Q4H3Y3_Q75_lddt	P12833_Q75_lddt	1.008E+00	9.837E-01	9.837E-01	47.500	40	40	40
Q4H3Y3_Q75_lddt	A0A6M3GZS6_Q75_lddt	1.006E+00	9.819E-01	9.819E-01	47.500	40	40	40
Q4H3Y3_Q75_lddt	P0C0P1_Q75_lddt	1.005E+00	9.801E-01	9.801E-01	55.000	40	40	40
Q4H3Y3_Q75_lddt	K4EK33_Q75_lddt	1.002E+00	9.778E-01	9.778E-01	40.000	40	40	40
Q4H3Y3_Q75_lddt	Q59397_Q75_lddt	1.007E+00	9.577E-01	9.816E-01	40.000	40	40	39
Q4H3Y3_Q75_lddt	A0A7G8Z9Q0_Q75_lddt	9.979E-01	9.739E-01	9.739E-01	47.500	40	40	40
Q4H3Y3_Q75_lddt	Q0QMM1_Q75_lddt	1.003E+00	9.786E-01	9.555E-01	39.000	40	41	41
Q4H3Y3_Q75_lddt	Q6A328_Q75_lddt	9.964E-01	9.724E-01	9.724E-01	52.500	40	40	40
Q4H3Y3_Q75_lddt	P95524_Q75_lddt	1.003E+00	9.788E-01	9.556E-01	39.000	40	41	41
Q4H3Y3_Q75_lddt	B2RGD3_Q75_lddt	1.003E+00	9.785E-01	9.553E-01	36.500	40	41	41
Q4H3Y3_Q75_lddt	Q5QQ10_Q75_lddt	1.003E+00	9.783E-01	9.552E-01	36.500	40	41	41
Q4H3Y3_Q75_lddt	D0QXI5_Q75_lddt	1.003E+00	9.785E-01	9.553E-01	36.500	40	41	41
Q4H3Y3_Q75_lddt	B7VEQ0_Q75_lddt	1.003E+00	9.782E-01	9.551E-01	39.000	40	41	41
Q4H3Y3_Q75_lddt	B2ZPD3_Q75_lddt	1.003E+00	9.782E-01	9.551E-01	39.000	40	41	41
Q4H3Y3_Q75_lddt	F8T8W2_Q75_lddt	1.002E+00	9.779E-01	9.547E-01	36.500	40	41	41
Q4H3Y3_Q75_lddt	Q7X0I6_Q75_lddt	1.002E+00	9.778E-01	9.547E-01	34.100	40	41	41
Q4H3Y3_Q75_lddt	A0A4P6VV23_Q75_lddt	1.002E+00	9.778E-01	9.546E-01	36.500	40	41	41
Q4H3Y3_Q75_lddt	Q5H760_Q75_lddt	1.002E+00	9.776E-01	9.545E-01	36.500	40	41	41
Q4H3Y3_Q75_lddt	B0BKZ8_Q75_lddt	9.957E-01	9.718E-01	9.718E-01	32.500	40	40	40
Q4H3Y3_Q75_lddt	V5RSE8_Q75_lddt	1.001E+00	9.769E-01	9.538E-01	36.500	40	41	41
Q4H3Y3_Q75_lddt	Q689B1_Q75_lddt	1.001E+00	9.768E-01	9.538E-01	39.000	40	41	41
Q4H3Y3_Q75_lddt	Q7BPB0_Q75_lddt	9.948E-01	9.710E-01	9.710E-01	35.000	40	40	40
Q4H3Y3_Q75_lddt	U5NMJ1_Q75_lddt	9.946E-01	9.708E-01	9.708E-01	32.500	40	40	40
Q4H3Y3_Q75_lddt	D1LUJ3_Q75_lddt	9.999E-01	9.758E-01	9.528E-01	39.000	40	41	41
Q4H3Y3_Q75_lddt	B0FND5_Q75_lddt	9.989E-01	9.748E-01	9.519E-01	39.000	40	41	41
Q4H3Y3_Q75_lddt	Q934B2_Q75_lddt	9.984E-01	9.744E-01	9.514E-01	34.100	40	41	41
Q4H3Y3_Q75_lddt	Q8VVN6_Q75_lddt	9.776E-01	9.539E-01	9.539E-01	36.500	40	41	40
Q4H3Y3_Q75_lddt	Q59408_Q75_lddt	9.864E-01	9.630E-01	9.630E-01	30.000	40	40	40
Q4H3Y3_Q75_lddt	A0A218N469_Q75_lddt	9.897E-01	9.426E-01	9.656E-01	42.500	40	40	39
Q4H3Y3_Q75_lddt	A0A7I8NPH7_Q75_lddt	9.818E-01	9.587E-01	9.587E-01	32.500	40	40	40
Q4H3Y3_Q75_lddt	A0A0M2AT09_Q75_lddt	9.774E-01	9.546E-01	9.546E-01	40.000	40	40	40
Q4H3Y3_Q75_lddt	Q2XQ06_Q75_lddt	9.951E-01	9.235E-01	9.462E-01	33.300	40	39	39
Q4H3Y3_Q75_lddt	A0A193CHQ8_Q75_lddt	9.945E-01	9.231E-01	9.458E-01	33.300	40	39	39
Q4H3Y3_Q75_lddt	A0A7Z8DX35_Q75_lddt	9.800E-01	9.340E-01	9.565E-01	35.000	40	40	39
Q4H3Y3_Q75_lddt	E6BTZ6_Q75_lddt	1.014E+00	9.889E-01	8.261E-01	60.000	40	40	48
Q4H3Y3_Q75_lddt	Q9ZIF9_Q75_lddt	9.681E-01	9.458E-01	9.458E-01	47.500	40	40	40
Q4H3Y3_Q75_lddt	K4EJH1_Q75_lddt	9.643E-01	9.201E-01	9.418E-01	40.000	40	40	39
Q4H3Y3_Q75_lddt	A4IUE2_Q75_lddt	9.970E-01	9.731E-01	8.157E-01	47.500	40	40	48
Q4H3Y3_Q75_lddt	Q79PC3_Q75_lddt	9.567E-01	9.350E-01	9.142E-01	24.300	40	41	41
Q4H3Y3_Q75_lddt	Q8GCW7_Q75_lddt	9.296E-01	8.065E-01	9.068E-01	25.000	40	40	35
Q4H3Y3_Q75_lddt	Q8VVE6_Q75_lddt	9.558E-01	9.334E-01	7.012E-01	23.600	40	55	54
Q4H3Y3_Q75_lddt	Q5W314_Q75_lddt	9.527E-01	9.304E-01	6.996E-01	18.100	40	55	54
Q59397_Q75_lddt	Q59397_Q75_lddt	1.026E+00	1.000E+00	1.000E+00	100.000	39	39	39
Q59397_Q75_lddt	Q79CE5_Q75_lddt	1.010E+00	9.846E-01	9.605E-01	45.000	39	40	40
Q59397_Q75_lddt	D5H463_Q75_lddt	1.009E+00	9.835E-01	9.594E-01	40.000	39	40	40
Q59397_Q75_lddt	A0A6M3GZS6_Q75_lddt	1.007E+00	9.821E-01	9.581E-01	42.500	39	40	40
Q59397_Q75_lddt	Q4H3Y3_Q75_lddt	1.007E+00	9.816E-01	9.577E-01	40.000	39	40	40
Q59397_Q75_lddt	A0A7G8Z9Q0_Q75_lddt	1.001E+00	9.766E-01	9.530E-01	37.500	39	40	40
Q59397_Q75_lddt	K4EK33_Q75_lddt	9.999E-01	9.753E-01	9.517E-01	65.000	39	40	40
Q59397_Q75_lddt	Q8VVN6_Q75_lddt	9.997E-01	9.751E-01	9.516E-01	52.500	39	40	40
Q59397_Q75_lddt	P0C0P1_Q75_lddt	9.994E-01	9.747E-01	9.512E-01	47.500	39	40	40
Q59397_Q75_lddt	P12833_Q75_lddt	9.985E-01	9.739E-01	9.504E-01	55.000	39	40	40
Q59397_Q75_lddt	Q5QQ10_Q75_lddt	1.005E+00	9.797E-01	9.332E-01	39.000	39	41	41
Q59397_Q75_lddt	D0QXI5_Q75_lddt	1.004E+00	9.789E-01	9.325E-01	41.400	39	41	41
Q59397_Q75_lddt	Q5H760_Q75_lddt	1.004E+00	9.786E-01	9.323E-01	41.400	39	41	41
Q59397_Q75_lddt	B2ZPD3_Q75_lddt	1.004E+00	9.787E-01	9.323E-01	39.000	39	41	41
Q59397_Q75_lddt	B2RGD3_Q75_lddt	1.003E+00	9.785E-01	9.321E-01	39.000	39	41	41
Q59397_Q75_lddt	V5RSE8_Q75_lddt	1.003E+00	9.784E-01	9.321E-01	39.000	39	41	41
Q59397_Q75_lddt	Q7X0I6_Q75_lddt	1.003E+00	9.779E-01	9.316E-01	41.400	39	41	41
Q59397_Q75_lddt	Q934B2_Q75_lddt	1.003E+00	9.777E-01	9.315E-01	39.000	39	41	41
Q59397_Q75_lddt	B7VEQ0_Q75_lddt	1.002E+00	9.776E-01	9.314E-01	39.000	39	41	41
Q59397_Q75_lddt	A0A4P6VV23_Q75_lddt	1.003E+00	9.777E-01	9.314E-01	39.000	39	41	41
Q59397_Q75_lddt	Q0QMM1_Q75_lddt	1.002E+00	9.776E-01	9.314E-01	39.000	39	41	41
Q59397_Q75_lddt	Q689B1_Q75_lddt	1.002E+00	9.774E-01	9.312E-01	41.400	39	41	41
Q59397_Q75_lddt	D1LUJ3_Q75_lddt	1.002E+00	9.774E-01	9.312E-01	41.400	39	41	41
Q59397_Q75_lddt	F8T8W2_Q75_lddt	1.002E+00	9.770E-01	9.309E-01	41.400	39	41	41
Q59397_Q75_lddt	B0FND5_Q75_lddt	1.001E+00	9.762E-01	9.301E-01	41.400	39	41	41
Q59397_Q75_lddt	P95524_Q75_lddt	9.987E-01	9.741E-01	9.282E-01	41.400	39	41	41
Q59397_Q75_lddt	K4EJH1_Q75_lddt	9.873E-01	9.633E-01	9.633E-01	38.400	39	39	39
Q59397_Q75_lddt	Q6A328_Q75_lddt	9.906E-01	9.664E-01	9.434E-01	42.500	39	40	40
Q59397_Q75_lddt	Q7BPB0_Q75_lddt	9.907E-01	9.666E-01	9.436E-01	32.500	39	40	40
Q59397_Q75_lddt	B0BKZ8_Q75_lddt	9.904E-01	9.663E-01	9.433E-01	32.500	39	40	40
Q59397_Q75_lddt	A0A218N469_Q75_lddt	9.835E-01	9.597E-01	9.597E-01	46.100	39	39	39
Q59397_Q75_lddt	U5NMJ1_Q75_lddt	9.887E-01	9.647E-01	9.417E-01	32.500	39	40	40
Q59397_Q75_lddt	A0A0M2AT09_Q75_lddt	9.887E-01	9.647E-01	9.417E-01	35.000	39	40	40
Q59397_Q75_lddt	Q59408_Q75_lddt	9.835E-01	9.598E-01	9.371E-01	30.000	39	40	40
Q59397_Q75_lddt	A0A7Z8DX35_Q75_lddt	9.772E-01	9.538E-01	9.538E-01	48.700	39	39	39
Q59397_Q75_lddt	Q2XQ06_Q75_lddt	9.983E-01	9.246E-01	9.246E-01	41.000	39	39	39
Q59397_Q75_lddt	A0A193CHQ8_Q75_lddt	9.974E-01	9.238E-01	9.238E-01	41.000	39	39	39
Q59397_Q75_lddt	A0A7I8NPH7_Q75_lddt	9.733E-01	9.502E-01	9.280E-01	57.500	39	40	40
Q59397_Q75_lddt	Q79PC3_Q75_lddt	9.785E-01	9.551E-01	9.113E-01	29.200	39	41	41
Q59397_Q75_lddt	E6BTZ6_Q75_lddt	1.011E+00	9.857E-01	8.037E-01	47.500	39	40	48
Q59397_Q75_lddt	Q9ZIF9_Q75_lddt	9.615E-01	9.390E-01	9.175E-01	37.500	39	40	40
Q59397_Q75_lddt	A4IUE2_Q75_lddt	9.834E-01	9.597E-01	7.875E-01	50.000	39	40	48
Q59397_Q75_lddt	Q8GCW7_Q75_lddt	9.322E-01	8.232E-01	9.084E-01	30.000	39	40	35
Q59397_Q75_lddt	Q8VVE6_Q75_lddt	9.590E-01	9.359E-01	6.854E-01	25.400	39	55	54
Q59397_Q75_lddt	Q5W314_Q75_lddt	9.433E-01	9.211E-01	6.780E-01	25.400	39	55	54
Q59408_Q75_lddt	Q59408_Q75_lddt	1.026E+00	1.000E+00	1.000E+00	100.000	40	40	40
Q59408_Q75_lddt	B0BKZ8_Q75_lddt	1.015E+00	9.899E-01	9.899E-01	97.500	40	40	40
Q59408_Q75_lddt	U5NMJ1_Q75_lddt	1.014E+00	9.891E-01	9.891E-01	97.500	40	40	40
Q59408_Q75_lddt	Q7BPB0_Q75_lddt	1.012E+00	9.872E-01	9.872E-01	92.500	40	40	40
Q59408_Q75_lddt	A0A6M3GZS6_Q75_lddt	1.003E+00	9.790E-01	9.790E-01	70.000	40	40	40
Q59408_Q75_lddt	A0A7G8Z9Q0_Q75_lddt	1.001E+00	9.766E-01	9.766E-01	32.500	40	40	40
Q59408_Q75_lddt	B2RGD3_Q75_lddt	1.001E+00	9.765E-01	9.534E-01	41.400	40	41	41
Q59408_Q75_lddt	B0FND5_Q75_lddt	1.000E+00	9.763E-01	9.532E-01	43.900	40	41	41
Q59408_Q75_lddt	F8T8W2_Q75_lddt	9.990E-01	9.749E-01	9.519E-01	43.900	40	41	41
Q59408_Q75_lddt	Q6A328_Q75_lddt	9.930E-01	9.693E-01	9.693E-01	30.000	40	40	40
Q59408_Q75_lddt	P12833_Q75_lddt	9.925E-01	9.688E-01	9.688E-01	35.000	40	40	40
Q59408_Q75_lddt	Q689B1_Q75_lddt	9.983E-01	9.742E-01	9.513E-01	41.400	40	41	41
Q59408_Q75_lddt	Q0QMM1_Q75_lddt	9.980E-01	9.740E-01	9.511E-01	41.400	40	41	41
Q59408_Q75_lddt	D0QXI5_Q75_lddt	9.980E-01	9.740E-01	9.511E-01	41.400	40	41	41
Q59408_Q75_lddt	D1LUJ3_Q75_lddt	9.976E-01	9.736E-01	9.507E-01	41.400	40	41	41
Q59408_Q75_lddt	Q5H760_Q75_lddt	9.971E-01	9.731E-01	9.502E-01	41.400	40	41	41
Q59408_Q75_lddt	B7VEQ0_Q75_lddt	9.961E-01	9.722E-01	9.494E-01	39.000	40	41	41
Q59408_Q75_lddt	A0A0M2AT09_Q75_lddt	9.895E-01	9.659E-01	9.659E-01	27.500	40	40	40
Q59408_Q75_lddt	B2ZPD3_Q75_lddt	9.953E-01	9.714E-01	9.486E-01	39.000	40	41	41
Q59408_Q75_lddt	P0C0P1_Q75_lddt	9.890E-01	9.655E-01	9.655E-01	32.500	40	40	40
Q59408_Q75_lddt	P95524_Q75_lddt	9.951E-01	9.713E-01	9.485E-01	43.900	40	41	41
Q59408_Q75_lddt	D5H463_Q75_lddt	9.879E-01	9.644E-01	9.644E-01	25.000	40	40	40
Q59408_Q75_lddt	Q79CE5_Q75_lddt	9.872E-01	9.638E-01	9.638E-01	25.000	40	40	40
Q59408_Q75_lddt	Q5QQ10_Q75_lddt	9.932E-01	9.695E-01	9.468E-01	39.000	40	41	41
Q59408_Q75_lddt	Q4H3Y3_Q75_lddt	9.864E-01	9.630E-01	9.630E-01	30.000	40	40	40
Q59408_Q75_lddt	K4EK33_Q75_lddt	9.849E-01	9.617E-01	9.617E-01	30.000	40	40	40
Q59408_Q75_lddt	Q934B2_Q75_lddt	9.891E-01	9.656E-01	9.431E-01	36.500	40	41	41
Q59408_Q75_lddt	A0A4P6VV23_Q75_lddt	9.884E-01	9.649E-01	9.425E-01	39.000	40	41	41
Q59408_Q75_lddt	Q7X0I6_Q75_lddt	9.877E-01	9.643E-01	9.419E-01	36.500	40	41	41
Q59408_Q75_lddt	V5RSE8_Q75_lddt	9.873E-01	9.639E-01	9.416E-01	39.000	40	41	41
Q59408_Q75_lddt	A0A218N469_Q75_lddt	9.838E-01	9.372E-01	9.600E-01	42.500	40	40	39
Q59408_Q75_lddt	Q59397_Q75_lddt	9.835E-01	9.371E-01	9.598E-01	30.000	40	40	39
Q59408_Q75_lddt	Q2XQ06_Q75_lddt	9.961E-01	9.244E-01	9.471E-01	43.500	40	39	39
Q59408_Q75_lddt	A0A193CHQ8_Q75_lddt	9.955E-01	9.239E-01	9.467E-01	43.500	40	39	39
Q59408_Q75_lddt	Q9ZIF9_Q75_lddt	9.701E-01	9.477E-01	9.477E-01	37.500	40	40	40
Q59408_Q75_lddt	A0A7Z8DX35_Q75_lddt	9.744E-01	9.289E-01	9.511E-01	40.000	40	40	39
Q59408_Q75_lddt	A0A7I8NPH7_Q75_lddt	9.653E-01	9.431E-01	9.431E-01	32.500	40	40	40
Q59408_Q75_lddt	Q8VVN6_Q75_lddt	9.470E-01	9.251E-01	9.251E-01	41.400	40	41	40
Q59408_Q75_lddt	E6BTZ6_Q75_lddt	9.985E-01	9.745E-01	8.166E-01	35.000	40	40	48
Q59408_Q75_lddt	Q79PC3_Q75_lddt	9.571E-01	9.353E-01	9.144E-01	34.100	40	41	41
Q59408_Q75_lddt	K4EJH1_Q75_lddt	9.378E-01	8.963E-01	9.166E-01	30.000	40	40	39
Q59408_Q75_lddt	A4IUE2_Q75_lddt	9.689E-01	9.465E-01	7.977E-01	35.000	40	40	48
Q59408_Q75_lddt	Q8VVE6_Q75_lddt	9.619E-01	9.391E-01	7.040E-01	20.000	40	55	54
Q59408_Q75_lddt	Q8GCW7_Q75_lddt	9.205E-01	7.993E-01	8.981E-01	27.500	40	40	35
Q59408_Q75_lddt	Q5W314_Q75_lddt	9.440E-01	9.222E-01	6.951E-01	18.100	40	55	54
Q5H760_Q75_lddt	Q5H760_Q75_lddt	1.025E+00	1.000E+00	1.000E+00	100.000	41	41	41
Q5H760_Q75_lddt	D0QXI5_Q75_lddt	1.025E+00	9.995E-01	9.995E-01	100.000	41	41	41
Q5H760_Q75_lddt	Q689B1_Q75_lddt	1.022E+00	9.976E-01	9.976E-01	78.000	41	41	41
Q5H760_Q75_lddt	P95524_Q75_lddt	1.022E+00	9.969E-01	9.969E-01	97.500	41	41	41
Q5H760_Q75_lddt	B7VEQ0_Q75_lddt	1.022E+00	9.969E-01	9.969E-01	82.900	41	41	41
Q5H760_Q75_lddt	D1LUJ3_Q75_lddt	1.022E+00	9.968E-01	9.968E-01	73.100	41	41	41
Q5H760_Q75_lddt	B0FND5_Q75_lddt	1.021E+00	9.964E-01	9.964E-01	75.600	41	41	41
Q5H760_Q75_lddt	B2ZPD3_Q75_lddt	1.021E+00	9.963E-01	9.963E-01	82.900	41	41	41
Q5H760_Q75_lddt	B2RGD3_Q75_lddt	1.021E+00	9.960E-01	9.960E-01	80.400	41	41	41
Q5H760_Q75_lddt	F8T8W2_Q75_lddt	1.021E+00	9.960E-01	9.960E-01	82.900	41	41	41
Q5H760_Q75_lddt	Q0QMM1_Q75_lddt	1.020E+00	9.957E-01	9.957E-01	80.400	41	41	41
Q5H760_Q75_lddt	Q934B2_Q75_lddt	1.020E+00	9.954E-01	9.954E-01	75.600	41	41	41
Q5H760_Q75_lddt	Q5QQ10_Q75_lddt	1.020E+00	9.954E-01	9.954E-01	80.400	41	41	41
Q5H760_Q75_lddt	Q7X0I6_Q75_lddt	1.019E+00	9.945E-01	9.945E-01	78.000	41	41	41
Q5H760_Q75_lddt	V5RSE8_Q75_lddt	1.019E+00	9.943E-01	9.943E-01	80.400	41	41	41
Q5H760_Q75_lddt	A0A4P6VV23_Q75_lddt	1.019E+00	9.943E-01	9.943E-01	80.400	41	41	41
Q5H760_Q75_lddt	Q2XQ06_Q75_lddt	1.021E+00	9.467E-01	9.949E-01	79.400	41	39	39
Q5H760_Q75_lddt	A0A193CHQ8_Q75_lddt	1.021E+00	9.465E-01	9.947E-01	79.400	41	39	39
Q5H760_Q75_lddt	P0C0P1_Q75_lddt	1.007E+00	9.594E-01	9.828E-01	36.500	41	41	40
Q5H760_Q75_lddt	Q7BPB0_Q75_lddt	1.006E+00	9.583E-01	9.816E-01	46.300	41	41	40
Q5H760_Q75_lddt	A0A6M3GZS6_Q75_lddt	1.005E+00	9.571E-01	9.803E-01	53.600	41	41	40
Q5H760_Q75_lddt	P12833_Q75_lddt	1.004E+00	9.562E-01	9.794E-01	36.500	41	41	40
Q5H760_Q75_lddt	B0BKZ8_Q75_lddt	1.004E+00	9.563E-01	9.795E-01	43.900	41	41	40
Q5H760_Q75_lddt	D5H463_Q75_lddt	1.003E+00	9.559E-01	9.791E-01	36.500	41	41	40
Q5H760_Q75_lddt	Q79CE5_Q75_lddt	1.003E+00	9.557E-01	9.788E-01	36.500	41	41	40
Q5H760_Q75_lddt	U5NMJ1_Q75_lddt	1.002E+00	9.550E-01	9.781E-01	43.900	41	41	40
Q5H760_Q75_lddt	Q4H3Y3_Q75_lddt	1.002E+00	9.545E-01	9.776E-01	36.500	41	41	40
Q5H760_Q75_lddt	A0A7G8Z9Q0_Q75_lddt	9.997E-01	9.526E-01	9.756E-01	41.400	41	41	40
Q5H760_Q75_lddt	Q59408_Q75_lddt	9.971E-01	9.502E-01	9.731E-01	41.400	41	41	40
Q5H760_Q75_lddt	K4EK33_Q75_lddt	9.972E-01	9.504E-01	9.732E-01	39.000	41	41	40
Q5H760_Q75_lddt	Q59397_Q75_lddt	1.004E+00	9.323E-01	9.786E-01	41.400	41	41	39
Q5H760_Q75_lddt	Q6A328_Q75_lddt	9.937E-01	9.472E-01	9.699E-01	31.700	41	41	40
Q5H760_Q75_lddt	A0A218N469_Q75_lddt	9.945E-01	9.246E-01	9.701E-01	43.900	41	41	39
Q5H760_Q75_lddt	Q8VVN6_Q75_lddt	9.756E-01	9.305E-01	9.526E-01	39.000	41	41	40
Q5H760_Q75_lddt	A0A0M2AT09_Q75_lddt	9.762E-01	9.316E-01	9.534E-01	31.700	41	41	40
Q5H760_Q75_lddt	Q9ZIF9_Q75_lddt	9.756E-01	9.312E-01	9.529E-01	31.700	41	41	40
Q5H760_Q75_lddt	A0A7Z8DX35_Q75_lddt	9.800E-01	9.125E-01	9.565E-01	43.900	41	41	39
Q5H760_Q75_lddt	A0A7I8NPH7_Q75_lddt	9.601E-01	9.170E-01	9.381E-01	31.700	41	41	40
Q5H760_Q75_lddt	Q79PC3_Q75_lddt	9.538E-01	9.324E-01	9.324E-01	26.800	41	41	41
Q5H760_Q75_lddt	K4EJH1_Q75_lddt	9.730E-01	9.067E-01	9.499E-01	34.100	41	41	39
Q5H760_Q75_lddt	E6BTZ6_Q75_lddt	1.012E+00	9.634E-01	8.249E-01	39.000	41	41	48
Q5H760_Q75_lddt	A4IUE2_Q75_lddt	9.842E-01	9.388E-01	8.077E-01	36.500	41	41	48
Q5H760_Q75_lddt	Q8GCW7_Q75_lddt	9.348E-01	7.924E-01	9.118E-01	24.300	41	41	35
Q5H760_Q75_lddt	Q8VVE6_Q75_lddt	9.285E-01	9.073E-01	6.984E-01	17.800	41	56	54
Q5H760_Q75_lddt	Q5W314_Q75_lddt	9.278E-01	9.066E-01	6.981E-01	17.800	41	56	54
Q5QQ10_Q75_lddt	Q5QQ10_Q75_lddt	1.025E+00	1.000E+00	1.000E+00	100.000	41	41	41
Q5QQ10_Q75_lddt	V5RSE8_Q75_lddt	1.024E+00	9.992E-01	9.992E-01	100.000	41	41	41
Q5QQ10_Q75_lddt	Q7X0I6_Q75_lddt	1.024E+00	9.991E-01	9.991E-01	97.500	41	41	41
Q5QQ10_Q75_lddt	A0A4P6VV23_Q75_lddt	1.023E+00	9.985E-01	9.985E-01	100.000	41	41	41
Q5QQ10_Q75_lddt	B2ZPD3_Q75_lddt	1.023E+00	9.978E-01	9.978E-01	90.200	41	41	41
Q5QQ10_Q75_lddt	B7VEQ0_Q75_lddt	1.022E+00	9.976E-01	9.976E-01	90.200	41	41	41
Q5QQ10_Q75_lddt	Q934B2_Q75_lddt	1.022E+00	9.974E-01	9.974E-01	90.200	41	41	41
Q5QQ10_Q75_lddt	Q0QMM1_Q75_lddt	1.022E+00	9.973E-01	9.973E-01	87.800	41	41	41
Q5QQ10_Q75_lddt	D1LUJ3_Q75_lddt	1.022E+00	9.972E-01	9.972E-01	65.800	41	41	41
Q5QQ10_Q75_lddt	F8T8W2_Q75_lddt	1.022E+00	9.970E-01	9.970E-01	85.300	41	41	41
Q5QQ10_Q75_lddt	B2RGD3_Q75_lddt	1.022E+00	9.968E-01	9.968E-01	85.300	41	41	41
Q5QQ10_Q75_lddt	Q689B1_Q75_lddt	1.021E+00	9.966E-01	9.966E-01	70.700	41	41	41
Q5QQ10_Q75_lddt	Q5H760_Q75_lddt	1.020E+00	9.954E-01	9.954E-01	80.400	41	41	41
Q5QQ10_Q75_lddt	D0QXI5_Q75_lddt	1.020E+00	9.953E-01	9.953E-01	80.400	41	41	41
Q5QQ10_Q75_lddt	B0FND5_Q75_lddt	1.019E+00	9.947E-01	9.947E-01	73.100	41	41	41
Q5QQ10_Q75_lddt	P95524_Q75_lddt	1.019E+00	9.941E-01	9.941E-01	82.900	41	41	41
Q5QQ10_Q75_lddt	A0A193CHQ8_Q75_lddt	1.023E+00	9.483E-01	9.967E-01	82.000	41	39	39
Q5QQ10_Q75_lddt	Q2XQ06_Q75_lddt	1.023E+00	9.483E-01	9.967E-01	82.000	41	39	39
Q5QQ10_Q75_lddt	P0C0P1_Q75_lddt	1.005E+00	9.577E-01	9.810E-01	29.200	41	41	40
Q5QQ10_Q75_lddt	Q79CE5_Q75_lddt	1.005E+00	9.570E-01	9.803E-01	34.100	41	41	40
Q5QQ10_Q75_lddt	P12833_Q75_lddt	1.004E+00	9.565E-01	9.798E-01	39.000	41	41	40
Q5QQ10_Q75_lddt	D5H463_Q75_lddt	1.003E+00	9.555E-01	9.787E-01	36.500	41	41	40
Q5QQ10_Q75_lddt	Q4H3Y3_Q75_lddt	1.003E+00	9.552E-01	9.783E-01	36.500	41	41	40
Q5QQ10_Q75_lddt	A0A6M3GZS6_Q75_lddt	1.001E+00	9.533E-01	9.764E-01	48.700	41	41	40
Q5QQ10_Q75_lddt	Q7BPB0_Q75_lddt	9.979E-01	9.510E-01	9.739E-01	43.900	41	41	40
Q5QQ10_Q75_lddt	Q59397_Q75_lddt	1.005E+00	9.332E-01	9.797E-01	39.000	41	41	39
Q5QQ10_Q75_lddt	A0A7G8Z9Q0_Q75_lddt	9.969E-01	9.502E-01	9.730E-01	34.100	41	41	40
Q5QQ10_Q75_lddt	B0BKZ8_Q75_lddt	9.964E-01	9.497E-01	9.725E-01	41.400	41	41	40
Q5QQ10_Q75_lddt	U5NMJ1_Q75_lddt	9.938E-01	9.474E-01	9.700E-01	41.400	41	41	40
Q5QQ10_Q75_lddt	Q59408_Q75_lddt	9.932E-01	9.468E-01	9.695E-01	39.000	41	41	40
Q5QQ10_Q75_lddt	Q6A328_Q75_lddt	9.921E-01	9.458E-01	9.684E-01	29.200	41	41	40
Q5QQ10_Q75_lddt	K4EK33_Q75_lddt	9.896E-01	9.436E-01	9.661E-01	29.200	41	41	40
Q5QQ10_Q75_lddt	Q8VVN6_Q75_lddt	9.794E-01	9.339E-01	9.562E-01	43.900	41	41	40
Q5QQ10_Q75_lddt	A0A218N469_Q75_lddt	9.871E-01	9.184E-01	9.631E-01	36.500	41	41	39
Q5QQ10_Q75_lddt	K4EJH1_Q75_lddt	9.811E-01	9.135E-01	9.576E-01	36.500	41	41	39
Q5QQ10_Q75_lddt	A0A0M2AT09_Q75_lddt	9.729E-01	9.287E-01	9.503E-01	31.700	41	41	40
Q5QQ10_Q75_lddt	E6BTZ6_Q75_lddt	1.012E+00	9.632E-01	8.248E-01	36.500	41	41	48
Q5QQ10_Q75_lddt	A0A7Z8DX35_Q75_lddt	9.721E-01	9.059E-01	9.490E-01	36.500	41	41	39
Q5QQ10_Q75_lddt	Q9ZIF9_Q75_lddt	9.640E-01	9.208E-01	9.419E-01	31.700	41	41	40
Q5QQ10_Q75_lddt	A0A7I8NPH7_Q75_lddt	9.598E-01	9.167E-01	9.378E-01	34.100	41	41	40
Q5QQ10_Q75_lddt	Q79PC3_Q75_lddt	9.495E-01	9.284E-01	9.284E-01	36.500	41	41	41
Q5QQ10_Q75_lddt	A4IUE2_Q75_lddt	9.844E-01	9.390E-01	8.078E-01	36.500	41	41	48
Q5QQ10_Q75_lddt	Q8GCW7_Q75_lddt	9.351E-01	7.928E-01	9.121E-01	24.300	41	41	35
Q5QQ10_Q75_lddt	Q8VVE6_Q75_lddt	9.228E-01	9.020E-01	6.955E-01	21.400	41	56	54
Q5QQ10_Q75_lddt	Q5W314_Q75_lddt	9.199E-01	8.993E-01	6.940E-01	17.800	41	56	54
Q5W314_Q75_lddt	Q5W314_Q75_lddt	1.019E+00	1.000E+00	1.000E+00	100.000	54	54	54
Q5W314_Q75_lddt	Q8VVE6_Q75_lddt	9.743E-01	9.571E-01	9.571E-01	68.500	54	54	54
Q5W314_Q75_lddt	K4EK33_Q75_lddt	9.678E-01	7.068E-01	9.447E-01	30.900	54	55	40
Q5W314_Q75_lddt	P12833_Q75_lddt	9.622E-01	7.041E-01	9.394E-01	27.200	54	55	40
Q5W314_Q75_lddt	U5NMJ1_Q75_lddt	9.524E-01	6.992E-01	9.301E-01	20.000	54	55	40
Q5W314_Q75_lddt	B0BKZ8_Q75_lddt	9.520E-01	6.990E-01	9.298E-01	20.000	54	55	40
Q5W314_Q75_lddt	Q7BPB0_Q75_lddt	9.517E-01	6.989E-01	9.295E-01	20.000	54	55	40
Q5W314_Q75_lddt	Q4H3Y3_Q75_lddt	9.527E-01	6.996E-01	9.304E-01	18.100	54	55	40
Q5W314_Q75_lddt	A0A6M3GZS6_Q75_lddt	9.518E-01	6.990E-01	9.296E-01	23.600	54	55	40
Q5W314_Q75_lddt	D5H463_Q75_lddt	9.491E-01	6.979E-01	9.271E-01	18.100	54	55	40
Q5W314_Q75_lddt	P95524_Q75_lddt	9.313E-01	7.000E-01	9.100E-01	16.000	54	56	41
Q5W314_Q75_lddt	Q6A328_Q75_lddt	9.462E-01	6.963E-01	9.243E-01	20.000	54	55	40
Q5W314_Q75_lddt	Q9ZIF9_Q75_lddt	9.455E-01	6.959E-01	9.237E-01	16.300	54	55	40
Q5W314_Q75_lddt	A0A7I8NPH7_Q75_lddt	9.457E-01	6.960E-01	9.238E-01	23.600	54	55	40
Q5W314_Q75_lddt	P0C0P1_Q75_lddt	9.456E-01	6.959E-01	9.238E-01	21.800	54	55	40
Q5W314_Q75_lddt	B7VEQ0_Q75_lddt	9.297E-01	6.992E-01	9.085E-01	17.800	54	56	41
Q5W314_Q75_lddt	Q59408_Q75_lddt	9.440E-01	6.951E-01	9.222E-01	18.100	54	55	40
Q5W314_Q75_lddt	F8T8W2_Q75_lddt	9.291E-01	6.988E-01	9.079E-01	16.000	54	56	41
Q5W314_Q75_lddt	Q5H760_Q75_lddt	9.278E-01	6.981E-01	9.066E-01	17.800	54	56	41
Q5W314_Q75_lddt	B2ZPD3_Q75_lddt	9.277E-01	6.981E-01	9.066E-01	17.800	54	56	41
Q5W314_Q75_lddt	Q0QMM1_Q75_lddt	9.275E-01	6.980E-01	9.064E-01	16.000	54	56	41
Q5W314_Q75_lddt	B0FND5_Q75_lddt	9.271E-01	6.977E-01	9.060E-01	17.800	54	56	41
Q5W314_Q75_lddt	B2RGD3_Q75_lddt	9.269E-01	6.977E-01	9.058E-01	16.000	54	56	41
Q5W314_Q75_lddt	Q79CE5_Q75_lddt	9.415E-01	6.941E-01	9.199E-01	20.000	54	55	40
Q5W314_Q75_lddt	Q689B1_Q75_lddt	9.259E-01	6.971E-01	9.049E-01	17.800	54	56	41
Q5W314_Q75_lddt	D0QXI5_Q75_lddt	9.250E-01	6.967E-01	9.040E-01	17.800	54	56	41
Q5W314_Q75_lddt	D1LUJ3_Q75_lddt	9.225E-01	6.954E-01	9.017E-01	16.000	54	56	41
Q5W314_Q75_lddt	Q59397_Q75_lddt	9.433E-01	6.780E-01	9.211E-01	25.400	54	55	39
Q5W314_Q75_lddt	Q934B2_Q75_lddt	9.217E-01	6.950E-01	9.009E-01	17.800	54	56	41
Q5W314_Q75_lddt	Q5QQ10_Q75_lddt	9.199E-01	6.940E-01	8.993E-01	17.800	54	56	41
Q5W314_Q75_lddt	Q7X0I6_Q75_lddt	9.184E-01	6.933E-01	8.978E-01	17.800	54	56	41
Q5W314_Q75_lddt	A0A7G8Z9Q0_Q75_lddt	9.319E-01	6.891E-01	9.108E-01	18.100	54	55	40
Q5W314_Q75_lddt	A0A4P6VV23_Q75_lddt	9.176E-01	6.928E-01	8.970E-01	17.800	54	56	41
Q5W314_Q75_lddt	A0A0M2AT09_Q75_lddt	9.262E-01	6.859E-01	9.053E-01	18.100	54	55	40
Q5W314_Q75_lddt	V5RSE8_Q75_lddt	9.161E-01	6.921E-01	8.956E-01	17.800	54	56	41
Q5W314_Q75_lddt	A0A7Z8DX35_Q75_lddt	9.300E-01	6.715E-01	9.084E-01	23.600	54	55	39
Q5W314_Q75_lddt	A0A218N469_Q75_lddt	9.269E-01	6.701E-01	9.056E-01	23.600	54	55	39
Q5W314_Q75_lddt	Q8VVN6_Q75_lddt	9.118E-01	6.735E-01	8.911E-01	28.500	54	56	40
Q5W314_Q75_lddt	Q79PC3_Q75_lddt	8.992E-01	6.826E-01	8.795E-01	28.500	54	56	41
Q5W314_Q75_lddt	A4IUE2_Q75_lddt	9.680E-01	7.069E-01	7.927E-01	20.000	54	55	48
Q5W314_Q75_lddt	Q2XQ06_Q75_lddt	9.099E-01	6.562E-01	8.888E-01	16.600	54	54	39
Q5W314_Q75_lddt	A0A193CHQ8_Q75_lddt	9.098E-01	6.561E-01	8.886E-01	16.600	54	54	39
Q5W314_Q75_lddt	K4EJH1_Q75_lddt	9.140E-01	6.644E-01	8.935E-01	21.800	54	55	39
Q5W314_Q75_lddt	E6BTZ6_Q75_lddt	9.454E-01	6.960E-01	7.786E-01	21.800	54	55	48
Q5W314_Q75_lddt	Q8GCW7_Q75_lddt	8.696E-01	5.807E-01	8.491E-01	25.400	54	55	35
Q79PC3_Q75_lddt	Q79PC3_Q75_lddt	1.025E+00	1.000E+00	1.000E+00	100.000	41	41	41
Q79PC3_Q75_lddt	A0A0M2AT09_Q75_lddt	9.775E-01	9.329E-01	9.547E-01	26.800	41	41	40
Q79PC3_Q75_lddt	Q6A328_Q75_lddt	9.753E-01	9.308E-01	9.526E-01	41.400	41	41	40
Q79PC3_Q75_lddt	A0A6M3GZS6_Q75_lddt	9.732E-01	9.289E-01	9.506E-01	46.300	41	41	40
Q79PC3_Q75_lddt	Q8VVN6_Q75_lddt	9.723E-01	9.282E-01	9.498E-01	34.100	41	41	40
Q79PC3_Q75_lddt	Q9ZIF9_Q75_lddt	9.724E-01	9.283E-01	9.499E-01	29.200	41	41	40
Q79PC3_Q75_lddt	A0A7G8Z9Q0_Q75_lddt	9.717E-01	9.276E-01	9.492E-01	36.500	41	41	40
Q79PC3_Q75_lddt	A0A7Z8DX35_Q75_lddt	9.780E-01	9.108E-01	9.545E-01	29.200	41	41	39
Q79PC3_Q75_lddt	Q59397_Q75_lddt	9.785E-01	9.113E-01	9.551E-01	29.200	41	41	39
Q79PC3_Q75_lddt	K4EK33_Q75_lddt	9.692E-01	9.253E-01	9.468E-01	31.700	41	41	40
Q79PC3_Q75_lddt	U5NMJ1_Q75_lddt	9.674E-01	9.237E-01	9.451E-01	36.500	41	41	40
Q79PC3_Q75_lddt	B0BKZ8_Q75_lddt	9.675E-01	9.238E-01	9.452E-01	36.500	41	41	40
Q79PC3_Q75_lddt	Q7BPB0_Q75_lddt	9.674E-01	9.236E-01	9.450E-01	36.500	41	41	40
Q79PC3_Q75_lddt	B2RGD3_Q75_lddt	9.567E-01	9.351E-01	9.351E-01	29.200	41	41	41
Q79PC3_Q75_lddt	B2ZPD3_Q75_lddt	9.551E-01	9.336E-01	9.336E-01	29.200	41	41	41
Q79PC3_Q75_lddt	Q5H760_Q75_lddt	9.538E-01	9.324E-01	9.324E-01	26.800	41	41	41
Q79PC3_Q75_lddt	B7VEQ0_Q75_lddt	9.541E-01	9.327E-01	9.327E-01	29.200	41	41	41
Q79PC3_Q75_lddt	Q0QMM1_Q75_lddt	9.542E-01	9.328E-01	9.328E-01	29.200	41	41	41
Q79PC3_Q75_lddt	F8T8W2_Q75_lddt	9.543E-01	9.329E-01	9.329E-01	29.200	41	41	41
Q79PC3_Q75_lddt	B0FND5_Q75_lddt	9.530E-01	9.317E-01	9.317E-01	31.700	41	41	41
Q79PC3_Q75_lddt	D0QXI5_Q75_lddt	9.523E-01	9.310E-01	9.310E-01	26.800	41	41	41
Q79PC3_Q75_lddt	Q689B1_Q75_lddt	9.517E-01	9.304E-01	9.304E-01	29.200	41	41	41
Q79PC3_Q75_lddt	P0C0P1_Q75_lddt	9.624E-01	9.192E-01	9.403E-01	29.200	41	41	40
Q79PC3_Q75_lddt	D1LUJ3_Q75_lddt	9.508E-01	9.296E-01	9.296E-01	26.800	41	41	41
Q79PC3_Q75_lddt	A0A4P6VV23_Q75_lddt	9.494E-01	9.283E-01	9.283E-01	36.500	41	41	41
Q79PC3_Q75_lddt	D5H463_Q75_lddt	9.617E-01	9.187E-01	9.397E-01	24.300	41	41	40
Q79PC3_Q75_lddt	P95524_Q75_lddt	9.481E-01	9.270E-01	9.270E-01	29.200	41	41	41
Q79PC3_Q75_lddt	Q5QQ10_Q75_lddt	9.495E-01	9.284E-01	9.284E-01	36.500	41	41	41
Q79PC3_Q75_lddt	Q934B2_Q75_lddt	9.492E-01	9.281E-01	9.281E-01	29.200	41	41	41
Q79PC3_Q75_lddt	Q79CE5_Q75_lddt	9.604E-01	9.175E-01	9.385E-01	24.300	41	41	40
Q79PC3_Q75_lddt	V5RSE8_Q75_lddt	9.477E-01	9.266E-01	9.266E-01	36.500	41	41	41
Q79PC3_Q75_lddt	Q59408_Q75_lddt	9.571E-01	9.144E-01	9.353E-01	34.100	41	41	40
Q79PC3_Q75_lddt	Q7X0I6_Q75_lddt	9.461E-01	9.252E-01	9.252E-01	36.500	41	41	41
Q79PC3_Q75_lddt	Q4H3Y3_Q75_lddt	9.567E-01	9.142E-01	9.350E-01	24.300	41	41	40
Q79PC3_Q75_lddt	P12833_Q75_lddt	9.554E-01	9.130E-01	9.338E-01	36.500	41	41	40
Q79PC3_Q75_lddt	A0A218N469_Q75_lddt	9.617E-01	8.971E-01	9.392E-01	34.100	41	41	39
Q79PC3_Q75_lddt	A0A7I8NPH7_Q75_lddt	9.452E-01	9.038E-01	9.241E-01	29.200	41	41	40
Q79PC3_Q75_lddt	Q8GCW7_Q75_lddt	9.858E-01	8.261E-01	9.595E-01	43.900	41	41	35
Q79PC3_Q75_lddt	Q2XQ06_Q75_lddt	9.454E-01	8.824E-01	9.235E-01	25.600	41	39	39
Q79PC3_Q75_lddt	A0A193CHQ8_Q75_lddt	9.453E-01	8.824E-01	9.234E-01	25.600	41	39	39
Q79PC3_Q75_lddt	K4EJH1_Q75_lddt	9.401E-01	8.789E-01	9.189E-01	31.700	41	41	39
Q79PC3_Q75_lddt	E6BTZ6_Q75_lddt	9.734E-01	9.291E-01	8.006E-01	36.500	41	41	48
Q79PC3_Q75_lddt	A4IUE2_Q75_lddt	9.540E-01	9.118E-01	7.884E-01	34.100	41	41	48
Q79PC3_Q75_lddt	Q8VVE6_Q75_lddt	9.054E-01	8.855E-01	6.861E-01	25.000	41	56	54
Q79PC3_Q75_lddt	Q5W314_Q75_lddt	8.992E-01	8.795E-01	6.826E-01	28.500	41	56	54
Q7BPB0_Q75_lddt	Q7BPB0_Q75_lddt	1.026E+00	1.000E+00	1.000E+00	100.000	40	40	40
Q7BPB0_Q75_lddt	B0BKZ8_Q75_lddt	1.023E+00	9.979E-01	9.979E-01	95.000	40	40	40
Q7BPB0_Q75_lddt	U5NMJ1_Q75_lddt	1.023E+00	9.972E-01	9.972E-01	95.000	40	40	40
Q7BPB0_Q75_lddt	Q59408_Q75_lddt	1.012E+00	9.872E-01	9.872E-01	92.500	40	40	40
Q7BPB0_Q75_lddt	A0A6M3GZS6_Q75_lddt	1.011E+00	9.859E-01	9.859E-01	75.000	40	40	40
Q7BPB0_Q75_lddt	B0FND5_Q75_lddt	1.007E+00	9.828E-01	9.594E-01	48.700	40	41	41
Q7BPB0_Q75_lddt	B2RGD3_Q75_lddt	1.007E+00	9.824E-01	9.591E-01	46.300	40	41	41
Q7BPB0_Q75_lddt	D0QXI5_Q75_lddt	1.006E+00	9.820E-01	9.586E-01	46.300	40	41	41
Q7BPB0_Q75_lddt	Q5H760_Q75_lddt	1.006E+00	9.816E-01	9.583E-01	46.300	40	41	41
Q7BPB0_Q75_lddt	P12833_Q75_lddt	1.000E+00	9.760E-01	9.760E-01	35.000	40	40	40
Q7BPB0_Q75_lddt	F8T8W2_Q75_lddt	1.006E+00	9.811E-01	9.578E-01	48.700	40	41	41
Q7BPB0_Q75_lddt	B7VEQ0_Q75_lddt	1.005E+00	9.810E-01	9.577E-01	43.900	40	41	41
Q7BPB0_Q75_lddt	Q689B1_Q75_lddt	1.005E+00	9.805E-01	9.572E-01	46.300	40	41	41
Q7BPB0_Q75_lddt	Q0QMM1_Q75_lddt	1.004E+00	9.798E-01	9.566E-01	46.300	40	41	41
Q7BPB0_Q75_lddt	B2ZPD3_Q75_lddt	1.004E+00	9.797E-01	9.565E-01	43.900	40	41	41
Q7BPB0_Q75_lddt	P0C0P1_Q75_lddt	9.979E-01	9.739E-01	9.739E-01	35.000	40	40	40
Q7BPB0_Q75_lddt	A0A7G8Z9Q0_Q75_lddt	9.978E-01	9.738E-01	9.738E-01	37.500	40	40	40
Q7BPB0_Q75_lddt	P95524_Q75_lddt	1.004E+00	9.793E-01	9.561E-01	48.700	40	41	41
Q7BPB0_Q75_lddt	D1LUJ3_Q75_lddt	1.004E+00	9.793E-01	9.561E-01	46.300	40	41	41
Q7BPB0_Q75_lddt	D5H463_Q75_lddt	9.968E-01	9.729E-01	9.729E-01	30.000	40	40	40
Q7BPB0_Q75_lddt	Q4H3Y3_Q75_lddt	9.948E-01	9.710E-01	9.710E-01	35.000	40	40	40
Q7BPB0_Q75_lddt	Q79CE5_Q75_lddt	9.945E-01	9.707E-01	9.707E-01	30.000	40	40	40
Q7BPB0_Q75_lddt	K4EK33_Q75_lddt	9.942E-01	9.704E-01	9.704E-01	32.500	40	40	40
Q7BPB0_Q75_lddt	A0A0M2AT09_Q75_lddt	9.922E-01	9.685E-01	9.685E-01	27.500	40	40	40
Q7BPB0_Q75_lddt	Q5QQ10_Q75_lddt	9.979E-01	9.739E-01	9.510E-01	43.900	40	41	41
Q7BPB0_Q75_lddt	Q934B2_Q75_lddt	9.967E-01	9.728E-01	9.500E-01	41.400	40	41	41
Q7BPB0_Q75_lddt	A0A4P6VV23_Q75_lddt	9.961E-01	9.722E-01	9.494E-01	43.900	40	41	41
Q7BPB0_Q75_lddt	V5RSE8_Q75_lddt	9.936E-01	9.698E-01	9.472E-01	43.900	40	41	41
Q7BPB0_Q75_lddt	Q7X0I6_Q75_lddt	9.935E-01	9.698E-01	9.471E-01	41.400	40	41	41
Q7BPB0_Q75_lddt	Q6A328_Q75_lddt	9.850E-01	9.617E-01	9.617E-01	35.000	40	40	40
Q7BPB0_Q75_lddt	A0A218N469_Q75_lddt	9.905E-01	9.432E-01	9.663E-01	47.500	40	40	39
Q7BPB0_Q75_lddt	Q59397_Q75_lddt	9.907E-01	9.436E-01	9.666E-01	32.500	40	40	39
Q7BPB0_Q75_lddt	Q2XQ06_Q75_lddt	1.003E+00	9.304E-01	9.535E-01	48.700	40	39	39
Q7BPB0_Q75_lddt	A0A193CHQ8_Q75_lddt	1.003E+00	9.299E-01	9.530E-01	48.700	40	39	39
Q7BPB0_Q75_lddt	Q9ZIF9_Q75_lddt	9.802E-01	9.572E-01	9.572E-01	40.000	40	40	40
Q7BPB0_Q75_lddt	A0A7Z8DX35_Q75_lddt	9.826E-01	9.363E-01	9.589E-01	45.000	40	40	39
Q7BPB0_Q75_lddt	A0A7I8NPH7_Q75_lddt	9.703E-01	9.478E-01	9.478E-01	35.000	40	40	40
Q7BPB0_Q75_lddt	Q8VVN6_Q75_lddt	9.608E-01	9.381E-01	9.381E-01	46.300	40	41	40
Q7BPB0_Q75_lddt	Q79PC3_Q75_lddt	9.674E-01	9.450E-01	9.236E-01	36.500	40	41	41
Q7BPB0_Q75_lddt	E6BTZ6_Q75_lddt	1.004E+00	9.792E-01	8.198E-01	40.000	40	40	48
Q7BPB0_Q75_lddt	A4IUE2_Q75_lddt	9.792E-01	9.562E-01	8.044E-01	40.000	40	40	48
Q7BPB0_Q75_lddt	K4EJH1_Q75_lddt	9.449E-01	9.028E-01	9.234E-01	35.000	40	40	39
Q7BPB0_Q75_lddt	Q8VVE6_Q75_lddt	9.613E-01	9.386E-01	7.037E-01	21.800	40	55	54
Q7BPB0_Q75_lddt	Q8GCW7_Q75_lddt	9.255E-01	8.028E-01	9.028E-01	30.000	40	40	35
Q7BPB0_Q75_lddt	Q5W314_Q75_lddt	9.517E-01	9.295E-01	6.989E-01	20.000	40	55	54
D0QXI5_Q75_lddt	D0QXI5_Q75_lddt	1.025E+00	1.000E+00	1.000E+00	100.000	41	41	41
D0QXI5_Q75_lddt	Q5H760_Q75_lddt	1.025E+00	9.995E-01	9.995E-01	100.000	41	41	41
D0QXI5_Q75_lddt	Q689B1_Q75_lddt	1.022E+00	9.973E-01	9.973E-01	78.000	41	41	41
D0QXI5_Q75_lddt	P95524_Q75_lddt	1.022E+00	9.969E-01	9.969E-01	97.500	41	41	41
D0QXI5_Q75_lddt	D1LUJ3_Q75_lddt	1.021E+00	9.966E-01	9.966E-01	73.100	41	41	41
D0QXI5_Q75_lddt	B7VEQ0_Q75_lddt	1.021E+00	9.964E-01	9.964E-01	82.900	41	41	41
D0QXI5_Q75_lddt	B0FND5_Q75_lddt	1.021E+00	9.961E-01	9.961E-01	75.600	41	41	41
D0QXI5_Q75_lddt	B2ZPD3_Q75_lddt	1.021E+00	9.960E-01	9.960E-01	82.900	41	41	41
D0QXI5_Q75_lddt	B2RGD3_Q75_lddt	1.020E+00	9.956E-01	9.956E-01	80.400	41	41	41
D0QXI5_Q75_lddt	F8T8W2_Q75_lddt	1.020E+00	9.955E-01	9.955E-01	82.900	41	41	41
D0QXI5_Q75_lddt	Q5QQ10_Q75_lddt	1.020E+00	9.953E-01	9.953E-01	80.400	41	41	41
D0QXI5_Q75_lddt	Q0QMM1_Q75_lddt	1.020E+00	9.952E-01	9.952E-01	80.400	41	41	41
D0QXI5_Q75_lddt	Q934B2_Q75_lddt	1.020E+00	9.951E-01	9.951E-01	75.600	41	41	41
D0QXI5_Q75_lddt	A0A4P6VV23_Q75_lddt	1.019E+00	9.945E-01	9.945E-01	80.400	41	41	41
D0QXI5_Q75_lddt	Q7X0I6_Q75_lddt	1.019E+00	9.945E-01	9.945E-01	78.000	41	41	41
D0QXI5_Q75_lddt	V5RSE8_Q75_lddt	1.019E+00	9.944E-01	9.944E-01	80.400	41	41	41
D0QXI5_Q75_lddt	Q2XQ06_Q75_lddt	1.021E+00	9.471E-01	9.954E-01	79.400	41	39	39
D0QXI5_Q75_lddt	A0A193CHQ8_Q75_lddt	1.021E+00	9.469E-01	9.951E-01	79.400	41	39	39
D0QXI5_Q75_lddt	Q7BPB0_Q75_lddt	1.006E+00	9.586E-01	9.820E-01	46.300	41	41	40
D0QXI5_Q75_lddt	P0C0P1_Q75_lddt	1.006E+00	9.583E-01	9.816E-01	36.500	41	41	40
D0QXI5_Q75_lddt	Q79CE5_Q75_lddt	1.005E+00	9.572E-01	9.804E-01	36.500	41	41	40
D0QXI5_Q75_lddt	D5H463_Q75_lddt	1.004E+00	9.568E-01	9.801E-01	36.500	41	41	40
D0QXI5_Q75_lddt	B0BKZ8_Q75_lddt	1.004E+00	9.567E-01	9.799E-01	43.900	41	41	40
D0QXI5_Q75_lddt	A0A6M3GZS6_Q75_lddt	1.004E+00	9.562E-01	9.794E-01	53.600	41	41	40
D0QXI5_Q75_lddt	Q4H3Y3_Q75_lddt	1.003E+00	9.553E-01	9.785E-01	36.500	41	41	40
D0QXI5_Q75_lddt	U5NMJ1_Q75_lddt	1.003E+00	9.553E-01	9.784E-01	43.900	41	41	40
D0QXI5_Q75_lddt	P12833_Q75_lddt	1.002E+00	9.550E-01	9.782E-01	36.500	41	41	40
D0QXI5_Q75_lddt	A0A7G8Z9Q0_Q75_lddt	1.000E+00	9.528E-01	9.759E-01	41.400	41	41	40
D0QXI5_Q75_lddt	Q59408_Q75_lddt	9.980E-01	9.511E-01	9.740E-01	41.400	41	41	40
D0QXI5_Q75_lddt	Q59397_Q75_lddt	1.004E+00	9.325E-01	9.789E-01	41.400	41	41	39
D0QXI5_Q75_lddt	K4EK33_Q75_lddt	9.959E-01	9.492E-01	9.720E-01	39.000	41	41	40
D0QXI5_Q75_lddt	Q6A328_Q75_lddt	9.940E-01	9.475E-01	9.702E-01	31.700	41	41	40
D0QXI5_Q75_lddt	A0A218N469_Q75_lddt	9.960E-01	9.259E-01	9.715E-01	43.900	41	41	39
D0QXI5_Q75_lddt	Q8VVN6_Q75_lddt	9.759E-01	9.307E-01	9.528E-01	39.000	41	41	40
D0QXI5_Q75_lddt	A0A0M2AT09_Q75_lddt	9.773E-01	9.326E-01	9.544E-01	31.700	41	41	40
D0QXI5_Q75_lddt	Q9ZIF9_Q75_lddt	9.756E-01	9.311E-01	9.529E-01	31.700	41	41	40
D0QXI5_Q75_lddt	A0A7Z8DX35_Q75_lddt	9.807E-01	9.131E-01	9.571E-01	43.900	41	41	39
D0QXI5_Q75_lddt	A0A7I8NPH7_Q75_lddt	9.618E-01	9.187E-01	9.398E-01	31.700	41	41	40
D0QXI5_Q75_lddt	E6BTZ6_Q75_lddt	1.012E+00	9.640E-01	8.253E-01	39.000	41	41	48
D0QXI5_Q75_lddt	Q79PC3_Q75_lddt	9.523E-01	9.310E-01	9.310E-01	26.800	41	41	41
D0QXI5_Q75_lddt	K4EJH1_Q75_lddt	9.706E-01	9.047E-01	9.477E-01	34.100	41	41	39
D0QXI5_Q75_lddt	A4IUE2_Q75_lddt	9.836E-01	9.383E-01	8.073E-01	36.500	41	41	48
D0QXI5_Q75_lddt	Q8GCW7_Q75_lddt	9.357E-01	7.930E-01	9.126E-01	24.300	41	41	35
D0QXI5_Q75_lddt	Q8VVE6_Q75_lddt	9.275E-01	9.064E-01	6.979E-01	17.800	41	56	54
D0QXI5_Q75_lddt	Q5W314_Q75_lddt	9.250E-01	9.040E-01	6.967E-01	17.800	41	56	54
D1LUJ3_Q75_lddt	D1LUJ3_Q75_lddt	1.025E+00	1.000E+00	1.000E+00	100.000	41	41	41
D1LUJ3_Q75_lddt	Q689B1_Q75_lddt	1.024E+00	9.991E-01	9.991E-01	92.600	41	41	41
D1LUJ3_Q75_lddt	B0FND5_Q75_lddt	1.023E+00	9.980E-01	9.980E-01	87.800	41	41	41
D1LUJ3_Q75_lddt	B7VEQ0_Q75_lddt	1.022E+00	9.974E-01	9.974E-01	65.800	41	41	41
D1LUJ3_Q75_lddt	Q934B2_Q75_lddt	1.022E+00	9.972E-01	9.972E-01	65.800	41	41	41
D1LUJ3_Q75_lddt	Q5QQ10_Q75_lddt	1.022E+00	9.972E-01	9.972E-01	65.800	41	41	41
D1LUJ3_Q75_lddt	B2ZPD3_Q75_lddt	1.022E+00	9.971E-01	9.971E-01	65.800	41	41	41
D1LUJ3_Q75_lddt	Q5H760_Q75_lddt	1.022E+00	9.968E-01	9.968E-01	73.100	41	41	41
D1LUJ3_Q75_lddt	D0QXI5_Q75_lddt	1.021E+00	9.966E-01	9.966E-01	73.100	41	41	41
D1LUJ3_Q75_lddt	Q0QMM1_Q75_lddt	1.021E+00	9.964E-01	9.964E-01	68.200	41	41	41
D1LUJ3_Q75_lddt	Q7X0I6_Q75_lddt	1.021E+00	9.964E-01	9.964E-01	65.800	41	41	41
D1LUJ3_Q75_lddt	F8T8W2_Q75_lddt	1.021E+00	9.963E-01	9.963E-01	70.700	41	41	41
D1LUJ3_Q75_lddt	V5RSE8_Q75_lddt	1.021E+00	9.963E-01	9.963E-01	65.800	41	41	41
D1LUJ3_Q75_lddt	B2RGD3_Q75_lddt	1.021E+00	9.963E-01	9.963E-01	68.200	41	41	41
D1LUJ3_Q75_lddt	A0A4P6VV23_Q75_lddt	1.021E+00	9.959E-01	9.959E-01	65.800	41	41	41
D1LUJ3_Q75_lddt	P95524_Q75_lddt	1.020E+00	9.955E-01	9.955E-01	75.600	41	41	41
D1LUJ3_Q75_lddt	A0A193CHQ8_Q75_lddt	1.023E+00	9.484E-01	9.968E-01	64.100	41	39	39
D1LUJ3_Q75_lddt	Q2XQ06_Q75_lddt	1.023E+00	9.484E-01	9.968E-01	64.100	41	39	39
D1LUJ3_Q75_lddt	P0C0P1_Q75_lddt	1.007E+00	9.592E-01	9.826E-01	39.000	41	41	40
D1LUJ3_Q75_lddt	A0A6M3GZS6_Q75_lddt	1.004E+00	9.565E-01	9.797E-01	46.300	41	41	40
D1LUJ3_Q75_lddt	Q7BPB0_Q75_lddt	1.004E+00	9.561E-01	9.793E-01	46.300	41	41	40
D1LUJ3_Q75_lddt	P12833_Q75_lddt	1.003E+00	9.558E-01	9.790E-01	43.900	41	41	40
D1LUJ3_Q75_lddt	Q79CE5_Q75_lddt	1.002E+00	9.547E-01	9.778E-01	41.400	41	41	40
D1LUJ3_Q75_lddt	B0BKZ8_Q75_lddt	1.002E+00	9.542E-01	9.773E-01	43.900	41	41	40
D1LUJ3_Q75_lddt	D5H463_Q75_lddt	1.001E+00	9.537E-01	9.768E-01	39.000	41	41	40
D1LUJ3_Q75_lddt	Q4H3Y3_Q75_lddt	9.999E-01	9.528E-01	9.758E-01	39.000	41	41	40
D1LUJ3_Q75_lddt	U5NMJ1_Q75_lddt	9.995E-01	9.524E-01	9.754E-01	43.900	41	41	40
D1LUJ3_Q75_lddt	A0A7G8Z9Q0_Q75_lddt	9.995E-01	9.524E-01	9.754E-01	29.200	41	41	40
D1LUJ3_Q75_lddt	Q59408_Q75_lddt	9.976E-01	9.507E-01	9.736E-01	41.400	41	41	40
D1LUJ3_Q75_lddt	Q59397_Q75_lddt	1.002E+00	9.312E-01	9.774E-01	41.400	41	41	39
D1LUJ3_Q75_lddt	Q6A328_Q75_lddt	9.915E-01	9.453E-01	9.679E-01	36.500	41	41	40
D1LUJ3_Q75_lddt	K4EK33_Q75_lddt	9.908E-01	9.447E-01	9.672E-01	31.700	41	41	40
D1LUJ3_Q75_lddt	A0A218N469_Q75_lddt	9.907E-01	9.214E-01	9.665E-01	39.000	41	41	39
D1LUJ3_Q75_lddt	Q8VVN6_Q75_lddt	9.747E-01	9.298E-01	9.517E-01	36.500	41	41	40
D1LUJ3_Q75_lddt	A0A0M2AT09_Q75_lddt	9.773E-01	9.326E-01	9.544E-01	31.700	41	41	40
D1LUJ3_Q75_lddt	Q9ZIF9_Q75_lddt	9.697E-01	9.259E-01	9.473E-01	39.000	41	41	40
D1LUJ3_Q75_lddt	A0A7Z8DX35_Q75_lddt	9.764E-01	9.094E-01	9.530E-01	43.900	41	41	39
D1LUJ3_Q75_lddt	K4EJH1_Q75_lddt	9.737E-01	9.073E-01	9.505E-01	31.700	41	41	39
D1LUJ3_Q75_lddt	E6BTZ6_Q75_lddt	1.012E+00	9.634E-01	8.249E-01	46.300	41	41	48
D1LUJ3_Q75_lddt	A0A7I8NPH7_Q75_lddt	9.589E-01	9.160E-01	9.370E-01	31.700	41	41	40
D1LUJ3_Q75_lddt	Q79PC3_Q75_lddt	9.508E-01	9.296E-01	9.296E-01	26.800	41	41	41
D1LUJ3_Q75_lddt	A4IUE2_Q75_lddt	9.820E-01	9.368E-01	8.063E-01	46.300	41	41	48
D1LUJ3_Q75_lddt	Q8GCW7_Q75_lddt	9.322E-01	7.907E-01	9.093E-01	29.200	41	41	35
D1LUJ3_Q75_lddt	Q8VVE6_Q75_lddt	9.267E-01	9.057E-01	6.976E-01	17.800	41	56	54
D1LUJ3_Q75_lddt	Q5W314_Q75_lddt	9.225E-01	9.017E-01	6.954E-01	16.000	41	56	54
D5H463_Q75_lddt	D5H463_Q75_lddt	1.026E+00	1.000E+00	1.000E+00	100.000	40	40	40
D5H463_Q75_lddt	Q4H3Y3_Q75_lddt	1.024E+00	9.988E-01	9.988E-01	95.000	40	40	40
D5H463_Q75_lddt	Q79CE5_Q75_lddt	1.024E+00	9.982E-01	9.982E-01	90.000	40	40	40
D5H463_Q75_lddt	A0A6M3GZS6_Q75_lddt	1.008E+00	9.831E-01	9.831E-01	42.500	40	40	40
D5H463_Q75_lddt	P12833_Q75_lddt	1.007E+00	9.823E-01	9.823E-01	45.000	40	40	40
D5H463_Q75_lddt	P0C0P1_Q75_lddt	1.006E+00	9.814E-01	9.814E-01	52.500	40	40	40
D5H463_Q75_lddt	K4EK33_Q75_lddt	1.002E+00	9.779E-01	9.779E-01	40.000	40	40	40
D5H463_Q75_lddt	Q59397_Q75_lddt	1.009E+00	9.594E-01	9.835E-01	40.000	40	40	39
D5H463_Q75_lddt	A0A7G8Z9Q0_Q75_lddt	1.001E+00	9.767E-01	9.767E-01	45.000	40	40	40
D5H463_Q75_lddt	Q6A328_Q75_lddt	9.992E-01	9.750E-01	9.750E-01	52.500	40	40	40
D5H463_Q75_lddt	D0QXI5_Q75_lddt	1.004E+00	9.801E-01	9.568E-01	36.500	40	41	41
D5H463_Q75_lddt	B2ZPD3_Q75_lddt	1.004E+00	9.793E-01	9.561E-01	39.000	40	41	41
D5H463_Q75_lddt	B2RGD3_Q75_lddt	1.004E+00	9.792E-01	9.560E-01	36.500	40	41	41
D5H463_Q75_lddt	Q0QMM1_Q75_lddt	1.003E+00	9.791E-01	9.559E-01	39.000	40	41	41
D5H463_Q75_lddt	B7VEQ0_Q75_lddt	1.003E+00	9.790E-01	9.558E-01	39.000	40	41	41
D5H463_Q75_lddt	Q5H760_Q75_lddt	1.003E+00	9.791E-01	9.559E-01	36.500	40	41	41
D5H463_Q75_lddt	Q5QQ10_Q75_lddt	1.003E+00	9.787E-01	9.555E-01	36.500	40	41	41
D5H463_Q75_lddt	P95524_Q75_lddt	1.003E+00	9.788E-01	9.557E-01	39.000	40	41	41
D5H463_Q75_lddt	B0BKZ8_Q75_lddt	9.969E-01	9.730E-01	9.730E-01	27.500	40	40	40
D5H463_Q75_lddt	Q7BPB0_Q75_lddt	9.968E-01	9.729E-01	9.729E-01	30.000	40	40	40
D5H463_Q75_lddt	A0A4P6VV23_Q75_lddt	1.003E+00	9.784E-01	9.552E-01	36.500	40	41	41
D5H463_Q75_lddt	F8T8W2_Q75_lddt	1.003E+00	9.784E-01	9.552E-01	36.500	40	41	41
D5H463_Q75_lddt	Q7X0I6_Q75_lddt	1.002E+00	9.782E-01	9.551E-01	34.100	40	41	41
D5H463_Q75_lddt	V5RSE8_Q75_lddt	1.002E+00	9.776E-01	9.545E-01	36.500	40	41	41
D5H463_Q75_lddt	U5NMJ1_Q75_lddt	9.960E-01	9.721E-01	9.721E-01	27.500	40	40	40
D5H463_Q75_lddt	Q689B1_Q75_lddt	1.002E+00	9.775E-01	9.544E-01	39.000	40	41	41
D5H463_Q75_lddt	D1LUJ3_Q75_lddt	1.001E+00	9.768E-01	9.537E-01	39.000	40	41	41
D5H463_Q75_lddt	B0FND5_Q75_lddt	1.000E+00	9.760E-01	9.530E-01	39.000	40	41	41
D5H463_Q75_lddt	Q934B2_Q75_lddt	9.996E-01	9.755E-01	9.525E-01	34.100	40	41	41
D5H463_Q75_lddt	Q8VVN6_Q75_lddt	9.768E-01	9.532E-01	9.532E-01	34.100	40	41	40
D5H463_Q75_lddt	Q59408_Q75_lddt	9.879E-01	9.644E-01	9.644E-01	25.000	40	40	40
D5H463_Q75_lddt	A0A218N469_Q75_lddt	9.930E-01	9.455E-01	9.687E-01	40.000	40	40	39
D5H463_Q75_lddt	A0A0M2AT09_Q75_lddt	9.817E-01	9.586E-01	9.586E-01	37.500	40	40	40
D5H463_Q75_lddt	A0A7I8NPH7_Q75_lddt	9.791E-01	9.561E-01	9.561E-01	27.500	40	40	40
D5H463_Q75_lddt	Q2XQ06_Q75_lddt	9.971E-01	9.252E-01	9.480E-01	33.300	40	39	39
D5H463_Q75_lddt	A0A193CHQ8_Q75_lddt	9.964E-01	9.247E-01	9.474E-01	33.300	40	39	39
D5H463_Q75_lddt	A0A7Z8DX35_Q75_lddt	9.820E-01	9.358E-01	9.584E-01	32.500	40	40	39
D5H463_Q75_lddt	Q9ZIF9_Q75_lddt	9.710E-01	9.485E-01	9.485E-01	45.000	40	40	40
D5H463_Q75_lddt	E6BTZ6_Q75_lddt	1.016E+00	9.906E-01	8.272E-01	57.500	40	40	48
D5H463_Q75_lddt	K4EJH1_Q75_lddt	9.656E-01	9.212E-01	9.429E-01	37.500	40	40	39
D5H463_Q75_lddt	Q79PC3_Q75_lddt	9.617E-01	9.397E-01	9.187E-01	24.300	40	41	41
D5H463_Q75_lddt	A4IUE2_Q75_lddt	9.932E-01	9.694E-01	8.133E-01	47.500	40	40	48
D5H463_Q75_lddt	Q8GCW7_Q75_lddt	9.326E-01	8.086E-01	9.096E-01	22.500	40	40	35
D5H463_Q75_lddt	Q8VVE6_Q75_lddt	9.569E-01	9.345E-01	7.017E-01	23.600	40	55	54
D5H463_Q75_lddt	Q5W314_Q75_lddt	9.491E-01	9.271E-01	6.979E-01	18.100	40	55	54
E6BTZ6_Q75_lddt	E6BTZ6_Q75_lddt	1.021E+00	1.000E+00	1.000E+00	100.000	48	48	48
E6BTZ6_Q75_lddt	Q79CE5_Q75_lddt	1.017E+00	8.278E-01	9.914E-01	60.000	48	40	40
E6BTZ6_Q75_lddt	D5H463_Q75_lddt	1.016E+00	8.272E-01	9.906E-01	57.500	48	40	40
E6BTZ6_Q75_lddt	Q4H3Y3_Q75_lddt	1.014E+00	8.261E-01	9.889E-01	60.000	48	40	40
E6BTZ6_Q75_lddt	A0A7G8Z9Q0_Q75_lddt	1.013E+00	8.258E-01	9.885E-01	70.000	48	40	40
E6BTZ6_Q75_lddt	A0A6M3GZS6_Q75_lddt	1.011E+00	8.246E-01	9.867E-01	47.500	48	40	40
E6BTZ6_Q75_lddt	P0C0P1_Q75_lddt	1.010E+00	8.237E-01	9.852E-01	55.000	48	40	40
E6BTZ6_Q75_lddt	P12833_Q75_lddt	1.009E+00	8.230E-01	9.842E-01	55.000	48	40	40
E6BTZ6_Q75_lddt	Q6A328_Q75_lddt	1.005E+00	8.204E-01	9.805E-01	72.500	48	40	40
E6BTZ6_Q75_lddt	D0QXI5_Q75_lddt	1.012E+00	8.253E-01	9.640E-01	39.000	48	41	41
E6BTZ6_Q75_lddt	Q689B1_Q75_lddt	1.012E+00	8.250E-01	9.636E-01	41.400	48	41	41
E6BTZ6_Q75_lddt	B0BKZ8_Q75_lddt	1.004E+00	8.203E-01	9.800E-01	37.500	48	40	40
E6BTZ6_Q75_lddt	Q5H760_Q75_lddt	1.012E+00	8.249E-01	9.634E-01	39.000	48	41	41
E6BTZ6_Q75_lddt	D1LUJ3_Q75_lddt	1.012E+00	8.249E-01	9.634E-01	46.300	48	41	41
E6BTZ6_Q75_lddt	Q5QQ10_Q75_lddt	1.012E+00	8.248E-01	9.632E-01	36.500	48	41	41
E6BTZ6_Q75_lddt	Q59397_Q75_lddt	1.011E+00	8.037E-01	9.857E-01	47.500	48	40	39
E6BTZ6_Q75_lddt	Q7BPB0_Q75_lddt	1.004E+00	8.198E-01	9.792E-01	40.000	48	40	40
E6BTZ6_Q75_lddt	A0A4P6VV23_Q75_lddt	1.011E+00	8.244E-01	9.626E-01	36.500	48	41	41
E6BTZ6_Q75_lddt	B2ZPD3_Q75_lddt	1.011E+00	8.243E-01	9.626E-01	39.000	48	41	41
E6BTZ6_Q75_lddt	B2RGD3_Q75_lddt	1.011E+00	8.243E-01	9.625E-01	36.500	48	41	41
E6BTZ6_Q75_lddt	K4EK33_Q75_lddt	1.003E+00	8.193E-01	9.787E-01	45.000	48	40	40
E6BTZ6_Q75_lddt	B7VEQ0_Q75_lddt	1.010E+00	8.240E-01	9.622E-01	39.000	48	41	41
E6BTZ6_Q75_lddt	Q0QMM1_Q75_lddt	1.010E+00	8.239E-01	9.620E-01	39.000	48	41	41
E6BTZ6_Q75_lddt	U5NMJ1_Q75_lddt	1.003E+00	8.193E-01	9.786E-01	37.500	48	40	40
E6BTZ6_Q75_lddt	Q7X0I6_Q75_lddt	1.010E+00	8.239E-01	9.620E-01	39.000	48	41	41
E6BTZ6_Q75_lddt	B0FND5_Q75_lddt	1.010E+00	8.238E-01	9.619E-01	41.400	48	41	41
E6BTZ6_Q75_lddt	V5RSE8_Q75_lddt	1.010E+00	8.237E-01	9.617E-01	36.500	48	41	41
E6BTZ6_Q75_lddt	F8T8W2_Q75_lddt	1.010E+00	8.236E-01	9.615E-01	36.500	48	41	41
E6BTZ6_Q75_lddt	P95524_Q75_lddt	1.009E+00	8.230E-01	9.607E-01	41.400	48	41	41
E6BTZ6_Q75_lddt	Q934B2_Q75_lddt	1.009E+00	8.228E-01	9.604E-01	36.500	48	41	41
E6BTZ6_Q75_lddt	Q59408_Q75_lddt	9.985E-01	8.166E-01	9.745E-01	35.000	48	40	40
E6BTZ6_Q75_lddt	A0A218N469_Q75_lddt	1.001E+00	7.975E-01	9.758E-01	55.000	48	40	39
E6BTZ6_Q75_lddt	A0A0M2AT09_Q75_lddt	9.906E-01	8.117E-01	9.670E-01	42.500	48	40	40
E6BTZ6_Q75_lddt	Q2XQ06_Q75_lddt	1.008E+00	7.814E-01	9.577E-01	33.300	48	39	39
E6BTZ6_Q75_lddt	A0A193CHQ8_Q75_lddt	1.008E+00	7.812E-01	9.573E-01	33.300	48	39	39
E6BTZ6_Q75_lddt	Q8VVN6_Q75_lddt	9.724E-01	7.955E-01	9.490E-01	46.300	48	41	40
E6BTZ6_Q75_lddt	A0A7Z8DX35_Q75_lddt	9.863E-01	7.892E-01	9.624E-01	42.500	48	40	39
E6BTZ6_Q75_lddt	Q9ZIF9_Q75_lddt	9.742E-01	8.014E-01	9.516E-01	52.500	48	40	40
E6BTZ6_Q75_lddt	A0A7I8NPH7_Q75_lddt	9.718E-01	7.995E-01	9.492E-01	37.500	48	40	40
E6BTZ6_Q75_lddt	Q79PC3_Q75_lddt	9.734E-01	8.006E-01	9.291E-01	36.500	48	41	41
E6BTZ6_Q75_lddt	K4EJH1_Q75_lddt	9.741E-01	7.820E-01	9.509E-01	35.000	48	40	39
E6BTZ6_Q75_lddt	A4IUE2_Q75_lddt	9.894E-01	8.110E-01	8.110E-01	52.500	48	40	48
E6BTZ6_Q75_lddt	Q8GCW7_Q75_lddt	9.474E-01	6.915E-01	9.235E-01	35.000	48	40	35
E6BTZ6_Q75_lddt	Q8VVE6_Q75_lddt	9.597E-01	7.876E-01	7.030E-01	25.400	48	55	54
E6BTZ6_Q75_lddt	Q5W314_Q75_lddt	9.454E-01	7.786E-01	6.960E-01	21.800	48	55	54
F8T8W2_Q75_lddt	F8T8W2_Q75_lddt	1.025E+00	1.000E+00	1.000E+00	100.000	41	41	41
F8T8W2_Q75_lddt	Q0QMM1_Q75_lddt	1.025E+00	9.996E-01	9.996E-01	97.500	41	41	41
F8T8W2_Q75_lddt	B2RGD3_Q75_lddt	1.024E+00	9.995E-01	9.995E-01	97.500	41	41	41
F8T8W2_Q75_lddt	B7VEQ0_Q75_lddt	1.023E+00	9.983E-01	9.983E-01	87.800	41	41	41
F8T8W2_Q75_lddt	B2ZPD3_Q75_lddt	1.023E+00	9.979E-01	9.979E-01	87.800	41	41	41
F8T8W2_Q75_lddt	Q689B1_Q75_lddt	1.022E+00	9.970E-01	9.970E-01	75.600	41	41	41
F8T8W2_Q75_lddt	Q5QQ10_Q75_lddt	1.022E+00	9.970E-01	9.970E-01	85.300	41	41	41
F8T8W2_Q75_lddt	B0FND5_Q75_lddt	1.021E+00	9.964E-01	9.964E-01	75.600	41	41	41
F8T8W2_Q75_lddt	D1LUJ3_Q75_lddt	1.021E+00	9.963E-01	9.963E-01	70.700	41	41	41
F8T8W2_Q75_lddt	Q934B2_Q75_lddt	1.021E+00	9.960E-01	9.960E-01	82.900	41	41	41
F8T8W2_Q75_lddt	Q5H760_Q75_lddt	1.021E+00	9.960E-01	9.960E-01	82.900	41	41	41
F8T8W2_Q75_lddt	P95524_Q75_lddt	1.020E+00	9.957E-01	9.957E-01	85.300	41	41	41
F8T8W2_Q75_lddt	D0QXI5_Q75_lddt	1.020E+00	9.955E-01	9.955E-01	82.900	41	41	41
F8T8W2_Q75_lddt	A0A4P6VV23_Q75_lddt	1.020E+00	9.953E-01	9.953E-01	85.300	41	41	41
F8T8W2_Q75_lddt	Q7X0I6_Q75_lddt	1.020E+00	9.952E-01	9.952E-01	82.900	41	41	41
F8T8W2_Q75_lddt	V5RSE8_Q75_lddt	1.020E+00	9.951E-01	9.951E-01	85.300	41	41	41
F8T8W2_Q75_lddt	Q2XQ06_Q75_lddt	1.024E+00	9.493E-01	9.978E-01	92.300	41	39	39
F8T8W2_Q75_lddt	A0A193CHQ8_Q75_lddt	1.024E+00	9.491E-01	9.976E-01	92.300	41	39	39
F8T8W2_Q75_lddt	Q7BPB0_Q75_lddt	1.006E+00	9.578E-01	9.811E-01	48.700	41	41	40
F8T8W2_Q75_lddt	P0C0P1_Q75_lddt	1.005E+00	9.577E-01	9.810E-01	31.700	41	41	40
F8T8W2_Q75_lddt	B0BKZ8_Q75_lddt	1.005E+00	9.571E-01	9.803E-01	46.300	41	41	40
F8T8W2_Q75_lddt	A0A6M3GZS6_Q75_lddt	1.005E+00	9.569E-01	9.802E-01	48.700	41	41	40
F8T8W2_Q75_lddt	P12833_Q75_lddt	1.004E+00	9.567E-01	9.799E-01	41.400	41	41	40
F8T8W2_Q75_lddt	D5H463_Q75_lddt	1.003E+00	9.552E-01	9.784E-01	36.500	41	41	40
F8T8W2_Q75_lddt	U5NMJ1_Q75_lddt	1.003E+00	9.553E-01	9.784E-01	46.300	41	41	40
F8T8W2_Q75_lddt	Q79CE5_Q75_lddt	1.003E+00	9.552E-01	9.783E-01	36.500	41	41	40
F8T8W2_Q75_lddt	Q4H3Y3_Q75_lddt	1.002E+00	9.547E-01	9.779E-01	36.500	41	41	40
F8T8W2_Q75_lddt	Q59408_Q75_lddt	9.990E-01	9.519E-01	9.749E-01	43.900	41	41	40
F8T8W2_Q75_lddt	A0A7G8Z9Q0_Q75_lddt	9.972E-01	9.504E-01	9.733E-01	31.700	41	41	40
F8T8W2_Q75_lddt	Q59397_Q75_lddt	1.002E+00	9.309E-01	9.770E-01	41.400	41	41	39
F8T8W2_Q75_lddt	K4EK33_Q75_lddt	9.934E-01	9.470E-01	9.697E-01	29.200	41	41	40
F8T8W2_Q75_lddt	Q6A328_Q75_lddt	9.925E-01	9.461E-01	9.688E-01	31.700	41	41	40
F8T8W2_Q75_lddt	Q8VVN6_Q75_lddt	9.818E-01	9.361E-01	9.584E-01	41.400	41	41	40
F8T8W2_Q75_lddt	A0A218N469_Q75_lddt	9.921E-01	9.227E-01	9.679E-01	41.400	41	41	39
F8T8W2_Q75_lddt	A0A0M2AT09_Q75_lddt	9.745E-01	9.302E-01	9.519E-01	31.700	41	41	40
F8T8W2_Q75_lddt	Q9ZIF9_Q75_lddt	9.744E-01	9.300E-01	9.517E-01	31.700	41	41	40
F8T8W2_Q75_lddt	A0A7Z8DX35_Q75_lddt	9.809E-01	9.133E-01	9.573E-01	39.000	41	41	39
F8T8W2_Q75_lddt	A0A7I8NPH7_Q75_lddt	9.622E-01	9.190E-01	9.401E-01	31.700	41	41	40
F8T8W2_Q75_lddt	Q79PC3_Q75_lddt	9.543E-01	9.329E-01	9.329E-01	29.200	41	41	41
F8T8W2_Q75_lddt	K4EJH1_Q75_lddt	9.729E-01	9.066E-01	9.498E-01	34.100	41	41	39
F8T8W2_Q75_lddt	E6BTZ6_Q75_lddt	1.010E+00	9.615E-01	8.236E-01	36.500	41	41	48
F8T8W2_Q75_lddt	A4IUE2_Q75_lddt	9.878E-01	9.420E-01	8.099E-01	41.400	41	41	48
F8T8W2_Q75_lddt	Q8GCW7_Q75_lddt	9.296E-01	7.889E-01	9.068E-01	24.300	41	41	35
F8T8W2_Q75_lddt	Q5W314_Q75_lddt	9.291E-01	9.079E-01	6.988E-01	16.000	41	56	54
F8T8W2_Q75_lddt	Q8VVE6_Q75_lddt	9.275E-01	9.064E-01	6.980E-01	21.400	41	56	54
K4EJH1_Q75_lddt	K4EJH1_Q75_lddt	1.026E+00	1.000E+00	1.000E+00	100.000	39	39	39
K4EJH1_Q75_lddt	Q59397_Q75_lddt	9.873E-01	9.633E-01	9.633E-01	38.400	39	39	39
K4EJH1_Q75_lddt	P12833_Q75_lddt	9.843E-01	9.605E-01	9.378E-01	40.000	39	40	40
K4EJH1_Q75_lddt	Q5QQ10_Q75_lddt	9.811E-01	9.576E-01	9.135E-01	36.500	39	41	41
K4EJH1_Q75_lddt	V5RSE8_Q75_lddt	9.809E-01	9.573E-01	9.133E-01	36.500	39	41	41
K4EJH1_Q75_lddt	Q7X0I6_Q75_lddt	9.800E-01	9.565E-01	9.126E-01	36.500	39	41	41
K4EJH1_Q75_lddt	Q934B2_Q75_lddt	9.780E-01	9.546E-01	9.109E-01	36.500	39	41	41
K4EJH1_Q75_lddt	B2ZPD3_Q75_lddt	9.779E-01	9.545E-01	9.108E-01	34.100	39	41	41
K4EJH1_Q75_lddt	B7VEQ0_Q75_lddt	9.764E-01	9.531E-01	9.096E-01	34.100	39	41	41
K4EJH1_Q75_lddt	A0A4P6VV23_Q75_lddt	9.763E-01	9.531E-01	9.095E-01	36.500	39	41	41
K4EJH1_Q75_lddt	D1LUJ3_Q75_lddt	9.737E-01	9.505E-01	9.073E-01	31.700	39	41	41
K4EJH1_Q75_lddt	F8T8W2_Q75_lddt	9.729E-01	9.498E-01	9.066E-01	34.100	39	41	41
K4EJH1_Q75_lddt	Q0QMM1_Q75_lddt	9.730E-01	9.499E-01	9.067E-01	31.700	39	41	41
K4EJH1_Q75_lddt	Q689B1_Q75_lddt	9.729E-01	9.498E-01	9.066E-01	31.700	39	41	41
K4EJH1_Q75_lddt	Q5H760_Q75_lddt	9.730E-01	9.499E-01	9.067E-01	34.100	39	41	41
K4EJH1_Q75_lddt	B2RGD3_Q75_lddt	9.715E-01	9.485E-01	9.054E-01	31.700	39	41	41
K4EJH1_Q75_lddt	A0A6M3GZS6_Q75_lddt	9.663E-01	9.436E-01	9.219E-01	47.500	39	40	40
K4EJH1_Q75_lddt	B0FND5_Q75_lddt	9.709E-01	9.479E-01	9.049E-01	31.700	39	41	41
K4EJH1_Q75_lddt	D5H463_Q75_lddt	9.656E-01	9.429E-01	9.212E-01	37.500	39	40	40
K4EJH1_Q75_lddt	D0QXI5_Q75_lddt	9.706E-01	9.477E-01	9.047E-01	34.100	39	41	41
K4EJH1_Q75_lddt	Q79CE5_Q75_lddt	9.649E-01	9.423E-01	9.206E-01	40.000	39	40	40
K4EJH1_Q75_lddt	Q4H3Y3_Q75_lddt	9.643E-01	9.418E-01	9.201E-01	40.000	39	40	40
K4EJH1_Q75_lddt	P0C0P1_Q75_lddt	9.636E-01	9.410E-01	9.194E-01	37.500	39	40	40
K4EJH1_Q75_lddt	P95524_Q75_lddt	9.667E-01	9.440E-01	9.014E-01	34.100	39	41	41
K4EJH1_Q75_lddt	A0A7G8Z9Q0_Q75_lddt	9.573E-01	9.351E-01	9.138E-01	32.500	39	40	40
K4EJH1_Q75_lddt	K4EK33_Q75_lddt	9.547E-01	9.326E-01	9.115E-01	32.500	39	40	40
K4EJH1_Q75_lddt	Q8VVN6_Q75_lddt	9.556E-01	9.335E-01	9.124E-01	55.000	39	40	40
K4EJH1_Q75_lddt	Q6A328_Q75_lddt	9.508E-01	9.289E-01	9.079E-01	37.500	39	40	40
K4EJH1_Q75_lddt	Q7BPB0_Q75_lddt	9.449E-01	9.234E-01	9.028E-01	35.000	39	40	40
K4EJH1_Q75_lddt	A0A193CHQ8_Q75_lddt	9.634E-01	8.956E-01	8.956E-01	30.700	39	39	39
K4EJH1_Q75_lddt	Q2XQ06_Q75_lddt	9.632E-01	8.955E-01	8.955E-01	30.700	39	39	39
K4EJH1_Q75_lddt	A0A218N469_Q75_lddt	9.325E-01	9.115E-01	9.115E-01	46.100	39	39	39
K4EJH1_Q75_lddt	B0BKZ8_Q75_lddt	9.396E-01	9.183E-01	8.980E-01	32.500	39	40	40
K4EJH1_Q75_lddt	Q59408_Q75_lddt	9.378E-01	9.166E-01	8.963E-01	30.000	39	40	40
K4EJH1_Q75_lddt	U5NMJ1_Q75_lddt	9.357E-01	9.147E-01	8.945E-01	32.500	39	40	40
K4EJH1_Q75_lddt	Q79PC3_Q75_lddt	9.401E-01	9.189E-01	8.789E-01	31.700	39	41	41
K4EJH1_Q75_lddt	E6BTZ6_Q75_lddt	9.741E-01	9.509E-01	7.820E-01	35.000	39	40	48
K4EJH1_Q75_lddt	A0A0M2AT09_Q75_lddt	9.289E-01	9.082E-01	8.884E-01	35.000	39	40	40
K4EJH1_Q75_lddt	A0A7Z8DX35_Q75_lddt	9.165E-01	8.964E-01	8.964E-01	46.100	39	39	39
K4EJH1_Q75_lddt	A4IUE2_Q75_lddt	9.599E-01	9.376E-01	7.736E-01	50.000	39	40	48
K4EJH1_Q75_lddt	A0A7I8NPH7_Q75_lddt	9.163E-01	8.963E-01	8.771E-01	27.500	39	40	40
K4EJH1_Q75_lddt	Q9ZIF9_Q75_lddt	8.995E-01	8.802E-01	8.617E-01	30.000	39	40	40
K4EJH1_Q75_lddt	Q8GCW7_Q75_lddt	8.985E-01	7.986E-01	8.769E-01	27.500	39	40	35
K4EJH1_Q75_lddt	Q8VVE6_Q75_lddt	9.193E-01	8.984E-01	6.668E-01	20.000	39	55	54
K4EJH1_Q75_lddt	Q5W314_Q75_lddt	9.140E-01	8.935E-01	6.644E-01	21.800	39	55	54
K4EK33_Q75_lddt	K4EK33_Q75_lddt	1.026E+00	1.000E+00	1.000E+00	100.000	40	40	40
K4EK33_Q75_lddt	A0A6M3GZS6_Q75_lddt	1.004E+00	9.801E-01	9.801E-01	42.500	40	40	40
K4EK33_Q75_lddt	Q4H3Y3_Q75_lddt	1.002E+00	9.778E-01	9.778E-01	40.000	40	40	40
K4EK33_Q75_lddt	D5H463_Q75_lddt	1.002E+00	9.779E-01	9.779E-01	40.000	40	40	40
K4EK33_Q75_lddt	P0C0P1_Q75_lddt	1.001E+00	9.770E-01	9.770E-01	50.000	40	40	40
K4EK33_Q75_lddt	P12833_Q75_lddt	9.988E-01	9.747E-01	9.747E-01	50.000	40	40	40
K4EK33_Q75_lddt	Q79CE5_Q75_lddt	9.986E-01	9.746E-01	9.746E-01	45.000	40	40	40
K4EK33_Q75_lddt	U5NMJ1_Q75_lddt	9.953E-01	9.714E-01	9.714E-01	32.500	40	40	40
K4EK33_Q75_lddt	B0BKZ8_Q75_lddt	9.952E-01	9.714E-01	9.714E-01	32.500	40	40	40
K4EK33_Q75_lddt	A0A7G8Z9Q0_Q75_lddt	9.948E-01	9.710E-01	9.710E-01	45.000	40	40	40
K4EK33_Q75_lddt	Q7BPB0_Q75_lddt	9.942E-01	9.704E-01	9.704E-01	32.500	40	40	40
K4EK33_Q75_lddt	Q59397_Q75_lddt	9.999E-01	9.517E-01	9.753E-01	65.000	40	40	39
K4EK33_Q75_lddt	Q5H760_Q75_lddt	9.972E-01	9.732E-01	9.504E-01	39.000	40	41	41
K4EK33_Q75_lddt	Q6A328_Q75_lddt	9.905E-01	9.669E-01	9.669E-01	42.500	40	40	40
K4EK33_Q75_lddt	D0QXI5_Q75_lddt	9.959E-01	9.720E-01	9.492E-01	39.000	40	41	41
K4EK33_Q75_lddt	P95524_Q75_lddt	9.956E-01	9.717E-01	9.489E-01	36.500	40	41	41
K4EK33_Q75_lddt	Q689B1_Q75_lddt	9.945E-01	9.707E-01	9.480E-01	31.700	40	41	41
K4EK33_Q75_lddt	B2RGD3_Q75_lddt	9.939E-01	9.701E-01	9.474E-01	29.200	40	41	41
K4EK33_Q75_lddt	B7VEQ0_Q75_lddt	9.937E-01	9.699E-01	9.472E-01	31.700	40	41	41
K4EK33_Q75_lddt	F8T8W2_Q75_lddt	9.934E-01	9.697E-01	9.470E-01	29.200	40	41	41
K4EK33_Q75_lddt	B0FND5_Q75_lddt	9.935E-01	9.697E-01	9.471E-01	31.700	40	41	41
K4EK33_Q75_lddt	Q0QMM1_Q75_lddt	9.929E-01	9.691E-01	9.465E-01	29.200	40	41	41
K4EK33_Q75_lddt	B2ZPD3_Q75_lddt	9.925E-01	9.688E-01	9.462E-01	31.700	40	41	41
K4EK33_Q75_lddt	Q59408_Q75_lddt	9.849E-01	9.617E-01	9.617E-01	30.000	40	40	40
K4EK33_Q75_lddt	D1LUJ3_Q75_lddt	9.908E-01	9.672E-01	9.447E-01	31.700	40	41	41
K4EK33_Q75_lddt	Q5QQ10_Q75_lddt	9.896E-01	9.661E-01	9.436E-01	29.200	40	41	41
K4EK33_Q75_lddt	A0A0M2AT09_Q75_lddt	9.839E-01	9.607E-01	9.607E-01	37.500	40	40	40
K4EK33_Q75_lddt	A0A218N469_Q75_lddt	9.904E-01	9.432E-01	9.663E-01	45.000	40	40	39
K4EK33_Q75_lddt	Q9ZIF9_Q75_lddt	9.819E-01	9.588E-01	9.588E-01	45.000	40	40	40
K4EK33_Q75_lddt	Q7X0I6_Q75_lddt	9.863E-01	9.629E-01	9.406E-01	31.700	40	41	41
K4EK33_Q75_lddt	A0A4P6VV23_Q75_lddt	9.859E-01	9.626E-01	9.404E-01	29.200	40	41	41
K4EK33_Q75_lddt	A0A7Z8DX35_Q75_lddt	9.869E-01	9.401E-01	9.630E-01	42.500	40	40	39
K4EK33_Q75_lddt	Q934B2_Q75_lddt	9.858E-01	9.625E-01	9.402E-01	29.200	40	41	41
K4EK33_Q75_lddt	V5RSE8_Q75_lddt	9.852E-01	9.619E-01	9.397E-01	29.200	40	41	41
K4EK33_Q75_lddt	A0A7I8NPH7_Q75_lddt	9.748E-01	9.521E-01	9.521E-01	42.500	40	40	40
K4EK33_Q75_lddt	Q8VVN6_Q75_lddt	9.587E-01	9.361E-01	9.361E-01	36.500	40	41	40
K4EK33_Q75_lddt	Q79PC3_Q75_lddt	9.692E-01	9.468E-01	9.253E-01	31.700	40	41	41
K4EK33_Q75_lddt	Q2XQ06_Q75_lddt	9.831E-01	9.136E-01	9.357E-01	30.700	40	39	39
K4EK33_Q75_lddt	A0A193CHQ8_Q75_lddt	9.822E-01	9.129E-01	9.349E-01	30.700	40	39	39
K4EK33_Q75_lddt	E6BTZ6_Q75_lddt	1.003E+00	9.787E-01	8.193E-01	45.000	40	40	48
K4EK33_Q75_lddt	K4EJH1_Q75_lddt	9.547E-01	9.115E-01	9.326E-01	32.500	40	40	39
K4EK33_Q75_lddt	A4IUE2_Q75_lddt	9.885E-01	9.650E-01	8.102E-01	40.000	40	40	48
K4EK33_Q75_lddt	Q8VVE6_Q75_lddt	9.695E-01	9.463E-01	7.077E-01	29.000	40	55	54
K4EK33_Q75_lddt	Q5W314_Q75_lddt	9.678E-01	9.447E-01	7.068E-01	30.900	40	55	54
K4EK33_Q75_lddt	Q8GCW7_Q75_lddt	9.287E-01	8.054E-01	9.059E-01	40.000	40	40	35
P0C0P1_Q75_lddt	P0C0P1_Q75_lddt	1.026E+00	1.000E+00	1.000E+00	100.000	40	40	40
P0C0P1_Q75_lddt	A0A6M3GZS6_Q75_lddt	1.009E+00	9.843E-01	9.843E-01	45.000	40	40	40
P0C0P1_Q75_lddt	P12833_Q75_lddt	1.007E+00	9.820E-01	9.820E-01	47.500	40	40	40
P0C0P1_Q75_lddt	Q79CE5_Q75_lddt	1.006E+00	9.815E-01	9.815E-01	55.000	40	40	40
P0C0P1_Q75_lddt	D5H463_Q75_lddt	1.006E+00	9.814E-01	9.814E-01	52.500	40	40	40
P0C0P1_Q75_lddt	Q4H3Y3_Q75_lddt	1.005E+00	9.801E-01	9.801E-01	55.000	40	40	40
P0C0P1_Q75_lddt	Q689B1_Q75_lddt	1.008E+00	9.835E-01	9.601E-01	34.100	40	41	41
P0C0P1_Q75_lddt	K4EK33_Q75_lddt	1.001E+00	9.770E-01	9.770E-01	50.000	40	40	40
P0C0P1_Q75_lddt	Q5H760_Q75_lddt	1.007E+00	9.828E-01	9.594E-01	36.500	40	41	41
P0C0P1_Q75_lddt	D1LUJ3_Q75_lddt	1.007E+00	9.826E-01	9.592E-01	39.000	40	41	41
P0C0P1_Q75_lddt	Q0QMM1_Q75_lddt	1.007E+00	9.825E-01	9.591E-01	34.100	40	41	41
P0C0P1_Q75_lddt	A0A7G8Z9Q0_Q75_lddt	1.001E+00	9.767E-01	9.767E-01	55.000	40	40	40
P0C0P1_Q75_lddt	B2RGD3_Q75_lddt	1.006E+00	9.818E-01	9.585E-01	31.700	40	41	41
P0C0P1_Q75_lddt	B7VEQ0_Q75_lddt	1.006E+00	9.818E-01	9.584E-01	31.700	40	41	41
P0C0P1_Q75_lddt	D0QXI5_Q75_lddt	1.006E+00	9.816E-01	9.583E-01	36.500	40	41	41
P0C0P1_Q75_lddt	Q5QQ10_Q75_lddt	1.005E+00	9.810E-01	9.577E-01	29.200	40	41	41
P0C0P1_Q75_lddt	F8T8W2_Q75_lddt	1.005E+00	9.810E-01	9.577E-01	31.700	40	41	41
P0C0P1_Q75_lddt	P95524_Q75_lddt	1.005E+00	9.807E-01	9.574E-01	34.100	40	41	41
P0C0P1_Q75_lddt	B0FND5_Q75_lddt	1.005E+00	9.804E-01	9.571E-01	34.100	40	41	41
P0C0P1_Q75_lddt	B2ZPD3_Q75_lddt	1.005E+00	9.804E-01	9.571E-01	31.700	40	41	41
P0C0P1_Q75_lddt	A0A4P6VV23_Q75_lddt	1.004E+00	9.799E-01	9.567E-01	29.200	40	41	41
P0C0P1_Q75_lddt	B0BKZ8_Q75_lddt	9.979E-01	9.739E-01	9.739E-01	35.000	40	40	40
P0C0P1_Q75_lddt	Q7BPB0_Q75_lddt	9.979E-01	9.739E-01	9.739E-01	35.000	40	40	40
P0C0P1_Q75_lddt	Q7X0I6_Q75_lddt	1.003E+00	9.790E-01	9.558E-01	31.700	40	41	41
P0C0P1_Q75_lddt	V5RSE8_Q75_lddt	1.003E+00	9.788E-01	9.556E-01	29.200	40	41	41
P0C0P1_Q75_lddt	U5NMJ1_Q75_lddt	9.965E-01	9.726E-01	9.726E-01	35.000	40	40	40
P0C0P1_Q75_lddt	Q934B2_Q75_lddt	1.002E+00	9.778E-01	9.547E-01	26.800	40	41	41
P0C0P1_Q75_lddt	Q59397_Q75_lddt	9.994E-01	9.512E-01	9.747E-01	47.500	40	40	39
P0C0P1_Q75_lddt	Q6A328_Q75_lddt	9.896E-01	9.661E-01	9.661E-01	50.000	40	40	40
P0C0P1_Q75_lddt	Q59408_Q75_lddt	9.890E-01	9.655E-01	9.655E-01	32.500	40	40	40
P0C0P1_Q75_lddt	A0A218N469_Q75_lddt	9.901E-01	9.429E-01	9.659E-01	50.000	40	40	39
P0C0P1_Q75_lddt	Q2XQ06_Q75_lddt	1.002E+00	9.294E-01	9.525E-01	30.700	40	39	39
P0C0P1_Q75_lddt	Q8VVN6_Q75_lddt	9.696E-01	9.464E-01	9.464E-01	39.000	40	41	40
P0C0P1_Q75_lddt	A0A193CHQ8_Q75_lddt	1.001E+00	9.288E-01	9.518E-01	30.700	40	39	39
P0C0P1_Q75_lddt	A0A7Z8DX35_Q75_lddt	9.840E-01	9.376E-01	9.603E-01	40.000	40	40	39
P0C0P1_Q75_lddt	A0A0M2AT09_Q75_lddt	9.758E-01	9.530E-01	9.530E-01	42.500	40	40	40
P0C0P1_Q75_lddt	Q9ZIF9_Q75_lddt	9.736E-01	9.510E-01	9.510E-01	57.500	40	40	40
P0C0P1_Q75_lddt	E6BTZ6_Q75_lddt	1.010E+00	9.852E-01	8.237E-01	55.000	40	40	48
P0C0P1_Q75_lddt	A0A7I8NPH7_Q75_lddt	9.603E-01	9.383E-01	9.383E-01	45.000	40	40	40
P0C0P1_Q75_lddt	Q79PC3_Q75_lddt	9.624E-01	9.403E-01	9.192E-01	29.200	40	41	41
P0C0P1_Q75_lddt	K4EJH1_Q75_lddt	9.636E-01	9.194E-01	9.410E-01	37.500	40	40	39
P0C0P1_Q75_lddt	A4IUE2_Q75_lddt	9.916E-01	9.680E-01	8.123E-01	47.500	40	40	48
P0C0P1_Q75_lddt	Q8VVE6_Q75_lddt	9.508E-01	9.287E-01	6.986E-01	20.000	40	55	54
P0C0P1_Q75_lddt	Q8GCW7_Q75_lddt	9.221E-01	8.012E-01	8.998E-01	32.500	40	40	35
P0C0P1_Q75_lddt	Q5W314_Q75_lddt	9.456E-01	9.238E-01	6.959E-01	21.800	40	55	54
P12833_Q75_lddt	P12833_Q75_lddt	1.026E+00	1.000E+00	1.000E+00	100.000	40	40	40
P12833_Q75_lddt	Q4H3Y3_Q75_lddt	1.008E+00	9.837E-01	9.837E-01	47.500	40	40	40
P12833_Q75_lddt	A0A6M3GZS6_Q75_lddt	1.008E+00	9.830E-01	9.830E-01	45.000	40	40	40
P12833_Q75_lddt	D5H463_Q75_lddt	1.007E+00	9.823E-01	9.823E-01	45.000	40	40	40
P12833_Q75_lddt	P0C0P1_Q75_lddt	1.007E+00	9.820E-01	9.820E-01	47.500	40	40	40
P12833_Q75_lddt	Q79CE5_Q75_lddt	1.003E+00	9.790E-01	9.790E-01	45.000	40	40	40
P12833_Q75_lddt	B7VEQ0_Q75_lddt	1.007E+00	9.823E-01	9.590E-01	39.000	40	41	41
P12833_Q75_lddt	Q7BPB0_Q75_lddt	1.000E+00	9.760E-01	9.760E-01	35.000	40	40	40
P12833_Q75_lddt	B2ZPD3_Q75_lddt	1.006E+00	9.812E-01	9.579E-01	39.000	40	41	41
P12833_Q75_lddt	Q689B1_Q75_lddt	1.006E+00	9.811E-01	9.578E-01	41.400	40	41	41
P12833_Q75_lddt	K4EK33_Q75_lddt	9.988E-01	9.747E-01	9.747E-01	50.000	40	40	40
P12833_Q75_lddt	P95524_Q75_lddt	1.005E+00	9.807E-01	9.575E-01	39.000	40	41	41
P12833_Q75_lddt	Q0QMM1_Q75_lddt	1.005E+00	9.804E-01	9.571E-01	39.000	40	41	41
P12833_Q75_lddt	F8T8W2_Q75_lddt	1.004E+00	9.799E-01	9.567E-01	41.400	40	41	41
P12833_Q75_lddt	B2RGD3_Q75_lddt	1.004E+00	9.798E-01	9.566E-01	39.000	40	41	41
P12833_Q75_lddt	Q5QQ10_Q75_lddt	1.004E+00	9.798E-01	9.565E-01	39.000	40	41	41
P12833_Q75_lddt	B0BKZ8_Q75_lddt	9.980E-01	9.740E-01	9.740E-01	37.500	40	40	40
P12833_Q75_lddt	Q5H760_Q75_lddt	1.004E+00	9.794E-01	9.562E-01	36.500	40	41	41
P12833_Q75_lddt	D1LUJ3_Q75_lddt	1.003E+00	9.790E-01	9.558E-01	43.900	40	41	41
P12833_Q75_lddt	B0FND5_Q75_lddt	1.003E+00	9.790E-01	9.558E-01	41.400	40	41	41
P12833_Q75_lddt	D0QXI5_Q75_lddt	1.002E+00	9.782E-01	9.550E-01	36.500	40	41	41
P12833_Q75_lddt	A0A4P6VV23_Q75_lddt	1.002E+00	9.777E-01	9.546E-01	39.000	40	41	41
P12833_Q75_lddt	U5NMJ1_Q75_lddt	9.958E-01	9.719E-01	9.719E-01	37.500	40	40	40
P12833_Q75_lddt	Q7X0I6_Q75_lddt	1.001E+00	9.773E-01	9.542E-01	36.500	40	41	41
P12833_Q75_lddt	V5RSE8_Q75_lddt	1.001E+00	9.765E-01	9.535E-01	39.000	40	41	41
P12833_Q75_lddt	Q934B2_Q75_lddt	1.000E+00	9.761E-01	9.530E-01	39.000	40	41	41
P12833_Q75_lddt	Q59408_Q75_lddt	9.925E-01	9.688E-01	9.688E-01	35.000	40	40	40
P12833_Q75_lddt	A0A7G8Z9Q0_Q75_lddt	9.924E-01	9.687E-01	9.687E-01	37.500	40	40	40
P12833_Q75_lddt	Q59397_Q75_lddt	9.985E-01	9.504E-01	9.739E-01	55.000	40	40	39
P12833_Q75_lddt	Q6A328_Q75_lddt	9.876E-01	9.642E-01	9.642E-01	47.500	40	40	40
P12833_Q75_lddt	K4EJH1_Q75_lddt	9.843E-01	9.378E-01	9.605E-01	40.000	40	40	39
P12833_Q75_lddt	Q2XQ06_Q75_lddt	9.973E-01	9.254E-01	9.483E-01	35.800	40	39	39
P12833_Q75_lddt	A0A193CHQ8_Q75_lddt	9.972E-01	9.253E-01	9.481E-01	35.800	40	39	39
P12833_Q75_lddt	A0A218N469_Q75_lddt	9.783E-01	9.323E-01	9.548E-01	45.000	40	40	39
P12833_Q75_lddt	Q8VVN6_Q75_lddt	9.613E-01	9.386E-01	9.386E-01	43.900	40	41	40
P12833_Q75_lddt	A0A7I8NPH7_Q75_lddt	9.692E-01	9.467E-01	9.467E-01	47.500	40	40	40
P12833_Q75_lddt	A0A0M2AT09_Q75_lddt	9.689E-01	9.466E-01	9.466E-01	45.000	40	40	40
P12833_Q75_lddt	E6BTZ6_Q75_lddt	1.009E+00	9.842E-01	8.230E-01	55.000	40	40	48
P12833_Q75_lddt	A4IUE2_Q75_lddt	1.004E+00	9.799E-01	8.201E-01	57.500	40	40	48
P12833_Q75_lddt	Q9ZIF9_Q75_lddt	9.557E-01	9.340E-01	9.340E-01	40.000	40	40	40
P12833_Q75_lddt	A0A7Z8DX35_Q75_lddt	9.624E-01	9.183E-01	9.398E-01	42.500	40	40	39
P12833_Q75_lddt	Q79PC3_Q75_lddt	9.554E-01	9.338E-01	9.130E-01	36.500	40	41	41
P12833_Q75_lddt	Q5W314_Q75_lddt	9.622E-01	9.394E-01	7.041E-01	27.200	40	55	54
P12833_Q75_lddt	Q8VVE6_Q75_lddt	9.603E-01	9.376E-01	7.032E-01	30.900	40	55	54
P12833_Q75_lddt	Q8GCW7_Q75_lddt	9.173E-01	7.974E-01	8.952E-01	35.000	40	40	35
P95524_Q75_lddt	P95524_Q75_lddt	1.025E+00	1.000E+00	1.000E+00	100.000	41	41	41
P95524_Q75_lddt	Q689B1_Q75_lddt	1.022E+00	9.971E-01	9.971E-01	80.400	41	41	41
P95524_Q75_lddt	D0QXI5_Q75_lddt	1.022E+00	9.969E-01	9.969E-01	97.500	41	41	41
P95524_Q75_lddt	Q5H760_Q75_lddt	1.022E+00	9.969E-01	9.969E-01	97.500	41	41	41
P95524_Q75_lddt	B0FND5_Q75_lddt	1.021E+00	9.964E-01	9.964E-01	78.000	41	41	41
P95524_Q75_lddt	B7VEQ0_Q75_lddt	1.021E+00	9.963E-01	9.963E-01	85.300	41	41	41
P95524_Q75_lddt	F8T8W2_Q75_lddt	1.020E+00	9.957E-01	9.957E-01	85.300	41	41	41
P95524_Q75_lddt	Q0QMM1_Q75_lddt	1.020E+00	9.957E-01	9.957E-01	82.900	41	41	41
P95524_Q75_lddt	B2ZPD3_Q75_lddt	1.020E+00	9.957E-01	9.957E-01	85.300	41	41	41
P95524_Q75_lddt	B2RGD3_Q75_lddt	1.020E+00	9.955E-01	9.955E-01	82.900	41	41	41
P95524_Q75_lddt	D1LUJ3_Q75_lddt	1.020E+00	9.955E-01	9.955E-01	75.600	41	41	41
P95524_Q75_lddt	Q5QQ10_Q75_lddt	1.019E+00	9.941E-01	9.941E-01	82.900	41	41	41
P95524_Q75_lddt	Q934B2_Q75_lddt	1.018E+00	9.937E-01	9.937E-01	78.000	41	41	41
P95524_Q75_lddt	Q7X0I6_Q75_lddt	1.018E+00	9.933E-01	9.933E-01	80.400	41	41	41
P95524_Q75_lddt	A0A4P6VV23_Q75_lddt	1.018E+00	9.930E-01	9.930E-01	82.900	41	41	41
P95524_Q75_lddt	V5RSE8_Q75_lddt	1.017E+00	9.925E-01	9.925E-01	82.900	41	41	41
P95524_Q75_lddt	A0A193CHQ8_Q75_lddt	1.019E+00	9.453E-01	9.933E-01	79.400	41	39	39
P95524_Q75_lddt	Q2XQ06_Q75_lddt	1.019E+00	9.453E-01	9.933E-01	79.400	41	39	39
P95524_Q75_lddt	P12833_Q75_lddt	1.005E+00	9.575E-01	9.807E-01	39.000	41	41	40
P95524_Q75_lddt	P0C0P1_Q75_lddt	1.005E+00	9.574E-01	9.807E-01	34.100	41	41	40
P95524_Q75_lddt	Q7BPB0_Q75_lddt	1.004E+00	9.561E-01	9.793E-01	48.700	41	41	40
P95524_Q75_lddt	Q4H3Y3_Q75_lddt	1.003E+00	9.556E-01	9.788E-01	39.000	41	41	40
P95524_Q75_lddt	D5H463_Q75_lddt	1.003E+00	9.557E-01	9.788E-01	39.000	41	41	40
P95524_Q75_lddt	Q79CE5_Q75_lddt	1.002E+00	9.546E-01	9.777E-01	39.000	41	41	40
P95524_Q75_lddt	B0BKZ8_Q75_lddt	1.002E+00	9.545E-01	9.776E-01	46.300	41	41	40
P95524_Q75_lddt	A0A6M3GZS6_Q75_lddt	1.001E+00	9.541E-01	9.772E-01	56.000	41	41	40
P95524_Q75_lddt	U5NMJ1_Q75_lddt	1.001E+00	9.533E-01	9.764E-01	46.300	41	41	40
P95524_Q75_lddt	K4EK33_Q75_lddt	9.956E-01	9.489E-01	9.717E-01	36.500	41	41	40
P95524_Q75_lddt	Q59408_Q75_lddt	9.951E-01	9.485E-01	9.713E-01	43.900	41	41	40
P95524_Q75_lddt	A0A7G8Z9Q0_Q75_lddt	9.921E-01	9.459E-01	9.685E-01	39.000	41	41	40
P95524_Q75_lddt	Q59397_Q75_lddt	9.987E-01	9.282E-01	9.741E-01	41.400	41	41	39
P95524_Q75_lddt	Q6A328_Q75_lddt	9.903E-01	9.442E-01	9.667E-01	34.100	41	41	40
P95524_Q75_lddt	A0A218N469_Q75_lddt	9.932E-01	9.235E-01	9.689E-01	41.400	41	41	39
P95524_Q75_lddt	Q8VVN6_Q75_lddt	9.746E-01	9.296E-01	9.516E-01	39.000	41	41	40
P95524_Q75_lddt	Q9ZIF9_Q75_lddt	9.754E-01	9.310E-01	9.527E-01	34.100	41	41	40
P95524_Q75_lddt	A0A7Z8DX35_Q75_lddt	9.813E-01	9.136E-01	9.577E-01	43.900	41	41	39
P95524_Q75_lddt	A0A0M2AT09_Q75_lddt	9.699E-01	9.259E-01	9.474E-01	31.700	41	41	40
P95524_Q75_lddt	A0A7I8NPH7_Q75_lddt	9.625E-01	9.193E-01	9.404E-01	31.700	41	41	40
P95524_Q75_lddt	E6BTZ6_Q75_lddt	1.009E+00	9.607E-01	8.230E-01	41.400	41	41	48
P95524_Q75_lddt	Q79PC3_Q75_lddt	9.481E-01	9.270E-01	9.270E-01	29.200	41	41	41
P95524_Q75_lddt	K4EJH1_Q75_lddt	9.667E-01	9.014E-01	9.440E-01	34.100	41	41	39
P95524_Q75_lddt	A4IUE2_Q75_lddt	9.895E-01	9.435E-01	8.110E-01	39.000	41	41	48
P95524_Q75_lddt	Q5W314_Q75_lddt	9.313E-01	9.100E-01	7.000E-01	16.000	41	56	54
P95524_Q75_lddt	Q8GCW7_Q75_lddt	9.244E-01	7.853E-01	9.020E-01	24.300	41	41	35
P95524_Q75_lddt	Q8VVE6_Q75_lddt	9.267E-01	9.056E-01	6.974E-01	19.600	41	56	54
