A0A0M2AT09_conserved	A0A0M2AT09_conserved	1.019E+00	1.000E+00	1.000E+00	100.000	53	53	53
A0A0M2AT09_conserved	A0A7G8Z9Q0_conserved	9.788E-01	9.611E-01	9.440E-01	58.400	53	53	54
A0A0M2AT09_conserved	Q79CE5_conserved	9.768E-01	9.593E-01	9.423E-01	60.300	53	53	54
A0A0M2AT09_conserved	D5H463_conserved	9.756E-01	9.581E-01	9.412E-01	60.300	53	53	54
A0A0M2AT09_conserved	E6BTZ6_conserved	9.702E-01	9.528E-01	9.360E-01	56.600	53	53	54
A0A0M2AT09_conserved	Q4H3Y3_conserved	9.689E-01	9.517E-01	9.350E-01	62.200	53	53	54
A0A0M2AT09_conserved	P0C0P1_conserved	9.690E-01	9.345E-01	9.345E-01	73.500	53	53	53
A0A0M2AT09_conserved	A0A7I8NPH7_conserved	9.622E-01	9.450E-01	9.123E-01	64.100	53	53	55
A0A0M2AT09_conserved	A0A218N469_conserved	9.539E-01	9.372E-01	9.372E-01	56.600	53	53	53
A0A0M2AT09_conserved	Q6A328_conserved	9.513E-01	9.345E-01	9.183E-01	56.600	53	53	54
A0A0M2AT09_conserved	A0A6M3GZS6_conserved	9.494E-01	9.326E-01	9.164E-01	54.700	53	53	54
A0A0M2AT09_conserved	P12833_conserved	9.532E-01	9.365E-01	9.204E-01	64.100	53	53	54
A0A0M2AT09_conserved	B0BKZ8_conserved	9.490E-01	9.323E-01	9.161E-01	52.800	53	53	54
A0A0M2AT09_conserved	U5NMJ1_conserved	9.472E-01	9.305E-01	9.144E-01	50.900	53	53	54
A0A0M2AT09_conserved	Q8VVE6_conserved	9.480E-01	9.313E-01	9.152E-01	41.500	53	53	54
A0A0M2AT09_conserved	Q7BPB0_conserved	9.417E-01	9.252E-01	9.093E-01	49.000	53	53	54
A0A0M2AT09_conserved	Q59408_conserved	9.379E-01	9.215E-01	9.057E-01	50.900	53	53	54
A0A0M2AT09_conserved	K4EK33_conserved	9.373E-01	9.209E-01	9.051E-01	58.400	53	53	54
A0A0M2AT09_conserved	Q9ZIF9_conserved	9.342E-01	9.180E-01	9.180E-01	56.600	53	53	53
A0A0M2AT09_conserved	Q59397_conserved	9.299E-01	9.138E-01	8.982E-01	47.100	53	53	54
A0A0M2AT09_conserved	A4IUE2_conserved	9.338E-01	9.178E-01	8.874E-01	58.400	53	53	55
A0A0M2AT09_conserved	A0A4P6VV23_conserved	9.134E-01	8.979E-01	8.828E-01	49.000	53	53	54
A0A0M2AT09_conserved	V5RSE8_conserved	9.127E-01	8.971E-01	8.821E-01	49.000	53	53	54
A0A0M2AT09_conserved	D0QXI5_conserved	9.113E-01	8.958E-01	8.808E-01	49.000	53	53	54
A0A0M2AT09_conserved	Q5QQ10_conserved	9.111E-01	8.956E-01	8.807E-01	49.000	53	53	54
A0A0M2AT09_conserved	Q7X0I6_conserved	9.113E-01	8.959E-01	8.809E-01	49.000	53	53	54
A0A0M2AT09_conserved	Q689B1_conserved	9.113E-01	8.958E-01	8.808E-01	49.000	53	53	54
A0A0M2AT09_conserved	Q5H760_conserved	9.105E-01	8.950E-01	8.801E-01	49.000	53	53	54
A0A0M2AT09_conserved	B2RGD3_conserved	9.106E-01	8.951E-01	8.802E-01	49.000	53	53	54
A0A0M2AT09_conserved	B0FND5_conserved	9.106E-01	8.951E-01	8.801E-01	49.000	53	53	54
A0A0M2AT09_conserved	Q2XQ06_conserved	9.115E-01	8.804E-01	8.957E-01	50.000	53	52	52
A0A0M2AT09_conserved	A0A193CHQ8_conserved	9.115E-01	8.805E-01	8.957E-01	50.000	53	52	52
A0A0M2AT09_conserved	A0A7Z8DX35_conserved	9.058E-01	8.903E-01	8.753E-01	50.900	53	53	54
A0A0M2AT09_conserved	Q5W314_conserved	9.063E-01	8.908E-01	8.759E-01	41.500	53	53	54
A0A0M2AT09_conserved	F8T8W2_conserved	9.100E-01	8.946E-01	8.796E-01	49.000	53	53	54
A0A0M2AT09_conserved	Q934B2_conserved	9.100E-01	8.946E-01	8.796E-01	49.000	53	53	54
A0A0M2AT09_conserved	B2ZPD3_conserved	9.078E-01	8.924E-01	8.775E-01	47.100	53	53	54
A0A0M2AT09_conserved	Q79PC3_conserved	9.146E-01	8.669E-01	8.823E-01	42.500	53	54	52
A0A0M2AT09_conserved	Q0QMM1_conserved	9.080E-01	8.926E-01	8.778E-01	49.000	53	53	54
A0A0M2AT09_conserved	B7VEQ0_conserved	9.055E-01	8.902E-01	8.754E-01	47.100	53	53	54
A0A0M2AT09_conserved	D1LUJ3_conserved	9.049E-01	8.896E-01	8.748E-01	50.900	53	53	54
A0A0M2AT09_conserved	P95524_conserved	9.016E-01	8.864E-01	8.718E-01	49.000	53	53	54
A0A0M2AT09_conserved	Q8VVN6_conserved	9.058E-01	8.751E-01	8.751E-01	54.700	53	53	53
A0A0M2AT09_conserved	Q8GCW7_conserved	8.424E-01	8.015E-01	8.015E-01	46.100	53	52	53
A0A0M2AT09_conserved	K4EJH1_conserved	8.360E-01	7.828E-01	8.086E-01	41.500	53	53	51
A0A193CHQ8_conserved	A0A193CHQ8_conserved	1.020E+00	1.000E+00	1.000E+00	100.000	52	52	52
A0A193CHQ8_conserved	Q2XQ06_conserved	1.020E+00	9.999E-01	9.999E-01	100.000	52	52	52
A0A193CHQ8_conserved	B2RGD3_conserved	1.018E+00	9.981E-01	9.612E-01	98.000	52	52	54
A0A193CHQ8_conserved	F8T8W2_conserved	1.017E+00	9.980E-01	9.611E-01	98.000	52	52	54
A0A193CHQ8_conserved	Q0QMM1_conserved	1.017E+00	9.978E-01	9.610E-01	98.000	52	52	54
A0A193CHQ8_conserved	Q934B2_conserved	1.017E+00	9.971E-01	9.603E-01	94.200	52	52	54
A0A193CHQ8_conserved	Q5QQ10_conserved	1.016E+00	9.970E-01	9.602E-01	98.000	52	52	54
A0A193CHQ8_conserved	A0A4P6VV23_conserved	1.016E+00	9.966E-01	9.598E-01	96.100	52	52	54
A0A193CHQ8_conserved	V5RSE8_conserved	1.016E+00	9.963E-01	9.596E-01	96.100	52	52	54
A0A193CHQ8_conserved	Q689B1_conserved	1.015E+00	9.960E-01	9.593E-01	88.400	52	52	54
A0A193CHQ8_conserved	B2ZPD3_conserved	1.015E+00	9.959E-01	9.592E-01	90.300	52	52	54
A0A193CHQ8_conserved	D0QXI5_conserved	1.015E+00	9.954E-01	9.587E-01	96.100	52	52	54
A0A193CHQ8_conserved	Q5H760_conserved	1.014E+00	9.947E-01	9.581E-01	96.100	52	52	54
A0A193CHQ8_conserved	B7VEQ0_conserved	1.014E+00	9.946E-01	9.580E-01	90.300	52	52	54
A0A193CHQ8_conserved	B0FND5_conserved	1.014E+00	9.945E-01	9.579E-01	90.300	52	52	54
A0A193CHQ8_conserved	Q7X0I6_conserved	1.014E+00	9.943E-01	9.577E-01	94.200	52	52	54
A0A193CHQ8_conserved	P95524_conserved	1.011E+00	9.921E-01	9.557E-01	96.100	52	52	54
A0A193CHQ8_conserved	D1LUJ3_conserved	1.010E+00	9.906E-01	9.543E-01	86.500	52	52	54
A0A193CHQ8_conserved	A0A6M3GZS6_conserved	9.631E-01	9.457E-01	9.126E-01	73.000	52	52	54
A0A193CHQ8_conserved	Q7BPB0_conserved	9.601E-01	9.428E-01	9.099E-01	73.000	52	52	54
A0A193CHQ8_conserved	B0BKZ8_conserved	9.573E-01	9.401E-01	9.074E-01	71.100	52	52	54
A0A193CHQ8_conserved	A0A218N469_conserved	9.454E-01	9.284E-01	9.120E-01	51.900	52	52	53
A0A193CHQ8_conserved	U5NMJ1_conserved	9.540E-01	9.369E-01	9.044E-01	69.200	52	52	54
A0A193CHQ8_conserved	Q59397_conserved	9.517E-01	9.346E-01	9.020E-01	48.000	52	52	54
A0A193CHQ8_conserved	Q9ZIF9_conserved	9.474E-01	9.306E-01	9.144E-01	57.600	52	52	53
A0A193CHQ8_conserved	Q79CE5_conserved	9.435E-01	9.266E-01	8.946E-01	53.800	52	52	54
A0A193CHQ8_conserved	P12833_conserved	9.422E-01	9.253E-01	8.933E-01	61.500	52	52	54
A0A193CHQ8_conserved	E6BTZ6_conserved	9.395E-01	9.226E-01	8.907E-01	51.900	52	52	54
A0A193CHQ8_conserved	Q59408_conserved	9.414E-01	9.246E-01	8.929E-01	67.300	52	52	54
A0A193CHQ8_conserved	D5H463_conserved	9.381E-01	9.213E-01	8.895E-01	53.800	52	52	54
A0A193CHQ8_conserved	Q4H3Y3_conserved	9.373E-01	9.206E-01	8.889E-01	55.700	52	52	54
A0A193CHQ8_conserved	P0C0P1_conserved	9.345E-01	9.013E-01	8.856E-01	50.000	52	52	53
A0A193CHQ8_conserved	K4EK33_conserved	9.233E-01	9.070E-01	8.762E-01	46.100	52	52	54
A0A193CHQ8_conserved	A0A7I8NPH7_conserved	9.252E-01	9.090E-01	8.633E-01	51.900	52	52	55
A0A193CHQ8_conserved	A0A7G8Z9Q0_conserved	9.181E-01	9.021E-01	8.716E-01	51.900	52	52	54
A0A193CHQ8_conserved	A0A7Z8DX35_conserved	9.150E-01	8.990E-01	8.685E-01	53.800	52	52	54
A0A193CHQ8_conserved	A4IUE2_conserved	9.247E-01	9.087E-01	8.636E-01	51.900	52	52	55
A0A193CHQ8_conserved	A0A0M2AT09_conserved	9.115E-01	8.957E-01	8.805E-01	50.000	52	52	53
A0A193CHQ8_conserved	Q8VVN6_conserved	9.130E-01	8.810E-01	8.659E-01	53.800	52	52	53
A0A193CHQ8_conserved	Q8VVE6_conserved	9.041E-01	8.888E-01	8.596E-01	42.300	52	52	54
A0A193CHQ8_conserved	Q6A328_conserved	8.976E-01	8.822E-01	8.530E-01	46.100	52	52	54
A0A193CHQ8_conserved	Q79PC3_conserved	8.987E-01	8.517E-01	8.517E-01	39.600	52	53	52
A0A193CHQ8_conserved	Q5W314_conserved	8.883E-01	8.732E-01	8.445E-01	43.300	52	53	54
A0A193CHQ8_conserved	K4EJH1_conserved	8.902E-01	8.299E-01	8.442E-01	34.600	52	52	51
A0A193CHQ8_conserved	Q8GCW7_conserved	8.312E-01	7.900E-01	7.771E-01	39.200	52	51	53
A0A218N469_conserved	A0A218N469_conserved	1.019E+00	1.000E+00	1.000E+00	100.000	53	53	53
A0A218N469_conserved	P12833_conserved	9.916E-01	9.734E-01	9.559E-01	75.400	53	53	54
A0A218N469_conserved	Q79CE5_conserved	9.906E-01	9.725E-01	9.551E-01	67.900	53	53	54
A0A218N469_conserved	D5H463_conserved	9.880E-01	9.700E-01	9.526E-01	64.100	53	53	54
A0A218N469_conserved	Q4H3Y3_conserved	9.880E-01	9.700E-01	9.526E-01	67.900	53	53	54
A0A218N469_conserved	P0C0P1_conserved	9.887E-01	9.526E-01	9.526E-01	71.600	53	53	53
A0A218N469_conserved	E6BTZ6_conserved	9.788E-01	9.610E-01	9.439E-01	66.000	53	53	54
A0A218N469_conserved	Q7BPB0_conserved	9.737E-01	9.560E-01	9.390E-01	64.100	53	53	54
A0A218N469_conserved	B0BKZ8_conserved	9.697E-01	9.522E-01	9.352E-01	62.200	53	53	54
A0A218N469_conserved	A0A6M3GZS6_conserved	9.675E-01	9.500E-01	9.331E-01	66.000	53	53	54
A0A218N469_conserved	U5NMJ1_conserved	9.679E-01	9.504E-01	9.335E-01	62.200	53	53	54
A0A218N469_conserved	A4IUE2_conserved	9.759E-01	9.584E-01	9.251E-01	73.500	53	53	55
A0A218N469_conserved	Q9ZIF9_conserved	9.599E-01	9.427E-01	9.427E-01	60.300	53	53	53
A0A218N469_conserved	Q59397_conserved	9.622E-01	9.449E-01	9.282E-01	62.200	53	53	54
A0A218N469_conserved	K4EK33_conserved	9.576E-01	9.404E-01	9.239E-01	62.200	53	53	54
A0A218N469_conserved	A0A7G8Z9Q0_conserved	9.579E-01	9.410E-01	9.246E-01	64.100	53	53	54
A0A218N469_conserved	A0A0M2AT09_conserved	9.539E-01	9.372E-01	9.372E-01	56.600	53	53	53
A0A218N469_conserved	A0A7I8NPH7_conserved	9.572E-01	9.402E-01	9.078E-01	62.200	53	53	55
A0A218N469_conserved	B2RGD3_conserved	9.490E-01	9.322E-01	9.160E-01	52.800	53	53	54
A0A218N469_conserved	Q0QMM1_conserved	9.476E-01	9.309E-01	9.147E-01	52.800	53	53	54
A0A218N469_conserved	F8T8W2_conserved	9.477E-01	9.309E-01	9.147E-01	52.800	53	53	54
A0A218N469_conserved	A0A4P6VV23_conserved	9.479E-01	9.311E-01	9.149E-01	54.700	53	53	54
A0A218N469_conserved	Q689B1_conserved	9.473E-01	9.305E-01	9.144E-01	56.600	53	53	54
A0A218N469_conserved	Q934B2_conserved	9.469E-01	9.302E-01	9.140E-01	54.700	53	53	54
A0A218N469_conserved	B2ZPD3_conserved	9.463E-01	9.296E-01	9.134E-01	52.800	53	53	54
A0A218N469_conserved	Q5H760_conserved	9.461E-01	9.294E-01	9.133E-01	52.800	53	53	54
A0A218N469_conserved	B0FND5_conserved	9.454E-01	9.287E-01	9.126E-01	54.700	53	53	54
A0A218N469_conserved	B7VEQ0_conserved	9.452E-01	9.286E-01	9.125E-01	52.800	53	53	54
A0A218N469_conserved	D0QXI5_conserved	9.453E-01	9.286E-01	9.125E-01	52.800	53	53	54
A0A218N469_conserved	Q7X0I6_conserved	9.455E-01	9.288E-01	9.127E-01	56.600	53	53	54
A0A218N469_conserved	A0A193CHQ8_conserved	9.454E-01	9.120E-01	9.284E-01	51.900	53	52	52
A0A218N469_conserved	Q2XQ06_conserved	9.453E-01	9.119E-01	9.283E-01	51.900	53	52	52
A0A218N469_conserved	Q5QQ10_conserved	9.450E-01	9.283E-01	9.122E-01	52.800	53	53	54
A0A218N469_conserved	V5RSE8_conserved	9.451E-01	9.284E-01	9.123E-01	54.700	53	53	54
A0A218N469_conserved	P95524_conserved	9.443E-01	9.276E-01	9.115E-01	52.800	53	53	54
A0A218N469_conserved	D1LUJ3_conserved	9.430E-01	9.265E-01	9.104E-01	58.400	53	53	54
A0A218N469_conserved	Q8VVE6_conserved	9.473E-01	9.307E-01	9.147E-01	41.500	53	53	54
A0A218N469_conserved	Q59408_conserved	9.412E-01	9.246E-01	9.087E-01	58.400	53	53	54
A0A218N469_conserved	Q5W314_conserved	9.406E-01	9.241E-01	9.082E-01	41.500	53	53	54
A0A218N469_conserved	Q6A328_conserved	9.362E-01	9.200E-01	9.042E-01	62.200	53	53	54
A0A218N469_conserved	A0A7Z8DX35_conserved	9.252E-01	9.089E-01	8.931E-01	51.800	53	54	54
A0A218N469_conserved	Q8VVN6_conserved	9.310E-01	8.984E-01	8.984E-01	60.300	53	53	53
A0A218N469_conserved	Q79PC3_conserved	9.073E-01	8.603E-01	8.754E-01	44.400	53	54	52
A0A218N469_conserved	K4EJH1_conserved	8.634E-01	8.074E-01	8.345E-01	49.000	53	53	51
A0A218N469_conserved	Q8GCW7_conserved	8.341E-01	7.937E-01	7.937E-01	44.200	53	52	53
A0A4P6VV23_conserved	A0A4P6VV23_conserved	1.019E+00	1.000E+00	1.000E+00	100.000	54	54	54
A0A4P6VV23_conserved	V5RSE8_conserved	1.018E+00	9.990E-01	9.990E-01	100.000	54	54	54
A0A4P6VV23_conserved	Q7X0I6_conserved	1.018E+00	9.987E-01	9.987E-01	98.100	54	54	54
A0A4P6VV23_conserved	Q5QQ10_conserved	1.017E+00	9.985E-01	9.985E-01	98.100	54	54	54
A0A4P6VV23_conserved	Q934B2_conserved	1.016E+00	9.975E-01	9.975E-01	98.100	54	54	54
A0A4P6VV23_conserved	F8T8W2_conserved	1.015E+00	9.967E-01	9.967E-01	98.100	54	54	54
A0A4P6VV23_conserved	Q0QMM1_conserved	1.015E+00	9.964E-01	9.964E-01	98.100	54	54	54
A0A4P6VV23_conserved	B2RGD3_conserved	1.015E+00	9.963E-01	9.963E-01	98.100	54	54	54
A0A4P6VV23_conserved	B2ZPD3_conserved	1.015E+00	9.960E-01	9.960E-01	90.700	54	54	54
A0A4P6VV23_conserved	Q689B1_conserved	1.014E+00	9.956E-01	9.956E-01	88.800	54	54	54
A0A4P6VV23_conserved	Q5H760_conserved	1.014E+00	9.954E-01	9.954E-01	96.200	54	54	54
A0A4P6VV23_conserved	B7VEQ0_conserved	1.013E+00	9.947E-01	9.947E-01	90.700	54	54	54
A0A4P6VV23_conserved	D0QXI5_conserved	1.013E+00	9.947E-01	9.947E-01	96.200	54	54	54
A0A4P6VV23_conserved	B0FND5_conserved	1.013E+00	9.945E-01	9.945E-01	90.700	54	54	54
A0A4P6VV23_conserved	P95524_conserved	1.011E+00	9.923E-01	9.923E-01	96.200	54	54	54
A0A4P6VV23_conserved	D1LUJ3_conserved	1.010E+00	9.919E-01	9.919E-01	87.000	54	54	54
A0A4P6VV23_conserved	A0A193CHQ8_conserved	1.016E+00	9.598E-01	9.966E-01	96.100	54	52	52
A0A4P6VV23_conserved	Q2XQ06_conserved	1.016E+00	9.597E-01	9.964E-01	96.100	54	52	52
A0A4P6VV23_conserved	Q59397_conserved	9.508E-01	9.343E-01	9.343E-01	50.000	54	54	54
A0A4P6VV23_conserved	A0A6M3GZS6_conserved	9.624E-01	9.287E-01	9.287E-01	69.800	54	53	54
A0A4P6VV23_conserved	E6BTZ6_conserved	9.438E-01	9.274E-01	9.274E-01	55.500	54	54	54
A0A4P6VV23_conserved	Q79CE5_conserved	9.428E-01	9.265E-01	9.265E-01	57.400	54	54	54
A0A4P6VV23_conserved	P12833_conserved	9.426E-01	9.263E-01	9.263E-01	61.100	54	54	54
A0A4P6VV23_conserved	A0A218N469_conserved	9.479E-01	9.149E-01	9.311E-01	54.700	54	53	53
A0A4P6VV23_conserved	Q7BPB0_conserved	9.572E-01	9.239E-01	9.239E-01	67.900	54	53	54
A0A4P6VV23_conserved	Q9ZIF9_conserved	9.505E-01	9.178E-01	9.339E-01	60.300	54	53	53
A0A4P6VV23_conserved	B0BKZ8_conserved	9.532E-01	9.202E-01	9.202E-01	66.000	54	53	54
A0A4P6VV23_conserved	Q4H3Y3_conserved	9.383E-01	9.222E-01	9.222E-01	59.200	54	54	54
A0A4P6VV23_conserved	D5H463_conserved	9.384E-01	9.222E-01	9.222E-01	57.400	54	54	54
A0A4P6VV23_conserved	U5NMJ1_conserved	9.501E-01	9.173E-01	9.173E-01	64.100	54	53	54
A0A4P6VV23_conserved	P0C0P1_conserved	9.364E-01	9.042E-01	9.200E-01	53.700	54	54	53
A0A4P6VV23_conserved	K4EK33_conserved	9.235E-01	9.078E-01	9.078E-01	46.200	54	54	54
A0A4P6VV23_conserved	Q59408_conserved	9.375E-01	9.055E-01	9.055E-01	62.200	54	53	54
A0A4P6VV23_conserved	A4IUE2_conserved	9.274E-01	9.118E-01	8.967E-01	51.800	54	54	55
A0A4P6VV23_conserved	A0A7G8Z9Q0_conserved	9.119E-01	8.965E-01	8.965E-01	53.700	54	54	54
A0A4P6VV23_conserved	A0A7Z8DX35_conserved	9.108E-01	8.955E-01	8.955E-01	53.700	54	54	54
A0A4P6VV23_conserved	A0A7I8NPH7_conserved	9.268E-01	8.952E-01	8.802E-01	52.800	54	53	55
A0A4P6VV23_conserved	A0A0M2AT09_conserved	9.134E-01	8.828E-01	8.979E-01	49.000	54	53	53
A0A4P6VV23_conserved	Q8VVN6_conserved	9.172E-01	8.705E-01	8.855E-01	52.800	54	53	53
A0A4P6VV23_conserved	Q79PC3_conserved	9.070E-01	8.609E-01	8.911E-01	40.000	54	55	52
A0A4P6VV23_conserved	Q8VVE6_conserved	9.121E-01	8.819E-01	8.819E-01	39.600	54	53	54
A0A4P6VV23_conserved	Q6A328_conserved	8.899E-01	8.751E-01	8.751E-01	48.100	54	54	54
A0A4P6VV23_conserved	Q5W314_conserved	8.891E-01	8.744E-01	8.744E-01	41.800	54	55	54
A0A4P6VV23_conserved	K4EJH1_conserved	8.953E-01	8.216E-01	8.644E-01	37.700	54	53	51
A0A4P6VV23_conserved	Q8GCW7_conserved	8.264E-01	7.869E-01	7.997E-01	39.600	54	53	53
A0A6M3GZS6_conserved	A0A6M3GZS6_conserved	1.019E+00	1.000E+00	1.000E+00	100.000	54	54	54
A0A6M3GZS6_conserved	Q7BPB0_conserved	9.972E-01	9.791E-01	9.791E-01	88.800	54	54	54
A0A6M3GZS6_conserved	B0BKZ8_conserved	1.007E+00	9.701E-01	9.701E-01	83.000	54	53	54
A0A6M3GZS6_conserved	U5NMJ1_conserved	1.005E+00	9.683E-01	9.683E-01	81.100	54	53	54
A0A6M3GZS6_conserved	Q59408_conserved	9.865E-01	9.513E-01	9.513E-01	79.200	54	53	54
A0A6M3GZS6_conserved	Q9ZIF9_conserved	9.804E-01	9.457E-01	9.628E-01	66.000	54	53	53
A0A6M3GZS6_conserved	P12833_conserved	9.759E-01	9.409E-01	9.409E-01	73.500	54	53	54
A0A6M3GZS6_conserved	Q79CE5_conserved	9.747E-01	9.399E-01	9.399E-01	58.400	54	53	54
A0A6M3GZS6_conserved	D5H463_conserved	9.737E-01	9.389E-01	9.389E-01	60.300	54	53	54
A0A6M3GZS6_conserved	Q4H3Y3_conserved	9.731E-01	9.383E-01	9.383E-01	62.200	54	53	54
A0A6M3GZS6_conserved	A0A218N469_conserved	9.675E-01	9.331E-01	9.500E-01	66.000	54	53	53
A0A6M3GZS6_conserved	Q689B1_conserved	9.689E-01	9.347E-01	9.347E-01	69.800	54	53	54
A0A6M3GZS6_conserved	P0C0P1_conserved	9.712E-01	9.191E-01	9.359E-01	60.300	54	53	53
A0A6M3GZS6_conserved	B0FND5_conserved	9.670E-01	9.330E-01	9.330E-01	71.600	54	53	54
A0A6M3GZS6_conserved	Q5H760_conserved	9.655E-01	9.316E-01	9.316E-01	71.600	54	53	54
A0A6M3GZS6_conserved	B2RGD3_conserved	9.653E-01	9.314E-01	9.314E-01	71.600	54	53	54
A0A6M3GZS6_conserved	F8T8W2_conserved	9.648E-01	9.310E-01	9.310E-01	71.600	54	53	54
A0A6M3GZS6_conserved	Q8VVE6_conserved	9.491E-01	9.325E-01	9.325E-01	48.100	54	54	54
A0A6M3GZS6_conserved	D0QXI5_conserved	9.644E-01	9.306E-01	9.306E-01	71.600	54	53	54
A0A6M3GZS6_conserved	E6BTZ6_conserved	9.582E-01	9.243E-01	9.243E-01	54.700	54	53	54
A0A6M3GZS6_conserved	Q0QMM1_conserved	9.634E-01	9.296E-01	9.296E-01	71.600	54	53	54
A0A6M3GZS6_conserved	A0A4P6VV23_conserved	9.624E-01	9.287E-01	9.287E-01	69.800	54	53	54
A0A6M3GZS6_conserved	Q5QQ10_conserved	9.625E-01	9.289E-01	9.289E-01	71.600	54	53	54
A0A6M3GZS6_conserved	B2ZPD3_conserved	9.619E-01	9.283E-01	9.283E-01	71.600	54	53	54
A0A6M3GZS6_conserved	V5RSE8_conserved	9.620E-01	9.283E-01	9.283E-01	69.800	54	53	54
A0A6M3GZS6_conserved	Q934B2_conserved	9.620E-01	9.284E-01	9.284E-01	67.900	54	53	54
A0A6M3GZS6_conserved	A0A193CHQ8_conserved	9.631E-01	9.126E-01	9.457E-01	73.000	54	52	52
A0A6M3GZS6_conserved	Q2XQ06_conserved	9.627E-01	9.122E-01	9.452E-01	73.000	54	52	52
A0A6M3GZS6_conserved	D1LUJ3_conserved	9.612E-01	9.277E-01	9.277E-01	67.900	54	53	54
A0A6M3GZS6_conserved	Q7X0I6_conserved	9.610E-01	9.274E-01	9.274E-01	67.900	54	53	54
A0A6M3GZS6_conserved	P95524_conserved	9.602E-01	9.267E-01	9.267E-01	71.600	54	53	54
A0A6M3GZS6_conserved	B7VEQ0_conserved	9.602E-01	9.267E-01	9.267E-01	71.600	54	53	54
A0A6M3GZS6_conserved	A0A7G8Z9Q0_conserved	9.540E-01	9.205E-01	9.205E-01	56.600	54	53	54
A0A6M3GZS6_conserved	A0A0M2AT09_conserved	9.494E-01	9.164E-01	9.326E-01	54.700	54	53	53
A0A6M3GZS6_conserved	Q59397_conserved	9.528E-01	9.196E-01	9.196E-01	54.700	54	53	54
A0A6M3GZS6_conserved	K4EK33_conserved	9.441E-01	9.112E-01	9.112E-01	58.400	54	53	54
A0A6M3GZS6_conserved	A4IUE2_conserved	9.513E-01	9.183E-01	9.027E-01	67.900	54	53	55
A0A6M3GZS6_conserved	Q5W314_conserved	9.378E-01	9.053E-01	9.053E-01	46.200	54	54	54
A0A6M3GZS6_conserved	A0A7I8NPH7_conserved	9.404E-01	9.078E-01	8.923E-01	54.700	54	53	55
A0A6M3GZS6_conserved	Q6A328_conserved	9.321E-01	9.002E-01	9.002E-01	58.400	54	53	54
A0A6M3GZS6_conserved	A0A7Z8DX35_conserved	9.162E-01	8.852E-01	8.852E-01	52.800	54	53	54
A0A6M3GZS6_conserved	Q8VVN6_conserved	8.955E-01	8.653E-01	8.802E-01	61.100	54	54	53
A0A6M3GZS6_conserved	Q79PC3_conserved	8.943E-01	8.342E-01	8.633E-01	48.100	54	54	52
A0A6M3GZS6_conserved	K4EJH1_conserved	8.484E-01	7.811E-01	8.202E-01	43.300	54	53	51
A0A6M3GZS6_conserved	Q8GCW7_conserved	8.190E-01	7.675E-01	7.798E-01	42.300	54	52	53
A0A7G8Z9Q0_conserved	A0A7G8Z9Q0_conserved	1.019E+00	1.000E+00	1.000E+00	100.000	54	54	54
A0A7G8Z9Q0_conserved	E6BTZ6_conserved	9.840E-01	9.663E-01	9.663E-01	77.700	54	54	54
A0A7G8Z9Q0_conserved	D5H463_conserved	9.739E-01	9.565E-01	9.565E-01	62.900	54	54	54
A0A7G8Z9Q0_conserved	Q79CE5_conserved	9.725E-01	9.551E-01	9.551E-01	62.900	54	54	54
A0A7G8Z9Q0_conserved	Q6A328_conserved	9.887E-01	9.533E-01	9.533E-01	73.500	54	53	54
A0A7G8Z9Q0_conserved	Q4H3Y3_conserved	9.705E-01	9.533E-01	9.533E-01	64.800	54	54	54
A0A7G8Z9Q0_conserved	A0A0M2AT09_conserved	9.788E-01	9.440E-01	9.611E-01	58.400	54	53	53
A0A7G8Z9Q0_conserved	P0C0P1_conserved	9.637E-01	9.295E-01	9.463E-01	68.500	54	54	53
A0A7G8Z9Q0_conserved	K4EK33_conserved	9.574E-01	9.407E-01	9.407E-01	64.800	54	54	54
A0A7G8Z9Q0_conserved	P12833_conserved	9.542E-01	9.374E-01	9.374E-01	61.100	54	54	54
A0A7G8Z9Q0_conserved	A0A218N469_conserved	9.579E-01	9.246E-01	9.410E-01	64.100	54	53	53
A0A7G8Z9Q0_conserved	A0A7I8NPH7_conserved	9.710E-01	9.369E-01	9.207E-01	71.600	54	53	55
A0A7G8Z9Q0_conserved	B0BKZ8_conserved	9.552E-01	9.217E-01	9.217E-01	52.800	54	53	54
A0A7G8Z9Q0_conserved	A0A6M3GZS6_conserved	9.540E-01	9.205E-01	9.205E-01	56.600	54	53	54
A0A7G8Z9Q0_conserved	U5NMJ1_conserved	9.534E-01	9.200E-01	9.200E-01	50.900	54	53	54
A0A7G8Z9Q0_conserved	Q59408_conserved	9.510E-01	9.176E-01	9.176E-01	50.900	54	53	54
A0A7G8Z9Q0_conserved	Q8VVE6_conserved	9.514E-01	9.183E-01	9.183E-01	37.700	54	53	54
A0A7G8Z9Q0_conserved	Q7BPB0_conserved	9.445E-01	9.118E-01	9.118E-01	52.800	54	53	54
A0A7G8Z9Q0_conserved	A4IUE2_conserved	9.347E-01	9.187E-01	9.032E-01	61.100	54	54	55
A0A7G8Z9Q0_conserved	Q9ZIF9_conserved	9.316E-01	8.998E-01	9.155E-01	56.600	54	53	53
A0A7G8Z9Q0_conserved	Q59397_conserved	9.208E-01	9.051E-01	9.051E-01	51.800	54	54	54
A0A7G8Z9Q0_conserved	A0A4P6VV23_conserved	9.119E-01	8.965E-01	8.965E-01	53.700	54	54	54
A0A7G8Z9Q0_conserved	Q689B1_conserved	9.113E-01	8.960E-01	8.960E-01	46.200	54	54	54
A0A7G8Z9Q0_conserved	V5RSE8_conserved	9.108E-01	8.955E-01	8.955E-01	53.700	54	54	54
A0A7G8Z9Q0_conserved	Q5QQ10_conserved	9.107E-01	8.954E-01	8.954E-01	51.800	54	54	54
A0A7G8Z9Q0_conserved	Q7X0I6_conserved	9.108E-01	8.955E-01	8.955E-01	55.500	54	54	54
A0A7G8Z9Q0_conserved	B0FND5_conserved	9.104E-01	8.951E-01	8.951E-01	48.100	54	54	54
A0A7G8Z9Q0_conserved	F8T8W2_conserved	9.101E-01	8.948E-01	8.948E-01	51.800	54	54	54
A0A7G8Z9Q0_conserved	B2RGD3_conserved	9.090E-01	8.937E-01	8.937E-01	51.800	54	54	54
A0A7G8Z9Q0_conserved	Q934B2_conserved	9.095E-01	8.942E-01	8.942E-01	51.800	54	54	54
A0A7G8Z9Q0_conserved	Q5H760_conserved	9.088E-01	8.936E-01	8.936E-01	51.800	54	54	54
A0A7G8Z9Q0_conserved	Q5W314_conserved	9.074E-01	8.922E-01	8.922E-01	40.700	54	54	54
A0A7G8Z9Q0_conserved	D0QXI5_conserved	9.078E-01	8.926E-01	8.926E-01	51.800	54	54	54
A0A7G8Z9Q0_conserved	B2ZPD3_conserved	9.080E-01	8.928E-01	8.928E-01	44.400	54	54	54
A0A7G8Z9Q0_conserved	Q0QMM1_conserved	9.080E-01	8.927E-01	8.927E-01	51.800	54	54	54
A0A7G8Z9Q0_conserved	B7VEQ0_conserved	9.067E-01	8.915E-01	8.915E-01	44.400	54	54	54
A0A7G8Z9Q0_conserved	Q8VVN6_conserved	9.268E-01	8.795E-01	8.947E-01	62.200	54	53	53
A0A7G8Z9Q0_conserved	A0A7Z8DX35_conserved	9.051E-01	8.898E-01	8.898E-01	57.400	54	54	54
A0A7G8Z9Q0_conserved	D1LUJ3_conserved	9.052E-01	8.900E-01	8.900E-01	48.100	54	54	54
A0A7G8Z9Q0_conserved	A0A193CHQ8_conserved	9.181E-01	8.716E-01	9.021E-01	51.900	54	52	52
A0A7G8Z9Q0_conserved	Q2XQ06_conserved	9.178E-01	8.714E-01	9.018E-01	51.900	54	52	52
A0A7G8Z9Q0_conserved	P95524_conserved	9.030E-01	8.880E-01	8.880E-01	51.800	54	54	54
A0A7G8Z9Q0_conserved	Q79PC3_conserved	8.981E-01	8.528E-01	8.825E-01	45.400	54	55	52
A0A7G8Z9Q0_conserved	K4EJH1_conserved	8.540E-01	7.856E-01	8.253E-01	43.300	54	53	51
A0A7G8Z9Q0_conserved	Q8GCW7_conserved	8.419E-01	7.887E-01	8.014E-01	50.900	54	51	53
A0A7I8NPH7_conserved	A0A7I8NPH7_conserved	1.019E+00	1.000E+00	1.000E+00	100.000	55	55	55
A0A7I8NPH7_conserved	E6BTZ6_conserved	9.818E-01	9.303E-01	9.469E-01	66.000	55	53	54
A0A7I8NPH7_conserved	Q79CE5_conserved	9.748E-01	9.237E-01	9.401E-01	56.600	55	53	54
A0A7I8NPH7_conserved	D5H463_conserved	9.748E-01	9.238E-01	9.402E-01	60.300	55	53	54
A0A7I8NPH7_conserved	Q4H3Y3_conserved	9.711E-01	9.204E-01	9.367E-01	62.200	55	53	54
A0A7I8NPH7_conserved	A0A7G8Z9Q0_conserved	9.710E-01	9.207E-01	9.369E-01	71.600	55	53	54
A0A7I8NPH7_conserved	A0A0M2AT09_conserved	9.622E-01	9.123E-01	9.450E-01	64.100	55	53	53
A0A7I8NPH7_conserved	P12833_conserved	9.677E-01	9.173E-01	9.335E-01	62.200	55	53	54
A0A7I8NPH7_conserved	A0A218N469_conserved	9.572E-01	9.078E-01	9.402E-01	62.200	55	53	53
A0A7I8NPH7_conserved	K4EK33_conserved	9.573E-01	9.079E-01	9.238E-01	67.900	55	53	54
A0A7I8NPH7_conserved	Q6A328_conserved	9.570E-01	9.081E-01	9.238E-01	64.100	55	53	54
A0A7I8NPH7_conserved	Q9ZIF9_conserved	9.424E-01	8.941E-01	9.258E-01	56.600	55	53	53
A0A7I8NPH7_conserved	P0C0P1_conserved	9.576E-01	8.918E-01	9.235E-01	71.600	55	53	53
A0A7I8NPH7_conserved	B0BKZ8_conserved	9.309E-01	8.991E-01	9.147E-01	55.500	55	54	54
A0A7I8NPH7_conserved	A4IUE2_conserved	9.546E-01	9.056E-01	9.056E-01	60.300	55	53	55
A0A7I8NPH7_conserved	U5NMJ1_conserved	9.431E-01	8.947E-01	9.103E-01	54.700	55	53	54
A0A7I8NPH7_conserved	Q7BPB0_conserved	9.267E-01	8.953E-01	9.107E-01	53.700	55	54	54
A0A7I8NPH7_conserved	A0A6M3GZS6_conserved	9.404E-01	8.923E-01	9.078E-01	54.700	55	53	54
A0A7I8NPH7_conserved	Q59397_conserved	9.422E-01	8.943E-01	9.097E-01	54.700	55	53	54
A0A7I8NPH7_conserved	A0A7Z8DX35_conserved	9.361E-01	8.882E-01	9.036E-01	60.300	55	53	54
A0A7I8NPH7_conserved	D0QXI5_conserved	9.285E-01	8.816E-01	8.967E-01	50.900	55	53	54
A0A7I8NPH7_conserved	Q8VVE6_conserved	9.140E-01	8.835E-01	8.985E-01	42.500	55	54	54
A0A7I8NPH7_conserved	Q5H760_conserved	9.278E-01	8.810E-01	8.961E-01	50.900	55	53	54
A0A7I8NPH7_conserved	F8T8W2_conserved	9.282E-01	8.814E-01	8.965E-01	50.900	55	53	54
A0A7I8NPH7_conserved	B2RGD3_conserved	9.273E-01	8.807E-01	8.957E-01	50.900	55	53	54
A0A7I8NPH7_conserved	A0A4P6VV23_conserved	9.268E-01	8.802E-01	8.952E-01	52.800	55	53	54
A0A7I8NPH7_conserved	B2ZPD3_conserved	9.263E-01	8.798E-01	8.948E-01	47.100	55	53	54
A0A7I8NPH7_conserved	Q59408_conserved	9.249E-01	8.783E-01	8.933E-01	56.600	55	53	54
A0A7I8NPH7_conserved	Q8VVN6_conserved	9.310E-01	8.682E-01	8.985E-01	62.200	55	53	53
A0A7I8NPH7_conserved	Q2XQ06_conserved	9.256E-01	8.636E-01	9.093E-01	51.900	55	52	52
A0A7I8NPH7_conserved	Q5QQ10_conserved	9.252E-01	8.788E-01	8.937E-01	50.900	55	53	54
A0A7I8NPH7_conserved	Q0QMM1_conserved	9.251E-01	8.787E-01	8.936E-01	50.900	55	53	54
A0A7I8NPH7_conserved	A0A193CHQ8_conserved	9.252E-01	8.633E-01	9.090E-01	51.900	55	52	52
A0A7I8NPH7_conserved	B7VEQ0_conserved	9.248E-01	8.784E-01	8.934E-01	47.100	55	53	54
A0A7I8NPH7_conserved	V5RSE8_conserved	9.242E-01	8.779E-01	8.928E-01	52.800	55	53	54
A0A7I8NPH7_conserved	P95524_conserved	9.240E-01	8.777E-01	8.926E-01	50.900	55	53	54
A0A7I8NPH7_conserved	Q934B2_conserved	9.240E-01	8.777E-01	8.927E-01	52.800	55	53	54
A0A7I8NPH7_conserved	Q7X0I6_conserved	9.235E-01	8.772E-01	8.921E-01	52.800	55	53	54
A0A7I8NPH7_conserved	Q689B1_conserved	9.236E-01	8.773E-01	8.922E-01	49.000	55	53	54
A0A7I8NPH7_conserved	B0FND5_conserved	9.215E-01	8.755E-01	8.903E-01	49.000	55	53	54
A0A7I8NPH7_conserved	Q5W314_conserved	9.160E-01	8.702E-01	8.849E-01	45.200	55	53	54
A0A7I8NPH7_conserved	Q79PC3_conserved	9.304E-01	8.515E-01	8.972E-01	48.100	55	54	52
A0A7I8NPH7_conserved	D1LUJ3_conserved	9.143E-01	8.689E-01	8.835E-01	47.100	55	53	54
A0A7I8NPH7_conserved	K4EJH1_conserved	8.606E-01	7.795E-01	8.318E-01	41.500	55	53	51
A0A7I8NPH7_conserved	Q8GCW7_conserved	8.505E-01	7.837E-01	8.092E-01	50.000	55	52	53
A0A7Z8DX35_conserved	A0A7Z8DX35_conserved	1.019E+00	1.000E+00	1.000E+00	100.000	54	54	54
A0A7Z8DX35_conserved	Q59397_conserved	9.374E-01	9.213E-01	9.213E-01	62.900	54	54	54
A0A7Z8DX35_conserved	Q9ZIF9_conserved	9.315E-01	8.995E-01	9.152E-01	50.900	54	53	53
A0A7Z8DX35_conserved	E6BTZ6_conserved	9.235E-01	9.077E-01	9.077E-01	53.700	54	54	54
A0A7Z8DX35_conserved	A0A218N469_conserved	9.252E-01	8.931E-01	9.089E-01	51.800	54	54	53
A0A7Z8DX35_conserved	Q8VVN6_conserved	9.392E-01	8.901E-01	9.059E-01	71.600	54	53	53
A0A7Z8DX35_conserved	A0A7I8NPH7_conserved	9.361E-01	9.036E-01	8.882E-01	60.300	54	53	55
A0A7Z8DX35_conserved	Q79CE5_conserved	9.154E-01	8.997E-01	8.997E-01	51.800	54	54	54
A0A7Z8DX35_conserved	D5H463_conserved	9.117E-01	8.962E-01	8.962E-01	51.800	54	54	54
A0A7Z8DX35_conserved	A4IUE2_conserved	9.146E-01	8.989E-01	8.838E-01	59.200	54	54	55
A0A7Z8DX35_conserved	B0BKZ8_conserved	9.234E-01	8.919E-01	8.919E-01	45.200	54	53	54
A0A7Z8DX35_conserved	Q4H3Y3_conserved	9.082E-01	8.928E-01	8.928E-01	51.800	54	54	54
A0A7Z8DX35_conserved	P12833_conserved	9.076E-01	8.922E-01	8.922E-01	57.400	54	54	54
A0A7Z8DX35_conserved	F8T8W2_conserved	9.103E-01	8.950E-01	8.950E-01	53.700	54	54	54
A0A7Z8DX35_conserved	A0A4P6VV23_conserved	9.108E-01	8.955E-01	8.955E-01	53.700	54	54	54
A0A7Z8DX35_conserved	U5NMJ1_conserved	9.211E-01	8.897E-01	8.897E-01	45.200	54	53	54
A0A7Z8DX35_conserved	D0QXI5_conserved	9.105E-01	8.952E-01	8.952E-01	51.800	54	54	54
A0A7Z8DX35_conserved	Q934B2_conserved	9.101E-01	8.949E-01	8.949E-01	53.700	54	54	54
A0A7Z8DX35_conserved	B2RGD3_conserved	9.095E-01	8.942E-01	8.942E-01	53.700	54	54	54
A0A7Z8DX35_conserved	Q0QMM1_conserved	9.088E-01	8.935E-01	8.935E-01	53.700	54	54	54
A0A7Z8DX35_conserved	B2ZPD3_conserved	9.085E-01	8.932E-01	8.932E-01	46.200	54	54	54
A0A7Z8DX35_conserved	V5RSE8_conserved	9.086E-01	8.933E-01	8.933E-01	53.700	54	54	54
A0A7Z8DX35_conserved	Q5H760_conserved	9.082E-01	8.929E-01	8.929E-01	51.800	54	54	54
A0A7Z8DX35_conserved	Q689B1_conserved	9.078E-01	8.926E-01	8.926E-01	51.800	54	54	54
A0A7Z8DX35_conserved	Q5QQ10_conserved	9.076E-01	8.924E-01	8.924E-01	53.700	54	54	54
A0A7Z8DX35_conserved	Q7X0I6_conserved	9.070E-01	8.918E-01	8.918E-01	53.700	54	54	54
A0A7Z8DX35_conserved	P0C0P1_conserved	9.081E-01	8.772E-01	8.924E-01	53.700	54	54	53
A0A7Z8DX35_conserved	A0A7G8Z9Q0_conserved	9.051E-01	8.898E-01	8.898E-01	57.400	54	54	54
A0A7Z8DX35_conserved	K4EK33_conserved	9.049E-01	8.897E-01	8.897E-01	54.500	54	55	54
A0A7Z8DX35_conserved	B7VEQ0_conserved	9.057E-01	8.906E-01	8.906E-01	46.200	54	54	54
A0A7Z8DX35_conserved	A0A6M3GZS6_conserved	9.162E-01	8.852E-01	8.852E-01	52.800	54	53	54
A0A7Z8DX35_conserved	Q7BPB0_conserved	9.145E-01	8.835E-01	8.835E-01	47.100	54	53	54
A0A7Z8DX35_conserved	B0FND5_conserved	9.035E-01	8.884E-01	8.884E-01	53.700	54	54	54
A0A7Z8DX35_conserved	P95524_conserved	9.035E-01	8.884E-01	8.884E-01	51.800	54	54	54
A0A7Z8DX35_conserved	A0A193CHQ8_conserved	9.150E-01	8.685E-01	8.990E-01	53.800	54	52	52
A0A7Z8DX35_conserved	Q2XQ06_conserved	9.147E-01	8.682E-01	8.987E-01	53.800	54	52	52
A0A7Z8DX35_conserved	A0A0M2AT09_conserved	9.058E-01	8.753E-01	8.903E-01	50.900	54	53	53
A0A7Z8DX35_conserved	D1LUJ3_conserved	9.007E-01	8.857E-01	8.857E-01	50.000	54	54	54
A0A7Z8DX35_conserved	Q79PC3_conserved	9.115E-01	8.652E-01	8.956E-01	47.200	54	55	52
A0A7Z8DX35_conserved	Q6A328_conserved	8.895E-01	8.749E-01	8.749E-01	51.800	54	54	54
A0A7Z8DX35_conserved	Q59408_conserved	9.040E-01	8.740E-01	8.740E-01	41.500	54	53	54
A0A7Z8DX35_conserved	Q5W314_conserved	8.813E-01	8.668E-01	8.668E-01	38.100	54	55	54
A0A7Z8DX35_conserved	Q8VVE6_conserved	8.665E-01	8.524E-01	8.524E-01	37.000	54	54	54
A0A7Z8DX35_conserved	K4EJH1_conserved	8.706E-01	8.006E-01	8.412E-01	47.100	54	53	51
A0A7Z8DX35_conserved	Q8GCW7_conserved	8.503E-01	8.094E-01	8.226E-01	50.900	54	53	53
A4IUE2_conserved	A4IUE2_conserved	1.019E+00	1.000E+00	1.000E+00	100.000	55	55	55
A4IUE2_conserved	P12833_conserved	9.869E-01	9.522E-01	9.692E-01	77.700	55	54	54
A4IUE2_conserved	Q4H3Y3_conserved	9.770E-01	9.430E-01	9.597E-01	64.800	55	54	54
A4IUE2_conserved	P0C0P1_conserved	9.822E-01	9.307E-01	9.644E-01	70.300	55	54	53
A4IUE2_conserved	D5H463_conserved	9.757E-01	9.419E-01	9.585E-01	64.800	55	54	54
A4IUE2_conserved	Q79CE5_conserved	9.747E-01	9.409E-01	9.575E-01	62.900	55	54	54
A4IUE2_conserved	A0A218N469_conserved	9.759E-01	9.251E-01	9.584E-01	73.500	55	53	53
A4IUE2_conserved	Q9ZIF9_conserved	9.719E-01	9.211E-01	9.544E-01	56.600	55	53	53
A4IUE2_conserved	E6BTZ6_conserved	9.615E-01	9.285E-01	9.447E-01	61.100	55	54	54
A4IUE2_conserved	Q5W314_conserved	9.513E-01	9.185E-01	9.346E-01	40.700	55	54	54
A4IUE2_conserved	K4EK33_conserved	9.481E-01	9.157E-01	9.316E-01	57.400	55	54	54
A4IUE2_conserved	B0BKZ8_conserved	9.543E-01	9.054E-01	9.212E-01	58.400	55	53	54
A4IUE2_conserved	Q7BPB0_conserved	9.545E-01	9.056E-01	9.213E-01	60.300	55	53	54
A4IUE2_conserved	U5NMJ1_conserved	9.525E-01	9.037E-01	9.194E-01	58.400	55	53	54
A4IUE2_conserved	A0A6M3GZS6_conserved	9.513E-01	9.027E-01	9.183E-01	67.900	55	53	54
A4IUE2_conserved	Q59397_conserved	9.367E-01	9.052E-01	9.207E-01	59.200	55	54	54
A4IUE2_conserved	A0A7I8NPH7_conserved	9.546E-01	9.056E-01	9.056E-01	60.300	55	53	55
A4IUE2_conserved	Q8VVE6_conserved	9.530E-01	9.047E-01	9.203E-01	41.500	55	53	54
A4IUE2_conserved	Q6A328_conserved	9.315E-01	9.001E-01	9.155E-01	62.900	55	54	54
A4IUE2_conserved	A0A7G8Z9Q0_conserved	9.347E-01	9.032E-01	9.187E-01	61.100	55	54	54
A4IUE2_conserved	B2ZPD3_conserved	9.304E-01	8.995E-01	9.147E-01	50.000	55	54	54
A4IUE2_conserved	B7VEQ0_conserved	9.290E-01	8.982E-01	9.133E-01	50.000	55	54	54
A4IUE2_conserved	Q689B1_conserved	9.281E-01	8.973E-01	9.124E-01	53.700	55	54	54
A4IUE2_conserved	F8T8W2_conserved	9.280E-01	8.972E-01	9.123E-01	51.800	55	54	54
A4IUE2_conserved	A0A4P6VV23_conserved	9.274E-01	8.967E-01	9.118E-01	51.800	55	54	54
A4IUE2_conserved	Q0QMM1_conserved	9.266E-01	8.959E-01	9.110E-01	51.800	55	54	54
A4IUE2_conserved	B2RGD3_conserved	9.264E-01	8.957E-01	9.108E-01	51.800	55	54	54
A4IUE2_conserved	Q7X0I6_conserved	9.263E-01	8.957E-01	9.107E-01	51.800	55	54	54
A4IUE2_conserved	P95524_conserved	9.262E-01	8.956E-01	9.106E-01	51.800	55	54	54
A4IUE2_conserved	B0FND5_conserved	9.247E-01	8.942E-01	9.092E-01	55.500	55	54	54
A4IUE2_conserved	A0A0M2AT09_conserved	9.338E-01	8.874E-01	9.178E-01	58.400	55	53	53
A4IUE2_conserved	Q5QQ10_conserved	9.245E-01	8.940E-01	9.090E-01	51.800	55	54	54
A4IUE2_conserved	A0A7Z8DX35_conserved	9.146E-01	8.838E-01	8.989E-01	59.200	55	54	54
A4IUE2_conserved	D1LUJ3_conserved	9.244E-01	8.939E-01	9.089E-01	55.500	55	54	54
A4IUE2_conserved	V5RSE8_conserved	9.240E-01	8.935E-01	9.085E-01	51.800	55	54	54
A4IUE2_conserved	Q5H760_conserved	9.225E-01	8.921E-01	9.071E-01	51.800	55	54	54
A4IUE2_conserved	Q8VVN6_conserved	9.339E-01	8.707E-01	9.012E-01	64.100	55	53	53
A4IUE2_conserved	Q934B2_conserved	9.216E-01	8.913E-01	9.062E-01	51.800	55	54	54
A4IUE2_conserved	D0QXI5_conserved	9.202E-01	8.899E-01	9.048E-01	51.800	55	54	54
A4IUE2_conserved	Q59408_conserved	9.262E-01	8.801E-01	8.950E-01	54.700	55	53	54
A4IUE2_conserved	A0A193CHQ8_conserved	9.247E-01	8.636E-01	9.087E-01	51.900	55	52	52
A4IUE2_conserved	Q2XQ06_conserved	9.240E-01	8.630E-01	9.079E-01	51.900	55	52	52
A4IUE2_conserved	Q79PC3_conserved	9.124E-01	8.513E-01	8.963E-01	41.800	55	55	52
A4IUE2_conserved	K4EJH1_conserved	8.603E-01	7.790E-01	8.314E-01	49.000	55	53	51
A4IUE2_conserved	Q8GCW7_conserved	8.361E-01	7.843E-01	8.094E-01	48.000	55	52	53
B0BKZ8_conserved	B0BKZ8_conserved	1.019E+00	1.000E+00	1.000E+00	100.000	54	54	54
B0BKZ8_conserved	U5NMJ1_conserved	1.018E+00	9.805E-01	9.805E-01	98.100	54	53	54
B0BKZ8_conserved	Q7BPB0_conserved	1.011E+00	9.736E-01	9.736E-01	94.300	54	53	54
B0BKZ8_conserved	A0A6M3GZS6_conserved	1.007E+00	9.701E-01	9.701E-01	83.000	54	53	54
B0BKZ8_conserved	Q59408_conserved	9.835E-01	9.659E-01	9.659E-01	96.200	54	54	54
B0BKZ8_conserved	Q9ZIF9_conserved	9.806E-01	9.459E-01	9.629E-01	60.300	54	53	53
B0BKZ8_conserved	A0A218N469_conserved	9.697E-01	9.352E-01	9.522E-01	62.200	54	53	53
B0BKZ8_conserved	D5H463_conserved	9.753E-01	9.404E-01	9.404E-01	52.800	54	53	54
B0BKZ8_conserved	Q79CE5_conserved	9.756E-01	9.408E-01	9.408E-01	50.900	54	53	54
B0BKZ8_conserved	Q4H3Y3_conserved	9.738E-01	9.390E-01	9.390E-01	54.700	54	53	54
B0BKZ8_conserved	P12833_conserved	9.737E-01	9.390E-01	9.390E-01	67.900	54	53	54
B0BKZ8_conserved	P0C0P1_conserved	9.708E-01	9.190E-01	9.356E-01	56.600	54	53	53
B0BKZ8_conserved	Q689B1_conserved	9.602E-01	9.266E-01	9.266E-01	66.000	54	53	54
B0BKZ8_conserved	E6BTZ6_conserved	9.558E-01	9.221E-01	9.221E-01	50.900	54	53	54
B0BKZ8_conserved	A0A7G8Z9Q0_conserved	9.552E-01	9.217E-01	9.217E-01	52.800	54	53	54
B0BKZ8_conserved	B2RGD3_conserved	9.582E-01	9.248E-01	9.248E-01	67.900	54	53	54
B0BKZ8_conserved	B0FND5_conserved	9.582E-01	9.248E-01	9.248E-01	67.900	54	53	54
B0BKZ8_conserved	F8T8W2_conserved	9.579E-01	9.245E-01	9.245E-01	67.900	54	53	54
B0BKZ8_conserved	Q0QMM1_conserved	9.564E-01	9.231E-01	9.231E-01	67.900	54	53	54
B0BKZ8_conserved	A0A193CHQ8_conserved	9.573E-01	9.074E-01	9.401E-01	71.100	54	52	52
B0BKZ8_conserved	Q2XQ06_conserved	9.571E-01	9.071E-01	9.398E-01	71.100	54	52	52
B0BKZ8_conserved	D0QXI5_conserved	9.560E-01	9.228E-01	9.228E-01	67.900	54	53	54
B0BKZ8_conserved	B2ZPD3_conserved	9.555E-01	9.223E-01	9.223E-01	67.900	54	53	54
B0BKZ8_conserved	A0A0M2AT09_conserved	9.490E-01	9.161E-01	9.323E-01	52.800	54	53	53
B0BKZ8_conserved	Q5H760_conserved	9.552E-01	9.221E-01	9.221E-01	67.900	54	53	54
B0BKZ8_conserved	Q8VVE6_conserved	9.399E-01	9.237E-01	9.237E-01	42.500	54	54	54
B0BKZ8_conserved	B7VEQ0_conserved	9.529E-01	9.199E-01	9.199E-01	67.900	54	53	54
B0BKZ8_conserved	A0A4P6VV23_conserved	9.532E-01	9.202E-01	9.202E-01	66.000	54	53	54
B0BKZ8_conserved	Q5QQ10_conserved	9.531E-01	9.201E-01	9.201E-01	67.900	54	53	54
B0BKZ8_conserved	Q934B2_conserved	9.531E-01	9.201E-01	9.201E-01	66.000	54	53	54
B0BKZ8_conserved	P95524_conserved	9.513E-01	9.184E-01	9.184E-01	67.900	54	53	54
B0BKZ8_conserved	D1LUJ3_conserved	9.506E-01	9.177E-01	9.177E-01	64.100	54	53	54
B0BKZ8_conserved	V5RSE8_conserved	9.514E-01	9.186E-01	9.186E-01	66.000	54	53	54
B0BKZ8_conserved	A4IUE2_conserved	9.543E-01	9.212E-01	9.054E-01	58.400	54	53	55
B0BKZ8_conserved	Q7X0I6_conserved	9.494E-01	9.167E-01	9.167E-01	64.100	54	53	54
B0BKZ8_conserved	A0A7I8NPH7_conserved	9.309E-01	9.147E-01	8.991E-01	55.500	54	54	55
B0BKZ8_conserved	K4EK33_conserved	9.396E-01	9.071E-01	9.071E-01	54.700	54	53	54
B0BKZ8_conserved	Q6A328_conserved	9.381E-01	9.058E-01	9.058E-01	50.900	54	53	54
B0BKZ8_conserved	Q59397_conserved	9.394E-01	9.073E-01	9.073E-01	52.800	54	53	54
B0BKZ8_conserved	Q5W314_conserved	9.330E-01	9.009E-01	9.009E-01	42.500	54	54	54
B0BKZ8_conserved	A0A7Z8DX35_conserved	9.234E-01	8.919E-01	8.919E-01	45.200	54	53	54
B0BKZ8_conserved	Q8VVN6_conserved	9.128E-01	8.664E-01	8.814E-01	56.600	54	53	53
B0BKZ8_conserved	Q79PC3_conserved	8.907E-01	8.311E-01	8.599E-01	40.700	54	54	52
B0BKZ8_conserved	K4EJH1_conserved	8.429E-01	7.764E-01	8.151E-01	33.900	54	53	51
B0BKZ8_conserved	Q8GCW7_conserved	8.238E-01	7.718E-01	7.842E-01	36.500	54	52	53
B0FND5_conserved	B0FND5_conserved	1.019E+00	1.000E+00	1.000E+00	100.000	54	54	54
B0FND5_conserved	Q689B1_conserved	1.017E+00	9.986E-01	9.986E-01	98.100	54	54	54
B0FND5_conserved	Q5QQ10_conserved	1.015E+00	9.961E-01	9.961E-01	92.500	54	54	54
B0FND5_conserved	D1LUJ3_conserved	1.014E+00	9.951E-01	9.951E-01	96.200	54	54	54
B0FND5_conserved	F8T8W2_conserved	1.014E+00	9.952E-01	9.952E-01	92.500	54	54	54
B0FND5_conserved	B2RGD3_conserved	1.014E+00	9.949E-01	9.949E-01	92.500	54	54	54
B0FND5_conserved	V5RSE8_conserved	1.014E+00	9.949E-01	9.949E-01	90.700	54	54	54
B0FND5_conserved	Q7X0I6_conserved	1.013E+00	9.948E-01	9.948E-01	90.700	54	54	54
B0FND5_conserved	Q934B2_conserved	1.013E+00	9.947E-01	9.947E-01	92.500	54	54	54
B0FND5_conserved	Q0QMM1_conserved	1.013E+00	9.946E-01	9.946E-01	92.500	54	54	54
B0FND5_conserved	B2ZPD3_conserved	1.013E+00	9.946E-01	9.946E-01	88.800	54	54	54
B0FND5_conserved	A0A4P6VV23_conserved	1.013E+00	9.945E-01	9.945E-01	90.700	54	54	54
B0FND5_conserved	Q5H760_conserved	1.012E+00	9.933E-01	9.933E-01	90.700	54	54	54
B0FND5_conserved	B7VEQ0_conserved	1.012E+00	9.930E-01	9.930E-01	88.800	54	54	54
B0FND5_conserved	D0QXI5_conserved	1.011E+00	9.923E-01	9.923E-01	90.700	54	54	54
B0FND5_conserved	P95524_conserved	1.010E+00	9.914E-01	9.914E-01	90.700	54	54	54
B0FND5_conserved	A0A193CHQ8_conserved	1.014E+00	9.579E-01	9.945E-01	90.300	54	52	52
B0FND5_conserved	Q2XQ06_conserved	1.014E+00	9.576E-01	9.942E-01	90.300	54	52	52
B0FND5_conserved	A0A6M3GZS6_conserved	9.670E-01	9.330E-01	9.330E-01	71.600	54	53	54
B0FND5_conserved	Q7BPB0_conserved	9.612E-01	9.276E-01	9.276E-01	69.800	54	53	54
B0FND5_conserved	P12833_conserved	9.443E-01	9.280E-01	9.280E-01	64.800	54	54	54
B0FND5_conserved	B0BKZ8_conserved	9.582E-01	9.248E-01	9.248E-01	67.900	54	53	54
B0FND5_conserved	Q59397_conserved	9.430E-01	9.267E-01	9.267E-01	51.800	54	54	54
B0FND5_conserved	U5NMJ1_conserved	9.551E-01	9.220E-01	9.220E-01	66.000	54	53	54
B0FND5_conserved	E6BTZ6_conserved	9.393E-01	9.231E-01	9.231E-01	53.700	54	54	54
B0FND5_conserved	A0A218N469_conserved	9.454E-01	9.126E-01	9.287E-01	54.700	54	53	53
B0FND5_conserved	Q79CE5_conserved	9.402E-01	9.240E-01	9.240E-01	55.500	54	54	54
B0FND5_conserved	Q4H3Y3_conserved	9.378E-01	9.217E-01	9.217E-01	55.500	54	54	54
B0FND5_conserved	D5H463_conserved	9.369E-01	9.208E-01	9.208E-01	53.700	54	54	54
B0FND5_conserved	Q9ZIF9_conserved	9.453E-01	9.130E-01	9.289E-01	62.200	54	53	53
B0FND5_conserved	Q59408_conserved	9.450E-01	9.125E-01	9.125E-01	64.100	54	53	54
B0FND5_conserved	P0C0P1_conserved	9.354E-01	9.034E-01	9.191E-01	51.800	54	54	53
B0FND5_conserved	K4EK33_conserved	9.186E-01	9.030E-01	9.030E-01	50.000	54	54	54
B0FND5_conserved	A4IUE2_conserved	9.247E-01	9.092E-01	8.942E-01	55.500	54	54	55
B0FND5_conserved	A0A7G8Z9Q0_conserved	9.104E-01	8.951E-01	8.951E-01	48.100	54	54	54
B0FND5_conserved	A0A7Z8DX35_conserved	9.035E-01	8.884E-01	8.884E-01	53.700	54	54	54
B0FND5_conserved	A0A7I8NPH7_conserved	9.215E-01	8.903E-01	8.755E-01	49.000	54	53	55
B0FND5_conserved	A0A0M2AT09_conserved	9.106E-01	8.801E-01	8.951E-01	49.000	54	53	53
B0FND5_conserved	Q8VVE6_conserved	9.148E-01	8.844E-01	8.844E-01	45.200	54	53	54
B0FND5_conserved	Q79PC3_conserved	8.989E-01	8.534E-01	8.832E-01	43.600	54	55	52
B0FND5_conserved	Q5W314_conserved	8.887E-01	8.740E-01	8.740E-01	47.200	54	55	54
B0FND5_conserved	Q8VVN6_conserved	9.051E-01	8.596E-01	8.742E-01	52.800	54	53	53
B0FND5_conserved	Q6A328_conserved	8.838E-01	8.692E-01	8.692E-01	48.100	54	54	54
B0FND5_conserved	K4EJH1_conserved	8.859E-01	8.138E-01	8.556E-01	35.800	54	53	51
B0FND5_conserved	Q8GCW7_conserved	8.198E-01	7.806E-01	7.933E-01	41.500	54	53	53
B2RGD3_conserved	B2RGD3_conserved	1.019E+00	1.000E+00	1.000E+00	100.000	54	54	54
B2RGD3_conserved	Q0QMM1_conserved	1.018E+00	9.996E-01	9.996E-01	100.000	54	54	54
B2RGD3_conserved	F8T8W2_conserved	1.018E+00	9.992E-01	9.992E-01	100.000	54	54	54
B2RGD3_conserved	B2ZPD3_conserved	1.016E+00	9.973E-01	9.973E-01	92.500	54	54	54
B2RGD3_conserved	B7VEQ0_conserved	1.016E+00	9.968E-01	9.968E-01	92.500	54	54	54
B2RGD3_conserved	Q5QQ10_conserved	1.016E+00	9.968E-01	9.968E-01	100.000	54	54	54
B2RGD3_conserved	Q689B1_conserved	1.015E+00	9.964E-01	9.964E-01	90.700	54	54	54
B2RGD3_conserved	Q5H760_conserved	1.015E+00	9.963E-01	9.963E-01	98.100	54	54	54
B2RGD3_conserved	A0A4P6VV23_conserved	1.015E+00	9.963E-01	9.963E-01	98.100	54	54	54
B2RGD3_conserved	D0QXI5_conserved	1.015E+00	9.962E-01	9.962E-01	98.100	54	54	54
B2RGD3_conserved	Q934B2_conserved	1.015E+00	9.960E-01	9.960E-01	96.200	54	54	54
B2RGD3_conserved	P95524_conserved	1.014E+00	9.955E-01	9.955E-01	98.100	54	54	54
B2RGD3_conserved	V5RSE8_conserved	1.014E+00	9.951E-01	9.951E-01	98.100	54	54	54
B2RGD3_conserved	B0FND5_conserved	1.014E+00	9.949E-01	9.949E-01	92.500	54	54	54
B2RGD3_conserved	Q7X0I6_conserved	1.013E+00	9.941E-01	9.941E-01	96.200	54	54	54
B2RGD3_conserved	D1LUJ3_conserved	1.010E+00	9.911E-01	9.911E-01	88.800	54	54	54
B2RGD3_conserved	Q2XQ06_conserved	1.018E+00	9.614E-01	9.983E-01	98.000	54	52	52
B2RGD3_conserved	A0A193CHQ8_conserved	1.018E+00	9.612E-01	9.981E-01	98.000	54	52	52
B2RGD3_conserved	A0A6M3GZS6_conserved	9.653E-01	9.314E-01	9.314E-01	71.600	54	53	54
B2RGD3_conserved	Q59397_conserved	9.488E-01	9.323E-01	9.323E-01	48.100	54	54	54
B2RGD3_conserved	Q7BPB0_conserved	9.625E-01	9.288E-01	9.288E-01	69.800	54	53	54
B2RGD3_conserved	P12833_conserved	9.460E-01	9.296E-01	9.296E-01	62.900	54	54	54
B2RGD3_conserved	B0BKZ8_conserved	9.582E-01	9.248E-01	9.248E-01	67.900	54	53	54
B2RGD3_conserved	A0A218N469_conserved	9.490E-01	9.160E-01	9.322E-01	52.800	54	53	53
B2RGD3_conserved	E6BTZ6_conserved	9.417E-01	9.254E-01	9.254E-01	53.700	54	54	54
B2RGD3_conserved	Q79CE5_conserved	9.418E-01	9.256E-01	9.256E-01	55.500	54	54	54
B2RGD3_conserved	U5NMJ1_conserved	9.552E-01	9.220E-01	9.220E-01	66.000	54	53	54
B2RGD3_conserved	Q4H3Y3_conserved	9.390E-01	9.228E-01	9.228E-01	57.400	54	54	54
B2RGD3_conserved	D5H463_conserved	9.381E-01	9.219E-01	9.219E-01	55.500	54	54	54
B2RGD3_conserved	Q9ZIF9_conserved	9.495E-01	9.169E-01	9.329E-01	58.400	54	53	53
B2RGD3_conserved	P0C0P1_conserved	9.350E-01	9.030E-01	9.187E-01	51.800	54	54	53
B2RGD3_conserved	Q59408_conserved	9.402E-01	9.079E-01	9.079E-01	64.100	54	53	54
B2RGD3_conserved	K4EK33_conserved	9.250E-01	9.093E-01	9.093E-01	46.200	54	54	54
B2RGD3_conserved	A4IUE2_conserved	9.264E-01	9.108E-01	8.957E-01	51.800	54	54	55
B2RGD3_conserved	A0A7Z8DX35_conserved	9.095E-01	8.942E-01	8.942E-01	53.700	54	54	54
B2RGD3_conserved	A0A7I8NPH7_conserved	9.273E-01	8.957E-01	8.807E-01	50.900	54	53	55
B2RGD3_conserved	A0A7G8Z9Q0_conserved	9.090E-01	8.937E-01	8.937E-01	51.800	54	54	54
B2RGD3_conserved	A0A0M2AT09_conserved	9.106E-01	8.802E-01	8.951E-01	49.000	54	53	53
B2RGD3_conserved	Q8VVN6_conserved	9.162E-01	8.696E-01	8.846E-01	52.800	54	53	53
B2RGD3_conserved	Q8VVE6_conserved	9.105E-01	8.804E-01	8.804E-01	41.500	54	53	54
B2RGD3_conserved	Q79PC3_conserved	9.020E-01	8.563E-01	8.862E-01	41.800	54	55	52
B2RGD3_conserved	Q5W314_conserved	8.912E-01	8.765E-01	8.765E-01	43.600	54	55	54
B2RGD3_conserved	Q6A328_conserved	8.875E-01	8.728E-01	8.728E-01	48.100	54	54	54
B2RGD3_conserved	K4EJH1_conserved	8.923E-01	8.191E-01	8.616E-01	35.800	54	53	51
B2RGD3_conserved	Q8GCW7_conserved	8.189E-01	7.803E-01	7.928E-01	40.300	54	52	53
B2ZPD3_conserved	B2ZPD3_conserved	1.019E+00	1.000E+00	1.000E+00	100.000	54	54	54
B2ZPD3_conserved	B7VEQ0_conserved	1.018E+00	9.993E-01	9.993E-01	100.000	54	54	54
B2ZPD3_conserved	Q0QMM1_conserved	1.016E+00	9.974E-01	9.974E-01	92.500	54	54	54
B2ZPD3_conserved	B2RGD3_conserved	1.016E+00	9.973E-01	9.973E-01	92.500	54	54	54
B2ZPD3_conserved	F8T8W2_conserved	1.016E+00	9.972E-01	9.972E-01	92.500	54	54	54
B2ZPD3_conserved	Q5QQ10_conserved	1.015E+00	9.965E-01	9.965E-01	92.500	54	54	54
B2ZPD3_conserved	A0A4P6VV23_conserved	1.015E+00	9.960E-01	9.960E-01	90.700	54	54	54
B2ZPD3_conserved	Q689B1_conserved	1.015E+00	9.959E-01	9.959E-01	87.000	54	54	54
B2ZPD3_conserved	P95524_conserved	1.015E+00	9.958E-01	9.958E-01	90.700	54	54	54
B2ZPD3_conserved	Q5H760_conserved	1.014E+00	9.955E-01	9.955E-01	90.700	54	54	54
B2ZPD3_conserved	V5RSE8_conserved	1.014E+00	9.949E-01	9.949E-01	90.700	54	54	54
B2ZPD3_conserved	D0QXI5_conserved	1.013E+00	9.948E-01	9.948E-01	90.700	54	54	54
B2ZPD3_conserved	Q934B2_conserved	1.013E+00	9.947E-01	9.947E-01	88.800	54	54	54
B2ZPD3_conserved	B0FND5_conserved	1.013E+00	9.946E-01	9.946E-01	88.800	54	54	54
B2ZPD3_conserved	Q7X0I6_conserved	1.013E+00	9.944E-01	9.944E-01	88.800	54	54	54
B2ZPD3_conserved	D1LUJ3_conserved	1.010E+00	9.918E-01	9.918E-01	85.100	54	54	54
B2ZPD3_conserved	Q2XQ06_conserved	1.015E+00	9.593E-01	9.960E-01	90.300	54	52	52
B2ZPD3_conserved	A0A193CHQ8_conserved	1.015E+00	9.592E-01	9.959E-01	90.300	54	52	52
B2ZPD3_conserved	A0A6M3GZS6_conserved	9.619E-01	9.283E-01	9.283E-01	71.600	54	53	54
B2ZPD3_conserved	P12833_conserved	9.469E-01	9.305E-01	9.305E-01	62.900	54	54	54
B2ZPD3_conserved	Q59397_conserved	9.467E-01	9.303E-01	9.303E-01	46.200	54	54	54
B2ZPD3_conserved	Q7BPB0_conserved	9.599E-01	9.264E-01	9.264E-01	69.800	54	53	54
B2ZPD3_conserved	E6BTZ6_conserved	9.423E-01	9.260E-01	9.260E-01	46.200	54	54	54
B2ZPD3_conserved	B0BKZ8_conserved	9.555E-01	9.223E-01	9.223E-01	67.900	54	53	54
B2ZPD3_conserved	Q79CE5_conserved	9.417E-01	9.254E-01	9.254E-01	51.800	54	54	54
B2ZPD3_conserved	A0A218N469_conserved	9.463E-01	9.134E-01	9.296E-01	52.800	54	53	53
B2ZPD3_conserved	Q9ZIF9_conserved	9.512E-01	9.184E-01	9.345E-01	60.300	54	53	53
B2ZPD3_conserved	Q4H3Y3_conserved	9.387E-01	9.225E-01	9.225E-01	53.700	54	54	54
B2ZPD3_conserved	D5H463_conserved	9.379E-01	9.218E-01	9.218E-01	51.800	54	54	54
B2ZPD3_conserved	U5NMJ1_conserved	9.524E-01	9.194E-01	9.194E-01	66.000	54	53	54
B2ZPD3_conserved	P0C0P1_conserved	9.360E-01	9.039E-01	9.196E-01	48.100	54	54	53
B2ZPD3_conserved	K4EK33_conserved	9.277E-01	9.118E-01	9.118E-01	46.200	54	54	54
B2ZPD3_conserved	Q59408_conserved	9.357E-01	9.038E-01	9.038E-01	64.100	54	53	54
B2ZPD3_conserved	A4IUE2_conserved	9.304E-01	9.147E-01	8.995E-01	50.000	54	54	55
B2ZPD3_conserved	A0A7G8Z9Q0_conserved	9.080E-01	8.928E-01	8.928E-01	44.400	54	54	54
B2ZPD3_conserved	A0A7I8NPH7_conserved	9.263E-01	8.948E-01	8.798E-01	47.100	54	53	55
B2ZPD3_conserved	A0A7Z8DX35_conserved	9.085E-01	8.932E-01	8.932E-01	46.200	54	54	54
B2ZPD3_conserved	Q8VVN6_conserved	9.205E-01	8.734E-01	8.886E-01	49.000	54	53	53
B2ZPD3_conserved	A0A0M2AT09_conserved	9.078E-01	8.775E-01	8.924E-01	47.100	54	53	53
B2ZPD3_conserved	Q8VVE6_conserved	9.098E-01	8.797E-01	8.797E-01	43.300	54	53	54
B2ZPD3_conserved	Q79PC3_conserved	9.008E-01	8.553E-01	8.852E-01	41.800	54	55	52
B2ZPD3_conserved	Q5W314_conserved	8.912E-01	8.765E-01	8.765E-01	45.400	54	55	54
B2ZPD3_conserved	Q6A328_conserved	8.886E-01	8.739E-01	8.739E-01	44.400	54	54	54
B2ZPD3_conserved	K4EJH1_conserved	8.936E-01	8.202E-01	8.627E-01	33.900	54	53	51
B2ZPD3_conserved	Q8GCW7_conserved	8.232E-01	7.839E-01	7.966E-01	39.600	54	53	53
B7VEQ0_conserved	B7VEQ0_conserved	1.019E+00	1.000E+00	1.000E+00	100.000	54	54	54
B7VEQ0_conserved	B2ZPD3_conserved	1.018E+00	9.993E-01	9.993E-01	100.000	54	54	54
B7VEQ0_conserved	B2RGD3_conserved	1.016E+00	9.968E-01	9.968E-01	92.500	54	54	54
B7VEQ0_conserved	Q0QMM1_conserved	1.015E+00	9.967E-01	9.967E-01	92.500	54	54	54
B7VEQ0_conserved	P95524_conserved	1.015E+00	9.966E-01	9.966E-01	90.700	54	54	54
B7VEQ0_conserved	F8T8W2_conserved	1.015E+00	9.965E-01	9.965E-01	92.500	54	54	54
B7VEQ0_conserved	Q5QQ10_conserved	1.014E+00	9.954E-01	9.954E-01	92.500	54	54	54
B7VEQ0_conserved	Q5H760_conserved	1.014E+00	9.952E-01	9.952E-01	90.700	54	54	54
B7VEQ0_conserved	A0A4P6VV23_conserved	1.013E+00	9.947E-01	9.947E-01	90.700	54	54	54
B7VEQ0_conserved	Q689B1_conserved	1.013E+00	9.944E-01	9.944E-01	87.000	54	54	54
B7VEQ0_conserved	D0QXI5_conserved	1.013E+00	9.941E-01	9.941E-01	90.700	54	54	54
B7VEQ0_conserved	V5RSE8_conserved	1.012E+00	9.933E-01	9.933E-01	90.700	54	54	54
B7VEQ0_conserved	Q934B2_conserved	1.012E+00	9.932E-01	9.932E-01	88.800	54	54	54
B7VEQ0_conserved	B0FND5_conserved	1.012E+00	9.930E-01	9.930E-01	88.800	54	54	54
B7VEQ0_conserved	Q7X0I6_conserved	1.012E+00	9.930E-01	9.930E-01	88.800	54	54	54
B7VEQ0_conserved	D1LUJ3_conserved	1.010E+00	9.910E-01	9.910E-01	85.100	54	54	54
B7VEQ0_conserved	Q2XQ06_conserved	1.014E+00	9.582E-01	9.949E-01	90.300	54	52	52
B7VEQ0_conserved	A0A193CHQ8_conserved	1.014E+00	9.580E-01	9.946E-01	90.300	54	52	52
B7VEQ0_conserved	A0A6M3GZS6_conserved	9.602E-01	9.267E-01	9.267E-01	71.600	54	53	54
B7VEQ0_conserved	P12833_conserved	9.456E-01	9.292E-01	9.292E-01	62.900	54	54	54
B7VEQ0_conserved	Q59397_conserved	9.451E-01	9.288E-01	9.288E-01	46.200	54	54	54
B7VEQ0_conserved	Q7BPB0_conserved	9.591E-01	9.256E-01	9.256E-01	69.800	54	53	54
B7VEQ0_conserved	E6BTZ6_conserved	9.415E-01	9.252E-01	9.252E-01	46.200	54	54	54
B7VEQ0_conserved	A0A218N469_conserved	9.452E-01	9.125E-01	9.286E-01	52.800	54	53	53
B7VEQ0_conserved	B0BKZ8_conserved	9.529E-01	9.199E-01	9.199E-01	67.900	54	53	54
B7VEQ0_conserved	Q79CE5_conserved	9.395E-01	9.234E-01	9.234E-01	51.800	54	54	54
B7VEQ0_conserved	Q9ZIF9_conserved	9.490E-01	9.164E-01	9.324E-01	60.300	54	53	53
B7VEQ0_conserved	Q4H3Y3_conserved	9.368E-01	9.207E-01	9.207E-01	53.700	54	54	54
B7VEQ0_conserved	U5NMJ1_conserved	9.496E-01	9.169E-01	9.169E-01	66.000	54	53	54
B7VEQ0_conserved	D5H463_conserved	9.357E-01	9.197E-01	9.197E-01	51.800	54	54	54
B7VEQ0_conserved	K4EK33_conserved	9.291E-01	9.132E-01	9.132E-01	46.200	54	54	54
B7VEQ0_conserved	P0C0P1_conserved	9.348E-01	9.027E-01	9.185E-01	48.100	54	54	53
B7VEQ0_conserved	Q59408_conserved	9.323E-01	9.005E-01	9.005E-01	64.100	54	53	54
B7VEQ0_conserved	A4IUE2_conserved	9.290E-01	9.133E-01	8.982E-01	50.000	54	54	55
B7VEQ0_conserved	A0A7G8Z9Q0_conserved	9.067E-01	8.915E-01	8.915E-01	44.400	54	54	54
B7VEQ0_conserved	A0A7I8NPH7_conserved	9.248E-01	8.934E-01	8.784E-01	47.100	54	53	55
B7VEQ0_conserved	A0A7Z8DX35_conserved	9.057E-01	8.906E-01	8.906E-01	46.200	54	54	54
B7VEQ0_conserved	Q8VVN6_conserved	9.199E-01	8.729E-01	8.880E-01	49.000	54	53	53
B7VEQ0_conserved	A0A0M2AT09_conserved	9.055E-01	8.754E-01	8.902E-01	47.100	54	53	53
B7VEQ0_conserved	Q8VVE6_conserved	9.079E-01	8.779E-01	8.779E-01	43.300	54	53	54
B7VEQ0_conserved	Q5W314_conserved	8.900E-01	8.753E-01	8.753E-01	45.400	54	55	54
B7VEQ0_conserved	Q79PC3_conserved	8.989E-01	8.536E-01	8.833E-01	41.800	54	55	52
B7VEQ0_conserved	Q6A328_conserved	8.871E-01	8.724E-01	8.724E-01	44.400	54	54	54
B7VEQ0_conserved	K4EJH1_conserved	8.906E-01	8.177E-01	8.600E-01	33.900	54	53	51
B7VEQ0_conserved	Q8GCW7_conserved	8.191E-01	7.805E-01	7.929E-01	40.300	54	52	53
D0QXI5_conserved	D0QXI5_conserved	1.019E+00	1.000E+00	1.000E+00	100.000	54	54	54
D0QXI5_conserved	Q5H760_conserved	1.018E+00	9.991E-01	9.991E-01	98.100	54	54	54
D0QXI5_conserved	B2RGD3_conserved	1.015E+00	9.962E-01	9.962E-01	98.100	54	54	54
D0QXI5_conserved	F8T8W2_conserved	1.015E+00	9.960E-01	9.960E-01	98.100	54	54	54
D0QXI5_conserved	Q0QMM1_conserved	1.014E+00	9.957E-01	9.957E-01	98.100	54	54	54
D0QXI5_conserved	P95524_conserved	1.014E+00	9.952E-01	9.952E-01	98.100	54	54	54
D0QXI5_conserved	Q5QQ10_conserved	1.014E+00	9.950E-01	9.950E-01	98.100	54	54	54
D0QXI5_conserved	B2ZPD3_conserved	1.013E+00	9.948E-01	9.948E-01	90.700	54	54	54
D0QXI5_conserved	A0A4P6VV23_conserved	1.013E+00	9.947E-01	9.947E-01	96.200	54	54	54
D0QXI5_conserved	Q689B1_conserved	1.013E+00	9.945E-01	9.945E-01	88.800	54	54	54
D0QXI5_conserved	Q934B2_conserved	1.013E+00	9.945E-01	9.945E-01	94.400	54	54	54
D0QXI5_conserved	B7VEQ0_conserved	1.013E+00	9.941E-01	9.941E-01	90.700	54	54	54
D0QXI5_conserved	V5RSE8_conserved	1.013E+00	9.941E-01	9.941E-01	96.200	54	54	54
D0QXI5_conserved	Q7X0I6_conserved	1.011E+00	9.928E-01	9.928E-01	94.400	54	54	54
D0QXI5_conserved	B0FND5_conserved	1.011E+00	9.923E-01	9.923E-01	90.700	54	54	54
D0QXI5_conserved	D1LUJ3_conserved	1.006E+00	9.881E-01	9.881E-01	87.000	54	54	54
D0QXI5_conserved	Q2XQ06_conserved	1.015E+00	9.591E-01	9.958E-01	96.100	54	52	52
D0QXI5_conserved	A0A193CHQ8_conserved	1.015E+00	9.587E-01	9.954E-01	96.100	54	52	52
D0QXI5_conserved	A0A6M3GZS6_conserved	9.644E-01	9.306E-01	9.306E-01	71.600	54	53	54
D0QXI5_conserved	Q59397_conserved	9.488E-01	9.323E-01	9.323E-01	48.100	54	54	54
D0QXI5_conserved	Q7BPB0_conserved	9.603E-01	9.268E-01	9.268E-01	69.800	54	53	54
D0QXI5_conserved	P12833_conserved	9.438E-01	9.275E-01	9.275E-01	62.900	54	54	54
D0QXI5_conserved	E6BTZ6_conserved	9.415E-01	9.252E-01	9.252E-01	53.700	54	54	54
D0QXI5_conserved	B0BKZ8_conserved	9.560E-01	9.228E-01	9.228E-01	67.900	54	53	54
D0QXI5_conserved	Q79CE5_conserved	9.406E-01	9.244E-01	9.244E-01	55.500	54	54	54
D0QXI5_conserved	A0A218N469_conserved	9.453E-01	9.125E-01	9.286E-01	52.800	54	53	53
D0QXI5_conserved	U5NMJ1_conserved	9.528E-01	9.198E-01	9.198E-01	66.000	54	53	54
D0QXI5_conserved	Q9ZIF9_conserved	9.484E-01	9.159E-01	9.319E-01	56.600	54	53	53
D0QXI5_conserved	D5H463_conserved	9.365E-01	9.204E-01	9.204E-01	55.500	54	54	54
D0QXI5_conserved	Q4H3Y3_conserved	9.365E-01	9.204E-01	9.204E-01	57.400	54	54	54
D0QXI5_conserved	Q59408_conserved	9.392E-01	9.071E-01	9.071E-01	64.100	54	53	54
D0QXI5_conserved	P0C0P1_conserved	9.304E-01	8.987E-01	9.143E-01	51.800	54	54	53
D0QXI5_conserved	K4EK33_conserved	9.220E-01	9.064E-01	9.064E-01	46.200	54	54	54
D0QXI5_conserved	A0A7I8NPH7_conserved	9.285E-01	8.967E-01	8.816E-01	50.900	54	53	55
D0QXI5_conserved	A0A7Z8DX35_conserved	9.105E-01	8.952E-01	8.952E-01	51.800	54	54	54
D0QXI5_conserved	A0A7G8Z9Q0_conserved	9.078E-01	8.926E-01	8.926E-01	51.800	54	54	54
D0QXI5_conserved	A4IUE2_conserved	9.202E-01	9.048E-01	8.899E-01	51.800	54	54	55
D0QXI5_conserved	A0A0M2AT09_conserved	9.113E-01	8.808E-01	8.958E-01	49.000	54	53	53
D0QXI5_conserved	Q8VVN6_conserved	9.155E-01	8.690E-01	8.840E-01	50.900	54	53	53
D0QXI5_conserved	Q79PC3_conserved	9.017E-01	8.561E-01	8.860E-01	40.000	54	55	52
D0QXI5_conserved	Q8VVE6_conserved	9.070E-01	8.770E-01	8.770E-01	39.600	54	53	54
D0QXI5_conserved	Q6A328_conserved	8.856E-01	8.710E-01	8.710E-01	48.100	54	54	54
D0QXI5_conserved	Q5W314_conserved	8.860E-01	8.714E-01	8.714E-01	41.800	54	55	54
D0QXI5_conserved	K4EJH1_conserved	8.968E-01	8.227E-01	8.656E-01	35.800	54	53	51
D0QXI5_conserved	Q8GCW7_conserved	8.217E-01	7.826E-01	7.952E-01	37.700	54	53	53
D1LUJ3_conserved	D1LUJ3_conserved	1.019E+00	1.000E+00	1.000E+00	100.000	54	54	54
D1LUJ3_conserved	Q689B1_conserved	1.014E+00	9.954E-01	9.954E-01	98.100	54	54	54
D1LUJ3_conserved	B0FND5_conserved	1.014E+00	9.951E-01	9.951E-01	96.200	54	54	54
D1LUJ3_conserved	Q5QQ10_conserved	1.012E+00	9.933E-01	9.933E-01	88.800	54	54	54
D1LUJ3_conserved	Q7X0I6_conserved	1.011E+00	9.928E-01	9.928E-01	87.000	54	54	54
D1LUJ3_conserved	V5RSE8_conserved	1.011E+00	9.923E-01	9.923E-01	87.000	54	54	54
D1LUJ3_conserved	A0A4P6VV23_conserved	1.010E+00	9.919E-01	9.919E-01	87.000	54	54	54
D1LUJ3_conserved	B2ZPD3_conserved	1.010E+00	9.918E-01	9.918E-01	85.100	54	54	54
D1LUJ3_conserved	Q934B2_conserved	1.010E+00	9.915E-01	9.915E-01	88.800	54	54	54
D1LUJ3_conserved	B2RGD3_conserved	1.010E+00	9.911E-01	9.911E-01	88.800	54	54	54
D1LUJ3_conserved	B7VEQ0_conserved	1.010E+00	9.910E-01	9.910E-01	85.100	54	54	54
D1LUJ3_conserved	F8T8W2_conserved	1.009E+00	9.907E-01	9.907E-01	88.800	54	54	54
D1LUJ3_conserved	Q0QMM1_conserved	1.009E+00	9.908E-01	9.908E-01	88.800	54	54	54
D1LUJ3_conserved	Q5H760_conserved	1.008E+00	9.899E-01	9.899E-01	87.000	54	54	54
D1LUJ3_conserved	P95524_conserved	1.008E+00	9.895E-01	9.895E-01	87.000	54	54	54
D1LUJ3_conserved	D0QXI5_conserved	1.006E+00	9.881E-01	9.881E-01	87.000	54	54	54
D1LUJ3_conserved	A0A193CHQ8_conserved	1.010E+00	9.543E-01	9.906E-01	86.500	54	52	52
D1LUJ3_conserved	Q2XQ06_conserved	1.009E+00	9.539E-01	9.902E-01	86.500	54	52	52
D1LUJ3_conserved	A0A6M3GZS6_conserved	9.612E-01	9.277E-01	9.277E-01	67.900	54	53	54
D1LUJ3_conserved	Q59397_conserved	9.432E-01	9.270E-01	9.270E-01	51.800	54	54	54
D1LUJ3_conserved	Q7BPB0_conserved	9.559E-01	9.227E-01	9.227E-01	66.000	54	53	54
D1LUJ3_conserved	P12833_conserved	9.387E-01	9.226E-01	9.226E-01	64.800	54	54	54
D1LUJ3_conserved	A0A218N469_conserved	9.430E-01	9.104E-01	9.265E-01	58.400	54	53	53
D1LUJ3_conserved	B0BKZ8_conserved	9.506E-01	9.177E-01	9.177E-01	64.100	54	53	54
D1LUJ3_conserved	E6BTZ6_conserved	9.346E-01	9.185E-01	9.185E-01	53.700	54	54	54
D1LUJ3_conserved	Q79CE5_conserved	9.363E-01	9.202E-01	9.202E-01	55.500	54	54	54
D1LUJ3_conserved	U5NMJ1_conserved	9.479E-01	9.152E-01	9.152E-01	62.200	54	53	54
D1LUJ3_conserved	Q9ZIF9_conserved	9.445E-01	9.122E-01	9.281E-01	64.100	54	53	53
D1LUJ3_conserved	Q4H3Y3_conserved	9.323E-01	9.164E-01	9.164E-01	55.500	54	54	54
D1LUJ3_conserved	D5H463_conserved	9.313E-01	9.154E-01	9.154E-01	53.700	54	54	54
D1LUJ3_conserved	P0C0P1_conserved	9.334E-01	9.015E-01	9.171E-01	53.700	54	54	53
D1LUJ3_conserved	Q59408_conserved	9.369E-01	9.048E-01	9.048E-01	60.300	54	53	54
D1LUJ3_conserved	K4EK33_conserved	9.148E-01	8.994E-01	8.994E-01	48.100	54	54	54
D1LUJ3_conserved	A4IUE2_conserved	9.244E-01	9.089E-01	8.939E-01	55.500	54	54	55
D1LUJ3_conserved	A0A7G8Z9Q0_conserved	9.052E-01	8.900E-01	8.900E-01	48.100	54	54	54
D1LUJ3_conserved	A0A7Z8DX35_conserved	9.007E-01	8.857E-01	8.857E-01	50.000	54	54	54
D1LUJ3_conserved	A0A7I8NPH7_conserved	9.143E-01	8.835E-01	8.689E-01	47.100	54	53	55
D1LUJ3_conserved	A0A0M2AT09_conserved	9.049E-01	8.748E-01	8.896E-01	50.900	54	53	53
D1LUJ3_conserved	Q8VVE6_conserved	9.125E-01	8.823E-01	8.823E-01	43.300	54	53	54
D1LUJ3_conserved	Q8VVN6_conserved	9.040E-01	8.586E-01	8.732E-01	49.000	54	53	53
D1LUJ3_conserved	Q5W314_conserved	8.862E-01	8.716E-01	8.716E-01	45.400	54	55	54
D1LUJ3_conserved	Q79PC3_conserved	8.952E-01	8.503E-01	8.797E-01	41.800	54	55	52
D1LUJ3_conserved	Q6A328_conserved	8.787E-01	8.643E-01	8.643E-01	48.100	54	54	54
D1LUJ3_conserved	K4EJH1_conserved	8.826E-01	8.109E-01	8.525E-01	33.900	54	53	51
D1LUJ3_conserved	Q8GCW7_conserved	8.226E-01	7.834E-01	7.961E-01	43.300	54	53	53
E6BTZ6_conserved	E6BTZ6_conserved	1.019E+00	1.000E+00	1.000E+00	100.000	54	54	54
E6BTZ6_conserved	Q79CE5_conserved	9.945E-01	9.764E-01	9.764E-01	70.300	54	54	54
E6BTZ6_conserved	D5H463_conserved	9.933E-01	9.753E-01	9.753E-01	68.500	54	54	54
E6BTZ6_conserved	Q4H3Y3_conserved	9.914E-01	9.735E-01	9.735E-01	70.300	54	54	54
E6BTZ6_conserved	A0A7G8Z9Q0_conserved	9.840E-01	9.663E-01	9.663E-01	77.700	54	54	54
E6BTZ6_conserved	P12833_conserved	9.840E-01	9.663E-01	9.663E-01	64.800	54	54	54
E6BTZ6_conserved	K4EK33_conserved	9.773E-01	9.598E-01	9.598E-01	68.500	54	54	54
E6BTZ6_conserved	P0C0P1_conserved	9.823E-01	9.471E-01	9.644E-01	70.300	54	54	53
E6BTZ6_conserved	A0A218N469_conserved	9.788E-01	9.439E-01	9.610E-01	66.000	54	53	53
E6BTZ6_conserved	Q6A328_conserved	9.599E-01	9.430E-01	9.430E-01	77.700	54	54	54
E6BTZ6_conserved	A0A0M2AT09_conserved	9.702E-01	9.360E-01	9.528E-01	56.600	54	53	53
E6BTZ6_conserved	A0A7I8NPH7_conserved	9.818E-01	9.469E-01	9.303E-01	66.000	54	53	55
E6BTZ6_conserved	A4IUE2_conserved	9.615E-01	9.447E-01	9.285E-01	61.100	54	54	55
E6BTZ6_conserved	Q59397_conserved	9.520E-01	9.354E-01	9.354E-01	53.700	54	54	54
E6BTZ6_conserved	A0A6M3GZS6_conserved	9.582E-01	9.243E-01	9.243E-01	54.700	54	53	54
E6BTZ6_conserved	B0BKZ8_conserved	9.558E-01	9.221E-01	9.221E-01	50.900	54	53	54
E6BTZ6_conserved	A0A4P6VV23_conserved	9.438E-01	9.274E-01	9.274E-01	55.500	54	54	54
E6BTZ6_conserved	Q7X0I6_conserved	9.430E-01	9.266E-01	9.266E-01	57.400	54	54	54
E6BTZ6_conserved	V5RSE8_conserved	9.430E-01	9.266E-01	9.266E-01	55.500	54	54	54
E6BTZ6_conserved	Q5QQ10_conserved	9.430E-01	9.266E-01	9.266E-01	53.700	54	54	54
E6BTZ6_conserved	Q7BPB0_conserved	9.545E-01	9.210E-01	9.210E-01	50.900	54	53	54
E6BTZ6_conserved	B2ZPD3_conserved	9.423E-01	9.260E-01	9.260E-01	46.200	54	54	54
E6BTZ6_conserved	Q5H760_conserved	9.423E-01	9.259E-01	9.259E-01	53.700	54	54	54
E6BTZ6_conserved	U5NMJ1_conserved	9.529E-01	9.195E-01	9.195E-01	49.000	54	53	54
E6BTZ6_conserved	D0QXI5_conserved	9.415E-01	9.252E-01	9.252E-01	53.700	54	54	54
E6BTZ6_conserved	B2RGD3_conserved	9.417E-01	9.254E-01	9.254E-01	53.700	54	54	54
E6BTZ6_conserved	F8T8W2_conserved	9.416E-01	9.253E-01	9.253E-01	53.700	54	54	54
E6BTZ6_conserved	Q9ZIF9_conserved	9.473E-01	9.143E-01	9.305E-01	52.800	54	53	53
E6BTZ6_conserved	B7VEQ0_conserved	9.415E-01	9.252E-01	9.252E-01	46.200	54	54	54
E6BTZ6_conserved	Q689B1_conserved	9.409E-01	9.246E-01	9.246E-01	51.800	54	54	54
E6BTZ6_conserved	Q0QMM1_conserved	9.408E-01	9.246E-01	9.246E-01	53.700	54	54	54
E6BTZ6_conserved	Q934B2_conserved	9.400E-01	9.237E-01	9.237E-01	55.500	54	54	54
E6BTZ6_conserved	B0FND5_conserved	9.393E-01	9.231E-01	9.231E-01	53.700	54	54	54
E6BTZ6_conserved	P95524_conserved	9.389E-01	9.227E-01	9.227E-01	53.700	54	54	54
E6BTZ6_conserved	Q8VVE6_conserved	9.499E-01	9.169E-01	9.169E-01	37.700	54	53	54
E6BTZ6_conserved	D1LUJ3_conserved	9.346E-01	9.185E-01	9.185E-01	53.700	54	54	54
E6BTZ6_conserved	A0A193CHQ8_conserved	9.395E-01	8.907E-01	9.226E-01	51.900	54	52	52
E6BTZ6_conserved	Q59408_conserved	9.382E-01	9.057E-01	9.057E-01	49.000	54	53	54
E6BTZ6_conserved	Q2XQ06_conserved	9.393E-01	8.905E-01	9.224E-01	51.900	54	52	52
E6BTZ6_conserved	A0A7Z8DX35_conserved	9.235E-01	9.077E-01	9.077E-01	53.700	54	54	54
E6BTZ6_conserved	Q8VVN6_conserved	9.402E-01	8.916E-01	9.072E-01	66.000	54	53	53
E6BTZ6_conserved	Q5W314_conserved	9.193E-01	9.036E-01	9.036E-01	40.700	54	54	54
E6BTZ6_conserved	Q79PC3_conserved	9.246E-01	8.772E-01	9.083E-01	43.600	54	55	52
E6BTZ6_conserved	K4EJH1_conserved	8.648E-01	7.951E-01	8.355E-01	49.000	54	53	51
E6BTZ6_conserved	Q8GCW7_conserved	8.287E-01	7.898E-01	8.024E-01	45.200	54	53	53
F8T8W2_conserved	F8T8W2_conserved	1.019E+00	1.000E+00	1.000E+00	100.000	54	54	54
F8T8W2_conserved	Q0QMM1_conserved	1.018E+00	9.994E-01	9.994E-01	100.000	54	54	54
F8T8W2_conserved	B2RGD3_conserved	1.018E+00	9.992E-01	9.992E-01	100.000	54	54	54
F8T8W2_conserved	B2ZPD3_conserved	1.016E+00	9.972E-01	9.972E-01	92.500	54	54	54
F8T8W2_conserved	Q5QQ10_conserved	1.016E+00	9.971E-01	9.971E-01	100.000	54	54	54
F8T8W2_conserved	A0A4P6VV23_conserved	1.015E+00	9.967E-01	9.967E-01	98.100	54	54	54
F8T8W2_conserved	Q689B1_conserved	1.015E+00	9.965E-01	9.965E-01	90.700	54	54	54
F8T8W2_conserved	B7VEQ0_conserved	1.015E+00	9.965E-01	9.965E-01	92.500	54	54	54
F8T8W2_conserved	Q934B2_conserved	1.015E+00	9.964E-01	9.964E-01	96.200	54	54	54
F8T8W2_conserved	Q5H760_conserved	1.015E+00	9.960E-01	9.960E-01	98.100	54	54	54
F8T8W2_conserved	D0QXI5_conserved	1.015E+00	9.960E-01	9.960E-01	98.100	54	54	54
F8T8W2_conserved	V5RSE8_conserved	1.014E+00	9.956E-01	9.956E-01	98.100	54	54	54
F8T8W2_conserved	B0FND5_conserved	1.014E+00	9.952E-01	9.952E-01	92.500	54	54	54
F8T8W2_conserved	P95524_conserved	1.014E+00	9.951E-01	9.951E-01	98.100	54	54	54
F8T8W2_conserved	Q7X0I6_conserved	1.013E+00	9.948E-01	9.948E-01	96.200	54	54	54
F8T8W2_conserved	D1LUJ3_conserved	1.009E+00	9.907E-01	9.907E-01	88.800	54	54	54
F8T8W2_conserved	Q2XQ06_conserved	1.018E+00	9.612E-01	9.981E-01	98.000	54	52	52
F8T8W2_conserved	A0A193CHQ8_conserved	1.017E+00	9.611E-01	9.980E-01	98.000	54	52	52
F8T8W2_conserved	A0A6M3GZS6_conserved	9.648E-01	9.310E-01	9.310E-01	71.600	54	53	54
F8T8W2_conserved	Q7BPB0_conserved	9.617E-01	9.280E-01	9.280E-01	69.800	54	53	54
F8T8W2_conserved	Q59397_conserved	9.473E-01	9.308E-01	9.308E-01	48.100	54	54	54
F8T8W2_conserved	P12833_conserved	9.457E-01	9.293E-01	9.293E-01	62.900	54	54	54
F8T8W2_conserved	B0BKZ8_conserved	9.579E-01	9.245E-01	9.245E-01	67.900	54	53	54
F8T8W2_conserved	A0A218N469_conserved	9.477E-01	9.147E-01	9.309E-01	52.800	54	53	53
F8T8W2_conserved	E6BTZ6_conserved	9.416E-01	9.253E-01	9.253E-01	53.700	54	54	54
F8T8W2_conserved	Q79CE5_conserved	9.421E-01	9.258E-01	9.258E-01	55.500	54	54	54
F8T8W2_conserved	U5NMJ1_conserved	9.546E-01	9.215E-01	9.215E-01	66.000	54	53	54
F8T8W2_conserved	Q4H3Y3_conserved	9.396E-01	9.234E-01	9.234E-01	57.400	54	54	54
F8T8W2_conserved	D5H463_conserved	9.388E-01	9.226E-01	9.226E-01	55.500	54	54	54
F8T8W2_conserved	Q9ZIF9_conserved	9.493E-01	9.167E-01	9.327E-01	58.400	54	53	53
F8T8W2_conserved	P0C0P1_conserved	9.353E-01	9.032E-01	9.190E-01	51.800	54	54	53
F8T8W2_conserved	Q59408_conserved	9.401E-01	9.079E-01	9.079E-01	64.100	54	53	54
F8T8W2_conserved	K4EK33_conserved	9.246E-01	9.088E-01	9.088E-01	46.200	54	54	54
F8T8W2_conserved	A4IUE2_conserved	9.280E-01	9.123E-01	8.972E-01	51.800	54	54	55
F8T8W2_conserved	A0A7Z8DX35_conserved	9.103E-01	8.950E-01	8.950E-01	53.700	54	54	54
F8T8W2_conserved	A0A7G8Z9Q0_conserved	9.101E-01	8.948E-01	8.948E-01	51.800	54	54	54
F8T8W2_conserved	A0A7I8NPH7_conserved	9.282E-01	8.965E-01	8.814E-01	50.900	54	53	55
F8T8W2_conserved	A0A0M2AT09_conserved	9.100E-01	8.796E-01	8.946E-01	49.000	54	53	53
F8T8W2_conserved	Q8VVN6_conserved	9.152E-01	8.686E-01	8.836E-01	52.800	54	53	53
F8T8W2_conserved	Q8VVE6_conserved	9.107E-01	8.806E-01	8.806E-01	41.500	54	53	54
F8T8W2_conserved	Q79PC3_conserved	9.019E-01	8.562E-01	8.861E-01	41.800	54	55	52
F8T8W2_conserved	Q5W314_conserved	8.919E-01	8.771E-01	8.771E-01	43.600	54	55	54
F8T8W2_conserved	Q6A328_conserved	8.872E-01	8.726E-01	8.726E-01	48.100	54	54	54
F8T8W2_conserved	K4EJH1_conserved	8.946E-01	8.209E-01	8.636E-01	35.800	54	53	51
F8T8W2_conserved	Q8GCW7_conserved	8.184E-01	7.798E-01	7.923E-01	40.300	54	52	53
K4EJH1_conserved	K4EJH1_conserved	1.020E+00	1.000E+00	1.000E+00	100.000	51	51	51
K4EJH1_conserved	Q934B2_conserved	8.980E-01	8.668E-01	8.238E-01	37.700	51	53	54
K4EJH1_conserved	D0QXI5_conserved	8.968E-01	8.656E-01	8.227E-01	35.800	51	53	54
K4EJH1_conserved	V5RSE8_conserved	8.960E-01	8.650E-01	8.221E-01	37.700	51	53	54
K4EJH1_conserved	A0A4P6VV23_conserved	8.953E-01	8.644E-01	8.216E-01	37.700	51	53	54
K4EJH1_conserved	Q7X0I6_conserved	8.951E-01	8.641E-01	8.214E-01	37.700	51	53	54
K4EJH1_conserved	Q0QMM1_conserved	8.952E-01	8.643E-01	8.216E-01	35.800	51	53	54
K4EJH1_conserved	F8T8W2_conserved	8.946E-01	8.636E-01	8.209E-01	35.800	51	53	54
K4EJH1_conserved	Q5H760_conserved	8.943E-01	8.634E-01	8.207E-01	35.800	51	53	54
K4EJH1_conserved	Q59397_conserved	8.927E-01	8.619E-01	8.194E-01	41.500	51	53	54
K4EJH1_conserved	Q5QQ10_conserved	8.934E-01	8.625E-01	8.199E-01	35.800	51	53	54
K4EJH1_conserved	B2ZPD3_conserved	8.936E-01	8.627E-01	8.202E-01	33.900	51	53	54
K4EJH1_conserved	B2RGD3_conserved	8.923E-01	8.616E-01	8.191E-01	35.800	51	53	54
K4EJH1_conserved	B7VEQ0_conserved	8.906E-01	8.600E-01	8.177E-01	33.900	51	53	54
K4EJH1_conserved	Q2XQ06_conserved	8.908E-01	8.447E-01	8.303E-01	34.600	51	52	52
K4EJH1_conserved	Q689B1_conserved	8.898E-01	8.592E-01	8.170E-01	33.900	51	53	54
K4EJH1_conserved	A0A193CHQ8_conserved	8.902E-01	8.442E-01	8.299E-01	34.600	51	52	52
K4EJH1_conserved	P95524_conserved	8.877E-01	8.573E-01	8.152E-01	35.800	51	53	54
K4EJH1_conserved	B0FND5_conserved	8.859E-01	8.556E-01	8.138E-01	35.800	51	53	54
K4EJH1_conserved	D1LUJ3_conserved	8.826E-01	8.525E-01	8.109E-01	33.900	51	53	54
K4EJH1_conserved	Q79PC3_conserved	8.678E-01	8.385E-01	8.246E-01	40.300	51	52	52
K4EJH1_conserved	A0A7Z8DX35_conserved	8.706E-01	8.412E-01	8.006E-01	47.100	51	53	54
K4EJH1_conserved	Q8VVN6_conserved	8.635E-01	8.345E-01	8.073E-01	51.900	51	52	53
K4EJH1_conserved	E6BTZ6_conserved	8.648E-01	8.355E-01	7.951E-01	49.000	51	53	54
K4EJH1_conserved	A0A218N469_conserved	8.634E-01	8.345E-01	8.074E-01	49.000	51	53	53
K4EJH1_conserved	Q79CE5_conserved	8.612E-01	8.322E-01	7.919E-01	49.000	51	53	54
K4EJH1_conserved	P12833_conserved	8.601E-01	8.312E-01	7.911E-01	45.200	51	53	54
K4EJH1_conserved	D5H463_conserved	8.545E-01	8.259E-01	7.862E-01	47.100	51	53	54
K4EJH1_conserved	A0A7G8Z9Q0_conserved	8.540E-01	8.253E-01	7.856E-01	43.300	51	53	54
K4EJH1_conserved	Q9ZIF9_conserved	8.481E-01	8.198E-01	7.933E-01	37.700	51	53	53
K4EJH1_conserved	A4IUE2_conserved	8.603E-01	8.314E-01	7.790E-01	49.000	51	53	55
K4EJH1_conserved	A0A7I8NPH7_conserved	8.606E-01	8.318E-01	7.795E-01	41.500	51	53	55
K4EJH1_conserved	Q4H3Y3_conserved	8.525E-01	8.241E-01	7.847E-01	49.000	51	53	54
K4EJH1_conserved	K4EK33_conserved	8.542E-01	8.259E-01	7.866E-01	41.500	51	53	54
K4EJH1_conserved	Q6A328_conserved	8.462E-01	8.177E-01	7.781E-01	46.200	51	54	54
K4EJH1_conserved	A0A6M3GZS6_conserved	8.484E-01	8.202E-01	7.811E-01	43.300	51	53	54
K4EJH1_conserved	Q59408_conserved	8.425E-01	8.146E-01	7.758E-01	30.100	51	53	54
K4EJH1_conserved	P0C0P1_conserved	8.355E-01	8.077E-01	7.817E-01	43.300	51	53	53
K4EJH1_conserved	B0BKZ8_conserved	8.429E-01	8.151E-01	7.764E-01	33.900	51	53	54
K4EJH1_conserved	Q5W314_conserved	8.417E-01	8.138E-01	7.751E-01	24.500	51	53	54
K4EJH1_conserved	A0A0M2AT09_conserved	8.360E-01	8.086E-01	7.828E-01	41.500	51	53	53
K4EJH1_conserved	Q8VVE6_conserved	8.363E-01	8.086E-01	7.701E-01	26.400	51	53	54
K4EJH1_conserved	U5NMJ1_conserved	8.389E-01	8.113E-01	7.730E-01	33.900	51	53	54
K4EJH1_conserved	Q7BPB0_conserved	8.400E-01	8.125E-01	7.743E-01	37.700	51	53	54
K4EJH1_conserved	Q8GCW7_conserved	8.442E-01	8.024E-01	7.766E-01	39.200	51	51	53
K4EK33_conserved	K4EK33_conserved	1.019E+00	1.000E+00	1.000E+00	100.000	54	54	54
K4EK33_conserved	E6BTZ6_conserved	9.773E-01	9.598E-01	9.598E-01	68.500	54	54	54
K4EK33_conserved	P12833_conserved	9.573E-01	9.404E-01	9.404E-01	66.600	54	54	54
K4EK33_conserved	A0A7G8Z9Q0_conserved	9.574E-01	9.407E-01	9.407E-01	64.800	54	54	54
K4EK33_conserved	Q79CE5_conserved	9.517E-01	9.350E-01	9.350E-01	61.100	54	54	54
K4EK33_conserved	Q4H3Y3_conserved	9.507E-01	9.341E-01	9.341E-01	61.100	54	54	54
K4EK33_conserved	A0A218N469_conserved	9.576E-01	9.239E-01	9.404E-01	62.200	54	53	53
K4EK33_conserved	D5H463_conserved	9.495E-01	9.329E-01	9.329E-01	59.200	54	54	54
K4EK33_conserved	P0C0P1_conserved	9.501E-01	9.167E-01	9.331E-01	66.600	54	54	53
K4EK33_conserved	Q59397_conserved	9.437E-01	9.273E-01	9.273E-01	61.100	54	54	54
K4EK33_conserved	A4IUE2_conserved	9.481E-01	9.316E-01	9.157E-01	57.400	54	54	55
K4EK33_conserved	Q9ZIF9_conserved	9.472E-01	9.142E-01	9.304E-01	62.200	54	53	53
K4EK33_conserved	Q6A328_conserved	9.364E-01	9.201E-01	9.201E-01	68.500	54	54	54
K4EK33_conserved	A0A7I8NPH7_conserved	9.573E-01	9.238E-01	9.079E-01	67.900	54	53	55
K4EK33_conserved	A0A6M3GZS6_conserved	9.441E-01	9.112E-01	9.112E-01	58.400	54	53	54
K4EK33_conserved	Q7BPB0_conserved	9.434E-01	9.107E-01	9.107E-01	52.800	54	53	54
K4EK33_conserved	A0A0M2AT09_conserved	9.373E-01	9.051E-01	9.209E-01	58.400	54	53	53
K4EK33_conserved	B7VEQ0_conserved	9.291E-01	9.132E-01	9.132E-01	46.200	54	54	54
K4EK33_conserved	B0BKZ8_conserved	9.396E-01	9.071E-01	9.071E-01	54.700	54	53	54
K4EK33_conserved	B2ZPD3_conserved	9.277E-01	9.118E-01	9.118E-01	46.200	54	54	54
K4EK33_conserved	Q5W314_conserved	9.252E-01	9.094E-01	9.094E-01	48.100	54	54	54
K4EK33_conserved	U5NMJ1_conserved	9.367E-01	9.044E-01	9.044E-01	52.800	54	53	54
K4EK33_conserved	P95524_conserved	9.264E-01	9.106E-01	9.106E-01	46.200	54	54	54
K4EK33_conserved	Q8VVE6_conserved	9.367E-01	9.044E-01	9.044E-01	45.200	54	53	54
K4EK33_conserved	B2RGD3_conserved	9.250E-01	9.093E-01	9.093E-01	46.200	54	54	54
K4EK33_conserved	F8T8W2_conserved	9.246E-01	9.088E-01	9.088E-01	46.200	54	54	54
K4EK33_conserved	Q5H760_conserved	9.243E-01	9.086E-01	9.086E-01	46.200	54	54	54
K4EK33_conserved	A0A4P6VV23_conserved	9.235E-01	9.078E-01	9.078E-01	46.200	54	54	54
K4EK33_conserved	Q0QMM1_conserved	9.236E-01	9.079E-01	9.079E-01	46.200	54	54	54
K4EK33_conserved	D0QXI5_conserved	9.220E-01	9.064E-01	9.064E-01	46.200	54	54	54
K4EK33_conserved	Q5QQ10_conserved	9.214E-01	9.057E-01	9.057E-01	46.200	54	54	54
K4EK33_conserved	Q689B1_conserved	9.215E-01	9.059E-01	9.059E-01	48.100	54	54	54
K4EK33_conserved	Q7X0I6_conserved	9.203E-01	9.047E-01	9.047E-01	48.100	54	54	54
K4EK33_conserved	Q8VVN6_conserved	9.399E-01	8.914E-01	9.070E-01	60.300	54	53	53
K4EK33_conserved	V5RSE8_conserved	9.193E-01	9.037E-01	9.037E-01	46.200	54	54	54
K4EK33_conserved	B0FND5_conserved	9.186E-01	9.030E-01	9.030E-01	50.000	54	54	54
K4EK33_conserved	Q934B2_conserved	9.175E-01	9.020E-01	9.020E-01	46.200	54	54	54
K4EK33_conserved	D1LUJ3_conserved	9.148E-01	8.994E-01	8.994E-01	48.100	54	54	54
K4EK33_conserved	Q2XQ06_conserved	9.235E-01	8.764E-01	9.073E-01	46.100	54	52	52
K4EK33_conserved	A0A193CHQ8_conserved	9.233E-01	8.762E-01	9.070E-01	46.100	54	52	52
K4EK33_conserved	A0A7Z8DX35_conserved	9.049E-01	8.897E-01	8.897E-01	54.500	54	55	54
K4EK33_conserved	Q79PC3_conserved	9.118E-01	8.654E-01	8.958E-01	52.700	54	55	52
K4EK33_conserved	Q59408_conserved	9.109E-01	8.803E-01	8.803E-01	52.800	54	53	54
K4EK33_conserved	K4EJH1_conserved	8.542E-01	7.866E-01	8.259E-01	41.500	54	53	51
K4EK33_conserved	Q8GCW7_conserved	8.279E-01	7.889E-01	8.015E-01	50.000	54	52	53
Q79PC3_conserved	Q79PC3_conserved	1.020E+00	1.000E+00	1.000E+00	100.000	52	52	52
Q79PC3_conserved	E6BTZ6_conserved	9.246E-01	9.083E-01	8.772E-01	43.600	52	55	54
Q79PC3_conserved	Q59397_conserved	9.206E-01	9.043E-01	8.734E-01	45.400	52	55	54
Q79PC3_conserved	Q9ZIF9_conserved	9.181E-01	8.855E-01	8.700E-01	40.700	52	54	53
Q79PC3_conserved	K4EK33_conserved	9.118E-01	8.958E-01	8.654E-01	52.700	52	55	54
Q79PC3_conserved	A0A7I8NPH7_conserved	9.304E-01	8.972E-01	8.515E-01	48.100	52	54	55
Q79PC3_conserved	A0A7Z8DX35_conserved	9.115E-01	8.956E-01	8.652E-01	47.200	52	55	54
Q79PC3_conserved	Q8GCW7_conserved	9.187E-01	8.866E-01	8.713E-01	64.100	52	53	53
Q79PC3_conserved	A0A0M2AT09_conserved	9.146E-01	8.823E-01	8.669E-01	42.500	52	54	53
Q79PC3_conserved	A4IUE2_conserved	9.124E-01	8.963E-01	8.513E-01	41.800	52	55	55
Q79PC3_conserved	A0A4P6VV23_conserved	9.070E-01	8.911E-01	8.609E-01	40.000	52	55	54
Q79PC3_conserved	Q79CE5_conserved	9.052E-01	8.894E-01	8.594E-01	36.300	52	55	54
Q79PC3_conserved	Q5H760_conserved	9.027E-01	8.870E-01	8.571E-01	40.000	52	55	54
Q79PC3_conserved	V5RSE8_conserved	9.032E-01	8.874E-01	8.575E-01	40.000	52	55	54
Q79PC3_conserved	B2RGD3_conserved	9.020E-01	8.862E-01	8.563E-01	41.800	52	55	54
Q79PC3_conserved	D5H463_conserved	9.032E-01	8.874E-01	8.576E-01	36.300	52	55	54
Q79PC3_conserved	F8T8W2_conserved	9.019E-01	8.861E-01	8.562E-01	41.800	52	55	54
Q79PC3_conserved	P12833_conserved	9.010E-01	8.853E-01	8.554E-01	50.900	52	55	54
Q79PC3_conserved	Q689B1_conserved	9.016E-01	8.859E-01	8.560E-01	43.600	52	55	54
Q79PC3_conserved	D0QXI5_conserved	9.017E-01	8.860E-01	8.561E-01	40.000	52	55	54
Q79PC3_conserved	Q934B2_conserved	9.024E-01	8.866E-01	8.567E-01	38.100	52	55	54
Q79PC3_conserved	A0A218N469_conserved	9.073E-01	8.754E-01	8.603E-01	44.400	52	54	53
Q79PC3_conserved	Q7X0I6_conserved	9.024E-01	8.866E-01	8.568E-01	40.000	52	55	54
Q79PC3_conserved	B2ZPD3_conserved	9.008E-01	8.852E-01	8.553E-01	41.800	52	55	54
Q79PC3_conserved	Q0QMM1_conserved	9.003E-01	8.846E-01	8.548E-01	41.800	52	55	54
Q79PC3_conserved	Q5QQ10_conserved	9.010E-01	8.853E-01	8.555E-01	41.800	52	55	54
Q79PC3_conserved	B0FND5_conserved	8.989E-01	8.832E-01	8.534E-01	43.600	52	55	54
Q79PC3_conserved	B7VEQ0_conserved	8.989E-01	8.833E-01	8.536E-01	41.800	52	55	54
Q79PC3_conserved	P0C0P1_conserved	8.892E-01	8.737E-01	8.587E-01	45.400	52	55	53
Q79PC3_conserved	A0A7G8Z9Q0_conserved	8.981E-01	8.825E-01	8.528E-01	45.400	52	55	54
Q79PC3_conserved	Q4H3Y3_conserved	8.985E-01	8.829E-01	8.533E-01	36.300	52	55	54
Q79PC3_conserved	Q8VVN6_conserved	9.022E-01	8.706E-01	8.556E-01	50.900	52	53	53
Q79PC3_conserved	P95524_conserved	8.964E-01	8.808E-01	8.513E-01	40.000	52	55	54
Q79PC3_conserved	D1LUJ3_conserved	8.952E-01	8.797E-01	8.503E-01	41.800	52	55	54
Q79PC3_conserved	Q6A328_conserved	8.883E-01	8.729E-01	8.436E-01	47.200	52	55	54
Q79PC3_conserved	A0A193CHQ8_conserved	8.987E-01	8.517E-01	8.517E-01	39.600	52	53	52
Q79PC3_conserved	Q2XQ06_conserved	8.986E-01	8.516E-01	8.516E-01	39.600	52	53	52
Q79PC3_conserved	A0A6M3GZS6_conserved	8.943E-01	8.633E-01	8.342E-01	48.100	52	54	54
Q79PC3_conserved	B0BKZ8_conserved	8.907E-01	8.599E-01	8.311E-01	40.700	52	54	54
Q79PC3_conserved	Q7BPB0_conserved	8.898E-01	8.590E-01	8.302E-01	42.500	52	54	54
Q79PC3_conserved	U5NMJ1_conserved	8.890E-01	8.583E-01	8.296E-01	40.700	52	54	54
Q79PC3_conserved	Q5W314_conserved	8.744E-01	8.596E-01	8.313E-01	52.700	52	55	54
Q79PC3_conserved	Q8VVE6_conserved	8.770E-01	8.472E-01	8.194E-01	50.000	52	54	54
Q79PC3_conserved	Q59408_conserved	8.720E-01	8.424E-01	8.148E-01	38.800	52	54	54
Q79PC3_conserved	K4EJH1_conserved	8.678E-01	8.246E-01	8.385E-01	40.300	52	52	51
Q8GCW7_conserved	Q8GCW7_conserved	1.019E+00	1.000E+00	1.000E+00	100.000	53	53	53
Q8GCW7_conserved	Q79PC3_conserved	9.187E-01	8.713E-01	8.866E-01	64.100	53	53	52
Q8GCW7_conserved	A0A7Z8DX35_conserved	8.503E-01	8.226E-01	8.094E-01	50.900	53	53	54
Q8GCW7_conserved	Q59397_conserved	8.483E-01	8.205E-01	8.072E-01	50.000	53	52	54
Q8GCW7_conserved	Q9ZIF9_conserved	8.500E-01	8.082E-01	8.082E-01	46.100	53	52	53
Q8GCW7_conserved	Q6A328_conserved	8.395E-01	8.123E-01	7.993E-01	48.000	53	52	54
Q8GCW7_conserved	Q8VVN6_conserved	8.479E-01	8.065E-01	8.065E-01	50.000	53	52	53
Q8GCW7_conserved	A0A0M2AT09_conserved	8.424E-01	8.015E-01	8.015E-01	46.100	53	52	53
Q8GCW7_conserved	A0A7I8NPH7_conserved	8.505E-01	8.092E-01	7.837E-01	50.000	53	52	55
Q8GCW7_conserved	A0A4P6VV23_conserved	8.264E-01	7.997E-01	7.869E-01	39.600	53	53	54
Q8GCW7_conserved	A4IUE2_conserved	8.361E-01	8.094E-01	7.843E-01	48.000	53	52	55
Q8GCW7_conserved	V5RSE8_conserved	8.255E-01	7.988E-01	7.860E-01	39.600	53	53	54
Q8GCW7_conserved	A0A218N469_conserved	8.341E-01	7.937E-01	7.937E-01	44.200	53	52	53
Q8GCW7_conserved	A0A7G8Z9Q0_conserved	8.419E-01	8.014E-01	7.887E-01	50.900	53	51	54
Q8GCW7_conserved	Q689B1_conserved	8.233E-01	7.966E-01	7.839E-01	41.500	53	53	54
Q8GCW7_conserved	E6BTZ6_conserved	8.287E-01	8.024E-01	7.898E-01	45.200	53	53	54
Q8GCW7_conserved	Q7X0I6_conserved	8.244E-01	7.978E-01	7.851E-01	39.600	53	53	54
Q8GCW7_conserved	Q934B2_conserved	8.239E-01	7.972E-01	7.846E-01	37.700	53	53	54
Q8GCW7_conserved	D1LUJ3_conserved	8.226E-01	7.961E-01	7.834E-01	43.300	53	53	54
Q8GCW7_conserved	B2ZPD3_conserved	8.232E-01	7.966E-01	7.839E-01	39.600	53	53	54
Q8GCW7_conserved	Q5QQ10_conserved	8.228E-01	7.963E-01	7.836E-01	39.600	53	53	54
Q8GCW7_conserved	K4EK33_conserved	8.279E-01	8.015E-01	7.889E-01	50.000	53	52	54
Q8GCW7_conserved	Q79CE5_conserved	8.273E-01	8.010E-01	7.884E-01	33.900	53	53	54
Q8GCW7_conserved	P0C0P1_conserved	8.330E-01	7.929E-01	7.929E-01	49.000	53	53	53
Q8GCW7_conserved	D0QXI5_conserved	8.217E-01	7.952E-01	7.826E-01	37.700	53	53	54
Q8GCW7_conserved	Q5H760_conserved	8.216E-01	7.951E-01	7.825E-01	37.700	53	53	54
Q8GCW7_conserved	B0FND5_conserved	8.198E-01	7.933E-01	7.806E-01	41.500	53	53	54
Q8GCW7_conserved	B2RGD3_conserved	8.189E-01	7.928E-01	7.803E-01	40.300	53	52	54
Q8GCW7_conserved	B7VEQ0_conserved	8.191E-01	7.929E-01	7.805E-01	40.300	53	52	54
Q8GCW7_conserved	F8T8W2_conserved	8.184E-01	7.923E-01	7.798E-01	40.300	53	52	54
Q8GCW7_conserved	A0A193CHQ8_conserved	8.312E-01	7.771E-01	7.900E-01	39.200	53	51	52
Q8GCW7_conserved	Q2XQ06_conserved	8.312E-01	7.771E-01	7.900E-01	39.200	53	51	52
Q8GCW7_conserved	D5H463_conserved	8.244E-01	7.982E-01	7.857E-01	35.800	53	53	54
Q8GCW7_conserved	Q0QMM1_conserved	8.172E-01	7.912E-01	7.788E-01	40.300	53	52	54
Q8GCW7_conserved	K4EJH1_conserved	8.442E-01	7.766E-01	8.024E-01	39.200	53	51	51
Q8GCW7_conserved	Q4H3Y3_conserved	8.195E-01	7.936E-01	7.812E-01	35.800	53	53	54
Q8GCW7_conserved	P95524_conserved	8.128E-01	7.870E-01	7.746E-01	38.400	53	52	54
Q8GCW7_conserved	B0BKZ8_conserved	8.238E-01	7.842E-01	7.718E-01	36.500	53	52	54
Q8GCW7_conserved	P12833_conserved	8.124E-01	7.866E-01	7.744E-01	52.800	53	53	54
Q8GCW7_conserved	U5NMJ1_conserved	8.232E-01	7.837E-01	7.713E-01	34.600	53	52	54
Q8GCW7_conserved	Q5W314_conserved	8.115E-01	7.861E-01	7.739E-01	50.000	53	52	54
Q8GCW7_conserved	A0A6M3GZS6_conserved	8.190E-01	7.798E-01	7.675E-01	42.300	53	52	54
Q8GCW7_conserved	Q59408_conserved	8.168E-01	7.778E-01	7.656E-01	34.600	53	52	54
Q8GCW7_conserved	Q7BPB0_conserved	8.155E-01	7.767E-01	7.645E-01	36.500	53	52	54
Q8GCW7_conserved	Q8VVE6_conserved	8.130E-01	7.750E-01	7.631E-01	43.100	53	51	54
Q8VVE6_conserved	Q8VVE6_conserved	1.019E+00	1.000E+00	1.000E+00	100.000	54	54	54
Q8VVE6_conserved	Q5W314_conserved	9.507E-01	9.340E-01	9.340E-01	87.000	54	54	54
Q8VVE6_conserved	A0A6M3GZS6_conserved	9.491E-01	9.325E-01	9.325E-01	48.100	54	54	54
Q8VVE6_conserved	P12833_conserved	9.583E-01	9.249E-01	9.249E-01	49.000	54	53	54
Q8VVE6_conserved	Q79CE5_conserved	9.561E-01	9.229E-01	9.229E-01	37.700	54	53	54
Q8VVE6_conserved	B0BKZ8_conserved	9.399E-01	9.237E-01	9.237E-01	42.500	54	54	54
Q8VVE6_conserved	A0A0M2AT09_conserved	9.480E-01	9.152E-01	9.313E-01	41.500	54	53	53
Q8VVE6_conserved	A0A7G8Z9Q0_conserved	9.514E-01	9.183E-01	9.183E-01	37.700	54	53	54
Q8VVE6_conserved	D5H463_conserved	9.550E-01	9.220E-01	9.220E-01	35.800	54	53	54
Q8VVE6_conserved	Q4H3Y3_conserved	9.545E-01	9.215E-01	9.215E-01	35.800	54	53	54
Q8VVE6_conserved	E6BTZ6_conserved	9.499E-01	9.169E-01	9.169E-01	37.700	54	53	54
Q8VVE6_conserved	U5NMJ1_conserved	9.374E-01	9.212E-01	9.212E-01	42.500	54	54	54
Q8VVE6_conserved	A0A218N469_conserved	9.473E-01	9.147E-01	9.307E-01	41.500	54	53	53
Q8VVE6_conserved	P0C0P1_conserved	9.579E-01	9.079E-01	9.240E-01	39.600	54	53	53
Q8VVE6_conserved	Q59408_conserved	9.360E-01	9.199E-01	9.199E-01	42.500	54	54	54
Q8VVE6_conserved	Q7BPB0_conserved	9.355E-01	9.195E-01	9.195E-01	44.400	54	54	54
Q8VVE6_conserved	A4IUE2_conserved	9.530E-01	9.203E-01	9.047E-01	41.500	54	53	55
Q8VVE6_conserved	Q9ZIF9_conserved	9.400E-01	9.080E-01	9.238E-01	43.300	54	53	53
Q8VVE6_conserved	Q6A328_conserved	9.251E-01	9.094E-01	9.094E-01	48.100	54	54	54
Q8VVE6_conserved	K4EK33_conserved	9.367E-01	9.044E-01	9.044E-01	45.200	54	53	54
Q8VVE6_conserved	Q59397_conserved	9.124E-01	8.970E-01	8.970E-01	44.400	54	54	54
Q8VVE6_conserved	A0A7I8NPH7_conserved	9.140E-01	8.985E-01	8.835E-01	42.500	54	54	55
Q8VVE6_conserved	B0FND5_conserved	9.148E-01	8.844E-01	8.844E-01	45.200	54	53	54
Q8VVE6_conserved	Q689B1_conserved	9.144E-01	8.840E-01	8.840E-01	45.200	54	53	54
Q8VVE6_conserved	Q7X0I6_conserved	9.140E-01	8.837E-01	8.837E-01	41.500	54	53	54
Q8VVE6_conserved	D1LUJ3_conserved	9.125E-01	8.823E-01	8.823E-01	43.300	54	53	54
Q8VVE6_conserved	A0A4P6VV23_conserved	9.121E-01	8.819E-01	8.819E-01	39.600	54	53	54
Q8VVE6_conserved	Q5QQ10_conserved	9.113E-01	8.811E-01	8.811E-01	41.500	54	53	54
Q8VVE6_conserved	F8T8W2_conserved	9.107E-01	8.806E-01	8.806E-01	41.500	54	53	54
Q8VVE6_conserved	V5RSE8_conserved	9.116E-01	8.814E-01	8.814E-01	39.600	54	53	54
Q8VVE6_conserved	B2RGD3_conserved	9.105E-01	8.804E-01	8.804E-01	41.500	54	53	54
Q8VVE6_conserved	B2ZPD3_conserved	9.098E-01	8.797E-01	8.797E-01	43.300	54	53	54
Q8VVE6_conserved	Q0QMM1_conserved	9.097E-01	8.796E-01	8.796E-01	41.500	54	53	54
Q8VVE6_conserved	Q5H760_conserved	9.099E-01	8.797E-01	8.797E-01	39.600	54	53	54
Q8VVE6_conserved	B7VEQ0_conserved	9.079E-01	8.779E-01	8.779E-01	43.300	54	53	54
Q8VVE6_conserved	D0QXI5_conserved	9.070E-01	8.770E-01	8.770E-01	39.600	54	53	54
Q8VVE6_conserved	P95524_conserved	9.070E-01	8.770E-01	8.770E-01	39.600	54	53	54
Q8VVE6_conserved	Q934B2_conserved	9.073E-01	8.774E-01	8.774E-01	39.600	54	53	54
Q8VVE6_conserved	A0A193CHQ8_conserved	9.041E-01	8.596E-01	8.888E-01	42.300	54	52	52
Q8VVE6_conserved	Q2XQ06_conserved	9.036E-01	8.591E-01	8.883E-01	42.300	54	52	52
Q8VVE6_conserved	A0A7Z8DX35_conserved	8.665E-01	8.524E-01	8.524E-01	37.000	54	54	54
Q8VVE6_conserved	Q8VVN6_conserved	8.691E-01	8.408E-01	8.547E-01	44.400	54	54	53
Q8VVE6_conserved	Q79PC3_conserved	8.770E-01	8.194E-01	8.472E-01	50.000	54	54	52
Q8VVE6_conserved	K4EJH1_conserved	8.363E-01	7.701E-01	8.086E-01	26.400	54	53	51
Q8VVE6_conserved	Q8GCW7_conserved	8.130E-01	7.631E-01	7.750E-01	43.100	54	51	53
Q9ZIF9_conserved	Q9ZIF9_conserved	1.019E+00	1.000E+00	1.000E+00	100.000	53	53	53
Q9ZIF9_conserved	B0BKZ8_conserved	9.806E-01	9.629E-01	9.459E-01	60.300	53	53	54
Q9ZIF9_conserved	A0A6M3GZS6_conserved	9.804E-01	9.628E-01	9.457E-01	66.000	53	53	54
Q9ZIF9_conserved	U5NMJ1_conserved	9.786E-01	9.610E-01	9.440E-01	58.400	53	53	54
Q9ZIF9_conserved	Q7BPB0_conserved	9.761E-01	9.585E-01	9.416E-01	60.300	53	53	54
Q9ZIF9_conserved	P12833_conserved	9.673E-01	9.499E-01	9.330E-01	67.900	53	53	54
Q9ZIF9_conserved	A0A218N469_conserved	9.599E-01	9.427E-01	9.427E-01	60.300	53	53	53
Q9ZIF9_conserved	A4IUE2_conserved	9.719E-01	9.544E-01	9.211E-01	56.600	53	53	55
Q9ZIF9_conserved	Q79CE5_conserved	9.609E-01	9.437E-01	9.272E-01	64.100	53	53	54
Q9ZIF9_conserved	D5H463_conserved	9.578E-01	9.407E-01	9.242E-01	60.300	53	53	54
Q9ZIF9_conserved	Q4H3Y3_conserved	9.564E-01	9.393E-01	9.228E-01	62.200	53	53	54
Q9ZIF9_conserved	P0C0P1_conserved	9.603E-01	9.259E-01	9.259E-01	66.000	53	53	53
Q9ZIF9_conserved	K4EK33_conserved	9.472E-01	9.304E-01	9.142E-01	62.200	53	53	54
Q9ZIF9_conserved	E6BTZ6_conserved	9.473E-01	9.305E-01	9.143E-01	52.800	53	53	54
Q9ZIF9_conserved	B2ZPD3_conserved	9.512E-01	9.345E-01	9.184E-01	60.300	53	53	54
Q9ZIF9_conserved	A0A4P6VV23_conserved	9.505E-01	9.339E-01	9.178E-01	60.300	53	53	54
Q9ZIF9_conserved	Q689B1_conserved	9.506E-01	9.340E-01	9.179E-01	62.200	53	53	54
Q9ZIF9_conserved	B2RGD3_conserved	9.495E-01	9.329E-01	9.169E-01	58.400	53	53	54
Q9ZIF9_conserved	Q59408_conserved	9.515E-01	9.349E-01	9.189E-01	56.600	53	53	54
Q9ZIF9_conserved	Q5H760_conserved	9.491E-01	9.325E-01	9.165E-01	56.600	53	53	54
Q9ZIF9_conserved	F8T8W2_conserved	9.493E-01	9.327E-01	9.167E-01	58.400	53	53	54
Q9ZIF9_conserved	B7VEQ0_conserved	9.490E-01	9.324E-01	9.164E-01	60.300	53	53	54
Q9ZIF9_conserved	Q0QMM1_conserved	9.487E-01	9.321E-01	9.161E-01	58.400	53	53	54
Q9ZIF9_conserved	Q5W314_conserved	9.416E-01	9.250E-01	9.089E-01	44.400	53	54	54
Q9ZIF9_conserved	P95524_conserved	9.486E-01	9.320E-01	9.160E-01	56.600	53	53	54
Q9ZIF9_conserved	D0QXI5_conserved	9.484E-01	9.319E-01	9.159E-01	56.600	53	53	54
Q9ZIF9_conserved	A0A193CHQ8_conserved	9.474E-01	9.144E-01	9.306E-01	57.600	53	52	52
Q9ZIF9_conserved	Q59397_conserved	9.439E-01	9.274E-01	9.115E-01	54.700	53	53	54
Q9ZIF9_conserved	Q2XQ06_conserved	9.468E-01	9.138E-01	9.300E-01	57.600	53	52	52
Q9ZIF9_conserved	V5RSE8_conserved	9.456E-01	9.292E-01	9.133E-01	60.300	53	53	54
Q9ZIF9_conserved	Q7X0I6_conserved	9.456E-01	9.291E-01	9.132E-01	62.200	53	53	54
Q9ZIF9_conserved	B0FND5_conserved	9.453E-01	9.289E-01	9.130E-01	62.200	53	53	54
Q9ZIF9_conserved	Q5QQ10_conserved	9.453E-01	9.289E-01	9.130E-01	58.400	53	53	54
Q9ZIF9_conserved	A0A7I8NPH7_conserved	9.424E-01	9.258E-01	8.941E-01	56.600	53	53	55
Q9ZIF9_conserved	Q934B2_conserved	9.445E-01	9.281E-01	9.122E-01	60.300	53	53	54
Q9ZIF9_conserved	D1LUJ3_conserved	9.445E-01	9.281E-01	9.122E-01	64.100	53	53	54
Q9ZIF9_conserved	A0A0M2AT09_conserved	9.342E-01	9.180E-01	9.180E-01	56.600	53	53	53
Q9ZIF9_conserved	Q6A328_conserved	9.336E-01	9.173E-01	9.016E-01	54.700	53	53	54
Q9ZIF9_conserved	Q8VVE6_conserved	9.400E-01	9.238E-01	9.080E-01	43.300	53	53	54
Q9ZIF9_conserved	A0A7Z8DX35_conserved	9.315E-01	9.152E-01	8.995E-01	50.900	53	53	54
Q9ZIF9_conserved	A0A7G8Z9Q0_conserved	9.316E-01	9.155E-01	8.998E-01	56.600	53	53	54
Q9ZIF9_conserved	Q8VVN6_conserved	9.191E-01	8.873E-01	8.873E-01	50.900	53	53	53
Q9ZIF9_conserved	Q79PC3_conserved	9.181E-01	8.700E-01	8.855E-01	40.700	53	54	52
Q9ZIF9_conserved	Q8GCW7_conserved	8.500E-01	8.082E-01	8.082E-01	46.100	53	52	53
Q9ZIF9_conserved	K4EJH1_conserved	8.481E-01	7.933E-01	8.198E-01	37.700	53	53	51
U5NMJ1_conserved	U5NMJ1_conserved	1.019E+00	1.000E+00	1.000E+00	100.000	54	54	54
U5NMJ1_conserved	B0BKZ8_conserved	1.018E+00	9.805E-01	9.805E-01	98.100	54	53	54
U5NMJ1_conserved	Q7BPB0_conserved	1.011E+00	9.736E-01	9.736E-01	92.400	54	53	54
U5NMJ1_conserved	A0A6M3GZS6_conserved	1.005E+00	9.683E-01	9.683E-01	81.100	54	53	54
U5NMJ1_conserved	Q59408_conserved	9.820E-01	9.644E-01	9.644E-01	94.400	54	54	54
U5NMJ1_conserved	Q9ZIF9_conserved	9.786E-01	9.440E-01	9.610E-01	58.400	54	53	53
U5NMJ1_conserved	D5H463_conserved	9.737E-01	9.390E-01	9.390E-01	52.800	54	53	54
U5NMJ1_conserved	A0A218N469_conserved	9.679E-01	9.335E-01	9.504E-01	62.200	54	53	53
U5NMJ1_conserved	Q79CE5_conserved	9.737E-01	9.391E-01	9.391E-01	50.900	54	53	54
U5NMJ1_conserved	Q4H3Y3_conserved	9.723E-01	9.376E-01	9.376E-01	54.700	54	53	54
U5NMJ1_conserved	P12833_conserved	9.715E-01	9.369E-01	9.369E-01	67.900	54	53	54
U5NMJ1_conserved	P0C0P1_conserved	9.695E-01	9.178E-01	9.344E-01	54.700	54	53	53
U5NMJ1_conserved	Q689B1_conserved	9.574E-01	9.241E-01	9.241E-01	64.100	54	53	54
U5NMJ1_conserved	A0A7G8Z9Q0_conserved	9.534E-01	9.200E-01	9.200E-01	50.900	54	53	54
U5NMJ1_conserved	E6BTZ6_conserved	9.529E-01	9.195E-01	9.195E-01	49.000	54	53	54
U5NMJ1_conserved	B2RGD3_conserved	9.552E-01	9.220E-01	9.220E-01	66.000	54	53	54
U5NMJ1_conserved	B0FND5_conserved	9.551E-01	9.220E-01	9.220E-01	66.000	54	53	54
U5NMJ1_conserved	F8T8W2_conserved	9.546E-01	9.215E-01	9.215E-01	66.000	54	53	54
U5NMJ1_conserved	A0A0M2AT09_conserved	9.472E-01	9.144E-01	9.305E-01	50.900	54	53	53
U5NMJ1_conserved	Q0QMM1_conserved	9.531E-01	9.201E-01	9.201E-01	66.000	54	53	54
U5NMJ1_conserved	D0QXI5_conserved	9.528E-01	9.198E-01	9.198E-01	66.000	54	53	54
U5NMJ1_conserved	A0A193CHQ8_conserved	9.540E-01	9.044E-01	9.369E-01	69.200	54	52	52
U5NMJ1_conserved	Q2XQ06_conserved	9.537E-01	9.041E-01	9.366E-01	69.200	54	52	52
U5NMJ1_conserved	B2ZPD3_conserved	9.524E-01	9.194E-01	9.194E-01	66.000	54	53	54
U5NMJ1_conserved	Q5H760_conserved	9.521E-01	9.192E-01	9.192E-01	66.000	54	53	54
U5NMJ1_conserved	Q8VVE6_conserved	9.374E-01	9.212E-01	9.212E-01	42.500	54	54	54
U5NMJ1_conserved	B7VEQ0_conserved	9.496E-01	9.169E-01	9.169E-01	66.000	54	53	54
U5NMJ1_conserved	A0A4P6VV23_conserved	9.501E-01	9.173E-01	9.173E-01	64.100	54	53	54
U5NMJ1_conserved	Q5QQ10_conserved	9.499E-01	9.172E-01	9.172E-01	66.000	54	53	54
U5NMJ1_conserved	Q934B2_conserved	9.499E-01	9.171E-01	9.171E-01	64.100	54	53	54
U5NMJ1_conserved	P95524_conserved	9.482E-01	9.155E-01	9.155E-01	66.000	54	53	54
U5NMJ1_conserved	V5RSE8_conserved	9.484E-01	9.158E-01	9.158E-01	64.100	54	53	54
U5NMJ1_conserved	A4IUE2_conserved	9.525E-01	9.194E-01	9.037E-01	58.400	54	53	55
U5NMJ1_conserved	D1LUJ3_conserved	9.479E-01	9.152E-01	9.152E-01	62.200	54	53	54
U5NMJ1_conserved	Q7X0I6_conserved	9.463E-01	9.138E-01	9.138E-01	62.200	54	53	54
U5NMJ1_conserved	A0A7I8NPH7_conserved	9.431E-01	9.103E-01	8.947E-01	54.700	54	53	55
U5NMJ1_conserved	K4EK33_conserved	9.367E-01	9.044E-01	9.044E-01	52.800	54	53	54
U5NMJ1_conserved	Q6A328_conserved	9.370E-01	9.048E-01	9.048E-01	49.000	54	53	54
U5NMJ1_conserved	Q5W314_conserved	9.321E-01	9.000E-01	9.000E-01	42.500	54	54	54
U5NMJ1_conserved	Q59397_conserved	9.364E-01	9.046E-01	9.046E-01	52.800	54	53	54
U5NMJ1_conserved	A0A7Z8DX35_conserved	9.211E-01	8.897E-01	8.897E-01	45.200	54	53	54
U5NMJ1_conserved	Q8VVN6_conserved	9.109E-01	8.647E-01	8.796E-01	56.600	54	53	53
U5NMJ1_conserved	Q79PC3_conserved	8.890E-01	8.296E-01	8.583E-01	40.700	54	54	52
U5NMJ1_conserved	K4EJH1_conserved	8.389E-01	7.730E-01	8.113E-01	33.900	54	53	51
U5NMJ1_conserved	Q8GCW7_conserved	8.232E-01	7.713E-01	7.837E-01	34.600	54	52	53
P12833_conserved	P12833_conserved	1.019E+00	1.000E+00	1.000E+00	100.000	54	54	54
P12833_conserved	Q4H3Y3_conserved	9.977E-01	9.796E-01	9.796E-01	72.200	54	54	54
P12833_conserved	Q79CE5_conserved	9.975E-01	9.794E-01	9.794E-01	68.500	54	54	54
P12833_conserved	D5H463_conserved	9.966E-01	9.786E-01	9.786E-01	72.200	54	54	54
P12833_conserved	P0C0P1_conserved	9.943E-01	9.585E-01	9.761E-01	75.900	54	54	53
P12833_conserved	E6BTZ6_conserved	9.840E-01	9.663E-01	9.663E-01	64.800	54	54	54
P12833_conserved	A0A218N469_conserved	9.916E-01	9.559E-01	9.734E-01	75.400	54	53	53
P12833_conserved	A4IUE2_conserved	9.869E-01	9.692E-01	9.522E-01	77.700	54	54	55
P12833_conserved	A0A6M3GZS6_conserved	9.759E-01	9.409E-01	9.409E-01	73.500	54	53	54
P12833_conserved	Q7BPB0_conserved	9.747E-01	9.399E-01	9.399E-01	66.000	54	53	54
P12833_conserved	B0BKZ8_conserved	9.737E-01	9.390E-01	9.390E-01	67.900	54	53	54
P12833_conserved	Q9ZIF9_conserved	9.673E-01	9.330E-01	9.499E-01	67.900	54	53	53
P12833_conserved	K4EK33_conserved	9.573E-01	9.404E-01	9.404E-01	66.600	54	54	54
P12833_conserved	U5NMJ1_conserved	9.715E-01	9.369E-01	9.369E-01	67.900	54	53	54
P12833_conserved	A0A7G8Z9Q0_conserved	9.542E-01	9.374E-01	9.374E-01	61.100	54	54	54
P12833_conserved	Q5W314_conserved	9.461E-01	9.295E-01	9.295E-01	53.700	54	54	54
P12833_conserved	A0A7I8NPH7_conserved	9.677E-01	9.335E-01	9.173E-01	62.200	54	53	55
P12833_conserved	B2ZPD3_conserved	9.469E-01	9.305E-01	9.305E-01	62.900	54	54	54
P12833_conserved	Q689B1_conserved	9.463E-01	9.299E-01	9.299E-01	62.900	54	54	54
P12833_conserved	F8T8W2_conserved	9.457E-01	9.293E-01	9.293E-01	62.900	54	54	54
P12833_conserved	B2RGD3_conserved	9.460E-01	9.296E-01	9.296E-01	62.900	54	54	54
P12833_conserved	P95524_conserved	9.458E-01	9.295E-01	9.295E-01	62.900	54	54	54
P12833_conserved	B7VEQ0_conserved	9.456E-01	9.292E-01	9.292E-01	62.900	54	54	54
P12833_conserved	Q0QMM1_conserved	9.451E-01	9.288E-01	9.288E-01	62.900	54	54	54
P12833_conserved	B0FND5_conserved	9.443E-01	9.280E-01	9.280E-01	64.800	54	54	54
P12833_conserved	Q5H760_conserved	9.445E-01	9.282E-01	9.282E-01	62.900	54	54	54
P12833_conserved	Q8VVE6_conserved	9.583E-01	9.249E-01	9.249E-01	49.000	54	53	54
P12833_conserved	D0QXI5_conserved	9.438E-01	9.275E-01	9.275E-01	62.900	54	54	54
P12833_conserved	Q5QQ10_conserved	9.425E-01	9.263E-01	9.263E-01	62.900	54	54	54
P12833_conserved	A0A4P6VV23_conserved	9.426E-01	9.263E-01	9.263E-01	61.100	54	54	54
P12833_conserved	Q6A328_conserved	9.387E-01	9.224E-01	9.224E-01	64.800	54	54	54
P12833_conserved	A0A0M2AT09_conserved	9.532E-01	9.204E-01	9.365E-01	64.100	54	53	53
P12833_conserved	Q7X0I6_conserved	9.408E-01	9.246E-01	9.246E-01	59.200	54	54	54
P12833_conserved	V5RSE8_conserved	9.405E-01	9.243E-01	9.243E-01	61.100	54	54	54
P12833_conserved	Q59397_conserved	9.383E-01	9.221E-01	9.221E-01	66.600	54	54	54
P12833_conserved	D1LUJ3_conserved	9.387E-01	9.226E-01	9.226E-01	64.800	54	54	54
P12833_conserved	Q934B2_conserved	9.388E-01	9.227E-01	9.227E-01	61.100	54	54	54
P12833_conserved	Q59408_conserved	9.474E-01	9.146E-01	9.146E-01	64.100	54	53	54
P12833_conserved	A0A193CHQ8_conserved	9.422E-01	8.933E-01	9.253E-01	61.500	54	52	52
P12833_conserved	Q2XQ06_conserved	9.418E-01	8.930E-01	9.249E-01	61.500	54	52	52
P12833_conserved	A0A7Z8DX35_conserved	9.076E-01	8.922E-01	8.922E-01	57.400	54	54	54
P12833_conserved	Q8VVN6_conserved	9.279E-01	8.802E-01	8.955E-01	62.200	54	53	53
P12833_conserved	Q79PC3_conserved	9.010E-01	8.554E-01	8.853E-01	50.900	54	55	52
P12833_conserved	K4EJH1_conserved	8.601E-01	7.911E-01	8.312E-01	45.200	54	53	51
P12833_conserved	Q8GCW7_conserved	8.124E-01	7.744E-01	7.866E-01	52.800	54	53	53
Q0QMM1_conserved	Q0QMM1_conserved	1.019E+00	1.000E+00	1.000E+00	100.000	54	54	54
Q0QMM1_conserved	B2RGD3_conserved	1.018E+00	9.996E-01	9.996E-01	100.000	54	54	54
Q0QMM1_conserved	F8T8W2_conserved	1.018E+00	9.994E-01	9.994E-01	100.000	54	54	54
Q0QMM1_conserved	B2ZPD3_conserved	1.016E+00	9.974E-01	9.974E-01	92.500	54	54	54
Q0QMM1_conserved	Q5QQ10_conserved	1.016E+00	9.968E-01	9.968E-01	100.000	54	54	54
Q0QMM1_conserved	B7VEQ0_conserved	1.015E+00	9.967E-01	9.967E-01	92.500	54	54	54
Q0QMM1_conserved	A0A4P6VV23_conserved	1.015E+00	9.964E-01	9.964E-01	98.100	54	54	54
Q0QMM1_conserved	Q689B1_conserved	1.015E+00	9.962E-01	9.962E-01	90.700	54	54	54
Q0QMM1_conserved	Q934B2_conserved	1.015E+00	9.961E-01	9.961E-01	96.200	54	54	54
Q0QMM1_conserved	D0QXI5_conserved	1.014E+00	9.957E-01	9.957E-01	98.100	54	54	54
Q0QMM1_conserved	Q5H760_conserved	1.014E+00	9.957E-01	9.957E-01	98.100	54	54	54
Q0QMM1_conserved	P95524_conserved	1.014E+00	9.952E-01	9.952E-01	98.100	54	54	54
Q0QMM1_conserved	V5RSE8_conserved	1.014E+00	9.952E-01	9.952E-01	98.100	54	54	54
Q0QMM1_conserved	B0FND5_conserved	1.013E+00	9.946E-01	9.946E-01	92.500	54	54	54
Q0QMM1_conserved	Q7X0I6_conserved	1.013E+00	9.943E-01	9.943E-01	96.200	54	54	54
Q0QMM1_conserved	D1LUJ3_conserved	1.009E+00	9.908E-01	9.908E-01	88.800	54	54	54
Q0QMM1_conserved	Q2XQ06_conserved	1.018E+00	9.611E-01	9.980E-01	98.000	54	52	52
Q0QMM1_conserved	A0A193CHQ8_conserved	1.017E+00	9.610E-01	9.978E-01	98.000	54	52	52
Q0QMM1_conserved	A0A6M3GZS6_conserved	9.634E-01	9.296E-01	9.296E-01	71.600	54	53	54
Q0QMM1_conserved	Q59397_conserved	9.471E-01	9.306E-01	9.306E-01	48.100	54	54	54
Q0QMM1_conserved	Q7BPB0_conserved	9.605E-01	9.269E-01	9.269E-01	69.800	54	53	54
Q0QMM1_conserved	P12833_conserved	9.451E-01	9.288E-01	9.288E-01	62.900	54	54	54
Q0QMM1_conserved	B0BKZ8_conserved	9.564E-01	9.231E-01	9.231E-01	67.900	54	53	54
Q0QMM1_conserved	A0A218N469_conserved	9.476E-01	9.147E-01	9.309E-01	52.800	54	53	53
Q0QMM1_conserved	E6BTZ6_conserved	9.408E-01	9.246E-01	9.246E-01	53.700	54	54	54
Q0QMM1_conserved	Q79CE5_conserved	9.408E-01	9.246E-01	9.246E-01	55.500	54	54	54
Q0QMM1_conserved	U5NMJ1_conserved	9.531E-01	9.201E-01	9.201E-01	66.000	54	53	54
Q0QMM1_conserved	Q4H3Y3_conserved	9.380E-01	9.218E-01	9.218E-01	57.400	54	54	54
Q0QMM1_conserved	D5H463_conserved	9.369E-01	9.209E-01	9.209E-01	55.500	54	54	54
Q0QMM1_conserved	Q9ZIF9_conserved	9.487E-01	9.161E-01	9.321E-01	58.400	54	53	53
Q0QMM1_conserved	P0C0P1_conserved	9.351E-01	9.030E-01	9.188E-01	51.800	54	54	53
Q0QMM1_conserved	Q59408_conserved	9.390E-01	9.068E-01	9.068E-01	64.100	54	53	54
Q0QMM1_conserved	K4EK33_conserved	9.236E-01	9.079E-01	9.079E-01	46.200	54	54	54
Q0QMM1_conserved	A4IUE2_conserved	9.266E-01	9.110E-01	8.959E-01	51.800	54	54	55
Q0QMM1_conserved	A0A7Z8DX35_conserved	9.088E-01	8.935E-01	8.935E-01	53.700	54	54	54
Q0QMM1_conserved	A0A7G8Z9Q0_conserved	9.080E-01	8.927E-01	8.927E-01	51.800	54	54	54
Q0QMM1_conserved	A0A7I8NPH7_conserved	9.251E-01	8.936E-01	8.787E-01	50.900	54	53	55
Q0QMM1_conserved	Q8VVN6_conserved	9.166E-01	8.699E-01	8.850E-01	52.800	54	53	53
Q0QMM1_conserved	A0A0M2AT09_conserved	9.080E-01	8.778E-01	8.926E-01	49.000	54	53	53
Q0QMM1_conserved	Q8VVE6_conserved	9.097E-01	8.796E-01	8.796E-01	41.500	54	53	54
Q0QMM1_conserved	Q79PC3_conserved	9.003E-01	8.548E-01	8.846E-01	41.800	54	55	52
Q0QMM1_conserved	Q5W314_conserved	8.906E-01	8.759E-01	8.759E-01	43.600	54	55	54
Q0QMM1_conserved	Q6A328_conserved	8.866E-01	8.719E-01	8.719E-01	48.100	54	54	54
Q0QMM1_conserved	K4EJH1_conserved	8.952E-01	8.216E-01	8.643E-01	35.800	54	53	51
Q0QMM1_conserved	Q8GCW7_conserved	8.172E-01	7.788E-01	7.912E-01	40.300	54	52	53
Q4H3Y3_conserved	Q4H3Y3_conserved	1.019E+00	1.000E+00	1.000E+00	100.000	54	54	54
Q4H3Y3_conserved	D5H463_conserved	1.018E+00	9.987E-01	9.987E-01	96.200	54	54	54
Q4H3Y3_conserved	Q79CE5_conserved	1.013E+00	9.947E-01	9.947E-01	92.500	54	54	54
Q4H3Y3_conserved	P12833_conserved	9.977E-01	9.796E-01	9.796E-01	72.200	54	54	54
Q4H3Y3_conserved	P0C0P1_conserved	1.003E+00	9.667E-01	9.846E-01	74.000	54	54	53
Q4H3Y3_conserved	E6BTZ6_conserved	9.914E-01	9.735E-01	9.735E-01	70.300	54	54	54
Q4H3Y3_conserved	A0A218N469_conserved	9.880E-01	9.526E-01	9.700E-01	67.900	54	53	53
Q4H3Y3_conserved	A0A7G8Z9Q0_conserved	9.705E-01	9.533E-01	9.533E-01	64.800	54	54	54
Q4H3Y3_conserved	A4IUE2_conserved	9.770E-01	9.597E-01	9.430E-01	64.800	54	54	55
Q4H3Y3_conserved	A0A6M3GZS6_conserved	9.731E-01	9.383E-01	9.383E-01	62.200	54	53	54
Q4H3Y3_conserved	B0BKZ8_conserved	9.738E-01	9.390E-01	9.390E-01	54.700	54	53	54
Q4H3Y3_conserved	U5NMJ1_conserved	9.723E-01	9.376E-01	9.376E-01	54.700	54	53	54
Q4H3Y3_conserved	Q7BPB0_conserved	9.716E-01	9.370E-01	9.370E-01	54.700	54	53	54
Q4H3Y3_conserved	A0A0M2AT09_conserved	9.689E-01	9.350E-01	9.517E-01	62.200	54	53	53
Q4H3Y3_conserved	K4EK33_conserved	9.507E-01	9.341E-01	9.341E-01	61.100	54	54	54
Q4H3Y3_conserved	A0A7I8NPH7_conserved	9.711E-01	9.367E-01	9.204E-01	62.200	54	53	55
Q4H3Y3_conserved	Q9ZIF9_conserved	9.564E-01	9.228E-01	9.393E-01	62.200	54	53	53
Q4H3Y3_conserved	Q6A328_conserved	9.469E-01	9.304E-01	9.304E-01	64.800	54	54	54
Q4H3Y3_conserved	F8T8W2_conserved	9.396E-01	9.234E-01	9.234E-01	57.400	54	54	54
Q4H3Y3_conserved	B2RGD3_conserved	9.390E-01	9.228E-01	9.228E-01	57.400	54	54	54
Q4H3Y3_conserved	Q689B1_conserved	9.394E-01	9.233E-01	9.233E-01	53.700	54	54	54
Q4H3Y3_conserved	Q59408_conserved	9.517E-01	9.185E-01	9.185E-01	54.700	54	53	54
Q4H3Y3_conserved	B2ZPD3_conserved	9.387E-01	9.225E-01	9.225E-01	53.700	54	54	54
Q4H3Y3_conserved	Q5QQ10_conserved	9.387E-01	9.225E-01	9.225E-01	57.400	54	54	54
Q4H3Y3_conserved	Q0QMM1_conserved	9.380E-01	9.218E-01	9.218E-01	57.400	54	54	54
Q4H3Y3_conserved	A0A4P6VV23_conserved	9.383E-01	9.222E-01	9.222E-01	59.200	54	54	54
Q4H3Y3_conserved	V5RSE8_conserved	9.381E-01	9.220E-01	9.220E-01	59.200	54	54	54
Q4H3Y3_conserved	Q5H760_conserved	9.380E-01	9.219E-01	9.219E-01	57.400	54	54	54
Q4H3Y3_conserved	Q8VVE6_conserved	9.545E-01	9.215E-01	9.215E-01	35.800	54	53	54
Q4H3Y3_conserved	Q7X0I6_conserved	9.379E-01	9.218E-01	9.218E-01	57.400	54	54	54
Q4H3Y3_conserved	B0FND5_conserved	9.378E-01	9.217E-01	9.217E-01	55.500	54	54	54
Q4H3Y3_conserved	B7VEQ0_conserved	9.368E-01	9.207E-01	9.207E-01	53.700	54	54	54
Q4H3Y3_conserved	D0QXI5_conserved	9.365E-01	9.204E-01	9.204E-01	57.400	54	54	54
Q4H3Y3_conserved	Q934B2_conserved	9.357E-01	9.197E-01	9.197E-01	59.200	54	54	54
Q4H3Y3_conserved	P95524_conserved	9.353E-01	9.193E-01	9.193E-01	57.400	54	54	54
Q4H3Y3_conserved	Q5W314_conserved	9.340E-01	9.179E-01	9.179E-01	37.000	54	54	54
Q4H3Y3_conserved	Q59397_conserved	9.342E-01	9.182E-01	9.182E-01	51.800	54	54	54
Q4H3Y3_conserved	D1LUJ3_conserved	9.323E-01	9.164E-01	9.164E-01	55.500	54	54	54
Q4H3Y3_conserved	A0A193CHQ8_conserved	9.373E-01	8.889E-01	9.206E-01	55.700	54	52	52
Q4H3Y3_conserved	Q2XQ06_conserved	9.367E-01	8.884E-01	9.201E-01	55.700	54	52	52
Q4H3Y3_conserved	Q8VVN6_conserved	9.319E-01	8.840E-01	8.994E-01	58.400	54	53	53
Q4H3Y3_conserved	A0A7Z8DX35_conserved	9.082E-01	8.928E-01	8.928E-01	51.800	54	54	54
Q4H3Y3_conserved	Q79PC3_conserved	8.985E-01	8.533E-01	8.829E-01	36.300	54	55	52
Q4H3Y3_conserved	K4EJH1_conserved	8.525E-01	7.847E-01	8.241E-01	49.000	54	53	51
Q4H3Y3_conserved	Q8GCW7_conserved	8.195E-01	7.812E-01	7.936E-01	35.800	54	53	53
Q59408_conserved	Q59408_conserved	1.019E+00	1.000E+00	1.000E+00	100.000	54	54	54
Q59408_conserved	B0BKZ8_conserved	9.835E-01	9.659E-01	9.659E-01	96.200	54	54	54
Q59408_conserved	U5NMJ1_conserved	9.820E-01	9.644E-01	9.644E-01	94.400	54	54	54
Q59408_conserved	A0A6M3GZS6_conserved	9.865E-01	9.513E-01	9.513E-01	79.200	54	53	54
Q59408_conserved	Q7BPB0_conserved	9.791E-01	9.443E-01	9.443E-01	90.500	54	53	54
Q59408_conserved	D5H463_conserved	9.549E-01	9.215E-01	9.215E-01	52.800	54	53	54
Q59408_conserved	A0A7G8Z9Q0_conserved	9.510E-01	9.176E-01	9.176E-01	50.900	54	53	54
Q59408_conserved	Q79CE5_conserved	9.533E-01	9.201E-01	9.201E-01	47.100	54	53	54
Q59408_conserved	Q4H3Y3_conserved	9.517E-01	9.185E-01	9.185E-01	54.700	54	53	54
Q59408_conserved	Q9ZIF9_conserved	9.515E-01	9.189E-01	9.349E-01	56.600	54	53	53
Q59408_conserved	Q8VVE6_conserved	9.360E-01	9.199E-01	9.199E-01	42.500	54	54	54
Q59408_conserved	P12833_conserved	9.474E-01	9.146E-01	9.146E-01	64.100	54	53	54
Q59408_conserved	A0A218N469_conserved	9.412E-01	9.087E-01	9.246E-01	58.400	54	53	53
Q59408_conserved	B0FND5_conserved	9.450E-01	9.125E-01	9.125E-01	64.100	54	53	54
Q59408_conserved	Q689B1_conserved	9.441E-01	9.116E-01	9.116E-01	62.200	54	53	54
Q59408_conserved	A0A0M2AT09_conserved	9.379E-01	9.057E-01	9.215E-01	50.900	54	53	53
Q59408_conserved	E6BTZ6_conserved	9.382E-01	9.057E-01	9.057E-01	49.000	54	53	54
Q59408_conserved	P0C0P1_conserved	9.462E-01	8.969E-01	9.128E-01	54.700	54	53	53
Q59408_conserved	F8T8W2_conserved	9.401E-01	9.079E-01	9.079E-01	64.100	54	53	54
Q59408_conserved	B2RGD3_conserved	9.402E-01	9.079E-01	9.079E-01	64.100	54	53	54
Q59408_conserved	A0A193CHQ8_conserved	9.414E-01	8.929E-01	9.246E-01	67.300	54	52	52
Q59408_conserved	Q6A328_conserved	9.369E-01	9.046E-01	9.046E-01	50.900	54	53	54
Q59408_conserved	Q2XQ06_conserved	9.409E-01	8.925E-01	9.242E-01	67.300	54	52	52
Q59408_conserved	Q0QMM1_conserved	9.390E-01	9.068E-01	9.068E-01	64.100	54	53	54
Q59408_conserved	D0QXI5_conserved	9.392E-01	9.071E-01	9.071E-01	64.100	54	53	54
Q59408_conserved	Q5QQ10_conserved	9.393E-01	9.071E-01	9.071E-01	64.100	54	53	54
Q59408_conserved	Q934B2_conserved	9.394E-01	9.072E-01	9.072E-01	62.200	54	53	54
Q59408_conserved	V5RSE8_conserved	9.384E-01	9.063E-01	9.063E-01	62.200	54	53	54
Q59408_conserved	D1LUJ3_conserved	9.369E-01	9.048E-01	9.048E-01	60.300	54	53	54
Q59408_conserved	Q5H760_conserved	9.370E-01	9.050E-01	9.050E-01	64.100	54	53	54
Q59408_conserved	A0A4P6VV23_conserved	9.375E-01	9.055E-01	9.055E-01	62.200	54	53	54
Q59408_conserved	B2ZPD3_conserved	9.357E-01	9.038E-01	9.038E-01	64.100	54	53	54
Q59408_conserved	Q7X0I6_conserved	9.359E-01	9.040E-01	9.040E-01	60.300	54	53	54
Q59408_conserved	B7VEQ0_conserved	9.323E-01	9.005E-01	9.005E-01	64.100	54	53	54
Q59408_conserved	P95524_conserved	9.313E-01	8.996E-01	8.996E-01	64.100	54	53	54
Q59408_conserved	A0A7I8NPH7_conserved	9.249E-01	8.933E-01	8.783E-01	56.600	54	53	55
Q59408_conserved	A4IUE2_conserved	9.262E-01	8.950E-01	8.801E-01	54.700	54	53	55
Q59408_conserved	Q59397_conserved	9.167E-01	8.860E-01	8.860E-01	49.000	54	53	54
Q59408_conserved	Q5W314_conserved	9.144E-01	8.837E-01	8.837E-01	42.500	54	54	54
Q59408_conserved	K4EK33_conserved	9.109E-01	8.803E-01	8.803E-01	52.800	54	53	54
Q59408_conserved	A0A7Z8DX35_conserved	9.040E-01	8.740E-01	8.740E-01	41.500	54	53	54
Q59408_conserved	Q8VVN6_conserved	8.819E-01	8.385E-01	8.525E-01	54.700	54	53	53
Q59408_conserved	Q79PC3_conserved	8.720E-01	8.148E-01	8.424E-01	38.800	54	54	52
Q59408_conserved	K4EJH1_conserved	8.425E-01	7.758E-01	8.146E-01	30.100	54	53	51
Q59408_conserved	Q8GCW7_conserved	8.168E-01	7.656E-01	7.778E-01	34.600	54	52	53
Q5QQ10_conserved	Q5QQ10_conserved	1.019E+00	1.000E+00	1.000E+00	100.000	54	54	54
Q5QQ10_conserved	V5RSE8_conserved	1.018E+00	9.992E-01	9.992E-01	98.100	54	54	54
Q5QQ10_conserved	Q7X0I6_conserved	1.018E+00	9.988E-01	9.988E-01	96.200	54	54	54
Q5QQ10_conserved	A0A4P6VV23_conserved	1.017E+00	9.985E-01	9.985E-01	98.100	54	54	54
Q5QQ10_conserved	Q934B2_conserved	1.016E+00	9.973E-01	9.973E-01	96.200	54	54	54
Q5QQ10_conserved	F8T8W2_conserved	1.016E+00	9.971E-01	9.971E-01	100.000	54	54	54
Q5QQ10_conserved	Q0QMM1_conserved	1.016E+00	9.968E-01	9.968E-01	100.000	54	54	54
Q5QQ10_conserved	B2RGD3_conserved	1.016E+00	9.968E-01	9.968E-01	100.000	54	54	54
Q5QQ10_conserved	Q689B1_conserved	1.015E+00	9.966E-01	9.966E-01	90.700	54	54	54
Q5QQ10_conserved	B2ZPD3_conserved	1.015E+00	9.965E-01	9.965E-01	92.500	54	54	54
Q5QQ10_conserved	B0FND5_conserved	1.015E+00	9.961E-01	9.961E-01	92.500	54	54	54
Q5QQ10_conserved	Q5H760_conserved	1.014E+00	9.958E-01	9.958E-01	98.100	54	54	54
Q5QQ10_conserved	B7VEQ0_conserved	1.014E+00	9.954E-01	9.954E-01	92.500	54	54	54
Q5QQ10_conserved	D0QXI5_conserved	1.014E+00	9.950E-01	9.950E-01	98.100	54	54	54
Q5QQ10_conserved	D1LUJ3_conserved	1.012E+00	9.933E-01	9.933E-01	88.800	54	54	54
Q5QQ10_conserved	P95524_conserved	1.012E+00	9.933E-01	9.933E-01	98.100	54	54	54
Q5QQ10_conserved	A0A193CHQ8_conserved	1.016E+00	9.602E-01	9.970E-01	98.000	54	52	52
Q5QQ10_conserved	Q2XQ06_conserved	1.016E+00	9.600E-01	9.968E-01	98.000	54	52	52
Q5QQ10_conserved	A0A6M3GZS6_conserved	9.625E-01	9.289E-01	9.289E-01	71.600	54	53	54
Q5QQ10_conserved	Q59397_conserved	9.480E-01	9.316E-01	9.316E-01	48.100	54	54	54
Q5QQ10_conserved	E6BTZ6_conserved	9.430E-01	9.266E-01	9.266E-01	53.700	54	54	54
Q5QQ10_conserved	P12833_conserved	9.425E-01	9.263E-01	9.263E-01	62.900	54	54	54
Q5QQ10_conserved	Q79CE5_conserved	9.430E-01	9.268E-01	9.268E-01	55.500	54	54	54
Q5QQ10_conserved	Q7BPB0_conserved	9.568E-01	9.236E-01	9.236E-01	69.800	54	53	54
Q5QQ10_conserved	A0A218N469_conserved	9.450E-01	9.122E-01	9.283E-01	52.800	54	53	53
Q5QQ10_conserved	Q4H3Y3_conserved	9.387E-01	9.225E-01	9.225E-01	57.400	54	54	54
Q5QQ10_conserved	B0BKZ8_conserved	9.531E-01	9.201E-01	9.201E-01	67.900	54	53	54
Q5QQ10_conserved	D5H463_conserved	9.383E-01	9.222E-01	9.222E-01	55.500	54	54	54
Q5QQ10_conserved	U5NMJ1_conserved	9.499E-01	9.172E-01	9.172E-01	66.000	54	53	54
Q5QQ10_conserved	Q9ZIF9_conserved	9.453E-01	9.130E-01	9.289E-01	58.400	54	53	53
Q5QQ10_conserved	P0C0P1_conserved	9.357E-01	9.036E-01	9.193E-01	51.800	54	54	53
Q5QQ10_conserved	Q59408_conserved	9.393E-01	9.071E-01	9.071E-01	64.100	54	53	54
Q5QQ10_conserved	K4EK33_conserved	9.214E-01	9.057E-01	9.057E-01	46.200	54	54	54
Q5QQ10_conserved	A4IUE2_conserved	9.245E-01	9.090E-01	8.940E-01	51.800	54	54	55
Q5QQ10_conserved	A0A7G8Z9Q0_conserved	9.107E-01	8.954E-01	8.954E-01	51.800	54	54	54
Q5QQ10_conserved	A0A7Z8DX35_conserved	9.076E-01	8.924E-01	8.924E-01	53.700	54	54	54
Q5QQ10_conserved	A0A7I8NPH7_conserved	9.252E-01	8.937E-01	8.788E-01	50.900	54	53	55
Q5QQ10_conserved	A0A0M2AT09_conserved	9.111E-01	8.807E-01	8.956E-01	49.000	54	53	53
Q5QQ10_conserved	Q8VVN6_conserved	9.139E-01	8.675E-01	8.825E-01	52.800	54	53	53
Q5QQ10_conserved	Q8VVE6_conserved	9.113E-01	8.811E-01	8.811E-01	41.500	54	53	54
Q5QQ10_conserved	Q79PC3_conserved	9.010E-01	8.555E-01	8.853E-01	41.800	54	55	52
Q5QQ10_conserved	Q6A328_conserved	8.871E-01	8.725E-01	8.725E-01	48.100	54	54	54
Q5QQ10_conserved	Q5W314_conserved	8.858E-01	8.712E-01	8.712E-01	43.600	54	55	54
Q5QQ10_conserved	K4EJH1_conserved	8.934E-01	8.199E-01	8.625E-01	35.800	54	53	51
Q5QQ10_conserved	Q8GCW7_conserved	8.228E-01	7.836E-01	7.963E-01	39.600	54	53	53
Q689B1_conserved	Q689B1_conserved	1.019E+00	1.000E+00	1.000E+00	100.000	54	54	54
Q689B1_conserved	B0FND5_conserved	1.017E+00	9.986E-01	9.986E-01	98.100	54	54	54
Q689B1_conserved	Q5QQ10_conserved	1.015E+00	9.966E-01	9.966E-01	90.700	54	54	54
Q689B1_conserved	F8T8W2_conserved	1.015E+00	9.965E-01	9.965E-01	90.700	54	54	54
Q689B1_conserved	B2RGD3_conserved	1.015E+00	9.964E-01	9.964E-01	90.700	54	54	54
Q689B1_conserved	Q0QMM1_conserved	1.015E+00	9.962E-01	9.962E-01	90.700	54	54	54
Q689B1_conserved	B2ZPD3_conserved	1.015E+00	9.959E-01	9.959E-01	87.000	54	54	54
Q689B1_conserved	Q934B2_conserved	1.014E+00	9.957E-01	9.957E-01	90.700	54	54	54
Q689B1_conserved	A0A4P6VV23_conserved	1.014E+00	9.956E-01	9.956E-01	88.800	54	54	54
Q689B1_conserved	D1LUJ3_conserved	1.014E+00	9.954E-01	9.954E-01	98.100	54	54	54
Q689B1_conserved	V5RSE8_conserved	1.014E+00	9.956E-01	9.956E-01	88.800	54	54	54
Q689B1_conserved	Q5H760_conserved	1.014E+00	9.953E-01	9.953E-01	88.800	54	54	54
Q689B1_conserved	Q7X0I6_conserved	1.014E+00	9.952E-01	9.952E-01	88.800	54	54	54
Q689B1_conserved	D0QXI5_conserved	1.013E+00	9.945E-01	9.945E-01	88.800	54	54	54
Q689B1_conserved	B7VEQ0_conserved	1.013E+00	9.944E-01	9.944E-01	87.000	54	54	54
Q689B1_conserved	P95524_conserved	1.011E+00	9.929E-01	9.929E-01	88.800	54	54	54
Q689B1_conserved	A0A193CHQ8_conserved	1.015E+00	9.593E-01	9.960E-01	88.400	54	52	52
Q689B1_conserved	Q2XQ06_conserved	1.015E+00	9.591E-01	9.958E-01	88.400	54	52	52
Q689B1_conserved	A0A6M3GZS6_conserved	9.689E-01	9.347E-01	9.347E-01	69.800	54	53	54
Q689B1_conserved	Q7BPB0_conserved	9.636E-01	9.298E-01	9.298E-01	67.900	54	53	54
Q689B1_conserved	P12833_conserved	9.463E-01	9.299E-01	9.299E-01	62.900	54	54	54
Q689B1_conserved	Q59397_conserved	9.472E-01	9.307E-01	9.307E-01	53.700	54	54	54
Q689B1_conserved	B0BKZ8_conserved	9.602E-01	9.266E-01	9.266E-01	66.000	54	53	54
Q689B1_conserved	U5NMJ1_conserved	9.574E-01	9.241E-01	9.241E-01	64.100	54	53	54
Q689B1_conserved	Q79CE5_conserved	9.426E-01	9.263E-01	9.263E-01	53.700	54	54	54
Q689B1_conserved	A0A218N469_conserved	9.473E-01	9.144E-01	9.305E-01	56.600	54	53	53
Q689B1_conserved	E6BTZ6_conserved	9.409E-01	9.246E-01	9.246E-01	51.800	54	54	54
Q689B1_conserved	Q4H3Y3_conserved	9.394E-01	9.233E-01	9.233E-01	53.700	54	54	54
Q689B1_conserved	Q9ZIF9_conserved	9.506E-01	9.179E-01	9.340E-01	62.200	54	53	53
Q689B1_conserved	D5H463_conserved	9.385E-01	9.224E-01	9.224E-01	51.800	54	54	54
Q689B1_conserved	P0C0P1_conserved	9.375E-01	9.053E-01	9.211E-01	51.800	54	54	53
Q689B1_conserved	Q59408_conserved	9.441E-01	9.116E-01	9.116E-01	62.200	54	53	54
Q689B1_conserved	K4EK33_conserved	9.215E-01	9.059E-01	9.059E-01	48.100	54	54	54
Q689B1_conserved	A4IUE2_conserved	9.281E-01	9.124E-01	8.973E-01	53.700	54	54	55
Q689B1_conserved	A0A7G8Z9Q0_conserved	9.113E-01	8.960E-01	8.960E-01	46.200	54	54	54
Q689B1_conserved	A0A7Z8DX35_conserved	9.078E-01	8.926E-01	8.926E-01	51.800	54	54	54
Q689B1_conserved	A0A7I8NPH7_conserved	9.236E-01	8.922E-01	8.773E-01	49.000	54	53	55
Q689B1_conserved	A0A0M2AT09_conserved	9.113E-01	8.808E-01	8.958E-01	49.000	54	53	53
Q689B1_conserved	Q8VVE6_conserved	9.144E-01	8.840E-01	8.840E-01	45.200	54	53	54
Q689B1_conserved	Q8VVN6_conserved	9.106E-01	8.645E-01	8.794E-01	50.900	54	53	53
Q689B1_conserved	Q79PC3_conserved	9.016E-01	8.560E-01	8.859E-01	43.600	54	55	52
Q689B1_conserved	Q5W314_conserved	8.908E-01	8.761E-01	8.761E-01	47.200	54	55	54
Q689B1_conserved	Q6A328_conserved	8.860E-01	8.714E-01	8.714E-01	46.200	54	54	54
Q689B1_conserved	K4EJH1_conserved	8.898E-01	8.170E-01	8.592E-01	33.900	54	53	51
Q689B1_conserved	Q8GCW7_conserved	8.233E-01	7.839E-01	7.966E-01	41.500	54	53	53
Q6A328_conserved	Q6A328_conserved	1.019E+00	1.000E+00	1.000E+00	100.000	54	54	54
Q6A328_conserved	A0A7G8Z9Q0_conserved	9.887E-01	9.533E-01	9.533E-01	73.500	54	53	54
Q6A328_conserved	E6BTZ6_conserved	9.599E-01	9.430E-01	9.430E-01	77.700	54	54	54
Q6A328_conserved	D5H463_conserved	9.508E-01	9.342E-01	9.342E-01	64.800	54	54	54
Q6A328_conserved	Q79CE5_conserved	9.468E-01	9.303E-01	9.303E-01	62.900	54	54	54
Q6A328_conserved	Q4H3Y3_conserved	9.469E-01	9.304E-01	9.304E-01	64.800	54	54	54
Q6A328_conserved	A0A0M2AT09_conserved	9.513E-01	9.183E-01	9.345E-01	56.600	54	53	53
Q6A328_conserved	P12833_conserved	9.387E-01	9.224E-01	9.224E-01	64.800	54	54	54
Q6A328_conserved	K4EK33_conserved	9.364E-01	9.201E-01	9.201E-01	68.500	54	54	54
Q6A328_conserved	P0C0P1_conserved	9.422E-01	9.096E-01	9.256E-01	68.500	54	54	53
Q6A328_conserved	A0A7I8NPH7_conserved	9.570E-01	9.238E-01	9.081E-01	64.100	54	53	55
Q6A328_conserved	A0A218N469_conserved	9.362E-01	9.042E-01	9.200E-01	62.200	54	53	53
Q6A328_conserved	Q9ZIF9_conserved	9.336E-01	9.016E-01	9.173E-01	54.700	54	53	53
Q6A328_conserved	A4IUE2_conserved	9.315E-01	9.155E-01	9.001E-01	62.900	54	54	55
Q6A328_conserved	B0BKZ8_conserved	9.381E-01	9.058E-01	9.058E-01	50.900	54	53	54
Q6A328_conserved	Q59408_conserved	9.369E-01	9.046E-01	9.046E-01	50.900	54	53	54
Q6A328_conserved	U5NMJ1_conserved	9.370E-01	9.048E-01	9.048E-01	49.000	54	53	54
Q6A328_conserved	Q8VVE6_conserved	9.251E-01	9.094E-01	9.094E-01	48.100	54	54	54
Q6A328_conserved	A0A6M3GZS6_conserved	9.321E-01	9.002E-01	9.002E-01	58.400	54	53	54
Q6A328_conserved	Q5W314_conserved	9.148E-01	8.992E-01	8.992E-01	48.100	54	54	54
Q6A328_conserved	Q8VVN6_conserved	9.148E-01	8.836E-01	8.989E-01	66.600	54	54	53
Q6A328_conserved	Q7BPB0_conserved	9.228E-01	8.917E-01	8.917E-01	50.900	54	53	54
Q6A328_conserved	Q59397_conserved	9.089E-01	8.937E-01	8.937E-01	53.700	54	54	54
Q6A328_conserved	A0A4P6VV23_conserved	8.899E-01	8.751E-01	8.751E-01	48.100	54	54	54
Q6A328_conserved	A0A7Z8DX35_conserved	8.895E-01	8.749E-01	8.749E-01	51.800	54	54	54
Q6A328_conserved	B2ZPD3_conserved	8.886E-01	8.739E-01	8.739E-01	44.400	54	54	54
Q6A328_conserved	V5RSE8_conserved	8.884E-01	8.737E-01	8.737E-01	48.100	54	54	54
Q6A328_conserved	Q7X0I6_conserved	8.879E-01	8.732E-01	8.732E-01	50.000	54	54	54
Q6A328_conserved	B2RGD3_conserved	8.875E-01	8.728E-01	8.728E-01	48.100	54	54	54
Q6A328_conserved	F8T8W2_conserved	8.872E-01	8.726E-01	8.726E-01	48.100	54	54	54
Q6A328_conserved	Q5QQ10_conserved	8.871E-01	8.725E-01	8.725E-01	48.100	54	54	54
Q6A328_conserved	B7VEQ0_conserved	8.871E-01	8.724E-01	8.724E-01	44.400	54	54	54
Q6A328_conserved	Q0QMM1_conserved	8.866E-01	8.719E-01	8.719E-01	48.100	54	54	54
Q6A328_conserved	Q5H760_conserved	8.863E-01	8.717E-01	8.717E-01	48.100	54	54	54
Q6A328_conserved	Q934B2_conserved	8.868E-01	8.722E-01	8.722E-01	48.100	54	54	54
Q6A328_conserved	D0QXI5_conserved	8.856E-01	8.710E-01	8.710E-01	48.100	54	54	54
Q6A328_conserved	Q689B1_conserved	8.860E-01	8.714E-01	8.714E-01	46.200	54	54	54
Q6A328_conserved	B0FND5_conserved	8.838E-01	8.692E-01	8.692E-01	48.100	54	54	54
Q6A328_conserved	P95524_conserved	8.825E-01	8.680E-01	8.680E-01	48.100	54	54	54
Q6A328_conserved	A0A193CHQ8_conserved	8.976E-01	8.530E-01	8.822E-01	46.100	54	52	52
Q6A328_conserved	Q2XQ06_conserved	8.973E-01	8.527E-01	8.819E-01	46.100	54	52	52
Q6A328_conserved	Q79PC3_conserved	8.883E-01	8.436E-01	8.729E-01	47.200	54	55	52
Q6A328_conserved	D1LUJ3_conserved	8.787E-01	8.643E-01	8.643E-01	48.100	54	54	54
Q6A328_conserved	Q8GCW7_conserved	8.395E-01	7.993E-01	8.123E-01	48.000	54	52	53
Q6A328_conserved	K4EJH1_conserved	8.462E-01	7.781E-01	8.177E-01	46.200	54	54	51
Q79CE5_conserved	Q79CE5_conserved	1.019E+00	1.000E+00	1.000E+00	100.000	54	54	54
Q79CE5_conserved	D5H463_conserved	1.015E+00	9.959E-01	9.959E-01	88.800	54	54	54
Q79CE5_conserved	Q4H3Y3_conserved	1.013E+00	9.947E-01	9.947E-01	92.500	54	54	54
Q79CE5_conserved	P12833_conserved	9.975E-01	9.794E-01	9.794E-01	68.500	54	54	54
Q79CE5_conserved	E6BTZ6_conserved	9.945E-01	9.764E-01	9.764E-01	70.300	54	54	54
Q79CE5_conserved	P0C0P1_conserved	1.002E+00	9.660E-01	9.839E-01	74.000	54	54	53
Q79CE5_conserved	A0A218N469_conserved	9.906E-01	9.551E-01	9.725E-01	67.900	54	53	53
Q79CE5_conserved	A0A7G8Z9Q0_conserved	9.725E-01	9.551E-01	9.551E-01	62.900	54	54	54
Q79CE5_conserved	A0A0M2AT09_conserved	9.768E-01	9.423E-01	9.593E-01	60.300	54	53	53
Q79CE5_conserved	A4IUE2_conserved	9.747E-01	9.575E-01	9.409E-01	62.900	54	54	55
Q79CE5_conserved	A0A6M3GZS6_conserved	9.747E-01	9.399E-01	9.399E-01	58.400	54	53	54
Q79CE5_conserved	B0BKZ8_conserved	9.756E-01	9.408E-01	9.408E-01	50.900	54	53	54
Q79CE5_conserved	U5NMJ1_conserved	9.737E-01	9.391E-01	9.391E-01	50.900	54	53	54
Q79CE5_conserved	Q7BPB0_conserved	9.726E-01	9.380E-01	9.380E-01	50.900	54	53	54
Q79CE5_conserved	A0A7I8NPH7_conserved	9.748E-01	9.401E-01	9.237E-01	56.600	54	53	55
Q79CE5_conserved	K4EK33_conserved	9.517E-01	9.350E-01	9.350E-01	61.100	54	54	54
Q79CE5_conserved	Q9ZIF9_conserved	9.609E-01	9.272E-01	9.437E-01	64.100	54	53	53
Q79CE5_conserved	Q6A328_conserved	9.468E-01	9.303E-01	9.303E-01	62.900	54	54	54
Q79CE5_conserved	V5RSE8_conserved	9.435E-01	9.272E-01	9.272E-01	57.400	54	54	54
Q79CE5_conserved	Q7X0I6_conserved	9.429E-01	9.266E-01	9.266E-01	59.200	54	54	54
Q79CE5_conserved	A0A4P6VV23_conserved	9.428E-01	9.265E-01	9.265E-01	57.400	54	54	54
Q79CE5_conserved	Q5QQ10_conserved	9.430E-01	9.268E-01	9.268E-01	55.500	54	54	54
Q79CE5_conserved	Q689B1_conserved	9.426E-01	9.263E-01	9.263E-01	53.700	54	54	54
Q79CE5_conserved	Q59397_conserved	9.406E-01	9.244E-01	9.244E-01	53.700	54	54	54
Q79CE5_conserved	F8T8W2_conserved	9.421E-01	9.258E-01	9.258E-01	55.500	54	54	54
Q79CE5_conserved	B2RGD3_conserved	9.418E-01	9.256E-01	9.256E-01	55.500	54	54	54
Q79CE5_conserved	B2ZPD3_conserved	9.417E-01	9.254E-01	9.254E-01	51.800	54	54	54
Q79CE5_conserved	Q5H760_conserved	9.415E-01	9.253E-01	9.253E-01	55.500	54	54	54
Q79CE5_conserved	Q0QMM1_conserved	9.408E-01	9.246E-01	9.246E-01	55.500	54	54	54
Q79CE5_conserved	Q59408_conserved	9.533E-01	9.201E-01	9.201E-01	47.100	54	53	54
Q79CE5_conserved	D0QXI5_conserved	9.406E-01	9.244E-01	9.244E-01	55.500	54	54	54
Q79CE5_conserved	Q8VVE6_conserved	9.561E-01	9.229E-01	9.229E-01	37.700	54	53	54
Q79CE5_conserved	B0FND5_conserved	9.402E-01	9.240E-01	9.240E-01	55.500	54	54	54
Q79CE5_conserved	Q934B2_conserved	9.400E-01	9.238E-01	9.238E-01	57.400	54	54	54
Q79CE5_conserved	B7VEQ0_conserved	9.395E-01	9.234E-01	9.234E-01	51.800	54	54	54
Q79CE5_conserved	P95524_conserved	9.368E-01	9.208E-01	9.208E-01	55.500	54	54	54
Q79CE5_conserved	D1LUJ3_conserved	9.363E-01	9.202E-01	9.202E-01	55.500	54	54	54
Q79CE5_conserved	A0A193CHQ8_conserved	9.435E-01	8.946E-01	9.266E-01	53.800	54	52	52
Q79CE5_conserved	Q2XQ06_conserved	9.429E-01	8.940E-01	9.260E-01	53.800	54	52	52
Q79CE5_conserved	Q5W314_conserved	9.259E-01	9.101E-01	9.101E-01	37.000	54	54	54
Q79CE5_conserved	A0A7Z8DX35_conserved	9.154E-01	8.997E-01	8.997E-01	51.800	54	54	54
Q79CE5_conserved	Q8VVN6_conserved	9.334E-01	8.851E-01	9.006E-01	58.400	54	53	53
Q79CE5_conserved	Q79PC3_conserved	9.052E-01	8.594E-01	8.894E-01	36.300	54	55	52
Q79CE5_conserved	K4EJH1_conserved	8.612E-01	7.919E-01	8.322E-01	49.000	54	53	51
Q79CE5_conserved	Q8GCW7_conserved	8.273E-01	7.884E-01	8.010E-01	33.900	54	53	53
Q7BPB0_conserved	Q7BPB0_conserved	1.019E+00	1.000E+00	1.000E+00	100.000	54	54	54
Q7BPB0_conserved	B0BKZ8_conserved	1.011E+00	9.736E-01	9.736E-01	94.300	54	53	54
Q7BPB0_conserved	U5NMJ1_conserved	1.011E+00	9.736E-01	9.736E-01	92.400	54	53	54
Q7BPB0_conserved	A0A6M3GZS6_conserved	9.972E-01	9.791E-01	9.791E-01	88.800	54	54	54
Q7BPB0_conserved	A0A218N469_conserved	9.737E-01	9.390E-01	9.560E-01	64.100	54	53	53
Q7BPB0_conserved	Q9ZIF9_conserved	9.761E-01	9.416E-01	9.585E-01	60.300	54	53	53
Q7BPB0_conserved	Q59408_conserved	9.791E-01	9.443E-01	9.443E-01	90.500	54	53	54
Q7BPB0_conserved	P12833_conserved	9.747E-01	9.399E-01	9.399E-01	66.000	54	53	54
Q7BPB0_conserved	D5H463_conserved	9.722E-01	9.376E-01	9.376E-01	52.800	54	53	54
Q7BPB0_conserved	Q79CE5_conserved	9.726E-01	9.380E-01	9.380E-01	50.900	54	53	54
Q7BPB0_conserved	Q4H3Y3_conserved	9.716E-01	9.370E-01	9.370E-01	54.700	54	53	54
Q7BPB0_conserved	P0C0P1_conserved	9.667E-01	9.153E-01	9.318E-01	52.800	54	53	53
Q7BPB0_conserved	Q689B1_conserved	9.636E-01	9.298E-01	9.298E-01	67.900	54	53	54
Q7BPB0_conserved	B2RGD3_conserved	9.625E-01	9.288E-01	9.288E-01	69.800	54	53	54
Q7BPB0_conserved	F8T8W2_conserved	9.617E-01	9.280E-01	9.280E-01	69.800	54	53	54
Q7BPB0_conserved	B0FND5_conserved	9.612E-01	9.276E-01	9.276E-01	69.800	54	53	54
Q7BPB0_conserved	Q0QMM1_conserved	9.605E-01	9.269E-01	9.269E-01	69.800	54	53	54
Q7BPB0_conserved	Q5H760_conserved	9.608E-01	9.272E-01	9.272E-01	69.800	54	53	54
Q7BPB0_conserved	B2ZPD3_conserved	9.599E-01	9.264E-01	9.264E-01	69.800	54	53	54
Q7BPB0_conserved	D0QXI5_conserved	9.603E-01	9.268E-01	9.268E-01	69.800	54	53	54
Q7BPB0_conserved	A0A193CHQ8_conserved	9.601E-01	9.099E-01	9.428E-01	73.000	54	52	52
Q7BPB0_conserved	B7VEQ0_conserved	9.591E-01	9.256E-01	9.256E-01	69.800	54	53	54
Q7BPB0_conserved	Q2XQ06_conserved	9.599E-01	9.096E-01	9.425E-01	73.000	54	52	52
Q7BPB0_conserved	E6BTZ6_conserved	9.545E-01	9.210E-01	9.210E-01	50.900	54	53	54
Q7BPB0_conserved	P95524_conserved	9.587E-01	9.253E-01	9.253E-01	69.800	54	53	54
Q7BPB0_conserved	A0A4P6VV23_conserved	9.572E-01	9.239E-01	9.239E-01	67.900	54	53	54
Q7BPB0_conserved	Q934B2_conserved	9.568E-01	9.235E-01	9.235E-01	67.900	54	53	54
Q7BPB0_conserved	Q5QQ10_conserved	9.568E-01	9.236E-01	9.236E-01	69.800	54	53	54
Q7BPB0_conserved	D1LUJ3_conserved	9.559E-01	9.227E-01	9.227E-01	66.000	54	53	54
Q7BPB0_conserved	V5RSE8_conserved	9.551E-01	9.220E-01	9.220E-01	67.900	54	53	54
Q7BPB0_conserved	Q7X0I6_conserved	9.538E-01	9.207E-01	9.207E-01	66.000	54	53	54
Q7BPB0_conserved	A4IUE2_conserved	9.545E-01	9.213E-01	9.056E-01	60.300	54	53	55
Q7BPB0_conserved	Q8VVE6_conserved	9.355E-01	9.195E-01	9.195E-01	44.400	54	54	54
Q7BPB0_conserved	A0A0M2AT09_conserved	9.417E-01	9.093E-01	9.252E-01	49.000	54	53	53
Q7BPB0_conserved	A0A7G8Z9Q0_conserved	9.445E-01	9.118E-01	9.118E-01	52.800	54	53	54
Q7BPB0_conserved	K4EK33_conserved	9.434E-01	9.107E-01	9.107E-01	52.800	54	53	54
Q7BPB0_conserved	Q59397_conserved	9.469E-01	9.143E-01	9.143E-01	50.900	54	53	54
Q7BPB0_conserved	A0A7I8NPH7_conserved	9.267E-01	9.107E-01	8.953E-01	53.700	54	54	55
Q7BPB0_conserved	Q5W314_conserved	9.305E-01	8.985E-01	8.985E-01	42.500	54	54	54
Q7BPB0_conserved	Q6A328_conserved	9.228E-01	8.917E-01	8.917E-01	50.900	54	53	54
Q7BPB0_conserved	A0A7Z8DX35_conserved	9.145E-01	8.835E-01	8.835E-01	47.100	54	53	54
Q7BPB0_conserved	Q8VVN6_conserved	9.026E-01	8.722E-01	8.871E-01	57.400	54	54	53
Q7BPB0_conserved	Q79PC3_conserved	8.898E-01	8.302E-01	8.590E-01	42.500	54	54	52
Q7BPB0_conserved	K4EJH1_conserved	8.400E-01	7.743E-01	8.125E-01	37.700	54	53	51
Q7BPB0_conserved	Q8GCW7_conserved	8.155E-01	7.645E-01	7.767E-01	36.500	54	52	53
Q7X0I6_conserved	Q7X0I6_conserved	1.019E+00	1.000E+00	1.000E+00	100.000	54	54	54
Q7X0I6_conserved	V5RSE8_conserved	1.018E+00	9.994E-01	9.994E-01	98.100	54	54	54
Q7X0I6_conserved	Q5QQ10_conserved	1.018E+00	9.988E-01	9.988E-01	96.200	54	54	54
Q7X0I6_conserved	A0A4P6VV23_conserved	1.018E+00	9.987E-01	9.987E-01	98.100	54	54	54
Q7X0I6_conserved	Q934B2_conserved	1.015E+00	9.967E-01	9.967E-01	96.200	54	54	54
Q7X0I6_conserved	Q689B1_conserved	1.014E+00	9.952E-01	9.952E-01	88.800	54	54	54
Q7X0I6_conserved	F8T8W2_conserved	1.013E+00	9.948E-01	9.948E-01	96.200	54	54	54
Q7X0I6_conserved	B0FND5_conserved	1.013E+00	9.948E-01	9.948E-01	90.700	54	54	54
Q7X0I6_conserved	B2ZPD3_conserved	1.013E+00	9.944E-01	9.944E-01	88.800	54	54	54
Q7X0I6_conserved	Q0QMM1_conserved	1.013E+00	9.943E-01	9.943E-01	96.200	54	54	54
Q7X0I6_conserved	B2RGD3_conserved	1.013E+00	9.941E-01	9.941E-01	96.200	54	54	54
Q7X0I6_conserved	Q5H760_conserved	1.013E+00	9.941E-01	9.941E-01	94.400	54	54	54
Q7X0I6_conserved	D1LUJ3_conserved	1.011E+00	9.928E-01	9.928E-01	87.000	54	54	54
Q7X0I6_conserved	B7VEQ0_conserved	1.012E+00	9.930E-01	9.930E-01	88.800	54	54	54
Q7X0I6_conserved	D0QXI5_conserved	1.011E+00	9.928E-01	9.928E-01	94.400	54	54	54
Q7X0I6_conserved	P95524_conserved	1.009E+00	9.908E-01	9.908E-01	94.400	54	54	54
Q7X0I6_conserved	A0A193CHQ8_conserved	1.014E+00	9.577E-01	9.943E-01	94.200	54	52	52
Q7X0I6_conserved	Q2XQ06_conserved	1.013E+00	9.575E-01	9.940E-01	94.200	54	52	52
Q7X0I6_conserved	Q59397_conserved	9.500E-01	9.335E-01	9.335E-01	51.800	54	54	54
Q7X0I6_conserved	A0A6M3GZS6_conserved	9.610E-01	9.274E-01	9.274E-01	67.900	54	53	54
Q7X0I6_conserved	E6BTZ6_conserved	9.430E-01	9.266E-01	9.266E-01	57.400	54	54	54
Q7X0I6_conserved	Q79CE5_conserved	9.429E-01	9.266E-01	9.266E-01	59.200	54	54	54
Q7X0I6_conserved	P12833_conserved	9.408E-01	9.246E-01	9.246E-01	59.200	54	54	54
Q7X0I6_conserved	A0A218N469_conserved	9.455E-01	9.127E-01	9.288E-01	56.600	54	53	53
Q7X0I6_conserved	Q7BPB0_conserved	9.538E-01	9.207E-01	9.207E-01	66.000	54	53	54
Q7X0I6_conserved	Q4H3Y3_conserved	9.379E-01	9.218E-01	9.218E-01	57.400	54	54	54
Q7X0I6_conserved	D5H463_conserved	9.377E-01	9.216E-01	9.216E-01	55.500	54	54	54
Q7X0I6_conserved	B0BKZ8_conserved	9.494E-01	9.167E-01	9.167E-01	64.100	54	53	54
Q7X0I6_conserved	Q9ZIF9_conserved	9.456E-01	9.132E-01	9.291E-01	62.200	54	53	53
Q7X0I6_conserved	U5NMJ1_conserved	9.463E-01	9.138E-01	9.138E-01	62.200	54	53	54
Q7X0I6_conserved	P0C0P1_conserved	9.356E-01	9.035E-01	9.193E-01	55.500	54	54	53
Q7X0I6_conserved	Q59408_conserved	9.359E-01	9.040E-01	9.040E-01	60.300	54	53	54
Q7X0I6_conserved	K4EK33_conserved	9.203E-01	9.047E-01	9.047E-01	48.100	54	54	54
Q7X0I6_conserved	A4IUE2_conserved	9.263E-01	9.107E-01	8.957E-01	51.800	54	54	55
Q7X0I6_conserved	A0A7G8Z9Q0_conserved	9.108E-01	8.955E-01	8.955E-01	55.500	54	54	54
Q7X0I6_conserved	A0A7Z8DX35_conserved	9.070E-01	8.918E-01	8.918E-01	53.700	54	54	54
Q7X0I6_conserved	A0A7I8NPH7_conserved	9.235E-01	8.921E-01	8.772E-01	52.800	54	53	55
Q7X0I6_conserved	A0A0M2AT09_conserved	9.113E-01	8.809E-01	8.959E-01	49.000	54	53	53
Q7X0I6_conserved	Q8VVE6_conserved	9.140E-01	8.837E-01	8.837E-01	41.500	54	53	54
Q7X0I6_conserved	Q8VVN6_conserved	9.129E-01	8.666E-01	8.815E-01	54.700	54	53	53
Q7X0I6_conserved	Q79PC3_conserved	9.024E-01	8.568E-01	8.866E-01	40.000	54	55	52
Q7X0I6_conserved	Q6A328_conserved	8.879E-01	8.732E-01	8.732E-01	50.000	54	54	54
Q7X0I6_conserved	Q5W314_conserved	8.876E-01	8.730E-01	8.730E-01	43.600	54	55	54
Q7X0I6_conserved	K4EJH1_conserved	8.951E-01	8.214E-01	8.641E-01	37.700	54	53	51
Q7X0I6_conserved	Q8GCW7_conserved	8.244E-01	7.851E-01	7.978E-01	39.600	54	53	53
Q8VVN6_conserved	Q8VVN6_conserved	1.019E+00	1.000E+00	1.000E+00	100.000	53	53	53
Q8VVN6_conserved	A0A7Z8DX35_conserved	9.392E-01	9.059E-01	8.901E-01	71.600	53	53	54
Q8VVN6_conserved	Q59397_conserved	9.406E-01	9.075E-01	8.918E-01	60.300	53	53	54
Q8VVN6_conserved	E6BTZ6_conserved	9.402E-01	9.072E-01	8.916E-01	66.000	53	53	54
Q8VVN6_conserved	K4EK33_conserved	9.399E-01	9.070E-01	8.914E-01	60.300	53	53	54
Q8VVN6_conserved	A0A218N469_conserved	9.310E-01	8.984E-01	8.984E-01	60.300	53	53	53
Q8VVN6_conserved	Q79CE5_conserved	9.334E-01	9.006E-01	8.851E-01	58.400	53	53	54
Q8VVN6_conserved	D5H463_conserved	9.325E-01	8.999E-01	8.844E-01	58.400	53	53	54
Q8VVN6_conserved	P0C0P1_conserved	9.243E-01	8.919E-01	8.919E-01	62.200	53	53	53
Q8VVN6_conserved	Q4H3Y3_conserved	9.319E-01	8.994E-01	8.840E-01	58.400	53	53	54
Q8VVN6_conserved	P12833_conserved	9.279E-01	8.955E-01	8.802E-01	62.200	53	53	54
Q8VVN6_conserved	A4IUE2_conserved	9.339E-01	9.012E-01	8.707E-01	64.100	53	53	55
Q8VVN6_conserved	Q6A328_conserved	9.148E-01	8.989E-01	8.836E-01	66.600	53	54	54
Q8VVN6_conserved	Q9ZIF9_conserved	9.191E-01	8.873E-01	8.873E-01	50.900	53	53	53
Q8VVN6_conserved	A0A7I8NPH7_conserved	9.310E-01	8.985E-01	8.682E-01	62.200	53	53	55
Q8VVN6_conserved	A0A7G8Z9Q0_conserved	9.268E-01	8.947E-01	8.795E-01	62.200	53	53	54
Q8VVN6_conserved	B2ZPD3_conserved	9.205E-01	8.886E-01	8.734E-01	49.000	53	53	54
Q8VVN6_conserved	B7VEQ0_conserved	9.199E-01	8.880E-01	8.729E-01	49.000	53	53	54
Q8VVN6_conserved	A0A4P6VV23_conserved	9.172E-01	8.855E-01	8.705E-01	52.800	53	53	54
Q8VVN6_conserved	Q0QMM1_conserved	9.166E-01	8.850E-01	8.699E-01	52.800	53	53	54
Q8VVN6_conserved	B2RGD3_conserved	9.162E-01	8.846E-01	8.696E-01	52.800	53	53	54
Q8VVN6_conserved	Q7BPB0_conserved	9.026E-01	8.871E-01	8.722E-01	57.400	53	54	54
Q8VVN6_conserved	P95524_conserved	9.159E-01	8.844E-01	8.694E-01	50.900	53	53	54
Q8VVN6_conserved	Q5H760_conserved	9.162E-01	8.846E-01	8.696E-01	50.900	53	53	54
Q8VVN6_conserved	F8T8W2_conserved	9.152E-01	8.836E-01	8.686E-01	52.800	53	53	54
Q8VVN6_conserved	D0QXI5_conserved	9.155E-01	8.840E-01	8.690E-01	50.900	53	53	54
Q8VVN6_conserved	Q934B2_conserved	9.143E-01	8.828E-01	8.679E-01	52.800	53	53	54
Q8VVN6_conserved	Q5QQ10_conserved	9.139E-01	8.825E-01	8.675E-01	52.800	53	53	54
Q8VVN6_conserved	V5RSE8_conserved	9.139E-01	8.825E-01	8.675E-01	52.800	53	53	54
Q8VVN6_conserved	B0BKZ8_conserved	9.128E-01	8.814E-01	8.664E-01	56.600	53	53	54
Q8VVN6_conserved	Q7X0I6_conserved	9.129E-01	8.815E-01	8.666E-01	54.700	53	53	54
Q8VVN6_conserved	A0A193CHQ8_conserved	9.130E-01	8.659E-01	8.810E-01	53.800	53	52	52
Q8VVN6_conserved	Q2XQ06_conserved	9.129E-01	8.657E-01	8.809E-01	53.800	53	52	52
Q8VVN6_conserved	U5NMJ1_conserved	9.109E-01	8.796E-01	8.647E-01	56.600	53	53	54
Q8VVN6_conserved	A0A6M3GZS6_conserved	8.955E-01	8.802E-01	8.653E-01	61.100	53	54	54
Q8VVN6_conserved	Q689B1_conserved	9.106E-01	8.794E-01	8.645E-01	50.900	53	53	54
Q8VVN6_conserved	A0A0M2AT09_conserved	9.058E-01	8.751E-01	8.751E-01	54.700	53	53	53
Q8VVN6_conserved	B0FND5_conserved	9.051E-01	8.742E-01	8.596E-01	52.800	53	53	54
Q8VVN6_conserved	Q79PC3_conserved	9.022E-01	8.556E-01	8.706E-01	50.900	53	53	52
Q8VVN6_conserved	D1LUJ3_conserved	9.040E-01	8.732E-01	8.586E-01	49.000	53	53	54
Q8VVN6_conserved	Q5W314_conserved	8.976E-01	8.673E-01	8.529E-01	45.200	53	53	54
Q8VVN6_conserved	Q59408_conserved	8.819E-01	8.525E-01	8.385E-01	54.700	53	53	54
Q8VVN6_conserved	Q8VVE6_conserved	8.691E-01	8.547E-01	8.408E-01	44.400	53	54	54
Q8VVN6_conserved	K4EJH1_conserved	8.635E-01	8.073E-01	8.345E-01	51.900	53	52	51
Q8VVN6_conserved	Q8GCW7_conserved	8.479E-01	8.065E-01	8.065E-01	50.000	53	52	53
Q934B2_conserved	Q934B2_conserved	1.019E+00	1.000E+00	1.000E+00	100.000	54	54	54
Q934B2_conserved	V5RSE8_conserved	1.017E+00	9.979E-01	9.979E-01	98.100	54	54	54
Q934B2_conserved	A0A4P6VV23_conserved	1.016E+00	9.975E-01	9.975E-01	98.100	54	54	54
Q934B2_conserved	Q5QQ10_conserved	1.016E+00	9.973E-01	9.973E-01	96.200	54	54	54
Q934B2_conserved	Q7X0I6_conserved	1.015E+00	9.967E-01	9.967E-01	96.200	54	54	54
Q934B2_conserved	F8T8W2_conserved	1.015E+00	9.964E-01	9.964E-01	96.200	54	54	54
Q934B2_conserved	Q0QMM1_conserved	1.015E+00	9.961E-01	9.961E-01	96.200	54	54	54
Q934B2_conserved	B2RGD3_conserved	1.015E+00	9.960E-01	9.960E-01	96.200	54	54	54
Q934B2_conserved	Q689B1_conserved	1.014E+00	9.957E-01	9.957E-01	90.700	54	54	54
Q934B2_conserved	Q5H760_conserved	1.014E+00	9.950E-01	9.950E-01	94.400	54	54	54
Q934B2_conserved	B0FND5_conserved	1.013E+00	9.947E-01	9.947E-01	92.500	54	54	54
Q934B2_conserved	B2ZPD3_conserved	1.013E+00	9.947E-01	9.947E-01	88.800	54	54	54
Q934B2_conserved	D0QXI5_conserved	1.013E+00	9.945E-01	9.945E-01	94.400	54	54	54
Q934B2_conserved	B7VEQ0_conserved	1.012E+00	9.932E-01	9.932E-01	88.800	54	54	54
Q934B2_conserved	D1LUJ3_conserved	1.010E+00	9.915E-01	9.915E-01	88.800	54	54	54
Q934B2_conserved	P95524_conserved	1.009E+00	9.908E-01	9.908E-01	94.400	54	54	54
Q934B2_conserved	A0A193CHQ8_conserved	1.017E+00	9.603E-01	9.971E-01	94.200	54	52	52
Q934B2_conserved	Q2XQ06_conserved	1.016E+00	9.602E-01	9.970E-01	94.200	54	52	52
Q934B2_conserved	Q59397_conserved	9.494E-01	9.329E-01	9.329E-01	50.000	54	54	54
Q934B2_conserved	A0A6M3GZS6_conserved	9.620E-01	9.284E-01	9.284E-01	67.900	54	53	54
Q934B2_conserved	Q7BPB0_conserved	9.568E-01	9.235E-01	9.235E-01	67.900	54	53	54
Q934B2_conserved	A0A218N469_conserved	9.469E-01	9.140E-01	9.302E-01	54.700	54	53	53
Q934B2_conserved	E6BTZ6_conserved	9.400E-01	9.237E-01	9.237E-01	55.500	54	54	54
Q934B2_conserved	Q79CE5_conserved	9.400E-01	9.238E-01	9.238E-01	57.400	54	54	54
Q934B2_conserved	B0BKZ8_conserved	9.531E-01	9.201E-01	9.201E-01	66.000	54	53	54
Q934B2_conserved	P12833_conserved	9.388E-01	9.227E-01	9.227E-01	61.100	54	54	54
Q934B2_conserved	D5H463_conserved	9.359E-01	9.199E-01	9.199E-01	57.400	54	54	54
Q934B2_conserved	Q4H3Y3_conserved	9.357E-01	9.197E-01	9.197E-01	59.200	54	54	54
Q934B2_conserved	U5NMJ1_conserved	9.499E-01	9.171E-01	9.171E-01	64.100	54	53	54
Q934B2_conserved	Q9ZIF9_conserved	9.445E-01	9.122E-01	9.281E-01	60.300	54	53	53
Q934B2_conserved	P0C0P1_conserved	9.331E-01	9.011E-01	9.168E-01	53.700	54	54	53
Q934B2_conserved	Q59408_conserved	9.394E-01	9.072E-01	9.072E-01	62.200	54	53	54
Q934B2_conserved	K4EK33_conserved	9.175E-01	9.020E-01	9.020E-01	46.200	54	54	54
Q934B2_conserved	A4IUE2_conserved	9.216E-01	9.062E-01	8.913E-01	51.800	54	54	55
Q934B2_conserved	A0A7Z8DX35_conserved	9.101E-01	8.949E-01	8.949E-01	53.700	54	54	54
Q934B2_conserved	A0A7G8Z9Q0_conserved	9.095E-01	8.942E-01	8.942E-01	51.800	54	54	54
Q934B2_conserved	A0A7I8NPH7_conserved	9.240E-01	8.927E-01	8.777E-01	52.800	54	53	55
Q934B2_conserved	A0A0M2AT09_conserved	9.100E-01	8.796E-01	8.946E-01	49.000	54	53	53
Q934B2_conserved	Q8VVN6_conserved	9.143E-01	8.679E-01	8.828E-01	52.800	54	53	53
Q934B2_conserved	Q79PC3_conserved	9.024E-01	8.567E-01	8.866E-01	38.100	54	55	52
Q934B2_conserved	Q8VVE6_conserved	9.073E-01	8.774E-01	8.774E-01	39.600	54	53	54
Q934B2_conserved	Q6A328_conserved	8.868E-01	8.722E-01	8.722E-01	48.100	54	54	54
Q934B2_conserved	Q5W314_conserved	8.856E-01	8.711E-01	8.711E-01	41.800	54	55	54
Q934B2_conserved	K4EJH1_conserved	8.980E-01	8.238E-01	8.668E-01	37.700	54	53	51
Q934B2_conserved	Q8GCW7_conserved	8.239E-01	7.846E-01	7.972E-01	37.700	54	53	53
V5RSE8_conserved	V5RSE8_conserved	1.019E+00	1.000E+00	1.000E+00	100.000	54	54	54
V5RSE8_conserved	Q7X0I6_conserved	1.018E+00	9.994E-01	9.994E-01	98.100	54	54	54
V5RSE8_conserved	Q5QQ10_conserved	1.018E+00	9.992E-01	9.992E-01	98.100	54	54	54
V5RSE8_conserved	A0A4P6VV23_conserved	1.018E+00	9.990E-01	9.990E-01	100.000	54	54	54
V5RSE8_conserved	Q934B2_conserved	1.017E+00	9.979E-01	9.979E-01	98.100	54	54	54
V5RSE8_conserved	Q689B1_conserved	1.014E+00	9.956E-01	9.956E-01	88.800	54	54	54
V5RSE8_conserved	F8T8W2_conserved	1.014E+00	9.956E-01	9.956E-01	98.100	54	54	54
V5RSE8_conserved	Q0QMM1_conserved	1.014E+00	9.952E-01	9.952E-01	98.100	54	54	54
V5RSE8_conserved	B2RGD3_conserved	1.014E+00	9.951E-01	9.951E-01	98.100	54	54	54
V5RSE8_conserved	B2ZPD3_conserved	1.014E+00	9.949E-01	9.949E-01	90.700	54	54	54
V5RSE8_conserved	Q5H760_conserved	1.014E+00	9.949E-01	9.949E-01	96.200	54	54	54
V5RSE8_conserved	B0FND5_conserved	1.014E+00	9.949E-01	9.949E-01	90.700	54	54	54
V5RSE8_conserved	D0QXI5_conserved	1.013E+00	9.941E-01	9.941E-01	96.200	54	54	54
V5RSE8_conserved	B7VEQ0_conserved	1.012E+00	9.933E-01	9.933E-01	90.700	54	54	54
V5RSE8_conserved	D1LUJ3_conserved	1.011E+00	9.923E-01	9.923E-01	87.000	54	54	54
V5RSE8_conserved	P95524_conserved	1.009E+00	9.906E-01	9.906E-01	96.200	54	54	54
V5RSE8_conserved	A0A193CHQ8_conserved	1.016E+00	9.596E-01	9.963E-01	96.100	54	52	52
V5RSE8_conserved	Q2XQ06_conserved	1.015E+00	9.593E-01	9.960E-01	96.100	54	52	52
V5RSE8_conserved	Q59397_conserved	9.502E-01	9.336E-01	9.336E-01	50.000	54	54	54
V5RSE8_conserved	A0A6M3GZS6_conserved	9.620E-01	9.283E-01	9.283E-01	69.800	54	53	54
V5RSE8_conserved	E6BTZ6_conserved	9.430E-01	9.266E-01	9.266E-01	55.500	54	54	54
V5RSE8_conserved	Q79CE5_conserved	9.435E-01	9.272E-01	9.272E-01	57.400	54	54	54
V5RSE8_conserved	P12833_conserved	9.405E-01	9.243E-01	9.243E-01	61.100	54	54	54
V5RSE8_conserved	Q7BPB0_conserved	9.551E-01	9.220E-01	9.220E-01	67.900	54	53	54
V5RSE8_conserved	A0A218N469_conserved	9.451E-01	9.123E-01	9.284E-01	54.700	54	53	53
V5RSE8_conserved	D5H463_conserved	9.384E-01	9.223E-01	9.223E-01	57.400	54	54	54
V5RSE8_conserved	Q4H3Y3_conserved	9.381E-01	9.220E-01	9.220E-01	59.200	54	54	54
V5RSE8_conserved	B0BKZ8_conserved	9.514E-01	9.186E-01	9.186E-01	66.000	54	53	54
V5RSE8_conserved	Q9ZIF9_conserved	9.456E-01	9.133E-01	9.292E-01	60.300	54	53	53
V5RSE8_conserved	U5NMJ1_conserved	9.484E-01	9.158E-01	9.158E-01	64.100	54	53	54
V5RSE8_conserved	P0C0P1_conserved	9.358E-01	9.037E-01	9.194E-01	53.700	54	54	53
V5RSE8_conserved	Q59408_conserved	9.384E-01	9.063E-01	9.063E-01	62.200	54	53	54
V5RSE8_conserved	K4EK33_conserved	9.193E-01	9.037E-01	9.037E-01	46.200	54	54	54
V5RSE8_conserved	A4IUE2_conserved	9.240E-01	9.085E-01	8.935E-01	51.800	54	54	55
V5RSE8_conserved	A0A7G8Z9Q0_conserved	9.108E-01	8.955E-01	8.955E-01	53.700	54	54	54
V5RSE8_conserved	A0A7Z8DX35_conserved	9.086E-01	8.933E-01	8.933E-01	53.700	54	54	54
V5RSE8_conserved	A0A7I8NPH7_conserved	9.242E-01	8.928E-01	8.779E-01	52.800	54	53	55
V5RSE8_conserved	A0A0M2AT09_conserved	9.127E-01	8.821E-01	8.971E-01	49.000	54	53	53
V5RSE8_conserved	Q8VVN6_conserved	9.139E-01	8.675E-01	8.825E-01	52.800	54	53	53
V5RSE8_conserved	Q8VVE6_conserved	9.116E-01	8.814E-01	8.814E-01	39.600	54	53	54
V5RSE8_conserved	Q79PC3_conserved	9.032E-01	8.575E-01	8.874E-01	40.000	54	55	52
V5RSE8_conserved	Q6A328_conserved	8.884E-01	8.737E-01	8.737E-01	48.100	54	54	54
V5RSE8_conserved	Q5W314_conserved	8.851E-01	8.706E-01	8.706E-01	41.800	54	55	54
V5RSE8_conserved	K4EJH1_conserved	8.960E-01	8.221E-01	8.650E-01	37.700	54	53	51
V5RSE8_conserved	Q8GCW7_conserved	8.255E-01	7.860E-01	7.988E-01	39.600	54	53	53
D5H463_conserved	D5H463_conserved	1.019E+00	1.000E+00	1.000E+00	100.000	54	54	54
D5H463_conserved	Q4H3Y3_conserved	1.018E+00	9.987E-01	9.987E-01	96.200	54	54	54
D5H463_conserved	Q79CE5_conserved	1.015E+00	9.959E-01	9.959E-01	88.800	54	54	54
D5H463_conserved	P12833_conserved	9.966E-01	9.786E-01	9.786E-01	72.200	54	54	54
D5H463_conserved	P0C0P1_conserved	1.003E+00	9.661E-01	9.840E-01	72.200	54	54	53
D5H463_conserved	E6BTZ6_conserved	9.933E-01	9.753E-01	9.753E-01	68.500	54	54	54
D5H463_conserved	A0A218N469_conserved	9.880E-01	9.526E-01	9.700E-01	64.100	54	53	53
D5H463_conserved	A0A7G8Z9Q0_conserved	9.739E-01	9.565E-01	9.565E-01	62.900	54	54	54
D5H463_conserved	A4IUE2_conserved	9.757E-01	9.585E-01	9.419E-01	64.800	54	54	55
D5H463_conserved	B0BKZ8_conserved	9.753E-01	9.404E-01	9.404E-01	52.800	54	53	54
D5H463_conserved	A0A0M2AT09_conserved	9.756E-01	9.412E-01	9.581E-01	60.300	54	53	53
D5H463_conserved	A0A6M3GZS6_conserved	9.737E-01	9.389E-01	9.389E-01	60.300	54	53	54
D5H463_conserved	U5NMJ1_conserved	9.737E-01	9.390E-01	9.390E-01	52.800	54	53	54
D5H463_conserved	Q7BPB0_conserved	9.722E-01	9.376E-01	9.376E-01	52.800	54	53	54
D5H463_conserved	A0A7I8NPH7_conserved	9.748E-01	9.402E-01	9.238E-01	60.300	54	53	55
D5H463_conserved	Q6A328_conserved	9.508E-01	9.342E-01	9.342E-01	64.800	54	54	54
D5H463_conserved	K4EK33_conserved	9.495E-01	9.329E-01	9.329E-01	59.200	54	54	54
D5H463_conserved	Q9ZIF9_conserved	9.578E-01	9.242E-01	9.407E-01	60.300	54	53	53
D5H463_conserved	Q59408_conserved	9.549E-01	9.215E-01	9.215E-01	52.800	54	53	54
D5H463_conserved	F8T8W2_conserved	9.388E-01	9.226E-01	9.226E-01	55.500	54	54	54
D5H463_conserved	Q8VVE6_conserved	9.550E-01	9.220E-01	9.220E-01	35.800	54	53	54
D5H463_conserved	Q689B1_conserved	9.385E-01	9.224E-01	9.224E-01	51.800	54	54	54
D5H463_conserved	B2ZPD3_conserved	9.379E-01	9.218E-01	9.218E-01	51.800	54	54	54
D5H463_conserved	B2RGD3_conserved	9.381E-01	9.219E-01	9.219E-01	55.500	54	54	54
D5H463_conserved	V5RSE8_conserved	9.384E-01	9.223E-01	9.223E-01	57.400	54	54	54
D5H463_conserved	A0A4P6VV23_conserved	9.384E-01	9.222E-01	9.222E-01	57.400	54	54	54
D5H463_conserved	Q5QQ10_conserved	9.383E-01	9.222E-01	9.222E-01	55.500	54	54	54
D5H463_conserved	Q0QMM1_conserved	9.369E-01	9.209E-01	9.209E-01	55.500	54	54	54
D5H463_conserved	Q5H760_conserved	9.374E-01	9.213E-01	9.213E-01	55.500	54	54	54
D5H463_conserved	Q7X0I6_conserved	9.377E-01	9.216E-01	9.216E-01	55.500	54	54	54
D5H463_conserved	B0FND5_conserved	9.369E-01	9.208E-01	9.208E-01	53.700	54	54	54
D5H463_conserved	D0QXI5_conserved	9.365E-01	9.204E-01	9.204E-01	55.500	54	54	54
D5H463_conserved	B7VEQ0_conserved	9.357E-01	9.197E-01	9.197E-01	51.800	54	54	54
D5H463_conserved	Q934B2_conserved	9.359E-01	9.199E-01	9.199E-01	57.400	54	54	54
D5H463_conserved	Q59397_conserved	9.341E-01	9.181E-01	9.181E-01	51.800	54	54	54
D5H463_conserved	P95524_conserved	9.334E-01	9.175E-01	9.175E-01	55.500	54	54	54
D5H463_conserved	Q5W314_conserved	9.305E-01	9.145E-01	9.145E-01	37.000	54	54	54
D5H463_conserved	D1LUJ3_conserved	9.313E-01	9.154E-01	9.154E-01	53.700	54	54	54
D5H463_conserved	A0A193CHQ8_conserved	9.381E-01	8.895E-01	9.213E-01	53.800	54	52	52
D5H463_conserved	Q2XQ06_conserved	9.375E-01	8.890E-01	9.208E-01	53.800	54	52	52
D5H463_conserved	A0A7Z8DX35_conserved	9.117E-01	8.962E-01	8.962E-01	51.800	54	54	54
D5H463_conserved	Q8VVN6_conserved	9.325E-01	8.844E-01	8.999E-01	58.400	54	53	53
D5H463_conserved	Q79PC3_conserved	9.032E-01	8.576E-01	8.874E-01	36.300	54	55	52
D5H463_conserved	K4EJH1_conserved	8.545E-01	7.862E-01	8.259E-01	47.100	54	53	51
D5H463_conserved	Q8GCW7_conserved	8.244E-01	7.857E-01	7.982E-01	35.800	54	53	53
P0C0P1_conserved	P0C0P1_conserved	1.019E+00	1.000E+00	1.000E+00	100.000	53	53	53
P0C0P1_conserved	Q4H3Y3_conserved	1.003E+00	9.846E-01	9.667E-01	74.000	53	54	54
P0C0P1_conserved	D5H463_conserved	1.003E+00	9.840E-01	9.661E-01	72.200	53	54	54
P0C0P1_conserved	Q79CE5_conserved	1.002E+00	9.839E-01	9.660E-01	74.000	53	54	54
P0C0P1_conserved	P12833_conserved	9.943E-01	9.761E-01	9.585E-01	75.900	53	54	54
P0C0P1_conserved	E6BTZ6_conserved	9.823E-01	9.644E-01	9.471E-01	70.300	53	54	54
P0C0P1_conserved	A0A218N469_conserved	9.887E-01	9.526E-01	9.526E-01	71.600	53	53	53
P0C0P1_conserved	A4IUE2_conserved	9.822E-01	9.644E-01	9.307E-01	70.300	53	54	55
P0C0P1_conserved	A0A7G8Z9Q0_conserved	9.637E-01	9.463E-01	9.295E-01	68.500	53	54	54
P0C0P1_conserved	A0A6M3GZS6_conserved	9.712E-01	9.359E-01	9.191E-01	60.300	53	53	54
P0C0P1_conserved	B0BKZ8_conserved	9.708E-01	9.356E-01	9.190E-01	56.600	53	53	54
P0C0P1_conserved	U5NMJ1_conserved	9.695E-01	9.344E-01	9.178E-01	54.700	53	53	54
P0C0P1_conserved	A0A0M2AT09_conserved	9.690E-01	9.345E-01	9.345E-01	73.500	53	53	53
P0C0P1_conserved	Q7BPB0_conserved	9.667E-01	9.318E-01	9.153E-01	52.800	53	53	54
P0C0P1_conserved	Q9ZIF9_conserved	9.603E-01	9.259E-01	9.259E-01	66.000	53	53	53
P0C0P1_conserved	K4EK33_conserved	9.501E-01	9.331E-01	9.167E-01	66.600	53	54	54
P0C0P1_conserved	Q6A328_conserved	9.422E-01	9.256E-01	9.096E-01	68.500	53	54	54
P0C0P1_conserved	Q8VVE6_conserved	9.579E-01	9.240E-01	9.079E-01	39.600	53	53	54
P0C0P1_conserved	Q5W314_conserved	9.389E-01	9.224E-01	9.064E-01	42.500	53	54	54
P0C0P1_conserved	A0A7I8NPH7_conserved	9.576E-01	9.235E-01	8.918E-01	71.600	53	53	55
P0C0P1_conserved	Q59397_conserved	9.369E-01	9.205E-01	9.046E-01	57.400	53	54	54
P0C0P1_conserved	Q689B1_conserved	9.375E-01	9.211E-01	9.053E-01	51.800	53	54	54
P0C0P1_conserved	A0A4P6VV23_conserved	9.364E-01	9.200E-01	9.042E-01	53.700	53	54	54
P0C0P1_conserved	B2ZPD3_conserved	9.360E-01	9.196E-01	9.039E-01	48.100	53	54	54
P0C0P1_conserved	Q7X0I6_conserved	9.356E-01	9.193E-01	9.035E-01	55.500	53	54	54
P0C0P1_conserved	V5RSE8_conserved	9.358E-01	9.194E-01	9.037E-01	53.700	53	54	54
P0C0P1_conserved	Q5QQ10_conserved	9.357E-01	9.193E-01	9.036E-01	51.800	53	54	54
P0C0P1_conserved	F8T8W2_conserved	9.353E-01	9.190E-01	9.032E-01	51.800	53	54	54
P0C0P1_conserved	Q0QMM1_conserved	9.351E-01	9.188E-01	9.030E-01	51.800	53	54	54
P0C0P1_conserved	B0FND5_conserved	9.354E-01	9.191E-01	9.034E-01	51.800	53	54	54
P0C0P1_conserved	B2RGD3_conserved	9.350E-01	9.187E-01	9.030E-01	51.800	53	54	54
P0C0P1_conserved	B7VEQ0_conserved	9.348E-01	9.185E-01	9.027E-01	48.100	53	54	54
P0C0P1_conserved	Q59408_conserved	9.462E-01	9.128E-01	8.969E-01	54.700	53	53	54
P0C0P1_conserved	Q5H760_conserved	9.333E-01	9.170E-01	9.013E-01	51.800	53	54	54
P0C0P1_conserved	Q934B2_conserved	9.331E-01	9.168E-01	9.011E-01	53.700	53	54	54
P0C0P1_conserved	D1LUJ3_conserved	9.334E-01	9.171E-01	9.015E-01	53.700	53	54	54
P0C0P1_conserved	D0QXI5_conserved	9.304E-01	9.143E-01	8.987E-01	51.800	53	54	54
P0C0P1_conserved	P95524_conserved	9.300E-01	9.139E-01	8.983E-01	51.800	53	54	54
P0C0P1_conserved	A0A193CHQ8_conserved	9.345E-01	8.856E-01	9.013E-01	50.000	53	52	52
P0C0P1_conserved	Q8VVN6_conserved	9.243E-01	8.919E-01	8.919E-01	62.200	53	53	53
P0C0P1_conserved	Q2XQ06_conserved	9.340E-01	8.851E-01	9.009E-01	50.000	53	52	52
P0C0P1_conserved	A0A7Z8DX35_conserved	9.081E-01	8.924E-01	8.772E-01	53.700	53	54	54
P0C0P1_conserved	Q79PC3_conserved	8.892E-01	8.587E-01	8.737E-01	45.400	53	55	52
P0C0P1_conserved	K4EJH1_conserved	8.355E-01	7.817E-01	8.077E-01	43.300	53	53	51
P0C0P1_conserved	Q8GCW7_conserved	8.330E-01	7.929E-01	7.929E-01	49.000	53	53	53
P95524_conserved	P95524_conserved	1.019E+00	1.000E+00	1.000E+00	100.000	54	54	54
P95524_conserved	B7VEQ0_conserved	1.015E+00	9.966E-01	9.966E-01	90.700	54	54	54
P95524_conserved	Q5H760_conserved	1.015E+00	9.962E-01	9.962E-01	100.000	54	54	54
P95524_conserved	B2ZPD3_conserved	1.015E+00	9.958E-01	9.958E-01	90.700	54	54	54
P95524_conserved	B2RGD3_conserved	1.014E+00	9.955E-01	9.955E-01	98.100	54	54	54
P95524_conserved	Q0QMM1_conserved	1.014E+00	9.952E-01	9.952E-01	98.100	54	54	54
P95524_conserved	D0QXI5_conserved	1.014E+00	9.952E-01	9.952E-01	98.100	54	54	54
P95524_conserved	F8T8W2_conserved	1.014E+00	9.951E-01	9.951E-01	98.100	54	54	54
P95524_conserved	Q5QQ10_conserved	1.012E+00	9.933E-01	9.933E-01	98.100	54	54	54
P95524_conserved	Q689B1_conserved	1.011E+00	9.929E-01	9.929E-01	88.800	54	54	54
P95524_conserved	A0A4P6VV23_conserved	1.011E+00	9.923E-01	9.923E-01	96.200	54	54	54
P95524_conserved	B0FND5_conserved	1.010E+00	9.914E-01	9.914E-01	90.700	54	54	54
P95524_conserved	Q7X0I6_conserved	1.009E+00	9.908E-01	9.908E-01	94.400	54	54	54
P95524_conserved	Q934B2_conserved	1.009E+00	9.908E-01	9.908E-01	94.400	54	54	54
P95524_conserved	V5RSE8_conserved	1.009E+00	9.906E-01	9.906E-01	96.200	54	54	54
P95524_conserved	D1LUJ3_conserved	1.008E+00	9.895E-01	9.895E-01	87.000	54	54	54
P95524_conserved	Q2XQ06_conserved	1.012E+00	9.559E-01	9.923E-01	96.100	54	52	52
P95524_conserved	A0A193CHQ8_conserved	1.011E+00	9.557E-01	9.921E-01	96.100	54	52	52
P95524_conserved	A0A6M3GZS6_conserved	9.602E-01	9.267E-01	9.267E-01	71.600	54	53	54
P95524_conserved	P12833_conserved	9.458E-01	9.295E-01	9.295E-01	62.900	54	54	54
P95524_conserved	Q7BPB0_conserved	9.587E-01	9.253E-01	9.253E-01	69.800	54	53	54
P95524_conserved	Q59397_conserved	9.433E-01	9.270E-01	9.270E-01	48.100	54	54	54
P95524_conserved	E6BTZ6_conserved	9.389E-01	9.227E-01	9.227E-01	53.700	54	54	54
P95524_conserved	A0A218N469_conserved	9.443E-01	9.115E-01	9.276E-01	52.800	54	53	53
P95524_conserved	B0BKZ8_conserved	9.513E-01	9.184E-01	9.184E-01	67.900	54	53	54
P95524_conserved	Q9ZIF9_conserved	9.486E-01	9.160E-01	9.320E-01	56.600	54	53	53
P95524_conserved	Q79CE5_conserved	9.368E-01	9.208E-01	9.208E-01	55.500	54	54	54
P95524_conserved	Q4H3Y3_conserved	9.353E-01	9.193E-01	9.193E-01	57.400	54	54	54
P95524_conserved	U5NMJ1_conserved	9.482E-01	9.155E-01	9.155E-01	66.000	54	53	54
P95524_conserved	D5H463_conserved	9.334E-01	9.175E-01	9.175E-01	55.500	54	54	54
P95524_conserved	K4EK33_conserved	9.264E-01	9.106E-01	9.106E-01	46.200	54	54	54
P95524_conserved	P0C0P1_conserved	9.300E-01	8.983E-01	9.139E-01	51.800	54	54	53
P95524_conserved	Q59408_conserved	9.313E-01	8.996E-01	8.996E-01	64.100	54	53	54
P95524_conserved	A4IUE2_conserved	9.262E-01	9.106E-01	8.956E-01	51.800	54	54	55
P95524_conserved	A0A7I8NPH7_conserved	9.240E-01	8.926E-01	8.777E-01	50.900	54	53	55
P95524_conserved	A0A7Z8DX35_conserved	9.035E-01	8.884E-01	8.884E-01	51.800	54	54	54
P95524_conserved	A0A7G8Z9Q0_conserved	9.030E-01	8.880E-01	8.880E-01	51.800	54	54	54
P95524_conserved	Q8VVN6_conserved	9.159E-01	8.694E-01	8.844E-01	50.900	54	53	53
P95524_conserved	A0A0M2AT09_conserved	9.016E-01	8.718E-01	8.864E-01	49.000	54	53	53
P95524_conserved	Q5W314_conserved	8.916E-01	8.769E-01	8.769E-01	41.800	54	55	54
P95524_conserved	Q8VVE6_conserved	9.070E-01	8.770E-01	8.770E-01	39.600	54	53	54
P95524_conserved	Q79PC3_conserved	8.964E-01	8.513E-01	8.808E-01	40.000	54	55	52
P95524_conserved	Q6A328_conserved	8.825E-01	8.680E-01	8.680E-01	48.100	54	54	54
P95524_conserved	K4EJH1_conserved	8.877E-01	8.152E-01	8.573E-01	35.800	54	53	51
P95524_conserved	Q8GCW7_conserved	8.128E-01	7.746E-01	7.870E-01	38.400	54	52	53
Q2XQ06_conserved	Q2XQ06_conserved	1.020E+00	1.000E+00	1.000E+00	100.000	52	52	52
Q2XQ06_conserved	A0A193CHQ8_conserved	1.020E+00	9.999E-01	9.999E-01	100.000	52	52	52
Q2XQ06_conserved	B2RGD3_conserved	1.018E+00	9.983E-01	9.614E-01	98.000	52	52	54
Q2XQ06_conserved	F8T8W2_conserved	1.018E+00	9.981E-01	9.612E-01	98.000	52	52	54
Q2XQ06_conserved	Q0QMM1_conserved	1.018E+00	9.980E-01	9.611E-01	98.000	52	52	54
Q2XQ06_conserved	Q934B2_conserved	1.016E+00	9.970E-01	9.602E-01	94.200	52	52	54
Q2XQ06_conserved	Q5QQ10_conserved	1.016E+00	9.968E-01	9.600E-01	98.000	52	52	54
Q2XQ06_conserved	A0A4P6VV23_conserved	1.016E+00	9.964E-01	9.597E-01	96.100	52	52	54
Q2XQ06_conserved	B2ZPD3_conserved	1.015E+00	9.960E-01	9.593E-01	90.300	52	52	54
Q2XQ06_conserved	V5RSE8_conserved	1.015E+00	9.960E-01	9.593E-01	96.100	52	52	54
Q2XQ06_conserved	Q689B1_conserved	1.015E+00	9.958E-01	9.591E-01	88.400	52	52	54
Q2XQ06_conserved	D0QXI5_conserved	1.015E+00	9.958E-01	9.591E-01	96.100	52	52	54
Q2XQ06_conserved	Q5H760_conserved	1.014E+00	9.950E-01	9.584E-01	96.100	52	52	54
Q2XQ06_conserved	B7VEQ0_conserved	1.014E+00	9.949E-01	9.582E-01	90.300	52	52	54
Q2XQ06_conserved	B0FND5_conserved	1.014E+00	9.942E-01	9.576E-01	90.300	52	52	54
Q2XQ06_conserved	Q7X0I6_conserved	1.013E+00	9.940E-01	9.575E-01	94.200	52	52	54
Q2XQ06_conserved	P95524_conserved	1.012E+00	9.923E-01	9.559E-01	96.100	52	52	54
Q2XQ06_conserved	D1LUJ3_conserved	1.009E+00	9.902E-01	9.539E-01	86.500	52	52	54
Q2XQ06_conserved	A0A6M3GZS6_conserved	9.627E-01	9.452E-01	9.122E-01	73.000	52	52	54
Q2XQ06_conserved	Q7BPB0_conserved	9.599E-01	9.425E-01	9.096E-01	73.000	52	52	54
Q2XQ06_conserved	B0BKZ8_conserved	9.571E-01	9.398E-01	9.071E-01	71.100	52	52	54
Q2XQ06_conserved	A0A218N469_conserved	9.453E-01	9.283E-01	9.119E-01	51.900	52	52	53
Q2XQ06_conserved	U5NMJ1_conserved	9.537E-01	9.366E-01	9.041E-01	69.200	52	52	54
Q2XQ06_conserved	Q59397_conserved	9.514E-01	9.343E-01	9.018E-01	48.000	52	52	54
Q2XQ06_conserved	Q9ZIF9_conserved	9.468E-01	9.300E-01	9.138E-01	57.600	52	52	53
Q2XQ06_conserved	Q79CE5_conserved	9.429E-01	9.260E-01	8.940E-01	53.800	52	52	54
Q2XQ06_conserved	P12833_conserved	9.418E-01	9.249E-01	8.930E-01	61.500	52	52	54
Q2XQ06_conserved	E6BTZ6_conserved	9.393E-01	9.224E-01	8.905E-01	51.900	52	52	54
Q2XQ06_conserved	Q59408_conserved	9.409E-01	9.242E-01	8.925E-01	67.300	52	52	54
Q2XQ06_conserved	D5H463_conserved	9.375E-01	9.208E-01	8.890E-01	53.800	52	52	54
Q2XQ06_conserved	Q4H3Y3_conserved	9.367E-01	9.201E-01	8.884E-01	55.700	52	52	54
Q2XQ06_conserved	P0C0P1_conserved	9.340E-01	9.009E-01	8.851E-01	50.000	52	52	53
Q2XQ06_conserved	K4EK33_conserved	9.235E-01	9.073E-01	8.764E-01	46.100	52	52	54
Q2XQ06_conserved	A0A7I8NPH7_conserved	9.256E-01	9.093E-01	8.636E-01	51.900	52	52	55
Q2XQ06_conserved	A0A7G8Z9Q0_conserved	9.178E-01	9.018E-01	8.714E-01	51.900	52	52	54
Q2XQ06_conserved	A0A7Z8DX35_conserved	9.147E-01	8.987E-01	8.682E-01	53.800	52	52	54
Q2XQ06_conserved	A4IUE2_conserved	9.240E-01	9.079E-01	8.630E-01	51.900	52	52	55
Q2XQ06_conserved	A0A0M2AT09_conserved	9.115E-01	8.957E-01	8.804E-01	50.000	52	52	53
Q2XQ06_conserved	Q8VVN6_conserved	9.129E-01	8.809E-01	8.657E-01	53.800	52	52	53
Q2XQ06_conserved	Q8VVE6_conserved	9.036E-01	8.883E-01	8.591E-01	42.300	52	52	54
Q2XQ06_conserved	Q6A328_conserved	8.973E-01	8.819E-01	8.527E-01	46.100	52	52	54
Q2XQ06_conserved	Q79PC3_conserved	8.986E-01	8.516E-01	8.516E-01	39.600	52	53	52
Q2XQ06_conserved	Q5W314_conserved	8.878E-01	8.728E-01	8.441E-01	43.300	52	53	54
Q2XQ06_conserved	K4EJH1_conserved	8.908E-01	8.303E-01	8.447E-01	34.600	52	52	51
Q2XQ06_conserved	Q8GCW7_conserved	8.312E-01	7.900E-01	7.771E-01	39.200	52	51	53
Q59397_conserved	Q59397_conserved	1.019E+00	1.000E+00	1.000E+00	100.000	54	54	54
Q59397_conserved	A0A218N469_conserved	9.622E-01	9.282E-01	9.449E-01	62.200	54	53	53
Q59397_conserved	E6BTZ6_conserved	9.520E-01	9.354E-01	9.354E-01	53.700	54	54	54
Q59397_conserved	A0A4P6VV23_conserved	9.508E-01	9.343E-01	9.343E-01	50.000	54	54	54
Q59397_conserved	V5RSE8_conserved	9.502E-01	9.336E-01	9.336E-01	50.000	54	54	54
Q59397_conserved	Q7X0I6_conserved	9.500E-01	9.335E-01	9.335E-01	51.800	54	54	54
Q59397_conserved	Q5H760_conserved	9.494E-01	9.329E-01	9.329E-01	48.100	54	54	54
Q59397_conserved	B2RGD3_conserved	9.488E-01	9.323E-01	9.323E-01	48.100	54	54	54
Q59397_conserved	Q934B2_conserved	9.494E-01	9.329E-01	9.329E-01	50.000	54	54	54
Q59397_conserved	D0QXI5_conserved	9.488E-01	9.323E-01	9.323E-01	48.100	54	54	54
Q59397_conserved	Q5QQ10_conserved	9.480E-01	9.316E-01	9.316E-01	48.100	54	54	54
Q59397_conserved	F8T8W2_conserved	9.473E-01	9.308E-01	9.308E-01	48.100	54	54	54
Q59397_conserved	Q689B1_conserved	9.472E-01	9.307E-01	9.307E-01	53.700	54	54	54
Q59397_conserved	Q0QMM1_conserved	9.471E-01	9.306E-01	9.306E-01	48.100	54	54	54
Q59397_conserved	B2ZPD3_conserved	9.467E-01	9.303E-01	9.303E-01	46.200	54	54	54
Q59397_conserved	K4EK33_conserved	9.437E-01	9.273E-01	9.273E-01	61.100	54	54	54
Q59397_conserved	B7VEQ0_conserved	9.451E-01	9.288E-01	9.288E-01	46.200	54	54	54
Q59397_conserved	B0FND5_conserved	9.430E-01	9.267E-01	9.267E-01	51.800	54	54	54
Q59397_conserved	P95524_conserved	9.433E-01	9.270E-01	9.270E-01	48.100	54	54	54
Q59397_conserved	D1LUJ3_conserved	9.432E-01	9.270E-01	9.270E-01	51.800	54	54	54
Q59397_conserved	Q79CE5_conserved	9.406E-01	9.244E-01	9.244E-01	53.700	54	54	54
Q59397_conserved	P12833_conserved	9.383E-01	9.221E-01	9.221E-01	66.600	54	54	54
Q59397_conserved	A0A6M3GZS6_conserved	9.528E-01	9.196E-01	9.196E-01	54.700	54	53	54
Q59397_conserved	A0A193CHQ8_conserved	9.517E-01	9.020E-01	9.346E-01	48.000	54	52	52
Q59397_conserved	Q2XQ06_conserved	9.514E-01	9.018E-01	9.343E-01	48.000	54	52	52
Q59397_conserved	A0A7Z8DX35_conserved	9.374E-01	9.213E-01	9.213E-01	62.900	54	54	54
Q59397_conserved	Q4H3Y3_conserved	9.342E-01	9.182E-01	9.182E-01	51.800	54	54	54
Q59397_conserved	Q9ZIF9_conserved	9.439E-01	9.115E-01	9.274E-01	54.700	54	53	53
Q59397_conserved	D5H463_conserved	9.341E-01	9.181E-01	9.181E-01	51.800	54	54	54
Q59397_conserved	P0C0P1_conserved	9.369E-01	9.046E-01	9.205E-01	57.400	54	54	53
Q59397_conserved	Q7BPB0_conserved	9.469E-01	9.143E-01	9.143E-01	50.900	54	53	54
Q59397_conserved	A4IUE2_conserved	9.367E-01	9.207E-01	9.052E-01	59.200	54	54	55
Q59397_conserved	A0A7I8NPH7_conserved	9.422E-01	9.097E-01	8.943E-01	54.700	54	53	55
Q59397_conserved	B0BKZ8_conserved	9.394E-01	9.073E-01	9.073E-01	52.800	54	53	54
Q59397_conserved	Q8VVN6_conserved	9.406E-01	8.918E-01	9.075E-01	60.300	54	53	53
Q59397_conserved	A0A0M2AT09_conserved	9.299E-01	8.982E-01	9.138E-01	47.100	54	53	53
Q59397_conserved	A0A7G8Z9Q0_conserved	9.208E-01	9.051E-01	9.051E-01	51.800	54	54	54
Q59397_conserved	U5NMJ1_conserved	9.364E-01	9.046E-01	9.046E-01	52.800	54	53	54
Q59397_conserved	Q5W314_conserved	9.157E-01	9.002E-01	9.002E-01	49.000	54	55	54
Q59397_conserved	Q8VVE6_conserved	9.124E-01	8.970E-01	8.970E-01	44.400	54	54	54
Q59397_conserved	Q79PC3_conserved	9.206E-01	8.734E-01	9.043E-01	45.400	54	55	52
Q59397_conserved	Q6A328_conserved	9.089E-01	8.937E-01	8.937E-01	53.700	54	54	54
Q59397_conserved	Q59408_conserved	9.167E-01	8.860E-01	8.860E-01	49.000	54	53	54
Q59397_conserved	K4EJH1_conserved	8.927E-01	8.194E-01	8.619E-01	41.500	54	53	51
Q59397_conserved	Q8GCW7_conserved	8.483E-01	8.072E-01	8.205E-01	50.000	54	52	53
Q5H760_conserved	Q5H760_conserved	1.019E+00	1.000E+00	1.000E+00	100.000	54	54	54
Q5H760_conserved	D0QXI5_conserved	1.018E+00	9.991E-01	9.991E-01	98.100	54	54	54
Q5H760_conserved	B2RGD3_conserved	1.015E+00	9.963E-01	9.963E-01	98.100	54	54	54
Q5H760_conserved	P95524_conserved	1.015E+00	9.962E-01	9.962E-01	100.000	54	54	54
Q5H760_conserved	F8T8W2_conserved	1.015E+00	9.960E-01	9.960E-01	98.100	54	54	54
Q5H760_conserved	Q5QQ10_conserved	1.014E+00	9.958E-01	9.958E-01	98.100	54	54	54
Q5H760_conserved	Q0QMM1_conserved	1.014E+00	9.957E-01	9.957E-01	98.100	54	54	54
Q5H760_conserved	B2ZPD3_conserved	1.014E+00	9.955E-01	9.955E-01	90.700	54	54	54
Q5H760_conserved	A0A4P6VV23_conserved	1.014E+00	9.954E-01	9.954E-01	96.200	54	54	54
Q5H760_conserved	Q689B1_conserved	1.014E+00	9.953E-01	9.953E-01	88.800	54	54	54
Q5H760_conserved	B7VEQ0_conserved	1.014E+00	9.952E-01	9.952E-01	90.700	54	54	54
Q5H760_conserved	Q934B2_conserved	1.014E+00	9.950E-01	9.950E-01	94.400	54	54	54
Q5H760_conserved	V5RSE8_conserved	1.014E+00	9.949E-01	9.949E-01	96.200	54	54	54
Q5H760_conserved	Q7X0I6_conserved	1.013E+00	9.941E-01	9.941E-01	94.400	54	54	54
Q5H760_conserved	B0FND5_conserved	1.012E+00	9.933E-01	9.933E-01	90.700	54	54	54
Q5H760_conserved	D1LUJ3_conserved	1.008E+00	9.899E-01	9.899E-01	87.000	54	54	54
Q5H760_conserved	Q2XQ06_conserved	1.014E+00	9.584E-01	9.950E-01	96.100	54	52	52
Q5H760_conserved	A0A193CHQ8_conserved	1.014E+00	9.581E-01	9.947E-01	96.100	54	52	52
Q5H760_conserved	A0A6M3GZS6_conserved	9.655E-01	9.316E-01	9.316E-01	71.600	54	53	54
Q5H760_conserved	Q59397_conserved	9.494E-01	9.329E-01	9.329E-01	48.100	54	54	54
Q5H760_conserved	Q7BPB0_conserved	9.608E-01	9.272E-01	9.272E-01	69.800	54	53	54
Q5H760_conserved	P12833_conserved	9.445E-01	9.282E-01	9.282E-01	62.900	54	54	54
Q5H760_conserved	E6BTZ6_conserved	9.423E-01	9.259E-01	9.259E-01	53.700	54	54	54
Q5H760_conserved	B0BKZ8_conserved	9.552E-01	9.221E-01	9.221E-01	67.900	54	53	54
Q5H760_conserved	Q79CE5_conserved	9.415E-01	9.253E-01	9.253E-01	55.500	54	54	54
Q5H760_conserved	A0A218N469_conserved	9.461E-01	9.133E-01	9.294E-01	52.800	54	53	53
Q5H760_conserved	Q4H3Y3_conserved	9.380E-01	9.219E-01	9.219E-01	57.400	54	54	54
Q5H760_conserved	U5NMJ1_conserved	9.521E-01	9.192E-01	9.192E-01	66.000	54	53	54
Q5H760_conserved	Q9ZIF9_conserved	9.491E-01	9.165E-01	9.325E-01	56.600	54	53	53
Q5H760_conserved	D5H463_conserved	9.374E-01	9.213E-01	9.213E-01	55.500	54	54	54
Q5H760_conserved	P0C0P1_conserved	9.333E-01	9.013E-01	9.170E-01	51.800	54	54	53
Q5H760_conserved	K4EK33_conserved	9.243E-01	9.086E-01	9.086E-01	46.200	54	54	54
Q5H760_conserved	Q59408_conserved	9.370E-01	9.050E-01	9.050E-01	64.100	54	53	54
Q5H760_conserved	A4IUE2_conserved	9.225E-01	9.071E-01	8.921E-01	51.800	54	54	55
Q5H760_conserved	A0A7I8NPH7_conserved	9.278E-01	8.961E-01	8.810E-01	50.900	54	53	55
Q5H760_conserved	A0A7G8Z9Q0_conserved	9.088E-01	8.936E-01	8.936E-01	51.800	54	54	54
Q5H760_conserved	A0A7Z8DX35_conserved	9.082E-01	8.929E-01	8.929E-01	51.800	54	54	54
Q5H760_conserved	A0A0M2AT09_conserved	9.105E-01	8.801E-01	8.950E-01	49.000	54	53	53
Q5H760_conserved	Q8VVN6_conserved	9.162E-01	8.696E-01	8.846E-01	50.900	54	53	53
Q5H760_conserved	Q79PC3_conserved	9.027E-01	8.571E-01	8.870E-01	40.000	54	55	52
Q5H760_conserved	Q8VVE6_conserved	9.099E-01	8.797E-01	8.797E-01	39.600	54	53	54
Q5H760_conserved	Q5W314_conserved	8.892E-01	8.745E-01	8.745E-01	41.800	54	55	54
Q5H760_conserved	Q6A328_conserved	8.863E-01	8.717E-01	8.717E-01	48.100	54	54	54
Q5H760_conserved	K4EJH1_conserved	8.943E-01	8.207E-01	8.634E-01	35.800	54	53	51
Q5H760_conserved	Q8GCW7_conserved	8.216E-01	7.825E-01	7.951E-01	37.700	54	53	53
Q5W314_conserved	Q5W314_conserved	1.019E+00	1.000E+00	1.000E+00	100.000	54	54	54
Q5W314_conserved	Q8VVE6_conserved	9.507E-01	9.340E-01	9.340E-01	87.000	54	54	54
Q5W314_conserved	P12833_conserved	9.461E-01	9.295E-01	9.295E-01	53.700	54	54	54
Q5W314_conserved	A4IUE2_conserved	9.513E-01	9.346E-01	9.185E-01	40.700	54	54	55
Q5W314_conserved	Q9ZIF9_conserved	9.416E-01	9.089E-01	9.250E-01	44.400	54	54	53
Q5W314_conserved	Q4H3Y3_conserved	9.340E-01	9.179E-01	9.179E-01	37.000	54	54	54
Q5W314_conserved	P0C0P1_conserved	9.389E-01	9.064E-01	9.224E-01	42.500	54	54	53
Q5W314_conserved	A0A218N469_conserved	9.406E-01	9.082E-01	9.241E-01	41.500	54	53	53
Q5W314_conserved	D5H463_conserved	9.305E-01	9.145E-01	9.145E-01	37.000	54	54	54
Q5W314_conserved	K4EK33_conserved	9.252E-01	9.094E-01	9.094E-01	48.100	54	54	54
Q5W314_conserved	A0A6M3GZS6_conserved	9.378E-01	9.053E-01	9.053E-01	46.200	54	54	54
Q5W314_conserved	Q79CE5_conserved	9.259E-01	9.101E-01	9.101E-01	37.000	54	54	54
Q5W314_conserved	B0BKZ8_conserved	9.330E-01	9.009E-01	9.009E-01	42.500	54	54	54
Q5W314_conserved	U5NMJ1_conserved	9.321E-01	9.000E-01	9.000E-01	42.500	54	54	54
Q5W314_conserved	E6BTZ6_conserved	9.193E-01	9.036E-01	9.036E-01	40.700	54	54	54
Q5W314_conserved	Q7BPB0_conserved	9.305E-01	8.985E-01	8.985E-01	42.500	54	54	54
Q5W314_conserved	Q6A328_conserved	9.148E-01	8.992E-01	8.992E-01	48.100	54	54	54
Q5W314_conserved	Q59397_conserved	9.157E-01	9.002E-01	9.002E-01	49.000	54	55	54
Q5W314_conserved	A0A7G8Z9Q0_conserved	9.074E-01	8.922E-01	8.922E-01	40.700	54	54	54
Q5W314_conserved	A0A7I8NPH7_conserved	9.160E-01	8.849E-01	8.702E-01	45.200	54	53	55
Q5W314_conserved	A0A0M2AT09_conserved	9.063E-01	8.759E-01	8.908E-01	41.500	54	53	53
Q5W314_conserved	Q59408_conserved	9.144E-01	8.837E-01	8.837E-01	42.500	54	54	54
Q5W314_conserved	F8T8W2_conserved	8.919E-01	8.771E-01	8.771E-01	43.600	54	55	54
Q5W314_conserved	P95524_conserved	8.916E-01	8.769E-01	8.769E-01	41.800	54	55	54
Q5W314_conserved	B2ZPD3_conserved	8.912E-01	8.765E-01	8.765E-01	45.400	54	55	54
Q5W314_conserved	B2RGD3_conserved	8.912E-01	8.765E-01	8.765E-01	43.600	54	55	54
Q5W314_conserved	Q0QMM1_conserved	8.906E-01	8.759E-01	8.759E-01	43.600	54	55	54
Q5W314_conserved	Q689B1_conserved	8.908E-01	8.761E-01	8.761E-01	47.200	54	55	54
Q5W314_conserved	B7VEQ0_conserved	8.900E-01	8.753E-01	8.753E-01	45.400	54	55	54
Q5W314_conserved	B0FND5_conserved	8.887E-01	8.740E-01	8.740E-01	47.200	54	55	54
Q5W314_conserved	Q5H760_conserved	8.892E-01	8.745E-01	8.745E-01	41.800	54	55	54
Q5W314_conserved	A0A4P6VV23_conserved	8.891E-01	8.744E-01	8.744E-01	41.800	54	55	54
Q5W314_conserved	Q7X0I6_conserved	8.876E-01	8.730E-01	8.730E-01	43.600	54	55	54
Q5W314_conserved	Q5QQ10_conserved	8.858E-01	8.712E-01	8.712E-01	43.600	54	55	54
Q5W314_conserved	D1LUJ3_conserved	8.862E-01	8.716E-01	8.716E-01	45.400	54	55	54
Q5W314_conserved	D0QXI5_conserved	8.860E-01	8.714E-01	8.714E-01	41.800	54	55	54
Q5W314_conserved	Q934B2_conserved	8.856E-01	8.711E-01	8.711E-01	41.800	54	55	54
Q5W314_conserved	V5RSE8_conserved	8.851E-01	8.706E-01	8.706E-01	41.800	54	55	54
Q5W314_conserved	A0A7Z8DX35_conserved	8.813E-01	8.668E-01	8.668E-01	38.100	54	55	54
Q5W314_conserved	Q8VVN6_conserved	8.976E-01	8.529E-01	8.673E-01	45.200	54	53	53
Q5W314_conserved	A0A193CHQ8_conserved	8.883E-01	8.445E-01	8.732E-01	43.300	54	53	52
Q5W314_conserved	Q2XQ06_conserved	8.878E-01	8.441E-01	8.728E-01	43.300	54	53	52
Q5W314_conserved	Q79PC3_conserved	8.744E-01	8.313E-01	8.596E-01	52.700	54	55	52
Q5W314_conserved	K4EJH1_conserved	8.417E-01	7.751E-01	8.138E-01	24.500	54	53	51
Q5W314_conserved	Q8GCW7_conserved	8.115E-01	7.739E-01	7.861E-01	50.000	54	52	53
