Q9X482_conserved	Q9X482_conserved	1.011E+00	1.000E+00	1.000E+00	100.000	90	90	90
Q9X482_conserved	Q9EU43_conserved	1.004E+00	9.929E-01	9.929E-01	97.700	90	90	90
Q9X482_conserved	Q6JE29_conserved	1.011E+00	9.888E-01	9.888E-01	98.800	90	89	90
Q9X482_conserved	E2GLP7_conserved	1.011E+00	9.887E-01	9.887E-01	97.700	90	89	90
Q9X482_conserved	D2K7P0_conserved	1.002E+00	9.905E-01	9.905E-01	96.600	90	90	90
Q9X482_conserved	Q9F921_conserved	9.987E-01	9.877E-01	9.877E-01	93.300	90	90	90
Q9X482_conserved	Q8VT48_conserved	1.008E+00	9.855E-01	9.855E-01	94.300	90	89	90
Q9X482_conserved	Q9ETN2_conserved	1.007E+00	9.849E-01	9.849E-01	94.300	90	89	90
Q9X482_conserved	Q08I33_conserved	1.007E+00	9.844E-01	9.844E-01	98.800	90	89	90
Q9X482_conserved	D2KCJ9_conserved	9.948E-01	9.838E-01	9.838E-01	95.500	90	90	90
Q9X482_conserved	A0A0N9HJI8_conserved	1.001E+00	9.788E-01	9.788E-01	86.500	90	89	90
Q9X482_conserved	Q8GQK7_conserved	1.001E+00	9.787E-01	9.787E-01	86.500	90	89	90
Q9X482_conserved	A0A077EG89_conserved	9.855E-01	9.640E-01	9.640E-01	67.400	90	89	90
Q9X482_conserved	Q8GPN1_conserved	9.857E-01	9.643E-01	9.643E-01	67.400	90	89	90
Q9X482_conserved	AF-A0A844TY23-F1-model_v4_conserved	9.850E-01	9.636E-01	9.636E-01	69.600	90	89	90
Q9X482_conserved	A0A0H3YDR5_conserved	9.847E-01	9.633E-01	9.633E-01	69.600	90	89	90
Q9X482_conserved	Q8GPN2_conserved	9.845E-01	9.631E-01	9.631E-01	70.700	90	89	90
Q9X482_conserved	AF-A0A191Z3S9-F1-model_v4_conserved	9.841E-01	9.627E-01	9.627E-01	64.000	90	89	90
Q9X482_conserved	AF-Q9RB01-F1-model_v4_conserved	9.831E-01	9.617E-01	9.617E-01	66.200	90	89	90
Q9X482_conserved	A0A0C5L398_conserved	9.830E-01	9.616E-01	9.616E-01	67.400	90	89	90
Q9X482_conserved	Q8RMB8_conserved	9.782E-01	9.571E-01	9.571E-01	66.200	90	89	90
Q9X482_conserved	Q53BU0_conserved	9.731E-01	9.521E-01	9.521E-01	54.400	90	90	90
Q9X482_conserved	A0A2R4PHC7_conserved	9.719E-01	9.511E-01	9.511E-01	57.300	90	89	90
Q9X482_conserved	Q53BU1_conserved	9.704E-01	9.496E-01	9.496E-01	57.700	90	90	90
Q9X482_conserved	AF-A0A1L6K5Y5-F1-model_v4_conserved	9.686E-01	9.478E-01	9.478E-01	51.600	90	89	90
Q9X482_conserved	AF-I0KEZ6-F1-model_v4_conserved	9.696E-01	9.488E-01	9.488E-01	52.800	90	89	90
Q9X482_conserved	AF-A0A6M4NN58-F1-model_v4_conserved	9.717E-01	9.508E-01	9.407E-01	57.700	90	90	91
Q9X482_conserved	Q6SPY5_conserved	9.667E-01	9.460E-01	9.460E-01	51.600	90	89	90
Q9X482_conserved	A0A650AXL4_conserved	9.694E-01	9.487E-01	9.386E-01	56.600	90	90	91
Q9X482_conserved	P14488_conserved	9.654E-01	9.448E-01	9.448E-01	51.600	90	89	90
Q9X482_conserved	AF-A0A1L6K5Z3-F1-model_v4_conserved	9.631E-01	9.425E-01	9.425E-01	49.400	90	89	90
Q9X482_conserved	SHD-1_conserved	9.624E-01	9.418E-01	9.319E-01	52.200	90	90	91
Q9X482_conserved	AF-A0A7Y3W177-F1-model_v4_conserved	9.620E-01	9.415E-01	9.315E-01	48.800	90	90	91
Q9X482_conserved	L7X1X1_conserved	9.623E-01	9.418E-01	9.319E-01	54.400	90	90	91
Q9X482_conserved	Q704V1_conserved	9.530E-01	9.429E-01	9.330E-01	47.200	90	91	91
Q9X482_conserved	AF-C5BSS3-F1-model_v4_conserved	9.608E-01	9.404E-01	9.305E-01	52.200	90	90	91
Q9X482_conserved	AF-A0A4Y8LBX5-F1-model_v4_conserved	9.600E-01	9.396E-01	9.297E-01	51.100	90	90	91
Q9X482_conserved	Q3YBY0_conserved	9.569E-01	9.366E-01	9.366E-01	43.800	90	89	90
Q9X482_conserved	Q840P9_conserved	9.568E-01	9.365E-01	9.365E-01	44.900	90	89	90
Q9X482_conserved	E5G503_conserved	9.567E-01	9.364E-01	9.364E-01	43.800	90	89	90
Q9X482_conserved	Q8GKX2_conserved	9.565E-01	9.363E-01	9.363E-01	43.800	90	89	90
Q9X482_conserved	AF-Q12JE6-F1-model_v4_conserved	9.597E-01	9.393E-01	9.294E-01	53.300	90	90	91
Q9X482_conserved	Q9XAY4_conserved	9.564E-01	9.361E-01	9.361E-01	43.800	90	89	90
Q9X482_conserved	A7WPA3_conserved	9.564E-01	9.361E-01	9.361E-01	42.600	90	89	90
Q9X482_conserved	Q2HY42_conserved	9.562E-01	9.360E-01	9.360E-01	43.800	90	89	90
Q9X482_conserved	B4YAJ7_conserved	9.561E-01	9.359E-01	9.359E-01	42.600	90	89	90
Q9X482_conserved	I3RJZ3_conserved	9.561E-01	9.358E-01	9.358E-01	42.600	90	89	90
Q9X482_conserved	Q9F629_conserved	9.555E-01	9.353E-01	9.353E-01	42.600	90	89	90
Q9X482_conserved	P25910_conserved	9.582E-01	9.379E-01	9.280E-01	46.600	90	90	91
Q9X482_conserved	ALI-2_conserved	9.570E-01	9.367E-01	9.269E-01	51.100	90	90	91
Q9X482_conserved	L0N4W6_conserved	9.569E-01	9.366E-01	9.268E-01	51.100	90	90	91
Q9X482_conserved	ALI-1_conserved	9.556E-01	9.353E-01	9.255E-01	47.700	90	90	91
Q9X482_conserved	STA-1_conserved	9.542E-01	9.340E-01	9.242E-01	53.300	90	90	91
Q9X482_conserved	ANA-1_conserved	9.542E-01	9.340E-01	9.242E-01	48.800	90	90	91
Q9X482_conserved	A8R403_conserved	9.532E-01	9.330E-01	9.232E-01	51.100	90	90	91
Q9X482_conserved	A0A161H7D8_conserved	9.522E-01	9.320E-01	9.223E-01	45.500	90	90	91
Q9X482_conserved	A0A097J9I0_conserved	9.412E-01	9.313E-01	9.216E-01	47.200	90	91	91
Q9X482_conserved	S5WLJ9_conserved	9.424E-01	9.325E-01	9.228E-01	46.100	90	91	91
Q9X482_conserved	K7SA42_conserved	9.517E-01	9.316E-01	9.219E-01	41.100	90	90	91
Q9X482_conserved	I7CP04_conserved	9.410E-01	9.311E-01	9.215E-01	46.100	90	91	91
Q9X482_conserved	Q1A2Z1_conserved	9.400E-01	9.301E-01	9.205E-01	47.200	90	91	91
Q9X482_conserved	Q70E85_conserved	9.408E-01	9.310E-01	9.213E-01	47.200	90	91	91
Q9X482_conserved	Q8VLM7_conserved	9.394E-01	9.296E-01	9.199E-01	47.200	90	91	91
Q9X482_conserved	A8QUY6_conserved	9.386E-01	9.288E-01	9.191E-01	46.100	90	91	91
Q9X482_conserved	A0A0H4IUK3_conserved	9.479E-01	9.279E-01	9.182E-01	45.500	90	90	91
Q9X482_conserved	F8UQX1_conserved	9.394E-01	9.295E-01	9.198E-01	47.200	90	91	91
Q9X482_conserved	Q8GIW8_conserved	9.475E-01	9.276E-01	9.179E-01	46.600	90	90	91
Q9X482_conserved	B0FWK3_conserved	9.476E-01	9.276E-01	9.179E-01	47.700	90	90	91
Q9X482_conserved	F5ANL2_conserved	9.379E-01	9.280E-01	9.184E-01	48.300	90	91	91
Q9X482_conserved	G4WB26_conserved	9.379E-01	9.281E-01	9.184E-01	48.300	90	91	91
Q9X482_conserved	Q53CM3_conserved	9.379E-01	9.280E-01	9.184E-01	47.200	90	91	91
Q9X482_conserved	A0A0D5ZZW5_conserved	9.467E-01	9.268E-01	9.172E-01	48.800	90	90	91
Q9X482_conserved	B2ZTD9_conserved	9.464E-01	9.265E-01	9.168E-01	45.500	90	90	91
Q9X482_conserved	Q9F6Z8_conserved	9.467E-01	9.267E-01	9.171E-01	45.500	90	90	91
Q9X482_conserved	A0A0S2MTX2_conserved	9.465E-01	9.266E-01	9.170E-01	44.400	90	90	91
Q9X482_conserved	G9JKG5_conserved	9.381E-01	9.283E-01	9.186E-01	46.100	90	91	91
Q9X482_conserved	AF-A0A1B2F003-F1-model_v4_conserved	9.456E-01	9.257E-01	9.160E-01	50.000	90	90	91
Q9X482_conserved	Q79MP6_conserved	9.457E-01	9.258E-01	9.162E-01	45.500	90	90	91
Q9X482_conserved	Q9AHY6_conserved	9.457E-01	9.258E-01	9.161E-01	47.700	90	90	91
Q9X482_conserved	Q7WYA8_conserved	9.449E-01	9.251E-01	9.154E-01	44.400	90	90	91
Q9X482_conserved	AF-Q1DF71-F1-model_v4_conserved	9.435E-01	9.237E-01	9.141E-01	46.600	90	90	91
Q9X482_conserved	SPS-1_conserved	9.367E-01	9.172E-01	9.269E-01	40.400	90	89	89
Q9X482_conserved	AF-G0L217-F1-model_v4_conserved	9.361E-01	9.164E-01	9.164E-01	47.700	90	90	90
Q9X482_conserved	AF-A0A7U3MVS9-F1-model_v4_conserved	9.390E-01	9.194E-01	9.194E-01	44.900	90	89	90
Q9X482_conserved	ORR-1_conserved	9.359E-01	9.163E-01	9.163E-01	47.700	90	90	90
Q9X482_conserved	ECV-1_conserved	9.345E-01	9.149E-01	9.149E-01	50.000	90	90	90
Q9X482_conserved	AF-A0A3G5BD68-F1-model_v4_conserved	9.411E-01	9.214E-01	9.119E-01	37.700	90	90	91
Q9X482_conserved	A0A1Z3FWF5_conserved	9.406E-01	9.210E-01	9.115E-01	37.700	90	90	91
Q9X482_conserved	A0A3G3C0Q6_conserved	9.405E-01	9.209E-01	9.114E-01	37.700	90	90	91
Q9X482_conserved	AF-A0A8E7DAJ6-F1-model_v6_conserved	9.404E-01	9.208E-01	9.113E-01	38.800	90	90	91
Q9X482_conserved	A0A1P8VH15_conserved	9.403E-01	9.207E-01	9.112E-01	37.700	90	90	91
Q9X482_conserved	S5ZIP8_conserved	9.403E-01	9.207E-01	9.112E-01	37.700	90	90	91
Q9X482_conserved	A0A1P8C735_conserved	9.402E-01	9.206E-01	9.111E-01	38.800	90	90	91
Q9X482_conserved	A0A0B5ECY2_conserved	9.401E-01	9.205E-01	9.110E-01	37.700	90	90	91
Q9X482_conserved	AF-A0A7T8ZCD9-F1-model_v4_conserved	9.324E-01	9.129E-01	9.129E-01	50.000	90	90	90
Q9X482_conserved	AF-A0A6B7ELH8-F1-model_v4_conserved	9.298E-01	9.104E-01	9.104E-01	48.800	90	90	90
Q9X482_conserved	Q8G9Q0_conserved	9.307E-01	9.114E-01	9.114E-01	43.800	90	89	90
Q9X482_conserved	AF-A0A0U3H0V9-F1-model_v4_conserved	9.236E-01	9.044E-01	9.139E-01	48.800	90	90	89
Q9X482_conserved	BMHC-1_conserved	9.277E-01	9.083E-01	9.083E-01	45.500	90	90	90
STA-1_conserved	STA-1_conserved	1.011E+00	1.000E+00	1.000E+00	100.000	91	91	91
STA-1_conserved	AF-Q1DF71-F1-model_v4_conserved	9.970E-01	9.753E-01	9.753E-01	74.400	91	90	91
STA-1_conserved	Q53BU1_conserved	9.897E-01	9.684E-01	9.789E-01	56.600	91	90	90
STA-1_conserved	Q53BU0_conserved	9.888E-01	9.675E-01	9.781E-01	54.400	91	90	90
STA-1_conserved	AF-C5BSS3-F1-model_v4_conserved	9.892E-01	9.679E-01	9.679E-01	56.600	91	90	91
STA-1_conserved	AF-Q12JE6-F1-model_v4_conserved	9.886E-01	9.674E-01	9.674E-01	58.800	91	90	91
STA-1_conserved	Q704V1_conserved	9.885E-01	9.672E-01	9.672E-01	53.300	91	90	91
STA-1_conserved	AF-A0A7Y3W177-F1-model_v4_conserved	9.880E-01	9.668E-01	9.668E-01	61.100	91	90	91
STA-1_conserved	AF-A0A4Y8LBX5-F1-model_v4_conserved	9.876E-01	9.663E-01	9.663E-01	65.500	91	90	91
STA-1_conserved	SHD-1_conserved	9.873E-01	9.661E-01	9.661E-01	60.000	91	90	91
STA-1_conserved	AF-A0A1L6K5Y5-F1-model_v4_conserved	9.901E-01	9.581E-01	9.686E-01	67.700	91	90	90
STA-1_conserved	L0N4W6_conserved	9.860E-01	9.648E-01	9.648E-01	52.200	91	90	91
STA-1_conserved	AF-A0A1L6K5Z3-F1-model_v4_conserved	9.895E-01	9.575E-01	9.679E-01	58.800	91	90	90
STA-1_conserved	L7X1X1_conserved	9.850E-01	9.639E-01	9.639E-01	57.700	91	90	91
STA-1_conserved	K7SA42_conserved	9.843E-01	9.632E-01	9.632E-01	50.000	91	90	91
STA-1_conserved	ECV-1_conserved	9.880E-01	9.561E-01	9.665E-01	52.200	91	90	90
STA-1_conserved	AF-G0L217-F1-model_v4_conserved	9.877E-01	9.559E-01	9.662E-01	45.500	91	90	90
STA-1_conserved	A0A650AXL4_conserved	9.831E-01	9.621E-01	9.621E-01	56.600	91	90	91
STA-1_conserved	P25910_conserved	9.823E-01	9.613E-01	9.613E-01	58.800	91	90	91
STA-1_conserved	ANA-1_conserved	9.811E-01	9.601E-01	9.601E-01	53.300	91	90	91
STA-1_conserved	AF-A0A6M4NN58-F1-model_v4_conserved	9.805E-01	9.596E-01	9.596E-01	54.400	91	90	91
STA-1_conserved	A8R403_conserved	9.802E-01	9.593E-01	9.593E-01	60.000	91	90	91
STA-1_conserved	AF-A0A3G5BD68-F1-model_v4_conserved	9.806E-01	9.596E-01	9.596E-01	50.000	91	90	91
STA-1_conserved	A0A3G3C0Q6_conserved	9.801E-01	9.591E-01	9.591E-01	50.000	91	90	91
STA-1_conserved	A0A1Z3FWF5_conserved	9.800E-01	9.591E-01	9.591E-01	50.000	91	90	91
STA-1_conserved	BMHC-1_conserved	9.837E-01	9.521E-01	9.624E-01	46.600	91	90	90
STA-1_conserved	AF-A0A8E7DAJ6-F1-model_v6_conserved	9.797E-01	9.588E-01	9.588E-01	51.100	91	90	91
STA-1_conserved	A0A1P8C735_conserved	9.797E-01	9.588E-01	9.588E-01	51.100	91	90	91
STA-1_conserved	A0A0B5ECY2_conserved	9.796E-01	9.587E-01	9.587E-01	50.000	91	90	91
STA-1_conserved	S5ZIP8_conserved	9.795E-01	9.586E-01	9.586E-01	50.000	91	90	91
STA-1_conserved	AF-A0A6B7ELH8-F1-model_v4_conserved	9.832E-01	9.516E-01	9.619E-01	51.100	91	90	90
STA-1_conserved	A0A1P8VH15_conserved	9.793E-01	9.584E-01	9.584E-01	50.000	91	90	91
STA-1_conserved	A0A161H7D8_conserved	9.784E-01	9.575E-01	9.575E-01	54.400	91	90	91
STA-1_conserved	B0FWK3_conserved	9.768E-01	9.560E-01	9.560E-01	57.700	91	90	91
STA-1_conserved	Q8GIW8_conserved	9.767E-01	9.559E-01	9.559E-01	56.600	91	90	91
STA-1_conserved	A0A0D5ZZW5_conserved	9.766E-01	9.558E-01	9.558E-01	55.500	91	90	91
STA-1_conserved	G4WB26_conserved	9.763E-01	9.555E-01	9.555E-01	54.400	91	90	91
STA-1_conserved	F8UQX1_conserved	9.763E-01	9.555E-01	9.555E-01	54.400	91	90	91
STA-1_conserved	Q6SPY5_conserved	9.802E-01	9.488E-01	9.590E-01	60.000	91	90	90
STA-1_conserved	B2ZTD9_conserved	9.760E-01	9.552E-01	9.552E-01	54.400	91	90	91
STA-1_conserved	P14488_conserved	9.801E-01	9.487E-01	9.589E-01	63.300	91	90	90
STA-1_conserved	Q53CM3_conserved	9.759E-01	9.551E-01	9.551E-01	53.300	91	90	91
STA-1_conserved	AF-A0A7T8ZCD9-F1-model_v4_conserved	9.804E-01	9.490E-01	9.593E-01	48.800	91	90	90
STA-1_conserved	Q8VLM7_conserved	9.757E-01	9.550E-01	9.550E-01	55.500	91	90	91
STA-1_conserved	Q70E85_conserved	9.757E-01	9.549E-01	9.549E-01	54.400	91	90	91
STA-1_conserved	Q9AHY6_conserved	9.756E-01	9.548E-01	9.548E-01	54.400	91	90	91
STA-1_conserved	S5WLJ9_conserved	9.755E-01	9.547E-01	9.547E-01	51.100	91	90	91
STA-1_conserved	I7CP04_conserved	9.755E-01	9.547E-01	9.547E-01	51.100	91	90	91
STA-1_conserved	F5ANL2_conserved	9.754E-01	9.546E-01	9.546E-01	54.400	91	90	91
STA-1_conserved	Q9F6Z8_conserved	9.754E-01	9.546E-01	9.546E-01	54.400	91	90	91
STA-1_conserved	Q79MP6_conserved	9.751E-01	9.543E-01	9.543E-01	54.400	91	90	91
STA-1_conserved	Q1A2Z1_conserved	9.750E-01	9.543E-01	9.543E-01	56.600	91	90	91
STA-1_conserved	Q7WYA8_conserved	9.749E-01	9.542E-01	9.542E-01	53.300	91	90	91
STA-1_conserved	A8QUY6_conserved	9.746E-01	9.539E-01	9.539E-01	54.400	91	90	91
STA-1_conserved	ALI-1_conserved	9.722E-01	9.514E-01	9.514E-01	52.700	91	91	91
STA-1_conserved	A0A0S2MTX2_conserved	9.744E-01	9.537E-01	9.537E-01	52.200	91	90	91
STA-1_conserved	G9JKG5_conserved	9.745E-01	9.537E-01	9.537E-01	54.400	91	90	91
STA-1_conserved	A0A0H4IUK3_conserved	9.742E-01	9.534E-01	9.534E-01	54.400	91	90	91
STA-1_conserved	AF-I0KEZ6-F1-model_v4_conserved	9.785E-01	9.472E-01	9.574E-01	55.500	91	90	90
STA-1_conserved	ALI-2_conserved	9.716E-01	9.509E-01	9.509E-01	54.900	91	91	91
STA-1_conserved	A0A097J9I0_conserved	9.734E-01	9.527E-01	9.527E-01	52.200	91	90	91
STA-1_conserved	ORR-1_conserved	9.776E-01	9.464E-01	9.565E-01	48.800	91	90	90
STA-1_conserved	AF-A0A1B2F003-F1-model_v4_conserved	9.729E-01	9.522E-01	9.522E-01	52.200	91	90	91
STA-1_conserved	A0A0C5L398_conserved	9.769E-01	9.457E-01	9.558E-01	52.200	91	90	90
STA-1_conserved	AF-A0A0U3H0V9-F1-model_v4_conserved	9.686E-01	9.377E-01	9.581E-01	47.700	91	90	89
STA-1_conserved	Q840P9_conserved	9.722E-01	9.413E-01	9.514E-01	52.200	91	90	90
STA-1_conserved	Q8GKX2_conserved	9.698E-01	9.390E-01	9.491E-01	56.600	91	90	90
STA-1_conserved	AF-A0A7U3MVS9-F1-model_v4_conserved	9.700E-01	9.392E-01	9.493E-01	47.700	91	90	90
STA-1_conserved	Q2HY42_conserved	9.696E-01	9.388E-01	9.489E-01	56.600	91	90	90
STA-1_conserved	Q9XAY4_conserved	9.695E-01	9.388E-01	9.488E-01	56.600	91	90	90
STA-1_conserved	Q3YBY0_conserved	9.694E-01	9.386E-01	9.486E-01	56.600	91	90	90
STA-1_conserved	E5G503_conserved	9.693E-01	9.385E-01	9.486E-01	56.600	91	90	90
STA-1_conserved	I3RJZ3_conserved	9.598E-01	9.396E-01	9.496E-01	56.000	91	91	90
STA-1_conserved	SPS-1_conserved	9.655E-01	9.350E-01	9.551E-01	47.700	91	90	89
STA-1_conserved	A7WPA3_conserved	9.600E-01	9.398E-01	9.498E-01	56.000	91	91	90
STA-1_conserved	Q8GPN1_conserved	9.679E-01	9.371E-01	9.472E-01	50.000	91	90	90
STA-1_conserved	Q9F629_conserved	9.586E-01	9.384E-01	9.484E-01	56.000	91	91	90
STA-1_conserved	AF-A0A844TY23-F1-model_v4_conserved	9.671E-01	9.364E-01	9.464E-01	52.200	91	90	90
STA-1_conserved	B4YAJ7_conserved	9.679E-01	9.372E-01	9.472E-01	55.500	91	90	90
STA-1_conserved	AF-A0A191Z3S9-F1-model_v4_conserved	9.664E-01	9.357E-01	9.457E-01	47.700	91	90	90
STA-1_conserved	A0A0H3YDR5_conserved	9.660E-01	9.354E-01	9.454E-01	46.600	91	90	90
STA-1_conserved	Q8GPN2_conserved	9.657E-01	9.351E-01	9.451E-01	47.700	91	90	90
STA-1_conserved	A0A2R4PHC7_conserved	9.656E-01	9.350E-01	9.450E-01	56.600	91	90	90
STA-1_conserved	Q8RMB8_conserved	9.641E-01	9.336E-01	9.436E-01	53.300	91	90	90
STA-1_conserved	Q8G9Q0_conserved	9.628E-01	9.324E-01	9.423E-01	51.100	91	90	90
STA-1_conserved	Q9ETN2_conserved	9.591E-01	9.288E-01	9.386E-01	54.400	91	90	90
STA-1_conserved	Q08I33_conserved	9.584E-01	9.281E-01	9.380E-01	53.300	91	90	90
STA-1_conserved	A0A077EG89_conserved	9.593E-01	9.291E-01	9.389E-01	46.600	91	90	90
STA-1_conserved	A0A0N9HJI8_conserved	9.564E-01	9.262E-01	9.361E-01	50.000	91	90	90
STA-1_conserved	Q8VT48_conserved	9.568E-01	9.266E-01	9.365E-01	53.300	91	90	90
STA-1_conserved	Q9F921_conserved	9.563E-01	9.261E-01	9.360E-01	54.400	91	90	90
STA-1_conserved	AF-Q9RB01-F1-model_v4_conserved	9.568E-01	9.267E-01	9.365E-01	45.500	91	90	90
STA-1_conserved	D2K7P0_conserved	9.558E-01	9.257E-01	9.355E-01	53.300	91	90	90
STA-1_conserved	E2GLP7_conserved	9.556E-01	9.256E-01	9.354E-01	54.400	91	90	90
STA-1_conserved	Q9EU43_conserved	9.548E-01	9.248E-01	9.346E-01	54.400	91	90	90
STA-1_conserved	Q6JE29_conserved	9.544E-01	9.244E-01	9.342E-01	53.300	91	90	90
STA-1_conserved	Q9X482_conserved	9.542E-01	9.242E-01	9.340E-01	53.300	91	90	90
STA-1_conserved	Q8GQK7_conserved	9.518E-01	9.218E-01	9.316E-01	50.000	91	90	90
STA-1_conserved	D2KCJ9_conserved	9.508E-01	9.209E-01	9.307E-01	52.200	91	90	90
A0A0N9HJI8_conserved	A0A0N9HJI8_conserved	1.011E+00	1.000E+00	1.000E+00	100.000	90	90	90
A0A0N9HJI8_conserved	Q8GQK7_conserved	1.003E+00	9.918E-01	9.918E-01	100.000	90	90	90
A0A0N9HJI8_conserved	Q9ETN2_conserved	1.004E+00	9.814E-01	9.814E-01	86.500	90	89	90
A0A0N9HJI8_conserved	Q08I33_conserved	1.003E+00	9.807E-01	9.807E-01	85.300	90	89	90
A0A0N9HJI8_conserved	Q8VT48_conserved	1.002E+00	9.803E-01	9.803E-01	84.200	90	89	90
A0A0N9HJI8_conserved	E2GLP7_conserved	1.001E+00	9.794E-01	9.794E-01	86.500	90	89	90
A0A0N9HJI8_conserved	Q9EU43_conserved	1.001E+00	9.793E-01	9.793E-01	86.500	90	89	90
A0A0N9HJI8_conserved	Q9F921_conserved	1.001E+00	9.794E-01	9.794E-01	85.300	90	89	90
A0A0N9HJI8_conserved	D2K7P0_conserved	1.001E+00	9.790E-01	9.790E-01	85.300	90	89	90
A0A0N9HJI8_conserved	Q9X482_conserved	1.001E+00	9.788E-01	9.788E-01	86.500	90	89	90
A0A0N9HJI8_conserved	Q6JE29_conserved	1.001E+00	9.787E-01	9.787E-01	85.300	90	89	90
A0A0N9HJI8_conserved	D2KCJ9_conserved	9.971E-01	9.753E-01	9.753E-01	83.100	90	89	90
A0A0N9HJI8_conserved	Q8GPN1_conserved	9.868E-01	9.653E-01	9.653E-01	60.600	90	89	90
A0A0N9HJI8_conserved	AF-A0A844TY23-F1-model_v4_conserved	9.861E-01	9.646E-01	9.646E-01	62.900	90	89	90
A0A0N9HJI8_conserved	A0A0H3YDR5_conserved	9.858E-01	9.644E-01	9.644E-01	62.900	90	89	90
A0A0N9HJI8_conserved	Q8GPN2_conserved	9.854E-01	9.640E-01	9.640E-01	62.900	90	89	90
A0A0N9HJI8_conserved	AF-A0A191Z3S9-F1-model_v4_conserved	9.845E-01	9.631E-01	9.631E-01	60.600	90	89	90
A0A0N9HJI8_conserved	Q8RMB8_conserved	9.843E-01	9.629E-01	9.629E-01	60.600	90	89	90
A0A0N9HJI8_conserved	A0A0C5L398_conserved	9.830E-01	9.616E-01	9.616E-01	64.000	90	89	90
A0A0N9HJI8_conserved	AF-Q9RB01-F1-model_v4_conserved	9.817E-01	9.604E-01	9.604E-01	64.000	90	89	90
A0A0N9HJI8_conserved	A0A077EG89_conserved	9.803E-01	9.591E-01	9.591E-01	64.000	90	89	90
A0A0N9HJI8_conserved	A0A2R4PHC7_conserved	9.775E-01	9.564E-01	9.564E-01	56.100	90	89	90
A0A0N9HJI8_conserved	Q53BU0_conserved	9.734E-01	9.524E-01	9.524E-01	53.300	90	90	90
A0A0N9HJI8_conserved	Q53BU1_conserved	9.725E-01	9.515E-01	9.515E-01	55.500	90	90	90
A0A0N9HJI8_conserved	AF-I0KEZ6-F1-model_v4_conserved	9.719E-01	9.510E-01	9.510E-01	48.300	90	89	90
A0A0N9HJI8_conserved	Q6SPY5_conserved	9.703E-01	9.494E-01	9.494E-01	50.500	90	89	90
A0A0N9HJI8_conserved	AF-A0A6M4NN58-F1-model_v4_conserved	9.730E-01	9.520E-01	9.419E-01	56.600	90	90	91
A0A0N9HJI8_conserved	P14488_conserved	9.690E-01	9.482E-01	9.482E-01	50.500	90	89	90
A0A0N9HJI8_conserved	AF-A0A1L6K5Y5-F1-model_v4_conserved	9.681E-01	9.473E-01	9.473E-01	50.500	90	89	90
A0A0N9HJI8_conserved	A0A650AXL4_conserved	9.691E-01	9.483E-01	9.382E-01	55.500	90	90	91
A0A0N9HJI8_conserved	AF-A0A1L6K5Z3-F1-model_v4_conserved	9.641E-01	9.434E-01	9.434E-01	51.600	90	89	90
A0A0N9HJI8_conserved	Q704V1_conserved	9.647E-01	9.440E-01	9.340E-01	46.600	90	90	91
A0A0N9HJI8_conserved	SHD-1_conserved	9.638E-01	9.431E-01	9.331E-01	52.200	90	90	91
A0A0N9HJI8_conserved	L7X1X1_conserved	9.641E-01	9.435E-01	9.335E-01	53.300	90	90	91
A0A0N9HJI8_conserved	AF-A0A7Y3W177-F1-model_v4_conserved	9.635E-01	9.429E-01	9.329E-01	51.100	90	90	91
A0A0N9HJI8_conserved	AF-C5BSS3-F1-model_v4_conserved	9.630E-01	9.424E-01	9.324E-01	51.100	90	90	91
A0A0N9HJI8_conserved	AF-Q12JE6-F1-model_v4_conserved	9.625E-01	9.419E-01	9.319E-01	54.400	90	90	91
A0A0N9HJI8_conserved	L0N4W6_conserved	9.605E-01	9.400E-01	9.301E-01	51.100	90	90	91
A0A0N9HJI8_conserved	AF-A0A4Y8LBX5-F1-model_v4_conserved	9.596E-01	9.391E-01	9.292E-01	52.200	90	90	91
A0A0N9HJI8_conserved	Q840P9_conserved	9.555E-01	9.353E-01	9.353E-01	43.800	90	89	90
A0A0N9HJI8_conserved	Q3YBY0_conserved	9.554E-01	9.351E-01	9.351E-01	42.600	90	89	90
A0A0N9HJI8_conserved	Q8GKX2_conserved	9.553E-01	9.351E-01	9.351E-01	42.600	90	89	90
A0A0N9HJI8_conserved	E5G503_conserved	9.551E-01	9.348E-01	9.348E-01	42.600	90	89	90
A0A0N9HJI8_conserved	Q9XAY4_conserved	9.549E-01	9.347E-01	9.347E-01	42.600	90	89	90
A0A0N9HJI8_conserved	ANA-1_conserved	9.581E-01	9.378E-01	9.279E-01	50.000	90	90	91
A0A0N9HJI8_conserved	Q2HY42_conserved	9.548E-01	9.346E-01	9.346E-01	42.600	90	89	90
A0A0N9HJI8_conserved	A7WPA3_conserved	9.547E-01	9.345E-01	9.345E-01	43.800	90	89	90
A0A0N9HJI8_conserved	K7SA42_conserved	9.584E-01	9.380E-01	9.282E-01	41.100	90	90	91
A0A0N9HJI8_conserved	ALI-2_conserved	9.576E-01	9.372E-01	9.274E-01	47.700	90	90	91
A0A0N9HJI8_conserved	I3RJZ3_conserved	9.545E-01	9.343E-01	9.343E-01	43.800	90	89	90
A0A0N9HJI8_conserved	B4YAJ7_conserved	9.542E-01	9.340E-01	9.340E-01	43.800	90	89	90
A0A0N9HJI8_conserved	P25910_conserved	9.571E-01	9.367E-01	9.269E-01	46.600	90	90	91
A0A0N9HJI8_conserved	STA-1_conserved	9.564E-01	9.361E-01	9.262E-01	50.000	90	90	91
A0A0N9HJI8_conserved	Q9F629_conserved	9.536E-01	9.334E-01	9.334E-01	43.800	90	89	90
A0A0N9HJI8_conserved	A8R403_conserved	9.549E-01	9.346E-01	9.248E-01	52.200	90	90	91
A0A0N9HJI8_conserved	ALI-1_conserved	9.555E-01	9.352E-01	9.253E-01	45.500	90	90	91
A0A0N9HJI8_conserved	A0A161H7D8_conserved	9.534E-01	9.332E-01	9.234E-01	46.600	90	90	91
A0A0N9HJI8_conserved	A0A097J9I0_conserved	9.505E-01	9.303E-01	9.206E-01	48.800	90	90	91
A0A0N9HJI8_conserved	SPS-1_conserved	9.433E-01	9.235E-01	9.332E-01	40.400	90	89	89
A0A0N9HJI8_conserved	A0A0H4IUK3_conserved	9.490E-01	9.290E-01	9.193E-01	47.700	90	90	91
A0A0N9HJI8_conserved	S5WLJ9_conserved	9.488E-01	9.287E-01	9.190E-01	50.000	90	90	91
A0A0N9HJI8_conserved	Q8VLM7_conserved	9.488E-01	9.287E-01	9.190E-01	48.800	90	90	91
A0A0N9HJI8_conserved	Q70E85_conserved	9.487E-01	9.287E-01	9.190E-01	48.800	90	90	91
A0A0N9HJI8_conserved	B0FWK3_conserved	9.487E-01	9.286E-01	9.189E-01	50.000	90	90	91
A0A0N9HJI8_conserved	I7CP04_conserved	9.485E-01	9.284E-01	9.187E-01	50.000	90	90	91
A0A0N9HJI8_conserved	F8UQX1_conserved	9.485E-01	9.285E-01	9.188E-01	48.800	90	90	91
A0A0N9HJI8_conserved	AF-G0L217-F1-model_v4_conserved	9.426E-01	9.226E-01	9.226E-01	46.600	90	90	90
A0A0N9HJI8_conserved	Q8GIW8_conserved	9.483E-01	9.283E-01	9.186E-01	48.800	90	90	91
A0A0N9HJI8_conserved	AF-Q1DF71-F1-model_v4_conserved	9.484E-01	9.284E-01	9.187E-01	44.400	90	90	91
A0A0N9HJI8_conserved	Q9F6Z8_conserved	9.481E-01	9.281E-01	9.184E-01	50.000	90	90	91
A0A0N9HJI8_conserved	A0A0D5ZZW5_conserved	9.481E-01	9.281E-01	9.184E-01	51.100	90	90	91
A0A0N9HJI8_conserved	Q1A2Z1_conserved	9.481E-01	9.280E-01	9.183E-01	48.800	90	90	91
A0A0N9HJI8_conserved	A8QUY6_conserved	9.478E-01	9.278E-01	9.181E-01	47.700	90	90	91
A0A0N9HJI8_conserved	G4WB26_conserved	9.478E-01	9.278E-01	9.181E-01	50.000	90	90	91
A0A0N9HJI8_conserved	B2ZTD9_conserved	9.473E-01	9.273E-01	9.176E-01	51.100	90	90	91
A0A0N9HJI8_conserved	A0A0S2MTX2_conserved	9.476E-01	9.276E-01	9.179E-01	48.800	90	90	91
A0A0N9HJI8_conserved	Q53CM3_conserved	9.474E-01	9.274E-01	9.177E-01	48.800	90	90	91
A0A0N9HJI8_conserved	AF-A0A1B2F003-F1-model_v4_conserved	9.467E-01	9.267E-01	9.170E-01	52.200	90	90	91
A0A0N9HJI8_conserved	Q9AHY6_conserved	9.471E-01	9.271E-01	9.175E-01	50.000	90	90	91
A0A0N9HJI8_conserved	F5ANL2_conserved	9.471E-01	9.271E-01	9.174E-01	50.000	90	90	91
A0A0N9HJI8_conserved	Q79MP6_conserved	9.469E-01	9.269E-01	9.173E-01	50.000	90	90	91
A0A0N9HJI8_conserved	Q7WYA8_conserved	9.463E-01	9.264E-01	9.167E-01	48.800	90	90	91
A0A0N9HJI8_conserved	AF-A0A3G5BD68-F1-model_v4_conserved	9.470E-01	9.271E-01	9.174E-01	36.600	90	90	91
A0A0N9HJI8_conserved	A0A1Z3FWF5_conserved	9.469E-01	9.270E-01	9.173E-01	35.500	90	90	91
A0A0N9HJI8_conserved	G9JKG5_conserved	9.454E-01	9.255E-01	9.158E-01	47.700	90	90	91
A0A0N9HJI8_conserved	A0A3G3C0Q6_conserved	9.467E-01	9.268E-01	9.172E-01	35.500	90	90	91
A0A0N9HJI8_conserved	AF-A0A8E7DAJ6-F1-model_v6_conserved	9.466E-01	9.267E-01	9.170E-01	36.600	90	90	91
A0A0N9HJI8_conserved	A0A1P8C735_conserved	9.464E-01	9.265E-01	9.169E-01	36.600	90	90	91
A0A0N9HJI8_conserved	A0A1P8VH15_conserved	9.464E-01	9.265E-01	9.168E-01	35.500	90	90	91
A0A0N9HJI8_conserved	S5ZIP8_conserved	9.463E-01	9.264E-01	9.167E-01	35.500	90	90	91
A0A0N9HJI8_conserved	AF-A0A7U3MVS9-F1-model_v4_conserved	9.427E-01	9.229E-01	9.229E-01	42.600	90	89	90
A0A0N9HJI8_conserved	A0A0B5ECY2_conserved	9.461E-01	9.262E-01	9.165E-01	35.500	90	90	91
A0A0N9HJI8_conserved	ECV-1_conserved	9.396E-01	9.198E-01	9.198E-01	56.600	90	90	90
A0A0N9HJI8_conserved	ORR-1_conserved	9.386E-01	9.188E-01	9.188E-01	47.700	90	90	90
A0A0N9HJI8_conserved	AF-A0A6B7ELH8-F1-model_v4_conserved	9.360E-01	9.163E-01	9.163E-01	48.800	90	90	90
A0A0N9HJI8_conserved	AF-A0A7T8ZCD9-F1-model_v4_conserved	9.356E-01	9.159E-01	9.159E-01	51.100	90	90	90
A0A0N9HJI8_conserved	Q8G9Q0_conserved	9.374E-01	9.178E-01	9.178E-01	43.800	90	89	90
A0A0N9HJI8_conserved	BMHC-1_conserved	9.337E-01	9.141E-01	9.141E-01	46.600	90	90	90
A0A0N9HJI8_conserved	AF-A0A0U3H0V9-F1-model_v4_conserved	9.276E-01	9.082E-01	9.178E-01	53.300	90	90	89
A0A2R4PHC7_conserved	A0A2R4PHC7_conserved	1.011E+00	1.000E+00	1.000E+00	100.000	90	90	90
A0A2R4PHC7_conserved	Q8RMB8_conserved	9.993E-01	9.774E-01	9.774E-01	65.100	90	89	90
A0A2R4PHC7_conserved	AF-A0A844TY23-F1-model_v4_conserved	9.970E-01	9.751E-01	9.751E-01	66.200	90	89	90
A0A2R4PHC7_conserved	Q8GPN1_conserved	9.962E-01	9.744E-01	9.744E-01	65.100	90	89	90
A0A2R4PHC7_conserved	A0A0H3YDR5_conserved	9.960E-01	9.742E-01	9.742E-01	64.000	90	89	90
A0A2R4PHC7_conserved	AF-A0A191Z3S9-F1-model_v4_conserved	9.960E-01	9.742E-01	9.742E-01	60.600	90	89	90
A0A2R4PHC7_conserved	Q8GPN2_conserved	9.957E-01	9.739E-01	9.739E-01	65.100	90	89	90
A0A2R4PHC7_conserved	A0A0C5L398_conserved	9.923E-01	9.707E-01	9.707E-01	60.600	90	89	90
A0A2R4PHC7_conserved	AF-Q9RB01-F1-model_v4_conserved	9.878E-01	9.663E-01	9.663E-01	61.700	90	89	90
A0A2R4PHC7_conserved	Q53BU1_conserved	9.861E-01	9.647E-01	9.647E-01	60.000	90	90	90
A0A2R4PHC7_conserved	AF-I0KEZ6-F1-model_v4_conserved	9.847E-01	9.633E-01	9.633E-01	58.400	90	89	90
A0A2R4PHC7_conserved	A0A077EG89_conserved	9.849E-01	9.635E-01	9.635E-01	62.900	90	89	90
A0A2R4PHC7_conserved	Q53BU0_conserved	9.837E-01	9.623E-01	9.623E-01	56.600	90	90	90
A0A2R4PHC7_conserved	AF-A0A6M4NN58-F1-model_v4_conserved	9.854E-01	9.640E-01	9.537E-01	57.700	90	90	91
A0A2R4PHC7_conserved	AF-A0A1L6K5Z3-F1-model_v4_conserved	9.791E-01	9.579E-01	9.579E-01	62.900	90	89	90
A0A2R4PHC7_conserved	Q704V1_conserved	9.814E-01	9.601E-01	9.498E-01	58.800	90	90	91
A0A2R4PHC7_conserved	A0A0N9HJI8_conserved	9.775E-01	9.564E-01	9.564E-01	56.100	90	89	90
A0A2R4PHC7_conserved	A0A650AXL4_conserved	9.812E-01	9.600E-01	9.497E-01	58.800	90	90	91
A0A2R4PHC7_conserved	ANA-1_conserved	9.812E-01	9.600E-01	9.497E-01	52.200	90	90	91
A0A2R4PHC7_conserved	L7X1X1_conserved	9.810E-01	9.598E-01	9.495E-01	64.400	90	90	91
A0A2R4PHC7_conserved	AF-A0A7Y3W177-F1-model_v4_conserved	9.807E-01	9.595E-01	9.492E-01	65.500	90	90	91
A0A2R4PHC7_conserved	AF-C5BSS3-F1-model_v4_conserved	9.803E-01	9.591E-01	9.488E-01	58.800	90	90	91
A0A2R4PHC7_conserved	AF-A0A1L6K5Y5-F1-model_v4_conserved	9.765E-01	9.554E-01	9.554E-01	62.900	90	89	90
A0A2R4PHC7_conserved	SPS-1_conserved	9.731E-01	9.522E-01	9.625E-01	46.000	90	89	89
A0A2R4PHC7_conserved	SHD-1_conserved	9.798E-01	9.587E-01	9.484E-01	62.200	90	90	91
A0A2R4PHC7_conserved	L0N4W6_conserved	9.799E-01	9.587E-01	9.484E-01	58.800	90	90	91
A0A2R4PHC7_conserved	Q9ETN2_conserved	9.765E-01	9.554E-01	9.554E-01	56.100	90	89	90
A0A2R4PHC7_conserved	Q840P9_conserved	9.755E-01	9.545E-01	9.545E-01	59.500	90	89	90
A0A2R4PHC7_conserved	Q08I33_conserved	9.755E-01	9.546E-01	9.546E-01	56.100	90	89	90
A0A2R4PHC7_conserved	Q8GKX2_conserved	9.750E-01	9.540E-01	9.540E-01	58.400	90	89	90
A0A2R4PHC7_conserved	Q8GQK7_conserved	9.749E-01	9.539E-01	9.539E-01	56.100	90	89	90
A0A2R4PHC7_conserved	Q3YBY0_conserved	9.749E-01	9.539E-01	9.539E-01	58.400	90	89	90
A0A2R4PHC7_conserved	Q9XAY4_conserved	9.747E-01	9.537E-01	9.537E-01	58.400	90	89	90
A0A2R4PHC7_conserved	Q2HY42_conserved	9.746E-01	9.537E-01	9.537E-01	59.500	90	89	90
A0A2R4PHC7_conserved	E5G503_conserved	9.746E-01	9.537E-01	9.537E-01	58.400	90	89	90
A0A2R4PHC7_conserved	Q8VT48_conserved	9.744E-01	9.534E-01	9.534E-01	56.100	90	89	90
A0A2R4PHC7_conserved	I3RJZ3_conserved	9.737E-01	9.528E-01	9.528E-01	59.500	90	89	90
A0A2R4PHC7_conserved	AF-A0A7U3MVS9-F1-model_v4_conserved	9.739E-01	9.530E-01	9.530E-01	50.500	90	89	90
A0A2R4PHC7_conserved	B4YAJ7_conserved	9.734E-01	9.524E-01	9.524E-01	59.500	90	89	90
A0A2R4PHC7_conserved	D2K7P0_conserved	9.737E-01	9.528E-01	9.528E-01	56.100	90	89	90
A0A2R4PHC7_conserved	Q6SPY5_conserved	9.730E-01	9.521E-01	9.521E-01	58.400	90	89	90
A0A2R4PHC7_conserved	Q9F629_conserved	9.726E-01	9.517E-01	9.517E-01	59.500	90	89	90
A0A2R4PHC7_conserved	Q9F921_conserved	9.727E-01	9.518E-01	9.518E-01	56.100	90	89	90
A0A2R4PHC7_conserved	P14488_conserved	9.723E-01	9.514E-01	9.514E-01	58.400	90	89	90
A0A2R4PHC7_conserved	E2GLP7_conserved	9.725E-01	9.516E-01	9.516E-01	57.300	90	89	90
A0A2R4PHC7_conserved	A7WPA3_conserved	9.718E-01	9.510E-01	9.510E-01	59.500	90	89	90
A0A2R4PHC7_conserved	Q9EU43_conserved	9.722E-01	9.514E-01	9.514E-01	57.300	90	89	90
A0A2R4PHC7_conserved	Q9X482_conserved	9.719E-01	9.511E-01	9.511E-01	57.300	90	89	90
A0A2R4PHC7_conserved	D2KCJ9_conserved	9.712E-01	9.504E-01	9.504E-01	53.900	90	89	90
A0A2R4PHC7_conserved	Q6JE29_conserved	9.716E-01	9.508E-01	9.508E-01	56.100	90	89	90
A0A2R4PHC7_conserved	P25910_conserved	9.746E-01	9.536E-01	9.435E-01	56.600	90	90	91
A0A2R4PHC7_conserved	AF-Q12JE6-F1-model_v4_conserved	9.723E-01	9.514E-01	9.413E-01	57.700	90	90	91
A0A2R4PHC7_conserved	ALI-1_conserved	9.724E-01	9.515E-01	9.414E-01	54.400	90	90	91
A0A2R4PHC7_conserved	Q8G9Q0_conserved	9.681E-01	9.474E-01	9.474E-01	48.300	90	89	90
A0A2R4PHC7_conserved	AF-G0L217-F1-model_v4_conserved	9.656E-01	9.448E-01	9.448E-01	46.600	90	90	90
A0A2R4PHC7_conserved	ALI-2_conserved	9.717E-01	9.508E-01	9.408E-01	60.000	90	90	91
A0A2R4PHC7_conserved	K7SA42_conserved	9.718E-01	9.510E-01	9.409E-01	53.300	90	90	91
A0A2R4PHC7_conserved	AF-A0A4Y8LBX5-F1-model_v4_conserved	9.708E-01	9.500E-01	9.399E-01	62.200	90	90	91
A0A2R4PHC7_conserved	AF-A0A7T8ZCD9-F1-model_v4_conserved	9.644E-01	9.437E-01	9.437E-01	50.000	90	90	90
A0A2R4PHC7_conserved	ECV-1_conserved	9.636E-01	9.429E-01	9.429E-01	51.100	90	90	90
A0A2R4PHC7_conserved	A8R403_conserved	9.684E-01	9.476E-01	9.376E-01	61.100	90	90	91
A0A2R4PHC7_conserved	A0A161H7D8_conserved	9.683E-01	9.475E-01	9.375E-01	56.600	90	90	91
A0A2R4PHC7_conserved	AF-A0A6B7ELH8-F1-model_v4_conserved	9.612E-01	9.406E-01	9.406E-01	48.800	90	90	90
A0A2R4PHC7_conserved	ORR-1_conserved	9.602E-01	9.396E-01	9.396E-01	51.100	90	90	90
A0A2R4PHC7_conserved	AF-Q1DF71-F1-model_v4_conserved	9.657E-01	9.451E-01	9.351E-01	53.300	90	90	91
A0A2R4PHC7_conserved	STA-1_conserved	9.656E-01	9.450E-01	9.350E-01	56.600	90	90	91
A0A2R4PHC7_conserved	A0A097J9I0_conserved	9.646E-01	9.440E-01	9.340E-01	57.700	90	90	91
A0A2R4PHC7_conserved	BMHC-1_conserved	9.591E-01	9.386E-01	9.386E-01	48.800	90	90	90
A0A2R4PHC7_conserved	AF-A0A0U3H0V9-F1-model_v4_conserved	9.530E-01	9.326E-01	9.427E-01	53.300	90	90	89
A0A2R4PHC7_conserved	F8UQX1_conserved	9.634E-01	9.428E-01	9.329E-01	57.700	90	90	91
A0A2R4PHC7_conserved	A0A0H4IUK3_conserved	9.633E-01	9.427E-01	9.327E-01	57.700	90	90	91
A0A2R4PHC7_conserved	Q70E85_conserved	9.633E-01	9.427E-01	9.327E-01	56.600	90	90	91
A0A2R4PHC7_conserved	A0A0D5ZZW5_conserved	9.627E-01	9.422E-01	9.322E-01	58.800	90	90	91
A0A2R4PHC7_conserved	A0A3G3C0Q6_conserved	9.630E-01	9.425E-01	9.326E-01	48.800	90	90	91
A0A2R4PHC7_conserved	Q9F6Z8_conserved	9.623E-01	9.418E-01	9.319E-01	60.000	90	90	91
A0A2R4PHC7_conserved	B0FWK3_conserved	9.621E-01	9.416E-01	9.317E-01	58.800	90	90	91
A0A2R4PHC7_conserved	G4WB26_conserved	9.622E-01	9.417E-01	9.318E-01	57.700	90	90	91
A0A2R4PHC7_conserved	I7CP04_conserved	9.620E-01	9.415E-01	9.316E-01	54.400	90	90	91
A0A2R4PHC7_conserved	AF-A0A8E7DAJ6-F1-model_v6_conserved	9.627E-01	9.422E-01	9.323E-01	50.000	90	90	91
A0A2R4PHC7_conserved	A0A1Z3FWF5_conserved	9.628E-01	9.423E-01	9.324E-01	48.800	90	90	91
A0A2R4PHC7_conserved	A0A1P8C735_conserved	9.628E-01	9.423E-01	9.324E-01	50.000	90	90	91
A0A2R4PHC7_conserved	S5WLJ9_conserved	9.619E-01	9.414E-01	9.314E-01	54.400	90	90	91
A0A2R4PHC7_conserved	Q8VLM7_conserved	9.619E-01	9.414E-01	9.315E-01	58.800	90	90	91
A0A2R4PHC7_conserved	Q8GIW8_conserved	9.618E-01	9.413E-01	9.313E-01	60.000	90	90	91
A0A2R4PHC7_conserved	B2ZTD9_conserved	9.619E-01	9.414E-01	9.314E-01	62.200	90	90	91
A0A2R4PHC7_conserved	A0A1P8VH15_conserved	9.625E-01	9.420E-01	9.321E-01	48.800	90	90	91
A0A2R4PHC7_conserved	Q1A2Z1_conserved	9.618E-01	9.413E-01	9.314E-01	57.700	90	90	91
A0A2R4PHC7_conserved	A0A0B5ECY2_conserved	9.623E-01	9.418E-01	9.319E-01	48.800	90	90	91
A0A2R4PHC7_conserved	A8QUY6_conserved	9.616E-01	9.411E-01	9.312E-01	56.600	90	90	91
A0A2R4PHC7_conserved	S5ZIP8_conserved	9.623E-01	9.418E-01	9.319E-01	48.800	90	90	91
A0A2R4PHC7_conserved	AF-A0A3G5BD68-F1-model_v4_conserved	9.624E-01	9.419E-01	9.320E-01	48.800	90	90	91
A0A2R4PHC7_conserved	Q53CM3_conserved	9.616E-01	9.411E-01	9.312E-01	56.600	90	90	91
A0A2R4PHC7_conserved	Q9AHY6_conserved	9.616E-01	9.411E-01	9.312E-01	57.700	90	90	91
A0A2R4PHC7_conserved	A0A0S2MTX2_conserved	9.611E-01	9.406E-01	9.307E-01	57.700	90	90	91
A0A2R4PHC7_conserved	F5ANL2_conserved	9.611E-01	9.406E-01	9.307E-01	57.700	90	90	91
A0A2R4PHC7_conserved	Q79MP6_conserved	9.610E-01	9.405E-01	9.306E-01	60.000	90	90	91
A0A2R4PHC7_conserved	Q7WYA8_conserved	9.605E-01	9.400E-01	9.301E-01	57.700	90	90	91
A0A2R4PHC7_conserved	G9JKG5_conserved	9.596E-01	9.392E-01	9.293E-01	56.600	90	90	91
A0A2R4PHC7_conserved	AF-A0A1B2F003-F1-model_v4_conserved	9.573E-01	9.370E-01	9.271E-01	55.500	90	90	91
A7WPA3_conserved	A7WPA3_conserved	1.011E+00	1.000E+00	1.000E+00	100.000	90	90	90
A7WPA3_conserved	Q9F629_conserved	1.003E+00	9.914E-01	9.914E-01	100.000	90	90	90
A7WPA3_conserved	I3RJZ3_conserved	1.002E+00	9.911E-01	9.911E-01	98.800	90	90	90
A7WPA3_conserved	B4YAJ7_conserved	1.001E+00	9.903E-01	9.903E-01	100.000	90	90	90
A7WPA3_conserved	E5G503_conserved	1.010E+00	9.875E-01	9.875E-01	96.600	90	89	90
A7WPA3_conserved	Q3YBY0_conserved	1.010E+00	9.875E-01	9.875E-01	97.700	90	89	90
A7WPA3_conserved	Q8GKX2_conserved	1.010E+00	9.874E-01	9.874E-01	96.600	90	89	90
A7WPA3_conserved	Q9XAY4_conserved	1.010E+00	9.873E-01	9.873E-01	97.700	90	89	90
A7WPA3_conserved	Q2HY42_conserved	1.010E+00	9.873E-01	9.873E-01	96.600	90	89	90
A7WPA3_conserved	Q840P9_conserved	1.009E+00	9.866E-01	9.866E-01	92.100	90	89	90
A7WPA3_conserved	AF-I0KEZ6-F1-model_v4_conserved	9.859E-01	9.645E-01	9.645E-01	51.600	90	89	90
A7WPA3_conserved	Q53BU1_conserved	9.815E-01	9.603E-01	9.603E-01	54.400	90	90	90
A7WPA3_conserved	AF-A0A1L6K5Y5-F1-model_v4_conserved	9.796E-01	9.584E-01	9.584E-01	68.500	90	89	90
A7WPA3_conserved	P14488_conserved	9.770E-01	9.560E-01	9.560E-01	57.300	90	89	90
A7WPA3_conserved	A0A0C5L398_conserved	9.767E-01	9.557E-01	9.557E-01	46.000	90	89	90
A7WPA3_conserved	Q6SPY5_conserved	9.767E-01	9.556E-01	9.556E-01	58.400	90	89	90
A7WPA3_conserved	Q53BU0_conserved	9.754E-01	9.544E-01	9.544E-01	55.500	90	90	90
A7WPA3_conserved	ORR-1_conserved	9.706E-01	9.496E-01	9.496E-01	52.200	90	90	90
A7WPA3_conserved	AF-A0A1L6K5Z3-F1-model_v4_conserved	9.737E-01	9.528E-01	9.528E-01	59.500	90	89	90
A7WPA3_conserved	A0A2R4PHC7_conserved	9.718E-01	9.510E-01	9.510E-01	59.500	90	89	90
A7WPA3_conserved	K7SA42_conserved	9.751E-01	9.541E-01	9.440E-01	58.800	90	90	91
A7WPA3_conserved	A0A077EG89_conserved	9.711E-01	9.503E-01	9.503E-01	46.000	90	89	90
A7WPA3_conserved	AF-Q9RB01-F1-model_v4_conserved	9.700E-01	9.492E-01	9.492E-01	44.900	90	89	90
A7WPA3_conserved	AF-A0A7Y3W177-F1-model_v4_conserved	9.733E-01	9.524E-01	9.422E-01	62.200	90	90	91
A7WPA3_conserved	AF-A0A7T8ZCD9-F1-model_v4_conserved	9.663E-01	9.455E-01	9.455E-01	54.400	90	90	90
A7WPA3_conserved	AF-A0A6M4NN58-F1-model_v4_conserved	9.721E-01	9.512E-01	9.411E-01	58.800	90	90	91
A7WPA3_conserved	L7X1X1_conserved	9.720E-01	9.511E-01	9.410E-01	57.700	90	90	91
A7WPA3_conserved	ECV-1_conserved	9.650E-01	9.442E-01	9.442E-01	55.500	90	90	90
A7WPA3_conserved	ANA-1_conserved	9.718E-01	9.509E-01	9.409E-01	55.500	90	90	91
A7WPA3_conserved	SHD-1_conserved	9.711E-01	9.503E-01	9.402E-01	54.400	90	90	91
A7WPA3_conserved	AF-A0A7U3MVS9-F1-model_v4_conserved	9.678E-01	9.471E-01	9.471E-01	50.500	90	89	90
A7WPA3_conserved	Q704V1_conserved	9.703E-01	9.496E-01	9.395E-01	55.500	90	90	91
A7WPA3_conserved	AF-C5BSS3-F1-model_v4_conserved	9.699E-01	9.491E-01	9.391E-01	56.600	90	90	91
A7WPA3_conserved	A0A1Z3FWF5_conserved	9.691E-01	9.484E-01	9.383E-01	53.300	90	90	91
A7WPA3_conserved	A0A3G3C0Q6_conserved	9.690E-01	9.483E-01	9.382E-01	53.300	90	90	91
A7WPA3_conserved	A0A650AXL4_conserved	9.690E-01	9.482E-01	9.382E-01	57.700	90	90	91
A7WPA3_conserved	A0A1P8C735_conserved	9.689E-01	9.482E-01	9.382E-01	54.400	90	90	91
A7WPA3_conserved	STA-1_conserved	9.600E-01	9.498E-01	9.398E-01	56.000	90	91	91
A7WPA3_conserved	A0A1P8VH15_conserved	9.686E-01	9.479E-01	9.379E-01	53.300	90	90	91
A7WPA3_conserved	S5ZIP8_conserved	9.685E-01	9.478E-01	9.378E-01	53.300	90	90	91
A7WPA3_conserved	Q8RMB8_conserved	9.649E-01	9.443E-01	9.443E-01	44.900	90	89	90
A7WPA3_conserved	AF-A0A8E7DAJ6-F1-model_v6_conserved	9.685E-01	9.478E-01	9.378E-01	54.400	90	90	91
A7WPA3_conserved	AF-A0A191Z3S9-F1-model_v4_conserved	9.644E-01	9.438E-01	9.438E-01	52.800	90	89	90
A7WPA3_conserved	AF-Q12JE6-F1-model_v4_conserved	9.682E-01	9.475E-01	9.374E-01	55.500	90	90	91
A7WPA3_conserved	A0A0B5ECY2_conserved	9.683E-01	9.476E-01	9.376E-01	53.300	90	90	91
A7WPA3_conserved	AF-A0A3G5BD68-F1-model_v4_conserved	9.681E-01	9.475E-01	9.374E-01	53.300	90	90	91
A7WPA3_conserved	AF-A0A844TY23-F1-model_v4_conserved	9.642E-01	9.436E-01	9.436E-01	51.600	90	89	90
A7WPA3_conserved	L0N4W6_conserved	9.673E-01	9.467E-01	9.367E-01	56.600	90	90	91
A7WPA3_conserved	Q8GPN1_conserved	9.632E-01	9.427E-01	9.427E-01	50.500	90	89	90
A7WPA3_conserved	P25910_conserved	9.664E-01	9.458E-01	9.358E-01	56.600	90	90	91
A7WPA3_conserved	AF-A0A6B7ELH8-F1-model_v4_conserved	9.591E-01	9.386E-01	9.386E-01	50.000	90	90	90
A7WPA3_conserved	AF-A0A0U3H0V9-F1-model_v4_conserved	9.533E-01	9.329E-01	9.430E-01	51.100	90	90	89
A7WPA3_conserved	Q8GPN2_conserved	9.605E-01	9.401E-01	9.401E-01	50.500	90	89	90
A7WPA3_conserved	BMHC-1_conserved	9.580E-01	9.375E-01	9.375E-01	50.000	90	90	90
A7WPA3_conserved	A0A0H3YDR5_conserved	9.597E-01	9.393E-01	9.393E-01	50.500	90	89	90
A7WPA3_conserved	AF-G0L217-F1-model_v4_conserved	9.568E-01	9.364E-01	9.364E-01	53.300	90	90	90
A7WPA3_conserved	Q8G9Q0_conserved	9.595E-01	9.391E-01	9.391E-01	53.900	90	89	90
A7WPA3_conserved	Q08I33_conserved	9.579E-01	9.376E-01	9.376E-01	42.600	90	89	90
A7WPA3_conserved	A0A161H7D8_conserved	9.611E-01	9.407E-01	9.307E-01	54.400	90	90	91
A7WPA3_conserved	AF-Q1DF71-F1-model_v4_conserved	9.620E-01	9.415E-01	9.316E-01	61.100	90	90	91
A7WPA3_conserved	Q9F921_conserved	9.575E-01	9.372E-01	9.372E-01	44.900	90	89	90
A7WPA3_conserved	AF-A0A4Y8LBX5-F1-model_v4_conserved	9.616E-01	9.411E-01	9.313E-01	63.300	90	90	91
A7WPA3_conserved	ALI-2_conserved	9.617E-01	9.413E-01	9.314E-01	61.100	90	90	91
A7WPA3_conserved	Q9ETN2_conserved	9.570E-01	9.367E-01	9.367E-01	43.800	90	89	90
A7WPA3_conserved	D2K7P0_conserved	9.570E-01	9.367E-01	9.367E-01	42.600	90	89	90
A7WPA3_conserved	E2GLP7_conserved	9.568E-01	9.365E-01	9.365E-01	43.800	90	89	90
A7WPA3_conserved	D2KCJ9_conserved	9.562E-01	9.359E-01	9.359E-01	41.500	90	89	90
A7WPA3_conserved	Q6JE29_conserved	9.563E-01	9.361E-01	9.361E-01	42.600	90	89	90
A7WPA3_conserved	Q9X482_conserved	9.564E-01	9.361E-01	9.361E-01	42.600	90	89	90
A7WPA3_conserved	Q9EU43_conserved	9.561E-01	9.359E-01	9.359E-01	43.800	90	89	90
A7WPA3_conserved	ALI-1_conserved	9.607E-01	9.403E-01	9.305E-01	55.500	90	90	91
A7WPA3_conserved	Q8VT48_conserved	9.555E-01	9.353E-01	9.353E-01	41.500	90	89	90
A7WPA3_conserved	A0A0N9HJI8_conserved	9.547E-01	9.345E-01	9.345E-01	43.800	90	89	90
A7WPA3_conserved	A8R403_conserved	9.581E-01	9.378E-01	9.279E-01	58.800	90	90	91
A7WPA3_conserved	Q8GQK7_conserved	9.531E-01	9.329E-01	9.329E-01	43.800	90	89	90
A7WPA3_conserved	A0A097J9I0_conserved	9.542E-01	9.341E-01	9.243E-01	51.100	90	90	91
A7WPA3_conserved	B0FWK3_conserved	9.537E-01	9.335E-01	9.238E-01	55.500	90	90	91
A7WPA3_conserved	B2ZTD9_conserved	9.537E-01	9.335E-01	9.237E-01	55.500	90	90	91
A7WPA3_conserved	Q8VLM7_conserved	9.534E-01	9.332E-01	9.234E-01	53.300	90	90	91
A7WPA3_conserved	A0A0H4IUK3_conserved	9.534E-01	9.333E-01	9.235E-01	52.200	90	90	91
A7WPA3_conserved	SPS-1_conserved	9.479E-01	9.281E-01	9.379E-01	48.300	90	89	89
A7WPA3_conserved	Q9F6Z8_conserved	9.532E-01	9.330E-01	9.233E-01	54.400	90	90	91
A7WPA3_conserved	A0A0D5ZZW5_conserved	9.530E-01	9.328E-01	9.231E-01	55.500	90	90	91
A7WPA3_conserved	F8UQX1_conserved	9.531E-01	9.329E-01	9.232E-01	53.300	90	90	91
A7WPA3_conserved	Q8GIW8_conserved	9.528E-01	9.327E-01	9.229E-01	54.400	90	90	91
A7WPA3_conserved	G4WB26_conserved	9.530E-01	9.328E-01	9.231E-01	54.400	90	90	91
A7WPA3_conserved	S5WLJ9_conserved	9.528E-01	9.327E-01	9.229E-01	51.100	90	90	91
A7WPA3_conserved	I7CP04_conserved	9.527E-01	9.326E-01	9.228E-01	51.100	90	90	91
A7WPA3_conserved	Q53CM3_conserved	9.525E-01	9.323E-01	9.226E-01	53.300	90	90	91
A7WPA3_conserved	F5ANL2_conserved	9.522E-01	9.321E-01	9.224E-01	54.400	90	90	91
A7WPA3_conserved	Q9AHY6_conserved	9.520E-01	9.319E-01	9.222E-01	54.400	90	90	91
A7WPA3_conserved	Q1A2Z1_conserved	9.521E-01	9.320E-01	9.223E-01	52.200	90	90	91
A7WPA3_conserved	A8QUY6_conserved	9.520E-01	9.318E-01	9.221E-01	52.200	90	90	91
A7WPA3_conserved	Q7WYA8_conserved	9.518E-01	9.317E-01	9.220E-01	53.300	90	90	91
A7WPA3_conserved	A0A0S2MTX2_conserved	9.518E-01	9.317E-01	9.220E-01	52.200	90	90	91
A7WPA3_conserved	Q70E85_conserved	9.517E-01	9.316E-01	9.219E-01	52.200	90	90	91
A7WPA3_conserved	Q79MP6_conserved	9.511E-01	9.311E-01	9.213E-01	54.400	90	90	91
A7WPA3_conserved	G9JKG5_conserved	9.509E-01	9.308E-01	9.211E-01	52.200	90	90	91
A7WPA3_conserved	AF-A0A1B2F003-F1-model_v4_conserved	9.496E-01	9.296E-01	9.199E-01	54.400	90	90	91
AF-A0A191Z3S9-F1-model_v4_conserved	AF-A0A191Z3S9-F1-model_v4_conserved	1.011E+00	1.000E+00	1.000E+00	100.000	90	90	90
AF-A0A191Z3S9-F1-model_v4_conserved	Q8GPN1_conserved	1.010E+00	9.871E-01	9.871E-01	89.800	90	89	90
AF-A0A191Z3S9-F1-model_v4_conserved	AF-A0A844TY23-F1-model_v4_conserved	1.009E+00	9.868E-01	9.868E-01	85.300	90	89	90
AF-A0A191Z3S9-F1-model_v4_conserved	Q8GPN2_conserved	1.008E+00	9.861E-01	9.861E-01	87.600	90	89	90
AF-A0A191Z3S9-F1-model_v4_conserved	A0A0H3YDR5_conserved	1.008E+00	9.858E-01	9.858E-01	88.700	90	89	90
AF-A0A191Z3S9-F1-model_v4_conserved	AF-Q9RB01-F1-model_v4_conserved	9.962E-01	9.744E-01	9.744E-01	59.500	90	89	90
AF-A0A191Z3S9-F1-model_v4_conserved	A0A2R4PHC7_conserved	9.960E-01	9.742E-01	9.742E-01	60.600	90	89	90
AF-A0A191Z3S9-F1-model_v4_conserved	A0A0C5L398_conserved	9.951E-01	9.733E-01	9.733E-01	60.600	90	89	90
AF-A0A191Z3S9-F1-model_v4_conserved	A0A077EG89_conserved	9.953E-01	9.736E-01	9.736E-01	59.500	90	89	90
AF-A0A191Z3S9-F1-model_v4_conserved	Q8RMB8_conserved	9.951E-01	9.733E-01	9.733E-01	52.800	90	89	90
AF-A0A191Z3S9-F1-model_v4_conserved	Q53BU0_conserved	9.862E-01	9.647E-01	9.647E-01	56.600	90	90	90
AF-A0A191Z3S9-F1-model_v4_conserved	Q9ETN2_conserved	9.862E-01	9.648E-01	9.648E-01	64.000	90	89	90
AF-A0A191Z3S9-F1-model_v4_conserved	Q8VT48_conserved	9.855E-01	9.640E-01	9.640E-01	62.900	90	89	90
AF-A0A191Z3S9-F1-model_v4_conserved	Q53BU1_conserved	9.851E-01	9.637E-01	9.637E-01	56.600	90	90	90
AF-A0A191Z3S9-F1-model_v4_conserved	Q08I33_conserved	9.851E-01	9.637E-01	9.637E-01	64.000	90	89	90
AF-A0A191Z3S9-F1-model_v4_conserved	A0A0N9HJI8_conserved	9.845E-01	9.631E-01	9.631E-01	60.600	90	89	90
AF-A0A191Z3S9-F1-model_v4_conserved	Q9EU43_conserved	9.844E-01	9.631E-01	9.631E-01	65.100	90	89	90
AF-A0A191Z3S9-F1-model_v4_conserved	D2K7P0_conserved	9.844E-01	9.630E-01	9.630E-01	64.000	90	89	90
AF-A0A191Z3S9-F1-model_v4_conserved	E2GLP7_conserved	9.844E-01	9.630E-01	9.630E-01	65.100	90	89	90
AF-A0A191Z3S9-F1-model_v4_conserved	Q9X482_conserved	9.841E-01	9.627E-01	9.627E-01	64.000	90	89	90
AF-A0A191Z3S9-F1-model_v4_conserved	Q8GQK7_conserved	9.836E-01	9.623E-01	9.623E-01	60.600	90	89	90
AF-A0A191Z3S9-F1-model_v4_conserved	Q6JE29_conserved	9.838E-01	9.624E-01	9.624E-01	64.000	90	89	90
AF-A0A191Z3S9-F1-model_v4_conserved	Q9F921_conserved	9.830E-01	9.617E-01	9.617E-01	66.200	90	89	90
AF-A0A191Z3S9-F1-model_v4_conserved	AF-I0KEZ6-F1-model_v4_conserved	9.826E-01	9.613E-01	9.613E-01	50.500	90	89	90
AF-A0A191Z3S9-F1-model_v4_conserved	D2KCJ9_conserved	9.803E-01	9.591E-01	9.591E-01	65.100	90	89	90
AF-A0A191Z3S9-F1-model_v4_conserved	AF-A0A1L6K5Y5-F1-model_v4_conserved	9.793E-01	9.581E-01	9.581E-01	55.000	90	89	90
AF-A0A191Z3S9-F1-model_v4_conserved	AF-A0A6M4NN58-F1-model_v4_conserved	9.823E-01	9.610E-01	9.507E-01	56.600	90	90	91
AF-A0A191Z3S9-F1-model_v4_conserved	Q704V1_conserved	9.715E-01	9.610E-01	9.508E-01	50.500	90	91	91
AF-A0A191Z3S9-F1-model_v4_conserved	A0A650AXL4_conserved	9.787E-01	9.575E-01	9.473E-01	52.200	90	90	91
AF-A0A191Z3S9-F1-model_v4_conserved	AF-A0A1L6K5Z3-F1-model_v4_conserved	9.749E-01	9.539E-01	9.539E-01	50.500	90	89	90
AF-A0A191Z3S9-F1-model_v4_conserved	Q6SPY5_conserved	9.746E-01	9.536E-01	9.536E-01	47.100	90	89	90
AF-A0A191Z3S9-F1-model_v4_conserved	AF-A0A4Y8LBX5-F1-model_v4_conserved	9.776E-01	9.565E-01	9.462E-01	53.300	90	90	91
AF-A0A191Z3S9-F1-model_v4_conserved	P14488_conserved	9.733E-01	9.523E-01	9.523E-01	47.100	90	89	90
AF-A0A191Z3S9-F1-model_v4_conserved	SHD-1_conserved	9.769E-01	9.558E-01	9.456E-01	47.700	90	90	91
AF-A0A191Z3S9-F1-model_v4_conserved	P25910_conserved	9.766E-01	9.555E-01	9.454E-01	53.300	90	90	91
AF-A0A191Z3S9-F1-model_v4_conserved	AF-A0A7Y3W177-F1-model_v4_conserved	9.763E-01	9.552E-01	9.450E-01	50.000	90	90	91
AF-A0A191Z3S9-F1-model_v4_conserved	L7X1X1_conserved	9.760E-01	9.549E-01	9.448E-01	48.800	90	90	91
AF-A0A191Z3S9-F1-model_v4_conserved	AF-C5BSS3-F1-model_v4_conserved	9.754E-01	9.543E-01	9.442E-01	52.200	90	90	91
AF-A0A191Z3S9-F1-model_v4_conserved	ANA-1_conserved	9.750E-01	9.540E-01	9.438E-01	46.600	90	90	91
AF-A0A191Z3S9-F1-model_v4_conserved	L0N4W6_conserved	9.738E-01	9.528E-01	9.427E-01	52.200	90	90	91
AF-A0A191Z3S9-F1-model_v4_conserved	ALI-2_conserved	9.644E-01	9.541E-01	9.440E-01	57.100	90	91	91
AF-A0A191Z3S9-F1-model_v4_conserved	ALI-1_conserved	9.726E-01	9.517E-01	9.416E-01	53.300	90	90	91
AF-A0A191Z3S9-F1-model_v4_conserved	Q840P9_conserved	9.683E-01	9.476E-01	9.476E-01	56.100	90	89	90
AF-A0A191Z3S9-F1-model_v4_conserved	Q3YBY0_conserved	9.663E-01	9.456E-01	9.456E-01	51.600	90	89	90
AF-A0A191Z3S9-F1-model_v4_conserved	Q8GKX2_conserved	9.663E-01	9.456E-01	9.456E-01	51.600	90	89	90
AF-A0A191Z3S9-F1-model_v4_conserved	E5G503_conserved	9.662E-01	9.455E-01	9.455E-01	51.600	90	89	90
AF-A0A191Z3S9-F1-model_v4_conserved	Q9XAY4_conserved	9.660E-01	9.454E-01	9.454E-01	51.600	90	89	90
AF-A0A191Z3S9-F1-model_v4_conserved	Q2HY42_conserved	9.660E-01	9.454E-01	9.454E-01	51.600	90	89	90
AF-A0A191Z3S9-F1-model_v4_conserved	I3RJZ3_conserved	9.655E-01	9.449E-01	9.449E-01	52.800	90	89	90
AF-A0A191Z3S9-F1-model_v4_conserved	B4YAJ7_conserved	9.655E-01	9.448E-01	9.448E-01	52.800	90	89	90
AF-A0A191Z3S9-F1-model_v4_conserved	AF-Q12JE6-F1-model_v4_conserved	9.686E-01	9.478E-01	9.378E-01	53.300	90	90	91
AF-A0A191Z3S9-F1-model_v4_conserved	SPS-1_conserved	9.617E-01	9.413E-01	9.514E-01	46.000	90	89	89
AF-A0A191Z3S9-F1-model_v4_conserved	Q9F629_conserved	9.646E-01	9.440E-01	9.440E-01	52.800	90	89	90
AF-A0A191Z3S9-F1-model_v4_conserved	A7WPA3_conserved	9.644E-01	9.438E-01	9.438E-01	52.800	90	89	90
AF-A0A191Z3S9-F1-model_v4_conserved	A8R403_conserved	9.665E-01	9.458E-01	9.358E-01	53.300	90	90	91
AF-A0A191Z3S9-F1-model_v4_conserved	A0A161H7D8_conserved	9.661E-01	9.454E-01	9.354E-01	50.000	90	90	91
AF-A0A191Z3S9-F1-model_v4_conserved	STA-1_conserved	9.664E-01	9.457E-01	9.357E-01	47.700	90	90	91
AF-A0A191Z3S9-F1-model_v4_conserved	K7SA42_conserved	9.660E-01	9.454E-01	9.354E-01	44.400	90	90	91
AF-A0A191Z3S9-F1-model_v4_conserved	AF-A0A7U3MVS9-F1-model_v4_conserved	9.629E-01	9.424E-01	9.424E-01	52.800	90	89	90
AF-A0A191Z3S9-F1-model_v4_conserved	AF-G0L217-F1-model_v4_conserved	9.571E-01	9.366E-01	9.366E-01	47.700	90	90	90
AF-A0A191Z3S9-F1-model_v4_conserved	A0A097J9I0_conserved	9.620E-01	9.414E-01	9.315E-01	48.800	90	90	91
AF-A0A191Z3S9-F1-model_v4_conserved	A0A0H4IUK3_conserved	9.606E-01	9.401E-01	9.302E-01	47.700	90	90	91
AF-A0A191Z3S9-F1-model_v4_conserved	B0FWK3_conserved	9.602E-01	9.398E-01	9.299E-01	51.100	90	90	91
AF-A0A191Z3S9-F1-model_v4_conserved	Q70E85_conserved	9.602E-01	9.397E-01	9.298E-01	50.000	90	90	91
AF-A0A191Z3S9-F1-model_v4_conserved	AF-Q1DF71-F1-model_v4_conserved	9.610E-01	9.405E-01	9.306E-01	51.100	90	90	91
AF-A0A191Z3S9-F1-model_v4_conserved	Q9F6Z8_conserved	9.599E-01	9.394E-01	9.295E-01	50.000	90	90	91
AF-A0A191Z3S9-F1-model_v4_conserved	A0A0D5ZZW5_conserved	9.598E-01	9.394E-01	9.295E-01	51.100	90	90	91
AF-A0A191Z3S9-F1-model_v4_conserved	ORR-1_conserved	9.542E-01	9.338E-01	9.338E-01	50.000	90	90	90
AF-A0A191Z3S9-F1-model_v4_conserved	G4WB26_conserved	9.598E-01	9.393E-01	9.294E-01	50.000	90	90	91
AF-A0A191Z3S9-F1-model_v4_conserved	S5WLJ9_conserved	9.596E-01	9.392E-01	9.293E-01	48.800	90	90	91
AF-A0A191Z3S9-F1-model_v4_conserved	Q1A2Z1_conserved	9.596E-01	9.392E-01	9.293E-01	50.000	90	90	91
AF-A0A191Z3S9-F1-model_v4_conserved	B2ZTD9_conserved	9.595E-01	9.391E-01	9.292E-01	51.100	90	90	91
AF-A0A191Z3S9-F1-model_v4_conserved	Q8G9Q0_conserved	9.569E-01	9.366E-01	9.366E-01	51.600	90	89	90
AF-A0A191Z3S9-F1-model_v4_conserved	I7CP04_conserved	9.595E-01	9.391E-01	9.292E-01	48.800	90	90	91
AF-A0A191Z3S9-F1-model_v4_conserved	Q8VLM7_conserved	9.594E-01	9.390E-01	9.291E-01	48.800	90	90	91
AF-A0A191Z3S9-F1-model_v4_conserved	F8UQX1_conserved	9.594E-01	9.389E-01	9.291E-01	50.000	90	90	91
AF-A0A191Z3S9-F1-model_v4_conserved	Q8GIW8_conserved	9.592E-01	9.388E-01	9.289E-01	47.700	90	90	91
AF-A0A191Z3S9-F1-model_v4_conserved	A0A0S2MTX2_conserved	9.592E-01	9.388E-01	9.289E-01	48.800	90	90	91
AF-A0A191Z3S9-F1-model_v4_conserved	A8QUY6_conserved	9.591E-01	9.387E-01	9.288E-01	47.700	90	90	91
AF-A0A191Z3S9-F1-model_v4_conserved	Q79MP6_conserved	9.590E-01	9.385E-01	9.287E-01	50.000	90	90	91
AF-A0A191Z3S9-F1-model_v4_conserved	Q9AHY6_conserved	9.590E-01	9.386E-01	9.287E-01	50.000	90	90	91
AF-A0A191Z3S9-F1-model_v4_conserved	Q53CM3_conserved	9.589E-01	9.385E-01	9.286E-01	48.800	90	90	91
AF-A0A191Z3S9-F1-model_v4_conserved	F5ANL2_conserved	9.589E-01	9.385E-01	9.286E-01	50.000	90	90	91
AF-A0A191Z3S9-F1-model_v4_conserved	AF-A0A7T8ZCD9-F1-model_v4_conserved	9.532E-01	9.329E-01	9.329E-01	48.800	90	90	90
AF-A0A191Z3S9-F1-model_v4_conserved	AF-A0A6B7ELH8-F1-model_v4_conserved	9.530E-01	9.327E-01	9.327E-01	54.400	90	90	90
AF-A0A191Z3S9-F1-model_v4_conserved	ECV-1_conserved	9.531E-01	9.328E-01	9.328E-01	47.700	90	90	90
AF-A0A191Z3S9-F1-model_v4_conserved	A0A3G3C0Q6_conserved	9.592E-01	9.388E-01	9.290E-01	36.600	90	90	91
AF-A0A191Z3S9-F1-model_v4_conserved	A0A1Z3FWF5_conserved	9.590E-01	9.386E-01	9.287E-01	36.600	90	90	91
AF-A0A191Z3S9-F1-model_v4_conserved	AF-A0A8E7DAJ6-F1-model_v6_conserved	9.589E-01	9.385E-01	9.287E-01	37.700	90	90	91
AF-A0A191Z3S9-F1-model_v4_conserved	A0A1P8VH15_conserved	9.588E-01	9.384E-01	9.286E-01	36.600	90	90	91
AF-A0A191Z3S9-F1-model_v4_conserved	S5ZIP8_conserved	9.586E-01	9.382E-01	9.284E-01	36.600	90	90	91
AF-A0A191Z3S9-F1-model_v4_conserved	A0A1P8C735_conserved	9.586E-01	9.382E-01	9.284E-01	37.700	90	90	91
AF-A0A191Z3S9-F1-model_v4_conserved	A0A0B5ECY2_conserved	9.585E-01	9.382E-01	9.283E-01	36.600	90	90	91
AF-A0A191Z3S9-F1-model_v4_conserved	Q7WYA8_conserved	9.575E-01	9.371E-01	9.273E-01	48.800	90	90	91
AF-A0A191Z3S9-F1-model_v4_conserved	AF-A0A3G5BD68-F1-model_v4_conserved	9.583E-01	9.379E-01	9.281E-01	36.600	90	90	91
AF-A0A191Z3S9-F1-model_v4_conserved	G9JKG5_conserved	9.568E-01	9.365E-01	9.266E-01	47.700	90	90	91
AF-A0A191Z3S9-F1-model_v4_conserved	AF-A0A1B2F003-F1-model_v4_conserved	9.567E-01	9.363E-01	9.265E-01	53.300	90	90	91
AF-A0A191Z3S9-F1-model_v4_conserved	BMHC-1_conserved	9.510E-01	9.307E-01	9.307E-01	50.000	90	90	90
AF-A0A191Z3S9-F1-model_v4_conserved	AF-A0A0U3H0V9-F1-model_v4_conserved	9.442E-01	9.242E-01	9.341E-01	50.000	90	90	89
AF-A0A3G5BD68-F1-model_v4_conserved	AF-A0A3G5BD68-F1-model_v4_conserved	1.011E+00	1.000E+00	1.000E+00	100.000	91	91	91
AF-A0A3G5BD68-F1-model_v4_conserved	A0A1P8VH15_conserved	1.001E+00	9.903E-01	9.903E-01	95.600	91	91	91
AF-A0A3G5BD68-F1-model_v4_conserved	A0A1P8C735_conserved	1.011E+00	9.884E-01	9.884E-01	97.700	91	90	91
AF-A0A3G5BD68-F1-model_v4_conserved	AF-A0A8E7DAJ6-F1-model_v6_conserved	1.011E+00	9.883E-01	9.883E-01	97.700	91	90	91
AF-A0A3G5BD68-F1-model_v4_conserved	S5ZIP8_conserved	1.010E+00	9.883E-01	9.883E-01	96.600	91	90	91
AF-A0A3G5BD68-F1-model_v4_conserved	A0A1Z3FWF5_conserved	1.010E+00	9.883E-01	9.883E-01	96.600	91	90	91
AF-A0A3G5BD68-F1-model_v4_conserved	A0A0B5ECY2_conserved	1.010E+00	9.883E-01	9.883E-01	96.600	91	90	91
AF-A0A3G5BD68-F1-model_v4_conserved	A0A3G3C0Q6_conserved	1.010E+00	9.882E-01	9.882E-01	96.600	91	90	91
AF-A0A3G5BD68-F1-model_v4_conserved	K7SA42_conserved	9.884E-01	9.671E-01	9.671E-01	73.300	91	90	91
AF-A0A3G5BD68-F1-model_v4_conserved	Q53BU1_conserved	9.829E-01	9.618E-01	9.722E-01	46.600	91	90	90
AF-A0A3G5BD68-F1-model_v4_conserved	Q704V1_conserved	9.861E-01	9.649E-01	9.649E-01	47.700	91	90	91
AF-A0A3G5BD68-F1-model_v4_conserved	Q53BU0_conserved	9.817E-01	9.607E-01	9.711E-01	47.700	91	90	90
AF-A0A3G5BD68-F1-model_v4_conserved	AF-C5BSS3-F1-model_v4_conserved	9.853E-01	9.642E-01	9.642E-01	53.300	91	90	91
AF-A0A3G5BD68-F1-model_v4_conserved	L7X1X1_conserved	9.853E-01	9.641E-01	9.641E-01	55.500	91	90	91
AF-A0A3G5BD68-F1-model_v4_conserved	L0N4W6_conserved	9.846E-01	9.635E-01	9.635E-01	53.300	91	90	91
AF-A0A3G5BD68-F1-model_v4_conserved	AF-A0A7Y3W177-F1-model_v4_conserved	9.840E-01	9.629E-01	9.629E-01	50.000	91	90	91
AF-A0A3G5BD68-F1-model_v4_conserved	AF-Q12JE6-F1-model_v4_conserved	9.833E-01	9.623E-01	9.623E-01	52.200	91	90	91
AF-A0A3G5BD68-F1-model_v4_conserved	SHD-1_conserved	9.833E-01	9.622E-01	9.622E-01	50.000	91	90	91
AF-A0A3G5BD68-F1-model_v4_conserved	AF-Q1DF71-F1-model_v4_conserved	9.823E-01	9.613E-01	9.613E-01	52.200	91	90	91
AF-A0A3G5BD68-F1-model_v4_conserved	A0A650AXL4_conserved	9.821E-01	9.611E-01	9.611E-01	52.200	91	90	91
AF-A0A3G5BD68-F1-model_v4_conserved	AF-A0A6M4NN58-F1-model_v4_conserved	9.815E-01	9.605E-01	9.605E-01	51.100	91	90	91
AF-A0A3G5BD68-F1-model_v4_conserved	AF-A0A1L6K5Z3-F1-model_v4_conserved	9.847E-01	9.530E-01	9.633E-01	54.400	91	90	90
AF-A0A3G5BD68-F1-model_v4_conserved	STA-1_conserved	9.806E-01	9.596E-01	9.596E-01	50.000	91	90	91
AF-A0A3G5BD68-F1-model_v4_conserved	A8R403_conserved	9.796E-01	9.586E-01	9.586E-01	53.300	91	90	91
AF-A0A3G5BD68-F1-model_v4_conserved	A0A161H7D8_conserved	9.787E-01	9.578E-01	9.578E-01	51.100	91	90	91
AF-A0A3G5BD68-F1-model_v4_conserved	F8UQX1_conserved	9.785E-01	9.576E-01	9.576E-01	54.400	91	90	91
AF-A0A3G5BD68-F1-model_v4_conserved	AF-A0A6B7ELH8-F1-model_v4_conserved	9.820E-01	9.505E-01	9.608E-01	43.300	91	90	90
AF-A0A3G5BD68-F1-model_v4_conserved	G4WB26_conserved	9.773E-01	9.565E-01	9.565E-01	53.300	91	90	91
AF-A0A3G5BD68-F1-model_v4_conserved	A0A0D5ZZW5_conserved	9.768E-01	9.559E-01	9.559E-01	52.200	91	90	91
AF-A0A3G5BD68-F1-model_v4_conserved	Q53CM3_conserved	9.768E-01	9.560E-01	9.560E-01	53.300	91	90	91
AF-A0A3G5BD68-F1-model_v4_conserved	Q70E85_conserved	9.767E-01	9.559E-01	9.559E-01	53.300	91	90	91
AF-A0A3G5BD68-F1-model_v4_conserved	AF-A0A1L6K5Y5-F1-model_v4_conserved	9.808E-01	9.493E-01	9.596E-01	50.000	91	90	90
AF-A0A3G5BD68-F1-model_v4_conserved	B0FWK3_conserved	9.767E-01	9.558E-01	9.558E-01	48.800	91	90	91
AF-A0A3G5BD68-F1-model_v4_conserved	Q9AHY6_conserved	9.765E-01	9.557E-01	9.557E-01	53.300	91	90	91
AF-A0A3G5BD68-F1-model_v4_conserved	Q8VLM7_conserved	9.764E-01	9.556E-01	9.556E-01	54.400	91	90	91
AF-A0A3G5BD68-F1-model_v4_conserved	I7CP04_conserved	9.763E-01	9.555E-01	9.555E-01	52.200	91	90	91
AF-A0A3G5BD68-F1-model_v4_conserved	AF-G0L217-F1-model_v4_conserved	9.807E-01	9.493E-01	9.595E-01	40.000	91	90	90
AF-A0A3G5BD68-F1-model_v4_conserved	BMHC-1_conserved	9.809E-01	9.495E-01	9.597E-01	46.600	91	90	90
AF-A0A3G5BD68-F1-model_v4_conserved	F5ANL2_conserved	9.761E-01	9.553E-01	9.553E-01	53.300	91	90	91
AF-A0A3G5BD68-F1-model_v4_conserved	A8QUY6_conserved	9.761E-01	9.553E-01	9.553E-01	54.400	91	90	91
AF-A0A3G5BD68-F1-model_v4_conserved	S5WLJ9_conserved	9.761E-01	9.553E-01	9.553E-01	52.200	91	90	91
AF-A0A3G5BD68-F1-model_v4_conserved	Q8GIW8_conserved	9.761E-01	9.553E-01	9.553E-01	54.400	91	90	91
AF-A0A3G5BD68-F1-model_v4_conserved	Q9F6Z8_conserved	9.758E-01	9.550E-01	9.550E-01	55.500	91	90	91
AF-A0A3G5BD68-F1-model_v4_conserved	Q7WYA8_conserved	9.758E-01	9.550E-01	9.550E-01	55.500	91	90	91
AF-A0A3G5BD68-F1-model_v4_conserved	G9JKG5_conserved	9.757E-01	9.550E-01	9.550E-01	54.400	91	90	91
AF-A0A3G5BD68-F1-model_v4_conserved	ECV-1_conserved	9.802E-01	9.488E-01	9.591E-01	45.500	91	90	90
AF-A0A3G5BD68-F1-model_v4_conserved	Q1A2Z1_conserved	9.756E-01	9.548E-01	9.548E-01	53.300	91	90	91
AF-A0A3G5BD68-F1-model_v4_conserved	Q79MP6_conserved	9.756E-01	9.548E-01	9.548E-01	55.500	91	90	91
AF-A0A3G5BD68-F1-model_v4_conserved	AF-A0A4Y8LBX5-F1-model_v4_conserved	9.762E-01	9.554E-01	9.554E-01	58.800	91	90	91
AF-A0A3G5BD68-F1-model_v4_conserved	A0A0S2MTX2_conserved	9.755E-01	9.547E-01	9.547E-01	54.400	91	90	91
AF-A0A3G5BD68-F1-model_v4_conserved	A0A0H4IUK3_conserved	9.755E-01	9.547E-01	9.547E-01	53.300	91	90	91
AF-A0A3G5BD68-F1-model_v4_conserved	B2ZTD9_conserved	9.752E-01	9.544E-01	9.544E-01	55.500	91	90	91
AF-A0A3G5BD68-F1-model_v4_conserved	A0A097J9I0_conserved	9.749E-01	9.542E-01	9.542E-01	52.200	91	90	91
AF-A0A3G5BD68-F1-model_v4_conserved	ANA-1_conserved	9.748E-01	9.540E-01	9.540E-01	50.000	91	90	91
AF-A0A3G5BD68-F1-model_v4_conserved	AF-A0A7T8ZCD9-F1-model_v4_conserved	9.793E-01	9.479E-01	9.581E-01	44.400	91	90	90
AF-A0A3G5BD68-F1-model_v4_conserved	ORR-1_conserved	9.780E-01	9.468E-01	9.570E-01	44.400	91	90	90
AF-A0A3G5BD68-F1-model_v4_conserved	P14488_conserved	9.776E-01	9.464E-01	9.566E-01	51.100	91	90	90
AF-A0A3G5BD68-F1-model_v4_conserved	Q6SPY5_conserved	9.771E-01	9.459E-01	9.561E-01	50.000	91	90	90
AF-A0A3G5BD68-F1-model_v4_conserved	AF-A0A1B2F003-F1-model_v4_conserved	9.722E-01	9.516E-01	9.516E-01	51.100	91	90	91
AF-A0A3G5BD68-F1-model_v4_conserved	AF-I0KEZ6-F1-model_v4_conserved	9.756E-01	9.445E-01	9.546E-01	48.800	91	90	90
AF-A0A3G5BD68-F1-model_v4_conserved	P25910_conserved	9.705E-01	9.500E-01	9.500E-01	48.800	91	90	91
AF-A0A3G5BD68-F1-model_v4_conserved	AF-A0A0U3H0V9-F1-model_v4_conserved	9.682E-01	9.374E-01	9.577E-01	40.000	91	90	89
AF-A0A3G5BD68-F1-model_v4_conserved	Q8GKX2_conserved	9.725E-01	9.416E-01	9.517E-01	52.200	91	90	90
AF-A0A3G5BD68-F1-model_v4_conserved	Q9XAY4_conserved	9.723E-01	9.414E-01	9.514E-01	52.200	91	90	90
AF-A0A3G5BD68-F1-model_v4_conserved	Q2HY42_conserved	9.725E-01	9.415E-01	9.516E-01	51.100	91	90	90
AF-A0A3G5BD68-F1-model_v4_conserved	Q840P9_conserved	9.722E-01	9.413E-01	9.514E-01	46.600	91	90	90
AF-A0A3G5BD68-F1-model_v4_conserved	ALI-1_conserved	9.647E-01	9.442E-01	9.442E-01	43.900	91	91	91
AF-A0A3G5BD68-F1-model_v4_conserved	Q3YBY0_conserved	9.711E-01	9.402E-01	9.503E-01	52.200	91	90	90
AF-A0A3G5BD68-F1-model_v4_conserved	E5G503_conserved	9.710E-01	9.402E-01	9.502E-01	52.200	91	90	90
AF-A0A3G5BD68-F1-model_v4_conserved	ALI-2_conserved	9.643E-01	9.438E-01	9.438E-01	47.200	91	91	91
AF-A0A3G5BD68-F1-model_v4_conserved	A0A0C5L398_conserved	9.705E-01	9.396E-01	9.497E-01	42.200	91	90	90
AF-A0A3G5BD68-F1-model_v4_conserved	B4YAJ7_conserved	9.695E-01	9.387E-01	9.487E-01	53.300	91	90	90
AF-A0A3G5BD68-F1-model_v4_conserved	I3RJZ3_conserved	9.694E-01	9.386E-01	9.486E-01	53.300	91	90	90
AF-A0A3G5BD68-F1-model_v4_conserved	A7WPA3_conserved	9.681E-01	9.374E-01	9.475E-01	53.300	91	90	90
AF-A0A3G5BD68-F1-model_v4_conserved	Q9F629_conserved	9.680E-01	9.373E-01	9.473E-01	53.300	91	90	90
AF-A0A3G5BD68-F1-model_v4_conserved	AF-A0A7U3MVS9-F1-model_v4_conserved	9.665E-01	9.359E-01	9.459E-01	37.700	91	90	90
AF-A0A3G5BD68-F1-model_v4_conserved	A0A2R4PHC7_conserved	9.624E-01	9.320E-01	9.419E-01	48.800	91	90	90
AF-A0A3G5BD68-F1-model_v4_conserved	SPS-1_conserved	9.591E-01	9.290E-01	9.489E-01	36.600	91	90	89
AF-A0A3G5BD68-F1-model_v4_conserved	Q8G9Q0_conserved	9.629E-01	9.325E-01	9.424E-01	38.800	91	90	90
AF-A0A3G5BD68-F1-model_v4_conserved	AF-A0A844TY23-F1-model_v4_conserved	9.593E-01	9.291E-01	9.389E-01	46.600	91	90	90
AF-A0A3G5BD68-F1-model_v4_conserved	Q8GPN1_conserved	9.592E-01	9.290E-01	9.389E-01	43.300	91	90	90
AF-A0A3G5BD68-F1-model_v4_conserved	AF-A0A191Z3S9-F1-model_v4_conserved	9.583E-01	9.281E-01	9.379E-01	36.600	91	90	90
AF-A0A3G5BD68-F1-model_v4_conserved	Q8RMB8_conserved	9.574E-01	9.273E-01	9.371E-01	43.300	91	90	90
AF-A0A3G5BD68-F1-model_v4_conserved	Q8GPN2_conserved	9.568E-01	9.267E-01	9.366E-01	42.200	91	90	90
AF-A0A3G5BD68-F1-model_v4_conserved	A0A0H3YDR5_conserved	9.569E-01	9.268E-01	9.366E-01	41.100	91	90	90
AF-A0A3G5BD68-F1-model_v4_conserved	A0A077EG89_conserved	9.505E-01	9.208E-01	9.305E-01	38.800	91	90	90
AF-A0A3G5BD68-F1-model_v4_conserved	AF-Q9RB01-F1-model_v4_conserved	9.493E-01	9.197E-01	9.293E-01	37.700	91	90	90
AF-A0A3G5BD68-F1-model_v4_conserved	A0A0N9HJI8_conserved	9.470E-01	9.174E-01	9.271E-01	36.600	91	90	90
AF-A0A3G5BD68-F1-model_v4_conserved	Q9ETN2_conserved	9.475E-01	9.179E-01	9.276E-01	37.700	91	90	90
AF-A0A3G5BD68-F1-model_v4_conserved	Q08I33_conserved	9.473E-01	9.178E-01	9.275E-01	37.700	91	90	90
AF-A0A3G5BD68-F1-model_v4_conserved	Q8VT48_conserved	9.451E-01	9.157E-01	9.253E-01	38.800	91	90	90
AF-A0A3G5BD68-F1-model_v4_conserved	Q9F921_conserved	9.441E-01	9.148E-01	9.243E-01	37.700	91	90	90
AF-A0A3G5BD68-F1-model_v4_conserved	Q8GQK7_conserved	9.429E-01	9.136E-01	9.232E-01	36.600	91	90	90
AF-A0A3G5BD68-F1-model_v4_conserved	D2K7P0_conserved	9.438E-01	9.145E-01	9.240E-01	37.700	91	90	90
AF-A0A3G5BD68-F1-model_v4_conserved	E2GLP7_conserved	9.426E-01	9.134E-01	9.229E-01	36.600	91	90	90
AF-A0A3G5BD68-F1-model_v4_conserved	D2KCJ9_conserved	9.419E-01	9.126E-01	9.222E-01	36.600	91	90	90
AF-A0A3G5BD68-F1-model_v4_conserved	Q9EU43_conserved	9.419E-01	9.127E-01	9.222E-01	36.600	91	90	90
AF-A0A3G5BD68-F1-model_v4_conserved	Q6JE29_conserved	9.414E-01	9.122E-01	9.218E-01	37.700	91	90	90
AF-A0A3G5BD68-F1-model_v4_conserved	Q9X482_conserved	9.411E-01	9.119E-01	9.214E-01	37.700	91	90	90
AF-A0A6M4NN58-F1-model_v4_conserved	AF-A0A6M4NN58-F1-model_v4_conserved	1.011E+00	1.000E+00	1.000E+00	100.000	91	91	91
AF-A0A6M4NN58-F1-model_v4_conserved	A0A650AXL4_conserved	1.009E+00	9.867E-01	9.867E-01	90.000	91	90	91
AF-A0A6M4NN58-F1-model_v4_conserved	AF-A0A7Y3W177-F1-model_v4_conserved	1.003E+00	9.815E-01	9.815E-01	70.000	91	90	91
AF-A0A6M4NN58-F1-model_v4_conserved	L7X1X1_conserved	1.002E+00	9.806E-01	9.806E-01	67.700	91	90	91
AF-A0A6M4NN58-F1-model_v4_conserved	AF-C5BSS3-F1-model_v4_conserved	1.002E+00	9.803E-01	9.803E-01	71.100	91	90	91
AF-A0A6M4NN58-F1-model_v4_conserved	SHD-1_conserved	1.002E+00	9.800E-01	9.800E-01	67.700	91	90	91
AF-A0A6M4NN58-F1-model_v4_conserved	Q53BU0_conserved	9.975E-01	9.759E-01	9.866E-01	63.300	91	90	90
AF-A0A6M4NN58-F1-model_v4_conserved	Q704V1_conserved	1.001E+00	9.794E-01	9.794E-01	67.700	91	90	91
AF-A0A6M4NN58-F1-model_v4_conserved	L0N4W6_conserved	1.001E+00	9.789E-01	9.789E-01	70.000	91	90	91
AF-A0A6M4NN58-F1-model_v4_conserved	Q53BU1_conserved	9.949E-01	9.734E-01	9.840E-01	65.500	91	90	90
AF-A0A6M4NN58-F1-model_v4_conserved	AF-A0A1L6K5Z3-F1-model_v4_conserved	1.003E+00	9.697E-01	9.804E-01	65.500	91	90	90
AF-A0A6M4NN58-F1-model_v4_conserved	AF-Q12JE6-F1-model_v4_conserved	9.981E-01	9.764E-01	9.764E-01	80.000	91	90	91
AF-A0A6M4NN58-F1-model_v4_conserved	A0A161H7D8_conserved	9.955E-01	9.739E-01	9.739E-01	68.800	91	90	91
AF-A0A6M4NN58-F1-model_v4_conserved	A8R403_conserved	9.948E-01	9.732E-01	9.732E-01	68.800	91	90	91
AF-A0A6M4NN58-F1-model_v4_conserved	A0A0D5ZZW5_conserved	9.910E-01	9.696E-01	9.696E-01	70.000	91	90	91
AF-A0A6M4NN58-F1-model_v4_conserved	F8UQX1_conserved	9.910E-01	9.696E-01	9.696E-01	67.700	91	90	91
AF-A0A6M4NN58-F1-model_v4_conserved	G4WB26_conserved	9.908E-01	9.694E-01	9.694E-01	68.800	91	90	91
AF-A0A6M4NN58-F1-model_v4_conserved	B0FWK3_conserved	9.906E-01	9.692E-01	9.692E-01	68.800	91	90	91
AF-A0A6M4NN58-F1-model_v4_conserved	Q9F6Z8_conserved	9.905E-01	9.691E-01	9.691E-01	67.700	91	90	91
AF-A0A6M4NN58-F1-model_v4_conserved	Q8VLM7_conserved	9.905E-01	9.691E-01	9.691E-01	68.800	91	90	91
AF-A0A6M4NN58-F1-model_v4_conserved	A0A0H4IUK3_conserved	9.807E-01	9.701E-01	9.701E-01	67.000	91	91	91
AF-A0A6M4NN58-F1-model_v4_conserved	Q53CM3_conserved	9.903E-01	9.689E-01	9.689E-01	67.700	91	90	91
AF-A0A6M4NN58-F1-model_v4_conserved	S5WLJ9_conserved	9.902E-01	9.688E-01	9.688E-01	67.700	91	90	91
AF-A0A6M4NN58-F1-model_v4_conserved	Q8GIW8_conserved	9.901E-01	9.688E-01	9.688E-01	67.700	91	90	91
AF-A0A6M4NN58-F1-model_v4_conserved	A8QUY6_conserved	9.901E-01	9.687E-01	9.687E-01	67.700	91	90	91
AF-A0A6M4NN58-F1-model_v4_conserved	Q1A2Z1_conserved	9.901E-01	9.687E-01	9.687E-01	67.700	91	90	91
AF-A0A6M4NN58-F1-model_v4_conserved	Q9AHY6_conserved	9.901E-01	9.687E-01	9.687E-01	68.800	91	90	91
AF-A0A6M4NN58-F1-model_v4_conserved	A0A097J9I0_conserved	9.901E-01	9.687E-01	9.687E-01	67.700	91	90	91
AF-A0A6M4NN58-F1-model_v4_conserved	B2ZTD9_conserved	9.901E-01	9.687E-01	9.687E-01	66.600	91	90	91
AF-A0A6M4NN58-F1-model_v4_conserved	I7CP04_conserved	9.900E-01	9.687E-01	9.687E-01	67.700	91	90	91
AF-A0A6M4NN58-F1-model_v4_conserved	Q70E85_conserved	9.900E-01	9.686E-01	9.686E-01	68.800	91	90	91
AF-A0A6M4NN58-F1-model_v4_conserved	F5ANL2_conserved	9.899E-01	9.685E-01	9.685E-01	68.800	91	90	91
AF-A0A6M4NN58-F1-model_v4_conserved	Q79MP6_conserved	9.898E-01	9.685E-01	9.685E-01	67.700	91	90	91
AF-A0A6M4NN58-F1-model_v4_conserved	Q7WYA8_conserved	9.897E-01	9.683E-01	9.683E-01	66.600	91	90	91
AF-A0A6M4NN58-F1-model_v4_conserved	A0A0S2MTX2_conserved	9.896E-01	9.683E-01	9.683E-01	66.600	91	90	91
AF-A0A6M4NN58-F1-model_v4_conserved	G9JKG5_conserved	9.890E-01	9.677E-01	9.677E-01	67.700	91	90	91
AF-A0A6M4NN58-F1-model_v4_conserved	K7SA42_conserved	9.892E-01	9.679E-01	9.679E-01	53.300	91	90	91
AF-A0A6M4NN58-F1-model_v4_conserved	AF-A0A1B2F003-F1-model_v4_conserved	9.883E-01	9.670E-01	9.670E-01	68.800	91	90	91
AF-A0A6M4NN58-F1-model_v4_conserved	AF-A0A1L6K5Y5-F1-model_v4_conserved	9.925E-01	9.603E-01	9.708E-01	60.000	91	90	90
AF-A0A6M4NN58-F1-model_v4_conserved	AF-A0A4Y8LBX5-F1-model_v4_conserved	9.871E-01	9.659E-01	9.659E-01	68.800	91	90	91
AF-A0A6M4NN58-F1-model_v4_conserved	A0A0C5L398_conserved	9.911E-01	9.591E-01	9.695E-01	51.100	91	90	90
AF-A0A6M4NN58-F1-model_v4_conserved	ALI-2_conserved	9.808E-01	9.596E-01	9.596E-01	64.800	91	91	91
AF-A0A6M4NN58-F1-model_v4_conserved	ALI-1_conserved	9.806E-01	9.595E-01	9.595E-01	61.500	91	91	91
AF-A0A6M4NN58-F1-model_v4_conserved	Q6SPY5_conserved	9.867E-01	9.549E-01	9.653E-01	60.000	91	90	90
AF-A0A6M4NN58-F1-model_v4_conserved	Q8RMB8_conserved	9.864E-01	9.546E-01	9.649E-01	52.200	91	90	90
AF-A0A6M4NN58-F1-model_v4_conserved	Q8GPN1_conserved	9.764E-01	9.555E-01	9.659E-01	52.700	91	91	90
AF-A0A6M4NN58-F1-model_v4_conserved	P14488_conserved	9.863E-01	9.545E-01	9.649E-01	58.800	91	90	90
AF-A0A6M4NN58-F1-model_v4_conserved	A0A2R4PHC7_conserved	9.854E-01	9.537E-01	9.640E-01	57.700	91	90	90
AF-A0A6M4NN58-F1-model_v4_conserved	AF-A0A3G5BD68-F1-model_v4_conserved	9.815E-01	9.605E-01	9.605E-01	51.100	91	90	91
AF-A0A6M4NN58-F1-model_v4_conserved	AF-A0A844TY23-F1-model_v4_conserved	9.840E-01	9.523E-01	9.627E-01	55.500	91	90	90
AF-A0A6M4NN58-F1-model_v4_conserved	STA-1_conserved	9.805E-01	9.596E-01	9.596E-01	54.400	91	90	91
AF-A0A6M4NN58-F1-model_v4_conserved	AF-I0KEZ6-F1-model_v4_conserved	9.845E-01	9.528E-01	9.631E-01	58.800	91	90	90
AF-A0A6M4NN58-F1-model_v4_conserved	AF-A0A8E7DAJ6-F1-model_v6_conserved	9.803E-01	9.593E-01	9.593E-01	52.200	91	90	91
AF-A0A6M4NN58-F1-model_v4_conserved	A0A3G3C0Q6_conserved	9.801E-01	9.592E-01	9.592E-01	51.100	91	90	91
AF-A0A6M4NN58-F1-model_v4_conserved	A0A1P8VH15_conserved	9.801E-01	9.592E-01	9.592E-01	51.100	91	90	91
AF-A0A6M4NN58-F1-model_v4_conserved	AF-Q1DF71-F1-model_v4_conserved	9.799E-01	9.590E-01	9.590E-01	58.800	91	90	91
AF-A0A6M4NN58-F1-model_v4_conserved	A0A1Z3FWF5_conserved	9.800E-01	9.591E-01	9.591E-01	51.100	91	90	91
AF-A0A6M4NN58-F1-model_v4_conserved	S5ZIP8_conserved	9.800E-01	9.591E-01	9.591E-01	51.100	91	90	91
AF-A0A6M4NN58-F1-model_v4_conserved	A0A0H3YDR5_conserved	9.830E-01	9.514E-01	9.617E-01	53.300	91	90	90
AF-A0A6M4NN58-F1-model_v4_conserved	A0A0B5ECY2_conserved	9.798E-01	9.589E-01	9.589E-01	51.100	91	90	91
AF-A0A6M4NN58-F1-model_v4_conserved	A0A1P8C735_conserved	9.798E-01	9.589E-01	9.589E-01	52.200	91	90	91
AF-A0A6M4NN58-F1-model_v4_conserved	AF-G0L217-F1-model_v4_conserved	9.833E-01	9.517E-01	9.620E-01	54.400	91	90	90
AF-A0A6M4NN58-F1-model_v4_conserved	Q8GPN2_conserved	9.824E-01	9.508E-01	9.611E-01	52.200	91	90	90
AF-A0A6M4NN58-F1-model_v4_conserved	AF-A0A191Z3S9-F1-model_v4_conserved	9.823E-01	9.507E-01	9.610E-01	56.600	91	90	90
AF-A0A6M4NN58-F1-model_v4_conserved	ANA-1_conserved	9.780E-01	9.571E-01	9.571E-01	56.600	91	90	91
AF-A0A6M4NN58-F1-model_v4_conserved	AF-A0A6B7ELH8-F1-model_v4_conserved	9.824E-01	9.508E-01	9.611E-01	58.800	91	90	90
AF-A0A6M4NN58-F1-model_v4_conserved	ORR-1_conserved	9.818E-01	9.503E-01	9.605E-01	60.000	91	90	90
AF-A0A6M4NN58-F1-model_v4_conserved	AF-A0A7T8ZCD9-F1-model_v4_conserved	9.810E-01	9.495E-01	9.598E-01	55.500	91	90	90
AF-A0A6M4NN58-F1-model_v4_conserved	ECV-1_conserved	9.805E-01	9.491E-01	9.593E-01	54.400	91	90	90
AF-A0A6M4NN58-F1-model_v4_conserved	P25910_conserved	9.761E-01	9.554E-01	9.554E-01	58.800	91	90	91
AF-A0A6M4NN58-F1-model_v4_conserved	BMHC-1_conserved	9.794E-01	9.480E-01	9.582E-01	55.500	91	90	90
AF-A0A6M4NN58-F1-model_v4_conserved	AF-A0A0U3H0V9-F1-model_v4_conserved	9.713E-01	9.403E-01	9.608E-01	55.500	91	90	89
AF-A0A6M4NN58-F1-model_v4_conserved	Q840P9_conserved	9.764E-01	9.452E-01	9.554E-01	58.800	91	90	90
AF-A0A6M4NN58-F1-model_v4_conserved	Q9ETN2_conserved	9.755E-01	9.443E-01	9.545E-01	60.000	91	90	90
AF-A0A6M4NN58-F1-model_v4_conserved	Q8GKX2_conserved	9.755E-01	9.444E-01	9.545E-01	60.000	91	90	90
AF-A0A6M4NN58-F1-model_v4_conserved	Q2HY42_conserved	9.752E-01	9.441E-01	9.543E-01	58.800	91	90	90
AF-A0A6M4NN58-F1-model_v4_conserved	Q9XAY4_conserved	9.751E-01	9.440E-01	9.541E-01	60.000	91	90	90
AF-A0A6M4NN58-F1-model_v4_conserved	Q3YBY0_conserved	9.748E-01	9.437E-01	9.538E-01	60.000	91	90	90
AF-A0A6M4NN58-F1-model_v4_conserved	Q08I33_conserved	9.742E-01	9.431E-01	9.532E-01	57.700	91	90	90
AF-A0A6M4NN58-F1-model_v4_conserved	E5G503_conserved	9.747E-01	9.436E-01	9.537E-01	60.000	91	90	90
AF-A0A6M4NN58-F1-model_v4_conserved	A0A0N9HJI8_conserved	9.730E-01	9.419E-01	9.520E-01	56.600	91	90	90
AF-A0A6M4NN58-F1-model_v4_conserved	Q9F921_conserved	9.735E-01	9.424E-01	9.525E-01	57.700	91	90	90
AF-A0A6M4NN58-F1-model_v4_conserved	Q8VT48_conserved	9.731E-01	9.421E-01	9.522E-01	56.600	91	90	90
AF-A0A6M4NN58-F1-model_v4_conserved	E2GLP7_conserved	9.729E-01	9.419E-01	9.520E-01	58.800	91	90	90
AF-A0A6M4NN58-F1-model_v4_conserved	I3RJZ3_conserved	9.734E-01	9.424E-01	9.525E-01	58.800	91	90	90
AF-A0A6M4NN58-F1-model_v4_conserved	B4YAJ7_conserved	9.730E-01	9.420E-01	9.521E-01	58.800	91	90	90
AF-A0A6M4NN58-F1-model_v4_conserved	Q9EU43_conserved	9.723E-01	9.413E-01	9.514E-01	58.800	91	90	90
AF-A0A6M4NN58-F1-model_v4_conserved	AF-Q9RB01-F1-model_v4_conserved	9.724E-01	9.414E-01	9.515E-01	52.200	91	90	90
AF-A0A6M4NN58-F1-model_v4_conserved	A0A077EG89_conserved	9.725E-01	9.415E-01	9.516E-01	53.300	91	90	90
AF-A0A6M4NN58-F1-model_v4_conserved	D2K7P0_conserved	9.720E-01	9.410E-01	9.511E-01	57.700	91	90	90
AF-A0A6M4NN58-F1-model_v4_conserved	Q6JE29_conserved	9.718E-01	9.409E-01	9.510E-01	57.700	91	90	90
AF-A0A6M4NN58-F1-model_v4_conserved	A7WPA3_conserved	9.721E-01	9.411E-01	9.512E-01	58.800	91	90	90
AF-A0A6M4NN58-F1-model_v4_conserved	Q9X482_conserved	9.717E-01	9.407E-01	9.508E-01	57.700	91	90	90
AF-A0A6M4NN58-F1-model_v4_conserved	Q9F629_conserved	9.719E-01	9.410E-01	9.511E-01	58.800	91	90	90
AF-A0A6M4NN58-F1-model_v4_conserved	Q8GQK7_conserved	9.697E-01	9.388E-01	9.489E-01	56.600	91	90	90
AF-A0A6M4NN58-F1-model_v4_conserved	AF-A0A7U3MVS9-F1-model_v4_conserved	9.699E-01	9.391E-01	9.492E-01	48.800	91	90	90
AF-A0A6M4NN58-F1-model_v4_conserved	SPS-1_conserved	9.650E-01	9.345E-01	9.546E-01	46.600	91	90	89
AF-A0A6M4NN58-F1-model_v4_conserved	D2KCJ9_conserved	9.675E-01	9.368E-01	9.468E-01	56.600	91	90	90
AF-A0A6M4NN58-F1-model_v4_conserved	Q8G9Q0_conserved	9.640E-01	9.335E-01	9.434E-01	48.800	91	90	90
AF-C5BSS3-F1-model_v4_conserved	AF-C5BSS3-F1-model_v4_conserved	1.011E+00	1.000E+00	1.000E+00	100.000	91	91	91
AF-C5BSS3-F1-model_v4_conserved	SHD-1_conserved	1.009E+00	9.865E-01	9.865E-01	92.200	91	90	91
AF-C5BSS3-F1-model_v4_conserved	L0N4W6_conserved	1.008E+00	9.858E-01	9.858E-01	93.300	91	90	91
AF-C5BSS3-F1-model_v4_conserved	L7X1X1_conserved	1.008E+00	9.855E-01	9.855E-01	90.000	91	90	91
AF-C5BSS3-F1-model_v4_conserved	AF-A0A7Y3W177-F1-model_v4_conserved	1.007E+00	9.845E-01	9.845E-01	81.100	91	90	91
AF-C5BSS3-F1-model_v4_conserved	Q53BU0_conserved	1.002E+00	9.797E-01	9.905E-01	82.200	91	90	90
AF-C5BSS3-F1-model_v4_conserved	Q704V1_conserved	1.005E+00	9.832E-01	9.832E-01	86.600	91	90	91
AF-C5BSS3-F1-model_v4_conserved	Q53BU1_conserved	1.001E+00	9.788E-01	9.895E-01	82.200	91	90	90
AF-C5BSS3-F1-model_v4_conserved	AF-Q12JE6-F1-model_v4_conserved	1.003E+00	9.811E-01	9.811E-01	68.800	91	90	91
AF-C5BSS3-F1-model_v4_conserved	A0A650AXL4_conserved	1.002E+00	9.806E-01	9.806E-01	73.300	91	90	91
AF-C5BSS3-F1-model_v4_conserved	AF-A0A6M4NN58-F1-model_v4_conserved	1.002E+00	9.803E-01	9.803E-01	71.100	91	90	91
AF-C5BSS3-F1-model_v4_conserved	AF-A0A1L6K5Z3-F1-model_v4_conserved	1.006E+00	9.727E-01	9.835E-01	85.500	91	90	90
AF-C5BSS3-F1-model_v4_conserved	A8R403_conserved	9.977E-01	9.760E-01	9.760E-01	80.000	91	90	91
AF-C5BSS3-F1-model_v4_conserved	A0A161H7D8_conserved	9.970E-01	9.754E-01	9.754E-01	82.200	91	90	91
AF-C5BSS3-F1-model_v4_conserved	F8UQX1_conserved	9.958E-01	9.742E-01	9.742E-01	73.300	91	90	91
AF-C5BSS3-F1-model_v4_conserved	B2ZTD9_conserved	9.951E-01	9.735E-01	9.735E-01	75.500	91	90	91
AF-C5BSS3-F1-model_v4_conserved	Q8GIW8_conserved	9.951E-01	9.735E-01	9.735E-01	74.400	91	90	91
AF-C5BSS3-F1-model_v4_conserved	Q7WYA8_conserved	9.949E-01	9.733E-01	9.733E-01	72.200	91	90	91
AF-C5BSS3-F1-model_v4_conserved	Q70E85_conserved	9.948E-01	9.732E-01	9.732E-01	73.300	91	90	91
AF-C5BSS3-F1-model_v4_conserved	A0A0D5ZZW5_conserved	9.947E-01	9.731E-01	9.731E-01	75.500	91	90	91
AF-C5BSS3-F1-model_v4_conserved	Q9F6Z8_conserved	9.945E-01	9.730E-01	9.730E-01	74.400	91	90	91
AF-C5BSS3-F1-model_v4_conserved	G4WB26_conserved	9.946E-01	9.730E-01	9.730E-01	74.400	91	90	91
AF-C5BSS3-F1-model_v4_conserved	S5WLJ9_conserved	9.943E-01	9.728E-01	9.728E-01	73.300	91	90	91
AF-C5BSS3-F1-model_v4_conserved	Q8VLM7_conserved	9.942E-01	9.726E-01	9.726E-01	75.500	91	90	91
AF-C5BSS3-F1-model_v4_conserved	G9JKG5_conserved	9.941E-01	9.725E-01	9.725E-01	73.300	91	90	91
AF-C5BSS3-F1-model_v4_conserved	Q1A2Z1_conserved	9.940E-01	9.725E-01	9.725E-01	74.400	91	90	91
AF-C5BSS3-F1-model_v4_conserved	B0FWK3_conserved	9.940E-01	9.725E-01	9.725E-01	72.200	91	90	91
AF-C5BSS3-F1-model_v4_conserved	Q53CM3_conserved	9.940E-01	9.725E-01	9.725E-01	73.300	91	90	91
AF-C5BSS3-F1-model_v4_conserved	Q9AHY6_conserved	9.940E-01	9.725E-01	9.725E-01	74.400	91	90	91
AF-C5BSS3-F1-model_v4_conserved	I7CP04_conserved	9.940E-01	9.724E-01	9.724E-01	73.300	91	90	91
AF-C5BSS3-F1-model_v4_conserved	A8QUY6_conserved	9.939E-01	9.724E-01	9.724E-01	73.300	91	90	91
AF-C5BSS3-F1-model_v4_conserved	F5ANL2_conserved	9.936E-01	9.721E-01	9.721E-01	74.400	91	90	91
AF-C5BSS3-F1-model_v4_conserved	Q79MP6_conserved	9.934E-01	9.719E-01	9.719E-01	74.400	91	90	91
AF-C5BSS3-F1-model_v4_conserved	A0A0S2MTX2_conserved	9.926E-01	9.711E-01	9.711E-01	73.300	91	90	91
AF-C5BSS3-F1-model_v4_conserved	A0A097J9I0_conserved	9.923E-01	9.708E-01	9.708E-01	76.600	91	90	91
AF-C5BSS3-F1-model_v4_conserved	A0A0H4IUK3_conserved	9.918E-01	9.703E-01	9.703E-01	75.500	91	90	91
AF-C5BSS3-F1-model_v4_conserved	AF-A0A1B2F003-F1-model_v4_conserved	9.915E-01	9.701E-01	9.701E-01	74.400	91	90	91
AF-C5BSS3-F1-model_v4_conserved	K7SA42_conserved	9.898E-01	9.685E-01	9.685E-01	58.800	91	90	91
AF-C5BSS3-F1-model_v4_conserved	AF-Q1DF71-F1-model_v4_conserved	9.904E-01	9.690E-01	9.690E-01	57.700	91	90	91
AF-C5BSS3-F1-model_v4_conserved	STA-1_conserved	9.892E-01	9.679E-01	9.679E-01	56.600	91	90	91
AF-C5BSS3-F1-model_v4_conserved	AF-A0A1L6K5Y5-F1-model_v4_conserved	9.918E-01	9.597E-01	9.702E-01	62.200	91	90	90
AF-C5BSS3-F1-model_v4_conserved	AF-G0L217-F1-model_v4_conserved	9.916E-01	9.595E-01	9.700E-01	54.400	91	90	90
AF-C5BSS3-F1-model_v4_conserved	ALI-1_conserved	9.830E-01	9.617E-01	9.617E-01	62.600	91	91	91
AF-C5BSS3-F1-model_v4_conserved	AF-A0A7T8ZCD9-F1-model_v4_conserved	9.896E-01	9.576E-01	9.680E-01	56.600	91	90	90
AF-C5BSS3-F1-model_v4_conserved	AF-A0A4Y8LBX5-F1-model_v4_conserved	9.855E-01	9.643E-01	9.643E-01	66.600	91	90	91
AF-C5BSS3-F1-model_v4_conserved	AF-A0A6B7ELH8-F1-model_v4_conserved	9.895E-01	9.575E-01	9.680E-01	58.800	91	90	90
AF-C5BSS3-F1-model_v4_conserved	AF-A0A3G5BD68-F1-model_v4_conserved	9.853E-01	9.642E-01	9.642E-01	53.300	91	90	91
AF-C5BSS3-F1-model_v4_conserved	ALI-2_conserved	9.817E-01	9.605E-01	9.605E-01	59.300	91	91	91
AF-C5BSS3-F1-model_v4_conserved	ECV-1_conserved	9.885E-01	9.566E-01	9.670E-01	52.200	91	90	90
AF-C5BSS3-F1-model_v4_conserved	BMHC-1_conserved	9.881E-01	9.562E-01	9.666E-01	53.300	91	90	90
AF-C5BSS3-F1-model_v4_conserved	A0A3G3C0Q6_conserved	9.838E-01	9.628E-01	9.628E-01	54.400	91	90	91
AF-C5BSS3-F1-model_v4_conserved	AF-A0A8E7DAJ6-F1-model_v6_conserved	9.838E-01	9.627E-01	9.627E-01	54.400	91	90	91
AF-C5BSS3-F1-model_v4_conserved	A0A1Z3FWF5_conserved	9.837E-01	9.626E-01	9.626E-01	54.400	91	90	91
AF-C5BSS3-F1-model_v4_conserved	A0A1P8VH15_conserved	9.837E-01	9.626E-01	9.626E-01	54.400	91	90	91
AF-C5BSS3-F1-model_v4_conserved	S5ZIP8_conserved	9.836E-01	9.625E-01	9.625E-01	54.400	91	90	91
AF-C5BSS3-F1-model_v4_conserved	A0A0B5ECY2_conserved	9.835E-01	9.624E-01	9.624E-01	54.400	91	90	91
AF-C5BSS3-F1-model_v4_conserved	ANA-1_conserved	9.830E-01	9.619E-01	9.619E-01	61.100	91	90	91
AF-C5BSS3-F1-model_v4_conserved	A0A1P8C735_conserved	9.834E-01	9.624E-01	9.624E-01	54.400	91	90	91
AF-C5BSS3-F1-model_v4_conserved	A0A0C5L398_conserved	9.871E-01	9.553E-01	9.657E-01	54.400	91	90	90
AF-C5BSS3-F1-model_v4_conserved	ORR-1_conserved	9.870E-01	9.551E-01	9.655E-01	57.700	91	90	90
AF-C5BSS3-F1-model_v4_conserved	Q6SPY5_conserved	9.832E-01	9.516E-01	9.619E-01	62.200	91	90	90
AF-C5BSS3-F1-model_v4_conserved	P25910_conserved	9.795E-01	9.586E-01	9.586E-01	58.800	91	90	91
AF-C5BSS3-F1-model_v4_conserved	P14488_conserved	9.827E-01	9.511E-01	9.614E-01	63.300	91	90	90
AF-C5BSS3-F1-model_v4_conserved	AF-A0A0U3H0V9-F1-model_v4_conserved	9.771E-01	9.457E-01	9.664E-01	56.600	91	90	89
AF-C5BSS3-F1-model_v4_conserved	AF-I0KEZ6-F1-model_v4_conserved	9.821E-01	9.506E-01	9.609E-01	61.100	91	90	90
AF-C5BSS3-F1-model_v4_conserved	A0A2R4PHC7_conserved	9.803E-01	9.488E-01	9.591E-01	58.800	91	90	90
AF-C5BSS3-F1-model_v4_conserved	Q8RMB8_conserved	9.781E-01	9.468E-01	9.570E-01	53.300	91	90	90
AF-C5BSS3-F1-model_v4_conserved	Q8GPN1_conserved	9.769E-01	9.456E-01	9.558E-01	51.100	91	90	90
AF-C5BSS3-F1-model_v4_conserved	A0A0H3YDR5_conserved	9.766E-01	9.453E-01	9.555E-01	50.000	91	90	90
AF-C5BSS3-F1-model_v4_conserved	AF-A0A844TY23-F1-model_v4_conserved	9.762E-01	9.450E-01	9.552E-01	53.300	91	90	90
AF-C5BSS3-F1-model_v4_conserved	Q8GPN2_conserved	9.757E-01	9.444E-01	9.546E-01	48.800	91	90	90
AF-C5BSS3-F1-model_v4_conserved	AF-A0A191Z3S9-F1-model_v4_conserved	9.754E-01	9.442E-01	9.543E-01	52.200	91	90	90
AF-C5BSS3-F1-model_v4_conserved	Q840P9_conserved	9.750E-01	9.439E-01	9.541E-01	56.600	91	90	90
AF-C5BSS3-F1-model_v4_conserved	Q8GKX2_conserved	9.741E-01	9.430E-01	9.532E-01	57.700	91	90	90
AF-C5BSS3-F1-model_v4_conserved	Q2HY42_conserved	9.739E-01	9.428E-01	9.530E-01	58.800	91	90	90
AF-C5BSS3-F1-model_v4_conserved	Q9XAY4_conserved	9.736E-01	9.425E-01	9.526E-01	57.700	91	90	90
AF-C5BSS3-F1-model_v4_conserved	SPS-1_conserved	9.702E-01	9.393E-01	9.597E-01	52.200	91	90	89
AF-C5BSS3-F1-model_v4_conserved	AF-A0A7U3MVS9-F1-model_v4_conserved	9.734E-01	9.424E-01	9.525E-01	55.500	91	90	90
AF-C5BSS3-F1-model_v4_conserved	Q3YBY0_conserved	9.732E-01	9.422E-01	9.523E-01	57.700	91	90	90
AF-C5BSS3-F1-model_v4_conserved	E5G503_conserved	9.732E-01	9.421E-01	9.523E-01	57.700	91	90	90
AF-C5BSS3-F1-model_v4_conserved	I3RJZ3_conserved	9.717E-01	9.408E-01	9.509E-01	56.600	91	90	90
AF-C5BSS3-F1-model_v4_conserved	B4YAJ7_conserved	9.714E-01	9.405E-01	9.506E-01	56.600	91	90	90
AF-C5BSS3-F1-model_v4_conserved	Q9F629_conserved	9.701E-01	9.393E-01	9.494E-01	56.600	91	90	90
AF-C5BSS3-F1-model_v4_conserved	A7WPA3_conserved	9.699E-01	9.391E-01	9.491E-01	56.600	91	90	90
AF-C5BSS3-F1-model_v4_conserved	Q8G9Q0_conserved	9.692E-01	9.384E-01	9.485E-01	52.200	91	90	90
AF-C5BSS3-F1-model_v4_conserved	Q9ETN2_conserved	9.657E-01	9.351E-01	9.451E-01	54.400	91	90	90
AF-C5BSS3-F1-model_v4_conserved	Q08I33_conserved	9.647E-01	9.341E-01	9.441E-01	52.200	91	90	90
AF-C5BSS3-F1-model_v4_conserved	A0A077EG89_conserved	9.651E-01	9.345E-01	9.445E-01	54.400	91	90	90
AF-C5BSS3-F1-model_v4_conserved	A0A0N9HJI8_conserved	9.630E-01	9.324E-01	9.424E-01	51.100	91	90	90
AF-C5BSS3-F1-model_v4_conserved	AF-Q9RB01-F1-model_v4_conserved	9.644E-01	9.339E-01	9.439E-01	53.300	91	90	90
AF-C5BSS3-F1-model_v4_conserved	Q8VT48_conserved	9.632E-01	9.327E-01	9.426E-01	53.300	91	90	90
AF-C5BSS3-F1-model_v4_conserved	Q9F921_conserved	9.627E-01	9.322E-01	9.422E-01	54.400	91	90	90
AF-C5BSS3-F1-model_v4_conserved	D2K7P0_conserved	9.623E-01	9.319E-01	9.418E-01	52.200	91	90	90
AF-C5BSS3-F1-model_v4_conserved	E2GLP7_conserved	9.621E-01	9.317E-01	9.416E-01	53.300	91	90	90
AF-C5BSS3-F1-model_v4_conserved	Q9EU43_conserved	9.614E-01	9.310E-01	9.409E-01	53.300	91	90	90
AF-C5BSS3-F1-model_v4_conserved	Q6JE29_conserved	9.609E-01	9.305E-01	9.404E-01	52.200	91	90	90
AF-C5BSS3-F1-model_v4_conserved	Q9X482_conserved	9.608E-01	9.305E-01	9.404E-01	52.200	91	90	90
AF-C5BSS3-F1-model_v4_conserved	Q8GQK7_conserved	9.590E-01	9.287E-01	9.386E-01	51.100	91	90	90
AF-C5BSS3-F1-model_v4_conserved	D2KCJ9_conserved	9.574E-01	9.272E-01	9.371E-01	51.100	91	90	90
ALI-1_conserved	ALI-1_conserved	1.011E+00	1.000E+00	1.000E+00	100.000	91	91	91
ALI-1_conserved	ALI-2_conserved	1.005E+00	9.830E-01	9.830E-01	86.600	91	90	91
ALI-1_conserved	AF-A0A1L6K5Z3-F1-model_v4_conserved	9.939E-01	9.617E-01	9.722E-01	62.200	91	90	90
ALI-1_conserved	SHD-1_conserved	9.842E-01	9.628E-01	9.628E-01	61.500	91	91	91
ALI-1_conserved	L0N4W6_conserved	9.833E-01	9.620E-01	9.620E-01	62.600	91	91	91
ALI-1_conserved	AF-C5BSS3-F1-model_v4_conserved	9.830E-01	9.617E-01	9.617E-01	62.600	91	91	91
ALI-1_conserved	Q53BU0_conserved	9.788E-01	9.577E-01	9.681E-01	54.900	91	91	90
ALI-1_conserved	AF-A0A7Y3W177-F1-model_v4_conserved	9.824E-01	9.611E-01	9.611E-01	64.800	91	91	91
ALI-1_conserved	Q704V1_conserved	9.817E-01	9.605E-01	9.605E-01	60.400	91	91	91
ALI-1_conserved	L7X1X1_conserved	9.811E-01	9.599E-01	9.599E-01	58.200	91	91	91
ALI-1_conserved	AF-Q12JE6-F1-model_v4_conserved	9.809E-01	9.598E-01	9.598E-01	58.200	91	91	91
ALI-1_conserved	AF-A0A6M4NN58-F1-model_v4_conserved	9.806E-01	9.595E-01	9.595E-01	61.500	91	91	91
ALI-1_conserved	A0A650AXL4_conserved	9.802E-01	9.591E-01	9.591E-01	60.400	91	91	91
ALI-1_conserved	Q53BU1_conserved	9.766E-01	9.556E-01	9.660E-01	57.100	91	91	90
ALI-1_conserved	AF-A0A1L6K5Y5-F1-model_v4_conserved	9.850E-01	9.534E-01	9.637E-01	51.100	91	90	90
ALI-1_conserved	A8R403_conserved	9.758E-01	9.548E-01	9.548E-01	62.600	91	91	91
ALI-1_conserved	A0A161H7D8_conserved	9.729E-01	9.520E-01	9.520E-01	60.400	91	91	91
ALI-1_conserved	F8UQX1_conserved	9.717E-01	9.508E-01	9.508E-01	63.700	91	91	91
ALI-1_conserved	AF-A0A4Y8LBX5-F1-model_v4_conserved	9.723E-01	9.515E-01	9.515E-01	61.500	91	91	91
ALI-1_conserved	B0FWK3_conserved	9.712E-01	9.504E-01	9.504E-01	62.600	91	91	91
ALI-1_conserved	STA-1_conserved	9.722E-01	9.514E-01	9.514E-01	52.700	91	91	91
ALI-1_conserved	G4WB26_conserved	9.712E-01	9.504E-01	9.504E-01	62.600	91	91	91
ALI-1_conserved	AF-I0KEZ6-F1-model_v4_conserved	9.785E-01	9.472E-01	9.574E-01	46.600	91	90	90
ALI-1_conserved	A0A0D5ZZW5_conserved	9.711E-01	9.503E-01	9.503E-01	63.700	91	91	91
ALI-1_conserved	Q9AHY6_conserved	9.708E-01	9.500E-01	9.500E-01	62.600	91	91	91
ALI-1_conserved	A0A0C5L398_conserved	9.786E-01	9.473E-01	9.575E-01	47.700	91	90	90
ALI-1_conserved	Q9F6Z8_conserved	9.706E-01	9.498E-01	9.498E-01	61.500	91	91	91
ALI-1_conserved	Q70E85_conserved	9.706E-01	9.498E-01	9.498E-01	60.400	91	91	91
ALI-1_conserved	Q79MP6_conserved	9.704E-01	9.496E-01	9.496E-01	61.500	91	91	91
ALI-1_conserved	Q8GIW8_conserved	9.704E-01	9.496E-01	9.496E-01	62.600	91	91	91
ALI-1_conserved	Q8VLM7_conserved	9.703E-01	9.495E-01	9.495E-01	61.500	91	91	91
ALI-1_conserved	A8QUY6_conserved	9.703E-01	9.495E-01	9.495E-01	61.500	91	91	91
ALI-1_conserved	ANA-1_conserved	9.710E-01	9.502E-01	9.502E-01	48.300	91	91	91
ALI-1_conserved	F5ANL2_conserved	9.703E-01	9.495E-01	9.495E-01	62.600	91	91	91
ALI-1_conserved	K7SA42_conserved	9.713E-01	9.505E-01	9.505E-01	48.300	91	91	91
ALI-1_conserved	Q53CM3_conserved	9.702E-01	9.494E-01	9.494E-01	61.500	91	91	91
ALI-1_conserved	A0A0S2MTX2_conserved	9.701E-01	9.493E-01	9.493E-01	60.400	91	91	91
ALI-1_conserved	Q1A2Z1_conserved	9.700E-01	9.492E-01	9.492E-01	61.500	91	91	91
ALI-1_conserved	A0A097J9I0_conserved	9.699E-01	9.492E-01	9.492E-01	58.200	91	91	91
ALI-1_conserved	Q7WYA8_conserved	9.697E-01	9.489E-01	9.489E-01	61.500	91	91	91
ALI-1_conserved	B2ZTD9_conserved	9.696E-01	9.488E-01	9.488E-01	58.200	91	91	91
ALI-1_conserved	S5WLJ9_conserved	9.696E-01	9.488E-01	9.488E-01	57.100	91	91	91
ALI-1_conserved	I7CP04_conserved	9.694E-01	9.487E-01	9.487E-01	57.100	91	91	91
ALI-1_conserved	G9JKG5_conserved	9.694E-01	9.487E-01	9.487E-01	61.500	91	91	91
ALI-1_conserved	A0A0H4IUK3_conserved	9.693E-01	9.486E-01	9.486E-01	57.100	91	91	91
ALI-1_conserved	AF-G0L217-F1-model_v4_conserved	9.741E-01	9.428E-01	9.530E-01	48.300	91	91	90
ALI-1_conserved	SPS-1_conserved	9.730E-01	9.421E-01	9.625E-01	46.600	91	90	89
ALI-1_conserved	Q8GPN1_conserved	9.757E-01	9.445E-01	9.547E-01	50.000	91	90	90
ALI-1_conserved	AF-Q1DF71-F1-model_v4_conserved	9.693E-01	9.486E-01	9.486E-01	50.500	91	91	91
ALI-1_conserved	P14488_conserved	9.756E-01	9.444E-01	9.546E-01	50.000	91	90	90
ALI-1_conserved	P25910_conserved	9.689E-01	9.482E-01	9.482E-01	57.100	91	91	91
ALI-1_conserved	AF-A0A844TY23-F1-model_v4_conserved	9.748E-01	9.437E-01	9.538E-01	52.200	91	90	90
ALI-1_conserved	Q8GPN2_conserved	9.746E-01	9.434E-01	9.536E-01	51.100	91	90	90
ALI-1_conserved	Q6SPY5_conserved	9.752E-01	9.440E-01	9.542E-01	48.800	91	90	90
ALI-1_conserved	A0A0H3YDR5_conserved	9.743E-01	9.432E-01	9.534E-01	52.200	91	90	90
ALI-1_conserved	AF-A0A1B2F003-F1-model_v4_conserved	9.672E-01	9.465E-01	9.465E-01	56.000	91	91	91
ALI-1_conserved	AF-A0A6B7ELH8-F1-model_v4_conserved	9.708E-01	9.397E-01	9.498E-01	51.600	91	91	90
ALI-1_conserved	BMHC-1_conserved	9.708E-01	9.397E-01	9.498E-01	45.000	91	91	90
ALI-1_conserved	AF-A0A7T8ZCD9-F1-model_v4_conserved	9.707E-01	9.396E-01	9.498E-01	48.300	91	91	90
ALI-1_conserved	AF-A0A191Z3S9-F1-model_v4_conserved	9.726E-01	9.416E-01	9.517E-01	53.300	91	90	90
ALI-1_conserved	A0A2R4PHC7_conserved	9.724E-01	9.414E-01	9.515E-01	54.400	91	90	90
ALI-1_conserved	AF-A0A3G5BD68-F1-model_v4_conserved	9.647E-01	9.442E-01	9.442E-01	43.900	91	91	91
ALI-1_conserved	ORR-1_conserved	9.682E-01	9.372E-01	9.474E-01	53.800	91	91	90
ALI-1_conserved	AF-A0A7U3MVS9-F1-model_v4_conserved	9.704E-01	9.396E-01	9.496E-01	52.200	91	90	90
ALI-1_conserved	AF-A0A0U3H0V9-F1-model_v4_conserved	9.625E-01	9.317E-01	9.520E-01	47.200	91	91	89
ALI-1_conserved	Q8RMB8_conserved	9.695E-01	9.387E-01	9.488E-01	44.400	91	90	90
ALI-1_conserved	ECV-1_conserved	9.669E-01	9.360E-01	9.461E-01	49.400	91	91	90
ALI-1_conserved	A0A1Z3FWF5_conserved	9.626E-01	9.422E-01	9.422E-01	43.900	91	91	91
ALI-1_conserved	A0A1P8C735_conserved	9.626E-01	9.422E-01	9.422E-01	45.000	91	91	91
ALI-1_conserved	S5ZIP8_conserved	9.625E-01	9.421E-01	9.421E-01	43.900	91	91	91
ALI-1_conserved	A0A3G3C0Q6_conserved	9.625E-01	9.421E-01	9.421E-01	43.900	91	91	91
ALI-1_conserved	AF-A0A8E7DAJ6-F1-model_v6_conserved	9.624E-01	9.420E-01	9.420E-01	45.000	91	91	91
ALI-1_conserved	A0A0B5ECY2_conserved	9.623E-01	9.419E-01	9.419E-01	43.900	91	91	91
ALI-1_conserved	A0A1P8VH15_conserved	9.622E-01	9.418E-01	9.418E-01	43.900	91	91	91
ALI-1_conserved	Q840P9_conserved	9.659E-01	9.353E-01	9.453E-01	51.100	91	90	90
ALI-1_conserved	Q2HY42_conserved	9.641E-01	9.336E-01	9.436E-01	55.500	91	90	90
ALI-1_conserved	Q8GKX2_conserved	9.640E-01	9.335E-01	9.435E-01	56.600	91	90	90
ALI-1_conserved	Q9XAY4_conserved	9.634E-01	9.329E-01	9.429E-01	55.500	91	90	90
ALI-1_conserved	E5G503_conserved	9.633E-01	9.329E-01	9.428E-01	56.600	91	90	90
ALI-1_conserved	Q3YBY0_conserved	9.631E-01	9.327E-01	9.426E-01	55.500	91	90	90
ALI-1_conserved	I3RJZ3_conserved	9.620E-01	9.317E-01	9.416E-01	55.500	91	90	90
ALI-1_conserved	Q8G9Q0_conserved	9.608E-01	9.305E-01	9.404E-01	45.500	91	90	90
ALI-1_conserved	B4YAJ7_conserved	9.614E-01	9.311E-01	9.410E-01	55.500	91	90	90
ALI-1_conserved	A7WPA3_conserved	9.607E-01	9.305E-01	9.403E-01	55.500	91	90	90
ALI-1_conserved	Q9F629_conserved	9.607E-01	9.304E-01	9.403E-01	55.500	91	90	90
ALI-1_conserved	AF-Q9RB01-F1-model_v4_conserved	9.585E-01	9.283E-01	9.382E-01	47.700	91	90	90
ALI-1_conserved	Q9ETN2_conserved	9.576E-01	9.274E-01	9.373E-01	48.800	91	90	90
ALI-1_conserved	A0A077EG89_conserved	9.582E-01	9.280E-01	9.379E-01	48.800	91	90	90
ALI-1_conserved	A0A0N9HJI8_conserved	9.555E-01	9.253E-01	9.352E-01	45.500	91	90	90
ALI-1_conserved	E2GLP7_conserved	9.563E-01	9.262E-01	9.360E-01	48.800	91	90	90
ALI-1_conserved	Q08I33_conserved	9.558E-01	9.258E-01	9.356E-01	47.700	91	90	90
ALI-1_conserved	Q9EU43_conserved	9.558E-01	9.257E-01	9.355E-01	48.800	91	90	90
ALI-1_conserved	Q9F921_conserved	9.556E-01	9.255E-01	9.353E-01	47.700	91	90	90
ALI-1_conserved	Q9X482_conserved	9.556E-01	9.255E-01	9.353E-01	47.700	91	90	90
ALI-1_conserved	Q6JE29_conserved	9.553E-01	9.252E-01	9.350E-01	47.700	91	90	90
ALI-1_conserved	Q8VT48_conserved	9.544E-01	9.244E-01	9.342E-01	44.400	91	90	90
ALI-1_conserved	D2K7P0_conserved	9.533E-01	9.234E-01	9.331E-01	46.600	91	90	90
ALI-1_conserved	Q8GQK7_conserved	9.519E-01	9.220E-01	9.317E-01	45.500	91	90	90
ALI-1_conserved	D2KCJ9_conserved	9.487E-01	9.190E-01	9.287E-01	45.500	91	90	90
AF-Q9RB01-F1-model_v4_conserved	AF-Q9RB01-F1-model_v4_conserved	1.011E+00	1.000E+00	1.000E+00	100.000	90	90	90
AF-Q9RB01-F1-model_v4_conserved	A0A077EG89_conserved	1.009E+00	9.866E-01	9.866E-01	98.800	90	89	90
AF-Q9RB01-F1-model_v4_conserved	A0A0C5L398_conserved	9.981E-01	9.762E-01	9.762E-01	79.700	90	89	90
AF-Q9RB01-F1-model_v4_conserved	AF-A0A191Z3S9-F1-model_v4_conserved	9.962E-01	9.744E-01	9.744E-01	59.500	90	89	90
AF-Q9RB01-F1-model_v4_conserved	AF-A0A844TY23-F1-model_v4_conserved	9.961E-01	9.743E-01	9.743E-01	61.700	90	89	90
AF-Q9RB01-F1-model_v4_conserved	Q8GPN1_conserved	9.954E-01	9.736E-01	9.736E-01	59.500	90	89	90
AF-Q9RB01-F1-model_v4_conserved	Q8RMB8_conserved	9.941E-01	9.724E-01	9.724E-01	64.000	90	89	90
AF-Q9RB01-F1-model_v4_conserved	Q8GPN2_conserved	9.931E-01	9.714E-01	9.714E-01	59.500	90	89	90
AF-Q9RB01-F1-model_v4_conserved	A0A0H3YDR5_conserved	9.930E-01	9.713E-01	9.713E-01	58.400	90	89	90
AF-Q9RB01-F1-model_v4_conserved	A0A2R4PHC7_conserved	9.878E-01	9.663E-01	9.663E-01	61.700	90	89	90
AF-Q9RB01-F1-model_v4_conserved	Q8VT48_conserved	9.844E-01	9.629E-01	9.629E-01	65.100	90	89	90
AF-Q9RB01-F1-model_v4_conserved	Q9ETN2_conserved	9.843E-01	9.629E-01	9.629E-01	67.400	90	89	90
AF-Q9RB01-F1-model_v4_conserved	Q08I33_conserved	9.840E-01	9.626E-01	9.626E-01	67.400	90	89	90
AF-Q9RB01-F1-model_v4_conserved	D2K7P0_conserved	9.836E-01	9.623E-01	9.623E-01	68.500	90	89	90
AF-Q9RB01-F1-model_v4_conserved	E2GLP7_conserved	9.835E-01	9.622E-01	9.622E-01	68.500	90	89	90
AF-Q9RB01-F1-model_v4_conserved	Q9EU43_conserved	9.834E-01	9.621E-01	9.621E-01	68.500	90	89	90
AF-Q9RB01-F1-model_v4_conserved	Q6JE29_conserved	9.831E-01	9.617E-01	9.617E-01	67.400	90	89	90
AF-Q9RB01-F1-model_v4_conserved	Q9X482_conserved	9.831E-01	9.617E-01	9.617E-01	66.200	90	89	90
AF-Q9RB01-F1-model_v4_conserved	Q9F921_conserved	9.822E-01	9.609E-01	9.609E-01	66.200	90	89	90
AF-Q9RB01-F1-model_v4_conserved	D2KCJ9_conserved	9.811E-01	9.598E-01	9.598E-01	65.100	90	89	90
AF-Q9RB01-F1-model_v4_conserved	A0A0N9HJI8_conserved	9.817E-01	9.604E-01	9.604E-01	64.000	90	89	90
AF-Q9RB01-F1-model_v4_conserved	Q8GQK7_conserved	9.812E-01	9.599E-01	9.599E-01	64.000	90	89	90
AF-Q9RB01-F1-model_v4_conserved	Q53BU1_conserved	9.769E-01	9.558E-01	9.558E-01	57.700	90	90	90
AF-Q9RB01-F1-model_v4_conserved	Q53BU0_conserved	9.746E-01	9.536E-01	9.536E-01	54.400	90	90	90
AF-Q9RB01-F1-model_v4_conserved	AF-I0KEZ6-F1-model_v4_conserved	9.749E-01	9.539E-01	9.539E-01	51.600	90	89	90
AF-Q9RB01-F1-model_v4_conserved	Q840P9_conserved	9.725E-01	9.516E-01	9.516E-01	43.800	90	89	90
AF-Q9RB01-F1-model_v4_conserved	Q9XAY4_conserved	9.721E-01	9.512E-01	9.512E-01	43.800	90	89	90
AF-Q9RB01-F1-model_v4_conserved	Q3YBY0_conserved	9.721E-01	9.512E-01	9.512E-01	43.800	90	89	90
AF-Q9RB01-F1-model_v4_conserved	Q8GKX2_conserved	9.720E-01	9.512E-01	9.512E-01	43.800	90	89	90
AF-Q9RB01-F1-model_v4_conserved	E5G503_conserved	9.720E-01	9.512E-01	9.512E-01	43.800	90	89	90
AF-Q9RB01-F1-model_v4_conserved	Q2HY42_conserved	9.718E-01	9.510E-01	9.510E-01	43.800	90	89	90
AF-Q9RB01-F1-model_v4_conserved	I3RJZ3_conserved	9.711E-01	9.503E-01	9.503E-01	44.900	90	89	90
AF-Q9RB01-F1-model_v4_conserved	B4YAJ7_conserved	9.707E-01	9.499E-01	9.499E-01	44.900	90	89	90
AF-Q9RB01-F1-model_v4_conserved	Q9F629_conserved	9.703E-01	9.495E-01	9.495E-01	44.900	90	89	90
AF-Q9RB01-F1-model_v4_conserved	A7WPA3_conserved	9.700E-01	9.492E-01	9.492E-01	44.900	90	89	90
AF-Q9RB01-F1-model_v4_conserved	AF-A0A6M4NN58-F1-model_v4_conserved	9.724E-01	9.515E-01	9.414E-01	52.200	90	90	91
AF-Q9RB01-F1-model_v4_conserved	AF-A0A1L6K5Z3-F1-model_v4_conserved	9.670E-01	9.463E-01	9.463E-01	52.800	90	89	90
AF-Q9RB01-F1-model_v4_conserved	Q6SPY5_conserved	9.665E-01	9.459E-01	9.459E-01	53.900	90	89	90
AF-Q9RB01-F1-model_v4_conserved	AF-A0A1L6K5Y5-F1-model_v4_conserved	9.657E-01	9.450E-01	9.450E-01	47.100	90	89	90
AF-Q9RB01-F1-model_v4_conserved	P14488_conserved	9.655E-01	9.449E-01	9.449E-01	53.900	90	89	90
AF-Q9RB01-F1-model_v4_conserved	A0A650AXL4_conserved	9.680E-01	9.473E-01	9.373E-01	50.000	90	90	91
AF-Q9RB01-F1-model_v4_conserved	AF-A0A7U3MVS9-F1-model_v4_conserved	9.649E-01	9.443E-01	9.443E-01	49.400	90	89	90
AF-Q9RB01-F1-model_v4_conserved	AF-A0A7Y3W177-F1-model_v4_conserved	9.673E-01	9.466E-01	9.366E-01	48.800	90	90	91
AF-Q9RB01-F1-model_v4_conserved	SHD-1_conserved	9.660E-01	9.454E-01	9.354E-01	52.200	90	90	91
AF-Q9RB01-F1-model_v4_conserved	ANA-1_conserved	9.659E-01	9.453E-01	9.353E-01	51.100	90	90	91
AF-Q9RB01-F1-model_v4_conserved	Q704V1_conserved	9.661E-01	9.455E-01	9.355E-01	52.200	90	90	91
AF-Q9RB01-F1-model_v4_conserved	AF-C5BSS3-F1-model_v4_conserved	9.644E-01	9.439E-01	9.339E-01	53.300	90	90	91
AF-Q9RB01-F1-model_v4_conserved	L7X1X1_conserved	9.646E-01	9.440E-01	9.340E-01	52.200	90	90	91
AF-Q9RB01-F1-model_v4_conserved	L0N4W6_conserved	9.628E-01	9.423E-01	9.324E-01	54.400	90	90	91
AF-Q9RB01-F1-model_v4_conserved	AF-A0A4Y8LBX5-F1-model_v4_conserved	9.617E-01	9.412E-01	9.313E-01	55.500	90	90	91
AF-Q9RB01-F1-model_v4_conserved	Q8G9Q0_conserved	9.578E-01	9.374E-01	9.374E-01	49.400	90	89	90
AF-Q9RB01-F1-model_v4_conserved	P25910_conserved	9.612E-01	9.408E-01	9.309E-01	43.300	90	90	91
AF-Q9RB01-F1-model_v4_conserved	ALI-1_conserved	9.585E-01	9.382E-01	9.283E-01	47.700	90	90	91
AF-Q9RB01-F1-model_v4_conserved	A0A161H7D8_conserved	9.574E-01	9.371E-01	9.273E-01	48.800	90	90	91
AF-Q9RB01-F1-model_v4_conserved	SPS-1_conserved	9.512E-01	9.312E-01	9.411E-01	39.300	90	89	89
AF-Q9RB01-F1-model_v4_conserved	STA-1_conserved	9.568E-01	9.365E-01	9.267E-01	45.500	90	90	91
AF-Q9RB01-F1-model_v4_conserved	A8R403_conserved	9.563E-01	9.360E-01	9.262E-01	53.300	90	90	91
AF-Q9RB01-F1-model_v4_conserved	AF-Q12JE6-F1-model_v4_conserved	9.561E-01	9.358E-01	9.260E-01	51.100	90	90	91
AF-Q9RB01-F1-model_v4_conserved	ALI-2_conserved	9.564E-01	9.362E-01	9.264E-01	48.800	90	90	91
AF-Q9RB01-F1-model_v4_conserved	K7SA42_conserved	9.559E-01	9.357E-01	9.259E-01	37.700	90	90	91
AF-Q9RB01-F1-model_v4_conserved	ORR-1_conserved	9.475E-01	9.274E-01	9.274E-01	45.500	90	90	90
AF-Q9RB01-F1-model_v4_conserved	ECV-1_conserved	9.459E-01	9.259E-01	9.259E-01	46.600	90	90	90
AF-Q9RB01-F1-model_v4_conserved	A0A097J9I0_conserved	9.506E-01	9.306E-01	9.209E-01	50.000	90	90	91
AF-Q9RB01-F1-model_v4_conserved	A0A0H4IUK3_conserved	9.492E-01	9.292E-01	9.195E-01	48.800	90	90	91
AF-Q9RB01-F1-model_v4_conserved	AF-A0A7T8ZCD9-F1-model_v4_conserved	9.437E-01	9.238E-01	9.238E-01	44.400	90	90	90
AF-Q9RB01-F1-model_v4_conserved	A0A3G3C0Q6_conserved	9.505E-01	9.305E-01	9.208E-01	41.100	90	90	91
AF-Q9RB01-F1-model_v4_conserved	A0A1Z3FWF5_conserved	9.501E-01	9.302E-01	9.205E-01	41.100	90	90	91
AF-Q9RB01-F1-model_v4_conserved	A0A1P8VH15_conserved	9.500E-01	9.300E-01	9.203E-01	41.100	90	90	91
AF-Q9RB01-F1-model_v4_conserved	B0FWK3_conserved	9.484E-01	9.284E-01	9.187E-01	48.800	90	90	91
AF-Q9RB01-F1-model_v4_conserved	AF-A0A8E7DAJ6-F1-model_v6_conserved	9.499E-01	9.299E-01	9.202E-01	40.000	90	90	91
AF-Q9RB01-F1-model_v4_conserved	S5ZIP8_conserved	9.498E-01	9.298E-01	9.201E-01	41.100	90	90	91
AF-Q9RB01-F1-model_v4_conserved	A0A1P8C735_conserved	9.498E-01	9.298E-01	9.201E-01	40.000	90	90	91
AF-Q9RB01-F1-model_v4_conserved	Q9F6Z8_conserved	9.483E-01	9.283E-01	9.186E-01	48.800	90	90	91
AF-Q9RB01-F1-model_v4_conserved	AF-G0L217-F1-model_v4_conserved	9.431E-01	9.232E-01	9.232E-01	42.200	90	90	90
AF-Q9RB01-F1-model_v4_conserved	B2ZTD9_conserved	9.483E-01	9.283E-01	9.187E-01	47.700	90	90	91
AF-Q9RB01-F1-model_v4_conserved	A0A0B5ECY2_conserved	9.496E-01	9.297E-01	9.200E-01	41.100	90	90	91
AF-Q9RB01-F1-model_v4_conserved	Q70E85_conserved	9.482E-01	9.282E-01	9.185E-01	47.700	90	90	91
AF-Q9RB01-F1-model_v4_conserved	S5WLJ9_conserved	9.479E-01	9.280E-01	9.183E-01	52.200	90	90	91
AF-Q9RB01-F1-model_v4_conserved	A0A0D5ZZW5_conserved	9.480E-01	9.280E-01	9.184E-01	51.100	90	90	91
AF-Q9RB01-F1-model_v4_conserved	I7CP04_conserved	9.478E-01	9.279E-01	9.182E-01	52.200	90	90	91
AF-Q9RB01-F1-model_v4_conserved	AF-A0A6B7ELH8-F1-model_v4_conserved	9.428E-01	9.229E-01	9.229E-01	46.600	90	90	90
AF-Q9RB01-F1-model_v4_conserved	G4WB26_conserved	9.479E-01	9.280E-01	9.183E-01	50.000	90	90	91
AF-Q9RB01-F1-model_v4_conserved	AF-A0A3G5BD68-F1-model_v4_conserved	9.493E-01	9.293E-01	9.197E-01	37.700	90	90	91
AF-Q9RB01-F1-model_v4_conserved	Q8VLM7_conserved	9.473E-01	9.273E-01	9.177E-01	47.700	90	90	91
AF-Q9RB01-F1-model_v4_conserved	Q1A2Z1_conserved	9.472E-01	9.272E-01	9.176E-01	47.700	90	90	91
AF-Q9RB01-F1-model_v4_conserved	Q8GIW8_conserved	9.472E-01	9.273E-01	9.176E-01	47.700	90	90	91
AF-Q9RB01-F1-model_v4_conserved	Q53CM3_conserved	9.471E-01	9.271E-01	9.175E-01	48.800	90	90	91
AF-Q9RB01-F1-model_v4_conserved	A8QUY6_conserved	9.470E-01	9.271E-01	9.174E-01	48.800	90	90	91
AF-Q9RB01-F1-model_v4_conserved	F8UQX1_conserved	9.471E-01	9.272E-01	9.175E-01	47.700	90	90	91
AF-Q9RB01-F1-model_v4_conserved	AF-Q1DF71-F1-model_v4_conserved	9.478E-01	9.279E-01	9.182E-01	43.300	90	90	91
AF-Q9RB01-F1-model_v4_conserved	F5ANL2_conserved	9.469E-01	9.269E-01	9.173E-01	48.800	90	90	91
AF-Q9RB01-F1-model_v4_conserved	Q9AHY6_conserved	9.468E-01	9.269E-01	9.173E-01	50.000	90	90	91
AF-Q9RB01-F1-model_v4_conserved	AF-A0A1B2F003-F1-model_v4_conserved	9.464E-01	9.265E-01	9.169E-01	48.800	90	90	91
AF-Q9RB01-F1-model_v4_conserved	A0A0S2MTX2_conserved	9.467E-01	9.268E-01	9.171E-01	47.700	90	90	91
AF-Q9RB01-F1-model_v4_conserved	Q79MP6_conserved	9.463E-01	9.264E-01	9.167E-01	48.800	90	90	91
AF-Q9RB01-F1-model_v4_conserved	AF-A0A0U3H0V9-F1-model_v4_conserved	9.359E-01	9.162E-01	9.259E-01	47.700	90	90	89
AF-Q9RB01-F1-model_v4_conserved	Q7WYA8_conserved	9.454E-01	9.255E-01	9.159E-01	50.000	90	90	91
AF-Q9RB01-F1-model_v4_conserved	BMHC-1_conserved	9.404E-01	9.206E-01	9.206E-01	45.500	90	90	90
AF-Q9RB01-F1-model_v4_conserved	G9JKG5_conserved	9.447E-01	9.249E-01	9.153E-01	48.800	90	90	91
L0N4W6_conserved	L0N4W6_conserved	1.011E+00	1.000E+00	1.000E+00	100.000	91	91	91
L0N4W6_conserved	L7X1X1_conserved	1.008E+00	9.859E-01	9.859E-01	86.600	91	90	91
L0N4W6_conserved	AF-C5BSS3-F1-model_v4_conserved	1.008E+00	9.858E-01	9.858E-01	93.300	91	90	91
L0N4W6_conserved	SHD-1_conserved	1.007E+00	9.850E-01	9.850E-01	87.700	91	90	91
L0N4W6_conserved	AF-A0A7Y3W177-F1-model_v4_conserved	1.007E+00	9.848E-01	9.848E-01	80.000	91	90	91
L0N4W6_conserved	Q704V1_conserved	1.006E+00	9.837E-01	9.837E-01	85.500	91	90	91
L0N4W6_conserved	Q53BU0_conserved	1.000E+00	9.783E-01	9.891E-01	81.100	91	90	90
L0N4W6_conserved	AF-A0A1L6K5Z3-F1-model_v4_conserved	1.007E+00	9.737E-01	9.845E-01	84.400	91	90	90
L0N4W6_conserved	Q53BU1_conserved	9.984E-01	9.768E-01	9.875E-01	81.100	91	90	90
L0N4W6_conserved	A0A650AXL4_conserved	1.001E+00	9.790E-01	9.790E-01	72.200	91	90	91
L0N4W6_conserved	AF-A0A6M4NN58-F1-model_v4_conserved	1.001E+00	9.789E-01	9.789E-01	70.000	91	90	91
L0N4W6_conserved	A8R403_conserved	9.996E-01	9.778E-01	9.778E-01	80.000	91	90	91
L0N4W6_conserved	AF-Q12JE6-F1-model_v4_conserved	9.997E-01	9.780E-01	9.780E-01	67.700	91	90	91
L0N4W6_conserved	A0A161H7D8_conserved	9.979E-01	9.762E-01	9.762E-01	82.200	91	90	91
L0N4W6_conserved	F8UQX1_conserved	9.973E-01	9.756E-01	9.756E-01	73.300	91	90	91
L0N4W6_conserved	A0A0D5ZZW5_conserved	9.963E-01	9.746E-01	9.746E-01	75.500	91	90	91
L0N4W6_conserved	B2ZTD9_conserved	9.962E-01	9.745E-01	9.745E-01	77.700	91	90	91
L0N4W6_conserved	G4WB26_conserved	9.960E-01	9.744E-01	9.744E-01	74.400	91	90	91
L0N4W6_conserved	Q9F6Z8_conserved	9.958E-01	9.742E-01	9.742E-01	76.600	91	90	91
L0N4W6_conserved	Q70E85_conserved	9.959E-01	9.742E-01	9.742E-01	73.300	91	90	91
L0N4W6_conserved	Q8GIW8_conserved	9.957E-01	9.741E-01	9.741E-01	74.400	91	90	91
L0N4W6_conserved	Q8VLM7_conserved	9.956E-01	9.740E-01	9.740E-01	75.500	91	90	91
L0N4W6_conserved	B0FWK3_conserved	9.954E-01	9.738E-01	9.738E-01	72.200	91	90	91
L0N4W6_conserved	Q7WYA8_conserved	9.954E-01	9.738E-01	9.738E-01	74.400	91	90	91
L0N4W6_conserved	Q9AHY6_conserved	9.954E-01	9.738E-01	9.738E-01	74.400	91	90	91
L0N4W6_conserved	Q1A2Z1_conserved	9.953E-01	9.737E-01	9.737E-01	74.400	91	90	91
L0N4W6_conserved	Q53CM3_conserved	9.953E-01	9.737E-01	9.737E-01	73.300	91	90	91
L0N4W6_conserved	A8QUY6_conserved	9.952E-01	9.736E-01	9.736E-01	73.300	91	90	91
L0N4W6_conserved	G9JKG5_conserved	9.952E-01	9.736E-01	9.736E-01	73.300	91	90	91
L0N4W6_conserved	S5WLJ9_conserved	9.950E-01	9.734E-01	9.734E-01	75.500	91	90	91
L0N4W6_conserved	F5ANL2_conserved	9.949E-01	9.733E-01	9.733E-01	74.400	91	90	91
L0N4W6_conserved	I7CP04_conserved	9.948E-01	9.733E-01	9.733E-01	75.500	91	90	91
L0N4W6_conserved	Q79MP6_conserved	9.947E-01	9.731E-01	9.731E-01	76.600	91	90	91
L0N4W6_conserved	A0A0S2MTX2_conserved	9.938E-01	9.723E-01	9.723E-01	75.500	91	90	91
L0N4W6_conserved	A0A0H4IUK3_conserved	9.932E-01	9.717E-01	9.717E-01	75.500	91	90	91
L0N4W6_conserved	A0A097J9I0_conserved	9.931E-01	9.715E-01	9.715E-01	76.600	91	90	91
L0N4W6_conserved	AF-A0A1B2F003-F1-model_v4_conserved	9.928E-01	9.713E-01	9.713E-01	74.400	91	90	91
L0N4W6_conserved	AF-Q1DF71-F1-model_v4_conserved	9.882E-01	9.669E-01	9.669E-01	54.400	91	90	91
L0N4W6_conserved	K7SA42_conserved	9.876E-01	9.664E-01	9.664E-01	57.700	91	90	91
L0N4W6_conserved	AF-A0A1L6K5Y5-F1-model_v4_conserved	9.912E-01	9.591E-01	9.696E-01	58.800	91	90	90
L0N4W6_conserved	AF-G0L217-F1-model_v4_conserved	9.908E-01	9.588E-01	9.692E-01	54.400	91	90	90
L0N4W6_conserved	AF-A0A7T8ZCD9-F1-model_v4_conserved	9.907E-01	9.587E-01	9.691E-01	57.700	91	90	90
L0N4W6_conserved	ALI-1_conserved	9.833E-01	9.620E-01	9.620E-01	62.600	91	91	91
L0N4W6_conserved	ORR-1_conserved	9.900E-01	9.580E-01	9.684E-01	55.500	91	90	90
L0N4W6_conserved	ALI-2_conserved	9.827E-01	9.615E-01	9.615E-01	59.300	91	91	91
L0N4W6_conserved	STA-1_conserved	9.860E-01	9.648E-01	9.648E-01	52.200	91	90	91
L0N4W6_conserved	AF-A0A6B7ELH8-F1-model_v4_conserved	9.894E-01	9.574E-01	9.678E-01	57.700	91	90	90
L0N4W6_conserved	BMHC-1_conserved	9.888E-01	9.568E-01	9.673E-01	53.300	91	90	90
L0N4W6_conserved	AF-A0A3G5BD68-F1-model_v4_conserved	9.846E-01	9.635E-01	9.635E-01	53.300	91	90	91
L0N4W6_conserved	AF-A0A4Y8LBX5-F1-model_v4_conserved	9.837E-01	9.626E-01	9.626E-01	65.500	91	90	91
L0N4W6_conserved	ECV-1_conserved	9.873E-01	9.555E-01	9.659E-01	53.300	91	90	90
L0N4W6_conserved	AF-A0A8E7DAJ6-F1-model_v6_conserved	9.833E-01	9.622E-01	9.622E-01	54.400	91	90	91
L0N4W6_conserved	A0A3G3C0Q6_conserved	9.833E-01	9.622E-01	9.622E-01	54.400	91	90	91
L0N4W6_conserved	A0A1P8VH15_conserved	9.831E-01	9.621E-01	9.621E-01	54.400	91	90	91
L0N4W6_conserved	A0A1Z3FWF5_conserved	9.831E-01	9.621E-01	9.621E-01	54.400	91	90	91
L0N4W6_conserved	S5ZIP8_conserved	9.831E-01	9.620E-01	9.620E-01	54.400	91	90	91
L0N4W6_conserved	A0A1P8C735_conserved	9.830E-01	9.619E-01	9.619E-01	54.400	91	90	91
L0N4W6_conserved	A0A0B5ECY2_conserved	9.829E-01	9.619E-01	9.619E-01	54.400	91	90	91
L0N4W6_conserved	ANA-1_conserved	9.825E-01	9.614E-01	9.614E-01	56.600	91	90	91
L0N4W6_conserved	A0A0C5L398_conserved	9.850E-01	9.533E-01	9.636E-01	54.400	91	90	90
L0N4W6_conserved	AF-I0KEZ6-F1-model_v4_conserved	9.832E-01	9.516E-01	9.619E-01	60.000	91	90	90
L0N4W6_conserved	AF-A0A0U3H0V9-F1-model_v4_conserved	9.779E-01	9.465E-01	9.672E-01	56.600	91	90	89
L0N4W6_conserved	Q6SPY5_conserved	9.817E-01	9.502E-01	9.605E-01	57.700	91	90	90
L0N4W6_conserved	P14488_conserved	9.812E-01	9.498E-01	9.600E-01	58.800	91	90	90
L0N4W6_conserved	A0A2R4PHC7_conserved	9.799E-01	9.484E-01	9.587E-01	58.800	91	90	90
L0N4W6_conserved	P25910_conserved	9.759E-01	9.552E-01	9.552E-01	56.600	91	90	91
L0N4W6_conserved	Q8RMB8_conserved	9.785E-01	9.471E-01	9.574E-01	48.800	91	90	90
L0N4W6_conserved	Q8GPN1_conserved	9.750E-01	9.439E-01	9.540E-01	51.100	91	90	90
L0N4W6_conserved	AF-A0A844TY23-F1-model_v4_conserved	9.748E-01	9.436E-01	9.538E-01	53.300	91	90	90
L0N4W6_conserved	A0A0H3YDR5_conserved	9.746E-01	9.435E-01	9.536E-01	50.000	91	90	90
L0N4W6_conserved	Q8GPN2_conserved	9.738E-01	9.427E-01	9.529E-01	48.800	91	90	90
L0N4W6_conserved	AF-A0A191Z3S9-F1-model_v4_conserved	9.738E-01	9.427E-01	9.528E-01	52.200	91	90	90
L0N4W6_conserved	SPS-1_conserved	9.701E-01	9.393E-01	9.596E-01	51.100	91	90	89
L0N4W6_conserved	Q840P9_conserved	9.723E-01	9.414E-01	9.515E-01	55.500	91	90	90
L0N4W6_conserved	AF-A0A7U3MVS9-F1-model_v4_conserved	9.723E-01	9.414E-01	9.515E-01	55.500	91	90	90
L0N4W6_conserved	Q8GKX2_conserved	9.719E-01	9.409E-01	9.510E-01	55.500	91	90	90
L0N4W6_conserved	Q2HY42_conserved	9.716E-01	9.407E-01	9.507E-01	56.600	91	90	90
L0N4W6_conserved	Q9XAY4_conserved	9.713E-01	9.404E-01	9.505E-01	55.500	91	90	90
L0N4W6_conserved	Q3YBY0_conserved	9.708E-01	9.399E-01	9.500E-01	55.500	91	90	90
L0N4W6_conserved	E5G503_conserved	9.707E-01	9.398E-01	9.499E-01	55.500	91	90	90
L0N4W6_conserved	Q8G9Q0_conserved	9.692E-01	9.384E-01	9.484E-01	52.200	91	90	90
L0N4W6_conserved	I3RJZ3_conserved	9.691E-01	9.384E-01	9.484E-01	56.600	91	90	90
L0N4W6_conserved	B4YAJ7_conserved	9.690E-01	9.382E-01	9.482E-01	56.600	91	90	90
L0N4W6_conserved	Q9F629_conserved	9.676E-01	9.369E-01	9.469E-01	56.600	91	90	90
L0N4W6_conserved	A7WPA3_conserved	9.673E-01	9.367E-01	9.467E-01	56.600	91	90	90
L0N4W6_conserved	Q9ETN2_conserved	9.626E-01	9.321E-01	9.421E-01	53.300	91	90	90
L0N4W6_conserved	AF-Q9RB01-F1-model_v4_conserved	9.628E-01	9.324E-01	9.423E-01	54.400	91	90	90
L0N4W6_conserved	A0A0N9HJI8_conserved	9.605E-01	9.301E-01	9.400E-01	51.100	91	90	90
L0N4W6_conserved	Q08I33_conserved	9.608E-01	9.305E-01	9.404E-01	51.100	91	90	90
L0N4W6_conserved	A0A077EG89_conserved	9.616E-01	9.313E-01	9.412E-01	55.500	91	90	90
L0N4W6_conserved	Q8VT48_conserved	9.596E-01	9.293E-01	9.392E-01	52.200	91	90	90
L0N4W6_conserved	Q9F921_conserved	9.595E-01	9.292E-01	9.391E-01	53.300	91	90	90
L0N4W6_conserved	Q8GQK7_conserved	9.573E-01	9.270E-01	9.369E-01	51.100	91	90	90
L0N4W6_conserved	E2GLP7_conserved	9.581E-01	9.279E-01	9.378E-01	52.200	91	90	90
L0N4W6_conserved	D2K7P0_conserved	9.580E-01	9.278E-01	9.377E-01	51.100	91	90	90
L0N4W6_conserved	Q9EU43_conserved	9.575E-01	9.274E-01	9.372E-01	52.200	91	90	90
L0N4W6_conserved	Q6JE29_conserved	9.569E-01	9.268E-01	9.366E-01	51.100	91	90	90
L0N4W6_conserved	Q9X482_conserved	9.569E-01	9.268E-01	9.366E-01	51.100	91	90	90
L0N4W6_conserved	D2KCJ9_conserved	9.539E-01	9.239E-01	9.337E-01	50.000	91	90	90
Q704V1_conserved	Q704V1_conserved	1.011E+00	1.000E+00	1.000E+00	100.000	91	91	91
Q704V1_conserved	L0N4W6_conserved	1.006E+00	9.837E-01	9.837E-01	85.500	91	90	91
Q704V1_conserved	AF-C5BSS3-F1-model_v4_conserved	1.005E+00	9.832E-01	9.832E-01	86.600	91	90	91
Q704V1_conserved	L7X1X1_conserved	1.005E+00	9.828E-01	9.828E-01	81.100	91	90	91
Q704V1_conserved	AF-A0A7Y3W177-F1-model_v4_conserved	1.004E+00	9.824E-01	9.824E-01	80.000	91	90	91
Q704V1_conserved	Q53BU0_conserved	1.000E+00	9.784E-01	9.892E-01	74.400	91	90	90
Q704V1_conserved	SHD-1_conserved	1.004E+00	9.818E-01	9.818E-01	81.100	91	90	91
Q704V1_conserved	A0A650AXL4_conserved	1.001E+00	9.795E-01	9.795E-01	68.800	91	90	91
Q704V1_conserved	AF-A0A1L6K5Z3-F1-model_v4_conserved	1.005E+00	9.722E-01	9.830E-01	81.100	91	90	90
Q704V1_conserved	Q53BU1_conserved	9.973E-01	9.756E-01	9.863E-01	74.400	91	90	90
Q704V1_conserved	AF-A0A6M4NN58-F1-model_v4_conserved	1.001E+00	9.794E-01	9.794E-01	67.700	91	90	91
Q704V1_conserved	A8R403_conserved	9.970E-01	9.754E-01	9.754E-01	76.600	91	90	91
Q704V1_conserved	A0A161H7D8_conserved	9.964E-01	9.748E-01	9.748E-01	78.800	91	90	91
Q704V1_conserved	AF-Q12JE6-F1-model_v4_conserved	9.966E-01	9.750E-01	9.750E-01	67.700	91	90	91
Q704V1_conserved	A0A0H4IUK3_conserved	9.936E-01	9.721E-01	9.721E-01	74.400	91	90	91
Q704V1_conserved	Q8VLM7_conserved	9.934E-01	9.719E-01	9.719E-01	74.400	91	90	91
Q704V1_conserved	G4WB26_conserved	9.934E-01	9.718E-01	9.718E-01	73.300	91	90	91
Q704V1_conserved	A0A0D5ZZW5_conserved	9.930E-01	9.715E-01	9.715E-01	74.400	91	90	91
Q704V1_conserved	Q9F6Z8_conserved	9.929E-01	9.714E-01	9.714E-01	73.300	91	90	91
Q704V1_conserved	F8UQX1_conserved	9.930E-01	9.715E-01	9.715E-01	73.300	91	90	91
Q704V1_conserved	B0FWK3_conserved	9.928E-01	9.713E-01	9.713E-01	71.100	91	90	91
Q704V1_conserved	B2ZTD9_conserved	9.927E-01	9.712E-01	9.712E-01	74.400	91	90	91
Q704V1_conserved	Q53CM3_conserved	9.927E-01	9.712E-01	9.712E-01	72.200	91	90	91
Q704V1_conserved	Q9AHY6_conserved	9.926E-01	9.711E-01	9.711E-01	73.300	91	90	91
Q704V1_conserved	A0A0S2MTX2_conserved	9.923E-01	9.708E-01	9.708E-01	72.200	91	90	91
Q704V1_conserved	A0A097J9I0_conserved	9.922E-01	9.707E-01	9.707E-01	75.500	91	90	91
Q704V1_conserved	Q79MP6_conserved	9.922E-01	9.707E-01	9.707E-01	73.300	91	90	91
Q704V1_conserved	F5ANL2_conserved	9.922E-01	9.707E-01	9.707E-01	73.300	91	90	91
Q704V1_conserved	Q70E85_conserved	9.921E-01	9.707E-01	9.707E-01	72.200	91	90	91
Q704V1_conserved	A8QUY6_conserved	9.920E-01	9.705E-01	9.705E-01	72.200	91	90	91
Q704V1_conserved	Q1A2Z1_conserved	9.920E-01	9.705E-01	9.705E-01	73.300	91	90	91
Q704V1_conserved	I7CP04_conserved	9.918E-01	9.704E-01	9.704E-01	72.200	91	90	91
Q704V1_conserved	Q8GIW8_conserved	9.916E-01	9.702E-01	9.702E-01	73.300	91	90	91
Q704V1_conserved	S5WLJ9_conserved	9.914E-01	9.700E-01	9.700E-01	72.200	91	90	91
Q704V1_conserved	Q7WYA8_conserved	9.913E-01	9.698E-01	9.698E-01	71.100	91	90	91
Q704V1_conserved	AF-A0A1B2F003-F1-model_v4_conserved	9.912E-01	9.698E-01	9.698E-01	73.300	91	90	91
Q704V1_conserved	G9JKG5_conserved	9.910E-01	9.696E-01	9.696E-01	72.200	91	90	91
Q704V1_conserved	K7SA42_conserved	9.899E-01	9.685E-01	9.685E-01	52.200	91	90	91
Q704V1_conserved	AF-Q1DF71-F1-model_v4_conserved	9.895E-01	9.682E-01	9.682E-01	56.600	91	90	91
Q704V1_conserved	AF-A0A1L6K5Y5-F1-model_v4_conserved	9.930E-01	9.608E-01	9.713E-01	60.000	91	90	90
Q704V1_conserved	STA-1_conserved	9.885E-01	9.672E-01	9.672E-01	53.300	91	90	91
Q704V1_conserved	ALI-2_conserved	9.745E-01	9.640E-01	9.640E-01	54.300	91	92	91
Q704V1_conserved	AF-A0A4Y8LBX5-F1-model_v4_conserved	9.868E-01	9.656E-01	9.656E-01	63.300	91	90	91
Q704V1_conserved	AF-A0A3G5BD68-F1-model_v4_conserved	9.861E-01	9.649E-01	9.649E-01	47.700	91	90	91
Q704V1_conserved	A0A3G3C0Q6_conserved	9.854E-01	9.643E-01	9.643E-01	48.800	91	90	91
Q704V1_conserved	AF-A0A8E7DAJ6-F1-model_v6_conserved	9.853E-01	9.641E-01	9.641E-01	48.800	91	90	91
Q704V1_conserved	A0A1Z3FWF5_conserved	9.852E-01	9.641E-01	9.641E-01	48.800	91	90	91
Q704V1_conserved	A0A1P8VH15_conserved	9.852E-01	9.640E-01	9.640E-01	48.800	91	90	91
Q704V1_conserved	S5ZIP8_conserved	9.851E-01	9.640E-01	9.640E-01	48.800	91	90	91
Q704V1_conserved	ALI-1_conserved	9.817E-01	9.605E-01	9.605E-01	60.400	91	91	91
Q704V1_conserved	A0A0B5ECY2_conserved	9.849E-01	9.638E-01	9.638E-01	48.800	91	90	91
Q704V1_conserved	A0A1P8C735_conserved	9.849E-01	9.638E-01	9.638E-01	48.800	91	90	91
Q704V1_conserved	A0A0C5L398_conserved	9.880E-01	9.561E-01	9.665E-01	52.200	91	90	90
Q704V1_conserved	AF-A0A6B7ELH8-F1-model_v4_conserved	9.880E-01	9.561E-01	9.665E-01	57.700	91	90	90
Q704V1_conserved	ORR-1_conserved	9.878E-01	9.559E-01	9.663E-01	54.400	91	90	90
Q704V1_conserved	AF-G0L217-F1-model_v4_conserved	9.875E-01	9.556E-01	9.660E-01	54.400	91	90	90
Q704V1_conserved	ANA-1_conserved	9.818E-01	9.607E-01	9.607E-01	56.600	91	90	91
Q704V1_conserved	AF-A0A7T8ZCD9-F1-model_v4_conserved	9.859E-01	9.541E-01	9.645E-01	57.700	91	90	90
Q704V1_conserved	BMHC-1_conserved	9.858E-01	9.540E-01	9.644E-01	53.300	91	90	90
Q704V1_conserved	ECV-1_conserved	9.852E-01	9.535E-01	9.638E-01	53.300	91	90	90
Q704V1_conserved	Q6SPY5_conserved	9.846E-01	9.530E-01	9.633E-01	62.200	91	90	90
Q704V1_conserved	AF-I0KEZ6-F1-model_v4_conserved	9.847E-01	9.530E-01	9.633E-01	60.000	91	90	90
Q704V1_conserved	P14488_conserved	9.841E-01	9.524E-01	9.628E-01	62.200	91	90	90
Q704V1_conserved	A0A2R4PHC7_conserved	9.814E-01	9.498E-01	9.601E-01	58.800	91	90	90
Q704V1_conserved	P25910_conserved	9.773E-01	9.565E-01	9.565E-01	55.500	91	90	91
Q704V1_conserved	AF-A0A191Z3S9-F1-model_v4_conserved	9.715E-01	9.508E-01	9.610E-01	50.500	91	91	90
Q704V1_conserved	Q8RMB8_conserved	9.801E-01	9.487E-01	9.590E-01	51.100	91	90	90
Q704V1_conserved	AF-A0A0U3H0V9-F1-model_v4_conserved	9.746E-01	9.434E-01	9.640E-01	56.600	91	90	89
Q704V1_conserved	Q8GPN1_conserved	9.785E-01	9.472E-01	9.574E-01	50.000	91	90	90
Q704V1_conserved	AF-A0A844TY23-F1-model_v4_conserved	9.782E-01	9.469E-01	9.571E-01	52.200	91	90	90
Q704V1_conserved	A0A0H3YDR5_conserved	9.774E-01	9.461E-01	9.563E-01	48.800	91	90	90
Q704V1_conserved	Q8GPN2_conserved	9.768E-01	9.455E-01	9.557E-01	47.700	91	90	90
Q704V1_conserved	Q840P9_conserved	9.756E-01	9.445E-01	9.547E-01	58.800	91	90	90
Q704V1_conserved	Q8GKX2_conserved	9.743E-01	9.432E-01	9.534E-01	56.600	91	90	90
Q704V1_conserved	Q2HY42_conserved	9.740E-01	9.429E-01	9.531E-01	57.700	91	90	90
Q704V1_conserved	Q9XAY4_conserved	9.737E-01	9.427E-01	9.528E-01	56.600	91	90	90
Q704V1_conserved	Q3YBY0_conserved	9.733E-01	9.423E-01	9.525E-01	56.600	91	90	90
Q704V1_conserved	E5G503_conserved	9.732E-01	9.422E-01	9.523E-01	56.600	91	90	90
Q704V1_conserved	AF-A0A7U3MVS9-F1-model_v4_conserved	9.722E-01	9.412E-01	9.513E-01	51.100	91	90	90
Q704V1_conserved	I3RJZ3_conserved	9.718E-01	9.409E-01	9.510E-01	55.500	91	90	90
Q704V1_conserved	B4YAJ7_conserved	9.716E-01	9.407E-01	9.508E-01	55.500	91	90	90
Q704V1_conserved	Q9F629_conserved	9.703E-01	9.395E-01	9.496E-01	55.500	91	90	90
Q704V1_conserved	A7WPA3_conserved	9.703E-01	9.395E-01	9.496E-01	55.500	91	90	90
Q704V1_conserved	Q8G9Q0_conserved	9.693E-01	9.385E-01	9.485E-01	52.200	91	90	90
Q704V1_conserved	SPS-1_conserved	9.663E-01	9.357E-01	9.559E-01	52.200	91	90	89
Q704V1_conserved	Q9ETN2_conserved	9.658E-01	9.351E-01	9.451E-01	48.800	91	90	90
Q704V1_conserved	A0A0N9HJI8_conserved	9.647E-01	9.340E-01	9.440E-01	46.600	91	90	90
Q704V1_conserved	AF-Q9RB01-F1-model_v4_conserved	9.661E-01	9.355E-01	9.455E-01	52.200	91	90	90
Q704V1_conserved	A0A077EG89_conserved	9.659E-01	9.353E-01	9.453E-01	53.300	91	90	90
Q704V1_conserved	Q08I33_conserved	9.639E-01	9.334E-01	9.433E-01	46.600	91	90	90
Q704V1_conserved	Q8VT48_conserved	9.630E-01	9.325E-01	9.425E-01	47.700	91	90	90
Q704V1_conserved	Q9F921_conserved	9.624E-01	9.319E-01	9.419E-01	48.800	91	90	90
Q704V1_conserved	Q8GQK7_conserved	9.614E-01	9.309E-01	9.408E-01	46.600	91	90	90
Q704V1_conserved	Q9X482_conserved	9.530E-01	9.330E-01	9.429E-01	47.200	91	91	90
Q704V1_conserved	E2GLP7_conserved	9.621E-01	9.316E-01	9.416E-01	47.700	91	90	90
Q704V1_conserved	Q9EU43_conserved	9.614E-01	9.310E-01	9.409E-01	47.700	91	90	90
Q704V1_conserved	D2K7P0_conserved	9.610E-01	9.306E-01	9.406E-01	46.600	91	90	90
Q704V1_conserved	Q6JE29_conserved	9.609E-01	9.305E-01	9.404E-01	46.600	91	90	90
Q704V1_conserved	D2KCJ9_conserved	9.571E-01	9.269E-01	9.368E-01	45.500	91	90	90
Q8GIW8_conserved	Q8GIW8_conserved	1.011E+00	1.000E+00	1.000E+00	100.000	91	91	91
Q8GIW8_conserved	Q9AHY6_conserved	1.009E+00	9.977E-01	9.977E-01	94.500	91	91	91
Q8GIW8_conserved	Q79MP6_conserved	1.007E+00	9.964E-01	9.964E-01	95.600	91	91	91
Q8GIW8_conserved	B2ZTD9_conserved	1.005E+00	9.940E-01	9.940E-01	89.000	91	91	91
Q8GIW8_conserved	Q53CM3_conserved	1.004E+00	9.928E-01	9.928E-01	96.700	91	91	91
Q8GIW8_conserved	Q7WYA8_conserved	1.004E+00	9.926E-01	9.926E-01	94.500	91	91	91
Q8GIW8_conserved	A0A0D5ZZW5_conserved	1.004E+00	9.927E-01	9.927E-01	95.600	91	91	91
Q8GIW8_conserved	F5ANL2_conserved	1.003E+00	9.922E-01	9.922E-01	95.600	91	91	91
Q8GIW8_conserved	Q8VLM7_conserved	1.003E+00	9.919E-01	9.919E-01	96.700	91	91	91
Q8GIW8_conserved	Q9F6Z8_conserved	1.003E+00	9.920E-01	9.920E-01	95.600	91	91	91
Q8GIW8_conserved	G9JKG5_conserved	1.002E+00	9.906E-01	9.906E-01	95.600	91	91	91
Q8GIW8_conserved	F8UQX1_conserved	1.001E+00	9.903E-01	9.903E-01	95.600	91	91	91
Q8GIW8_conserved	G4WB26_conserved	1.002E+00	9.907E-01	9.907E-01	93.400	91	91	91
Q8GIW8_conserved	B0FWK3_conserved	1.001E+00	9.899E-01	9.899E-01	93.400	91	91	91
Q8GIW8_conserved	S5WLJ9_conserved	1.011E+00	9.884E-01	9.884E-01	91.100	91	90	91
Q8GIW8_conserved	A8QUY6_conserved	1.011E+00	9.883E-01	9.883E-01	95.500	91	90	91
Q8GIW8_conserved	I7CP04_conserved	1.010E+00	9.883E-01	9.883E-01	91.100	91	90	91
Q8GIW8_conserved	Q1A2Z1_conserved	1.010E+00	9.882E-01	9.882E-01	95.500	91	90	91
Q8GIW8_conserved	Q70E85_conserved	1.010E+00	9.881E-01	9.881E-01	94.400	91	90	91
Q8GIW8_conserved	A0A097J9I0_conserved	9.993E-01	9.884E-01	9.884E-01	92.300	91	91	91
Q8GIW8_conserved	A0A0S2MTX2_conserved	1.009E+00	9.869E-01	9.869E-01	93.300	91	90	91
Q8GIW8_conserved	A0A0H4IUK3_conserved	1.008E+00	9.858E-01	9.858E-01	93.300	91	90	91
Q8GIW8_conserved	A0A161H7D8_conserved	9.984E-01	9.875E-01	9.875E-01	84.600	91	91	91
Q8GIW8_conserved	AF-A0A1B2F003-F1-model_v4_conserved	1.008E+00	9.856E-01	9.856E-01	86.600	91	90	91
Q8GIW8_conserved	A8R403_conserved	1.006E+00	9.840E-01	9.840E-01	85.500	91	90	91
Q8GIW8_conserved	L7X1X1_conserved	9.887E-01	9.780E-01	9.780E-01	74.700	91	91	91
Q8GIW8_conserved	AF-A0A7Y3W177-F1-model_v4_conserved	9.960E-01	9.744E-01	9.744E-01	80.000	91	90	91
Q8GIW8_conserved	L0N4W6_conserved	9.957E-01	9.741E-01	9.741E-01	74.400	91	90	91
Q8GIW8_conserved	AF-C5BSS3-F1-model_v4_conserved	9.951E-01	9.735E-01	9.735E-01	74.400	91	90	91
Q8GIW8_conserved	SHD-1_conserved	9.941E-01	9.725E-01	9.725E-01	74.400	91	90	91
Q8GIW8_conserved	A0A650AXL4_conserved	9.927E-01	9.712E-01	9.712E-01	71.100	91	90	91
Q8GIW8_conserved	Q704V1_conserved	9.916E-01	9.702E-01	9.702E-01	73.300	91	90	91
Q8GIW8_conserved	Q53BU0_conserved	9.870E-01	9.657E-01	9.762E-01	65.500	91	90	90
Q8GIW8_conserved	AF-A0A1L6K5Z3-F1-model_v4_conserved	9.942E-01	9.619E-01	9.724E-01	75.500	91	90	90
Q8GIW8_conserved	AF-A0A6M4NN58-F1-model_v4_conserved	9.901E-01	9.688E-01	9.688E-01	67.700	91	90	91
Q8GIW8_conserved	AF-Q12JE6-F1-model_v4_conserved	9.900E-01	9.686E-01	9.686E-01	72.200	91	90	91
Q8GIW8_conserved	Q53BU1_conserved	9.831E-01	9.620E-01	9.724E-01	67.700	91	90	90
Q8GIW8_conserved	K7SA42_conserved	9.784E-01	9.575E-01	9.575E-01	56.600	91	90	91
Q8GIW8_conserved	AF-A0A1L6K5Y5-F1-model_v4_conserved	9.807E-01	9.492E-01	9.595E-01	58.800	91	90	90
Q8GIW8_conserved	STA-1_conserved	9.767E-01	9.559E-01	9.559E-01	56.600	91	90	91
Q8GIW8_conserved	AF-A0A3G5BD68-F1-model_v4_conserved	9.761E-01	9.553E-01	9.553E-01	54.400	91	90	91
Q8GIW8_conserved	A0A3G3C0Q6_conserved	9.754E-01	9.546E-01	9.546E-01	54.400	91	90	91
Q8GIW8_conserved	AF-A0A8E7DAJ6-F1-model_v6_conserved	9.753E-01	9.546E-01	9.546E-01	55.500	91	90	91
Q8GIW8_conserved	A0A1Z3FWF5_conserved	9.751E-01	9.544E-01	9.544E-01	54.400	91	90	91
Q8GIW8_conserved	A0A1P8VH15_conserved	9.751E-01	9.544E-01	9.544E-01	54.400	91	90	91
Q8GIW8_conserved	A0A0B5ECY2_conserved	9.750E-01	9.543E-01	9.543E-01	54.400	91	90	91
Q8GIW8_conserved	S5ZIP8_conserved	9.750E-01	9.542E-01	9.542E-01	54.400	91	90	91
Q8GIW8_conserved	AF-Q1DF71-F1-model_v4_conserved	9.745E-01	9.538E-01	9.538E-01	54.400	91	90	91
Q8GIW8_conserved	A0A1P8C735_conserved	9.747E-01	9.540E-01	9.540E-01	55.500	91	90	91
Q8GIW8_conserved	ALI-2_conserved	9.708E-01	9.500E-01	9.500E-01	57.100	91	91	91
Q8GIW8_conserved	AF-A0A4Y8LBX5-F1-model_v4_conserved	9.738E-01	9.531E-01	9.531E-01	62.200	91	90	91
Q8GIW8_conserved	ALI-1_conserved	9.704E-01	9.496E-01	9.496E-01	62.600	91	91	91
Q8GIW8_conserved	AF-G0L217-F1-model_v4_conserved	9.757E-01	9.445E-01	9.547E-01	54.400	91	90	90
Q8GIW8_conserved	ECV-1_conserved	9.754E-01	9.442E-01	9.544E-01	55.500	91	90	90
Q8GIW8_conserved	AF-A0A7T8ZCD9-F1-model_v4_conserved	9.751E-01	9.439E-01	9.541E-01	53.300	91	90	90
Q8GIW8_conserved	ORR-1_conserved	9.736E-01	9.425E-01	9.527E-01	56.600	91	90	90
Q8GIW8_conserved	AF-A0A6B7ELH8-F1-model_v4_conserved	9.733E-01	9.423E-01	9.524E-01	57.700	91	90	90
Q8GIW8_conserved	BMHC-1_conserved	9.732E-01	9.422E-01	9.523E-01	51.100	91	90	90
Q8GIW8_conserved	ANA-1_conserved	9.671E-01	9.466E-01	9.466E-01	54.400	91	90	91
Q8GIW8_conserved	A0A0C5L398_conserved	9.705E-01	9.396E-01	9.497E-01	47.700	91	90	90
Q8GIW8_conserved	Q6SPY5_conserved	9.687E-01	9.379E-01	9.480E-01	56.600	91	90	90
Q8GIW8_conserved	P14488_conserved	9.684E-01	9.376E-01	9.477E-01	57.700	91	90	90
Q8GIW8_conserved	P25910_conserved	9.627E-01	9.425E-01	9.425E-01	56.600	91	90	91
Q8GIW8_conserved	AF-I0KEZ6-F1-model_v4_conserved	9.660E-01	9.354E-01	9.454E-01	52.200	91	90	90
Q8GIW8_conserved	Q8G9Q0_conserved	9.666E-01	9.360E-01	9.459E-01	51.100	91	90	90
Q8GIW8_conserved	AF-A0A0U3H0V9-F1-model_v4_conserved	9.608E-01	9.303E-01	9.504E-01	54.400	91	90	89
Q8GIW8_conserved	Q8RMB8_conserved	9.623E-01	9.318E-01	9.417E-01	47.700	91	90	90
Q8GIW8_conserved	A0A2R4PHC7_conserved	9.618E-01	9.313E-01	9.413E-01	60.000	91	90	90
Q8GIW8_conserved	Q8GPN1_conserved	9.604E-01	9.300E-01	9.400E-01	52.200	91	90	90
Q8GIW8_conserved	AF-A0A191Z3S9-F1-model_v4_conserved	9.592E-01	9.289E-01	9.388E-01	47.700	91	90	90
Q8GIW8_conserved	A0A0H3YDR5_conserved	9.592E-01	9.289E-01	9.388E-01	51.100	91	90	90
Q8GIW8_conserved	AF-A0A844TY23-F1-model_v4_conserved	9.593E-01	9.290E-01	9.389E-01	54.400	91	90	90
Q8GIW8_conserved	Q8GPN2_conserved	9.586E-01	9.283E-01	9.382E-01	50.000	91	90	90
Q8GIW8_conserved	Q840P9_conserved	9.582E-01	9.280E-01	9.378E-01	54.400	91	90	90
Q8GIW8_conserved	SPS-1_conserved	9.554E-01	9.255E-01	9.452E-01	48.800	91	90	89
Q8GIW8_conserved	Q8GKX2_conserved	9.577E-01	9.275E-01	9.374E-01	55.500	91	90	90
Q8GIW8_conserved	AF-A0A7U3MVS9-F1-model_v4_conserved	9.574E-01	9.272E-01	9.371E-01	46.600	91	90	90
Q8GIW8_conserved	Q2HY42_conserved	9.573E-01	9.271E-01	9.370E-01	56.600	91	90	90
Q8GIW8_conserved	Q9XAY4_conserved	9.567E-01	9.266E-01	9.365E-01	55.500	91	90	90
Q8GIW8_conserved	E5G503_conserved	9.565E-01	9.264E-01	9.362E-01	55.500	91	90	90
Q8GIW8_conserved	Q3YBY0_conserved	9.561E-01	9.261E-01	9.359E-01	55.500	91	90	90
Q8GIW8_conserved	Q9ETN2_conserved	9.453E-01	9.255E-01	9.353E-01	49.400	91	91	90
Q8GIW8_conserved	B4YAJ7_conserved	9.543E-01	9.243E-01	9.341E-01	54.400	91	90	90
Q8GIW8_conserved	I3RJZ3_conserved	9.544E-01	9.245E-01	9.342E-01	54.400	91	90	90
Q8GIW8_conserved	Q9F629_conserved	9.528E-01	9.229E-01	9.326E-01	54.400	91	90	90
Q8GIW8_conserved	A7WPA3_conserved	9.528E-01	9.229E-01	9.327E-01	54.400	91	90	90
Q8GIW8_conserved	Q08I33_conserved	9.426E-01	9.229E-01	9.326E-01	47.200	91	91	90
Q8GIW8_conserved	Q9F921_conserved	9.503E-01	9.204E-01	9.302E-01	48.800	91	90	90
Q8GIW8_conserved	E2GLP7_conserved	9.409E-01	9.213E-01	9.310E-01	48.300	91	91	90
Q8GIW8_conserved	Q8VT48_conserved	9.500E-01	9.202E-01	9.299E-01	47.700	91	90	90
Q8GIW8_conserved	Q6JE29_conserved	9.415E-01	9.219E-01	9.316E-01	47.200	91	91	90
Q8GIW8_conserved	Q9EU43_conserved	9.406E-01	9.210E-01	9.307E-01	48.300	91	91	90
Q8GIW8_conserved	A0A0N9HJI8_conserved	9.483E-01	9.186E-01	9.283E-01	48.800	91	90	90
Q8GIW8_conserved	D2K7P0_conserved	9.484E-01	9.187E-01	9.284E-01	46.600	91	90	90
Q8GIW8_conserved	Q9X482_conserved	9.475E-01	9.179E-01	9.276E-01	46.600	91	90	90
Q8GIW8_conserved	AF-Q9RB01-F1-model_v4_conserved	9.472E-01	9.176E-01	9.273E-01	47.700	91	90	90
Q8GIW8_conserved	A0A077EG89_conserved	9.471E-01	9.175E-01	9.272E-01	47.700	91	90	90
Q8GIW8_conserved	Q8GQK7_conserved	9.447E-01	9.151E-01	9.248E-01	48.800	91	90	90
Q8GIW8_conserved	D2KCJ9_conserved	9.437E-01	9.143E-01	9.239E-01	45.500	91	90	90
Q8VT48_conserved	Q8VT48_conserved	1.011E+00	1.000E+00	1.000E+00	100.000	90	90	90
Q8VT48_conserved	Q9ETN2_conserved	1.011E+00	9.882E-01	9.882E-01	95.500	90	89	90
Q8VT48_conserved	Q08I33_conserved	1.010E+00	9.878E-01	9.878E-01	95.500	90	89	90
Q8VT48_conserved	D2K7P0_conserved	1.010E+00	9.878E-01	9.878E-01	95.500	90	89	90
Q8VT48_conserved	Q9F921_conserved	1.010E+00	9.873E-01	9.873E-01	95.500	90	89	90
Q8VT48_conserved	E2GLP7_conserved	1.009E+00	9.863E-01	9.863E-01	94.300	90	89	90
Q8VT48_conserved	Q9EU43_conserved	1.009E+00	9.862E-01	9.862E-01	94.300	90	89	90
Q8VT48_conserved	Q6JE29_conserved	1.008E+00	9.859E-01	9.859E-01	95.500	90	89	90
Q8VT48_conserved	Q9X482_conserved	1.008E+00	9.855E-01	9.855E-01	94.300	90	89	90
Q8VT48_conserved	D2KCJ9_conserved	1.005E+00	9.829E-01	9.829E-01	93.200	90	89	90
Q8VT48_conserved	A0A0N9HJI8_conserved	1.002E+00	9.803E-01	9.803E-01	84.200	90	89	90
Q8VT48_conserved	Q8GQK7_conserved	1.002E+00	9.799E-01	9.799E-01	84.200	90	89	90
Q8VT48_conserved	Q8GPN1_conserved	9.874E-01	9.659E-01	9.659E-01	68.500	90	89	90
Q8VT48_conserved	A0A077EG89_conserved	9.857E-01	9.643E-01	9.643E-01	66.200	90	89	90
Q8VT48_conserved	AF-A0A844TY23-F1-model_v4_conserved	9.864E-01	9.649E-01	9.649E-01	70.700	90	89	90
Q8VT48_conserved	A0A0H3YDR5_conserved	9.856E-01	9.642E-01	9.642E-01	65.100	90	89	90
Q8VT48_conserved	AF-A0A191Z3S9-F1-model_v4_conserved	9.855E-01	9.640E-01	9.640E-01	62.900	90	89	90
Q8VT48_conserved	A0A0C5L398_conserved	9.847E-01	9.633E-01	9.633E-01	66.200	90	89	90
Q8VT48_conserved	Q8GPN2_conserved	9.852E-01	9.638E-01	9.638E-01	66.200	90	89	90
Q8VT48_conserved	AF-Q9RB01-F1-model_v4_conserved	9.844E-01	9.629E-01	9.629E-01	65.100	90	89	90
Q8VT48_conserved	Q8RMB8_conserved	9.814E-01	9.602E-01	9.602E-01	67.400	90	89	90
Q8VT48_conserved	Q53BU0_conserved	9.736E-01	9.526E-01	9.526E-01	55.500	90	90	90
Q8VT48_conserved	A0A2R4PHC7_conserved	9.744E-01	9.534E-01	9.534E-01	56.100	90	89	90
Q8VT48_conserved	Q53BU1_conserved	9.720E-01	9.511E-01	9.511E-01	57.700	90	90	90
Q8VT48_conserved	AF-A0A1L6K5Y5-F1-model_v4_conserved	9.697E-01	9.489E-01	9.489E-01	50.500	90	89	90
Q8VT48_conserved	AF-A0A6M4NN58-F1-model_v4_conserved	9.731E-01	9.522E-01	9.421E-01	56.600	90	90	91
Q8VT48_conserved	AF-I0KEZ6-F1-model_v4_conserved	9.696E-01	9.489E-01	9.489E-01	53.900	90	89	90
Q8VT48_conserved	Q6SPY5_conserved	9.690E-01	9.483E-01	9.483E-01	51.600	90	89	90
Q8VT48_conserved	P14488_conserved	9.677E-01	9.470E-01	9.470E-01	52.800	90	89	90
Q8VT48_conserved	A0A650AXL4_conserved	9.709E-01	9.500E-01	9.400E-01	56.600	90	90	91
Q8VT48_conserved	AF-A0A1L6K5Z3-F1-model_v4_conserved	9.649E-01	9.443E-01	9.443E-01	50.500	90	89	90
Q8VT48_conserved	SHD-1_conserved	9.650E-01	9.444E-01	9.344E-01	52.200	90	90	91
Q8VT48_conserved	AF-A0A7Y3W177-F1-model_v4_conserved	9.642E-01	9.436E-01	9.336E-01	47.700	90	90	91
Q8VT48_conserved	L7X1X1_conserved	9.646E-01	9.440E-01	9.340E-01	55.500	90	90	91
Q8VT48_conserved	AF-C5BSS3-F1-model_v4_conserved	9.632E-01	9.426E-01	9.327E-01	53.300	90	90	91
Q8VT48_conserved	Q704V1_conserved	9.630E-01	9.425E-01	9.325E-01	47.700	90	90	91
Q8VT48_conserved	AF-A0A4Y8LBX5-F1-model_v4_conserved	9.616E-01	9.411E-01	9.312E-01	51.100	90	90	91
Q8VT48_conserved	AF-Q12JE6-F1-model_v4_conserved	9.619E-01	9.414E-01	9.314E-01	52.200	90	90	91
Q8VT48_conserved	Q840P9_conserved	9.567E-01	9.364E-01	9.364E-01	43.800	90	89	90
Q8VT48_conserved	Q3YBY0_conserved	9.566E-01	9.364E-01	9.364E-01	42.600	90	89	90
Q8VT48_conserved	Q8GKX2_conserved	9.564E-01	9.362E-01	9.362E-01	42.600	90	89	90
Q8VT48_conserved	L0N4W6_conserved	9.596E-01	9.392E-01	9.293E-01	52.200	90	90	91
Q8VT48_conserved	E5G503_conserved	9.563E-01	9.361E-01	9.361E-01	42.600	90	89	90
Q8VT48_conserved	Q9XAY4_conserved	9.563E-01	9.360E-01	9.360E-01	42.600	90	89	90
Q8VT48_conserved	Q2HY42_conserved	9.561E-01	9.359E-01	9.359E-01	42.600	90	89	90
Q8VT48_conserved	B4YAJ7_conserved	9.557E-01	9.355E-01	9.355E-01	41.500	90	89	90
Q8VT48_conserved	I3RJZ3_conserved	9.556E-01	9.354E-01	9.354E-01	41.500	90	89	90
Q8VT48_conserved	A7WPA3_conserved	9.555E-01	9.353E-01	9.353E-01	41.500	90	89	90
Q8VT48_conserved	Q9F629_conserved	9.549E-01	9.347E-01	9.347E-01	41.500	90	89	90
Q8VT48_conserved	P25910_conserved	9.574E-01	9.371E-01	9.273E-01	46.600	90	90	91
Q8VT48_conserved	STA-1_conserved	9.568E-01	9.365E-01	9.266E-01	53.300	90	90	91
Q8VT48_conserved	ALI-2_conserved	9.563E-01	9.360E-01	9.262E-01	47.700	90	90	91
Q8VT48_conserved	A8R403_conserved	9.553E-01	9.350E-01	9.252E-01	52.200	90	90	91
Q8VT48_conserved	A0A161H7D8_conserved	9.544E-01	9.342E-01	9.244E-01	46.600	90	90	91
Q8VT48_conserved	ANA-1_conserved	9.550E-01	9.348E-01	9.250E-01	50.000	90	90	91
Q8VT48_conserved	K7SA42_conserved	9.555E-01	9.353E-01	9.255E-01	42.200	90	90	91
Q8VT48_conserved	ALI-1_conserved	9.544E-01	9.342E-01	9.244E-01	44.400	90	90	91
Q8VT48_conserved	A0A097J9I0_conserved	9.519E-01	9.318E-01	9.221E-01	47.700	90	90	91
Q8VT48_conserved	B0FWK3_conserved	9.502E-01	9.302E-01	9.204E-01	46.600	90	90	91
Q8VT48_conserved	A0A0H4IUK3_conserved	9.501E-01	9.301E-01	9.204E-01	46.600	90	90	91
Q8VT48_conserved	Q8GIW8_conserved	9.500E-01	9.299E-01	9.202E-01	47.700	90	90	91
Q8VT48_conserved	Q8VLM7_conserved	9.500E-01	9.299E-01	9.202E-01	47.700	90	90	91
Q8VT48_conserved	S5WLJ9_conserved	9.499E-01	9.298E-01	9.201E-01	46.600	90	90	91
Q8VT48_conserved	A0A0D5ZZW5_conserved	9.495E-01	9.295E-01	9.198E-01	47.700	90	90	91
Q8VT48_conserved	I7CP04_conserved	9.495E-01	9.295E-01	9.198E-01	46.600	90	90	91
Q8VT48_conserved	Q1A2Z1_conserved	9.495E-01	9.295E-01	9.197E-01	47.700	90	90	91
Q8VT48_conserved	Q9F6Z8_conserved	9.494E-01	9.293E-01	9.196E-01	46.600	90	90	91
Q8VT48_conserved	Q70E85_conserved	9.494E-01	9.294E-01	9.197E-01	47.700	90	90	91
Q8VT48_conserved	A8QUY6_conserved	9.493E-01	9.292E-01	9.195E-01	46.600	90	90	91
Q8VT48_conserved	B2ZTD9_conserved	9.488E-01	9.288E-01	9.191E-01	46.600	90	90	91
Q8VT48_conserved	A0A0S2MTX2_conserved	9.491E-01	9.291E-01	9.194E-01	45.500	90	90	91
Q8VT48_conserved	G4WB26_conserved	9.492E-01	9.291E-01	9.194E-01	46.600	90	90	91
Q8VT48_conserved	F8UQX1_conserved	9.491E-01	9.291E-01	9.194E-01	47.700	90	90	91
Q8VT48_conserved	F5ANL2_conserved	9.487E-01	9.287E-01	9.190E-01	46.600	90	90	91
Q8VT48_conserved	AF-A0A1B2F003-F1-model_v4_conserved	9.483E-01	9.283E-01	9.186E-01	51.100	90	90	91
Q8VT48_conserved	Q53CM3_conserved	9.486E-01	9.286E-01	9.189E-01	45.500	90	90	91
Q8VT48_conserved	Q79MP6_conserved	9.484E-01	9.284E-01	9.187E-01	46.600	90	90	91
Q8VT48_conserved	Q9AHY6_conserved	9.484E-01	9.284E-01	9.187E-01	46.600	90	90	91
Q8VT48_conserved	Q7WYA8_conserved	9.477E-01	9.277E-01	9.180E-01	45.500	90	90	91
Q8VT48_conserved	AF-Q1DF71-F1-model_v4_conserved	9.478E-01	9.278E-01	9.181E-01	46.600	90	90	91
Q8VT48_conserved	G9JKG5_conserved	9.468E-01	9.269E-01	9.172E-01	46.600	90	90	91
Q8VT48_conserved	AF-G0L217-F1-model_v4_conserved	9.386E-01	9.188E-01	9.188E-01	46.600	90	90	90
Q8VT48_conserved	AF-A0A3G5BD68-F1-model_v4_conserved	9.451E-01	9.253E-01	9.157E-01	38.800	90	90	91
Q8VT48_conserved	ECV-1_conserved	9.381E-01	9.184E-01	9.184E-01	46.600	90	90	90
Q8VT48_conserved	A0A1Z3FWF5_conserved	9.447E-01	9.249E-01	9.153E-01	38.800	90	90	91
Q8VT48_conserved	A0A3G3C0Q6_conserved	9.447E-01	9.249E-01	9.153E-01	38.800	90	90	91
Q8VT48_conserved	AF-A0A8E7DAJ6-F1-model_v6_conserved	9.446E-01	9.248E-01	9.152E-01	40.000	90	90	91
Q8VT48_conserved	A0A1P8VH15_conserved	9.444E-01	9.246E-01	9.151E-01	38.800	90	90	91
Q8VT48_conserved	S5ZIP8_conserved	9.444E-01	9.246E-01	9.150E-01	38.800	90	90	91
Q8VT48_conserved	A0A1P8C735_conserved	9.444E-01	9.246E-01	9.150E-01	40.000	90	90	91
Q8VT48_conserved	SPS-1_conserved	9.366E-01	9.171E-01	9.268E-01	40.400	90	89	89
Q8VT48_conserved	A0A0B5ECY2_conserved	9.441E-01	9.244E-01	9.148E-01	38.800	90	90	91
Q8VT48_conserved	ORR-1_conserved	9.372E-01	9.175E-01	9.175E-01	44.400	90	90	90
Q8VT48_conserved	AF-A0A7U3MVS9-F1-model_v4_conserved	9.390E-01	9.194E-01	9.194E-01	44.900	90	89	90
Q8VT48_conserved	AF-A0A7T8ZCD9-F1-model_v4_conserved	9.341E-01	9.146E-01	9.146E-01	48.800	90	90	90
Q8VT48_conserved	AF-A0A6B7ELH8-F1-model_v4_conserved	9.327E-01	9.132E-01	9.132E-01	48.800	90	90	90
Q8VT48_conserved	Q8G9Q0_conserved	9.324E-01	9.130E-01	9.130E-01	44.900	90	89	90
Q8VT48_conserved	AF-A0A0U3H0V9-F1-model_v4_conserved	9.256E-01	9.063E-01	9.159E-01	46.600	90	90	89
Q8VT48_conserved	BMHC-1_conserved	9.302E-01	9.108E-01	9.108E-01	45.500	90	90	90
Q9F6Z8_conserved	Q9F6Z8_conserved	1.011E+00	1.000E+00	1.000E+00	100.000	91	91	91
Q9F6Z8_conserved	Q9AHY6_conserved	1.003E+00	9.915E-01	9.915E-01	96.700	91	91	91
Q9F6Z8_conserved	Q79MP6_conserved	1.002E+00	9.912E-01	9.912E-01	100.000	91	91	91
Q9F6Z8_conserved	Q8GIW8_conserved	1.003E+00	9.920E-01	9.920E-01	95.600	91	91	91
Q9F6Z8_conserved	A0A0D5ZZW5_conserved	1.002E+00	9.907E-01	9.907E-01	95.600	91	91	91
Q9F6Z8_conserved	Q7WYA8_conserved	1.001E+00	9.904E-01	9.904E-01	96.700	91	91	91
Q9F6Z8_conserved	Q53CM3_conserved	1.000E+00	9.895E-01	9.895E-01	96.700	91	91	91
Q9F6Z8_conserved	G4WB26_conserved	1.011E+00	9.887E-01	9.887E-01	95.500	91	90	91
Q9F6Z8_conserved	F5ANL2_conserved	1.011E+00	9.887E-01	9.887E-01	97.700	91	90	91
Q9F6Z8_conserved	Q1A2Z1_conserved	1.011E+00	9.886E-01	9.886E-01	97.700	91	90	91
Q9F6Z8_conserved	B0FWK3_conserved	1.011E+00	9.885E-01	9.885E-01	93.300	91	90	91
Q9F6Z8_conserved	Q8VLM7_conserved	1.011E+00	9.885E-01	9.885E-01	98.800	91	90	91
Q9F6Z8_conserved	A8QUY6_conserved	1.011E+00	9.884E-01	9.884E-01	95.500	91	90	91
Q9F6Z8_conserved	A0A0S2MTX2_conserved	1.011E+00	9.884E-01	9.884E-01	97.700	91	90	91
Q9F6Z8_conserved	B2ZTD9_conserved	1.000E+00	9.894E-01	9.894E-01	93.400	91	91	91
Q9F6Z8_conserved	G9JKG5_conserved	1.010E+00	9.883E-01	9.883E-01	95.500	91	90	91
Q9F6Z8_conserved	I7CP04_conserved	1.010E+00	9.882E-01	9.882E-01	93.300	91	90	91
Q9F6Z8_conserved	S5WLJ9_conserved	1.010E+00	9.882E-01	9.882E-01	93.300	91	90	91
Q9F6Z8_conserved	Q70E85_conserved	1.010E+00	9.880E-01	9.880E-01	96.600	91	90	91
Q9F6Z8_conserved	F8UQX1_conserved	1.010E+00	9.876E-01	9.876E-01	91.100	91	90	91
Q9F6Z8_conserved	AF-A0A1B2F003-F1-model_v4_conserved	1.009E+00	9.872E-01	9.872E-01	87.700	91	90	91
Q9F6Z8_conserved	A0A0H4IUK3_conserved	1.009E+00	9.868E-01	9.868E-01	93.300	91	90	91
Q9F6Z8_conserved	A0A097J9I0_conserved	1.009E+00	9.865E-01	9.865E-01	92.200	91	90	91
Q9F6Z8_conserved	A0A161H7D8_conserved	9.984E-01	9.875E-01	9.875E-01	84.600	91	91	91
Q9F6Z8_conserved	A8R403_conserved	1.007E+00	9.851E-01	9.851E-01	85.500	91	90	91
Q9F6Z8_conserved	AF-A0A7Y3W177-F1-model_v4_conserved	9.961E-01	9.745E-01	9.745E-01	77.700	91	90	91
Q9F6Z8_conserved	L0N4W6_conserved	9.958E-01	9.742E-01	9.742E-01	76.600	91	90	91
Q9F6Z8_conserved	L7X1X1_conserved	9.950E-01	9.734E-01	9.734E-01	72.200	91	90	91
Q9F6Z8_conserved	AF-C5BSS3-F1-model_v4_conserved	9.945E-01	9.730E-01	9.730E-01	74.400	91	90	91
Q9F6Z8_conserved	SHD-1_conserved	9.939E-01	9.723E-01	9.723E-01	72.200	91	90	91
Q9F6Z8_conserved	Q704V1_conserved	9.929E-01	9.714E-01	9.714E-01	73.300	91	90	91
Q9F6Z8_conserved	A0A650AXL4_conserved	9.927E-01	9.712E-01	9.712E-01	68.800	91	90	91
Q9F6Z8_conserved	AF-A0A1L6K5Z3-F1-model_v4_conserved	9.950E-01	9.627E-01	9.732E-01	77.700	91	90	90
Q9F6Z8_conserved	Q53BU0_conserved	9.868E-01	9.655E-01	9.761E-01	67.700	91	90	90
Q9F6Z8_conserved	AF-A0A6M4NN58-F1-model_v4_conserved	9.905E-01	9.691E-01	9.691E-01	67.700	91	90	91
Q9F6Z8_conserved	AF-Q12JE6-F1-model_v4_conserved	9.876E-01	9.663E-01	9.663E-01	72.200	91	90	91
Q9F6Z8_conserved	Q53BU1_conserved	9.822E-01	9.611E-01	9.715E-01	70.000	91	90	90
Q9F6Z8_conserved	K7SA42_conserved	9.791E-01	9.581E-01	9.581E-01	58.800	91	90	91
Q9F6Z8_conserved	AF-A0A1L6K5Y5-F1-model_v4_conserved	9.801E-01	9.486E-01	9.588E-01	58.800	91	90	90
Q9F6Z8_conserved	AF-A0A3G5BD68-F1-model_v4_conserved	9.758E-01	9.550E-01	9.550E-01	55.500	91	90	91
Q9F6Z8_conserved	STA-1_conserved	9.754E-01	9.546E-01	9.546E-01	54.400	91	90	91
Q9F6Z8_conserved	A0A3G3C0Q6_conserved	9.752E-01	9.544E-01	9.544E-01	55.500	91	90	91
Q9F6Z8_conserved	AF-A0A8E7DAJ6-F1-model_v6_conserved	9.750E-01	9.542E-01	9.542E-01	56.600	91	90	91
Q9F6Z8_conserved	A0A1Z3FWF5_conserved	9.749E-01	9.541E-01	9.541E-01	55.500	91	90	91
Q9F6Z8_conserved	A0A1P8VH15_conserved	9.749E-01	9.541E-01	9.541E-01	55.500	91	90	91
Q9F6Z8_conserved	A0A0B5ECY2_conserved	9.747E-01	9.540E-01	9.540E-01	55.500	91	90	91
Q9F6Z8_conserved	S5ZIP8_conserved	9.747E-01	9.540E-01	9.540E-01	55.500	91	90	91
Q9F6Z8_conserved	A0A1P8C735_conserved	9.744E-01	9.537E-01	9.537E-01	56.600	91	90	91
Q9F6Z8_conserved	AF-Q1DF71-F1-model_v4_conserved	9.741E-01	9.533E-01	9.533E-01	52.200	91	90	91
Q9F6Z8_conserved	ALI-1_conserved	9.706E-01	9.498E-01	9.498E-01	61.500	91	91	91
Q9F6Z8_conserved	AF-A0A4Y8LBX5-F1-model_v4_conserved	9.737E-01	9.530E-01	9.530E-01	64.400	91	90	91
Q9F6Z8_conserved	ALI-2_conserved	9.706E-01	9.498E-01	9.498E-01	56.000	91	91	91
Q9F6Z8_conserved	AF-G0L217-F1-model_v4_conserved	9.745E-01	9.434E-01	9.536E-01	53.300	91	90	90
Q9F6Z8_conserved	AF-A0A7T8ZCD9-F1-model_v4_conserved	9.741E-01	9.430E-01	9.532E-01	53.300	91	90	90
Q9F6Z8_conserved	ECV-1_conserved	9.741E-01	9.430E-01	9.531E-01	55.500	91	90	90
Q9F6Z8_conserved	ORR-1_conserved	9.738E-01	9.428E-01	9.529E-01	54.400	91	90	90
Q9F6Z8_conserved	AF-A0A6B7ELH8-F1-model_v4_conserved	9.737E-01	9.426E-01	9.527E-01	58.800	91	90	90
Q9F6Z8_conserved	BMHC-1_conserved	9.726E-01	9.416E-01	9.517E-01	53.300	91	90	90
Q9F6Z8_conserved	A0A0C5L398_conserved	9.714E-01	9.405E-01	9.506E-01	48.800	91	90	90
Q9F6Z8_conserved	ANA-1_conserved	9.648E-01	9.444E-01	9.444E-01	54.400	91	90	91
Q9F6Z8_conserved	Q6SPY5_conserved	9.686E-01	9.378E-01	9.478E-01	56.600	91	90	90
Q9F6Z8_conserved	P14488_conserved	9.685E-01	9.377E-01	9.477E-01	57.700	91	90	90
Q9F6Z8_conserved	Q8G9Q0_conserved	9.676E-01	9.369E-01	9.469E-01	53.300	91	90	90
Q9F6Z8_conserved	AF-I0KEZ6-F1-model_v4_conserved	9.665E-01	9.358E-01	9.458E-01	52.200	91	90	90
Q9F6Z8_conserved	AF-A0A0U3H0V9-F1-model_v4_conserved	9.605E-01	9.300E-01	9.501E-01	56.600	91	90	89
Q9F6Z8_conserved	P25910_conserved	9.615E-01	9.413E-01	9.413E-01	57.700	91	90	91
Q9F6Z8_conserved	Q8RMB8_conserved	9.631E-01	9.326E-01	9.426E-01	44.400	91	90	90
Q9F6Z8_conserved	A0A2R4PHC7_conserved	9.623E-01	9.319E-01	9.418E-01	60.000	91	90	90
Q9F6Z8_conserved	Q8GPN1_conserved	9.610E-01	9.306E-01	9.405E-01	54.400	91	90	90
Q9F6Z8_conserved	A0A0H3YDR5_conserved	9.600E-01	9.296E-01	9.395E-01	53.300	91	90	90
Q9F6Z8_conserved	AF-A0A191Z3S9-F1-model_v4_conserved	9.599E-01	9.295E-01	9.394E-01	50.000	91	90	90
Q9F6Z8_conserved	AF-A0A844TY23-F1-model_v4_conserved	9.600E-01	9.296E-01	9.395E-01	56.600	91	90	90
Q9F6Z8_conserved	Q8GPN2_conserved	9.592E-01	9.289E-01	9.388E-01	52.200	91	90	90
Q9F6Z8_conserved	Q840P9_conserved	9.585E-01	9.283E-01	9.382E-01	54.400	91	90	90
Q9F6Z8_conserved	SPS-1_conserved	9.558E-01	9.258E-01	9.456E-01	50.000	91	90	89
Q9F6Z8_conserved	Q8GKX2_conserved	9.578E-01	9.276E-01	9.375E-01	53.300	91	90	90
Q9F6Z8_conserved	Q2HY42_conserved	9.575E-01	9.273E-01	9.372E-01	54.400	91	90	90
Q9F6Z8_conserved	AF-A0A7U3MVS9-F1-model_v4_conserved	9.574E-01	9.273E-01	9.371E-01	46.600	91	90	90
Q9F6Z8_conserved	Q9XAY4_conserved	9.569E-01	9.268E-01	9.366E-01	53.300	91	90	90
Q9F6Z8_conserved	E5G503_conserved	9.566E-01	9.265E-01	9.364E-01	53.300	91	90	90
Q9F6Z8_conserved	Q3YBY0_conserved	9.563E-01	9.263E-01	9.361E-01	53.300	91	90	90
Q9F6Z8_conserved	B4YAJ7_conserved	9.546E-01	9.246E-01	9.344E-01	54.400	91	90	90
Q9F6Z8_conserved	I3RJZ3_conserved	9.548E-01	9.248E-01	9.346E-01	54.400	91	90	90
Q9F6Z8_conserved	Q9F629_conserved	9.532E-01	9.233E-01	9.330E-01	54.400	91	90	90
Q9F6Z8_conserved	A7WPA3_conserved	9.532E-01	9.233E-01	9.330E-01	54.400	91	90	90
Q9F6Z8_conserved	Q9ETN2_conserved	9.522E-01	9.223E-01	9.320E-01	47.700	91	90	90
Q9F6Z8_conserved	Q08I33_conserved	9.425E-01	9.228E-01	9.325E-01	46.100	91	91	90
Q9F6Z8_conserved	Q9F921_conserved	9.498E-01	9.200E-01	9.297E-01	47.700	91	90	90
Q9F6Z8_conserved	Q8VT48_conserved	9.494E-01	9.196E-01	9.293E-01	46.600	91	90	90
Q9F6Z8_conserved	A0A0N9HJI8_conserved	9.481E-01	9.184E-01	9.281E-01	50.000	91	90	90
Q9F6Z8_conserved	E2GLP7_conserved	9.482E-01	9.185E-01	9.282E-01	46.600	91	90	90
Q9F6Z8_conserved	Q6JE29_conserved	9.393E-01	9.197E-01	9.294E-01	46.100	91	91	90
Q9F6Z8_conserved	AF-Q9RB01-F1-model_v4_conserved	9.483E-01	9.186E-01	9.283E-01	48.800	91	90	90
Q9F6Z8_conserved	D2K7P0_conserved	9.479E-01	9.182E-01	9.279E-01	45.500	91	90	90
Q9F6Z8_conserved	Q9EU43_conserved	9.475E-01	9.178E-01	9.275E-01	46.600	91	90	90
Q9F6Z8_conserved	A0A077EG89_conserved	9.480E-01	9.184E-01	9.281E-01	48.800	91	90	90
Q9F6Z8_conserved	Q9X482_conserved	9.467E-01	9.171E-01	9.267E-01	45.500	91	90	90
Q9F6Z8_conserved	Q8GQK7_conserved	9.446E-01	9.151E-01	9.247E-01	50.000	91	90	90
Q9F6Z8_conserved	D2KCJ9_conserved	9.433E-01	9.139E-01	9.235E-01	44.400	91	90	90
SHD-1_conserved	SHD-1_conserved	1.011E+00	1.000E+00	1.000E+00	100.000	91	91	91
SHD-1_conserved	AF-C5BSS3-F1-model_v4_conserved	1.009E+00	9.865E-01	9.865E-01	92.200	91	90	91
SHD-1_conserved	L7X1X1_conserved	1.008E+00	9.858E-01	9.858E-01	88.800	91	90	91
SHD-1_conserved	L0N4W6_conserved	1.007E+00	9.850E-01	9.850E-01	87.700	91	90	91
SHD-1_conserved	Q53BU0_conserved	1.002E+00	9.802E-01	9.910E-01	78.800	91	90	90
SHD-1_conserved	AF-A0A7Y3W177-F1-model_v4_conserved	1.006E+00	9.837E-01	9.837E-01	84.400	91	90	91
SHD-1_conserved	Q704V1_conserved	1.004E+00	9.818E-01	9.818E-01	81.100	91	90	91
SHD-1_conserved	Q53BU1_conserved	9.999E-01	9.781E-01	9.889E-01	81.100	91	90	90
SHD-1_conserved	AF-A0A6M4NN58-F1-model_v4_conserved	1.002E+00	9.800E-01	9.800E-01	67.700	91	90	91
SHD-1_conserved	AF-A0A1L6K5Z3-F1-model_v4_conserved	1.005E+00	9.723E-01	9.831E-01	85.500	91	90	90
SHD-1_conserved	A0A650AXL4_conserved	1.001E+00	9.794E-01	9.794E-01	73.300	91	90	91
SHD-1_conserved	AF-Q12JE6-F1-model_v4_conserved	1.000E+00	9.784E-01	9.784E-01	67.700	91	90	91
SHD-1_conserved	A8R403_conserved	9.975E-01	9.758E-01	9.758E-01	77.700	91	90	91
SHD-1_conserved	A0A161H7D8_conserved	9.965E-01	9.748E-01	9.748E-01	77.700	91	90	91
SHD-1_conserved	F8UQX1_conserved	9.946E-01	9.731E-01	9.731E-01	71.100	91	90	91
SHD-1_conserved	Q8GIW8_conserved	9.941E-01	9.725E-01	9.725E-01	74.400	91	90	91
SHD-1_conserved	Q9F6Z8_conserved	9.939E-01	9.723E-01	9.723E-01	72.200	91	90	91
SHD-1_conserved	Q70E85_conserved	9.939E-01	9.723E-01	9.723E-01	71.100	91	90	91
SHD-1_conserved	A0A0D5ZZW5_conserved	9.938E-01	9.722E-01	9.722E-01	73.300	91	90	91
SHD-1_conserved	B2ZTD9_conserved	9.936E-01	9.721E-01	9.721E-01	73.300	91	90	91
SHD-1_conserved	G4WB26_conserved	9.937E-01	9.722E-01	9.722E-01	72.200	91	90	91
SHD-1_conserved	B0FWK3_conserved	9.935E-01	9.719E-01	9.719E-01	72.200	91	90	91
SHD-1_conserved	Q7WYA8_conserved	9.933E-01	9.718E-01	9.718E-01	70.000	91	90	91
SHD-1_conserved	Q8VLM7_conserved	9.933E-01	9.717E-01	9.717E-01	73.300	91	90	91
SHD-1_conserved	Q1A2Z1_conserved	9.932E-01	9.717E-01	9.717E-01	72.200	91	90	91
SHD-1_conserved	S5WLJ9_conserved	9.932E-01	9.717E-01	9.717E-01	71.100	91	90	91
SHD-1_conserved	A8QUY6_conserved	9.932E-01	9.717E-01	9.717E-01	71.100	91	90	91
SHD-1_conserved	Q53CM3_conserved	9.930E-01	9.715E-01	9.715E-01	71.100	91	90	91
SHD-1_conserved	Q9AHY6_conserved	9.930E-01	9.715E-01	9.715E-01	72.200	91	90	91
SHD-1_conserved	I7CP04_conserved	9.929E-01	9.714E-01	9.714E-01	71.100	91	90	91
SHD-1_conserved	F5ANL2_conserved	9.928E-01	9.713E-01	9.713E-01	72.200	91	90	91
SHD-1_conserved	G9JKG5_conserved	9.927E-01	9.712E-01	9.712E-01	71.100	91	90	91
SHD-1_conserved	Q79MP6_conserved	9.926E-01	9.711E-01	9.711E-01	72.200	91	90	91
SHD-1_conserved	A0A097J9I0_conserved	9.923E-01	9.708E-01	9.708E-01	74.400	91	90	91
SHD-1_conserved	A0A0S2MTX2_conserved	9.919E-01	9.704E-01	9.704E-01	71.100	91	90	91
SHD-1_conserved	A0A0H4IUK3_conserved	9.910E-01	9.696E-01	9.696E-01	73.300	91	90	91
SHD-1_conserved	AF-A0A1B2F003-F1-model_v4_conserved	9.909E-01	9.695E-01	9.695E-01	71.100	91	90	91
SHD-1_conserved	AF-A0A1L6K5Y5-F1-model_v4_conserved	9.929E-01	9.607E-01	9.712E-01	60.000	91	90	90
SHD-1_conserved	K7SA42_conserved	9.872E-01	9.660E-01	9.660E-01	55.500	91	90	91
SHD-1_conserved	STA-1_conserved	9.873E-01	9.661E-01	9.661E-01	60.000	91	90	91
SHD-1_conserved	ALI-1_conserved	9.841E-01	9.628E-01	9.628E-01	61.500	91	91	91
SHD-1_conserved	AF-Q1DF71-F1-model_v4_conserved	9.869E-01	9.657E-01	9.657E-01	57.700	91	90	91
SHD-1_conserved	ALI-2_conserved	9.830E-01	9.618E-01	9.618E-01	59.300	91	91	91
SHD-1_conserved	AF-A0A4Y8LBX5-F1-model_v4_conserved	9.845E-01	9.634E-01	9.634E-01	64.400	91	90	91
SHD-1_conserved	AF-G0L217-F1-model_v4_conserved	9.877E-01	9.559E-01	9.662E-01	54.400	91	90	90
SHD-1_conserved	A0A0C5L398_conserved	9.870E-01	9.552E-01	9.656E-01	52.200	91	90	90
SHD-1_conserved	AF-A0A3G5BD68-F1-model_v4_conserved	9.833E-01	9.622E-01	9.622E-01	50.000	91	90	91
SHD-1_conserved	AF-A0A7T8ZCD9-F1-model_v4_conserved	9.866E-01	9.548E-01	9.652E-01	54.400	91	90	90
SHD-1_conserved	AF-A0A6B7ELH8-F1-model_v4_conserved	9.863E-01	9.546E-01	9.649E-01	56.600	91	90	90
SHD-1_conserved	ORR-1_conserved	9.862E-01	9.544E-01	9.648E-01	56.600	91	90	90
SHD-1_conserved	ANA-1_conserved	9.813E-01	9.603E-01	9.603E-01	55.500	91	90	91
SHD-1_conserved	AF-A0A8E7DAJ6-F1-model_v6_conserved	9.818E-01	9.608E-01	9.608E-01	51.100	91	90	91
SHD-1_conserved	A0A1P8VH15_conserved	9.817E-01	9.607E-01	9.607E-01	51.100	91	90	91
SHD-1_conserved	A0A3G3C0Q6_conserved	9.816E-01	9.606E-01	9.606E-01	51.100	91	90	91
SHD-1_conserved	S5ZIP8_conserved	9.816E-01	9.606E-01	9.606E-01	51.100	91	90	91
SHD-1_conserved	A0A1Z3FWF5_conserved	9.815E-01	9.605E-01	9.605E-01	51.100	91	90	91
SHD-1_conserved	A0A0B5ECY2_conserved	9.815E-01	9.605E-01	9.605E-01	51.100	91	90	91
SHD-1_conserved	A0A1P8C735_conserved	9.814E-01	9.604E-01	9.604E-01	51.100	91	90	91
SHD-1_conserved	BMHC-1_conserved	9.849E-01	9.532E-01	9.635E-01	51.100	91	90	90
SHD-1_conserved	ECV-1_conserved	9.846E-01	9.530E-01	9.633E-01	52.200	91	90	90
SHD-1_conserved	Q6SPY5_conserved	9.839E-01	9.523E-01	9.626E-01	60.000	91	90	90
SHD-1_conserved	P14488_conserved	9.832E-01	9.515E-01	9.619E-01	61.100	91	90	90
SHD-1_conserved	AF-I0KEZ6-F1-model_v4_conserved	9.831E-01	9.515E-01	9.618E-01	56.600	91	90	90
SHD-1_conserved	P25910_conserved	9.771E-01	9.563E-01	9.563E-01	56.600	91	90	91
SHD-1_conserved	A0A2R4PHC7_conserved	9.798E-01	9.484E-01	9.587E-01	62.200	91	90	90
SHD-1_conserved	AF-A0A0U3H0V9-F1-model_v4_conserved	9.745E-01	9.432E-01	9.638E-01	54.400	91	90	89
SHD-1_conserved	Q8GPN1_conserved	9.781E-01	9.468E-01	9.570E-01	48.800	91	90	90
SHD-1_conserved	AF-A0A844TY23-F1-model_v4_conserved	9.777E-01	9.464E-01	9.566E-01	50.000	91	90	90
SHD-1_conserved	A0A0H3YDR5_conserved	9.774E-01	9.461E-01	9.563E-01	47.700	91	90	90
SHD-1_conserved	Q8RMB8_conserved	9.777E-01	9.464E-01	9.566E-01	54.400	91	90	90
SHD-1_conserved	AF-A0A191Z3S9-F1-model_v4_conserved	9.769E-01	9.456E-01	9.558E-01	47.700	91	90	90
SHD-1_conserved	Q8GPN2_conserved	9.767E-01	9.454E-01	9.556E-01	46.600	91	90	90
SHD-1_conserved	Q840P9_conserved	9.757E-01	9.446E-01	9.547E-01	53.300	91	90	90
SHD-1_conserved	Q8GKX2_conserved	9.750E-01	9.439E-01	9.540E-01	55.500	91	90	90
SHD-1_conserved	Q2HY42_conserved	9.748E-01	9.437E-01	9.538E-01	56.600	91	90	90
SHD-1_conserved	Q9XAY4_conserved	9.745E-01	9.434E-01	9.536E-01	55.500	91	90	90
SHD-1_conserved	Q3YBY0_conserved	9.740E-01	9.430E-01	9.531E-01	55.500	91	90	90
SHD-1_conserved	E5G503_conserved	9.739E-01	9.429E-01	9.530E-01	55.500	91	90	90
SHD-1_conserved	I3RJZ3_conserved	9.727E-01	9.417E-01	9.518E-01	54.400	91	90	90
SHD-1_conserved	B4YAJ7_conserved	9.724E-01	9.415E-01	9.516E-01	54.400	91	90	90
SHD-1_conserved	SPS-1_conserved	9.684E-01	9.377E-01	9.580E-01	51.100	91	90	89
SHD-1_conserved	AF-A0A7U3MVS9-F1-model_v4_conserved	9.716E-01	9.407E-01	9.508E-01	54.400	91	90	90
SHD-1_conserved	Q9F629_conserved	9.713E-01	9.404E-01	9.505E-01	54.400	91	90	90
SHD-1_conserved	A7WPA3_conserved	9.711E-01	9.402E-01	9.503E-01	54.400	91	90	90
SHD-1_conserved	Q8G9Q0_conserved	9.686E-01	9.378E-01	9.478E-01	50.000	91	90	90
SHD-1_conserved	Q9ETN2_conserved	9.672E-01	9.364E-01	9.465E-01	54.400	91	90	90
SHD-1_conserved	Q08I33_conserved	9.660E-01	9.353E-01	9.453E-01	52.200	91	90	90
SHD-1_conserved	AF-Q9RB01-F1-model_v4_conserved	9.660E-01	9.354E-01	9.454E-01	52.200	91	90	90
SHD-1_conserved	Q8VT48_conserved	9.650E-01	9.344E-01	9.444E-01	52.200	91	90	90
SHD-1_conserved	A0A077EG89_conserved	9.658E-01	9.353E-01	9.452E-01	53.300	91	90	90
SHD-1_conserved	A0A0N9HJI8_conserved	9.638E-01	9.331E-01	9.431E-01	52.200	91	90	90
SHD-1_conserved	Q9F921_conserved	9.642E-01	9.336E-01	9.436E-01	53.300	91	90	90
SHD-1_conserved	D2K7P0_conserved	9.637E-01	9.331E-01	9.431E-01	52.200	91	90	90
SHD-1_conserved	E2GLP7_conserved	9.635E-01	9.330E-01	9.429E-01	53.300	91	90	90
SHD-1_conserved	Q9EU43_conserved	9.628E-01	9.323E-01	9.422E-01	53.300	91	90	90
SHD-1_conserved	Q6JE29_conserved	9.624E-01	9.320E-01	9.419E-01	52.200	91	90	90
SHD-1_conserved	Q9X482_conserved	9.624E-01	9.319E-01	9.418E-01	52.200	91	90	90
SHD-1_conserved	Q8GQK7_conserved	9.608E-01	9.304E-01	9.403E-01	52.200	91	90	90
SHD-1_conserved	D2KCJ9_conserved	9.587E-01	9.285E-01	9.383E-01	51.100	91	90	90
AF-A0A1B2F003-F1-model_v4_conserved	AF-A0A1B2F003-F1-model_v4_conserved	1.011E+00	1.000E+00	1.000E+00	100.000	91	91	91
AF-A0A1B2F003-F1-model_v4_conserved	Q9F6Z8_conserved	1.009E+00	9.872E-01	9.872E-01	87.700	91	90	91
AF-A0A1B2F003-F1-model_v4_conserved	F5ANL2_conserved	1.009E+00	9.871E-01	9.871E-01	87.700	91	90	91
AF-A0A1B2F003-F1-model_v4_conserved	Q8VLM7_conserved	1.009E+00	9.871E-01	9.871E-01	88.800	91	90	91
AF-A0A1B2F003-F1-model_v4_conserved	Q53CM3_conserved	1.009E+00	9.871E-01	9.871E-01	86.600	91	90	91
AF-A0A1B2F003-F1-model_v4_conserved	G4WB26_conserved	1.009E+00	9.870E-01	9.870E-01	87.700	91	90	91
AF-A0A1B2F003-F1-model_v4_conserved	Q79MP6_conserved	1.009E+00	9.870E-01	9.870E-01	87.700	91	90	91
AF-A0A1B2F003-F1-model_v4_conserved	B0FWK3_conserved	1.009E+00	9.870E-01	9.870E-01	84.400	91	90	91
AF-A0A1B2F003-F1-model_v4_conserved	Q9AHY6_conserved	1.009E+00	9.870E-01	9.870E-01	88.800	91	90	91
AF-A0A1B2F003-F1-model_v4_conserved	Q1A2Z1_conserved	1.009E+00	9.869E-01	9.869E-01	87.700	91	90	91
AF-A0A1B2F003-F1-model_v4_conserved	A0A0S2MTX2_conserved	1.009E+00	9.869E-01	9.869E-01	86.600	91	90	91
AF-A0A1B2F003-F1-model_v4_conserved	A8QUY6_conserved	1.009E+00	9.869E-01	9.869E-01	87.700	91	90	91
AF-A0A1B2F003-F1-model_v4_conserved	G9JKG5_conserved	1.009E+00	9.867E-01	9.867E-01	87.700	91	90	91
AF-A0A1B2F003-F1-model_v4_conserved	A0A0D5ZZW5_conserved	1.009E+00	9.867E-01	9.867E-01	87.700	91	90	91
AF-A0A1B2F003-F1-model_v4_conserved	I7CP04_conserved	1.009E+00	9.866E-01	9.866E-01	90.000	91	90	91
AF-A0A1B2F003-F1-model_v4_conserved	S5WLJ9_conserved	1.009E+00	9.865E-01	9.865E-01	90.000	91	90	91
AF-A0A1B2F003-F1-model_v4_conserved	Q7WYA8_conserved	1.009E+00	9.864E-01	9.864E-01	86.600	91	90	91
AF-A0A1B2F003-F1-model_v4_conserved	A0A0H4IUK3_conserved	1.008E+00	9.864E-01	9.864E-01	88.800	91	90	91
AF-A0A1B2F003-F1-model_v4_conserved	B2ZTD9_conserved	1.008E+00	9.863E-01	9.863E-01	85.500	91	90	91
AF-A0A1B2F003-F1-model_v4_conserved	Q70E85_conserved	1.008E+00	9.859E-01	9.859E-01	88.800	91	90	91
AF-A0A1B2F003-F1-model_v4_conserved	Q8GIW8_conserved	1.008E+00	9.856E-01	9.856E-01	86.600	91	90	91
AF-A0A1B2F003-F1-model_v4_conserved	A0A097J9I0_conserved	1.008E+00	9.856E-01	9.856E-01	90.000	91	90	91
AF-A0A1B2F003-F1-model_v4_conserved	F8UQX1_conserved	1.007E+00	9.852E-01	9.852E-01	86.600	91	90	91
AF-A0A1B2F003-F1-model_v4_conserved	A0A161H7D8_conserved	1.006E+00	9.843E-01	9.843E-01	82.200	91	90	91
AF-A0A1B2F003-F1-model_v4_conserved	A8R403_conserved	1.005E+00	9.833E-01	9.833E-01	78.800	91	90	91
AF-A0A1B2F003-F1-model_v4_conserved	AF-A0A7Y3W177-F1-model_v4_conserved	9.941E-01	9.726E-01	9.726E-01	76.600	91	90	91
AF-A0A1B2F003-F1-model_v4_conserved	L0N4W6_conserved	9.928E-01	9.713E-01	9.713E-01	74.400	91	90	91
AF-A0A1B2F003-F1-model_v4_conserved	AF-C5BSS3-F1-model_v4_conserved	9.915E-01	9.701E-01	9.701E-01	74.400	91	90	91
AF-A0A1B2F003-F1-model_v4_conserved	L7X1X1_conserved	9.914E-01	9.699E-01	9.699E-01	73.300	91	90	91
AF-A0A1B2F003-F1-model_v4_conserved	Q704V1_conserved	9.912E-01	9.698E-01	9.698E-01	73.300	91	90	91
AF-A0A1B2F003-F1-model_v4_conserved	SHD-1_conserved	9.909E-01	9.695E-01	9.695E-01	71.100	91	90	91
AF-A0A1B2F003-F1-model_v4_conserved	A0A650AXL4_conserved	9.907E-01	9.693E-01	9.693E-01	71.100	91	90	91
AF-A0A1B2F003-F1-model_v4_conserved	AF-A0A1L6K5Z3-F1-model_v4_conserved	9.938E-01	9.615E-01	9.720E-01	73.300	91	90	90
AF-A0A1B2F003-F1-model_v4_conserved	AF-A0A6M4NN58-F1-model_v4_conserved	9.883E-01	9.670E-01	9.670E-01	68.800	91	90	91
AF-A0A1B2F003-F1-model_v4_conserved	Q53BU0_conserved	9.838E-01	9.627E-01	9.732E-01	65.500	91	90	90
AF-A0A1B2F003-F1-model_v4_conserved	AF-Q12JE6-F1-model_v4_conserved	9.848E-01	9.636E-01	9.636E-01	70.000	91	90	91
AF-A0A1B2F003-F1-model_v4_conserved	Q53BU1_conserved	9.778E-01	9.569E-01	9.672E-01	66.600	91	90	90
AF-A0A1B2F003-F1-model_v4_conserved	K7SA42_conserved	9.767E-01	9.559E-01	9.559E-01	54.400	91	90	91
AF-A0A1B2F003-F1-model_v4_conserved	AF-A0A1L6K5Y5-F1-model_v4_conserved	9.768E-01	9.455E-01	9.557E-01	57.700	91	90	90
AF-A0A1B2F003-F1-model_v4_conserved	STA-1_conserved	9.729E-01	9.522E-01	9.522E-01	52.200	91	90	91
AF-A0A1B2F003-F1-model_v4_conserved	AF-A0A3G5BD68-F1-model_v4_conserved	9.722E-01	9.516E-01	9.516E-01	51.100	91	90	91
AF-A0A1B2F003-F1-model_v4_conserved	A0A3G3C0Q6_conserved	9.721E-01	9.515E-01	9.515E-01	51.100	91	90	91
AF-A0A1B2F003-F1-model_v4_conserved	AF-A0A8E7DAJ6-F1-model_v6_conserved	9.719E-01	9.513E-01	9.513E-01	51.100	91	90	91
AF-A0A1B2F003-F1-model_v4_conserved	A0A1Z3FWF5_conserved	9.717E-01	9.511E-01	9.511E-01	51.100	91	90	91
AF-A0A1B2F003-F1-model_v4_conserved	A0A1P8VH15_conserved	9.717E-01	9.511E-01	9.511E-01	51.100	91	90	91
AF-A0A1B2F003-F1-model_v4_conserved	A0A0B5ECY2_conserved	9.717E-01	9.510E-01	9.510E-01	51.100	91	90	91
AF-A0A1B2F003-F1-model_v4_conserved	S5ZIP8_conserved	9.716E-01	9.510E-01	9.510E-01	51.100	91	90	91
AF-A0A1B2F003-F1-model_v4_conserved	A0A1P8C735_conserved	9.712E-01	9.506E-01	9.506E-01	51.100	91	90	91
AF-A0A1B2F003-F1-model_v4_conserved	ALI-2_conserved	9.673E-01	9.467E-01	9.467E-01	56.000	91	91	91
AF-A0A1B2F003-F1-model_v4_conserved	AF-Q1DF71-F1-model_v4_conserved	9.706E-01	9.500E-01	9.500E-01	50.000	91	90	91
AF-A0A1B2F003-F1-model_v4_conserved	ALI-1_conserved	9.672E-01	9.465E-01	9.465E-01	56.000	91	91	91
AF-A0A1B2F003-F1-model_v4_conserved	AF-A0A4Y8LBX5-F1-model_v4_conserved	9.703E-01	9.497E-01	9.497E-01	56.600	91	90	91
AF-A0A1B2F003-F1-model_v4_conserved	ORR-1_conserved	9.695E-01	9.387E-01	9.487E-01	53.300	91	90	90
AF-A0A1B2F003-F1-model_v4_conserved	ECV-1_conserved	9.692E-01	9.384E-01	9.484E-01	52.200	91	90	90
AF-A0A1B2F003-F1-model_v4_conserved	AF-G0L217-F1-model_v4_conserved	9.691E-01	9.383E-01	9.484E-01	52.200	91	90	90
AF-A0A1B2F003-F1-model_v4_conserved	AF-A0A6B7ELH8-F1-model_v4_conserved	9.689E-01	9.382E-01	9.482E-01	56.600	91	90	90
AF-A0A1B2F003-F1-model_v4_conserved	A0A0C5L398_conserved	9.687E-01	9.379E-01	9.480E-01	48.800	91	90	90
AF-A0A1B2F003-F1-model_v4_conserved	AF-A0A7T8ZCD9-F1-model_v4_conserved	9.682E-01	9.374E-01	9.474E-01	55.500	91	90	90
AF-A0A1B2F003-F1-model_v4_conserved	BMHC-1_conserved	9.673E-01	9.366E-01	9.467E-01	51.100	91	90	90
AF-A0A1B2F003-F1-model_v4_conserved	Q6SPY5_conserved	9.639E-01	9.334E-01	9.433E-01	52.200	91	90	90
AF-A0A1B2F003-F1-model_v4_conserved	P14488_conserved	9.638E-01	9.333E-01	9.433E-01	53.300	91	90	90
AF-A0A1B2F003-F1-model_v4_conserved	ANA-1_conserved	9.578E-01	9.377E-01	9.377E-01	51.100	91	90	91
AF-A0A1B2F003-F1-model_v4_conserved	AF-I0KEZ6-F1-model_v4_conserved	9.618E-01	9.314E-01	9.413E-01	52.200	91	90	90
AF-A0A1B2F003-F1-model_v4_conserved	Q8G9Q0_conserved	9.623E-01	9.319E-01	9.418E-01	55.500	91	90	90
AF-A0A1B2F003-F1-model_v4_conserved	Q8RMB8_conserved	9.596E-01	9.293E-01	9.392E-01	47.700	91	90	90
AF-A0A1B2F003-F1-model_v4_conserved	AF-A0A0U3H0V9-F1-model_v4_conserved	9.548E-01	9.247E-01	9.446E-01	54.400	91	90	89
AF-A0A1B2F003-F1-model_v4_conserved	P25910_conserved	9.559E-01	9.359E-01	9.359E-01	50.000	91	90	91
AF-A0A1B2F003-F1-model_v4_conserved	Q8GPN1_conserved	9.580E-01	9.278E-01	9.376E-01	53.300	91	90	90
AF-A0A1B2F003-F1-model_v4_conserved	A0A0H3YDR5_conserved	9.570E-01	9.268E-01	9.366E-01	52.200	91	90	90
AF-A0A1B2F003-F1-model_v4_conserved	A0A2R4PHC7_conserved	9.573E-01	9.271E-01	9.370E-01	55.500	91	90	90
AF-A0A1B2F003-F1-model_v4_conserved	AF-A0A191Z3S9-F1-model_v4_conserved	9.567E-01	9.265E-01	9.363E-01	53.300	91	90	90
AF-A0A1B2F003-F1-model_v4_conserved	AF-A0A844TY23-F1-model_v4_conserved	9.567E-01	9.265E-01	9.364E-01	55.500	91	90	90
AF-A0A1B2F003-F1-model_v4_conserved	Q8GPN2_conserved	9.560E-01	9.258E-01	9.357E-01	51.100	91	90	90
AF-A0A1B2F003-F1-model_v4_conserved	Q840P9_conserved	9.548E-01	9.248E-01	9.346E-01	55.500	91	90	90
AF-A0A1B2F003-F1-model_v4_conserved	Q8GKX2_conserved	9.541E-01	9.241E-01	9.339E-01	55.500	91	90	90
AF-A0A1B2F003-F1-model_v4_conserved	Q2HY42_conserved	9.537E-01	9.238E-01	9.336E-01	56.600	91	90	90
AF-A0A1B2F003-F1-model_v4_conserved	Q9XAY4_conserved	9.532E-01	9.233E-01	9.330E-01	55.500	91	90	90
AF-A0A1B2F003-F1-model_v4_conserved	E5G503_conserved	9.529E-01	9.230E-01	9.327E-01	55.500	91	90	90
AF-A0A1B2F003-F1-model_v4_conserved	Q3YBY0_conserved	9.526E-01	9.227E-01	9.324E-01	55.500	91	90	90
AF-A0A1B2F003-F1-model_v4_conserved	Q9ETN2_conserved	9.513E-01	9.214E-01	9.311E-01	52.200	91	90	90
AF-A0A1B2F003-F1-model_v4_conserved	AF-A0A7U3MVS9-F1-model_v4_conserved	9.521E-01	9.223E-01	9.320E-01	51.100	91	90	90
AF-A0A1B2F003-F1-model_v4_conserved	Q08I33_conserved	9.417E-01	9.221E-01	9.318E-01	50.500	91	91	90
AF-A0A1B2F003-F1-model_v4_conserved	SPS-1_conserved	9.492E-01	9.195E-01	9.391E-01	51.100	91	90	89
AF-A0A1B2F003-F1-model_v4_conserved	B4YAJ7_conserved	9.509E-01	9.211E-01	9.309E-01	54.400	91	90	90
AF-A0A1B2F003-F1-model_v4_conserved	I3RJZ3_conserved	9.509E-01	9.211E-01	9.308E-01	54.400	91	90	90
AF-A0A1B2F003-F1-model_v4_conserved	Q9F921_conserved	9.488E-01	9.191E-01	9.288E-01	52.200	91	90	90
AF-A0A1B2F003-F1-model_v4_conserved	A7WPA3_conserved	9.496E-01	9.199E-01	9.296E-01	54.400	91	90	90
AF-A0A1B2F003-F1-model_v4_conserved	Q9F629_conserved	9.493E-01	9.196E-01	9.293E-01	54.400	91	90	90
AF-A0A1B2F003-F1-model_v4_conserved	Q8VT48_conserved	9.483E-01	9.186E-01	9.283E-01	51.100	91	90	90
AF-A0A1B2F003-F1-model_v4_conserved	A0A0N9HJI8_conserved	9.467E-01	9.170E-01	9.267E-01	52.200	91	90	90
AF-A0A1B2F003-F1-model_v4_conserved	E2GLP7_conserved	9.471E-01	9.175E-01	9.272E-01	51.100	91	90	90
AF-A0A1B2F003-F1-model_v4_conserved	D2K7P0_conserved	9.469E-01	9.172E-01	9.269E-01	50.000	91	90	90
AF-A0A1B2F003-F1-model_v4_conserved	Q9EU43_conserved	9.465E-01	9.169E-01	9.265E-01	51.100	91	90	90
AF-A0A1B2F003-F1-model_v4_conserved	AF-Q9RB01-F1-model_v4_conserved	9.464E-01	9.169E-01	9.265E-01	48.800	91	90	90
AF-A0A1B2F003-F1-model_v4_conserved	A0A077EG89_conserved	9.464E-01	9.169E-01	9.265E-01	47.700	91	90	90
AF-A0A1B2F003-F1-model_v4_conserved	Q6JE29_conserved	9.457E-01	9.162E-01	9.258E-01	50.000	91	90	90
AF-A0A1B2F003-F1-model_v4_conserved	Q9X482_conserved	9.456E-01	9.160E-01	9.257E-01	50.000	91	90	90
AF-A0A1B2F003-F1-model_v4_conserved	Q8GQK7_conserved	9.433E-01	9.138E-01	9.235E-01	52.200	91	90	90
AF-A0A1B2F003-F1-model_v4_conserved	D2KCJ9_conserved	9.421E-01	9.128E-01	9.224E-01	48.800	91	90	90
Q6JE29_conserved	Q6JE29_conserved	1.011E+00	1.000E+00	1.000E+00	100.000	90	90	90
Q6JE29_conserved	E2GLP7_conserved	1.007E+00	9.958E-01	9.958E-01	98.800	90	90	90
Q6JE29_conserved	Q9EU43_conserved	1.002E+00	9.909E-01	9.909E-01	98.800	90	90	90
Q6JE29_conserved	Q9X482_conserved	1.011E+00	9.888E-01	9.888E-01	98.800	90	89	90
Q6JE29_conserved	Q9ETN2_conserved	1.003E+00	9.920E-01	9.920E-01	95.500	90	90	90
Q6JE29_conserved	Q08I33_conserved	1.001E+00	9.895E-01	9.895E-01	100.000	90	90	90
Q6JE29_conserved	Q9F921_conserved	9.986E-01	9.875E-01	9.875E-01	93.300	90	90	90
Q6JE29_conserved	Q8VT48_conserved	1.008E+00	9.859E-01	9.859E-01	95.500	90	89	90
Q6JE29_conserved	D2K7P0_conserved	1.008E+00	9.856E-01	9.856E-01	97.700	90	89	90
Q6JE29_conserved	D2KCJ9_conserved	1.003E+00	9.811E-01	9.811E-01	95.500	90	89	90
Q6JE29_conserved	A0A0N9HJI8_conserved	1.001E+00	9.787E-01	9.787E-01	85.300	90	89	90
Q6JE29_conserved	Q8GQK7_conserved	1.001E+00	9.785E-01	9.785E-01	85.300	90	89	90
Q6JE29_conserved	A0A077EG89_conserved	9.854E-01	9.640E-01	9.640E-01	68.500	90	89	90
Q6JE29_conserved	Q8GPN1_conserved	9.853E-01	9.639E-01	9.639E-01	67.400	90	89	90
Q6JE29_conserved	AF-A0A844TY23-F1-model_v4_conserved	9.846E-01	9.632E-01	9.632E-01	69.600	90	89	90
Q6JE29_conserved	A0A0H3YDR5_conserved	9.842E-01	9.629E-01	9.629E-01	68.500	90	89	90
Q6JE29_conserved	Q8GPN2_conserved	9.840E-01	9.626E-01	9.626E-01	69.600	90	89	90
Q6JE29_conserved	AF-Q9RB01-F1-model_v4_conserved	9.831E-01	9.617E-01	9.617E-01	67.400	90	89	90
Q6JE29_conserved	AF-A0A191Z3S9-F1-model_v4_conserved	9.838E-01	9.624E-01	9.624E-01	64.000	90	89	90
Q6JE29_conserved	A0A0C5L398_conserved	9.830E-01	9.616E-01	9.616E-01	68.500	90	89	90
Q6JE29_conserved	Q8RMB8_conserved	9.782E-01	9.571E-01	9.571E-01	65.100	90	89	90
Q6JE29_conserved	Q53BU0_conserved	9.729E-01	9.520E-01	9.520E-01	54.400	90	90	90
Q6JE29_conserved	Q53BU1_conserved	9.705E-01	9.496E-01	9.496E-01	57.700	90	90	90
Q6JE29_conserved	A0A2R4PHC7_conserved	9.716E-01	9.508E-01	9.508E-01	56.100	90	89	90
Q6JE29_conserved	AF-A0A1L6K5Y5-F1-model_v4_conserved	9.687E-01	9.479E-01	9.479E-01	51.600	90	89	90
Q6JE29_conserved	AF-I0KEZ6-F1-model_v4_conserved	9.695E-01	9.487E-01	9.487E-01	52.800	90	89	90
Q6JE29_conserved	AF-A0A6M4NN58-F1-model_v4_conserved	9.718E-01	9.510E-01	9.409E-01	57.700	90	90	91
Q6JE29_conserved	Q6SPY5_conserved	9.666E-01	9.460E-01	9.460E-01	51.600	90	89	90
Q6JE29_conserved	A0A650AXL4_conserved	9.696E-01	9.489E-01	9.388E-01	56.600	90	90	91
Q6JE29_conserved	P14488_conserved	9.654E-01	9.448E-01	9.448E-01	51.600	90	89	90
Q6JE29_conserved	AF-A0A1L6K5Z3-F1-model_v4_conserved	9.633E-01	9.428E-01	9.428E-01	49.400	90	89	90
Q6JE29_conserved	SHD-1_conserved	9.624E-01	9.419E-01	9.319E-01	52.200	90	90	91
Q6JE29_conserved	AF-A0A7Y3W177-F1-model_v4_conserved	9.621E-01	9.416E-01	9.317E-01	48.800	90	90	91
Q6JE29_conserved	L7X1X1_conserved	9.623E-01	9.418E-01	9.318E-01	54.400	90	90	91
Q6JE29_conserved	AF-C5BSS3-F1-model_v4_conserved	9.609E-01	9.404E-01	9.305E-01	52.200	90	90	91
Q6JE29_conserved	Q704V1_conserved	9.609E-01	9.404E-01	9.305E-01	46.600	90	90	91
Q6JE29_conserved	AF-A0A4Y8LBX5-F1-model_v4_conserved	9.600E-01	9.395E-01	9.296E-01	51.100	90	90	91
Q6JE29_conserved	Q3YBY0_conserved	9.569E-01	9.366E-01	9.366E-01	43.800	90	89	90
Q6JE29_conserved	Q840P9_conserved	9.568E-01	9.365E-01	9.365E-01	44.900	90	89	90
Q6JE29_conserved	E5G503_conserved	9.567E-01	9.364E-01	9.364E-01	43.800	90	89	90
Q6JE29_conserved	AF-Q12JE6-F1-model_v4_conserved	9.599E-01	9.395E-01	9.296E-01	53.300	90	90	91
Q6JE29_conserved	Q8GKX2_conserved	9.566E-01	9.363E-01	9.363E-01	43.800	90	89	90
Q6JE29_conserved	Q9XAY4_conserved	9.564E-01	9.362E-01	9.362E-01	43.800	90	89	90
Q6JE29_conserved	Q2HY42_conserved	9.563E-01	9.360E-01	9.360E-01	43.800	90	89	90
Q6JE29_conserved	A7WPA3_conserved	9.563E-01	9.361E-01	9.361E-01	42.600	90	89	90
Q6JE29_conserved	B4YAJ7_conserved	9.561E-01	9.359E-01	9.359E-01	42.600	90	89	90
Q6JE29_conserved	I3RJZ3_conserved	9.560E-01	9.358E-01	9.358E-01	42.600	90	89	90
Q6JE29_conserved	Q9F629_conserved	9.555E-01	9.353E-01	9.353E-01	42.600	90	89	90
Q6JE29_conserved	P25910_conserved	9.579E-01	9.376E-01	9.277E-01	45.500	90	90	91
Q6JE29_conserved	L0N4W6_conserved	9.569E-01	9.366E-01	9.268E-01	51.100	90	90	91
Q6JE29_conserved	ALI-2_conserved	9.567E-01	9.364E-01	9.265E-01	51.100	90	90	91
Q6JE29_conserved	ALI-1_conserved	9.553E-01	9.350E-01	9.252E-01	47.700	90	90	91
Q6JE29_conserved	STA-1_conserved	9.544E-01	9.342E-01	9.244E-01	53.300	90	90	91
Q6JE29_conserved	A8R403_conserved	9.532E-01	9.330E-01	9.233E-01	51.100	90	90	91
Q6JE29_conserved	ANA-1_conserved	9.540E-01	9.338E-01	9.240E-01	50.000	90	90	91
Q6JE29_conserved	A0A0D5ZZW5_conserved	9.460E-01	9.361E-01	9.263E-01	49.400	90	91	91
Q6JE29_conserved	A0A161H7D8_conserved	9.522E-01	9.321E-01	9.223E-01	45.500	90	90	91
Q6JE29_conserved	Q7WYA8_conserved	9.448E-01	9.348E-01	9.251E-01	45.000	90	91	91
Q6JE29_conserved	B0FWK3_conserved	9.434E-01	9.335E-01	9.238E-01	48.300	90	91	91
Q6JE29_conserved	K7SA42_conserved	9.518E-01	9.317E-01	9.220E-01	41.100	90	90	91
Q6JE29_conserved	Q8GIW8_conserved	9.415E-01	9.316E-01	9.219E-01	47.200	90	91	91
Q6JE29_conserved	F5ANL2_conserved	9.424E-01	9.326E-01	9.229E-01	48.300	90	91	91
Q6JE29_conserved	A8QUY6_conserved	9.407E-01	9.309E-01	9.212E-01	46.100	90	91	91
Q6JE29_conserved	A0A097J9I0_conserved	9.495E-01	9.295E-01	9.198E-01	46.600	90	90	91
Q6JE29_conserved	Q53CM3_conserved	9.409E-01	9.311E-01	9.215E-01	47.200	90	91	91
Q6JE29_conserved	Q8VLM7_conserved	9.397E-01	9.298E-01	9.202E-01	47.200	90	91	91
Q6JE29_conserved	B2ZTD9_conserved	9.394E-01	9.295E-01	9.199E-01	46.100	90	91	91
Q6JE29_conserved	Q1A2Z1_conserved	9.392E-01	9.293E-01	9.197E-01	47.200	90	91	91
Q6JE29_conserved	Q9F6Z8_conserved	9.393E-01	9.294E-01	9.197E-01	46.100	90	91	91
Q6JE29_conserved	A0A0H4IUK3_conserved	9.479E-01	9.279E-01	9.183E-01	45.500	90	90	91
Q6JE29_conserved	S5WLJ9_conserved	9.476E-01	9.277E-01	9.180E-01	45.500	90	90	91
Q6JE29_conserved	Q9AHY6_conserved	9.389E-01	9.291E-01	9.194E-01	48.300	90	91	91
Q6JE29_conserved	I7CP04_conserved	9.472E-01	9.273E-01	9.176E-01	45.500	90	90	91
Q6JE29_conserved	Q79MP6_conserved	9.383E-01	9.285E-01	9.188E-01	46.100	90	91	91
Q6JE29_conserved	A0A0S2MTX2_conserved	9.466E-01	9.267E-01	9.170E-01	44.400	90	90	91
Q6JE29_conserved	G4WB26_conserved	9.466E-01	9.267E-01	9.171E-01	47.700	90	90	91
Q6JE29_conserved	Q70E85_conserved	9.465E-01	9.266E-01	9.170E-01	46.600	90	90	91
Q6JE29_conserved	F8UQX1_conserved	9.463E-01	9.264E-01	9.167E-01	46.600	90	90	91
Q6JE29_conserved	AF-A0A1B2F003-F1-model_v4_conserved	9.457E-01	9.258E-01	9.162E-01	50.000	90	90	91
Q6JE29_conserved	G9JKG5_conserved	9.366E-01	9.268E-01	9.171E-01	46.100	90	91	91
Q6JE29_conserved	AF-Q1DF71-F1-model_v4_conserved	9.437E-01	9.239E-01	9.143E-01	46.600	90	90	91
Q6JE29_conserved	SPS-1_conserved	9.364E-01	9.169E-01	9.265E-01	40.400	90	89	89
Q6JE29_conserved	AF-G0L217-F1-model_v4_conserved	9.361E-01	9.164E-01	9.164E-01	47.700	90	90	90
Q6JE29_conserved	AF-A0A7U3MVS9-F1-model_v4_conserved	9.390E-01	9.194E-01	9.194E-01	44.900	90	89	90
Q6JE29_conserved	ORR-1_conserved	9.363E-01	9.166E-01	9.166E-01	46.600	90	90	90
Q6JE29_conserved	ECV-1_conserved	9.349E-01	9.153E-01	9.153E-01	48.800	90	90	90
Q6JE29_conserved	AF-A0A3G5BD68-F1-model_v4_conserved	9.414E-01	9.218E-01	9.122E-01	37.700	90	90	91
Q6JE29_conserved	A0A1Z3FWF5_conserved	9.409E-01	9.213E-01	9.118E-01	37.700	90	90	91
Q6JE29_conserved	A0A3G3C0Q6_conserved	9.408E-01	9.212E-01	9.117E-01	37.700	90	90	91
Q6JE29_conserved	AF-A0A8E7DAJ6-F1-model_v6_conserved	9.407E-01	9.211E-01	9.116E-01	38.800	90	90	91
Q6JE29_conserved	A0A1P8VH15_conserved	9.406E-01	9.210E-01	9.114E-01	37.700	90	90	91
Q6JE29_conserved	S5ZIP8_conserved	9.405E-01	9.209E-01	9.114E-01	37.700	90	90	91
Q6JE29_conserved	A0A1P8C735_conserved	9.405E-01	9.209E-01	9.114E-01	38.800	90	90	91
Q6JE29_conserved	A0A0B5ECY2_conserved	9.403E-01	9.207E-01	9.112E-01	37.700	90	90	91
Q6JE29_conserved	AF-A0A7T8ZCD9-F1-model_v4_conserved	9.326E-01	9.131E-01	9.131E-01	48.800	90	90	90
Q6JE29_conserved	AF-A0A6B7ELH8-F1-model_v4_conserved	9.300E-01	9.106E-01	9.106E-01	48.800	90	90	90
Q6JE29_conserved	AF-A0A0U3H0V9-F1-model_v4_conserved	9.240E-01	9.047E-01	9.142E-01	47.700	90	90	89
Q6JE29_conserved	Q8G9Q0_conserved	9.305E-01	9.112E-01	9.112E-01	43.800	90	89	90
Q6JE29_conserved	BMHC-1_conserved	9.278E-01	9.084E-01	9.084E-01	45.500	90	90	90
B2ZTD9_conserved	B2ZTD9_conserved	1.011E+00	1.000E+00	1.000E+00	100.000	91	91	91
B2ZTD9_conserved	Q8VLM7_conserved	1.008E+00	9.970E-01	9.970E-01	92.300	91	91	91
B2ZTD9_conserved	Q9AHY6_conserved	1.007E+00	9.964E-01	9.964E-01	90.100	91	91	91
B2ZTD9_conserved	Q79MP6_conserved	1.007E+00	9.962E-01	9.962E-01	93.400	91	91	91
B2ZTD9_conserved	Q53CM3_conserved	1.005E+00	9.945E-01	9.945E-01	90.100	91	91	91
B2ZTD9_conserved	Q8GIW8_conserved	1.005E+00	9.940E-01	9.940E-01	89.000	91	91	91
B2ZTD9_conserved	G4WB26_conserved	1.005E+00	9.936E-01	9.936E-01	89.000	91	91	91
B2ZTD9_conserved	F5ANL2_conserved	1.004E+00	9.927E-01	9.927E-01	91.200	91	91	91
B2ZTD9_conserved	G9JKG5_conserved	1.003E+00	9.921E-01	9.921E-01	89.000	91	91	91
B2ZTD9_conserved	Q7WYA8_conserved	1.003E+00	9.918E-01	9.918E-01	90.100	91	91	91
B2ZTD9_conserved	A0A0D5ZZW5_conserved	1.003E+00	9.916E-01	9.916E-01	89.000	91	91	91
B2ZTD9_conserved	I7CP04_conserved	1.002E+00	9.908E-01	9.908E-01	86.800	91	91	91
B2ZTD9_conserved	F8UQX1_conserved	1.002E+00	9.910E-01	9.910E-01	84.600	91	91	91
B2ZTD9_conserved	Q9F6Z8_conserved	1.000E+00	9.894E-01	9.894E-01	93.400	91	91	91
B2ZTD9_conserved	A0A097J9I0_conserved	1.002E+00	9.913E-01	9.913E-01	90.100	91	91	91
B2ZTD9_conserved	Q70E85_conserved	1.001E+00	9.897E-01	9.897E-01	90.100	91	91	91
B2ZTD9_conserved	Q1A2Z1_conserved	1.000E+00	9.893E-01	9.893E-01	91.200	91	91	91
B2ZTD9_conserved	A8QUY6_conserved	1.000E+00	9.893E-01	9.893E-01	89.000	91	91	91
B2ZTD9_conserved	B0FWK3_conserved	1.000E+00	9.892E-01	9.892E-01	86.800	91	91	91
B2ZTD9_conserved	S5WLJ9_conserved	1.010E+00	9.874E-01	9.874E-01	86.600	91	90	91
B2ZTD9_conserved	A0A0S2MTX2_conserved	1.009E+00	9.865E-01	9.865E-01	91.100	91	90	91
B2ZTD9_conserved	AF-A0A1B2F003-F1-model_v4_conserved	1.008E+00	9.863E-01	9.863E-01	85.500	91	90	91
B2ZTD9_conserved	A0A161H7D8_conserved	9.982E-01	9.873E-01	9.873E-01	82.400	91	91	91
B2ZTD9_conserved	A0A0H4IUK3_conserved	1.008E+00	9.854E-01	9.854E-01	91.100	91	90	91
B2ZTD9_conserved	A8R403_conserved	1.006E+00	9.841E-01	9.841E-01	83.300	91	90	91
B2ZTD9_conserved	L7X1X1_conserved	9.907E-01	9.800E-01	9.800E-01	75.800	91	91	91
B2ZTD9_conserved	AF-A0A7Y3W177-F1-model_v4_conserved	9.881E-01	9.774E-01	9.774E-01	81.300	91	91	91
B2ZTD9_conserved	L0N4W6_conserved	9.962E-01	9.745E-01	9.745E-01	77.700	91	90	91
B2ZTD9_conserved	AF-C5BSS3-F1-model_v4_conserved	9.951E-01	9.735E-01	9.735E-01	75.500	91	90	91
B2ZTD9_conserved	SHD-1_conserved	9.936E-01	9.721E-01	9.721E-01	73.300	91	90	91
B2ZTD9_conserved	Q704V1_conserved	9.927E-01	9.712E-01	9.712E-01	74.400	91	90	91
B2ZTD9_conserved	A0A650AXL4_conserved	9.921E-01	9.706E-01	9.706E-01	67.700	91	90	91
B2ZTD9_conserved	AF-A0A1L6K5Z3-F1-model_v4_conserved	9.959E-01	9.634E-01	9.740E-01	77.700	91	90	90
B2ZTD9_conserved	Q53BU0_conserved	9.880E-01	9.667E-01	9.773E-01	66.600	91	90	90
B2ZTD9_conserved	AF-A0A6M4NN58-F1-model_v4_conserved	9.901E-01	9.687E-01	9.687E-01	66.600	91	90	91
B2ZTD9_conserved	AF-Q12JE6-F1-model_v4_conserved	9.894E-01	9.681E-01	9.681E-01	73.300	91	90	91
B2ZTD9_conserved	Q53BU1_conserved	9.837E-01	9.626E-01	9.731E-01	68.800	91	90	90
B2ZTD9_conserved	K7SA42_conserved	9.790E-01	9.580E-01	9.580E-01	60.000	91	90	91
B2ZTD9_conserved	AF-A0A1L6K5Y5-F1-model_v4_conserved	9.805E-01	9.490E-01	9.592E-01	60.000	91	90	90
B2ZTD9_conserved	STA-1_conserved	9.760E-01	9.552E-01	9.552E-01	54.400	91	90	91
B2ZTD9_conserved	AF-A0A3G5BD68-F1-model_v4_conserved	9.752E-01	9.544E-01	9.544E-01	55.500	91	90	91
B2ZTD9_conserved	A0A3G3C0Q6_conserved	9.749E-01	9.541E-01	9.541E-01	54.400	91	90	91
B2ZTD9_conserved	AF-A0A8E7DAJ6-F1-model_v6_conserved	9.747E-01	9.539E-01	9.539E-01	55.500	91	90	91
B2ZTD9_conserved	AF-A0A4Y8LBX5-F1-model_v4_conserved	9.743E-01	9.536E-01	9.536E-01	63.300	91	90	91
B2ZTD9_conserved	A0A1Z3FWF5_conserved	9.745E-01	9.538E-01	9.538E-01	54.400	91	90	91
B2ZTD9_conserved	A0A1P8VH15_conserved	9.744E-01	9.537E-01	9.537E-01	54.400	91	90	91
B2ZTD9_conserved	A0A0B5ECY2_conserved	9.744E-01	9.536E-01	9.536E-01	54.400	91	90	91
B2ZTD9_conserved	S5ZIP8_conserved	9.743E-01	9.536E-01	9.536E-01	54.400	91	90	91
B2ZTD9_conserved	AF-Q1DF71-F1-model_v4_conserved	9.740E-01	9.533E-01	9.533E-01	51.100	91	90	91
B2ZTD9_conserved	A0A1P8C735_conserved	9.741E-01	9.534E-01	9.534E-01	55.500	91	90	91
B2ZTD9_conserved	ALI-1_conserved	9.696E-01	9.488E-01	9.488E-01	58.200	91	91	91
B2ZTD9_conserved	ALI-2_conserved	9.696E-01	9.488E-01	9.488E-01	57.100	91	91	91
B2ZTD9_conserved	AF-G0L217-F1-model_v4_conserved	9.753E-01	9.441E-01	9.543E-01	53.300	91	90	90
B2ZTD9_conserved	ECV-1_conserved	9.750E-01	9.438E-01	9.540E-01	57.700	91	90	90
B2ZTD9_conserved	AF-A0A7T8ZCD9-F1-model_v4_conserved	9.747E-01	9.435E-01	9.537E-01	54.400	91	90	90
B2ZTD9_conserved	ORR-1_conserved	9.741E-01	9.430E-01	9.532E-01	53.300	91	90	90
B2ZTD9_conserved	AF-A0A6B7ELH8-F1-model_v4_conserved	9.726E-01	9.416E-01	9.518E-01	57.700	91	90	90
B2ZTD9_conserved	BMHC-1_conserved	9.728E-01	9.418E-01	9.519E-01	54.400	91	90	90
B2ZTD9_conserved	A0A0C5L398_conserved	9.716E-01	9.407E-01	9.508E-01	48.800	91	90	90
B2ZTD9_conserved	ANA-1_conserved	9.655E-01	9.451E-01	9.451E-01	52.200	91	90	91
B2ZTD9_conserved	Q6SPY5_conserved	9.683E-01	9.375E-01	9.476E-01	55.500	91	90	90
B2ZTD9_conserved	P14488_conserved	9.681E-01	9.374E-01	9.474E-01	56.600	91	90	90
B2ZTD9_conserved	Q8G9Q0_conserved	9.680E-01	9.373E-01	9.473E-01	53.300	91	90	90
B2ZTD9_conserved	P25910_conserved	9.629E-01	9.427E-01	9.427E-01	55.500	91	90	91
B2ZTD9_conserved	AF-I0KEZ6-F1-model_v4_conserved	9.658E-01	9.351E-01	9.451E-01	51.100	91	90	90
B2ZTD9_conserved	AF-A0A0U3H0V9-F1-model_v4_conserved	9.609E-01	9.305E-01	9.505E-01	57.700	91	90	89
B2ZTD9_conserved	Q8RMB8_conserved	9.623E-01	9.318E-01	9.418E-01	45.500	91	90	90
B2ZTD9_conserved	A0A2R4PHC7_conserved	9.619E-01	9.314E-01	9.414E-01	62.200	91	90	90
B2ZTD9_conserved	Q8GPN1_conserved	9.609E-01	9.305E-01	9.404E-01	55.500	91	90	90
B2ZTD9_conserved	A0A0H3YDR5_conserved	9.597E-01	9.294E-01	9.393E-01	54.400	91	90	90
B2ZTD9_conserved	AF-A0A191Z3S9-F1-model_v4_conserved	9.595E-01	9.292E-01	9.391E-01	51.100	91	90	90
B2ZTD9_conserved	AF-A0A844TY23-F1-model_v4_conserved	9.597E-01	9.294E-01	9.393E-01	57.700	91	90	90
B2ZTD9_conserved	Q8GPN2_conserved	9.590E-01	9.287E-01	9.386E-01	53.300	91	90	90
B2ZTD9_conserved	Q840P9_conserved	9.590E-01	9.288E-01	9.387E-01	55.500	91	90	90
B2ZTD9_conserved	Q8GKX2_conserved	9.583E-01	9.281E-01	9.380E-01	54.400	91	90	90
B2ZTD9_conserved	Q2HY42_conserved	9.580E-01	9.278E-01	9.377E-01	55.500	91	90	90
B2ZTD9_conserved	SPS-1_conserved	9.553E-01	9.253E-01	9.451E-01	50.000	91	90	89
B2ZTD9_conserved	Q9XAY4_conserved	9.574E-01	9.272E-01	9.370E-01	54.400	91	90	90
B2ZTD9_conserved	E5G503_conserved	9.571E-01	9.270E-01	9.368E-01	54.400	91	90	90
B2ZTD9_conserved	Q3YBY0_conserved	9.568E-01	9.267E-01	9.365E-01	54.400	91	90	90
B2ZTD9_conserved	AF-A0A7U3MVS9-F1-model_v4_conserved	9.568E-01	9.267E-01	9.365E-01	47.700	91	90	90
B2ZTD9_conserved	B4YAJ7_conserved	9.552E-01	9.251E-01	9.349E-01	55.500	91	90	90
B2ZTD9_conserved	I3RJZ3_conserved	9.553E-01	9.252E-01	9.350E-01	55.500	91	90	90
B2ZTD9_conserved	Q9ETN2_conserved	9.446E-01	9.249E-01	9.347E-01	48.300	91	91	90
B2ZTD9_conserved	A7WPA3_conserved	9.537E-01	9.237E-01	9.335E-01	55.500	91	90	90
B2ZTD9_conserved	Q9F629_conserved	9.536E-01	9.237E-01	9.334E-01	55.500	91	90	90
B2ZTD9_conserved	Q9EU43_conserved	9.424E-01	9.228E-01	9.325E-01	47.200	91	91	90
B2ZTD9_conserved	Q08I33_conserved	9.499E-01	9.201E-01	9.298E-01	45.500	91	90	90
B2ZTD9_conserved	Q9F921_conserved	9.408E-01	9.212E-01	9.309E-01	48.300	91	91	90
B2ZTD9_conserved	Q8VT48_conserved	9.488E-01	9.191E-01	9.288E-01	46.600	91	90	90
B2ZTD9_conserved	D2K7P0_conserved	9.398E-01	9.202E-01	9.299E-01	46.100	91	91	90
B2ZTD9_conserved	A0A0N9HJI8_conserved	9.473E-01	9.176E-01	9.273E-01	51.100	91	90	90
B2ZTD9_conserved	Q6JE29_conserved	9.394E-01	9.199E-01	9.295E-01	46.100	91	91	90
B2ZTD9_conserved	E2GLP7_conserved	9.391E-01	9.196E-01	9.293E-01	47.200	91	91	90
B2ZTD9_conserved	AF-Q9RB01-F1-model_v4_conserved	9.483E-01	9.187E-01	9.283E-01	47.700	91	90	90
B2ZTD9_conserved	A0A077EG89_conserved	9.482E-01	9.186E-01	9.282E-01	47.700	91	90	90
B2ZTD9_conserved	Q9X482_conserved	9.464E-01	9.168E-01	9.265E-01	45.500	91	90	90
B2ZTD9_conserved	D2KCJ9_conserved	9.355E-01	9.161E-01	9.257E-01	45.000	91	91	90
B2ZTD9_conserved	Q8GQK7_conserved	9.438E-01	9.143E-01	9.239E-01	51.100	91	90	90
D2K7P0_conserved	D2K7P0_conserved	1.011E+00	1.000E+00	1.000E+00	100.000	90	90	90
D2K7P0_conserved	Q9EU43_conserved	1.002E+00	9.910E-01	9.910E-01	96.600	90	90	90
D2K7P0_conserved	D2KCJ9_conserved	1.003E+00	9.917E-01	9.917E-01	95.500	90	90	90
D2K7P0_conserved	Q9X482_conserved	1.002E+00	9.905E-01	9.905E-01	96.600	90	90	90
D2K7P0_conserved	Q8VT48_conserved	1.010E+00	9.878E-01	9.878E-01	95.500	90	89	90
D2K7P0_conserved	Q08I33_conserved	1.010E+00	9.877E-01	9.877E-01	97.700	90	89	90
D2K7P0_conserved	Q9ETN2_conserved	1.010E+00	9.877E-01	9.877E-01	95.500	90	89	90
D2K7P0_conserved	Q9F921_conserved	1.009E+00	9.869E-01	9.869E-01	93.200	90	89	90
D2K7P0_conserved	E2GLP7_conserved	1.008E+00	9.859E-01	9.859E-01	96.600	90	89	90
D2K7P0_conserved	Q6JE29_conserved	1.008E+00	9.856E-01	9.856E-01	97.700	90	89	90
D2K7P0_conserved	A0A0N9HJI8_conserved	1.001E+00	9.790E-01	9.790E-01	85.300	90	89	90
D2K7P0_conserved	Q8GQK7_conserved	1.000E+00	9.784E-01	9.784E-01	85.300	90	89	90
D2K7P0_conserved	A0A077EG89_conserved	9.854E-01	9.639E-01	9.639E-01	69.600	90	89	90
D2K7P0_conserved	Q8GPN1_conserved	9.862E-01	9.647E-01	9.647E-01	67.400	90	89	90
D2K7P0_conserved	AF-A0A844TY23-F1-model_v4_conserved	9.854E-01	9.640E-01	9.640E-01	69.600	90	89	90
D2K7P0_conserved	A0A0H3YDR5_conserved	9.848E-01	9.634E-01	9.634E-01	66.200	90	89	90
D2K7P0_conserved	A0A0C5L398_conserved	9.841E-01	9.627E-01	9.627E-01	69.600	90	89	90
D2K7P0_conserved	AF-A0A191Z3S9-F1-model_v4_conserved	9.844E-01	9.630E-01	9.630E-01	64.000	90	89	90
D2K7P0_conserved	AF-Q9RB01-F1-model_v4_conserved	9.836E-01	9.623E-01	9.623E-01	68.500	90	89	90
D2K7P0_conserved	Q8GPN2_conserved	9.843E-01	9.629E-01	9.629E-01	67.400	90	89	90
D2K7P0_conserved	Q8RMB8_conserved	9.803E-01	9.591E-01	9.591E-01	66.200	90	89	90
D2K7P0_conserved	Q53BU0_conserved	9.731E-01	9.521E-01	9.521E-01	53.300	90	90	90
D2K7P0_conserved	A0A2R4PHC7_conserved	9.737E-01	9.528E-01	9.528E-01	56.100	90	89	90
D2K7P0_conserved	Q53BU1_conserved	9.718E-01	9.509E-01	9.509E-01	56.600	90	90	90
D2K7P0_conserved	AF-A0A1L6K5Y5-F1-model_v4_conserved	9.683E-01	9.475E-01	9.475E-01	51.600	90	89	90
D2K7P0_conserved	AF-I0KEZ6-F1-model_v4_conserved	9.687E-01	9.479E-01	9.479E-01	52.800	90	89	90
D2K7P0_conserved	AF-A0A6M4NN58-F1-model_v4_conserved	9.720E-01	9.511E-01	9.410E-01	57.700	90	90	91
D2K7P0_conserved	Q6SPY5_conserved	9.671E-01	9.464E-01	9.464E-01	51.600	90	89	90
D2K7P0_conserved	P14488_conserved	9.659E-01	9.453E-01	9.453E-01	51.600	90	89	90
D2K7P0_conserved	A0A650AXL4_conserved	9.696E-01	9.488E-01	9.388E-01	56.600	90	90	91
D2K7P0_conserved	AF-A0A1L6K5Z3-F1-model_v4_conserved	9.641E-01	9.435E-01	9.435E-01	49.400	90	89	90
D2K7P0_conserved	AF-A0A7Y3W177-F1-model_v4_conserved	9.549E-01	9.447E-01	9.348E-01	49.400	90	91	91
D2K7P0_conserved	L7X1X1_conserved	9.547E-01	9.445E-01	9.346E-01	54.900	90	91	91
D2K7P0_conserved	SHD-1_conserved	9.637E-01	9.431E-01	9.331E-01	52.200	90	90	91
D2K7P0_conserved	AF-C5BSS3-F1-model_v4_conserved	9.623E-01	9.418E-01	9.319E-01	52.200	90	90	91
D2K7P0_conserved	AF-Q12JE6-F1-model_v4_conserved	9.613E-01	9.408E-01	9.309E-01	53.300	90	90	91
D2K7P0_conserved	Q840P9_conserved	9.579E-01	9.376E-01	9.376E-01	44.900	90	89	90
D2K7P0_conserved	Q3YBY0_conserved	9.578E-01	9.375E-01	9.375E-01	43.800	90	89	90
D2K7P0_conserved	Q8GKX2_conserved	9.575E-01	9.372E-01	9.372E-01	43.800	90	89	90
D2K7P0_conserved	E5G503_conserved	9.575E-01	9.372E-01	9.372E-01	43.800	90	89	90
D2K7P0_conserved	Q704V1_conserved	9.610E-01	9.406E-01	9.306E-01	46.600	90	90	91
D2K7P0_conserved	Q9XAY4_conserved	9.574E-01	9.371E-01	9.371E-01	43.800	90	89	90
D2K7P0_conserved	Q2HY42_conserved	9.572E-01	9.370E-01	9.370E-01	43.800	90	89	90
D2K7P0_conserved	B4YAJ7_conserved	9.571E-01	9.368E-01	9.368E-01	42.600	90	89	90
D2K7P0_conserved	AF-A0A4Y8LBX5-F1-model_v4_conserved	9.598E-01	9.394E-01	9.294E-01	51.100	90	90	91
D2K7P0_conserved	I3RJZ3_conserved	9.569E-01	9.367E-01	9.367E-01	42.600	90	89	90
D2K7P0_conserved	A7WPA3_conserved	9.570E-01	9.367E-01	9.367E-01	42.600	90	89	90
D2K7P0_conserved	Q9F629_conserved	9.563E-01	9.361E-01	9.361E-01	42.600	90	89	90
D2K7P0_conserved	L0N4W6_conserved	9.580E-01	9.377E-01	9.278E-01	51.100	90	90	91
D2K7P0_conserved	P25910_conserved	9.575E-01	9.372E-01	9.273E-01	44.400	90	90	91
D2K7P0_conserved	S5WLJ9_conserved	9.486E-01	9.386E-01	9.288E-01	46.100	90	91	91
D2K7P0_conserved	STA-1_conserved	9.558E-01	9.355E-01	9.257E-01	53.300	90	90	91
D2K7P0_conserved	Q70E85_conserved	9.479E-01	9.379E-01	9.281E-01	47.200	90	91	91
D2K7P0_conserved	I7CP04_conserved	9.473E-01	9.373E-01	9.275E-01	46.100	90	91	91
D2K7P0_conserved	A8R403_conserved	9.452E-01	9.352E-01	9.254E-01	51.600	90	91	91
D2K7P0_conserved	K7SA42_conserved	9.553E-01	9.351E-01	9.253E-01	41.100	90	90	91
D2K7P0_conserved	ALI-2_conserved	9.546E-01	9.344E-01	9.246E-01	50.000	90	90	91
D2K7P0_conserved	ANA-1_conserved	9.539E-01	9.337E-01	9.239E-01	51.100	90	90	91
D2K7P0_conserved	A0A161H7D8_conserved	9.527E-01	9.325E-01	9.228E-01	45.500	90	90	91
D2K7P0_conserved	A0A097J9I0_conserved	9.441E-01	9.342E-01	9.244E-01	47.200	90	91	91
D2K7P0_conserved	ALI-1_conserved	9.533E-01	9.331E-01	9.234E-01	46.600	90	90	91
D2K7P0_conserved	F8UQX1_conserved	9.448E-01	9.348E-01	9.251E-01	47.200	90	91	91
D2K7P0_conserved	Q8VLM7_conserved	9.416E-01	9.317E-01	9.220E-01	47.200	90	91	91
D2K7P0_conserved	G4WB26_conserved	9.411E-01	9.312E-01	9.215E-01	48.300	90	91	91
D2K7P0_conserved	B2ZTD9_conserved	9.398E-01	9.299E-01	9.202E-01	46.100	90	91	91
D2K7P0_conserved	B0FWK3_conserved	9.487E-01	9.287E-01	9.190E-01	47.700	90	90	91
D2K7P0_conserved	Q8GIW8_conserved	9.484E-01	9.284E-01	9.187E-01	46.600	90	90	91
D2K7P0_conserved	Q53CM3_conserved	9.391E-01	9.292E-01	9.196E-01	47.200	90	91	91
D2K7P0_conserved	F5ANL2_conserved	9.380E-01	9.281E-01	9.195E-01	48.300	90	91	91
D2K7P0_conserved	A0A0H4IUK3_conserved	9.484E-01	9.284E-01	9.187E-01	45.500	90	90	91
D2K7P0_conserved	A0A0D5ZZW5_conserved	9.481E-01	9.281E-01	9.184E-01	48.800	90	90	91
D2K7P0_conserved	Q9F6Z8_conserved	9.479E-01	9.279E-01	9.182E-01	45.500	90	90	91
D2K7P0_conserved	G9JKG5_conserved	9.392E-01	9.293E-01	9.197E-01	46.100	90	91	91
D2K7P0_conserved	Q1A2Z1_conserved	9.479E-01	9.280E-01	9.183E-01	46.600	90	90	91
D2K7P0_conserved	A0A0S2MTX2_conserved	9.477E-01	9.277E-01	9.180E-01	44.400	90	90	91
D2K7P0_conserved	A8QUY6_conserved	9.476E-01	9.276E-01	9.180E-01	45.500	90	90	91
D2K7P0_conserved	AF-A0A1B2F003-F1-model_v4_conserved	9.469E-01	9.269E-01	9.172E-01	50.000	90	90	91
D2K7P0_conserved	Q79MP6_conserved	9.469E-01	9.269E-01	9.173E-01	45.500	90	90	91
D2K7P0_conserved	Q9AHY6_conserved	9.469E-01	9.269E-01	9.173E-01	47.700	90	90	91
D2K7P0_conserved	Q7WYA8_conserved	9.462E-01	9.263E-01	9.166E-01	44.400	90	90	91
D2K7P0_conserved	AF-Q1DF71-F1-model_v4_conserved	9.465E-01	9.266E-01	9.169E-01	46.600	90	90	91
D2K7P0_conserved	AF-G0L217-F1-model_v4_conserved	9.387E-01	9.189E-01	9.189E-01	47.700	90	90	90
D2K7P0_conserved	ECV-1_conserved	9.384E-01	9.186E-01	9.186E-01	48.800	90	90	90
D2K7P0_conserved	SPS-1_conserved	9.372E-01	9.177E-01	9.273E-01	39.300	90	89	89
D2K7P0_conserved	ORR-1_conserved	9.373E-01	9.176E-01	9.176E-01	46.600	90	90	90
D2K7P0_conserved	AF-A0A7U3MVS9-F1-model_v4_conserved	9.399E-01	9.202E-01	9.202E-01	44.900	90	89	90
D2K7P0_conserved	AF-A0A3G5BD68-F1-model_v4_conserved	9.438E-01	9.240E-01	9.145E-01	37.700	90	90	91
D2K7P0_conserved	A0A1Z3FWF5_conserved	9.433E-01	9.235E-01	9.140E-01	37.700	90	90	91
D2K7P0_conserved	A0A3G3C0Q6_conserved	9.432E-01	9.235E-01	9.139E-01	37.700	90	90	91
D2K7P0_conserved	AF-A0A8E7DAJ6-F1-model_v6_conserved	9.430E-01	9.233E-01	9.138E-01	38.800	90	90	91
D2K7P0_conserved	A0A1P8VH15_conserved	9.429E-01	9.232E-01	9.137E-01	37.700	90	90	91
D2K7P0_conserved	A0A1P8C735_conserved	9.429E-01	9.232E-01	9.137E-01	38.800	90	90	91
D2K7P0_conserved	S5ZIP8_conserved	9.429E-01	9.232E-01	9.136E-01	37.700	90	90	91
D2K7P0_conserved	A0A0B5ECY2_conserved	9.426E-01	9.229E-01	9.134E-01	37.700	90	90	91
D2K7P0_conserved	AF-A0A7T8ZCD9-F1-model_v4_conserved	9.348E-01	9.152E-01	9.152E-01	48.800	90	90	90
D2K7P0_conserved	AF-A0A6B7ELH8-F1-model_v4_conserved	9.333E-01	9.137E-01	9.137E-01	48.800	90	90	90
D2K7P0_conserved	AF-A0A0U3H0V9-F1-model_v4_conserved	9.259E-01	9.066E-01	9.161E-01	47.700	90	90	89
D2K7P0_conserved	Q8G9Q0_conserved	9.324E-01	9.131E-01	9.131E-01	43.800	90	89	90
D2K7P0_conserved	BMHC-1_conserved	9.303E-01	9.109E-01	9.109E-01	45.500	90	90	90
ECV-1_conserved	ECV-1_conserved	1.011E+00	1.000E+00	1.000E+00	100.000	90	90	90
ECV-1_conserved	BMHC-1_conserved	1.004E+00	9.815E-01	9.815E-01	77.500	90	89	90
ECV-1_conserved	AF-G0L217-F1-model_v4_conserved	1.003E+00	9.810E-01	9.810E-01	76.400	90	89	90
ECV-1_conserved	AF-A0A7T8ZCD9-F1-model_v4_conserved	1.002E+00	9.801E-01	9.801E-01	77.500	90	89	90
ECV-1_conserved	AF-A0A6B7ELH8-F1-model_v4_conserved	1.002E+00	9.796E-01	9.796E-01	74.100	90	89	90
ECV-1_conserved	AF-A0A0U3H0V9-F1-model_v4_conserved	9.894E-01	9.677E-01	9.785E-01	74.100	90	89	89
ECV-1_conserved	ORR-1_conserved	9.941E-01	9.723E-01	9.723E-01	75.200	90	89	90
ECV-1_conserved	Q53BU1_conserved	9.887E-01	9.672E-01	9.672E-01	54.400	90	90	90
ECV-1_conserved	AF-Q1DF71-F1-model_v4_conserved	9.893E-01	9.677E-01	9.573E-01	53.300	90	90	91
ECV-1_conserved	AF-C5BSS3-F1-model_v4_conserved	9.885E-01	9.670E-01	9.566E-01	52.200	90	90	91
ECV-1_conserved	STA-1_conserved	9.880E-01	9.665E-01	9.561E-01	52.200	90	90	91
ECV-1_conserved	Q53BU0_conserved	9.841E-01	9.628E-01	9.628E-01	53.300	90	90	90
ECV-1_conserved	L0N4W6_conserved	9.873E-01	9.659E-01	9.555E-01	53.300	90	90	91
ECV-1_conserved	ANA-1_conserved	9.871E-01	9.657E-01	9.553E-01	53.300	90	90	91
ECV-1_conserved	AF-A0A7Y3W177-F1-model_v4_conserved	9.865E-01	9.651E-01	9.547E-01	58.800	90	90	91
ECV-1_conserved	Q704V1_conserved	9.852E-01	9.638E-01	9.535E-01	53.300	90	90	91
ECV-1_conserved	L7X1X1_conserved	9.853E-01	9.639E-01	9.536E-01	54.400	90	90	91
ECV-1_conserved	SHD-1_conserved	9.846E-01	9.633E-01	9.530E-01	52.200	90	90	91
ECV-1_conserved	AF-Q12JE6-F1-model_v4_conserved	9.841E-01	9.628E-01	9.525E-01	57.700	90	90	91
ECV-1_conserved	K7SA42_conserved	9.823E-01	9.610E-01	9.507E-01	50.000	90	90	91
ECV-1_conserved	AF-A0A1L6K5Z3-F1-model_v4_conserved	9.758E-01	9.546E-01	9.546E-01	54.400	90	90	90
ECV-1_conserved	P25910_conserved	9.826E-01	9.614E-01	9.511E-01	62.200	90	90	91
ECV-1_conserved	A0A650AXL4_conserved	9.813E-01	9.601E-01	9.498E-01	54.400	90	90	91
ECV-1_conserved	AF-A0A6M4NN58-F1-model_v4_conserved	9.805E-01	9.593E-01	9.491E-01	54.400	90	90	91
ECV-1_conserved	AF-A0A3G5BD68-F1-model_v4_conserved	9.802E-01	9.591E-01	9.488E-01	45.500	90	90	91
ECV-1_conserved	AF-A0A4Y8LBX5-F1-model_v4_conserved	9.795E-01	9.584E-01	9.481E-01	64.400	90	90	91
ECV-1_conserved	A0A3G3C0Q6_conserved	9.797E-01	9.586E-01	9.484E-01	46.600	90	90	91
ECV-1_conserved	A0A1Z3FWF5_conserved	9.796E-01	9.585E-01	9.483E-01	46.600	90	90	91
ECV-1_conserved	A0A1P8C735_conserved	9.794E-01	9.583E-01	9.481E-01	45.500	90	90	91
ECV-1_conserved	AF-A0A8E7DAJ6-F1-model_v6_conserved	9.794E-01	9.583E-01	9.480E-01	45.500	90	90	91
ECV-1_conserved	A0A1P8VH15_conserved	9.793E-01	9.582E-01	9.480E-01	46.600	90	90	91
ECV-1_conserved	A0A0B5ECY2_conserved	9.793E-01	9.581E-01	9.479E-01	46.600	90	90	91
ECV-1_conserved	S5ZIP8_conserved	9.790E-01	9.579E-01	9.477E-01	46.600	90	90	91
ECV-1_conserved	AF-A0A7U3MVS9-F1-model_v4_conserved	9.714E-01	9.504E-01	9.504E-01	47.700	90	90	90
ECV-1_conserved	A0A161H7D8_conserved	9.772E-01	9.561E-01	9.459E-01	52.200	90	90	91
ECV-1_conserved	AF-A0A1L6K5Y5-F1-model_v4_conserved	9.709E-01	9.499E-01	9.499E-01	55.500	90	90	90
ECV-1_conserved	A8R403_conserved	9.768E-01	9.558E-01	9.456E-01	54.400	90	90	91
ECV-1_conserved	F8UQX1_conserved	9.768E-01	9.557E-01	9.455E-01	53.300	90	90	91
ECV-1_conserved	Q840P9_conserved	9.700E-01	9.490E-01	9.490E-01	54.400	90	90	90
ECV-1_conserved	A0A0D5ZZW5_conserved	9.756E-01	9.546E-01	9.444E-01	56.600	90	90	91
ECV-1_conserved	Q70E85_conserved	9.756E-01	9.546E-01	9.444E-01	53.300	90	90	91
ECV-1_conserved	Q8GIW8_conserved	9.754E-01	9.544E-01	9.442E-01	55.500	90	90	91
ECV-1_conserved	B2ZTD9_conserved	9.750E-01	9.540E-01	9.438E-01	57.700	90	90	91
ECV-1_conserved	G4WB26_conserved	9.749E-01	9.539E-01	9.437E-01	55.500	90	90	91
ECV-1_conserved	AF-I0KEZ6-F1-model_v4_conserved	9.686E-01	9.477E-01	9.477E-01	45.500	90	90	90
ECV-1_conserved	Q53CM3_conserved	9.746E-01	9.536E-01	9.435E-01	54.400	90	90	91
ECV-1_conserved	Q7WYA8_conserved	9.745E-01	9.535E-01	9.434E-01	54.400	90	90	91
ECV-1_conserved	Q9AHY6_conserved	9.746E-01	9.536E-01	9.435E-01	55.500	90	90	91
ECV-1_conserved	B0FWK3_conserved	9.744E-01	9.534E-01	9.433E-01	54.400	90	90	91
ECV-1_conserved	S5WLJ9_conserved	9.743E-01	9.533E-01	9.432E-01	52.200	90	90	91
ECV-1_conserved	Q9F6Z8_conserved	9.741E-01	9.531E-01	9.430E-01	55.500	90	90	91
ECV-1_conserved	Q8GKX2_conserved	9.678E-01	9.470E-01	9.470E-01	55.500	90	90	90
ECV-1_conserved	I7CP04_conserved	9.740E-01	9.531E-01	9.430E-01	52.200	90	90	91
ECV-1_conserved	Q8VLM7_conserved	9.740E-01	9.531E-01	9.429E-01	54.400	90	90	91
ECV-1_conserved	G9JKG5_conserved	9.740E-01	9.531E-01	9.429E-01	53.300	90	90	91
ECV-1_conserved	F5ANL2_conserved	9.739E-01	9.530E-01	9.428E-01	55.500	90	90	91
ECV-1_conserved	Q1A2Z1_conserved	9.738E-01	9.529E-01	9.428E-01	53.300	90	90	91
ECV-1_conserved	A8QUY6_conserved	9.738E-01	9.529E-01	9.427E-01	53.300	90	90	91
ECV-1_conserved	A0A0C5L398_conserved	9.677E-01	9.469E-01	9.469E-01	47.700	90	90	90
ECV-1_conserved	Q2HY42_conserved	9.674E-01	9.466E-01	9.466E-01	54.400	90	90	90
ECV-1_conserved	Q9XAY4_conserved	9.673E-01	9.464E-01	9.464E-01	54.400	90	90	90
ECV-1_conserved	Q79MP6_conserved	9.733E-01	9.524E-01	9.422E-01	55.500	90	90	91
ECV-1_conserved	E5G503_conserved	9.669E-01	9.461E-01	9.461E-01	55.500	90	90	90
ECV-1_conserved	Q3YBY0_conserved	9.667E-01	9.459E-01	9.459E-01	54.400	90	90	90
ECV-1_conserved	B4YAJ7_conserved	9.663E-01	9.455E-01	9.455E-01	55.500	90	90	90
ECV-1_conserved	I3RJZ3_conserved	9.661E-01	9.453E-01	9.453E-01	55.500	90	90	90
ECV-1_conserved	A0A0S2MTX2_conserved	9.722E-01	9.513E-01	9.412E-01	53.300	90	90	91
ECV-1_conserved	Q9F629_conserved	9.658E-01	9.450E-01	9.450E-01	55.500	90	90	90
ECV-1_conserved	A0A097J9I0_conserved	9.713E-01	9.505E-01	9.404E-01	51.100	90	90	91
ECV-1_conserved	A0A0H4IUK3_conserved	9.713E-01	9.505E-01	9.404E-01	52.200	90	90	91
ECV-1_conserved	SPS-1_conserved	9.616E-01	9.410E-01	9.512E-01	46.600	90	90	89
ECV-1_conserved	A7WPA3_conserved	9.650E-01	9.442E-01	9.442E-01	55.500	90	90	90
ECV-1_conserved	P14488_conserved	9.646E-01	9.439E-01	9.439E-01	52.200	90	90	90
ECV-1_conserved	Q6SPY5_conserved	9.640E-01	9.433E-01	9.433E-01	53.300	90	90	90
ECV-1_conserved	Q8G9Q0_conserved	9.636E-01	9.429E-01	9.429E-01	43.300	90	90	90
ECV-1_conserved	A0A2R4PHC7_conserved	9.636E-01	9.429E-01	9.429E-01	51.100	90	90	90
ECV-1_conserved	AF-A0A1B2F003-F1-model_v4_conserved	9.692E-01	9.484E-01	9.384E-01	52.200	90	90	91
ECV-1_conserved	ALI-1_conserved	9.669E-01	9.461E-01	9.360E-01	49.400	90	91	91
ECV-1_conserved	ALI-2_conserved	9.666E-01	9.458E-01	9.357E-01	49.400	90	91	91
ECV-1_conserved	Q8RMB8_conserved	9.608E-01	9.402E-01	9.402E-01	42.200	90	90	90
ECV-1_conserved	AF-A0A844TY23-F1-model_v4_conserved	9.546E-01	9.343E-01	9.343E-01	51.100	90	90	90
ECV-1_conserved	Q8GPN1_conserved	9.543E-01	9.339E-01	9.339E-01	47.700	90	90	90
ECV-1_conserved	A0A0H3YDR5_conserved	9.538E-01	9.335E-01	9.335E-01	51.100	90	90	90
ECV-1_conserved	AF-A0A191Z3S9-F1-model_v4_conserved	9.531E-01	9.328E-01	9.328E-01	47.700	90	90	90
ECV-1_conserved	Q8GPN2_conserved	9.532E-01	9.329E-01	9.329E-01	50.000	90	90	90
ECV-1_conserved	A0A077EG89_conserved	9.463E-01	9.263E-01	9.263E-01	46.600	90	90	90
ECV-1_conserved	AF-Q9RB01-F1-model_v4_conserved	9.459E-01	9.259E-01	9.259E-01	46.600	90	90	90
ECV-1_conserved	Q08I33_conserved	9.414E-01	9.215E-01	9.215E-01	48.800	90	90	90
ECV-1_conserved	Q9ETN2_conserved	9.406E-01	9.208E-01	9.208E-01	50.000	90	90	90
ECV-1_conserved	A0A0N9HJI8_conserved	9.396E-01	9.198E-01	9.198E-01	56.600	90	90	90
ECV-1_conserved	D2K7P0_conserved	9.384E-01	9.186E-01	9.186E-01	48.800	90	90	90
ECV-1_conserved	Q8VT48_conserved	9.381E-01	9.184E-01	9.184E-01	46.600	90	90	90
ECV-1_conserved	D2KCJ9_conserved	9.367E-01	9.170E-01	9.170E-01	47.700	90	90	90
ECV-1_conserved	Q9F921_conserved	9.370E-01	9.173E-01	9.173E-01	48.800	90	90	90
ECV-1_conserved	E2GLP7_conserved	9.362E-01	9.165E-01	9.165E-01	50.000	90	90	90
ECV-1_conserved	Q9EU43_conserved	9.353E-01	9.156E-01	9.156E-01	50.000	90	90	90
ECV-1_conserved	Q6JE29_conserved	9.349E-01	9.153E-01	9.153E-01	48.800	90	90	90
ECV-1_conserved	Q9X482_conserved	9.345E-01	9.149E-01	9.149E-01	50.000	90	90	90
ECV-1_conserved	Q8GQK7_conserved	9.336E-01	9.140E-01	9.140E-01	56.600	90	90	90
I7CP04_conserved	I7CP04_conserved	1.011E+00	1.000E+00	1.000E+00	100.000	91	91	91
I7CP04_conserved	Q70E85_conserved	1.010E+00	9.986E-01	9.986E-01	91.200	91	91	91
I7CP04_conserved	F8UQX1_conserved	1.010E+00	9.985E-01	9.985E-01	89.000	91	91	91
I7CP04_conserved	S5WLJ9_conserved	1.008E+00	9.965E-01	9.965E-01	100.000	91	91	91
I7CP04_conserved	G4WB26_conserved	1.005E+00	9.943E-01	9.943E-01	91.200	91	91	91
I7CP04_conserved	G9JKG5_conserved	1.005E+00	9.941E-01	9.941E-01	93.400	91	91	91
I7CP04_conserved	Q8VLM7_conserved	1.005E+00	9.938E-01	9.938E-01	92.300	91	91	91
I7CP04_conserved	A0A097J9I0_conserved	1.004E+00	9.934E-01	9.934E-01	92.300	91	91	91
I7CP04_conserved	Q53CM3_conserved	1.002E+00	9.914E-01	9.914E-01	92.300	91	91	91
I7CP04_conserved	F5ANL2_conserved	1.002E+00	9.908E-01	9.908E-01	91.200	91	91	91
I7CP04_conserved	Q1A2Z1_conserved	1.001E+00	9.905E-01	9.905E-01	91.200	91	91	91
I7CP04_conserved	Q79MP6_conserved	1.002E+00	9.907E-01	9.907E-01	93.400	91	91	91
I7CP04_conserved	Q9AHY6_conserved	1.001E+00	9.905E-01	9.905E-01	92.300	91	91	91
I7CP04_conserved	B2ZTD9_conserved	1.002E+00	9.908E-01	9.908E-01	86.800	91	91	91
I7CP04_conserved	A0A0D5ZZW5_conserved	1.001E+00	9.900E-01	9.900E-01	91.200	91	91	91
I7CP04_conserved	Q7WYA8_conserved	9.992E-01	9.899E-01	9.899E-01	94.500	91	91	91
I7CP04_conserved	A8QUY6_conserved	1.011E+00	9.885E-01	9.885E-01	93.300	91	90	91
I7CP04_conserved	Q8GIW8_conserved	1.010E+00	9.883E-01	9.883E-01	91.100	91	90	91
I7CP04_conserved	Q9F6Z8_conserved	1.010E+00	9.882E-01	9.882E-01	93.300	91	90	91
I7CP04_conserved	B0FWK3_conserved	1.010E+00	9.879E-01	9.879E-01	88.800	91	90	91
I7CP04_conserved	A0A0S2MTX2_conserved	1.010E+00	9.877E-01	9.877E-01	92.200	91	90	91
I7CP04_conserved	A0A0H4IUK3_conserved	1.009E+00	9.869E-01	9.869E-01	92.200	91	90	91
I7CP04_conserved	AF-A0A1B2F003-F1-model_v4_conserved	1.009E+00	9.866E-01	9.866E-01	90.000	91	90	91
I7CP04_conserved	A0A161H7D8_conserved	1.006E+00	9.845E-01	9.845E-01	81.100	91	90	91
I7CP04_conserved	A8R403_conserved	1.006E+00	9.839E-01	9.839E-01	80.000	91	90	91
I7CP04_conserved	AF-A0A7Y3W177-F1-model_v4_conserved	9.866E-01	9.760E-01	9.760E-01	74.700	91	91	91
I7CP04_conserved	L7X1X1_conserved	9.868E-01	9.761E-01	9.761E-01	71.400	91	91	91
I7CP04_conserved	L0N4W6_conserved	9.948E-01	9.733E-01	9.733E-01	75.500	91	90	91
I7CP04_conserved	AF-C5BSS3-F1-model_v4_conserved	9.940E-01	9.724E-01	9.724E-01	73.300	91	90	91
I7CP04_conserved	SHD-1_conserved	9.929E-01	9.714E-01	9.714E-01	71.100	91	90	91
I7CP04_conserved	A0A650AXL4_conserved	9.924E-01	9.709E-01	9.709E-01	70.000	91	90	91
I7CP04_conserved	Q704V1_conserved	9.918E-01	9.704E-01	9.704E-01	72.200	91	90	91
I7CP04_conserved	Q53BU0_conserved	9.862E-01	9.649E-01	9.754E-01	68.800	91	90	90
I7CP04_conserved	AF-A0A6M4NN58-F1-model_v4_conserved	9.900E-01	9.687E-01	9.687E-01	67.700	91	90	91
I7CP04_conserved	AF-A0A1L6K5Z3-F1-model_v4_conserved	9.933E-01	9.610E-01	9.716E-01	75.500	91	90	90
I7CP04_conserved	AF-Q12JE6-F1-model_v4_conserved	9.882E-01	9.669E-01	9.669E-01	67.700	91	90	91
I7CP04_conserved	Q53BU1_conserved	9.819E-01	9.608E-01	9.712E-01	71.100	91	90	90
I7CP04_conserved	K7SA42_conserved	9.795E-01	9.585E-01	9.585E-01	53.300	91	90	91
I7CP04_conserved	AF-A0A1L6K5Y5-F1-model_v4_conserved	9.798E-01	9.484E-01	9.586E-01	56.600	91	90	90
I7CP04_conserved	AF-A0A3G5BD68-F1-model_v4_conserved	9.763E-01	9.555E-01	9.555E-01	52.200	91	90	91
I7CP04_conserved	A0A3G3C0Q6_conserved	9.760E-01	9.552E-01	9.552E-01	53.300	91	90	91
I7CP04_conserved	AF-A0A8E7DAJ6-F1-model_v6_conserved	9.759E-01	9.551E-01	9.551E-01	53.300	91	90	91
I7CP04_conserved	A0A1P8VH15_conserved	9.757E-01	9.549E-01	9.549E-01	53.300	91	90	91
I7CP04_conserved	A0A1Z3FWF5_conserved	9.757E-01	9.549E-01	9.549E-01	53.300	91	90	91
I7CP04_conserved	S5ZIP8_conserved	9.756E-01	9.548E-01	9.548E-01	53.300	91	90	91
I7CP04_conserved	STA-1_conserved	9.755E-01	9.547E-01	9.547E-01	51.100	91	90	91
I7CP04_conserved	A0A0B5ECY2_conserved	9.756E-01	9.548E-01	9.548E-01	53.300	91	90	91
I7CP04_conserved	A0A1P8C735_conserved	9.753E-01	9.545E-01	9.545E-01	53.300	91	90	91
I7CP04_conserved	AF-Q1DF71-F1-model_v4_conserved	9.740E-01	9.533E-01	9.533E-01	47.700	91	90	91
I7CP04_conserved	AF-A0A4Y8LBX5-F1-model_v4_conserved	9.730E-01	9.523E-01	9.523E-01	60.000	91	90	91
I7CP04_conserved	ALI-2_conserved	9.698E-01	9.490E-01	9.490E-01	53.800	91	91	91
I7CP04_conserved	ALI-1_conserved	9.694E-01	9.487E-01	9.487E-01	57.100	91	91	91
I7CP04_conserved	AF-G0L217-F1-model_v4_conserved	9.744E-01	9.433E-01	9.535E-01	52.200	91	90	90
I7CP04_conserved	ECV-1_conserved	9.740E-01	9.430E-01	9.531E-01	52.200	91	90	90
I7CP04_conserved	AF-A0A7T8ZCD9-F1-model_v4_conserved	9.736E-01	9.425E-01	9.526E-01	53.300	91	90	90
I7CP04_conserved	AF-A0A6B7ELH8-F1-model_v4_conserved	9.729E-01	9.419E-01	9.520E-01	57.700	91	90	90
I7CP04_conserved	ORR-1_conserved	9.727E-01	9.417E-01	9.518E-01	51.100	91	90	90
I7CP04_conserved	BMHC-1_conserved	9.722E-01	9.412E-01	9.513E-01	52.200	91	90	90
I7CP04_conserved	A0A0C5L398_conserved	9.711E-01	9.402E-01	9.503E-01	51.100	91	90	90
I7CP04_conserved	ANA-1_conserved	9.655E-01	9.451E-01	9.451E-01	51.100	91	90	91
I7CP04_conserved	Q6SPY5_conserved	9.685E-01	9.378E-01	9.478E-01	52.200	91	90	90
I7CP04_conserved	P14488_conserved	9.683E-01	9.376E-01	9.476E-01	53.300	91	90	90
I7CP04_conserved	Q8G9Q0_conserved	9.675E-01	9.368E-01	9.468E-01	53.300	91	90	90
I7CP04_conserved	AF-I0KEZ6-F1-model_v4_conserved	9.660E-01	9.354E-01	9.454E-01	50.000	91	90	90
I7CP04_conserved	P25910_conserved	9.617E-01	9.415E-01	9.415E-01	53.300	91	90	91
I7CP04_conserved	AF-A0A0U3H0V9-F1-model_v4_conserved	9.594E-01	9.291E-01	9.491E-01	55.500	91	90	89
I7CP04_conserved	Q8RMB8_conserved	9.632E-01	9.327E-01	9.427E-01	47.700	91	90	90
I7CP04_conserved	A0A2R4PHC7_conserved	9.620E-01	9.316E-01	9.415E-01	54.400	91	90	90
I7CP04_conserved	Q8GPN1_conserved	9.608E-01	9.304E-01	9.403E-01	51.100	91	90	90
I7CP04_conserved	A0A0H3YDR5_conserved	9.599E-01	9.295E-01	9.394E-01	50.000	91	90	90
I7CP04_conserved	AF-A0A844TY23-F1-model_v4_conserved	9.597E-01	9.294E-01	9.393E-01	53.300	91	90	90
I7CP04_conserved	AF-A0A191Z3S9-F1-model_v4_conserved	9.595E-01	9.292E-01	9.391E-01	48.800	91	90	90
I7CP04_conserved	Q8GPN2_conserved	9.592E-01	9.289E-01	9.387E-01	48.800	91	90	90
I7CP04_conserved	SPS-1_conserved	9.554E-01	9.255E-01	9.452E-01	47.700	91	90	89
I7CP04_conserved	Q840P9_conserved	9.577E-01	9.276E-01	9.374E-01	51.100	91	90	90
I7CP04_conserved	AF-A0A7U3MVS9-F1-model_v4_conserved	9.577E-01	9.275E-01	9.373E-01	47.700	91	90	90
I7CP04_conserved	Q8GKX2_conserved	9.572E-01	9.271E-01	9.369E-01	50.000	91	90	90
I7CP04_conserved	Q2HY42_conserved	9.569E-01	9.268E-01	9.366E-01	51.100	91	90	90
I7CP04_conserved	Q9XAY4_conserved	9.563E-01	9.262E-01	9.360E-01	50.000	91	90	90
I7CP04_conserved	E5G503_conserved	9.560E-01	9.259E-01	9.358E-01	50.000	91	90	90
I7CP04_conserved	Q3YBY0_conserved	9.557E-01	9.257E-01	9.355E-01	50.000	91	90	90
I7CP04_conserved	D2K7P0_conserved	9.473E-01	9.275E-01	9.373E-01	46.100	91	91	90
I7CP04_conserved	B4YAJ7_conserved	9.540E-01	9.240E-01	9.338E-01	51.100	91	90	90
I7CP04_conserved	I3RJZ3_conserved	9.541E-01	9.241E-01	9.339E-01	51.100	91	90	90
I7CP04_conserved	Q9ETN2_conserved	9.441E-01	9.243E-01	9.341E-01	48.300	91	91	90
I7CP04_conserved	Q9EU43_conserved	9.457E-01	9.260E-01	9.358E-01	47.200	91	91	90
I7CP04_conserved	A7WPA3_conserved	9.527E-01	9.228E-01	9.326E-01	51.100	91	90	90
I7CP04_conserved	Q9F629_conserved	9.525E-01	9.226E-01	9.324E-01	51.100	91	90	90
I7CP04_conserved	Q9F921_conserved	9.415E-01	9.219E-01	9.316E-01	48.300	91	91	90
I7CP04_conserved	Q08I33_conserved	9.507E-01	9.209E-01	9.306E-01	45.500	91	90	90
I7CP04_conserved	Q8VT48_conserved	9.495E-01	9.198E-01	9.295E-01	46.600	91	90	90
I7CP04_conserved	A0A0N9HJI8_conserved	9.485E-01	9.187E-01	9.284E-01	50.000	91	90	90
I7CP04_conserved	Q9X482_conserved	9.410E-01	9.215E-01	9.311E-01	46.100	91	91	90
I7CP04_conserved	D2KCJ9_conserved	9.410E-01	9.215E-01	9.312E-01	45.000	91	91	90
I7CP04_conserved	E2GLP7_conserved	9.486E-01	9.189E-01	9.286E-01	46.600	91	90	90
I7CP04_conserved	AF-Q9RB01-F1-model_v4_conserved	9.478E-01	9.182E-01	9.279E-01	52.200	91	90	90
I7CP04_conserved	Q6JE29_conserved	9.472E-01	9.176E-01	9.273E-01	45.500	91	90	90
I7CP04_conserved	A0A077EG89_conserved	9.475E-01	9.179E-01	9.276E-01	51.100	91	90	90
I7CP04_conserved	Q8GQK7_conserved	9.448E-01	9.153E-01	9.249E-01	50.000	91	90	90
P25910_conserved	P25910_conserved	1.011E+00	1.000E+00	1.000E+00	100.000	91	91	91
P25910_conserved	AF-A0A4Y8LBX5-F1-model_v4_conserved	9.981E-01	9.765E-01	9.765E-01	77.700	91	90	91
P25910_conserved	Q53BU1_conserved	9.839E-01	9.628E-01	9.733E-01	61.100	91	90	90
P25910_conserved	Q53BU0_conserved	9.840E-01	9.629E-01	9.733E-01	60.000	91	90	90
P25910_conserved	ANA-1_conserved	9.868E-01	9.656E-01	9.656E-01	60.000	91	90	91
P25910_conserved	AF-Q1DF71-F1-model_v4_conserved	9.864E-01	9.653E-01	9.653E-01	57.700	91	90	91
P25910_conserved	AF-G0L217-F1-model_v4_conserved	9.904E-01	9.584E-01	9.689E-01	56.600	91	90	90
P25910_conserved	AF-A0A1L6K5Y5-F1-model_v4_conserved	9.886E-01	9.567E-01	9.671E-01	60.000	91	90	90
P25910_conserved	STA-1_conserved	9.823E-01	9.613E-01	9.613E-01	58.800	91	90	91
P25910_conserved	BMHC-1_conserved	9.856E-01	9.539E-01	9.643E-01	58.800	91	90	90
P25910_conserved	P14488_conserved	9.843E-01	9.527E-01	9.630E-01	60.000	91	90	90
P25910_conserved	Q6SPY5_conserved	9.834E-01	9.518E-01	9.621E-01	58.800	91	90	90
P25910_conserved	AF-C5BSS3-F1-model_v4_conserved	9.795E-01	9.586E-01	9.586E-01	58.800	91	90	91
P25910_conserved	AF-A0A6B7ELH8-F1-model_v4_conserved	9.828E-01	9.513E-01	9.616E-01	62.200	91	90	90
P25910_conserved	ECV-1_conserved	9.826E-01	9.511E-01	9.614E-01	62.200	91	90	90
P25910_conserved	Q8GPN2_conserved	9.807E-01	9.492E-01	9.594E-01	55.500	91	90	90
P25910_conserved	A0A0H3YDR5_conserved	9.807E-01	9.492E-01	9.595E-01	56.600	91	90	90
P25910_conserved	Q704V1_conserved	9.773E-01	9.565E-01	9.565E-01	55.500	91	90	91
P25910_conserved	AF-A0A844TY23-F1-model_v4_conserved	9.804E-01	9.489E-01	9.592E-01	56.600	91	90	90
P25910_conserved	SHD-1_conserved	9.771E-01	9.563E-01	9.563E-01	56.600	91	90	91
P25910_conserved	Q8GPN1_conserved	9.797E-01	9.482E-01	9.585E-01	55.500	91	90	90
P25910_conserved	AF-A0A0U3H0V9-F1-model_v4_conserved	9.749E-01	9.437E-01	9.643E-01	58.800	91	90	89
P25910_conserved	AF-A0A6M4NN58-F1-model_v4_conserved	9.761E-01	9.554E-01	9.554E-01	58.800	91	90	91
P25910_conserved	A0A650AXL4_conserved	9.761E-01	9.554E-01	9.554E-01	54.400	91	90	91
P25910_conserved	L0N4W6_conserved	9.759E-01	9.552E-01	9.552E-01	56.600	91	90	91
P25910_conserved	A0A0C5L398_conserved	9.792E-01	9.478E-01	9.581E-01	46.600	91	90	90
P25910_conserved	AF-A0A7Y3W177-F1-model_v4_conserved	9.751E-01	9.544E-01	9.544E-01	56.600	91	90	91
P25910_conserved	AF-I0KEZ6-F1-model_v4_conserved	9.786E-01	9.472E-01	9.574E-01	54.400	91	90	90
P25910_conserved	L7X1X1_conserved	9.748E-01	9.541E-01	9.541E-01	55.500	91	90	91
P25910_conserved	AF-A0A7T8ZCD9-F1-model_v4_conserved	9.784E-01	9.471E-01	9.573E-01	57.700	91	90	90
P25910_conserved	AF-Q12JE6-F1-model_v4_conserved	9.744E-01	9.537E-01	9.537E-01	57.700	91	90	91
P25910_conserved	AF-A0A191Z3S9-F1-model_v4_conserved	9.766E-01	9.454E-01	9.555E-01	53.300	91	90	90
P25910_conserved	K7SA42_conserved	9.715E-01	9.509E-01	9.509E-01	52.200	91	90	91
P25910_conserved	AF-A0A1L6K5Z3-F1-model_v4_conserved	9.758E-01	9.446E-01	9.548E-01	58.800	91	90	90
P25910_conserved	ALI-1_conserved	9.689E-01	9.482E-01	9.482E-01	57.100	91	91	91
P25910_conserved	SPS-1_conserved	9.717E-01	9.408E-01	9.612E-01	45.500	91	90	89
P25910_conserved	A0A2R4PHC7_conserved	9.746E-01	9.435E-01	9.536E-01	56.600	91	90	90
P25910_conserved	AF-A0A3G5BD68-F1-model_v4_conserved	9.705E-01	9.500E-01	9.500E-01	48.800	91	90	91
P25910_conserved	ALI-2_conserved	9.661E-01	9.456E-01	9.456E-01	56.000	91	91	91
P25910_conserved	A0A1Z3FWF5_conserved	9.692E-01	9.488E-01	9.488E-01	50.000	91	90	91
P25910_conserved	AF-A0A7U3MVS9-F1-model_v4_conserved	9.732E-01	9.422E-01	9.523E-01	43.300	91	90	90
P25910_conserved	A0A3G3C0Q6_conserved	9.691E-01	9.486E-01	9.486E-01	50.000	91	90	91
P25910_conserved	AF-A0A8E7DAJ6-F1-model_v6_conserved	9.689E-01	9.484E-01	9.484E-01	51.100	91	90	91
P25910_conserved	Q8RMB8_conserved	9.718E-01	9.408E-01	9.509E-01	48.800	91	90	90
P25910_conserved	A0A1P8C735_conserved	9.688E-01	9.483E-01	9.483E-01	51.100	91	90	91
P25910_conserved	A0A0B5ECY2_conserved	9.686E-01	9.481E-01	9.481E-01	50.000	91	90	91
P25910_conserved	A0A1P8VH15_conserved	9.686E-01	9.481E-01	9.481E-01	50.000	91	90	91
P25910_conserved	S5ZIP8_conserved	9.683E-01	9.479E-01	9.479E-01	50.000	91	90	91
P25910_conserved	Q840P9_conserved	9.718E-01	9.408E-01	9.509E-01	56.600	91	90	90
P25910_conserved	A8R403_conserved	9.668E-01	9.464E-01	9.464E-01	61.100	91	90	91
P25910_conserved	A0A161H7D8_conserved	9.660E-01	9.456E-01	9.456E-01	55.500	91	90	91
P25910_conserved	ORR-1_conserved	9.704E-01	9.396E-01	9.496E-01	60.000	91	90	90
P25910_conserved	Q8GKX2_conserved	9.681E-01	9.374E-01	9.474E-01	56.600	91	90	90
P25910_conserved	Q9XAY4_conserved	9.680E-01	9.373E-01	9.473E-01	56.600	91	90	90
P25910_conserved	Q3YBY0_conserved	9.679E-01	9.372E-01	9.472E-01	56.600	91	90	90
P25910_conserved	Q2HY42_conserved	9.679E-01	9.372E-01	9.472E-01	56.600	91	90	90
P25910_conserved	E5G503_conserved	9.678E-01	9.371E-01	9.471E-01	56.600	91	90	90
P25910_conserved	I3RJZ3_conserved	9.673E-01	9.366E-01	9.466E-01	56.600	91	90	90
P25910_conserved	F8UQX1_conserved	9.631E-01	9.428E-01	9.428E-01	54.400	91	90	91
P25910_conserved	B2ZTD9_conserved	9.629E-01	9.427E-01	9.427E-01	55.500	91	90	91
P25910_conserved	Q70E85_conserved	9.628E-01	9.425E-01	9.425E-01	56.600	91	90	91
P25910_conserved	Q8GIW8_conserved	9.627E-01	9.425E-01	9.425E-01	56.600	91	90	91
P25910_conserved	B4YAJ7_conserved	9.668E-01	9.362E-01	9.462E-01	56.600	91	90	90
P25910_conserved	A0A0D5ZZW5_conserved	9.624E-01	9.421E-01	9.421E-01	57.700	91	90	91
P25910_conserved	Q9F629_conserved	9.665E-01	9.359E-01	9.458E-01	56.600	91	90	90
P25910_conserved	S5WLJ9_conserved	9.621E-01	9.418E-01	9.418E-01	53.300	91	90	91
P25910_conserved	A7WPA3_conserved	9.664E-01	9.358E-01	9.458E-01	56.600	91	90	90
P25910_conserved	G4WB26_conserved	9.620E-01	9.418E-01	9.418E-01	56.600	91	90	91
P25910_conserved	B0FWK3_conserved	9.618E-01	9.416E-01	9.416E-01	57.700	91	90	91
P25910_conserved	I7CP04_conserved	9.617E-01	9.415E-01	9.415E-01	53.300	91	90	91
P25910_conserved	Q7WYA8_conserved	9.617E-01	9.414E-01	9.414E-01	56.600	91	90	91
P25910_conserved	Q9AHY6_conserved	9.616E-01	9.414E-01	9.414E-01	56.600	91	90	91
P25910_conserved	Q9F6Z8_conserved	9.615E-01	9.413E-01	9.413E-01	57.700	91	90	91
P25910_conserved	Q53CM3_conserved	9.615E-01	9.413E-01	9.413E-01	55.500	91	90	91
P25910_conserved	Q1A2Z1_conserved	9.614E-01	9.412E-01	9.412E-01	56.600	91	90	91
P25910_conserved	Q79MP6_conserved	9.614E-01	9.411E-01	9.411E-01	57.700	91	90	91
P25910_conserved	A8QUY6_conserved	9.614E-01	9.412E-01	9.412E-01	56.600	91	90	91
P25910_conserved	F5ANL2_conserved	9.609E-01	9.407E-01	9.407E-01	56.600	91	90	91
P25910_conserved	A0A0S2MTX2_conserved	9.607E-01	9.405E-01	9.405E-01	55.500	91	90	91
P25910_conserved	A0A077EG89_conserved	9.649E-01	9.344E-01	9.444E-01	44.400	91	90	90
P25910_conserved	Q8VLM7_conserved	9.607E-01	9.405E-01	9.405E-01	57.700	91	90	91
P25910_conserved	G9JKG5_conserved	9.607E-01	9.405E-01	9.405E-01	56.600	91	90	91
P25910_conserved	A0A0H4IUK3_conserved	9.596E-01	9.394E-01	9.394E-01	54.400	91	90	91
P25910_conserved	A0A097J9I0_conserved	9.589E-01	9.387E-01	9.387E-01	53.300	91	90	91
P25910_conserved	Q8G9Q0_conserved	9.621E-01	9.317E-01	9.416E-01	42.200	91	90	90
P25910_conserved	AF-Q9RB01-F1-model_v4_conserved	9.612E-01	9.309E-01	9.408E-01	43.300	91	90	90
P25910_conserved	Q9ETN2_conserved	9.594E-01	9.291E-01	9.390E-01	47.700	91	90	90
P25910_conserved	Q08I33_conserved	9.590E-01	9.287E-01	9.386E-01	45.500	91	90	90
P25910_conserved	AF-A0A1B2F003-F1-model_v4_conserved	9.559E-01	9.359E-01	9.359E-01	50.000	91	90	91
P25910_conserved	E2GLP7_conserved	9.583E-01	9.281E-01	9.379E-01	46.600	91	90	90
P25910_conserved	Q9X482_conserved	9.582E-01	9.280E-01	9.379E-01	46.600	91	90	90
P25910_conserved	Q9EU43_conserved	9.580E-01	9.278E-01	9.376E-01	46.600	91	90	90
P25910_conserved	Q6JE29_conserved	9.579E-01	9.277E-01	9.376E-01	45.500	91	90	90
P25910_conserved	A0A0N9HJI8_conserved	9.571E-01	9.269E-01	9.367E-01	46.600	91	90	90
P25910_conserved	Q8VT48_conserved	9.574E-01	9.273E-01	9.371E-01	46.600	91	90	90
P25910_conserved	D2K7P0_conserved	9.575E-01	9.273E-01	9.372E-01	44.400	91	90	90
P25910_conserved	Q9F921_conserved	9.549E-01	9.249E-01	9.347E-01	46.600	91	90	90
P25910_conserved	D2KCJ9_conserved	9.538E-01	9.238E-01	9.336E-01	45.500	91	90	90
P25910_conserved	Q8GQK7_conserved	9.529E-01	9.229E-01	9.327E-01	46.600	91	90	90
Q53BU1_conserved	Q53BU1_conserved	1.011E+00	1.000E+00	1.000E+00	100.000	90	90	90
Q53BU1_conserved	Q53BU0_conserved	1.008E+00	9.967E-01	9.967E-01	94.400	90	90	90
Q53BU1_conserved	AF-C5BSS3-F1-model_v4_conserved	1.001E+00	9.895E-01	9.788E-01	82.200	90	90	91
Q53BU1_conserved	SHD-1_conserved	9.999E-01	9.889E-01	9.781E-01	81.100	90	90	91
Q53BU1_conserved	AF-A0A7Y3W177-F1-model_v4_conserved	9.994E-01	9.885E-01	9.777E-01	71.100	90	90	91
Q53BU1_conserved	L7X1X1_conserved	9.990E-01	9.881E-01	9.773E-01	75.500	90	90	91
Q53BU1_conserved	L0N4W6_conserved	9.984E-01	9.875E-01	9.768E-01	81.100	90	90	91
Q53BU1_conserved	Q704V1_conserved	9.973E-01	9.863E-01	9.756E-01	74.400	90	90	91
Q53BU1_conserved	AF-Q12JE6-F1-model_v4_conserved	9.961E-01	9.852E-01	9.745E-01	64.400	90	90	91
Q53BU1_conserved	AF-A0A1L6K5Z3-F1-model_v4_conserved	9.990E-01	9.771E-01	9.771E-01	74.400	90	90	90
Q53BU1_conserved	AF-A0A6M4NN58-F1-model_v4_conserved	9.949E-01	9.840E-01	9.734E-01	65.500	90	90	91
Q53BU1_conserved	AF-A0A1L6K5Y5-F1-model_v4_conserved	9.974E-01	9.755E-01	9.755E-01	63.300	90	90	90
Q53BU1_conserved	A0A650AXL4_conserved	9.932E-01	9.824E-01	9.717E-01	68.800	90	90	91
Q53BU1_conserved	A0A0C5L398_conserved	9.953E-01	9.735E-01	9.735E-01	61.100	90	90	90
Q53BU1_conserved	ANA-1_conserved	9.897E-01	9.789E-01	9.683E-01	56.600	90	90	91
Q53BU1_conserved	STA-1_conserved	9.897E-01	9.789E-01	9.684E-01	56.600	90	90	91
Q53BU1_conserved	A8R403_conserved	9.874E-01	9.767E-01	9.662E-01	72.200	90	90	91
Q53BU1_conserved	AF-Q1DF71-F1-model_v4_conserved	9.871E-01	9.763E-01	9.658E-01	56.600	90	90	91
Q53BU1_conserved	AF-I0KEZ6-F1-model_v4_conserved	9.905E-01	9.689E-01	9.689E-01	60.000	90	90	90
Q53BU1_conserved	A0A161H7D8_conserved	9.858E-01	9.751E-01	9.646E-01	71.100	90	90	91
Q53BU1_conserved	K7SA42_conserved	9.858E-01	9.750E-01	9.646E-01	54.400	90	90	91
Q53BU1_conserved	AF-A0A7T8ZCD9-F1-model_v4_conserved	9.899E-01	9.683E-01	9.683E-01	56.600	90	90	90
Q53BU1_conserved	ORR-1_conserved	9.896E-01	9.681E-01	9.681E-01	57.700	90	90	90
Q53BU1_conserved	AF-A0A4Y8LBX5-F1-model_v4_conserved	9.849E-01	9.742E-01	9.637E-01	68.800	90	90	91
Q53BU1_conserved	B2ZTD9_conserved	9.837E-01	9.731E-01	9.626E-01	68.800	90	90	91
Q53BU1_conserved	AF-G0L217-F1-model_v4_conserved	9.887E-01	9.672E-01	9.672E-01	55.500	90	90	90
Q53BU1_conserved	F8UQX1_conserved	9.837E-01	9.731E-01	9.626E-01	64.400	90	90	91
Q53BU1_conserved	ECV-1_conserved	9.887E-01	9.672E-01	9.672E-01	54.400	90	90	90
Q53BU1_conserved	Q6SPY5_conserved	9.884E-01	9.669E-01	9.669E-01	61.100	90	90	90
Q53BU1_conserved	P25910_conserved	9.839E-01	9.733E-01	9.628E-01	61.100	90	90	91
Q53BU1_conserved	Q8GIW8_conserved	9.831E-01	9.724E-01	9.620E-01	67.700	90	90	91
Q53BU1_conserved	Q70E85_conserved	9.826E-01	9.720E-01	9.615E-01	67.700	90	90	91
Q53BU1_conserved	P14488_conserved	9.872E-01	9.658E-01	9.658E-01	62.200	90	90	90
Q53BU1_conserved	S5WLJ9_conserved	9.824E-01	9.718E-01	9.614E-01	71.100	90	90	91
Q53BU1_conserved	Q9F6Z8_conserved	9.822E-01	9.715E-01	9.611E-01	70.000	90	90	91
Q53BU1_conserved	Q7WYA8_conserved	9.820E-01	9.714E-01	9.610E-01	67.700	90	90	91
Q53BU1_conserved	A0A0D5ZZW5_conserved	9.819E-01	9.713E-01	9.608E-01	68.800	90	90	91
Q53BU1_conserved	I7CP04_conserved	9.819E-01	9.712E-01	9.608E-01	71.100	90	90	91
Q53BU1_conserved	B0FWK3_conserved	9.819E-01	9.712E-01	9.608E-01	66.600	90	90	91
Q53BU1_conserved	AF-A0A3G5BD68-F1-model_v4_conserved	9.829E-01	9.722E-01	9.618E-01	46.600	90	90	91
Q53BU1_conserved	A0A2R4PHC7_conserved	9.861E-01	9.647E-01	9.647E-01	60.000	90	90	90
Q53BU1_conserved	Q8VLM7_conserved	9.816E-01	9.710E-01	9.606E-01	68.800	90	90	91
Q53BU1_conserved	G4WB26_conserved	9.817E-01	9.710E-01	9.606E-01	67.700	90	90	91
Q53BU1_conserved	AF-A0A6B7ELH8-F1-model_v4_conserved	9.867E-01	9.653E-01	9.653E-01	61.100	90	90	90
Q53BU1_conserved	Q1A2Z1_conserved	9.813E-01	9.707E-01	9.603E-01	67.700	90	90	91
Q53BU1_conserved	A0A1Z3FWF5_conserved	9.822E-01	9.716E-01	9.612E-01	48.800	90	90	91
Q53BU1_conserved	A0A3G3C0Q6_conserved	9.821E-01	9.715E-01	9.611E-01	48.800	90	90	91
Q53BU1_conserved	AF-A0A844TY23-F1-model_v4_conserved	9.852E-01	9.638E-01	9.638E-01	60.000	90	90	90
Q53BU1_conserved	AF-A0A8E7DAJ6-F1-model_v6_conserved	9.821E-01	9.715E-01	9.611E-01	48.800	90	90	91
Q53BU1_conserved	A8QUY6_conserved	9.811E-01	9.705E-01	9.601E-01	66.600	90	90	91
Q53BU1_conserved	AF-A0A191Z3S9-F1-model_v4_conserved	9.851E-01	9.637E-01	9.637E-01	56.600	90	90	90
Q53BU1_conserved	G9JKG5_conserved	9.810E-01	9.704E-01	9.600E-01	66.600	90	90	91
Q53BU1_conserved	A0A1P8C735_conserved	9.820E-01	9.714E-01	9.610E-01	48.800	90	90	91
Q53BU1_conserved	Q53CM3_conserved	9.810E-01	9.704E-01	9.600E-01	66.600	90	90	91
Q53BU1_conserved	A0A1P8VH15_conserved	9.820E-01	9.713E-01	9.609E-01	48.800	90	90	91
Q53BU1_conserved	Q8GPN1_conserved	9.849E-01	9.635E-01	9.635E-01	57.700	90	90	90
Q53BU1_conserved	Q9AHY6_conserved	9.808E-01	9.702E-01	9.598E-01	67.700	90	90	91
Q53BU1_conserved	S5ZIP8_conserved	9.818E-01	9.712E-01	9.608E-01	48.800	90	90	91
Q53BU1_conserved	A0A0B5ECY2_conserved	9.817E-01	9.711E-01	9.607E-01	48.800	90	90	91
Q53BU1_conserved	F5ANL2_conserved	9.806E-01	9.700E-01	9.596E-01	67.700	90	90	91
Q53BU1_conserved	BMHC-1_conserved	9.854E-01	9.640E-01	9.640E-01	56.600	90	90	90
Q53BU1_conserved	Q840P9_conserved	9.852E-01	9.638E-01	9.638E-01	55.500	90	90	90
Q53BU1_conserved	Q79MP6_conserved	9.800E-01	9.694E-01	9.591E-01	70.000	90	90	91
Q53BU1_conserved	A0A0H3YDR5_conserved	9.840E-01	9.626E-01	9.626E-01	56.600	90	90	90
Q53BU1_conserved	A0A097J9I0_conserved	9.794E-01	9.688E-01	9.584E-01	67.700	90	90	91
Q53BU1_conserved	Q8GPN2_conserved	9.836E-01	9.623E-01	9.623E-01	55.500	90	90	90
Q53BU1_conserved	A0A0S2MTX2_conserved	9.796E-01	9.690E-01	9.586E-01	68.800	90	90	91
Q53BU1_conserved	A0A0H4IUK3_conserved	9.789E-01	9.683E-01	9.579E-01	66.600	90	90	91
Q53BU1_conserved	Q8GKX2_conserved	9.840E-01	9.627E-01	9.627E-01	53.300	90	90	90
Q53BU1_conserved	AF-A0A0U3H0V9-F1-model_v4_conserved	9.786E-01	9.574E-01	9.679E-01	61.100	90	90	89
Q53BU1_conserved	Q2HY42_conserved	9.839E-01	9.626E-01	9.626E-01	54.400	90	90	90
Q53BU1_conserved	Q3YBY0_conserved	9.838E-01	9.625E-01	9.625E-01	53.300	90	90	90
Q53BU1_conserved	ALI-1_conserved	9.766E-01	9.660E-01	9.556E-01	57.100	90	91	91
Q53BU1_conserved	Q9XAY4_conserved	9.837E-01	9.624E-01	9.624E-01	53.300	90	90	90
Q53BU1_conserved	Q8RMB8_conserved	9.832E-01	9.619E-01	9.619E-01	54.400	90	90	90
Q53BU1_conserved	E5G503_conserved	9.836E-01	9.623E-01	9.623E-01	53.300	90	90	90
Q53BU1_conserved	I3RJZ3_conserved	9.829E-01	9.616E-01	9.616E-01	54.400	90	90	90
Q53BU1_conserved	AF-A0A1B2F003-F1-model_v4_conserved	9.778E-01	9.672E-01	9.569E-01	66.600	90	90	91
Q53BU1_conserved	B4YAJ7_conserved	9.826E-01	9.613E-01	9.613E-01	54.400	90	90	90
Q53BU1_conserved	Q9F629_conserved	9.817E-01	9.605E-01	9.605E-01	54.400	90	90	90
Q53BU1_conserved	ALI-2_conserved	9.747E-01	9.641E-01	9.538E-01	53.800	90	91	91
Q53BU1_conserved	A7WPA3_conserved	9.815E-01	9.603E-01	9.603E-01	54.400	90	90	90
Q53BU1_conserved	A0A077EG89_conserved	9.770E-01	9.560E-01	9.560E-01	58.800	90	90	90
Q53BU1_conserved	AF-Q9RB01-F1-model_v4_conserved	9.769E-01	9.558E-01	9.558E-01	57.700	90	90	90
Q53BU1_conserved	AF-A0A7U3MVS9-F1-model_v4_conserved	9.762E-01	9.552E-01	9.552E-01	52.200	90	90	90
Q53BU1_conserved	SPS-1_conserved	9.722E-01	9.514E-01	9.617E-01	48.800	90	90	89
Q53BU1_conserved	Q9ETN2_conserved	9.738E-01	9.528E-01	9.528E-01	60.000	90	90	90
Q53BU1_conserved	A0A0N9HJI8_conserved	9.725E-01	9.515E-01	9.515E-01	55.500	90	90	90
Q53BU1_conserved	Q08I33_conserved	9.728E-01	9.519E-01	9.519E-01	57.700	90	90	90
Q53BU1_conserved	Q8VT48_conserved	9.720E-01	9.511E-01	9.511E-01	57.700	90	90	90
Q53BU1_conserved	D2K7P0_conserved	9.718E-01	9.509E-01	9.509E-01	56.600	90	90	90
Q53BU1_conserved	Q8G9Q0_conserved	9.726E-01	9.517E-01	9.517E-01	50.000	90	90	90
Q53BU1_conserved	Q9F921_conserved	9.712E-01	9.503E-01	9.503E-01	58.800	90	90	90
Q53BU1_conserved	E2GLP7_conserved	9.714E-01	9.505E-01	9.505E-01	58.800	90	90	90
Q53BU1_conserved	Q9EU43_conserved	9.707E-01	9.499E-01	9.499E-01	58.800	90	90	90
Q53BU1_conserved	Q6JE29_conserved	9.705E-01	9.496E-01	9.496E-01	57.700	90	90	90
Q53BU1_conserved	Q9X482_conserved	9.704E-01	9.496E-01	9.496E-01	57.700	90	90	90
Q53BU1_conserved	Q8GQK7_conserved	9.696E-01	9.487E-01	9.487E-01	55.500	90	90	90
Q53BU1_conserved	D2KCJ9_conserved	9.676E-01	9.468E-01	9.468E-01	56.600	90	90	90
Q8GPN2_conserved	Q8GPN2_conserved	1.011E+00	1.000E+00	1.000E+00	100.000	90	90	90
Q8GPN2_conserved	A0A0H3YDR5_conserved	1.004E+00	9.931E-01	9.931E-01	98.800	90	90	90
Q8GPN2_conserved	AF-A0A844TY23-F1-model_v4_conserved	1.010E+00	9.875E-01	9.875E-01	91.000	90	89	90
Q8GPN2_conserved	Q8GPN1_conserved	1.010E+00	9.874E-01	9.874E-01	95.500	90	89	90
Q8GPN2_conserved	AF-A0A191Z3S9-F1-model_v4_conserved	1.008E+00	9.861E-01	9.861E-01	87.600	90	89	90
Q8GPN2_conserved	Q8RMB8_conserved	9.965E-01	9.746E-01	9.746E-01	56.100	90	89	90
Q8GPN2_conserved	A0A2R4PHC7_conserved	9.957E-01	9.739E-01	9.739E-01	65.100	90	89	90
Q8GPN2_conserved	A0A0C5L398_conserved	9.948E-01	9.730E-01	9.730E-01	60.600	90	89	90
Q8GPN2_conserved	AF-Q9RB01-F1-model_v4_conserved	9.931E-01	9.714E-01	9.714E-01	59.500	90	89	90
Q8GPN2_conserved	A0A077EG89_conserved	9.924E-01	9.708E-01	9.708E-01	59.500	90	89	90
Q8GPN2_conserved	Q9ETN2_conserved	9.862E-01	9.647E-01	9.647E-01	65.100	90	89	90
Q8GPN2_conserved	A0A0N9HJI8_conserved	9.854E-01	9.640E-01	9.640E-01	62.900	90	89	90
Q8GPN2_conserved	Q53BU0_conserved	9.853E-01	9.639E-01	9.639E-01	54.400	90	90	90
Q8GPN2_conserved	Q8VT48_conserved	9.852E-01	9.638E-01	9.638E-01	66.200	90	89	90
Q8GPN2_conserved	Q08I33_conserved	9.851E-01	9.637E-01	9.637E-01	69.600	90	89	90
Q8GPN2_conserved	Q9EU43_conserved	9.845E-01	9.631E-01	9.631E-01	68.500	90	89	90
Q8GPN2_conserved	Q9X482_conserved	9.845E-01	9.631E-01	9.631E-01	70.700	90	89	90
Q8GPN2_conserved	E2GLP7_conserved	9.845E-01	9.631E-01	9.631E-01	68.500	90	89	90
Q8GPN2_conserved	D2K7P0_conserved	9.843E-01	9.629E-01	9.629E-01	67.400	90	89	90
Q8GPN2_conserved	Q8GQK7_conserved	9.837E-01	9.623E-01	9.623E-01	62.900	90	89	90
Q8GPN2_conserved	Q6JE29_conserved	9.840E-01	9.626E-01	9.626E-01	69.600	90	89	90
Q8GPN2_conserved	Q53BU1_conserved	9.836E-01	9.623E-01	9.623E-01	55.500	90	90	90
Q8GPN2_conserved	Q9F921_conserved	9.824E-01	9.611E-01	9.611E-01	66.200	90	89	90
Q8GPN2_conserved	AF-I0KEZ6-F1-model_v4_conserved	9.808E-01	9.596E-01	9.596E-01	49.400	90	89	90
Q8GPN2_conserved	D2KCJ9_conserved	9.793E-01	9.581E-01	9.581E-01	68.500	90	89	90
Q8GPN2_conserved	AF-A0A6M4NN58-F1-model_v4_conserved	9.824E-01	9.611E-01	9.508E-01	52.200	90	90	91
Q8GPN2_conserved	AF-A0A1L6K5Y5-F1-model_v4_conserved	9.784E-01	9.572E-01	9.572E-01	56.100	90	89	90
Q8GPN2_conserved	P25910_conserved	9.807E-01	9.594E-01	9.492E-01	55.500	90	90	91
Q8GPN2_conserved	A0A650AXL4_conserved	9.789E-01	9.577E-01	9.475E-01	48.800	90	90	91
Q8GPN2_conserved	AF-A0A4Y8LBX5-F1-model_v4_conserved	9.783E-01	9.572E-01	9.469E-01	52.200	90	90	91
Q8GPN2_conserved	Q6SPY5_conserved	9.745E-01	9.535E-01	9.535E-01	48.300	90	89	90
Q8GPN2_conserved	AF-A0A1L6K5Z3-F1-model_v4_conserved	9.742E-01	9.532E-01	9.532E-01	52.800	90	89	90
Q8GPN2_conserved	P14488_conserved	9.737E-01	9.527E-01	9.527E-01	48.300	90	89	90
Q8GPN2_conserved	SHD-1_conserved	9.767E-01	9.556E-01	9.454E-01	46.600	90	90	91
Q8GPN2_conserved	Q704V1_conserved	9.768E-01	9.557E-01	9.455E-01	47.700	90	90	91
Q8GPN2_conserved	AF-C5BSS3-F1-model_v4_conserved	9.757E-01	9.546E-01	9.444E-01	48.800	90	90	91
Q8GPN2_conserved	AF-A0A7Y3W177-F1-model_v4_conserved	9.752E-01	9.542E-01	9.440E-01	52.200	90	90	91
Q8GPN2_conserved	L7X1X1_conserved	9.746E-01	9.536E-01	9.434E-01	48.800	90	90	91
Q8GPN2_conserved	ALI-1_conserved	9.746E-01	9.536E-01	9.434E-01	51.100	90	90	91
Q8GPN2_conserved	ANA-1_conserved	9.745E-01	9.535E-01	9.433E-01	45.500	90	90	91
Q8GPN2_conserved	L0N4W6_conserved	9.738E-01	9.529E-01	9.427E-01	48.800	90	90	91
Q8GPN2_conserved	ALI-2_conserved	9.720E-01	9.511E-01	9.410E-01	55.500	90	90	91
Q8GPN2_conserved	SPS-1_conserved	9.654E-01	9.448E-01	9.550E-01	46.000	90	89	89
Q8GPN2_conserved	AF-Q12JE6-F1-model_v4_conserved	9.686E-01	9.479E-01	9.378E-01	55.500	90	90	91
Q8GPN2_conserved	Q840P9_conserved	9.645E-01	9.439E-01	9.439E-01	53.900	90	89	90
Q8GPN2_conserved	A8R403_conserved	9.656E-01	9.449E-01	9.349E-01	55.500	90	90	91
Q8GPN2_conserved	STA-1_conserved	9.657E-01	9.451E-01	9.351E-01	47.700	90	90	91
Q8GPN2_conserved	AF-G0L217-F1-model_v4_conserved	9.595E-01	9.389E-01	9.389E-01	44.400	90	90	90
Q8GPN2_conserved	A0A161H7D8_conserved	9.649E-01	9.442E-01	9.343E-01	48.800	90	90	91
Q8GPN2_conserved	Q3YBY0_conserved	9.618E-01	9.414E-01	9.414E-01	49.400	90	89	90
Q8GPN2_conserved	Q8GKX2_conserved	9.617E-01	9.413E-01	9.413E-01	49.400	90	89	90
Q8GPN2_conserved	E5G503_conserved	9.618E-01	9.413E-01	9.413E-01	49.400	90	89	90
Q8GPN2_conserved	Q2HY42_conserved	9.616E-01	9.411E-01	9.411E-01	49.400	90	89	90
Q8GPN2_conserved	Q9XAY4_conserved	9.615E-01	9.411E-01	9.411E-01	49.400	90	89	90
Q8GPN2_conserved	I3RJZ3_conserved	9.614E-01	9.409E-01	9.409E-01	50.500	90	89	90
Q8GPN2_conserved	B4YAJ7_conserved	9.612E-01	9.408E-01	9.408E-01	50.500	90	89	90
Q8GPN2_conserved	AF-A0A7U3MVS9-F1-model_v4_conserved	9.615E-01	9.411E-01	9.411E-01	50.500	90	89	90
Q8GPN2_conserved	A7WPA3_conserved	9.605E-01	9.401E-01	9.401E-01	50.500	90	89	90
Q8GPN2_conserved	Q9F629_conserved	9.605E-01	9.401E-01	9.401E-01	50.500	90	89	90
Q8GPN2_conserved	K7SA42_conserved	9.640E-01	9.434E-01	9.335E-01	46.600	90	90	91
Q8GPN2_conserved	AF-Q1DF71-F1-model_v4_conserved	9.622E-01	9.417E-01	9.318E-01	46.600	90	90	91
Q8GPN2_conserved	A0A097J9I0_conserved	9.612E-01	9.407E-01	9.308E-01	48.800	90	90	91
Q8GPN2_conserved	Q70E85_conserved	9.600E-01	9.396E-01	9.297E-01	51.100	90	90	91
Q8GPN2_conserved	A0A0H4IUK3_conserved	9.598E-01	9.393E-01	9.294E-01	50.000	90	90	91
Q8GPN2_conserved	AF-A0A6B7ELH8-F1-model_v4_conserved	9.542E-01	9.338E-01	9.338E-01	54.400	90	90	90
Q8GPN2_conserved	B0FWK3_conserved	9.594E-01	9.390E-01	9.291E-01	53.300	90	90	91
Q8GPN2_conserved	S5WLJ9_conserved	9.593E-01	9.388E-01	9.289E-01	48.800	90	90	91
Q8GPN2_conserved	I7CP04_conserved	9.592E-01	9.387E-01	9.289E-01	48.800	90	90	91
Q8GPN2_conserved	AF-A0A7T8ZCD9-F1-model_v4_conserved	9.540E-01	9.336E-01	9.336E-01	48.800	90	90	90
Q8GPN2_conserved	A0A0D5ZZW5_conserved	9.593E-01	9.388E-01	9.290E-01	53.300	90	90	91
Q8GPN2_conserved	Q9F6Z8_conserved	9.592E-01	9.388E-01	9.289E-01	52.200	90	90	91
Q8GPN2_conserved	B2ZTD9_conserved	9.590E-01	9.386E-01	9.287E-01	53.300	90	90	91
Q8GPN2_conserved	G4WB26_conserved	9.591E-01	9.387E-01	9.288E-01	52.200	90	90	91
Q8GPN2_conserved	Q1A2Z1_conserved	9.590E-01	9.386E-01	9.287E-01	50.000	90	90	91
Q8GPN2_conserved	F8UQX1_conserved	9.589E-01	9.385E-01	9.287E-01	50.000	90	90	91
Q8GPN2_conserved	Q8GIW8_conserved	9.586E-01	9.382E-01	9.283E-01	50.000	90	90	91
Q8GPN2_conserved	A8QUY6_conserved	9.586E-01	9.382E-01	9.283E-01	50.000	90	90	91
Q8GPN2_conserved	A0A0S2MTX2_conserved	9.587E-01	9.383E-01	9.284E-01	50.000	90	90	91
Q8GPN2_conserved	Q8VLM7_conserved	9.586E-01	9.382E-01	9.283E-01	51.100	90	90	91
Q8GPN2_conserved	Q9AHY6_conserved	9.585E-01	9.381E-01	9.282E-01	52.200	90	90	91
Q8GPN2_conserved	Q79MP6_conserved	9.584E-01	9.380E-01	9.281E-01	52.200	90	90	91
Q8GPN2_conserved	Q53CM3_conserved	9.583E-01	9.379E-01	9.280E-01	51.100	90	90	91
Q8GPN2_conserved	ECV-1_conserved	9.532E-01	9.329E-01	9.329E-01	50.000	90	90	90
Q8GPN2_conserved	BMHC-1_conserved	9.530E-01	9.327E-01	9.327E-01	52.200	90	90	90
Q8GPN2_conserved	F5ANL2_conserved	9.582E-01	9.378E-01	9.280E-01	52.200	90	90	91
Q8GPN2_conserved	Q8G9Q0_conserved	9.551E-01	9.349E-01	9.349E-01	50.500	90	89	90
Q8GPN2_conserved	Q7WYA8_conserved	9.573E-01	9.369E-01	9.271E-01	51.100	90	90	91
Q8GPN2_conserved	ORR-1_conserved	9.520E-01	9.317E-01	9.317E-01	51.100	90	90	90
Q8GPN2_conserved	G9JKG5_conserved	9.565E-01	9.362E-01	9.264E-01	50.000	90	90	91
Q8GPN2_conserved	A0A3G3C0Q6_conserved	9.571E-01	9.368E-01	9.270E-01	42.200	90	90	91
Q8GPN2_conserved	AF-A0A1B2F003-F1-model_v4_conserved	9.560E-01	9.357E-01	9.258E-01	51.100	90	90	91
Q8GPN2_conserved	AF-A0A8E7DAJ6-F1-model_v6_conserved	9.569E-01	9.367E-01	9.268E-01	43.300	90	90	91
Q8GPN2_conserved	A0A1Z3FWF5_conserved	9.569E-01	9.366E-01	9.268E-01	42.200	90	90	91
Q8GPN2_conserved	AF-A0A0U3H0V9-F1-model_v4_conserved	9.455E-01	9.254E-01	9.353E-01	51.100	90	90	89
Q8GPN2_conserved	AF-A0A3G5BD68-F1-model_v4_conserved	9.568E-01	9.366E-01	9.267E-01	42.200	90	90	91
Q8GPN2_conserved	A0A1P8VH15_conserved	9.567E-01	9.364E-01	9.266E-01	42.200	90	90	91
Q8GPN2_conserved	A0A1P8C735_conserved	9.566E-01	9.363E-01	9.265E-01	43.300	90	90	91
Q8GPN2_conserved	A0A0B5ECY2_conserved	9.564E-01	9.362E-01	9.264E-01	42.200	90	90	91
Q8GPN2_conserved	S5ZIP8_conserved	9.564E-01	9.362E-01	9.264E-01	42.200	90	90	91
Q9ETN2_conserved	Q9ETN2_conserved	1.011E+00	1.000E+00	1.000E+00	100.000	90	90	90
Q9ETN2_conserved	Q9F921_conserved	1.003E+00	9.916E-01	9.916E-01	95.500	90	90	90
Q9ETN2_conserved	Q08I33_conserved	1.001E+00	9.902E-01	9.902E-01	95.500	90	90	90
Q9ETN2_conserved	E2GLP7_conserved	1.003E+00	9.916E-01	9.916E-01	96.600	90	90	90
Q9ETN2_conserved	Q6JE29_conserved	1.003E+00	9.920E-01	9.920E-01	95.500	90	90	90
Q9ETN2_conserved	Q8VT48_conserved	1.011E+00	9.882E-01	9.882E-01	95.500	90	89	90
Q9ETN2_conserved	D2K7P0_conserved	1.010E+00	9.877E-01	9.877E-01	95.500	90	89	90
Q9ETN2_conserved	Q9EU43_conserved	1.000E+00	9.893E-01	9.893E-01	96.600	90	90	90
Q9ETN2_conserved	Q9X482_conserved	1.007E+00	9.849E-01	9.849E-01	94.300	90	89	90
Q9ETN2_conserved	D2KCJ9_conserved	1.005E+00	9.826E-01	9.826E-01	93.200	90	89	90
Q9ETN2_conserved	A0A0N9HJI8_conserved	1.004E+00	9.814E-01	9.814E-01	86.500	90	89	90
Q9ETN2_conserved	Q8GQK7_conserved	1.003E+00	9.806E-01	9.806E-01	86.500	90	89	90
Q9ETN2_conserved	Q8GPN1_conserved	9.883E-01	9.668E-01	9.668E-01	65.100	90	89	90
Q9ETN2_conserved	AF-A0A844TY23-F1-model_v4_conserved	9.873E-01	9.658E-01	9.658E-01	67.400	90	89	90
Q9ETN2_conserved	A0A0H3YDR5_conserved	9.866E-01	9.651E-01	9.651E-01	64.000	90	89	90
Q9ETN2_conserved	AF-A0A191Z3S9-F1-model_v4_conserved	9.862E-01	9.648E-01	9.648E-01	64.000	90	89	90
Q9ETN2_conserved	Q8GPN2_conserved	9.862E-01	9.647E-01	9.647E-01	65.100	90	89	90
Q9ETN2_conserved	A0A0C5L398_conserved	9.855E-01	9.640E-01	9.640E-01	68.500	90	89	90
Q9ETN2_conserved	A0A077EG89_conserved	9.852E-01	9.638E-01	9.638E-01	68.500	90	89	90
Q9ETN2_conserved	AF-Q9RB01-F1-model_v4_conserved	9.843E-01	9.629E-01	9.629E-01	67.400	90	89	90
Q9ETN2_conserved	Q8RMB8_conserved	9.838E-01	9.624E-01	9.624E-01	65.100	90	89	90
Q9ETN2_conserved	Q53BU0_conserved	9.755E-01	9.544E-01	9.544E-01	56.600	90	90	90
Q9ETN2_conserved	A0A2R4PHC7_conserved	9.765E-01	9.554E-01	9.554E-01	56.100	90	89	90
Q9ETN2_conserved	Q53BU1_conserved	9.738E-01	9.528E-01	9.528E-01	60.000	90	90	90
Q9ETN2_conserved	AF-A0A1L6K5Y5-F1-model_v4_conserved	9.712E-01	9.503E-01	9.503E-01	51.600	90	89	90
Q9ETN2_conserved	AF-A0A6M4NN58-F1-model_v4_conserved	9.755E-01	9.545E-01	9.443E-01	60.000	90	90	91
Q9ETN2_conserved	AF-I0KEZ6-F1-model_v4_conserved	9.719E-01	9.510E-01	9.510E-01	52.800	90	89	90
Q9ETN2_conserved	Q6SPY5_conserved	9.704E-01	9.495E-01	9.495E-01	52.800	90	89	90
Q9ETN2_conserved	A0A650AXL4_conserved	9.733E-01	9.524E-01	9.423E-01	58.800	90	90	91
Q9ETN2_conserved	P14488_conserved	9.691E-01	9.484E-01	9.484E-01	52.800	90	89	90
Q9ETN2_conserved	AF-A0A1L6K5Z3-F1-model_v4_conserved	9.676E-01	9.469E-01	9.469E-01	51.600	90	89	90
Q9ETN2_conserved	SHD-1_conserved	9.672E-01	9.465E-01	9.364E-01	54.400	90	90	91
Q9ETN2_conserved	AF-A0A7Y3W177-F1-model_v4_conserved	9.668E-01	9.461E-01	9.361E-01	51.100	90	90	91
Q9ETN2_conserved	L7X1X1_conserved	9.669E-01	9.462E-01	9.362E-01	56.600	90	90	91
Q9ETN2_conserved	AF-C5BSS3-F1-model_v4_conserved	9.657E-01	9.451E-01	9.351E-01	54.400	90	90	91
Q9ETN2_conserved	Q704V1_conserved	9.658E-01	9.451E-01	9.351E-01	48.800	90	90	91
Q9ETN2_conserved	AF-Q12JE6-F1-model_v4_conserved	9.646E-01	9.440E-01	9.340E-01	55.500	90	90	91
Q9ETN2_conserved	AF-A0A4Y8LBX5-F1-model_v4_conserved	9.634E-01	9.428E-01	9.329E-01	53.300	90	90	91
Q9ETN2_conserved	L0N4W6_conserved	9.626E-01	9.421E-01	9.321E-01	53.300	90	90	91
Q9ETN2_conserved	Q840P9_conserved	9.583E-01	9.379E-01	9.379E-01	46.000	90	89	90
Q9ETN2_conserved	Q3YBY0_conserved	9.581E-01	9.377E-01	9.377E-01	44.900	90	89	90
Q9ETN2_conserved	Q8GKX2_conserved	9.580E-01	9.377E-01	9.377E-01	44.900	90	89	90
Q9ETN2_conserved	E5G503_conserved	9.578E-01	9.375E-01	9.375E-01	44.900	90	89	90
Q9ETN2_conserved	Q9XAY4_conserved	9.578E-01	9.374E-01	9.374E-01	44.900	90	89	90
Q9ETN2_conserved	Q2HY42_conserved	9.577E-01	9.374E-01	9.374E-01	44.900	90	89	90
Q9ETN2_conserved	B0FWK3_conserved	9.530E-01	9.429E-01	9.330E-01	50.500	90	91	91
Q9ETN2_conserved	B4YAJ7_conserved	9.571E-01	9.368E-01	9.368E-01	43.800	90	89	90
Q9ETN2_conserved	I3RJZ3_conserved	9.570E-01	9.368E-01	9.368E-01	43.800	90	89	90
Q9ETN2_conserved	A7WPA3_conserved	9.570E-01	9.367E-01	9.367E-01	43.800	90	89	90
Q9ETN2_conserved	P25910_conserved	9.594E-01	9.390E-01	9.291E-01	47.700	90	90	91
Q9ETN2_conserved	STA-1_conserved	9.591E-01	9.386E-01	9.288E-01	54.400	90	90	91
Q9ETN2_conserved	ALI-2_conserved	9.597E-01	9.393E-01	9.294E-01	52.200	90	90	91
Q9ETN2_conserved	Q9F629_conserved	9.562E-01	9.360E-01	9.360E-01	43.800	90	89	90
Q9ETN2_conserved	A0A0D5ZZW5_conserved	9.517E-01	9.416E-01	9.318E-01	51.600	90	91	91
Q9ETN2_conserved	A8QUY6_conserved	9.513E-01	9.412E-01	9.314E-01	48.300	90	91	91
Q9ETN2_conserved	A8R403_conserved	9.580E-01	9.376E-01	9.277E-01	52.200	90	90	91
Q9ETN2_conserved	F5ANL2_conserved	9.504E-01	9.404E-01	9.306E-01	50.500	90	91	91
Q9ETN2_conserved	K7SA42_conserved	9.585E-01	9.382E-01	9.284E-01	41.100	90	90	91
Q9ETN2_conserved	Q7WYA8_conserved	9.496E-01	9.396E-01	9.298E-01	47.200	90	91	91
Q9ETN2_conserved	A0A161H7D8_conserved	9.570E-01	9.366E-01	9.268E-01	47.700	90	90	91
Q9ETN2_conserved	ALI-1_conserved	9.576E-01	9.373E-01	9.274E-01	48.800	90	90	91
Q9ETN2_conserved	ANA-1_conserved	9.572E-01	9.369E-01	9.270E-01	53.300	90	90	91
Q9ETN2_conserved	Q1A2Z1_conserved	9.482E-01	9.382E-01	9.284E-01	49.400	90	91	91
Q9ETN2_conserved	Q53CM3_conserved	9.490E-01	9.390E-01	9.292E-01	49.400	90	91	91
Q9ETN2_conserved	A0A097J9I0_conserved	9.462E-01	9.362E-01	9.264E-01	49.400	90	91	91
Q9ETN2_conserved	Q8VLM7_conserved	9.457E-01	9.357E-01	9.259E-01	49.400	90	91	91
Q9ETN2_conserved	Q8GIW8_conserved	9.453E-01	9.353E-01	9.255E-01	49.400	90	91	91
Q9ETN2_conserved	B2ZTD9_conserved	9.446E-01	9.347E-01	9.249E-01	48.300	90	91	91
Q9ETN2_conserved	I7CP04_conserved	9.441E-01	9.341E-01	9.243E-01	48.300	90	91	91
Q9ETN2_conserved	F8UQX1_conserved	9.439E-01	9.339E-01	9.242E-01	49.400	90	91	91
Q9ETN2_conserved	A0A0H4IUK3_conserved	9.529E-01	9.327E-01	9.229E-01	47.700	90	90	91
Q9ETN2_conserved	Q9AHY6_conserved	9.439E-01	9.340E-01	9.242E-01	50.500	90	91	91
Q9ETN2_conserved	S5WLJ9_conserved	9.526E-01	9.325E-01	9.227E-01	47.700	90	90	91
Q9ETN2_conserved	Q79MP6_conserved	9.435E-01	9.336E-01	9.238E-01	48.300	90	91	91
Q9ETN2_conserved	G9JKG5_conserved	9.443E-01	9.343E-01	9.246E-01	48.300	90	91	91
Q9ETN2_conserved	Q70E85_conserved	9.523E-01	9.322E-01	9.224E-01	48.800	90	90	91
Q9ETN2_conserved	Q9F6Z8_conserved	9.522E-01	9.320E-01	9.223E-01	47.700	90	90	91
Q9ETN2_conserved	G4WB26_conserved	9.433E-01	9.334E-01	9.239E-01	50.500	90	91	91
Q9ETN2_conserved	A0A0S2MTX2_conserved	9.521E-01	9.320E-01	9.222E-01	46.600	90	90	91
Q9ETN2_conserved	AF-A0A1B2F003-F1-model_v4_conserved	9.513E-01	9.311E-01	9.214E-01	52.200	90	90	91
Q9ETN2_conserved	AF-Q1DF71-F1-model_v4_conserved	9.500E-01	9.299E-01	9.202E-01	46.600	90	90	91
Q9ETN2_conserved	AF-G0L217-F1-model_v4_conserved	9.420E-01	9.220E-01	9.220E-01	47.700	90	90	90
Q9ETN2_conserved	SPS-1_conserved	9.404E-01	9.208E-01	9.305E-01	40.400	90	89	89
Q9ETN2_conserved	AF-A0A3G5BD68-F1-model_v4_conserved	9.475E-01	9.276E-01	9.179E-01	37.700	90	90	91
Q9ETN2_conserved	ECV-1_conserved	9.406E-01	9.208E-01	9.208E-01	50.000	90	90	90
Q9ETN2_conserved	ORR-1_conserved	9.404E-01	9.206E-01	9.206E-01	47.700	90	90	90
Q9ETN2_conserved	A0A1Z3FWF5_conserved	9.471E-01	9.272E-01	9.176E-01	37.700	90	90	91
Q9ETN2_conserved	A0A3G3C0Q6_conserved	9.470E-01	9.271E-01	9.175E-01	37.700	90	90	91
Q9ETN2_conserved	AF-A0A8E7DAJ6-F1-model_v6_conserved	9.469E-01	9.270E-01	9.174E-01	38.800	90	90	91
Q9ETN2_conserved	A0A1P8VH15_conserved	9.467E-01	9.269E-01	9.172E-01	37.700	90	90	91
Q9ETN2_conserved	A0A1P8C735_conserved	9.467E-01	9.268E-01	9.172E-01	38.800	90	90	91
Q9ETN2_conserved	S5ZIP8_conserved	9.467E-01	9.268E-01	9.172E-01	37.700	90	90	91
Q9ETN2_conserved	A0A0B5ECY2_conserved	9.464E-01	9.265E-01	9.169E-01	37.700	90	90	91
Q9ETN2_conserved	AF-A0A7U3MVS9-F1-model_v4_conserved	9.417E-01	9.220E-01	9.220E-01	47.100	90	89	90
Q9ETN2_conserved	AF-A0A7T8ZCD9-F1-model_v4_conserved	9.373E-01	9.176E-01	9.176E-01	47.700	90	90	90
Q9ETN2_conserved	AF-A0A6B7ELH8-F1-model_v4_conserved	9.367E-01	9.170E-01	9.170E-01	50.000	90	90	90
Q9ETN2_conserved	BMHC-1_conserved	9.338E-01	9.142E-01	9.142E-01	44.400	90	90	90
Q9ETN2_conserved	Q8G9Q0_conserved	9.356E-01	9.161E-01	9.161E-01	46.000	90	89	90
Q9ETN2_conserved	AF-A0A0U3H0V9-F1-model_v4_conserved	9.288E-01	9.093E-01	9.189E-01	48.800	90	90	89
Q9XAY4_conserved	Q9XAY4_conserved	1.011E+00	1.000E+00	1.000E+00	100.000	90	90	90
Q9XAY4_conserved	Q3YBY0_conserved	1.011E+00	9.888E-01	9.888E-01	100.000	90	89	90
Q9XAY4_conserved	Q8GKX2_conserved	1.011E+00	9.887E-01	9.887E-01	97.700	90	89	90
Q9XAY4_conserved	E5G503_conserved	1.011E+00	9.887E-01	9.887E-01	97.700	90	89	90
Q9XAY4_conserved	Q2HY42_conserved	1.011E+00	9.886E-01	9.886E-01	97.700	90	89	90
Q9XAY4_conserved	I3RJZ3_conserved	1.011E+00	9.882E-01	9.882E-01	98.800	90	89	90
Q9XAY4_conserved	B4YAJ7_conserved	1.010E+00	9.878E-01	9.878E-01	97.700	90	89	90
Q9XAY4_conserved	Q9F629_conserved	1.010E+00	9.876E-01	9.876E-01	97.700	90	89	90
Q9XAY4_conserved	Q840P9_conserved	1.010E+00	9.875E-01	9.875E-01	94.300	90	89	90
Q9XAY4_conserved	A7WPA3_conserved	1.010E+00	9.873E-01	9.873E-01	97.700	90	89	90
Q9XAY4_conserved	AF-I0KEZ6-F1-model_v4_conserved	9.863E-01	9.649E-01	9.649E-01	52.800	90	89	90
Q9XAY4_conserved	Q53BU1_conserved	9.837E-01	9.624E-01	9.624E-01	53.300	90	90	90
Q9XAY4_conserved	AF-A0A1L6K5Y5-F1-model_v4_conserved	9.809E-01	9.597E-01	9.597E-01	69.600	90	89	90
Q9XAY4_conserved	A0A0C5L398_conserved	9.790E-01	9.579E-01	9.579E-01	44.900	90	89	90
Q9XAY4_conserved	P14488_conserved	9.780E-01	9.570E-01	9.570E-01	58.400	90	89	90
Q9XAY4_conserved	Q6SPY5_conserved	9.778E-01	9.567E-01	9.567E-01	59.500	90	89	90
Q9XAY4_conserved	AF-A0A1L6K5Z3-F1-model_v4_conserved	9.773E-01	9.563E-01	9.563E-01	58.400	90	89	90
Q9XAY4_conserved	Q53BU0_conserved	9.773E-01	9.563E-01	9.563E-01	54.400	90	90	90
Q9XAY4_conserved	ORR-1_conserved	9.720E-01	9.509E-01	9.509E-01	53.300	90	90	90
Q9XAY4_conserved	A0A2R4PHC7_conserved	9.747E-01	9.537E-01	9.537E-01	58.400	90	89	90
Q9XAY4_conserved	K7SA42_conserved	9.776E-01	9.566E-01	9.464E-01	57.700	90	90	91
Q9XAY4_conserved	AF-A0A7Y3W177-F1-model_v4_conserved	9.768E-01	9.557E-01	9.456E-01	63.300	90	90	91
Q9XAY4_conserved	A0A077EG89_conserved	9.729E-01	9.520E-01	9.520E-01	44.900	90	89	90
Q9XAY4_conserved	AF-Q9RB01-F1-model_v4_conserved	9.721E-01	9.512E-01	9.512E-01	43.800	90	89	90
Q9XAY4_conserved	L7X1X1_conserved	9.757E-01	9.547E-01	9.445E-01	58.800	90	90	91
Q9XAY4_conserved	AF-A0A7T8ZCD9-F1-model_v4_conserved	9.684E-01	9.475E-01	9.475E-01	53.300	90	90	90
Q9XAY4_conserved	AF-A0A6M4NN58-F1-model_v4_conserved	9.751E-01	9.541E-01	9.440E-01	60.000	90	90	91
Q9XAY4_conserved	AF-A0A7U3MVS9-F1-model_v4_conserved	9.716E-01	9.508E-01	9.508E-01	49.400	90	89	90
Q9XAY4_conserved	SHD-1_conserved	9.745E-01	9.536E-01	9.434E-01	55.500	90	90	91
Q9XAY4_conserved	ANA-1_conserved	9.746E-01	9.537E-01	9.436E-01	56.600	90	90	91
Q9XAY4_conserved	ECV-1_conserved	9.673E-01	9.464E-01	9.464E-01	54.400	90	90	90
Q9XAY4_conserved	AF-C5BSS3-F1-model_v4_conserved	9.736E-01	9.526E-01	9.425E-01	57.700	90	90	91
Q9XAY4_conserved	Q704V1_conserved	9.737E-01	9.528E-01	9.427E-01	56.600	90	90	91
Q9XAY4_conserved	A0A1Z3FWF5_conserved	9.731E-01	9.522E-01	9.421E-01	52.200	90	90	91
Q9XAY4_conserved	A0A3G3C0Q6_conserved	9.730E-01	9.521E-01	9.420E-01	52.200	90	90	91
Q9XAY4_conserved	A0A1P8C735_conserved	9.728E-01	9.520E-01	9.419E-01	53.300	90	90	91
Q9XAY4_conserved	A0A1P8VH15_conserved	9.725E-01	9.517E-01	9.416E-01	52.200	90	90	91
Q9XAY4_conserved	AF-A0A8E7DAJ6-F1-model_v6_conserved	9.724E-01	9.516E-01	9.415E-01	53.300	90	90	91
Q9XAY4_conserved	S5ZIP8_conserved	9.724E-01	9.516E-01	9.415E-01	52.200	90	90	91
Q9XAY4_conserved	A0A650AXL4_conserved	9.722E-01	9.513E-01	9.412E-01	58.800	90	90	91
Q9XAY4_conserved	A0A0B5ECY2_conserved	9.724E-01	9.516E-01	9.415E-01	52.200	90	90	91
Q9XAY4_conserved	AF-A0A3G5BD68-F1-model_v4_conserved	9.723E-01	9.514E-01	9.414E-01	52.200	90	90	91
Q9XAY4_conserved	L0N4W6_conserved	9.713E-01	9.505E-01	9.404E-01	55.500	90	90	91
Q9XAY4_conserved	Q8RMB8_conserved	9.675E-01	9.469E-01	9.469E-01	46.000	90	89	90
Q9XAY4_conserved	AF-Q12JE6-F1-model_v4_conserved	9.708E-01	9.500E-01	9.399E-01	56.600	90	90	91
Q9XAY4_conserved	AF-A0A191Z3S9-F1-model_v4_conserved	9.660E-01	9.454E-01	9.454E-01	51.600	90	89	90
Q9XAY4_conserved	STA-1_conserved	9.695E-01	9.488E-01	9.388E-01	56.600	90	90	91
Q9XAY4_conserved	AF-A0A844TY23-F1-model_v4_conserved	9.654E-01	9.448E-01	9.448E-01	50.500	90	89	90
Q9XAY4_conserved	Q8GPN1_conserved	9.644E-01	9.438E-01	9.438E-01	49.400	90	89	90
Q9XAY4_conserved	P25910_conserved	9.680E-01	9.473E-01	9.373E-01	56.600	90	90	91
Q9XAY4_conserved	AF-A0A0U3H0V9-F1-model_v4_conserved	9.556E-01	9.351E-01	9.452E-01	50.000	90	90	89
Q9XAY4_conserved	Q8G9Q0_conserved	9.637E-01	9.432E-01	9.432E-01	52.800	90	89	90
Q9XAY4_conserved	AF-A0A6B7ELH8-F1-model_v4_conserved	9.610E-01	9.404E-01	9.404E-01	50.000	90	90	90
Q9XAY4_conserved	BMHC-1_conserved	9.598E-01	9.392E-01	9.392E-01	48.800	90	90	90
Q9XAY4_conserved	Q8GPN2_conserved	9.615E-01	9.411E-01	9.411E-01	49.400	90	89	90
Q9XAY4_conserved	A0A161H7D8_conserved	9.648E-01	9.442E-01	9.342E-01	55.500	90	90	91
Q9XAY4_conserved	AF-Q1DF71-F1-model_v4_conserved	9.652E-01	9.446E-01	9.346E-01	62.200	90	90	91
Q9XAY4_conserved	AF-G0L217-F1-model_v4_conserved	9.586E-01	9.381E-01	9.381E-01	53.300	90	90	90
Q9XAY4_conserved	A0A0H3YDR5_conserved	9.608E-01	9.404E-01	9.404E-01	49.400	90	89	90
Q9XAY4_conserved	ALI-2_conserved	9.647E-01	9.442E-01	9.342E-01	61.100	90	90	91
Q9XAY4_conserved	AF-A0A4Y8LBX5-F1-model_v4_conserved	9.639E-01	9.433E-01	9.334E-01	62.200	90	90	91
Q9XAY4_conserved	ALI-1_conserved	9.634E-01	9.429E-01	9.329E-01	55.500	90	90	91
Q9XAY4_conserved	Q08I33_conserved	9.584E-01	9.380E-01	9.380E-01	43.800	90	89	90
Q9XAY4_conserved	Q9F921_conserved	9.579E-01	9.376E-01	9.376E-01	46.000	90	89	90
Q9XAY4_conserved	A8R403_conserved	9.617E-01	9.412E-01	9.313E-01	60.000	90	90	91
Q9XAY4_conserved	Q9ETN2_conserved	9.578E-01	9.374E-01	9.374E-01	44.900	90	89	90
Q9XAY4_conserved	D2K7P0_conserved	9.574E-01	9.371E-01	9.371E-01	43.800	90	89	90
Q9XAY4_conserved	D2KCJ9_conserved	9.568E-01	9.365E-01	9.365E-01	42.600	90	89	90
Q9XAY4_conserved	E2GLP7_conserved	9.570E-01	9.367E-01	9.367E-01	44.900	90	89	90
Q9XAY4_conserved	Q6JE29_conserved	9.564E-01	9.362E-01	9.362E-01	43.800	90	89	90
Q9XAY4_conserved	Q9X482_conserved	9.564E-01	9.361E-01	9.361E-01	43.800	90	89	90
Q9XAY4_conserved	Q9EU43_conserved	9.563E-01	9.360E-01	9.360E-01	44.900	90	89	90
Q9XAY4_conserved	Q8VT48_conserved	9.563E-01	9.360E-01	9.360E-01	42.600	90	89	90
Q9XAY4_conserved	A0A0N9HJI8_conserved	9.549E-01	9.347E-01	9.347E-01	42.600	90	89	90
Q9XAY4_conserved	A0A097J9I0_conserved	9.581E-01	9.377E-01	9.279E-01	52.200	90	90	91
Q9XAY4_conserved	SPS-1_conserved	9.522E-01	9.322E-01	9.421E-01	48.300	90	89	89
Q9XAY4_conserved	B0FWK3_conserved	9.574E-01	9.371E-01	9.273E-01	56.600	90	90	91
Q9XAY4_conserved	B2ZTD9_conserved	9.574E-01	9.370E-01	9.272E-01	54.400	90	90	91
Q9XAY4_conserved	Q8VLM7_conserved	9.571E-01	9.368E-01	9.270E-01	54.400	90	90	91
Q9XAY4_conserved	A0A0H4IUK3_conserved	9.572E-01	9.369E-01	9.271E-01	53.300	90	90	91
Q9XAY4_conserved	F8UQX1_conserved	9.571E-01	9.368E-01	9.269E-01	54.400	90	90	91
Q9XAY4_conserved	Q9F6Z8_conserved	9.569E-01	9.366E-01	9.268E-01	53.300	90	90	91
Q9XAY4_conserved	A0A0D5ZZW5_conserved	9.569E-01	9.366E-01	9.267E-01	56.600	90	90	91
Q9XAY4_conserved	Q8GIW8_conserved	9.567E-01	9.365E-01	9.266E-01	55.500	90	90	91
Q9XAY4_conserved	G4WB26_conserved	9.568E-01	9.365E-01	9.267E-01	55.500	90	90	91
Q9XAY4_conserved	Q8GQK7_conserved	9.530E-01	9.329E-01	9.329E-01	42.600	90	89	90
Q9XAY4_conserved	S5WLJ9_conserved	9.564E-01	9.361E-01	9.263E-01	50.000	90	90	91
Q9XAY4_conserved	I7CP04_conserved	9.563E-01	9.360E-01	9.262E-01	50.000	90	90	91
Q9XAY4_conserved	Q53CM3_conserved	9.563E-01	9.360E-01	9.262E-01	54.400	90	90	91
Q9XAY4_conserved	F5ANL2_conserved	9.560E-01	9.358E-01	9.260E-01	55.500	90	90	91
Q9XAY4_conserved	Q1A2Z1_conserved	9.559E-01	9.357E-01	9.259E-01	53.300	90	90	91
Q9XAY4_conserved	Q9AHY6_conserved	9.559E-01	9.356E-01	9.258E-01	55.500	90	90	91
Q9XAY4_conserved	A8QUY6_conserved	9.558E-01	9.355E-01	9.257E-01	53.300	90	90	91
Q9XAY4_conserved	Q7WYA8_conserved	9.556E-01	9.354E-01	9.256E-01	52.200	90	90	91
Q9XAY4_conserved	A0A0S2MTX2_conserved	9.555E-01	9.352E-01	9.254E-01	51.100	90	90	91
Q9XAY4_conserved	Q70E85_conserved	9.555E-01	9.353E-01	9.255E-01	53.300	90	90	91
Q9XAY4_conserved	Q79MP6_conserved	9.549E-01	9.346E-01	9.249E-01	53.300	90	90	91
Q9XAY4_conserved	G9JKG5_conserved	9.547E-01	9.345E-01	9.247E-01	53.300	90	90	91
Q9XAY4_conserved	AF-A0A1B2F003-F1-model_v4_conserved	9.532E-01	9.330E-01	9.233E-01	55.500	90	90	91
AF-A0A8E7DAJ6-F1-model_v6_conserved	AF-A0A8E7DAJ6-F1-model_v6_conserved	1.011E+00	1.000E+00	1.000E+00	100.000	91	91	91
AF-A0A8E7DAJ6-F1-model_v6_conserved	A0A0B5ECY2_conserved	1.011E+00	9.889E-01	9.889E-01	98.800	91	90	91
AF-A0A8E7DAJ6-F1-model_v6_conserved	A0A1P8C735_conserved	1.011E+00	9.889E-01	9.889E-01	100.000	91	90	91
AF-A0A8E7DAJ6-F1-model_v6_conserved	A0A1P8VH15_conserved	1.011E+00	9.889E-01	9.889E-01	98.800	91	90	91
AF-A0A8E7DAJ6-F1-model_v6_conserved	S5ZIP8_conserved	1.011E+00	9.889E-01	9.889E-01	98.800	91	90	91
AF-A0A8E7DAJ6-F1-model_v6_conserved	A0A3G3C0Q6_conserved	1.011E+00	9.889E-01	9.889E-01	98.800	91	90	91
AF-A0A8E7DAJ6-F1-model_v6_conserved	A0A1Z3FWF5_conserved	1.011E+00	9.889E-01	9.889E-01	98.800	91	90	91
AF-A0A8E7DAJ6-F1-model_v6_conserved	AF-A0A3G5BD68-F1-model_v4_conserved	1.011E+00	9.883E-01	9.883E-01	97.700	91	90	91
AF-A0A8E7DAJ6-F1-model_v6_conserved	K7SA42_conserved	9.891E-01	9.678E-01	9.678E-01	74.400	91	90	91
AF-A0A8E7DAJ6-F1-model_v6_conserved	Q53BU1_conserved	9.821E-01	9.611E-01	9.715E-01	48.800	91	90	90
AF-A0A8E7DAJ6-F1-model_v6_conserved	Q704V1_conserved	9.853E-01	9.641E-01	9.641E-01	48.800	91	90	91
AF-A0A8E7DAJ6-F1-model_v6_conserved	Q53BU0_conserved	9.807E-01	9.597E-01	9.701E-01	50.000	91	90	90
AF-A0A8E7DAJ6-F1-model_v6_conserved	L7X1X1_conserved	9.841E-01	9.631E-01	9.631E-01	55.500	91	90	91
AF-A0A8E7DAJ6-F1-model_v6_conserved	AF-C5BSS3-F1-model_v4_conserved	9.838E-01	9.627E-01	9.627E-01	54.400	91	90	91
AF-A0A8E7DAJ6-F1-model_v6_conserved	L0N4W6_conserved	9.833E-01	9.622E-01	9.622E-01	54.400	91	90	91
AF-A0A8E7DAJ6-F1-model_v6_conserved	AF-A0A7Y3W177-F1-model_v4_conserved	9.826E-01	9.615E-01	9.615E-01	50.000	91	90	91
AF-A0A8E7DAJ6-F1-model_v6_conserved	AF-Q12JE6-F1-model_v4_conserved	9.820E-01	9.610E-01	9.610E-01	52.200	91	90	91
AF-A0A8E7DAJ6-F1-model_v6_conserved	SHD-1_conserved	9.818E-01	9.608E-01	9.608E-01	51.100	91	90	91
AF-A0A8E7DAJ6-F1-model_v6_conserved	AF-Q1DF71-F1-model_v4_conserved	9.812E-01	9.602E-01	9.602E-01	54.400	91	90	91
AF-A0A8E7DAJ6-F1-model_v6_conserved	A0A650AXL4_conserved	9.810E-01	9.601E-01	9.601E-01	53.300	91	90	91
AF-A0A8E7DAJ6-F1-model_v6_conserved	AF-A0A6M4NN58-F1-model_v4_conserved	9.803E-01	9.593E-01	9.593E-01	52.200	91	90	91
AF-A0A8E7DAJ6-F1-model_v6_conserved	AF-A0A1L6K5Z3-F1-model_v4_conserved	9.835E-01	9.519E-01	9.622E-01	54.400	91	90	90
AF-A0A8E7DAJ6-F1-model_v6_conserved	STA-1_conserved	9.797E-01	9.588E-01	9.588E-01	51.100	91	90	91
AF-A0A8E7DAJ6-F1-model_v6_conserved	A8R403_conserved	9.786E-01	9.577E-01	9.577E-01	54.400	91	90	91
AF-A0A8E7DAJ6-F1-model_v6_conserved	A0A161H7D8_conserved	9.783E-01	9.574E-01	9.574E-01	52.200	91	90	91
AF-A0A8E7DAJ6-F1-model_v6_conserved	F8UQX1_conserved	9.777E-01	9.568E-01	9.568E-01	55.500	91	90	91
AF-A0A8E7DAJ6-F1-model_v6_conserved	AF-A0A1L6K5Y5-F1-model_v4_conserved	9.807E-01	9.492E-01	9.595E-01	51.100	91	90	90
AF-A0A8E7DAJ6-F1-model_v6_conserved	G4WB26_conserved	9.765E-01	9.557E-01	9.557E-01	54.400	91	90	91
AF-A0A8E7DAJ6-F1-model_v6_conserved	Q53CM3_conserved	9.760E-01	9.552E-01	9.552E-01	54.400	91	90	91
AF-A0A8E7DAJ6-F1-model_v6_conserved	Q70E85_conserved	9.760E-01	9.552E-01	9.552E-01	54.400	91	90	91
AF-A0A8E7DAJ6-F1-model_v6_conserved	A0A0D5ZZW5_conserved	9.759E-01	9.551E-01	9.551E-01	53.300	91	90	91
AF-A0A8E7DAJ6-F1-model_v6_conserved	I7CP04_conserved	9.759E-01	9.551E-01	9.551E-01	53.300	91	90	91
AF-A0A8E7DAJ6-F1-model_v6_conserved	AF-A0A6B7ELH8-F1-model_v4_conserved	9.805E-01	9.491E-01	9.593E-01	44.400	91	90	90
AF-A0A8E7DAJ6-F1-model_v6_conserved	B0FWK3_conserved	9.758E-01	9.550E-01	9.550E-01	50.000	91	90	91
AF-A0A8E7DAJ6-F1-model_v6_conserved	Q8VLM7_conserved	9.758E-01	9.550E-01	9.550E-01	55.500	91	90	91
AF-A0A8E7DAJ6-F1-model_v6_conserved	Q9AHY6_conserved	9.757E-01	9.549E-01	9.549E-01	54.400	91	90	91
AF-A0A8E7DAJ6-F1-model_v6_conserved	S5WLJ9_conserved	9.755E-01	9.547E-01	9.547E-01	53.300	91	90	91
AF-A0A8E7DAJ6-F1-model_v6_conserved	A0A0H4IUK3_conserved	9.754E-01	9.547E-01	9.547E-01	54.400	91	90	91
AF-A0A8E7DAJ6-F1-model_v6_conserved	A8QUY6_conserved	9.754E-01	9.546E-01	9.546E-01	55.500	91	90	91
AF-A0A8E7DAJ6-F1-model_v6_conserved	F5ANL2_conserved	9.753E-01	9.546E-01	9.546E-01	54.400	91	90	91
AF-A0A8E7DAJ6-F1-model_v6_conserved	Q8GIW8_conserved	9.753E-01	9.546E-01	9.546E-01	55.500	91	90	91
AF-A0A8E7DAJ6-F1-model_v6_conserved	Q7WYA8_conserved	9.750E-01	9.543E-01	9.543E-01	56.600	91	90	91
AF-A0A8E7DAJ6-F1-model_v6_conserved	Q9F6Z8_conserved	9.750E-01	9.542E-01	9.542E-01	56.600	91	90	91
AF-A0A8E7DAJ6-F1-model_v6_conserved	G9JKG5_conserved	9.750E-01	9.542E-01	9.542E-01	55.500	91	90	91
AF-A0A8E7DAJ6-F1-model_v6_conserved	Q1A2Z1_conserved	9.749E-01	9.541E-01	9.541E-01	54.400	91	90	91
AF-A0A8E7DAJ6-F1-model_v6_conserved	BMHC-1_conserved	9.795E-01	9.482E-01	9.584E-01	46.600	91	90	90
AF-A0A8E7DAJ6-F1-model_v6_conserved	ECV-1_conserved	9.794E-01	9.480E-01	9.583E-01	45.500	91	90	90
AF-A0A8E7DAJ6-F1-model_v6_conserved	A0A0S2MTX2_conserved	9.748E-01	9.540E-01	9.540E-01	55.500	91	90	91
AF-A0A8E7DAJ6-F1-model_v6_conserved	Q79MP6_conserved	9.748E-01	9.541E-01	9.541E-01	56.600	91	90	91
AF-A0A8E7DAJ6-F1-model_v6_conserved	B2ZTD9_conserved	9.747E-01	9.539E-01	9.539E-01	55.500	91	90	91
AF-A0A8E7DAJ6-F1-model_v6_conserved	AF-G0L217-F1-model_v4_conserved	9.791E-01	9.477E-01	9.579E-01	40.000	91	90	90
AF-A0A8E7DAJ6-F1-model_v6_conserved	A0A097J9I0_conserved	9.743E-01	9.536E-01	9.536E-01	53.300	91	90	91
AF-A0A8E7DAJ6-F1-model_v6_conserved	ANA-1_conserved	9.741E-01	9.533E-01	9.533E-01	51.100	91	90	91
AF-A0A8E7DAJ6-F1-model_v6_conserved	AF-A0A4Y8LBX5-F1-model_v4_conserved	9.747E-01	9.540E-01	9.540E-01	61.100	91	90	91
AF-A0A8E7DAJ6-F1-model_v6_conserved	AF-A0A7T8ZCD9-F1-model_v4_conserved	9.782E-01	9.469E-01	9.571E-01	44.400	91	90	90
AF-A0A8E7DAJ6-F1-model_v6_conserved	ORR-1_conserved	9.771E-01	9.458E-01	9.560E-01	45.500	91	90	90
AF-A0A8E7DAJ6-F1-model_v6_conserved	P14488_conserved	9.769E-01	9.457E-01	9.559E-01	53.300	91	90	90
AF-A0A8E7DAJ6-F1-model_v6_conserved	Q6SPY5_conserved	9.765E-01	9.453E-01	9.555E-01	52.200	91	90	90
AF-A0A8E7DAJ6-F1-model_v6_conserved	AF-A0A1B2F003-F1-model_v4_conserved	9.719E-01	9.513E-01	9.513E-01	51.100	91	90	91
AF-A0A8E7DAJ6-F1-model_v6_conserved	AF-I0KEZ6-F1-model_v4_conserved	9.751E-01	9.440E-01	9.541E-01	51.100	91	90	90
AF-A0A8E7DAJ6-F1-model_v6_conserved	Q8GKX2_conserved	9.727E-01	9.418E-01	9.519E-01	53.300	91	90	90
AF-A0A8E7DAJ6-F1-model_v6_conserved	Q9XAY4_conserved	9.724E-01	9.415E-01	9.516E-01	53.300	91	90	90
AF-A0A8E7DAJ6-F1-model_v6_conserved	Q2HY42_conserved	9.726E-01	9.417E-01	9.517E-01	52.200	91	90	90
AF-A0A8E7DAJ6-F1-model_v6_conserved	Q840P9_conserved	9.723E-01	9.414E-01	9.515E-01	47.700	91	90	90
AF-A0A8E7DAJ6-F1-model_v6_conserved	P25910_conserved	9.689E-01	9.484E-01	9.484E-01	51.100	91	90	91
AF-A0A8E7DAJ6-F1-model_v6_conserved	Q3YBY0_conserved	9.714E-01	9.405E-01	9.505E-01	53.300	91	90	90
AF-A0A8E7DAJ6-F1-model_v6_conserved	AF-A0A0U3H0V9-F1-model_v4_conserved	9.664E-01	9.357E-01	9.559E-01	40.000	91	90	89
AF-A0A8E7DAJ6-F1-model_v6_conserved	E5G503_conserved	9.712E-01	9.403E-01	9.504E-01	53.300	91	90	90
AF-A0A8E7DAJ6-F1-model_v6_conserved	A0A0C5L398_conserved	9.705E-01	9.397E-01	9.498E-01	43.300	91	90	90
AF-A0A8E7DAJ6-F1-model_v6_conserved	B4YAJ7_conserved	9.697E-01	9.389E-01	9.490E-01	54.400	91	90	90
AF-A0A8E7DAJ6-F1-model_v6_conserved	I3RJZ3_conserved	9.695E-01	9.387E-01	9.488E-01	54.400	91	90	90
AF-A0A8E7DAJ6-F1-model_v6_conserved	ALI-2_conserved	9.626E-01	9.422E-01	9.422E-01	48.300	91	91	91
AF-A0A8E7DAJ6-F1-model_v6_conserved	ALI-1_conserved	9.624E-01	9.420E-01	9.420E-01	45.000	91	91	91
AF-A0A8E7DAJ6-F1-model_v6_conserved	A7WPA3_conserved	9.685E-01	9.378E-01	9.478E-01	54.400	91	90	90
AF-A0A8E7DAJ6-F1-model_v6_conserved	Q9F629_conserved	9.682E-01	9.375E-01	9.475E-01	54.400	91	90	90
AF-A0A8E7DAJ6-F1-model_v6_conserved	AF-A0A7U3MVS9-F1-model_v4_conserved	9.665E-01	9.360E-01	9.459E-01	38.800	91	90	90
AF-A0A8E7DAJ6-F1-model_v6_conserved	Q8G9Q0_conserved	9.640E-01	9.336E-01	9.435E-01	40.000	91	90	90
AF-A0A8E7DAJ6-F1-model_v6_conserved	A0A2R4PHC7_conserved	9.627E-01	9.323E-01	9.422E-01	50.000	91	90	90
AF-A0A8E7DAJ6-F1-model_v6_conserved	SPS-1_conserved	9.573E-01	9.273E-01	9.471E-01	36.600	91	90	89
AF-A0A8E7DAJ6-F1-model_v6_conserved	AF-A0A844TY23-F1-model_v4_conserved	9.595E-01	9.292E-01	9.391E-01	47.700	91	90	90
AF-A0A8E7DAJ6-F1-model_v6_conserved	Q8GPN1_conserved	9.594E-01	9.291E-01	9.390E-01	44.400	91	90	90
AF-A0A8E7DAJ6-F1-model_v6_conserved	AF-A0A191Z3S9-F1-model_v4_conserved	9.589E-01	9.287E-01	9.385E-01	37.700	91	90	90
AF-A0A8E7DAJ6-F1-model_v6_conserved	Q8RMB8_conserved	9.577E-01	9.276E-01	9.374E-01	44.400	91	90	90
AF-A0A8E7DAJ6-F1-model_v6_conserved	Q8GPN2_conserved	9.569E-01	9.268E-01	9.367E-01	43.300	91	90	90
AF-A0A8E7DAJ6-F1-model_v6_conserved	A0A0H3YDR5_conserved	9.570E-01	9.269E-01	9.367E-01	42.200	91	90	90
AF-A0A8E7DAJ6-F1-model_v6_conserved	A0A077EG89_conserved	9.510E-01	9.213E-01	9.310E-01	41.100	91	90	90
AF-A0A8E7DAJ6-F1-model_v6_conserved	AF-Q9RB01-F1-model_v4_conserved	9.499E-01	9.202E-01	9.299E-01	40.000	91	90	90
AF-A0A8E7DAJ6-F1-model_v6_conserved	A0A0N9HJI8_conserved	9.466E-01	9.170E-01	9.267E-01	36.600	91	90	90
AF-A0A8E7DAJ6-F1-model_v6_conserved	Q9ETN2_conserved	9.469E-01	9.174E-01	9.270E-01	38.800	91	90	90
AF-A0A8E7DAJ6-F1-model_v6_conserved	Q08I33_conserved	9.468E-01	9.173E-01	9.270E-01	38.800	91	90	90
AF-A0A8E7DAJ6-F1-model_v6_conserved	Q8VT48_conserved	9.446E-01	9.152E-01	9.248E-01	40.000	91	90	90
AF-A0A8E7DAJ6-F1-model_v6_conserved	Q9F921_conserved	9.434E-01	9.141E-01	9.236E-01	38.800	91	90	90
AF-A0A8E7DAJ6-F1-model_v6_conserved	Q8GQK7_conserved	9.425E-01	9.132E-01	9.228E-01	36.600	91	90	90
AF-A0A8E7DAJ6-F1-model_v6_conserved	D2K7P0_conserved	9.430E-01	9.138E-01	9.233E-01	38.800	91	90	90
AF-A0A8E7DAJ6-F1-model_v6_conserved	D2KCJ9_conserved	9.418E-01	9.126E-01	9.221E-01	37.700	91	90	90
AF-A0A8E7DAJ6-F1-model_v6_conserved	E2GLP7_conserved	9.419E-01	9.127E-01	9.222E-01	37.700	91	90	90
AF-A0A8E7DAJ6-F1-model_v6_conserved	Q9EU43_conserved	9.412E-01	9.120E-01	9.216E-01	37.700	91	90	90
AF-A0A8E7DAJ6-F1-model_v6_conserved	Q6JE29_conserved	9.407E-01	9.116E-01	9.211E-01	38.800	91	90	90
AF-A0A8E7DAJ6-F1-model_v6_conserved	Q9X482_conserved	9.404E-01	9.113E-01	9.208E-01	38.800	91	90	90
AF-I0KEZ6-F1-model_v4_conserved	AF-I0KEZ6-F1-model_v4_conserved	1.011E+00	1.000E+00	1.000E+00	100.000	90	90	90
AF-I0KEZ6-F1-model_v4_conserved	P14488_conserved	9.928E-01	9.711E-01	9.711E-01	68.500	90	89	90
AF-I0KEZ6-F1-model_v4_conserved	Q6SPY5_conserved	9.927E-01	9.710E-01	9.710E-01	68.500	90	89	90
AF-I0KEZ6-F1-model_v4_conserved	AF-A0A1L6K5Y5-F1-model_v4_conserved	9.919E-01	9.703E-01	9.703E-01	60.600	90	89	90
AF-I0KEZ6-F1-model_v4_conserved	Q53BU1_conserved	9.905E-01	9.689E-01	9.689E-01	60.000	90	90	90
AF-I0KEZ6-F1-model_v4_conserved	Q53BU0_conserved	9.885E-01	9.670E-01	9.670E-01	60.000	90	90	90
AF-I0KEZ6-F1-model_v4_conserved	Q840P9_conserved	9.876E-01	9.661E-01	9.661E-01	53.900	90	89	90
AF-I0KEZ6-F1-model_v4_conserved	Q8GKX2_conserved	9.867E-01	9.653E-01	9.653E-01	52.800	90	89	90
AF-I0KEZ6-F1-model_v4_conserved	E5G503_conserved	9.867E-01	9.652E-01	9.652E-01	52.800	90	89	90
AF-I0KEZ6-F1-model_v4_conserved	Q3YBY0_conserved	9.866E-01	9.652E-01	9.652E-01	52.800	90	89	90
AF-I0KEZ6-F1-model_v4_conserved	Q2HY42_conserved	9.865E-01	9.650E-01	9.650E-01	52.800	90	89	90
AF-I0KEZ6-F1-model_v4_conserved	Q9XAY4_conserved	9.863E-01	9.649E-01	9.649E-01	52.800	90	89	90
AF-I0KEZ6-F1-model_v4_conserved	I3RJZ3_conserved	9.860E-01	9.646E-01	9.646E-01	51.600	90	89	90
AF-I0KEZ6-F1-model_v4_conserved	A7WPA3_conserved	9.859E-01	9.645E-01	9.645E-01	51.600	90	89	90
AF-I0KEZ6-F1-model_v4_conserved	B4YAJ7_conserved	9.852E-01	9.638E-01	9.638E-01	51.600	90	89	90
AF-I0KEZ6-F1-model_v4_conserved	Q9F629_conserved	9.849E-01	9.636E-01	9.636E-01	51.600	90	89	90
AF-I0KEZ6-F1-model_v4_conserved	A0A2R4PHC7_conserved	9.847E-01	9.633E-01	9.633E-01	58.400	90	89	90
AF-I0KEZ6-F1-model_v4_conserved	ANA-1_conserved	9.880E-01	9.665E-01	9.561E-01	53.300	90	90	91
AF-I0KEZ6-F1-model_v4_conserved	AF-A0A1L6K5Z3-F1-model_v4_conserved	9.836E-01	9.623E-01	9.623E-01	53.900	90	89	90
AF-I0KEZ6-F1-model_v4_conserved	AF-A0A844TY23-F1-model_v4_conserved	9.833E-01	9.620E-01	9.620E-01	52.800	90	89	90
AF-I0KEZ6-F1-model_v4_conserved	A0A0C5L398_conserved	9.827E-01	9.614E-01	9.614E-01	51.600	90	89	90
AF-I0KEZ6-F1-model_v4_conserved	Q8GPN1_conserved	9.827E-01	9.615E-01	9.615E-01	51.600	90	89	90
AF-I0KEZ6-F1-model_v4_conserved	AF-A0A191Z3S9-F1-model_v4_conserved	9.826E-01	9.613E-01	9.613E-01	50.500	90	89	90
AF-I0KEZ6-F1-model_v4_conserved	L7X1X1_conserved	9.862E-01	9.648E-01	9.544E-01	58.800	90	90	91
AF-I0KEZ6-F1-model_v4_conserved	Q8GPN2_conserved	9.808E-01	9.596E-01	9.596E-01	49.400	90	89	90
AF-I0KEZ6-F1-model_v4_conserved	Q704V1_conserved	9.847E-01	9.633E-01	9.530E-01	60.000	90	90	91
AF-I0KEZ6-F1-model_v4_conserved	AF-A0A6M4NN58-F1-model_v4_conserved	9.845E-01	9.631E-01	9.528E-01	58.800	90	90	91
AF-I0KEZ6-F1-model_v4_conserved	A0A0H3YDR5_conserved	9.805E-01	9.593E-01	9.593E-01	48.300	90	89	90
AF-I0KEZ6-F1-model_v4_conserved	Q8RMB8_conserved	9.806E-01	9.594E-01	9.594E-01	51.600	90	89	90
AF-I0KEZ6-F1-model_v4_conserved	AF-A0A7Y3W177-F1-model_v4_conserved	9.834E-01	9.621E-01	9.518E-01	48.800	90	90	91
AF-I0KEZ6-F1-model_v4_conserved	L0N4W6_conserved	9.832E-01	9.619E-01	9.516E-01	60.000	90	90	91
AF-I0KEZ6-F1-model_v4_conserved	SHD-1_conserved	9.831E-01	9.618E-01	9.515E-01	56.600	90	90	91
AF-I0KEZ6-F1-model_v4_conserved	K7SA42_conserved	9.830E-01	9.617E-01	9.514E-01	50.000	90	90	91
AF-I0KEZ6-F1-model_v4_conserved	AF-C5BSS3-F1-model_v4_conserved	9.821E-01	9.609E-01	9.506E-01	61.100	90	90	91
AF-I0KEZ6-F1-model_v4_conserved	A0A650AXL4_conserved	9.819E-01	9.606E-01	9.504E-01	57.700	90	90	91
AF-I0KEZ6-F1-model_v4_conserved	ALI-2_conserved	9.797E-01	9.585E-01	9.483E-01	48.800	90	90	91
AF-I0KEZ6-F1-model_v4_conserved	AF-A0A4Y8LBX5-F1-model_v4_conserved	9.787E-01	9.576E-01	9.474E-01	56.600	90	90	91
AF-I0KEZ6-F1-model_v4_conserved	AF-Q1DF71-F1-model_v4_conserved	9.790E-01	9.578E-01	9.476E-01	61.100	90	90	91
AF-I0KEZ6-F1-model_v4_conserved	P25910_conserved	9.786E-01	9.574E-01	9.472E-01	54.400	90	90	91
AF-I0KEZ6-F1-model_v4_conserved	ALI-1_conserved	9.785E-01	9.574E-01	9.472E-01	46.600	90	90	91
AF-I0KEZ6-F1-model_v4_conserved	AF-Q9RB01-F1-model_v4_conserved	9.749E-01	9.539E-01	9.539E-01	51.600	90	89	90
AF-I0KEZ6-F1-model_v4_conserved	STA-1_conserved	9.785E-01	9.574E-01	9.472E-01	55.500	90	90	91
AF-I0KEZ6-F1-model_v4_conserved	ORR-1_conserved	9.716E-01	9.506E-01	9.506E-01	48.800	90	90	90
AF-I0KEZ6-F1-model_v4_conserved	AF-A0A7U3MVS9-F1-model_v4_conserved	9.747E-01	9.538E-01	9.538E-01	46.000	90	89	90
AF-I0KEZ6-F1-model_v4_conserved	AF-A0A7T8ZCD9-F1-model_v4_conserved	9.712E-01	9.502E-01	9.502E-01	46.600	90	90	90
AF-I0KEZ6-F1-model_v4_conserved	AF-Q12JE6-F1-model_v4_conserved	9.778E-01	9.567E-01	9.465E-01	55.500	90	90	91
AF-I0KEZ6-F1-model_v4_conserved	A0A077EG89_conserved	9.744E-01	9.534E-01	9.534E-01	52.800	90	89	90
AF-I0KEZ6-F1-model_v4_conserved	AF-G0L217-F1-model_v4_conserved	9.708E-01	9.498E-01	9.498E-01	45.500	90	90	90
AF-I0KEZ6-F1-model_v4_conserved	A0A0N9HJI8_conserved	9.719E-01	9.510E-01	9.510E-01	48.300	90	89	90
AF-I0KEZ6-F1-model_v4_conserved	AF-A0A3G5BD68-F1-model_v4_conserved	9.756E-01	9.546E-01	9.445E-01	48.800	90	90	91
AF-I0KEZ6-F1-model_v4_conserved	Q9ETN2_conserved	9.719E-01	9.510E-01	9.510E-01	52.800	90	89	90
AF-I0KEZ6-F1-model_v4_conserved	Q08I33_conserved	9.719E-01	9.511E-01	9.511E-01	52.800	90	89	90
AF-I0KEZ6-F1-model_v4_conserved	A0A1Z3FWF5_conserved	9.753E-01	9.543E-01	9.441E-01	50.000	90	90	91
AF-I0KEZ6-F1-model_v4_conserved	A0A3G3C0Q6_conserved	9.752E-01	9.542E-01	9.441E-01	50.000	90	90	91
AF-I0KEZ6-F1-model_v4_conserved	A0A1P8C735_conserved	9.752E-01	9.542E-01	9.440E-01	51.100	90	90	91
AF-I0KEZ6-F1-model_v4_conserved	AF-A0A8E7DAJ6-F1-model_v6_conserved	9.751E-01	9.541E-01	9.440E-01	51.100	90	90	91
AF-I0KEZ6-F1-model_v4_conserved	AF-A0A6B7ELH8-F1-model_v4_conserved	9.689E-01	9.480E-01	9.480E-01	52.200	90	90	90
AF-I0KEZ6-F1-model_v4_conserved	BMHC-1_conserved	9.687E-01	9.478E-01	9.478E-01	48.800	90	90	90
AF-I0KEZ6-F1-model_v4_conserved	A0A1P8VH15_conserved	9.748E-01	9.539E-01	9.437E-01	50.000	90	90	91
AF-I0KEZ6-F1-model_v4_conserved	S5ZIP8_conserved	9.748E-01	9.539E-01	9.437E-01	50.000	90	90	91
AF-I0KEZ6-F1-model_v4_conserved	ECV-1_conserved	9.686E-01	9.477E-01	9.477E-01	45.500	90	90	90
AF-I0KEZ6-F1-model_v4_conserved	A0A0B5ECY2_conserved	9.746E-01	9.536E-01	9.435E-01	50.000	90	90	91
AF-I0KEZ6-F1-model_v4_conserved	A8R403_conserved	9.742E-01	9.532E-01	9.430E-01	55.500	90	90	91
AF-I0KEZ6-F1-model_v4_conserved	Q8GQK7_conserved	9.700E-01	9.492E-01	9.492E-01	48.300	90	89	90
AF-I0KEZ6-F1-model_v4_conserved	SPS-1_conserved	9.667E-01	9.461E-01	9.563E-01	48.300	90	89	89
AF-I0KEZ6-F1-model_v4_conserved	A0A161H7D8_conserved	9.735E-01	9.525E-01	9.424E-01	53.300	90	90	91
AF-I0KEZ6-F1-model_v4_conserved	E2GLP7_conserved	9.702E-01	9.494E-01	9.494E-01	53.900	90	89	90
AF-I0KEZ6-F1-model_v4_conserved	Q9EU43_conserved	9.699E-01	9.491E-01	9.491E-01	53.900	90	89	90
AF-I0KEZ6-F1-model_v4_conserved	Q8VT48_conserved	9.696E-01	9.489E-01	9.489E-01	53.900	90	89	90
AF-I0KEZ6-F1-model_v4_conserved	Q9F921_conserved	9.695E-01	9.487E-01	9.487E-01	55.000	90	89	90
AF-I0KEZ6-F1-model_v4_conserved	Q9X482_conserved	9.696E-01	9.488E-01	9.488E-01	52.800	90	89	90
AF-I0KEZ6-F1-model_v4_conserved	Q6JE29_conserved	9.695E-01	9.487E-01	9.487E-01	52.800	90	89	90
AF-I0KEZ6-F1-model_v4_conserved	AF-A0A0U3H0V9-F1-model_v4_conserved	9.612E-01	9.405E-01	9.508E-01	50.000	90	90	89
AF-I0KEZ6-F1-model_v4_conserved	D2K7P0_conserved	9.687E-01	9.479E-01	9.479E-01	52.800	90	89	90
AF-I0KEZ6-F1-model_v4_conserved	D2KCJ9_conserved	9.677E-01	9.470E-01	9.470E-01	51.600	90	89	90
AF-I0KEZ6-F1-model_v4_conserved	Q8G9Q0_conserved	9.651E-01	9.445E-01	9.445E-01	48.300	90	89	90
AF-I0KEZ6-F1-model_v4_conserved	A0A097J9I0_conserved	9.678E-01	9.471E-01	9.370E-01	53.300	90	90	91
AF-I0KEZ6-F1-model_v4_conserved	B0FWK3_conserved	9.675E-01	9.468E-01	9.368E-01	51.100	90	90	91
AF-I0KEZ6-F1-model_v4_conserved	F8UQX1_conserved	9.671E-01	9.464E-01	9.364E-01	53.300	90	90	91
AF-I0KEZ6-F1-model_v4_conserved	A0A0D5ZZW5_conserved	9.670E-01	9.463E-01	9.363E-01	53.300	90	90	91
AF-I0KEZ6-F1-model_v4_conserved	G4WB26_conserved	9.670E-01	9.463E-01	9.363E-01	52.200	90	90	91
AF-I0KEZ6-F1-model_v4_conserved	A0A0H4IUK3_conserved	9.668E-01	9.462E-01	9.361E-01	51.100	90	90	91
AF-I0KEZ6-F1-model_v4_conserved	Q8VLM7_conserved	9.668E-01	9.461E-01	9.361E-01	53.300	90	90	91
AF-I0KEZ6-F1-model_v4_conserved	Q9F6Z8_conserved	9.665E-01	9.458E-01	9.358E-01	52.200	90	90	91
AF-I0KEZ6-F1-model_v4_conserved	Q70E85_conserved	9.663E-01	9.457E-01	9.356E-01	52.200	90	90	91
AF-I0KEZ6-F1-model_v4_conserved	S5WLJ9_conserved	9.661E-01	9.454E-01	9.354E-01	50.000	90	90	91
AF-I0KEZ6-F1-model_v4_conserved	Q9AHY6_conserved	9.661E-01	9.455E-01	9.355E-01	52.200	90	90	91
AF-I0KEZ6-F1-model_v4_conserved	I7CP04_conserved	9.660E-01	9.454E-01	9.354E-01	50.000	90	90	91
AF-I0KEZ6-F1-model_v4_conserved	Q8GIW8_conserved	9.660E-01	9.454E-01	9.354E-01	52.200	90	90	91
AF-I0KEZ6-F1-model_v4_conserved	Q53CM3_conserved	9.660E-01	9.453E-01	9.353E-01	51.100	90	90	91
AF-I0KEZ6-F1-model_v4_conserved	B2ZTD9_conserved	9.658E-01	9.451E-01	9.351E-01	51.100	90	90	91
AF-I0KEZ6-F1-model_v4_conserved	A8QUY6_conserved	9.658E-01	9.451E-01	9.352E-01	52.200	90	90	91
AF-I0KEZ6-F1-model_v4_conserved	F5ANL2_conserved	9.658E-01	9.452E-01	9.352E-01	52.200	90	90	91
AF-I0KEZ6-F1-model_v4_conserved	Q1A2Z1_conserved	9.658E-01	9.452E-01	9.352E-01	52.200	90	90	91
AF-I0KEZ6-F1-model_v4_conserved	A0A0S2MTX2_conserved	9.656E-01	9.450E-01	9.350E-01	51.100	90	90	91
AF-I0KEZ6-F1-model_v4_conserved	Q79MP6_conserved	9.653E-01	9.447E-01	9.347E-01	52.200	90	90	91
AF-I0KEZ6-F1-model_v4_conserved	Q7WYA8_conserved	9.643E-01	9.438E-01	9.338E-01	51.100	90	90	91
AF-I0KEZ6-F1-model_v4_conserved	G9JKG5_conserved	9.638E-01	9.433E-01	9.333E-01	52.200	90	90	91
AF-I0KEZ6-F1-model_v4_conserved	AF-A0A1B2F003-F1-model_v4_conserved	9.618E-01	9.413E-01	9.314E-01	52.200	90	90	91
A0A077EG89_conserved	A0A077EG89_conserved	1.011E+00	1.000E+00	1.000E+00	100.000	90	90	90
A0A077EG89_conserved	AF-Q9RB01-F1-model_v4_conserved	1.009E+00	9.866E-01	9.866E-01	98.800	90	89	90
A0A077EG89_conserved	A0A0C5L398_conserved	9.977E-01	9.758E-01	9.758E-01	80.800	90	89	90
A0A077EG89_conserved	AF-A0A191Z3S9-F1-model_v4_conserved	9.953E-01	9.736E-01	9.736E-01	59.500	90	89	90
A0A077EG89_conserved	AF-A0A844TY23-F1-model_v4_conserved	9.952E-01	9.734E-01	9.734E-01	61.700	90	89	90
A0A077EG89_conserved	Q8GPN1_conserved	9.949E-01	9.731E-01	9.731E-01	59.500	90	89	90
A0A077EG89_conserved	Q8GPN2_conserved	9.924E-01	9.708E-01	9.708E-01	59.500	90	89	90
A0A077EG89_conserved	A0A0H3YDR5_conserved	9.922E-01	9.705E-01	9.705E-01	58.400	90	89	90
A0A077EG89_conserved	Q8RMB8_conserved	9.912E-01	9.696E-01	9.696E-01	65.100	90	89	90
A0A077EG89_conserved	Q8VT48_conserved	9.857E-01	9.643E-01	9.643E-01	66.200	90	89	90
A0A077EG89_conserved	E2GLP7_conserved	9.857E-01	9.642E-01	9.642E-01	69.600	90	89	90
A0A077EG89_conserved	Q9EU43_conserved	9.855E-01	9.640E-01	9.640E-01	69.600	90	89	90
A0A077EG89_conserved	Q9X482_conserved	9.855E-01	9.640E-01	9.640E-01	67.400	90	89	90
A0A077EG89_conserved	Q6JE29_conserved	9.854E-01	9.640E-01	9.640E-01	68.500	90	89	90
A0A077EG89_conserved	D2K7P0_conserved	9.854E-01	9.639E-01	9.639E-01	69.600	90	89	90
A0A077EG89_conserved	Q9ETN2_conserved	9.852E-01	9.638E-01	9.638E-01	68.500	90	89	90
A0A077EG89_conserved	Q08I33_conserved	9.852E-01	9.637E-01	9.637E-01	68.500	90	89	90
A0A077EG89_conserved	Q9F921_conserved	9.839E-01	9.625E-01	9.625E-01	67.400	90	89	90
A0A077EG89_conserved	A0A2R4PHC7_conserved	9.849E-01	9.635E-01	9.635E-01	62.900	90	89	90
A0A077EG89_conserved	D2KCJ9_conserved	9.823E-01	9.610E-01	9.610E-01	66.200	90	89	90
A0A077EG89_conserved	A0A0N9HJI8_conserved	9.803E-01	9.591E-01	9.591E-01	64.000	90	89	90
A0A077EG89_conserved	Q8GQK7_conserved	9.798E-01	9.585E-01	9.585E-01	64.000	90	89	90
A0A077EG89_conserved	Q53BU1_conserved	9.770E-01	9.560E-01	9.560E-01	58.800	90	90	90
A0A077EG89_conserved	Q53BU0_conserved	9.750E-01	9.540E-01	9.540E-01	55.500	90	90	90
A0A077EG89_conserved	AF-I0KEZ6-F1-model_v4_conserved	9.744E-01	9.534E-01	9.534E-01	52.800	90	89	90
A0A077EG89_conserved	Q840P9_conserved	9.737E-01	9.528E-01	9.528E-01	44.900	90	89	90
A0A077EG89_conserved	E5G503_conserved	9.730E-01	9.522E-01	9.522E-01	44.900	90	89	90
A0A077EG89_conserved	Q3YBY0_conserved	9.730E-01	9.521E-01	9.521E-01	44.900	90	89	90
A0A077EG89_conserved	Q9XAY4_conserved	9.729E-01	9.520E-01	9.520E-01	44.900	90	89	90
A0A077EG89_conserved	Q8GKX2_conserved	9.728E-01	9.519E-01	9.519E-01	44.900	90	89	90
A0A077EG89_conserved	Q2HY42_conserved	9.727E-01	9.518E-01	9.518E-01	44.900	90	89	90
A0A077EG89_conserved	I3RJZ3_conserved	9.721E-01	9.513E-01	9.513E-01	46.000	90	89	90
A0A077EG89_conserved	B4YAJ7_conserved	9.718E-01	9.509E-01	9.509E-01	46.000	90	89	90
A0A077EG89_conserved	Q9F629_conserved	9.714E-01	9.506E-01	9.506E-01	46.000	90	89	90
A0A077EG89_conserved	A7WPA3_conserved	9.711E-01	9.503E-01	9.503E-01	46.000	90	89	90
A0A077EG89_conserved	AF-A0A6M4NN58-F1-model_v4_conserved	9.725E-01	9.516E-01	9.415E-01	53.300	90	90	91
A0A077EG89_conserved	AF-A0A1L6K5Y5-F1-model_v4_conserved	9.679E-01	9.472E-01	9.472E-01	48.300	90	89	90
A0A077EG89_conserved	AF-A0A1L6K5Z3-F1-model_v4_conserved	9.674E-01	9.468E-01	9.468E-01	53.900	90	89	90
A0A077EG89_conserved	Q6SPY5_conserved	9.667E-01	9.460E-01	9.460E-01	55.000	90	89	90
A0A077EG89_conserved	P14488_conserved	9.658E-01	9.452E-01	9.452E-01	55.000	90	89	90
A0A077EG89_conserved	A0A650AXL4_conserved	9.687E-01	9.480E-01	9.380E-01	51.100	90	90	91
A0A077EG89_conserved	AF-A0A7U3MVS9-F1-model_v4_conserved	9.649E-01	9.444E-01	9.444E-01	48.300	90	89	90
A0A077EG89_conserved	AF-A0A7Y3W177-F1-model_v4_conserved	9.674E-01	9.467E-01	9.367E-01	50.000	90	90	91
A0A077EG89_conserved	SHD-1_conserved	9.658E-01	9.452E-01	9.353E-01	53.300	90	90	91
A0A077EG89_conserved	Q704V1_conserved	9.659E-01	9.453E-01	9.353E-01	53.300	90	90	91
A0A077EG89_conserved	ANA-1_conserved	9.655E-01	9.449E-01	9.349E-01	50.000	90	90	91
A0A077EG89_conserved	AF-A0A4Y8LBX5-F1-model_v4_conserved	9.654E-01	9.448E-01	9.349E-01	56.600	90	90	91
A0A077EG89_conserved	AF-C5BSS3-F1-model_v4_conserved	9.651E-01	9.445E-01	9.345E-01	54.400	90	90	91
A0A077EG89_conserved	P25910_conserved	9.649E-01	9.444E-01	9.344E-01	44.400	90	90	91
A0A077EG89_conserved	L7X1X1_conserved	9.638E-01	9.433E-01	9.334E-01	53.300	90	90	91
A0A077EG89_conserved	L0N4W6_conserved	9.616E-01	9.412E-01	9.313E-01	55.500	90	90	91
A0A077EG89_conserved	Q8G9Q0_conserved	9.567E-01	9.364E-01	9.364E-01	49.400	90	89	90
A0A077EG89_conserved	STA-1_conserved	9.593E-01	9.389E-01	9.291E-01	46.600	90	90	91
A0A077EG89_conserved	A0A161H7D8_conserved	9.574E-01	9.371E-01	9.272E-01	48.800	90	90	91
A0A077EG89_conserved	ALI-1_conserved	9.582E-01	9.379E-01	9.280E-01	48.800	90	90	91
A0A077EG89_conserved	AF-Q12JE6-F1-model_v4_conserved	9.570E-01	9.367E-01	9.269E-01	51.100	90	90	91
A0A077EG89_conserved	SPS-1_conserved	9.509E-01	9.309E-01	9.408E-01	39.300	90	89	89
A0A077EG89_conserved	K7SA42_conserved	9.575E-01	9.372E-01	9.274E-01	37.700	90	90	91
A0A077EG89_conserved	A8R403_conserved	9.561E-01	9.359E-01	9.261E-01	53.300	90	90	91
A0A077EG89_conserved	ALI-2_conserved	9.556E-01	9.354E-01	9.256E-01	50.000	90	90	91
A0A077EG89_conserved	ORR-1_conserved	9.464E-01	9.264E-01	9.264E-01	45.500	90	90	90
A0A077EG89_conserved	ECV-1_conserved	9.463E-01	9.263E-01	9.263E-01	46.600	90	90	90
A0A077EG89_conserved	A0A3G3C0Q6_conserved	9.516E-01	9.316E-01	9.219E-01	42.200	90	90	91
A0A077EG89_conserved	A0A097J9I0_conserved	9.503E-01	9.302E-01	9.205E-01	48.800	90	90	91
A0A077EG89_conserved	A0A1Z3FWF5_conserved	9.513E-01	9.313E-01	9.216E-01	42.200	90	90	91
A0A077EG89_conserved	A0A1P8VH15_conserved	9.511E-01	9.311E-01	9.214E-01	42.200	90	90	91
A0A077EG89_conserved	AF-A0A8E7DAJ6-F1-model_v6_conserved	9.510E-01	9.310E-01	9.213E-01	41.100	90	90	91
A0A077EG89_conserved	S5ZIP8_conserved	9.509E-01	9.309E-01	9.212E-01	42.200	90	90	91
A0A077EG89_conserved	A0A1P8C735_conserved	9.508E-01	9.308E-01	9.212E-01	41.100	90	90	91
A0A077EG89_conserved	A0A0B5ECY2_conserved	9.508E-01	9.308E-01	9.211E-01	42.200	90	90	91
A0A077EG89_conserved	AF-A0A7T8ZCD9-F1-model_v4_conserved	9.435E-01	9.236E-01	9.236E-01	44.400	90	90	90
A0A077EG89_conserved	AF-A0A3G5BD68-F1-model_v4_conserved	9.505E-01	9.305E-01	9.208E-01	38.800	90	90	91
A0A077EG89_conserved	A0A0H4IUK3_conserved	9.489E-01	9.289E-01	9.192E-01	47.700	90	90	91
A0A077EG89_conserved	AF-G0L217-F1-model_v4_conserved	9.436E-01	9.237E-01	9.237E-01	42.200	90	90	90
A0A077EG89_conserved	AF-Q1DF71-F1-model_v4_conserved	9.495E-01	9.295E-01	9.198E-01	44.400	90	90	91
A0A077EG89_conserved	B0FWK3_conserved	9.482E-01	9.283E-01	9.186E-01	48.800	90	90	91
A0A077EG89_conserved	B2ZTD9_conserved	9.482E-01	9.282E-01	9.186E-01	47.700	90	90	91
A0A077EG89_conserved	AF-A0A6B7ELH8-F1-model_v4_conserved	9.430E-01	9.231E-01	9.231E-01	46.600	90	90	90
A0A077EG89_conserved	S5WLJ9_conserved	9.478E-01	9.278E-01	9.182E-01	51.100	90	90	91
A0A077EG89_conserved	Q9F6Z8_conserved	9.480E-01	9.281E-01	9.184E-01	48.800	90	90	91
A0A077EG89_conserved	A0A0D5ZZW5_conserved	9.478E-01	9.279E-01	9.182E-01	50.000	90	90	91
A0A077EG89_conserved	I7CP04_conserved	9.475E-01	9.276E-01	9.179E-01	51.100	90	90	91
A0A077EG89_conserved	Q70E85_conserved	9.477E-01	9.277E-01	9.181E-01	47.700	90	90	91
A0A077EG89_conserved	G4WB26_conserved	9.477E-01	9.277E-01	9.181E-01	48.800	90	90	91
A0A077EG89_conserved	Q8GIW8_conserved	9.471E-01	9.272E-01	9.175E-01	47.700	90	90	91
A0A077EG89_conserved	Q8VLM7_conserved	9.471E-01	9.272E-01	9.176E-01	47.700	90	90	91
A0A077EG89_conserved	F5ANL2_conserved	9.468E-01	9.269E-01	9.173E-01	48.800	90	90	91
A0A077EG89_conserved	Q1A2Z1_conserved	9.470E-01	9.271E-01	9.175E-01	47.700	90	90	91
A0A077EG89_conserved	A0A0S2MTX2_conserved	9.468E-01	9.269E-01	9.172E-01	47.700	90	90	91
A0A077EG89_conserved	Q53CM3_conserved	9.469E-01	9.270E-01	9.173E-01	48.800	90	90	91
A0A077EG89_conserved	A8QUY6_conserved	9.467E-01	9.268E-01	9.172E-01	47.700	90	90	91
A0A077EG89_conserved	Q9AHY6_conserved	9.467E-01	9.268E-01	9.171E-01	48.800	90	90	91
A0A077EG89_conserved	AF-A0A1B2F003-F1-model_v4_conserved	9.464E-01	9.265E-01	9.169E-01	47.700	90	90	91
A0A077EG89_conserved	Q79MP6_conserved	9.462E-01	9.263E-01	9.167E-01	48.800	90	90	91
A0A077EG89_conserved	F8UQX1_conserved	9.463E-01	9.265E-01	9.168E-01	46.600	90	90	91
A0A077EG89_conserved	AF-A0A0U3H0V9-F1-model_v4_conserved	9.354E-01	9.157E-01	9.255E-01	47.700	90	90	89
A0A077EG89_conserved	Q7WYA8_conserved	9.454E-01	9.256E-01	9.160E-01	48.800	90	90	91
A0A077EG89_conserved	BMHC-1_conserved	9.403E-01	9.205E-01	9.205E-01	45.500	90	90	90
A0A077EG89_conserved	G9JKG5_conserved	9.446E-01	9.248E-01	9.152E-01	47.700	90	90	91
A0A0C5L398_conserved	A0A0C5L398_conserved	1.011E+00	1.000E+00	1.000E+00	100.000	90	90	90
A0A0C5L398_conserved	AF-Q9RB01-F1-model_v4_conserved	9.981E-01	9.762E-01	9.762E-01	79.700	90	89	90
A0A0C5L398_conserved	Q8RMB8_conserved	9.981E-01	9.762E-01	9.762E-01	67.400	90	89	90
A0A0C5L398_conserved	A0A077EG89_conserved	9.977E-01	9.758E-01	9.758E-01	80.800	90	89	90
A0A0C5L398_conserved	AF-A0A844TY23-F1-model_v4_conserved	9.968E-01	9.749E-01	9.749E-01	61.700	90	89	90
A0A0C5L398_conserved	Q8GPN1_conserved	9.963E-01	9.744E-01	9.744E-01	60.600	90	89	90
A0A0C5L398_conserved	AF-A0A191Z3S9-F1-model_v4_conserved	9.951E-01	9.733E-01	9.733E-01	60.600	90	89	90
A0A0C5L398_conserved	A0A0H3YDR5_conserved	9.950E-01	9.732E-01	9.732E-01	59.500	90	89	90
A0A0C5L398_conserved	Q53BU1_conserved	9.953E-01	9.735E-01	9.735E-01	61.100	90	90	90
A0A0C5L398_conserved	Q8GPN2_conserved	9.948E-01	9.730E-01	9.730E-01	60.600	90	89	90
A0A0C5L398_conserved	Q53BU0_conserved	9.939E-01	9.722E-01	9.722E-01	57.700	90	90	90
A0A0C5L398_conserved	A0A2R4PHC7_conserved	9.923E-01	9.707E-01	9.707E-01	60.600	90	89	90
A0A0C5L398_conserved	AF-A0A6M4NN58-F1-model_v4_conserved	9.911E-01	9.695E-01	9.591E-01	51.100	90	90	91
A0A0C5L398_conserved	AF-A0A1L6K5Z3-F1-model_v4_conserved	9.872E-01	9.658E-01	9.658E-01	53.900	90	89	90
A0A0C5L398_conserved	Q9ETN2_conserved	9.855E-01	9.640E-01	9.640E-01	68.500	90	89	90
A0A0C5L398_conserved	Q08I33_conserved	9.849E-01	9.635E-01	9.635E-01	68.500	90	89	90
A0A0C5L398_conserved	Q8VT48_conserved	9.847E-01	9.633E-01	9.633E-01	66.200	90	89	90
A0A0C5L398_conserved	D2K7P0_conserved	9.841E-01	9.627E-01	9.627E-01	69.600	90	89	90
A0A0C5L398_conserved	E2GLP7_conserved	9.838E-01	9.624E-01	9.624E-01	69.600	90	89	90
A0A0C5L398_conserved	Q9EU43_conserved	9.835E-01	9.621E-01	9.621E-01	69.600	90	89	90
A0A0C5L398_conserved	A0A0N9HJI8_conserved	9.830E-01	9.616E-01	9.616E-01	64.000	90	89	90
A0A0C5L398_conserved	AF-A0A1L6K5Y5-F1-model_v4_conserved	9.845E-01	9.632E-01	9.632E-01	52.800	90	89	90
A0A0C5L398_conserved	Q9F921_conserved	9.830E-01	9.617E-01	9.617E-01	67.400	90	89	90
A0A0C5L398_conserved	Q6JE29_conserved	9.830E-01	9.616E-01	9.616E-01	68.500	90	89	90
A0A0C5L398_conserved	Q9X482_conserved	9.830E-01	9.616E-01	9.616E-01	67.400	90	89	90
A0A0C5L398_conserved	Q704V1_conserved	9.880E-01	9.665E-01	9.561E-01	52.200	90	90	91
A0A0C5L398_conserved	A0A650AXL4_conserved	9.879E-01	9.664E-01	9.560E-01	50.000	90	90	91
A0A0C5L398_conserved	AF-A0A7Y3W177-F1-model_v4_conserved	9.874E-01	9.660E-01	9.556E-01	51.100	90	90	91
A0A0C5L398_conserved	AF-C5BSS3-F1-model_v4_conserved	9.871E-01	9.657E-01	9.553E-01	54.400	90	90	91
A0A0C5L398_conserved	SHD-1_conserved	9.870E-01	9.656E-01	9.552E-01	52.200	90	90	91
A0A0C5L398_conserved	AF-I0KEZ6-F1-model_v4_conserved	9.827E-01	9.614E-01	9.614E-01	51.600	90	89	90
A0A0C5L398_conserved	Q8GQK7_conserved	9.807E-01	9.594E-01	9.594E-01	64.000	90	89	90
A0A0C5L398_conserved	L7X1X1_conserved	9.861E-01	9.647E-01	9.543E-01	53.300	90	90	91
A0A0C5L398_conserved	D2KCJ9_conserved	9.796E-01	9.583E-01	9.583E-01	66.200	90	89	90
A0A0C5L398_conserved	L0N4W6_conserved	9.850E-01	9.636E-01	9.533E-01	54.400	90	90	91
A0A0C5L398_conserved	Q6SPY5_conserved	9.802E-01	9.590E-01	9.590E-01	52.800	90	89	90
A0A0C5L398_conserved	Q840P9_conserved	9.801E-01	9.589E-01	9.589E-01	43.800	90	89	90
A0A0C5L398_conserved	P14488_conserved	9.795E-01	9.584E-01	9.584E-01	52.800	90	89	90
A0A0C5L398_conserved	Q8GKX2_conserved	9.791E-01	9.580E-01	9.580E-01	44.900	90	89	90
A0A0C5L398_conserved	Q9XAY4_conserved	9.790E-01	9.579E-01	9.579E-01	44.900	90	89	90
A0A0C5L398_conserved	Q3YBY0_conserved	9.789E-01	9.578E-01	9.578E-01	44.900	90	89	90
A0A0C5L398_conserved	Q2HY42_conserved	9.788E-01	9.577E-01	9.577E-01	43.800	90	89	90
A0A0C5L398_conserved	E5G503_conserved	9.787E-01	9.576E-01	9.576E-01	44.900	90	89	90
A0A0C5L398_conserved	ANA-1_conserved	9.822E-01	9.610E-01	9.507E-01	52.200	90	90	91
A0A0C5L398_conserved	I3RJZ3_conserved	9.779E-01	9.569E-01	9.569E-01	46.000	90	89	90
A0A0C5L398_conserved	B4YAJ7_conserved	9.777E-01	9.567E-01	9.567E-01	46.000	90	89	90
A0A0C5L398_conserved	Q9F629_conserved	9.770E-01	9.559E-01	9.559E-01	46.000	90	89	90
A0A0C5L398_conserved	A7WPA3_conserved	9.767E-01	9.557E-01	9.557E-01	46.000	90	89	90
A0A0C5L398_conserved	AF-A0A4Y8LBX5-F1-model_v4_conserved	9.800E-01	9.588E-01	9.486E-01	56.600	90	90	91
A0A0C5L398_conserved	AF-Q12JE6-F1-model_v4_conserved	9.799E-01	9.587E-01	9.485E-01	51.100	90	90	91
A0A0C5L398_conserved	P25910_conserved	9.792E-01	9.581E-01	9.478E-01	46.600	90	90	91
A0A0C5L398_conserved	A0A161H7D8_conserved	9.780E-01	9.569E-01	9.467E-01	48.800	90	90	91
A0A0C5L398_conserved	ALI-1_conserved	9.786E-01	9.575E-01	9.473E-01	47.700	90	90	91
A0A0C5L398_conserved	A8R403_conserved	9.775E-01	9.564E-01	9.462E-01	53.300	90	90	91
A0A0C5L398_conserved	K7SA42_conserved	9.774E-01	9.563E-01	9.461E-01	41.100	90	90	91
A0A0C5L398_conserved	STA-1_conserved	9.769E-01	9.558E-01	9.457E-01	52.200	90	90	91
A0A0C5L398_conserved	ALI-2_conserved	9.769E-01	9.558E-01	9.457E-01	50.000	90	90	91
A0A0C5L398_conserved	AF-A0A7U3MVS9-F1-model_v4_conserved	9.734E-01	9.526E-01	9.526E-01	49.400	90	89	90
A0A0C5L398_conserved	ECV-1_conserved	9.677E-01	9.469E-01	9.469E-01	47.700	90	90	90
A0A0C5L398_conserved	SPS-1_conserved	9.665E-01	9.459E-01	9.561E-01	41.500	90	89	89
A0A0C5L398_conserved	A0A097J9I0_conserved	9.726E-01	9.517E-01	9.416E-01	48.800	90	90	91
A0A0C5L398_conserved	ORR-1_conserved	9.662E-01	9.454E-01	9.454E-01	45.500	90	90	90
A0A0C5L398_conserved	AF-G0L217-F1-model_v4_conserved	9.663E-01	9.455E-01	9.455E-01	43.300	90	90	90
A0A0C5L398_conserved	A0A0H4IUK3_conserved	9.717E-01	9.509E-01	9.408E-01	47.700	90	90	91
A0A0C5L398_conserved	B2ZTD9_conserved	9.716E-01	9.508E-01	9.407E-01	48.800	90	90	91
A0A0C5L398_conserved	AF-A0A7T8ZCD9-F1-model_v4_conserved	9.655E-01	9.447E-01	9.447E-01	45.500	90	90	90
A0A0C5L398_conserved	Q8G9Q0_conserved	9.685E-01	9.478E-01	9.478E-01	49.400	90	89	90
A0A0C5L398_conserved	Q9F6Z8_conserved	9.714E-01	9.506E-01	9.405E-01	48.800	90	90	91
A0A0C5L398_conserved	Q70E85_conserved	9.714E-01	9.506E-01	9.405E-01	47.700	90	90	91
A0A0C5L398_conserved	S5WLJ9_conserved	9.712E-01	9.504E-01	9.403E-01	51.100	90	90	91
A0A0C5L398_conserved	B0FWK3_conserved	9.712E-01	9.504E-01	9.403E-01	48.800	90	90	91
A0A0C5L398_conserved	A0A0D5ZZW5_conserved	9.712E-01	9.503E-01	9.402E-01	50.000	90	90	91
A0A0C5L398_conserved	I7CP04_conserved	9.711E-01	9.503E-01	9.402E-01	51.100	90	90	91
A0A0C5L398_conserved	G4WB26_conserved	9.711E-01	9.502E-01	9.402E-01	48.800	90	90	91
A0A0C5L398_conserved	F8UQX1_conserved	9.710E-01	9.502E-01	9.401E-01	46.600	90	90	91
A0A0C5L398_conserved	Q8VLM7_conserved	9.708E-01	9.500E-01	9.399E-01	47.700	90	90	91
A0A0C5L398_conserved	Q8GIW8_conserved	9.705E-01	9.497E-01	9.396E-01	47.700	90	90	91
A0A0C5L398_conserved	AF-A0A6B7ELH8-F1-model_v4_conserved	9.646E-01	9.438E-01	9.438E-01	46.600	90	90	90
A0A0C5L398_conserved	A0A3G3C0Q6_conserved	9.711E-01	9.503E-01	9.402E-01	44.400	90	90	91
A0A0C5L398_conserved	Q1A2Z1_conserved	9.704E-01	9.496E-01	9.395E-01	47.700	90	90	91
A0A0C5L398_conserved	AF-Q1DF71-F1-model_v4_conserved	9.708E-01	9.500E-01	9.399E-01	47.700	90	90	91
A0A0C5L398_conserved	Q53CM3_conserved	9.703E-01	9.495E-01	9.394E-01	48.800	90	90	91
A0A0C5L398_conserved	A8QUY6_conserved	9.701E-01	9.494E-01	9.393E-01	47.700	90	90	91
A0A0C5L398_conserved	A0A1Z3FWF5_conserved	9.708E-01	9.500E-01	9.400E-01	44.400	90	90	91
A0A0C5L398_conserved	Q9AHY6_conserved	9.701E-01	9.493E-01	9.393E-01	48.800	90	90	91
A0A0C5L398_conserved	F5ANL2_conserved	9.700E-01	9.492E-01	9.391E-01	48.800	90	90	91
A0A0C5L398_conserved	AF-A0A8E7DAJ6-F1-model_v6_conserved	9.705E-01	9.498E-01	9.397E-01	43.300	90	90	91
A0A0C5L398_conserved	A0A0S2MTX2_conserved	9.699E-01	9.491E-01	9.390E-01	47.700	90	90	91
A0A0C5L398_conserved	A0A1P8VH15_conserved	9.705E-01	9.497E-01	9.396E-01	44.400	90	90	91
A0A0C5L398_conserved	AF-A0A3G5BD68-F1-model_v4_conserved	9.705E-01	9.497E-01	9.396E-01	42.200	90	90	91
A0A0C5L398_conserved	S5ZIP8_conserved	9.704E-01	9.496E-01	9.396E-01	44.400	90	90	91
A0A0C5L398_conserved	A0A1P8C735_conserved	9.704E-01	9.496E-01	9.396E-01	43.300	90	90	91
A0A0C5L398_conserved	Q79MP6_conserved	9.697E-01	9.489E-01	9.388E-01	48.800	90	90	91
A0A0C5L398_conserved	A0A0B5ECY2_conserved	9.703E-01	9.495E-01	9.394E-01	44.400	90	90	91
A0A0C5L398_conserved	Q7WYA8_conserved	9.695E-01	9.488E-01	9.387E-01	48.800	90	90	91
A0A0C5L398_conserved	AF-A0A1B2F003-F1-model_v4_conserved	9.687E-01	9.480E-01	9.379E-01	48.800	90	90	91
A0A0C5L398_conserved	G9JKG5_conserved	9.686E-01	9.479E-01	9.378E-01	47.700	90	90	91
A0A0C5L398_conserved	BMHC-1_conserved	9.627E-01	9.421E-01	9.421E-01	46.600	90	90	90
A0A0C5L398_conserved	AF-A0A0U3H0V9-F1-model_v4_conserved	9.566E-01	9.361E-01	9.463E-01	50.000	90	90	89
A0A0H3YDR5_conserved	A0A0H3YDR5_conserved	1.011E+00	1.000E+00	1.000E+00	100.000	90	90	90
A0A0H3YDR5_conserved	Q8GPN2_conserved	1.004E+00	9.931E-01	9.931E-01	98.800	90	90	90
A0A0H3YDR5_conserved	AF-A0A844TY23-F1-model_v4_conserved	1.010E+00	9.873E-01	9.873E-01	89.800	90	89	90
A0A0H3YDR5_conserved	Q8GPN1_conserved	1.010E+00	9.872E-01	9.872E-01	94.300	90	89	90
A0A0H3YDR5_conserved	AF-A0A191Z3S9-F1-model_v4_conserved	1.008E+00	9.858E-01	9.858E-01	88.700	90	89	90
A0A0H3YDR5_conserved	Q8RMB8_conserved	9.888E-01	9.780E-01	9.780E-01	55.500	90	90	90
A0A0H3YDR5_conserved	A0A2R4PHC7_conserved	9.960E-01	9.742E-01	9.742E-01	64.000	90	89	90
A0A0H3YDR5_conserved	A0A0C5L398_conserved	9.950E-01	9.732E-01	9.732E-01	59.500	90	89	90
A0A0H3YDR5_conserved	AF-Q9RB01-F1-model_v4_conserved	9.930E-01	9.713E-01	9.713E-01	58.400	90	89	90
A0A0H3YDR5_conserved	A0A077EG89_conserved	9.922E-01	9.705E-01	9.705E-01	58.400	90	89	90
A0A0H3YDR5_conserved	Q9ETN2_conserved	9.866E-01	9.651E-01	9.651E-01	64.000	90	89	90
A0A0H3YDR5_conserved	A0A0N9HJI8_conserved	9.858E-01	9.644E-01	9.644E-01	62.900	90	89	90
A0A0H3YDR5_conserved	Q53BU0_conserved	9.858E-01	9.643E-01	9.643E-01	55.500	90	90	90
A0A0H3YDR5_conserved	Q8VT48_conserved	9.856E-01	9.642E-01	9.642E-01	65.100	90	89	90
A0A0H3YDR5_conserved	Q08I33_conserved	9.855E-01	9.641E-01	9.641E-01	68.500	90	89	90
A0A0H3YDR5_conserved	D2K7P0_conserved	9.848E-01	9.634E-01	9.634E-01	66.200	90	89	90
A0A0H3YDR5_conserved	Q9EU43_conserved	9.847E-01	9.634E-01	9.634E-01	67.400	90	89	90
A0A0H3YDR5_conserved	E2GLP7_conserved	9.847E-01	9.633E-01	9.633E-01	67.400	90	89	90
A0A0H3YDR5_conserved	Q9X482_conserved	9.847E-01	9.633E-01	9.633E-01	69.600	90	89	90
A0A0H3YDR5_conserved	Q8GQK7_conserved	9.840E-01	9.626E-01	9.626E-01	62.900	90	89	90
A0A0H3YDR5_conserved	Q6JE29_conserved	9.842E-01	9.629E-01	9.629E-01	68.500	90	89	90
A0A0H3YDR5_conserved	Q53BU1_conserved	9.840E-01	9.626E-01	9.626E-01	56.600	90	90	90
A0A0H3YDR5_conserved	Q9F921_conserved	9.827E-01	9.614E-01	9.614E-01	65.100	90	89	90
A0A0H3YDR5_conserved	D2KCJ9_conserved	9.797E-01	9.585E-01	9.585E-01	67.400	90	89	90
A0A0H3YDR5_conserved	AF-I0KEZ6-F1-model_v4_conserved	9.805E-01	9.593E-01	9.593E-01	48.300	90	89	90
A0A0H3YDR5_conserved	AF-A0A6M4NN58-F1-model_v4_conserved	9.830E-01	9.617E-01	9.514E-01	53.300	90	90	91
A0A0H3YDR5_conserved	AF-A0A1L6K5Y5-F1-model_v4_conserved	9.784E-01	9.572E-01	9.572E-01	55.000	90	89	90
A0A0H3YDR5_conserved	P25910_conserved	9.807E-01	9.595E-01	9.492E-01	56.600	90	90	91
A0A0H3YDR5_conserved	A0A650AXL4_conserved	9.798E-01	9.586E-01	9.484E-01	50.000	90	90	91
A0A0H3YDR5_conserved	Q6SPY5_conserved	9.746E-01	9.536E-01	9.536E-01	48.300	90	89	90
A0A0H3YDR5_conserved	AF-A0A1L6K5Z3-F1-model_v4_conserved	9.748E-01	9.538E-01	9.538E-01	53.900	90	89	90
A0A0H3YDR5_conserved	AF-A0A4Y8LBX5-F1-model_v4_conserved	9.780E-01	9.569E-01	9.467E-01	53.300	90	90	91
A0A0H3YDR5_conserved	P14488_conserved	9.737E-01	9.528E-01	9.528E-01	48.300	90	89	90
A0A0H3YDR5_conserved	SHD-1_conserved	9.774E-01	9.563E-01	9.461E-01	47.700	90	90	91
A0A0H3YDR5_conserved	Q704V1_conserved	9.774E-01	9.563E-01	9.461E-01	48.800	90	90	91
A0A0H3YDR5_conserved	AF-C5BSS3-F1-model_v4_conserved	9.766E-01	9.555E-01	9.453E-01	50.000	90	90	91
A0A0H3YDR5_conserved	AF-A0A7Y3W177-F1-model_v4_conserved	9.756E-01	9.546E-01	9.444E-01	53.300	90	90	91
A0A0H3YDR5_conserved	L7X1X1_conserved	9.751E-01	9.541E-01	9.440E-01	50.000	90	90	91
A0A0H3YDR5_conserved	L0N4W6_conserved	9.746E-01	9.536E-01	9.435E-01	50.000	90	90	91
A0A0H3YDR5_conserved	ANA-1_conserved	9.745E-01	9.535E-01	9.434E-01	45.500	90	90	91
A0A0H3YDR5_conserved	ALI-1_conserved	9.743E-01	9.534E-01	9.432E-01	52.200	90	90	91
A0A0H3YDR5_conserved	SPS-1_conserved	9.658E-01	9.452E-01	9.553E-01	47.100	90	89	89
A0A0H3YDR5_conserved	ALI-2_conserved	9.717E-01	9.509E-01	9.408E-01	56.600	90	90	91
A0A0H3YDR5_conserved	AF-Q12JE6-F1-model_v4_conserved	9.691E-01	9.483E-01	9.383E-01	56.600	90	90	91
A0A0H3YDR5_conserved	Q840P9_conserved	9.638E-01	9.433E-01	9.433E-01	53.900	90	89	90
A0A0H3YDR5_conserved	A8R403_conserved	9.661E-01	9.454E-01	9.354E-01	56.600	90	90	91
A0A0H3YDR5_conserved	A0A161H7D8_conserved	9.656E-01	9.449E-01	9.349E-01	50.000	90	90	91
A0A0H3YDR5_conserved	AF-G0L217-F1-model_v4_conserved	9.600E-01	9.394E-01	9.394E-01	45.500	90	90	90
A0A0H3YDR5_conserved	STA-1_conserved	9.660E-01	9.454E-01	9.354E-01	46.600	90	90	91
A0A0H3YDR5_conserved	Q3YBY0_conserved	9.611E-01	9.407E-01	9.407E-01	49.400	90	89	90
A0A0H3YDR5_conserved	Q8GKX2_conserved	9.610E-01	9.406E-01	9.406E-01	49.400	90	89	90
A0A0H3YDR5_conserved	E5G503_conserved	9.611E-01	9.406E-01	9.406E-01	49.400	90	89	90
A0A0H3YDR5_conserved	Q2HY42_conserved	9.608E-01	9.404E-01	9.404E-01	49.400	90	89	90
A0A0H3YDR5_conserved	AF-A0A7U3MVS9-F1-model_v4_conserved	9.613E-01	9.409E-01	9.409E-01	49.400	90	89	90
A0A0H3YDR5_conserved	Q9XAY4_conserved	9.608E-01	9.404E-01	9.404E-01	49.400	90	89	90
A0A0H3YDR5_conserved	K7SA42_conserved	9.643E-01	9.438E-01	9.338E-01	46.600	90	90	91
A0A0H3YDR5_conserved	I3RJZ3_conserved	9.606E-01	9.402E-01	9.402E-01	50.500	90	89	90
A0A0H3YDR5_conserved	B4YAJ7_conserved	9.604E-01	9.400E-01	9.400E-01	50.500	90	89	90
A0A0H3YDR5_conserved	AF-Q1DF71-F1-model_v4_conserved	9.632E-01	9.427E-01	9.327E-01	46.600	90	90	91
A0A0H3YDR5_conserved	A7WPA3_conserved	9.597E-01	9.393E-01	9.393E-01	50.500	90	89	90
A0A0H3YDR5_conserved	Q9F629_conserved	9.597E-01	9.393E-01	9.393E-01	50.500	90	89	90
A0A0H3YDR5_conserved	A0A097J9I0_conserved	9.620E-01	9.415E-01	9.315E-01	50.000	90	90	91
A0A0H3YDR5_conserved	Q70E85_conserved	9.608E-01	9.403E-01	9.304E-01	52.200	90	90	91
A0A0H3YDR5_conserved	A0A0H4IUK3_conserved	9.606E-01	9.401E-01	9.302E-01	51.100	90	90	91
A0A0H3YDR5_conserved	B0FWK3_conserved	9.602E-01	9.398E-01	9.298E-01	54.400	90	90	91
A0A0H3YDR5_conserved	S5WLJ9_conserved	9.600E-01	9.395E-01	9.296E-01	50.000	90	90	91
A0A0H3YDR5_conserved	A0A0D5ZZW5_conserved	9.600E-01	9.396E-01	9.297E-01	54.400	90	90	91
A0A0H3YDR5_conserved	AF-A0A6B7ELH8-F1-model_v4_conserved	9.546E-01	9.342E-01	9.342E-01	54.400	90	90	90
A0A0H3YDR5_conserved	I7CP04_conserved	9.599E-01	9.394E-01	9.295E-01	50.000	90	90	91
A0A0H3YDR5_conserved	Q9F6Z8_conserved	9.600E-01	9.395E-01	9.296E-01	53.300	90	90	91
A0A0H3YDR5_conserved	G4WB26_conserved	9.599E-01	9.395E-01	9.296E-01	53.300	90	90	91
A0A0H3YDR5_conserved	B2ZTD9_conserved	9.597E-01	9.393E-01	9.294E-01	54.400	90	90	91
A0A0H3YDR5_conserved	Q1A2Z1_conserved	9.597E-01	9.393E-01	9.294E-01	51.100	90	90	91
A0A0H3YDR5_conserved	F8UQX1_conserved	9.596E-01	9.392E-01	9.293E-01	51.100	90	90	91
A0A0H3YDR5_conserved	AF-A0A7T8ZCD9-F1-model_v4_conserved	9.543E-01	9.339E-01	9.339E-01	48.800	90	90	90
A0A0H3YDR5_conserved	A0A0S2MTX2_conserved	9.595E-01	9.390E-01	9.291E-01	51.100	90	90	91
A0A0H3YDR5_conserved	A8QUY6_conserved	9.593E-01	9.389E-01	9.290E-01	51.100	90	90	91
A0A0H3YDR5_conserved	Q8VLM7_conserved	9.594E-01	9.390E-01	9.291E-01	52.200	90	90	91
A0A0H3YDR5_conserved	Q8GIW8_conserved	9.592E-01	9.388E-01	9.289E-01	51.100	90	90	91
A0A0H3YDR5_conserved	Q9AHY6_conserved	9.593E-01	9.389E-01	9.290E-01	53.300	90	90	91
A0A0H3YDR5_conserved	Q79MP6_conserved	9.592E-01	9.388E-01	9.289E-01	53.300	90	90	91
A0A0H3YDR5_conserved	Q53CM3_conserved	9.591E-01	9.387E-01	9.288E-01	52.200	90	90	91
A0A0H3YDR5_conserved	F5ANL2_conserved	9.590E-01	9.386E-01	9.287E-01	53.300	90	90	91
A0A0H3YDR5_conserved	ECV-1_conserved	9.538E-01	9.335E-01	9.335E-01	51.100	90	90	90
A0A0H3YDR5_conserved	BMHC-1_conserved	9.534E-01	9.331E-01	9.331E-01	52.200	90	90	90
A0A0H3YDR5_conserved	Q7WYA8_conserved	9.581E-01	9.377E-01	9.278E-01	52.200	90	90	91
A0A0H3YDR5_conserved	Q8G9Q0_conserved	9.552E-01	9.350E-01	9.350E-01	49.400	90	89	90
A0A0H3YDR5_conserved	G9JKG5_conserved	9.573E-01	9.369E-01	9.271E-01	51.100	90	90	91
A0A0H3YDR5_conserved	ORR-1_conserved	9.519E-01	9.316E-01	9.316E-01	52.200	90	90	90
A0A0H3YDR5_conserved	AF-A0A1B2F003-F1-model_v4_conserved	9.570E-01	9.366E-01	9.268E-01	52.200	90	90	91
A0A0H3YDR5_conserved	AF-A0A0U3H0V9-F1-model_v4_conserved	9.457E-01	9.256E-01	9.356E-01	50.000	90	90	89
A0A0H3YDR5_conserved	A0A3G3C0Q6_conserved	9.572E-01	9.369E-01	9.270E-01	41.100	90	90	91
A0A0H3YDR5_conserved	AF-A0A8E7DAJ6-F1-model_v6_conserved	9.570E-01	9.367E-01	9.269E-01	42.200	90	90	91
A0A0H3YDR5_conserved	A0A1Z3FWF5_conserved	9.570E-01	9.367E-01	9.269E-01	41.100	90	90	91
A0A0H3YDR5_conserved	AF-A0A3G5BD68-F1-model_v4_conserved	9.569E-01	9.366E-01	9.268E-01	41.100	90	90	91
A0A0H3YDR5_conserved	A0A1P8VH15_conserved	9.567E-01	9.364E-01	9.266E-01	41.100	90	90	91
A0A0H3YDR5_conserved	A0A1P8C735_conserved	9.566E-01	9.363E-01	9.265E-01	42.200	90	90	91
A0A0H3YDR5_conserved	A0A0B5ECY2_conserved	9.565E-01	9.362E-01	9.264E-01	41.100	90	90	91
A0A0H3YDR5_conserved	S5ZIP8_conserved	9.565E-01	9.362E-01	9.264E-01	41.100	90	90	91
A0A0S2MTX2_conserved	A0A0S2MTX2_conserved	1.011E+00	1.000E+00	1.000E+00	100.000	91	91	91
A0A0S2MTX2_conserved	G4WB26_conserved	1.002E+00	9.908E-01	9.908E-01	93.400	91	91	91
A0A0S2MTX2_conserved	Q79MP6_conserved	1.011E+00	9.887E-01	9.887E-01	97.700	91	90	91
A0A0S2MTX2_conserved	Q9AHY6_conserved	1.011E+00	9.885E-01	9.885E-01	94.400	91	90	91
A0A0S2MTX2_conserved	F5ANL2_conserved	1.011E+00	9.885E-01	9.885E-01	95.500	91	90	91
A0A0S2MTX2_conserved	Q53CM3_conserved	1.011E+00	9.884E-01	9.884E-01	94.400	91	90	91
A0A0S2MTX2_conserved	Q9F6Z8_conserved	1.011E+00	9.884E-01	9.884E-01	97.700	91	90	91
A0A0S2MTX2_conserved	Q1A2Z1_conserved	1.010E+00	9.883E-01	9.883E-01	95.500	91	90	91
A0A0S2MTX2_conserved	B0FWK3_conserved	1.010E+00	9.882E-01	9.882E-01	91.100	91	90	91
A0A0S2MTX2_conserved	Q8VLM7_conserved	1.010E+00	9.882E-01	9.882E-01	96.600	91	90	91
A0A0S2MTX2_conserved	A0A0D5ZZW5_conserved	1.010E+00	9.882E-01	9.882E-01	93.300	91	90	91
A0A0S2MTX2_conserved	A8QUY6_conserved	1.010E+00	9.880E-01	9.880E-01	93.300	91	90	91
A0A0S2MTX2_conserved	I7CP04_conserved	1.010E+00	9.877E-01	9.877E-01	92.200	91	90	91
A0A0S2MTX2_conserved	A0A097J9I0_conserved	9.998E-01	9.888E-01	9.888E-01	91.200	91	91	91
A0A0S2MTX2_conserved	G9JKG5_conserved	1.010E+00	9.875E-01	9.875E-01	93.300	91	90	91
A0A0S2MTX2_conserved	S5WLJ9_conserved	1.010E+00	9.875E-01	9.875E-01	92.200	91	90	91
A0A0S2MTX2_conserved	Q70E85_conserved	1.010E+00	9.875E-01	9.875E-01	94.400	91	90	91
A0A0S2MTX2_conserved	Q7WYA8_conserved	1.010E+00	9.874E-01	9.874E-01	94.400	91	90	91
A0A0S2MTX2_conserved	A0A0H4IUK3_conserved	1.009E+00	9.872E-01	9.872E-01	91.100	91	90	91
A0A0S2MTX2_conserved	Q8GIW8_conserved	1.009E+00	9.869E-01	9.869E-01	93.300	91	90	91
A0A0S2MTX2_conserved	AF-A0A1B2F003-F1-model_v4_conserved	1.009E+00	9.869E-01	9.869E-01	86.600	91	90	91
A0A0S2MTX2_conserved	F8UQX1_conserved	1.009E+00	9.868E-01	9.868E-01	88.800	91	90	91
A0A0S2MTX2_conserved	B2ZTD9_conserved	1.009E+00	9.865E-01	9.865E-01	91.100	91	90	91
A0A0S2MTX2_conserved	A8R403_conserved	1.006E+00	9.844E-01	9.844E-01	83.300	91	90	91
A0A0S2MTX2_conserved	A0A161H7D8_conserved	1.006E+00	9.844E-01	9.844E-01	82.200	91	90	91
A0A0S2MTX2_conserved	AF-A0A7Y3W177-F1-model_v4_conserved	9.905E-01	9.798E-01	9.798E-01	75.800	91	91	91
A0A0S2MTX2_conserved	L7X1X1_conserved	9.850E-01	9.743E-01	9.743E-01	71.400	91	91	91
A0A0S2MTX2_conserved	L0N4W6_conserved	9.938E-01	9.723E-01	9.723E-01	75.500	91	90	91
A0A0S2MTX2_conserved	AF-C5BSS3-F1-model_v4_conserved	9.926E-01	9.711E-01	9.711E-01	73.300	91	90	91
A0A0S2MTX2_conserved	Q704V1_conserved	9.923E-01	9.708E-01	9.708E-01	72.200	91	90	91
A0A0S2MTX2_conserved	A0A650AXL4_conserved	9.922E-01	9.707E-01	9.707E-01	67.700	91	90	91
A0A0S2MTX2_conserved	SHD-1_conserved	9.919E-01	9.704E-01	9.704E-01	71.100	91	90	91
A0A0S2MTX2_conserved	AF-A0A1L6K5Z3-F1-model_v4_conserved	9.937E-01	9.614E-01	9.719E-01	75.500	91	90	90
A0A0S2MTX2_conserved	AF-A0A6M4NN58-F1-model_v4_conserved	9.896E-01	9.683E-01	9.683E-01	66.600	91	90	91
A0A0S2MTX2_conserved	Q53BU0_conserved	9.849E-01	9.638E-01	9.742E-01	66.600	91	90	90
A0A0S2MTX2_conserved	AF-Q12JE6-F1-model_v4_conserved	9.858E-01	9.646E-01	9.646E-01	70.000	91	90	91
A0A0S2MTX2_conserved	Q53BU1_conserved	9.796E-01	9.586E-01	9.690E-01	68.800	91	90	90
A0A0S2MTX2_conserved	K7SA42_conserved	9.793E-01	9.583E-01	9.583E-01	57.700	91	90	91
A0A0S2MTX2_conserved	AF-A0A1L6K5Y5-F1-model_v4_conserved	9.790E-01	9.476E-01	9.579E-01	56.600	91	90	90
A0A0S2MTX2_conserved	AF-A0A3G5BD68-F1-model_v4_conserved	9.755E-01	9.547E-01	9.547E-01	54.400	91	90	91
A0A0S2MTX2_conserved	A0A3G3C0Q6_conserved	9.750E-01	9.543E-01	9.543E-01	54.400	91	90	91
A0A0S2MTX2_conserved	AF-A0A8E7DAJ6-F1-model_v6_conserved	9.748E-01	9.540E-01	9.540E-01	55.500	91	90	91
A0A0S2MTX2_conserved	A0A1Z3FWF5_conserved	9.747E-01	9.539E-01	9.539E-01	54.400	91	90	91
A0A0S2MTX2_conserved	A0A1P8VH15_conserved	9.747E-01	9.539E-01	9.539E-01	54.400	91	90	91
A0A0S2MTX2_conserved	A0A0B5ECY2_conserved	9.745E-01	9.538E-01	9.538E-01	54.400	91	90	91
A0A0S2MTX2_conserved	S5ZIP8_conserved	9.745E-01	9.538E-01	9.538E-01	54.400	91	90	91
A0A0S2MTX2_conserved	STA-1_conserved	9.744E-01	9.537E-01	9.537E-01	52.200	91	90	91
A0A0S2MTX2_conserved	A0A1P8C735_conserved	9.742E-01	9.535E-01	9.535E-01	55.500	91	90	91
A0A0S2MTX2_conserved	ALI-2_conserved	9.705E-01	9.497E-01	9.497E-01	54.900	91	91	91
A0A0S2MTX2_conserved	AF-A0A4Y8LBX5-F1-model_v4_conserved	9.736E-01	9.528E-01	9.528E-01	62.200	91	90	91
A0A0S2MTX2_conserved	ALI-1_conserved	9.701E-01	9.493E-01	9.493E-01	60.400	91	91	91
A0A0S2MTX2_conserved	AF-Q1DF71-F1-model_v4_conserved	9.731E-01	9.524E-01	9.524E-01	50.000	91	90	91
A0A0S2MTX2_conserved	AF-G0L217-F1-model_v4_conserved	9.729E-01	9.419E-01	9.520E-01	52.200	91	90	90
A0A0S2MTX2_conserved	AF-A0A7T8ZCD9-F1-model_v4_conserved	9.723E-01	9.413E-01	9.514E-01	53.300	91	90	90
A0A0S2MTX2_conserved	AF-A0A6B7ELH8-F1-model_v4_conserved	9.725E-01	9.415E-01	9.516E-01	57.700	91	90	90
A0A0S2MTX2_conserved	ECV-1_conserved	9.722E-01	9.412E-01	9.513E-01	53.300	91	90	90
A0A0S2MTX2_conserved	ORR-1_conserved	9.718E-01	9.409E-01	9.510E-01	52.200	91	90	90
A0A0S2MTX2_conserved	BMHC-1_conserved	9.713E-01	9.404E-01	9.504E-01	53.300	91	90	90
A0A0S2MTX2_conserved	A0A0C5L398_conserved	9.699E-01	9.390E-01	9.491E-01	47.700	91	90	90
A0A0S2MTX2_conserved	P14488_conserved	9.681E-01	9.373E-01	9.474E-01	55.500	91	90	90
A0A0S2MTX2_conserved	Q6SPY5_conserved	9.680E-01	9.373E-01	9.473E-01	54.400	91	90	90
A0A0S2MTX2_conserved	ANA-1_conserved	9.632E-01	9.428E-01	9.428E-01	52.200	91	90	91
A0A0S2MTX2_conserved	AF-I0KEZ6-F1-model_v4_conserved	9.656E-01	9.350E-01	9.450E-01	51.100	91	90	90
A0A0S2MTX2_conserved	Q8G9Q0_conserved	9.660E-01	9.354E-01	9.454E-01	52.200	91	90	90
A0A0S2MTX2_conserved	P25910_conserved	9.607E-01	9.405E-01	9.405E-01	55.500	91	90	91
A0A0S2MTX2_conserved	AF-A0A0U3H0V9-F1-model_v4_conserved	9.586E-01	9.283E-01	9.483E-01	56.600	91	90	89
A0A0S2MTX2_conserved	Q8RMB8_conserved	9.622E-01	9.317E-01	9.417E-01	43.300	91	90	90
A0A0S2MTX2_conserved	A0A2R4PHC7_conserved	9.611E-01	9.307E-01	9.406E-01	57.700	91	90	90
A0A0S2MTX2_conserved	Q8GPN1_conserved	9.607E-01	9.303E-01	9.402E-01	52.200	91	90	90
A0A0S2MTX2_conserved	A0A0H3YDR5_conserved	9.595E-01	9.291E-01	9.390E-01	51.100	91	90	90
A0A0S2MTX2_conserved	AF-A0A844TY23-F1-model_v4_conserved	9.595E-01	9.292E-01	9.391E-01	54.400	91	90	90
A0A0S2MTX2_conserved	AF-A0A191Z3S9-F1-model_v4_conserved	9.592E-01	9.289E-01	9.388E-01	48.800	91	90	90
A0A0S2MTX2_conserved	Q8GPN2_conserved	9.587E-01	9.284E-01	9.383E-01	50.000	91	90	90
A0A0S2MTX2_conserved	SPS-1_conserved	9.548E-01	9.248E-01	9.446E-01	47.700	91	90	89
A0A0S2MTX2_conserved	Q840P9_conserved	9.572E-01	9.271E-01	9.369E-01	52.200	91	90	90
A0A0S2MTX2_conserved	Q8GKX2_conserved	9.564E-01	9.263E-01	9.361E-01	51.100	91	90	90
A0A0S2MTX2_conserved	Q2HY42_conserved	9.562E-01	9.261E-01	9.359E-01	52.200	91	90	90
A0A0S2MTX2_conserved	AF-A0A7U3MVS9-F1-model_v4_conserved	9.562E-01	9.261E-01	9.359E-01	45.500	91	90	90
A0A0S2MTX2_conserved	Q9XAY4_conserved	9.555E-01	9.254E-01	9.352E-01	51.100	91	90	90
A0A0S2MTX2_conserved	E5G503_conserved	9.553E-01	9.253E-01	9.351E-01	51.100	91	90	90
A0A0S2MTX2_conserved	Q3YBY0_conserved	9.549E-01	9.249E-01	9.347E-01	51.100	91	90	90
A0A0S2MTX2_conserved	I3RJZ3_conserved	9.535E-01	9.235E-01	9.333E-01	52.200	91	90	90
A0A0S2MTX2_conserved	B4YAJ7_conserved	9.531E-01	9.232E-01	9.330E-01	52.200	91	90	90
A0A0S2MTX2_conserved	Q9ETN2_conserved	9.521E-01	9.222E-01	9.320E-01	46.600	91	90	90
A0A0S2MTX2_conserved	Q9F629_conserved	9.518E-01	9.220E-01	9.317E-01	52.200	91	90	90
A0A0S2MTX2_conserved	A7WPA3_conserved	9.518E-01	9.220E-01	9.317E-01	52.200	91	90	90
A0A0S2MTX2_conserved	Q08I33_conserved	9.502E-01	9.204E-01	9.301E-01	44.400	91	90	90
A0A0S2MTX2_conserved	Q9F921_conserved	9.495E-01	9.197E-01	9.294E-01	46.600	91	90	90
A0A0S2MTX2_conserved	Q8VT48_conserved	9.491E-01	9.194E-01	9.291E-01	45.500	91	90	90
A0A0S2MTX2_conserved	A0A0N9HJI8_conserved	9.476E-01	9.179E-01	9.276E-01	48.800	91	90	90
A0A0S2MTX2_conserved	E2GLP7_conserved	9.481E-01	9.184E-01	9.281E-01	45.500	91	90	90
A0A0S2MTX2_conserved	D2K7P0_conserved	9.477E-01	9.180E-01	9.277E-01	44.400	91	90	90
A0A0S2MTX2_conserved	Q9EU43_conserved	9.473E-01	9.177E-01	9.274E-01	45.500	91	90	90
A0A0S2MTX2_conserved	Q6JE29_conserved	9.466E-01	9.170E-01	9.267E-01	44.400	91	90	90
A0A0S2MTX2_conserved	Q9X482_conserved	9.465E-01	9.170E-01	9.266E-01	44.400	91	90	90
A0A0S2MTX2_conserved	A0A077EG89_conserved	9.468E-01	9.172E-01	9.269E-01	47.700	91	90	90
A0A0S2MTX2_conserved	AF-Q9RB01-F1-model_v4_conserved	9.467E-01	9.171E-01	9.268E-01	47.700	91	90	90
A0A0S2MTX2_conserved	Q8GQK7_conserved	9.440E-01	9.145E-01	9.241E-01	48.800	91	90	90
A0A0S2MTX2_conserved	D2KCJ9_conserved	9.348E-01	9.154E-01	9.250E-01	43.900	91	91	90
A0A1P8C735_conserved	A0A1P8C735_conserved	1.011E+00	1.000E+00	1.000E+00	100.000	91	91	91
A0A1P8C735_conserved	A0A0B5ECY2_conserved	1.011E+00	9.889E-01	9.889E-01	98.800	91	90	91
A0A1P8C735_conserved	AF-A0A8E7DAJ6-F1-model_v6_conserved	1.011E+00	9.889E-01	9.889E-01	100.000	91	90	91
A0A1P8C735_conserved	A0A1Z3FWF5_conserved	1.011E+00	9.889E-01	9.889E-01	98.800	91	90	91
A0A1P8C735_conserved	S5ZIP8_conserved	1.011E+00	9.889E-01	9.889E-01	98.800	91	90	91
A0A1P8C735_conserved	A0A1P8VH15_conserved	1.011E+00	9.889E-01	9.889E-01	98.800	91	90	91
A0A1P8C735_conserved	A0A3G3C0Q6_conserved	1.011E+00	9.889E-01	9.889E-01	98.800	91	90	91
A0A1P8C735_conserved	AF-A0A3G5BD68-F1-model_v4_conserved	1.011E+00	9.884E-01	9.884E-01	97.700	91	90	91
A0A1P8C735_conserved	K7SA42_conserved	9.892E-01	9.679E-01	9.679E-01	74.400	91	90	91
A0A1P8C735_conserved	Q53BU1_conserved	9.820E-01	9.610E-01	9.714E-01	48.800	91	90	90
A0A1P8C735_conserved	Q704V1_conserved	9.849E-01	9.638E-01	9.638E-01	48.800	91	90	91
A0A1P8C735_conserved	Q53BU0_conserved	9.803E-01	9.594E-01	9.697E-01	50.000	91	90	90
A0A1P8C735_conserved	L7X1X1_conserved	9.837E-01	9.627E-01	9.627E-01	55.500	91	90	91
A0A1P8C735_conserved	AF-C5BSS3-F1-model_v4_conserved	9.834E-01	9.624E-01	9.624E-01	54.400	91	90	91
A0A1P8C735_conserved	L0N4W6_conserved	9.830E-01	9.619E-01	9.619E-01	54.400	91	90	91
A0A1P8C735_conserved	AF-A0A7Y3W177-F1-model_v4_conserved	9.823E-01	9.613E-01	9.613E-01	50.000	91	90	91
A0A1P8C735_conserved	AF-Q12JE6-F1-model_v4_conserved	9.818E-01	9.608E-01	9.608E-01	52.200	91	90	91
A0A1P8C735_conserved	SHD-1_conserved	9.814E-01	9.604E-01	9.604E-01	51.100	91	90	91
A0A1P8C735_conserved	AF-Q1DF71-F1-model_v4_conserved	9.810E-01	9.601E-01	9.601E-01	54.400	91	90	91
A0A1P8C735_conserved	A0A650AXL4_conserved	9.805E-01	9.596E-01	9.596E-01	53.300	91	90	91
A0A1P8C735_conserved	AF-A0A6M4NN58-F1-model_v4_conserved	9.798E-01	9.589E-01	9.589E-01	52.200	91	90	91
A0A1P8C735_conserved	AF-A0A1L6K5Z3-F1-model_v4_conserved	9.835E-01	9.519E-01	9.622E-01	54.400	91	90	90
A0A1P8C735_conserved	STA-1_conserved	9.797E-01	9.588E-01	9.588E-01	51.100	91	90	91
A0A1P8C735_conserved	A8R403_conserved	9.782E-01	9.573E-01	9.573E-01	54.400	91	90	91
A0A1P8C735_conserved	A0A161H7D8_conserved	9.777E-01	9.568E-01	9.568E-01	52.200	91	90	91
A0A1P8C735_conserved	F8UQX1_conserved	9.771E-01	9.563E-01	9.563E-01	55.500	91	90	91
A0A1P8C735_conserved	AF-A0A1L6K5Y5-F1-model_v4_conserved	9.805E-01	9.490E-01	9.593E-01	51.100	91	90	90
A0A1P8C735_conserved	G4WB26_conserved	9.760E-01	9.552E-01	9.552E-01	54.400	91	90	91
A0A1P8C735_conserved	AF-A0A6B7ELH8-F1-model_v4_conserved	9.804E-01	9.490E-01	9.592E-01	44.400	91	90	90
A0A1P8C735_conserved	Q53CM3_conserved	9.755E-01	9.547E-01	9.547E-01	54.400	91	90	91
A0A1P8C735_conserved	A0A0D5ZZW5_conserved	9.754E-01	9.546E-01	9.546E-01	53.300	91	90	91
A0A1P8C735_conserved	Q70E85_conserved	9.754E-01	9.546E-01	9.546E-01	54.400	91	90	91
A0A1P8C735_conserved	B0FWK3_conserved	9.753E-01	9.545E-01	9.545E-01	50.000	91	90	91
A0A1P8C735_conserved	I7CP04_conserved	9.753E-01	9.545E-01	9.545E-01	53.300	91	90	91
A0A1P8C735_conserved	Q8VLM7_conserved	9.752E-01	9.545E-01	9.545E-01	55.500	91	90	91
A0A1P8C735_conserved	Q9AHY6_conserved	9.751E-01	9.544E-01	9.544E-01	54.400	91	90	91
A0A1P8C735_conserved	ECV-1_conserved	9.794E-01	9.481E-01	9.583E-01	45.500	91	90	90
A0A1P8C735_conserved	S5WLJ9_conserved	9.749E-01	9.542E-01	9.542E-01	53.300	91	90	91
A0A1P8C735_conserved	BMHC-1_conserved	9.795E-01	9.482E-01	9.584E-01	46.600	91	90	90
A0A1P8C735_conserved	A0A0H4IUK3_conserved	9.749E-01	9.541E-01	9.541E-01	54.400	91	90	91
A0A1P8C735_conserved	F5ANL2_conserved	9.748E-01	9.540E-01	9.540E-01	54.400	91	90	91
A0A1P8C735_conserved	A8QUY6_conserved	9.748E-01	9.540E-01	9.540E-01	55.500	91	90	91
A0A1P8C735_conserved	Q8GIW8_conserved	9.747E-01	9.540E-01	9.540E-01	55.500	91	90	91
A0A1P8C735_conserved	AF-G0L217-F1-model_v4_conserved	9.790E-01	9.477E-01	9.579E-01	40.000	91	90	90
A0A1P8C735_conserved	Q9F6Z8_conserved	9.744E-01	9.537E-01	9.537E-01	56.600	91	90	91
A0A1P8C735_conserved	Q7WYA8_conserved	9.744E-01	9.537E-01	9.537E-01	56.600	91	90	91
A0A1P8C735_conserved	G9JKG5_conserved	9.744E-01	9.537E-01	9.537E-01	55.500	91	90	91
A0A1P8C735_conserved	Q1A2Z1_conserved	9.743E-01	9.536E-01	9.536E-01	54.400	91	90	91
A0A1P8C735_conserved	A0A0S2MTX2_conserved	9.742E-01	9.535E-01	9.535E-01	55.500	91	90	91
A0A1P8C735_conserved	ANA-1_conserved	9.741E-01	9.534E-01	9.534E-01	51.100	91	90	91
A0A1P8C735_conserved	Q79MP6_conserved	9.742E-01	9.535E-01	9.535E-01	56.600	91	90	91
A0A1P8C735_conserved	B2ZTD9_conserved	9.741E-01	9.534E-01	9.534E-01	55.500	91	90	91
A0A1P8C735_conserved	AF-A0A7T8ZCD9-F1-model_v4_conserved	9.784E-01	9.471E-01	9.573E-01	44.400	91	90	90
A0A1P8C735_conserved	A0A097J9I0_conserved	9.737E-01	9.530E-01	9.530E-01	53.300	91	90	91
A0A1P8C735_conserved	AF-A0A4Y8LBX5-F1-model_v4_conserved	9.744E-01	9.537E-01	9.537E-01	61.100	91	90	91
A0A1P8C735_conserved	ORR-1_conserved	9.773E-01	9.461E-01	9.563E-01	45.500	91	90	90
A0A1P8C735_conserved	P14488_conserved	9.769E-01	9.457E-01	9.559E-01	53.300	91	90	90
A0A1P8C735_conserved	Q6SPY5_conserved	9.764E-01	9.452E-01	9.554E-01	52.200	91	90	90
A0A1P8C735_conserved	AF-I0KEZ6-F1-model_v4_conserved	9.752E-01	9.440E-01	9.542E-01	51.100	91	90	90
A0A1P8C735_conserved	AF-A0A1B2F003-F1-model_v4_conserved	9.712E-01	9.506E-01	9.506E-01	51.100	91	90	91
A0A1P8C735_conserved	Q8GKX2_conserved	9.731E-01	9.422E-01	9.523E-01	53.300	91	90	90
A0A1P8C735_conserved	Q9XAY4_conserved	9.728E-01	9.419E-01	9.520E-01	53.300	91	90	90
A0A1P8C735_conserved	Q2HY42_conserved	9.730E-01	9.421E-01	9.522E-01	52.200	91	90	90
A0A1P8C735_conserved	Q840P9_conserved	9.727E-01	9.417E-01	9.518E-01	47.700	91	90	90
A0A1P8C735_conserved	P25910_conserved	9.688E-01	9.483E-01	9.483E-01	51.100	91	90	91
A0A1P8C735_conserved	Q3YBY0_conserved	9.718E-01	9.409E-01	9.510E-01	53.300	91	90	90
A0A1P8C735_conserved	E5G503_conserved	9.716E-01	9.407E-01	9.508E-01	53.300	91	90	90
A0A1P8C735_conserved	AF-A0A0U3H0V9-F1-model_v4_conserved	9.665E-01	9.358E-01	9.560E-01	40.000	91	90	89
A0A1P8C735_conserved	B4YAJ7_conserved	9.702E-01	9.393E-01	9.494E-01	54.400	91	90	90
A0A1P8C735_conserved	A0A0C5L398_conserved	9.704E-01	9.396E-01	9.496E-01	43.300	91	90	90
A0A1P8C735_conserved	I3RJZ3_conserved	9.700E-01	9.392E-01	9.492E-01	54.400	91	90	90
A0A1P8C735_conserved	A7WPA3_conserved	9.689E-01	9.382E-01	9.482E-01	54.400	91	90	90
A0A1P8C735_conserved	ALI-2_conserved	9.626E-01	9.422E-01	9.422E-01	48.300	91	91	91
A0A1P8C735_conserved	ALI-1_conserved	9.626E-01	9.422E-01	9.422E-01	45.000	91	91	91
A0A1P8C735_conserved	Q9F629_conserved	9.687E-01	9.379E-01	9.480E-01	54.400	91	90	90
A0A1P8C735_conserved	AF-A0A7U3MVS9-F1-model_v4_conserved	9.667E-01	9.361E-01	9.461E-01	38.800	91	90	90
A0A1P8C735_conserved	Q8G9Q0_conserved	9.640E-01	9.336E-01	9.435E-01	40.000	91	90	90
A0A1P8C735_conserved	A0A2R4PHC7_conserved	9.628E-01	9.324E-01	9.423E-01	50.000	91	90	90
A0A1P8C735_conserved	SPS-1_conserved	9.577E-01	9.276E-01	9.474E-01	36.600	91	90	89
A0A1P8C735_conserved	AF-A0A844TY23-F1-model_v4_conserved	9.591E-01	9.289E-01	9.388E-01	47.700	91	90	90
A0A1P8C735_conserved	Q8GPN1_conserved	9.590E-01	9.288E-01	9.387E-01	44.400	91	90	90
A0A1P8C735_conserved	AF-A0A191Z3S9-F1-model_v4_conserved	9.586E-01	9.284E-01	9.382E-01	37.700	91	90	90
A0A1P8C735_conserved	Q8RMB8_conserved	9.573E-01	9.272E-01	9.371E-01	44.400	91	90	90
A0A1P8C735_conserved	Q8GPN2_conserved	9.566E-01	9.265E-01	9.363E-01	43.300	91	90	90
A0A1P8C735_conserved	A0A0H3YDR5_conserved	9.566E-01	9.265E-01	9.363E-01	42.200	91	90	90
A0A1P8C735_conserved	A0A077EG89_conserved	9.508E-01	9.212E-01	9.308E-01	41.100	91	90	90
A0A1P8C735_conserved	AF-Q9RB01-F1-model_v4_conserved	9.498E-01	9.201E-01	9.298E-01	40.000	91	90	90
A0A1P8C735_conserved	A0A0N9HJI8_conserved	9.464E-01	9.169E-01	9.265E-01	36.600	91	90	90
A0A1P8C735_conserved	Q9ETN2_conserved	9.467E-01	9.172E-01	9.268E-01	38.800	91	90	90
A0A1P8C735_conserved	Q08I33_conserved	9.466E-01	9.171E-01	9.268E-01	38.800	91	90	90
A0A1P8C735_conserved	Q8VT48_conserved	9.444E-01	9.150E-01	9.246E-01	40.000	91	90	90
A0A1P8C735_conserved	Q9F921_conserved	9.433E-01	9.140E-01	9.235E-01	38.800	91	90	90
A0A1P8C735_conserved	Q8GQK7_conserved	9.424E-01	9.131E-01	9.226E-01	36.600	91	90	90
A0A1P8C735_conserved	D2K7P0_conserved	9.429E-01	9.137E-01	9.232E-01	38.800	91	90	90
A0A1P8C735_conserved	D2KCJ9_conserved	9.418E-01	9.126E-01	9.221E-01	37.700	91	90	90
A0A1P8C735_conserved	E2GLP7_conserved	9.417E-01	9.125E-01	9.221E-01	37.700	91	90	90
A0A1P8C735_conserved	Q9EU43_conserved	9.410E-01	9.119E-01	9.214E-01	37.700	91	90	90
A0A1P8C735_conserved	Q6JE29_conserved	9.405E-01	9.114E-01	9.209E-01	38.800	91	90	90
A0A1P8C735_conserved	Q9X482_conserved	9.402E-01	9.111E-01	9.206E-01	38.800	91	90	90
A0A1P8VH15_conserved	A0A1P8VH15_conserved	1.011E+00	1.000E+00	1.000E+00	100.000	91	91	91
A0A1P8VH15_conserved	AF-A0A3G5BD68-F1-model_v4_conserved	1.001E+00	9.903E-01	9.903E-01	95.600	91	91	91
A0A1P8VH15_conserved	A0A0B5ECY2_conserved	1.011E+00	9.889E-01	9.889E-01	100.000	91	90	91
A0A1P8VH15_conserved	AF-A0A8E7DAJ6-F1-model_v6_conserved	1.011E+00	9.889E-01	9.889E-01	98.800	91	90	91
A0A1P8VH15_conserved	S5ZIP8_conserved	1.011E+00	9.889E-01	9.889E-01	100.000	91	90	91
A0A1P8VH15_conserved	A0A3G3C0Q6_conserved	1.011E+00	9.889E-01	9.889E-01	100.000	91	90	91
A0A1P8VH15_conserved	A0A1P8C735_conserved	1.011E+00	9.889E-01	9.889E-01	98.800	91	90	91
A0A1P8VH15_conserved	A0A1Z3FWF5_conserved	1.011E+00	9.889E-01	9.889E-01	100.000	91	90	91
A0A1P8VH15_conserved	K7SA42_conserved	9.890E-01	9.676E-01	9.676E-01	73.300	91	90	91
A0A1P8VH15_conserved	Q53BU1_conserved	9.820E-01	9.609E-01	9.713E-01	48.800	91	90	90
A0A1P8VH15_conserved	Q704V1_conserved	9.852E-01	9.640E-01	9.640E-01	48.800	91	90	91
A0A1P8VH15_conserved	Q53BU0_conserved	9.804E-01	9.595E-01	9.698E-01	50.000	91	90	90
A0A1P8VH15_conserved	L7X1X1_conserved	9.840E-01	9.629E-01	9.629E-01	55.500	91	90	91
A0A1P8VH15_conserved	AF-C5BSS3-F1-model_v4_conserved	9.837E-01	9.626E-01	9.626E-01	54.400	91	90	91
A0A1P8VH15_conserved	L0N4W6_conserved	9.831E-01	9.621E-01	9.621E-01	54.400	91	90	91
A0A1P8VH15_conserved	AF-A0A7Y3W177-F1-model_v4_conserved	9.825E-01	9.615E-01	9.615E-01	50.000	91	90	91
A0A1P8VH15_conserved	AF-Q12JE6-F1-model_v4_conserved	9.815E-01	9.606E-01	9.606E-01	51.100	91	90	91
A0A1P8VH15_conserved	SHD-1_conserved	9.817E-01	9.607E-01	9.607E-01	51.100	91	90	91
A0A1P8VH15_conserved	A0A650AXL4_conserved	9.809E-01	9.599E-01	9.599E-01	53.300	91	90	91
A0A1P8VH15_conserved	AF-Q1DF71-F1-model_v4_conserved	9.809E-01	9.600E-01	9.600E-01	53.300	91	90	91
A0A1P8VH15_conserved	AF-A0A6M4NN58-F1-model_v4_conserved	9.801E-01	9.592E-01	9.592E-01	51.100	91	90	91
A0A1P8VH15_conserved	AF-A0A1L6K5Z3-F1-model_v4_conserved	9.833E-01	9.517E-01	9.620E-01	54.400	91	90	90
A0A1P8VH15_conserved	STA-1_conserved	9.793E-01	9.584E-01	9.584E-01	50.000	91	90	91
A0A1P8VH15_conserved	A8R403_conserved	9.784E-01	9.576E-01	9.576E-01	53.300	91	90	91
A0A1P8VH15_conserved	A0A161H7D8_conserved	9.782E-01	9.573E-01	9.573E-01	52.200	91	90	91
A0A1P8VH15_conserved	F8UQX1_conserved	9.774E-01	9.566E-01	9.566E-01	54.400	91	90	91
A0A1P8VH15_conserved	G4WB26_conserved	9.764E-01	9.556E-01	9.556E-01	53.300	91	90	91
A0A1P8VH15_conserved	AF-A0A1L6K5Y5-F1-model_v4_conserved	9.803E-01	9.489E-01	9.592E-01	50.000	91	90	90
A0A1P8VH15_conserved	AF-A0A6B7ELH8-F1-model_v4_conserved	9.807E-01	9.492E-01	9.595E-01	45.500	91	90	90
A0A1P8VH15_conserved	Q53CM3_conserved	9.759E-01	9.551E-01	9.551E-01	53.300	91	90	91
A0A1P8VH15_conserved	A0A0D5ZZW5_conserved	9.758E-01	9.550E-01	9.550E-01	52.200	91	90	91
A0A1P8VH15_conserved	I7CP04_conserved	9.757E-01	9.549E-01	9.549E-01	53.300	91	90	91
A0A1P8VH15_conserved	Q70E85_conserved	9.758E-01	9.550E-01	9.550E-01	53.300	91	90	91
A0A1P8VH15_conserved	B0FWK3_conserved	9.757E-01	9.549E-01	9.549E-01	48.800	91	90	91
A0A1P8VH15_conserved	Q8VLM7_conserved	9.756E-01	9.549E-01	9.549E-01	54.400	91	90	91
A0A1P8VH15_conserved	Q9AHY6_conserved	9.755E-01	9.548E-01	9.548E-01	53.300	91	90	91
A0A1P8VH15_conserved	S5WLJ9_conserved	9.753E-01	9.546E-01	9.546E-01	53.300	91	90	91
A0A1P8VH15_conserved	A0A0H4IUK3_conserved	9.753E-01	9.546E-01	9.546E-01	53.300	91	90	91
A0A1P8VH15_conserved	F5ANL2_conserved	9.752E-01	9.545E-01	9.545E-01	53.300	91	90	91
A0A1P8VH15_conserved	A8QUY6_conserved	9.752E-01	9.544E-01	9.544E-01	54.400	91	90	91
A0A1P8VH15_conserved	Q8GIW8_conserved	9.751E-01	9.544E-01	9.544E-01	54.400	91	90	91
A0A1P8VH15_conserved	BMHC-1_conserved	9.795E-01	9.482E-01	9.584E-01	47.700	91	90	90
A0A1P8VH15_conserved	Q9F6Z8_conserved	9.749E-01	9.541E-01	9.541E-01	55.500	91	90	91
A0A1P8VH15_conserved	ECV-1_conserved	9.793E-01	9.480E-01	9.582E-01	46.600	91	90	90
A0A1P8VH15_conserved	Q7WYA8_conserved	9.748E-01	9.541E-01	9.541E-01	55.500	91	90	91
A0A1P8VH15_conserved	G9JKG5_conserved	9.748E-01	9.540E-01	9.540E-01	54.400	91	90	91
A0A1P8VH15_conserved	Q1A2Z1_conserved	9.747E-01	9.540E-01	9.540E-01	53.300	91	90	91
A0A1P8VH15_conserved	A0A0S2MTX2_conserved	9.747E-01	9.539E-01	9.539E-01	54.400	91	90	91
A0A1P8VH15_conserved	Q79MP6_conserved	9.747E-01	9.539E-01	9.539E-01	55.500	91	90	91
A0A1P8VH15_conserved	AF-G0L217-F1-model_v4_conserved	9.789E-01	9.476E-01	9.578E-01	41.100	91	90	90
A0A1P8VH15_conserved	B2ZTD9_conserved	9.744E-01	9.537E-01	9.537E-01	54.400	91	90	91
A0A1P8VH15_conserved	A0A097J9I0_conserved	9.743E-01	9.535E-01	9.535E-01	52.200	91	90	91
A0A1P8VH15_conserved	ANA-1_conserved	9.741E-01	9.534E-01	9.534E-01	50.000	91	90	91
A0A1P8VH15_conserved	AF-A0A7T8ZCD9-F1-model_v4_conserved	9.782E-01	9.469E-01	9.571E-01	44.400	91	90	90
A0A1P8VH15_conserved	AF-A0A4Y8LBX5-F1-model_v4_conserved	9.744E-01	9.537E-01	9.537E-01	60.000	91	90	91
A0A1P8VH15_conserved	ORR-1_conserved	9.774E-01	9.462E-01	9.564E-01	46.600	91	90	90
A0A1P8VH15_conserved	P14488_conserved	9.764E-01	9.452E-01	9.554E-01	52.200	91	90	90
A0A1P8VH15_conserved	AF-A0A1B2F003-F1-model_v4_conserved	9.717E-01	9.511E-01	9.511E-01	51.100	91	90	91
A0A1P8VH15_conserved	Q6SPY5_conserved	9.759E-01	9.448E-01	9.549E-01	51.100	91	90	90
A0A1P8VH15_conserved	AF-I0KEZ6-F1-model_v4_conserved	9.748E-01	9.437E-01	9.539E-01	50.000	91	90	90
A0A1P8VH15_conserved	Q8GKX2_conserved	9.728E-01	9.418E-01	9.519E-01	52.200	91	90	90
A0A1P8VH15_conserved	Q9XAY4_conserved	9.725E-01	9.416E-01	9.517E-01	52.200	91	90	90
A0A1P8VH15_conserved	Q2HY42_conserved	9.727E-01	9.417E-01	9.518E-01	51.100	91	90	90
A0A1P8VH15_conserved	Q840P9_conserved	9.724E-01	9.415E-01	9.515E-01	46.600	91	90	90
A0A1P8VH15_conserved	P25910_conserved	9.686E-01	9.481E-01	9.481E-01	50.000	91	90	91
A0A1P8VH15_conserved	Q3YBY0_conserved	9.714E-01	9.406E-01	9.506E-01	52.200	91	90	90
A0A1P8VH15_conserved	AF-A0A0U3H0V9-F1-model_v4_conserved	9.664E-01	9.357E-01	9.560E-01	41.100	91	90	89
A0A1P8VH15_conserved	E5G503_conserved	9.713E-01	9.404E-01	9.505E-01	52.200	91	90	90
A0A1P8VH15_conserved	A0A0C5L398_conserved	9.705E-01	9.396E-01	9.497E-01	44.400	91	90	90
A0A1P8VH15_conserved	B4YAJ7_conserved	9.698E-01	9.390E-01	9.491E-01	53.300	91	90	90
A0A1P8VH15_conserved	I3RJZ3_conserved	9.696E-01	9.388E-01	9.489E-01	53.300	91	90	90
A0A1P8VH15_conserved	ALI-2_conserved	9.623E-01	9.419E-01	9.419E-01	47.200	91	91	91
A0A1P8VH15_conserved	A7WPA3_conserved	9.686E-01	9.379E-01	9.479E-01	53.300	91	90	90
A0A1P8VH15_conserved	ALI-1_conserved	9.622E-01	9.418E-01	9.418E-01	43.900	91	91	91
A0A1P8VH15_conserved	Q9F629_conserved	9.683E-01	9.376E-01	9.476E-01	53.300	91	90	90
A0A1P8VH15_conserved	AF-A0A7U3MVS9-F1-model_v4_conserved	9.667E-01	9.361E-01	9.461E-01	38.800	91	90	90
A0A1P8VH15_conserved	Q8G9Q0_conserved	9.641E-01	9.336E-01	9.436E-01	40.000	91	90	90
A0A1P8VH15_conserved	A0A2R4PHC7_conserved	9.625E-01	9.321E-01	9.420E-01	48.800	91	90	90
A0A1P8VH15_conserved	SPS-1_conserved	9.571E-01	9.270E-01	9.469E-01	36.600	91	90	89
A0A1P8VH15_conserved	AF-A0A844TY23-F1-model_v4_conserved	9.592E-01	9.290E-01	9.389E-01	46.600	91	90	90
A0A1P8VH15_conserved	Q8GPN1_conserved	9.591E-01	9.289E-01	9.387E-01	43.300	91	90	90
A0A1P8VH15_conserved	AF-A0A191Z3S9-F1-model_v4_conserved	9.588E-01	9.286E-01	9.384E-01	36.600	91	90	90
A0A1P8VH15_conserved	Q8RMB8_conserved	9.574E-01	9.273E-01	9.371E-01	43.300	91	90	90
A0A1P8VH15_conserved	A0A0H3YDR5_conserved	9.567E-01	9.266E-01	9.364E-01	41.100	91	90	90
A0A1P8VH15_conserved	Q8GPN2_conserved	9.567E-01	9.266E-01	9.364E-01	42.200	91	90	90
A0A1P8VH15_conserved	A0A077EG89_conserved	9.511E-01	9.214E-01	9.311E-01	42.200	91	90	90
A0A1P8VH15_conserved	AF-Q9RB01-F1-model_v4_conserved	9.500E-01	9.203E-01	9.300E-01	41.100	91	90	90
A0A1P8VH15_conserved	A0A0N9HJI8_conserved	9.464E-01	9.168E-01	9.265E-01	35.500	91	90	90
A0A1P8VH15_conserved	Q9ETN2_conserved	9.467E-01	9.172E-01	9.269E-01	37.700	91	90	90
A0A1P8VH15_conserved	Q08I33_conserved	9.467E-01	9.172E-01	9.268E-01	37.700	91	90	90
A0A1P8VH15_conserved	Q8VT48_conserved	9.444E-01	9.151E-01	9.246E-01	38.800	91	90	90
A0A1P8VH15_conserved	Q9F921_conserved	9.433E-01	9.140E-01	9.235E-01	37.700	91	90	90
A0A1P8VH15_conserved	Q8GQK7_conserved	9.423E-01	9.130E-01	9.226E-01	35.500	91	90	90
A0A1P8VH15_conserved	D2K7P0_conserved	9.429E-01	9.137E-01	9.232E-01	37.700	91	90	90
A0A1P8VH15_conserved	D2KCJ9_conserved	9.418E-01	9.126E-01	9.221E-01	36.600	91	90	90
A0A1P8VH15_conserved	E2GLP7_conserved	9.418E-01	9.126E-01	9.221E-01	36.600	91	90	90
A0A1P8VH15_conserved	Q9EU43_conserved	9.410E-01	9.119E-01	9.214E-01	36.600	91	90	90
A0A1P8VH15_conserved	Q6JE29_conserved	9.406E-01	9.114E-01	9.210E-01	37.700	91	90	90
A0A1P8VH15_conserved	Q9X482_conserved	9.403E-01	9.112E-01	9.207E-01	37.700	91	90	90
A0A3G3C0Q6_conserved	A0A3G3C0Q6_conserved	1.011E+00	1.000E+00	1.000E+00	100.000	91	91	91
A0A3G3C0Q6_conserved	A0A1Z3FWF5_conserved	1.011E+00	9.890E-01	9.890E-01	100.000	91	90	91
A0A3G3C0Q6_conserved	A0A0B5ECY2_conserved	1.011E+00	9.889E-01	9.889E-01	100.000	91	90	91
A0A3G3C0Q6_conserved	A0A1P8VH15_conserved	1.011E+00	9.889E-01	9.889E-01	100.000	91	90	91
A0A3G3C0Q6_conserved	AF-A0A8E7DAJ6-F1-model_v6_conserved	1.011E+00	9.889E-01	9.889E-01	98.800	91	90	91
A0A3G3C0Q6_conserved	S5ZIP8_conserved	1.011E+00	9.889E-01	9.889E-01	100.000	91	90	91
A0A3G3C0Q6_conserved	A0A1P8C735_conserved	1.011E+00	9.889E-01	9.889E-01	98.800	91	90	91
A0A3G3C0Q6_conserved	AF-A0A3G5BD68-F1-model_v4_conserved	1.010E+00	9.882E-01	9.882E-01	96.600	91	90	91
A0A3G3C0Q6_conserved	K7SA42_conserved	9.896E-01	9.682E-01	9.682E-01	73.300	91	90	91
A0A3G3C0Q6_conserved	Q53BU1_conserved	9.821E-01	9.611E-01	9.715E-01	48.800	91	90	90
A0A3G3C0Q6_conserved	Q704V1_conserved	9.854E-01	9.643E-01	9.643E-01	48.800	91	90	91
A0A3G3C0Q6_conserved	Q53BU0_conserved	9.805E-01	9.596E-01	9.699E-01	50.000	91	90	90
A0A3G3C0Q6_conserved	L7X1X1_conserved	9.840E-01	9.629E-01	9.629E-01	55.500	91	90	91
A0A3G3C0Q6_conserved	AF-C5BSS3-F1-model_v4_conserved	9.838E-01	9.628E-01	9.628E-01	54.400	91	90	91
A0A3G3C0Q6_conserved	L0N4W6_conserved	9.833E-01	9.622E-01	9.622E-01	54.400	91	90	91
A0A3G3C0Q6_conserved	AF-A0A7Y3W177-F1-model_v4_conserved	9.826E-01	9.616E-01	9.616E-01	50.000	91	90	91
A0A3G3C0Q6_conserved	AF-Q12JE6-F1-model_v4_conserved	9.818E-01	9.608E-01	9.608E-01	51.100	91	90	91
A0A3G3C0Q6_conserved	SHD-1_conserved	9.816E-01	9.606E-01	9.606E-01	51.100	91	90	91
A0A3G3C0Q6_conserved	AF-Q1DF71-F1-model_v4_conserved	9.814E-01	9.604E-01	9.604E-01	53.300	91	90	91
A0A3G3C0Q6_conserved	A0A650AXL4_conserved	9.811E-01	9.601E-01	9.601E-01	53.300	91	90	91
A0A3G3C0Q6_conserved	AF-A0A6M4NN58-F1-model_v4_conserved	9.801E-01	9.592E-01	9.592E-01	51.100	91	90	91
A0A3G3C0Q6_conserved	AF-A0A1L6K5Z3-F1-model_v4_conserved	9.837E-01	9.521E-01	9.624E-01	54.400	91	90	90
A0A3G3C0Q6_conserved	STA-1_conserved	9.801E-01	9.591E-01	9.591E-01	50.000	91	90	91
A0A3G3C0Q6_conserved	A8R403_conserved	9.787E-01	9.578E-01	9.578E-01	53.300	91	90	91
A0A3G3C0Q6_conserved	A0A161H7D8_conserved	9.785E-01	9.576E-01	9.576E-01	52.200	91	90	91
A0A3G3C0Q6_conserved	F8UQX1_conserved	9.777E-01	9.568E-01	9.568E-01	54.400	91	90	91
A0A3G3C0Q6_conserved	G4WB26_conserved	9.767E-01	9.559E-01	9.559E-01	53.300	91	90	91
A0A3G3C0Q6_conserved	AF-A0A1L6K5Y5-F1-model_v4_conserved	9.807E-01	9.493E-01	9.595E-01	50.000	91	90	90
A0A3G3C0Q6_conserved	Q53CM3_conserved	9.762E-01	9.554E-01	9.554E-01	53.300	91	90	91
A0A3G3C0Q6_conserved	AF-A0A6B7ELH8-F1-model_v4_conserved	9.807E-01	9.493E-01	9.596E-01	45.500	91	90	90
A0A3G3C0Q6_conserved	A0A0D5ZZW5_conserved	9.761E-01	9.553E-01	9.553E-01	52.200	91	90	91
A0A3G3C0Q6_conserved	B0FWK3_conserved	9.760E-01	9.552E-01	9.552E-01	48.800	91	90	91
A0A3G3C0Q6_conserved	I7CP04_conserved	9.760E-01	9.552E-01	9.552E-01	53.300	91	90	91
A0A3G3C0Q6_conserved	Q70E85_conserved	9.761E-01	9.553E-01	9.553E-01	53.300	91	90	91
A0A3G3C0Q6_conserved	Q8VLM7_conserved	9.760E-01	9.552E-01	9.552E-01	54.400	91	90	91
A0A3G3C0Q6_conserved	Q9AHY6_conserved	9.759E-01	9.551E-01	9.551E-01	53.300	91	90	91
A0A3G3C0Q6_conserved	A0A0H4IUK3_conserved	9.758E-01	9.550E-01	9.550E-01	53.300	91	90	91
A0A3G3C0Q6_conserved	S5WLJ9_conserved	9.756E-01	9.549E-01	9.549E-01	53.300	91	90	91
A0A3G3C0Q6_conserved	F5ANL2_conserved	9.755E-01	9.548E-01	9.548E-01	53.300	91	90	91
A0A3G3C0Q6_conserved	A8QUY6_conserved	9.755E-01	9.547E-01	9.547E-01	54.400	91	90	91
A0A3G3C0Q6_conserved	Q8GIW8_conserved	9.754E-01	9.546E-01	9.546E-01	54.400	91	90	91
A0A3G3C0Q6_conserved	ECV-1_conserved	9.797E-01	9.484E-01	9.586E-01	46.600	91	90	90
A0A3G3C0Q6_conserved	Q9F6Z8_conserved	9.752E-01	9.544E-01	9.544E-01	55.500	91	90	91
A0A3G3C0Q6_conserved	Q7WYA8_conserved	9.751E-01	9.544E-01	9.544E-01	55.500	91	90	91
A0A3G3C0Q6_conserved	G9JKG5_conserved	9.751E-01	9.543E-01	9.543E-01	54.400	91	90	91
A0A3G3C0Q6_conserved	Q1A2Z1_conserved	9.750E-01	9.543E-01	9.543E-01	53.300	91	90	91
A0A3G3C0Q6_conserved	A0A0S2MTX2_conserved	9.750E-01	9.543E-01	9.543E-01	54.400	91	90	91
A0A3G3C0Q6_conserved	BMHC-1_conserved	9.797E-01	9.483E-01	9.586E-01	47.700	91	90	90
A0A3G3C0Q6_conserved	Q79MP6_conserved	9.750E-01	9.543E-01	9.543E-01	55.500	91	90	91
A0A3G3C0Q6_conserved	B2ZTD9_conserved	9.749E-01	9.541E-01	9.541E-01	54.400	91	90	91
A0A3G3C0Q6_conserved	AF-G0L217-F1-model_v4_conserved	9.792E-01	9.478E-01	9.580E-01	41.100	91	90	90
A0A3G3C0Q6_conserved	A0A097J9I0_conserved	9.746E-01	9.538E-01	9.538E-01	52.200	91	90	91
A0A3G3C0Q6_conserved	ANA-1_conserved	9.744E-01	9.537E-01	9.537E-01	50.000	91	90	91
A0A3G3C0Q6_conserved	AF-A0A4Y8LBX5-F1-model_v4_conserved	9.749E-01	9.542E-01	9.542E-01	60.000	91	90	91
A0A3G3C0Q6_conserved	AF-A0A7T8ZCD9-F1-model_v4_conserved	9.783E-01	9.470E-01	9.572E-01	44.400	91	90	90
A0A3G3C0Q6_conserved	ORR-1_conserved	9.774E-01	9.462E-01	9.564E-01	46.600	91	90	90
A0A3G3C0Q6_conserved	P14488_conserved	9.767E-01	9.455E-01	9.556E-01	52.200	91	90	90
A0A3G3C0Q6_conserved	AF-A0A1B2F003-F1-model_v4_conserved	9.721E-01	9.515E-01	9.515E-01	51.100	91	90	91
A0A3G3C0Q6_conserved	Q6SPY5_conserved	9.762E-01	9.450E-01	9.552E-01	51.100	91	90	90
A0A3G3C0Q6_conserved	AF-I0KEZ6-F1-model_v4_conserved	9.752E-01	9.441E-01	9.542E-01	50.000	91	90	90
A0A3G3C0Q6_conserved	Q8GKX2_conserved	9.731E-01	9.421E-01	9.523E-01	52.200	91	90	90
A0A3G3C0Q6_conserved	Q840P9_conserved	9.728E-01	9.418E-01	9.519E-01	46.600	91	90	90
A0A3G3C0Q6_conserved	Q9XAY4_conserved	9.730E-01	9.420E-01	9.521E-01	52.200	91	90	90
A0A3G3C0Q6_conserved	Q2HY42_conserved	9.730E-01	9.420E-01	9.521E-01	51.100	91	90	90
A0A3G3C0Q6_conserved	P25910_conserved	9.691E-01	9.486E-01	9.486E-01	50.000	91	90	91
A0A3G3C0Q6_conserved	Q3YBY0_conserved	9.718E-01	9.409E-01	9.510E-01	52.200	91	90	90
A0A3G3C0Q6_conserved	E5G503_conserved	9.716E-01	9.407E-01	9.508E-01	52.200	91	90	90
A0A3G3C0Q6_conserved	AF-A0A0U3H0V9-F1-model_v4_conserved	9.665E-01	9.358E-01	9.560E-01	41.100	91	90	89
A0A3G3C0Q6_conserved	A0A0C5L398_conserved	9.711E-01	9.402E-01	9.503E-01	44.400	91	90	90
A0A3G3C0Q6_conserved	B4YAJ7_conserved	9.702E-01	9.394E-01	9.494E-01	53.300	91	90	90
A0A3G3C0Q6_conserved	I3RJZ3_conserved	9.700E-01	9.392E-01	9.493E-01	53.300	91	90	90
A0A3G3C0Q6_conserved	A7WPA3_conserved	9.690E-01	9.382E-01	9.483E-01	53.300	91	90	90
A0A3G3C0Q6_conserved	ALI-2_conserved	9.626E-01	9.422E-01	9.422E-01	47.200	91	91	91
A0A3G3C0Q6_conserved	ALI-1_conserved	9.625E-01	9.421E-01	9.421E-01	43.900	91	91	91
A0A3G3C0Q6_conserved	Q9F629_conserved	9.687E-01	9.380E-01	9.480E-01	53.300	91	90	90
A0A3G3C0Q6_conserved	AF-A0A7U3MVS9-F1-model_v4_conserved	9.671E-01	9.365E-01	9.465E-01	38.800	91	90	90
A0A3G3C0Q6_conserved	Q8G9Q0_conserved	9.644E-01	9.339E-01	9.439E-01	40.000	91	90	90
A0A3G3C0Q6_conserved	A0A2R4PHC7_conserved	9.630E-01	9.326E-01	9.425E-01	48.800	91	90	90
A0A3G3C0Q6_conserved	SPS-1_conserved	9.575E-01	9.274E-01	9.472E-01	36.600	91	90	89
A0A3G3C0Q6_conserved	AF-A0A844TY23-F1-model_v4_conserved	9.596E-01	9.294E-01	9.392E-01	46.600	91	90	90
A0A3G3C0Q6_conserved	Q8GPN1_conserved	9.595E-01	9.293E-01	9.392E-01	43.300	91	90	90
A0A3G3C0Q6_conserved	AF-A0A191Z3S9-F1-model_v4_conserved	9.592E-01	9.290E-01	9.388E-01	36.600	91	90	90
A0A3G3C0Q6_conserved	Q8RMB8_conserved	9.581E-01	9.279E-01	9.378E-01	43.300	91	90	90
A0A3G3C0Q6_conserved	A0A0H3YDR5_conserved	9.572E-01	9.270E-01	9.369E-01	41.100	91	90	90
A0A3G3C0Q6_conserved	Q8GPN2_conserved	9.571E-01	9.270E-01	9.368E-01	42.200	91	90	90
A0A3G3C0Q6_conserved	A0A077EG89_conserved	9.516E-01	9.219E-01	9.316E-01	42.200	91	90	90
A0A3G3C0Q6_conserved	AF-Q9RB01-F1-model_v4_conserved	9.505E-01	9.208E-01	9.305E-01	41.100	91	90	90
A0A3G3C0Q6_conserved	A0A0N9HJI8_conserved	9.467E-01	9.172E-01	9.268E-01	35.500	91	90	90
A0A3G3C0Q6_conserved	Q08I33_conserved	9.470E-01	9.175E-01	9.271E-01	37.700	91	90	90
A0A3G3C0Q6_conserved	Q9ETN2_conserved	9.470E-01	9.175E-01	9.271E-01	37.700	91	90	90
A0A3G3C0Q6_conserved	Q8VT48_conserved	9.447E-01	9.153E-01	9.249E-01	38.800	91	90	90
A0A3G3C0Q6_conserved	Q9F921_conserved	9.436E-01	9.142E-01	9.238E-01	37.700	91	90	90
A0A3G3C0Q6_conserved	Q8GQK7_conserved	9.426E-01	9.133E-01	9.229E-01	35.500	91	90	90
A0A3G3C0Q6_conserved	D2K7P0_conserved	9.432E-01	9.139E-01	9.235E-01	37.700	91	90	90
A0A3G3C0Q6_conserved	D2KCJ9_conserved	9.421E-01	9.128E-01	9.224E-01	36.600	91	90	90
A0A3G3C0Q6_conserved	E2GLP7_conserved	9.420E-01	9.128E-01	9.224E-01	36.600	91	90	90
A0A3G3C0Q6_conserved	Q9EU43_conserved	9.413E-01	9.121E-01	9.217E-01	36.600	91	90	90
A0A3G3C0Q6_conserved	Q6JE29_conserved	9.408E-01	9.117E-01	9.212E-01	37.700	91	90	90
A0A3G3C0Q6_conserved	Q9X482_conserved	9.405E-01	9.114E-01	9.209E-01	37.700	91	90	90
A8QUY6_conserved	A8QUY6_conserved	1.011E+00	1.000E+00	1.000E+00	100.000	91	91	91
A8QUY6_conserved	B0FWK3_conserved	1.010E+00	9.990E-01	9.990E-01	91.200	91	91	91
A8QUY6_conserved	Q1A2Z1_conserved	1.008E+00	9.973E-01	9.973E-01	95.600	91	91	91
A8QUY6_conserved	A0A0D5ZZW5_conserved	1.005E+00	9.937E-01	9.937E-01	95.600	91	91	91
A8QUY6_conserved	F5ANL2_conserved	1.005E+00	9.935E-01	9.935E-01	95.600	91	91	91
A8QUY6_conserved	Q7WYA8_conserved	1.005E+00	9.936E-01	9.936E-01	98.900	91	91	91
A8QUY6_conserved	Q53CM3_conserved	1.004E+00	9.929E-01	9.929E-01	96.700	91	91	91
A8QUY6_conserved	G9JKG5_conserved	1.003E+00	9.922E-01	9.922E-01	100.000	91	91	91
A8QUY6_conserved	Q8VLM7_conserved	1.002E+00	9.906E-01	9.906E-01	96.700	91	91	91
A8QUY6_conserved	Q9AHY6_conserved	1.001E+00	9.899E-01	9.899E-01	96.700	91	91	91
A8QUY6_conserved	G4WB26_conserved	1.011E+00	9.886E-01	9.886E-01	95.500	91	90	91
A8QUY6_conserved	I7CP04_conserved	1.011E+00	9.885E-01	9.885E-01	93.300	91	90	91
A8QUY6_conserved	Q79MP6_conserved	1.011E+00	9.885E-01	9.885E-01	95.500	91	90	91
A8QUY6_conserved	S5WLJ9_conserved	1.011E+00	9.884E-01	9.884E-01	93.300	91	90	91
A8QUY6_conserved	Q9F6Z8_conserved	1.011E+00	9.884E-01	9.884E-01	95.500	91	90	91
A8QUY6_conserved	Q8GIW8_conserved	1.011E+00	9.883E-01	9.883E-01	95.500	91	90	91
A8QUY6_conserved	Q70E85_conserved	1.010E+00	9.883E-01	9.883E-01	94.400	91	90	91
A8QUY6_conserved	F8UQX1_conserved	1.010E+00	9.882E-01	9.882E-01	95.500	91	90	91
A8QUY6_conserved	B2ZTD9_conserved	1.000E+00	9.893E-01	9.893E-01	89.000	91	91	91
A8QUY6_conserved	A0A0S2MTX2_conserved	1.010E+00	9.880E-01	9.880E-01	93.300	91	90	91
A8QUY6_conserved	A0A0H4IUK3_conserved	1.009E+00	9.870E-01	9.870E-01	95.500	91	90	91
A8QUY6_conserved	AF-A0A1B2F003-F1-model_v4_conserved	1.009E+00	9.869E-01	9.869E-01	87.700	91	90	91
A8QUY6_conserved	A0A097J9I0_conserved	1.009E+00	9.865E-01	9.865E-01	94.400	91	90	91
A8QUY6_conserved	A0A161H7D8_conserved	1.007E+00	9.845E-01	9.845E-01	83.300	91	90	91
A8QUY6_conserved	A8R403_conserved	1.006E+00	9.843E-01	9.843E-01	84.400	91	90	91
A8QUY6_conserved	AF-A0A7Y3W177-F1-model_v4_conserved	9.952E-01	9.736E-01	9.736E-01	76.600	91	90	91
A8QUY6_conserved	L0N4W6_conserved	9.952E-01	9.736E-01	9.736E-01	73.300	91	90	91
A8QUY6_conserved	L7X1X1_conserved	9.948E-01	9.732E-01	9.732E-01	71.100	91	90	91
A8QUY6_conserved	AF-C5BSS3-F1-model_v4_conserved	9.939E-01	9.724E-01	9.724E-01	73.300	91	90	91
A8QUY6_conserved	SHD-1_conserved	9.932E-01	9.717E-01	9.717E-01	71.100	91	90	91
A8QUY6_conserved	A0A650AXL4_conserved	9.927E-01	9.712E-01	9.712E-01	68.800	91	90	91
A8QUY6_conserved	Q704V1_conserved	9.920E-01	9.705E-01	9.705E-01	72.200	91	90	91
A8QUY6_conserved	AF-A0A6M4NN58-F1-model_v4_conserved	9.901E-01	9.687E-01	9.687E-01	67.700	91	90	91
A8QUY6_conserved	AF-A0A1L6K5Z3-F1-model_v4_conserved	9.940E-01	9.617E-01	9.722E-01	74.400	91	90	90
A8QUY6_conserved	Q53BU0_conserved	9.860E-01	9.647E-01	9.752E-01	64.400	91	90	90
A8QUY6_conserved	AF-Q12JE6-F1-model_v4_conserved	9.876E-01	9.663E-01	9.663E-01	71.100	91	90	91
A8QUY6_conserved	Q53BU1_conserved	9.811E-01	9.601E-01	9.705E-01	66.600	91	90	90
A8QUY6_conserved	K7SA42_conserved	9.786E-01	9.576E-01	9.576E-01	55.500	91	90	91
A8QUY6_conserved	AF-A0A1L6K5Y5-F1-model_v4_conserved	9.796E-01	9.482E-01	9.584E-01	57.700	91	90	90
A8QUY6_conserved	AF-A0A3G5BD68-F1-model_v4_conserved	9.761E-01	9.553E-01	9.553E-01	54.400	91	90	91
A8QUY6_conserved	A0A3G3C0Q6_conserved	9.755E-01	9.547E-01	9.547E-01	54.400	91	90	91
A8QUY6_conserved	AF-A0A8E7DAJ6-F1-model_v6_conserved	9.754E-01	9.546E-01	9.546E-01	55.500	91	90	91
A8QUY6_conserved	A0A1P8VH15_conserved	9.752E-01	9.544E-01	9.544E-01	54.400	91	90	91
A8QUY6_conserved	A0A1Z3FWF5_conserved	9.752E-01	9.544E-01	9.544E-01	54.400	91	90	91
A8QUY6_conserved	A0A0B5ECY2_conserved	9.751E-01	9.543E-01	9.543E-01	54.400	91	90	91
A8QUY6_conserved	S5ZIP8_conserved	9.750E-01	9.543E-01	9.543E-01	54.400	91	90	91
A8QUY6_conserved	A0A1P8C735_conserved	9.748E-01	9.540E-01	9.540E-01	55.500	91	90	91
A8QUY6_conserved	STA-1_conserved	9.746E-01	9.539E-01	9.539E-01	54.400	91	90	91
A8QUY6_conserved	ALI-2_conserved	9.707E-01	9.499E-01	9.499E-01	56.000	91	91	91
A8QUY6_conserved	ALI-1_conserved	9.703E-01	9.495E-01	9.495E-01	61.500	91	91	91
A8QUY6_conserved	AF-Q1DF71-F1-model_v4_conserved	9.735E-01	9.528E-01	9.528E-01	52.200	91	90	91
A8QUY6_conserved	AF-A0A4Y8LBX5-F1-model_v4_conserved	9.732E-01	9.525E-01	9.525E-01	62.200	91	90	91
A8QUY6_conserved	AF-G0L217-F1-model_v4_conserved	9.743E-01	9.432E-01	9.533E-01	52.200	91	90	90
A8QUY6_conserved	ECV-1_conserved	9.738E-01	9.427E-01	9.529E-01	53.300	91	90	90
A8QUY6_conserved	AF-A0A7T8ZCD9-F1-model_v4_conserved	9.734E-01	9.424E-01	9.525E-01	51.100	91	90	90
A8QUY6_conserved	AF-A0A6B7ELH8-F1-model_v4_conserved	9.728E-01	9.418E-01	9.519E-01	57.700	91	90	90
A8QUY6_conserved	ORR-1_conserved	9.725E-01	9.415E-01	9.516E-01	54.400	91	90	90
A8QUY6_conserved	BMHC-1_conserved	9.723E-01	9.413E-01	9.514E-01	51.100	91	90	90
A8QUY6_conserved	A0A0C5L398_conserved	9.701E-01	9.393E-01	9.494E-01	47.700	91	90	90
A8QUY6_conserved	ANA-1_conserved	9.646E-01	9.442E-01	9.442E-01	55.500	91	90	91
A8QUY6_conserved	Q6SPY5_conserved	9.684E-01	9.376E-01	9.476E-01	56.600	91	90	90
A8QUY6_conserved	P14488_conserved	9.683E-01	9.375E-01	9.475E-01	57.700	91	90	90
A8QUY6_conserved	AF-I0KEZ6-F1-model_v4_conserved	9.658E-01	9.352E-01	9.451E-01	52.200	91	90	90
A8QUY6_conserved	Q8G9Q0_conserved	9.660E-01	9.354E-01	9.454E-01	51.100	91	90	90
A8QUY6_conserved	P25910_conserved	9.614E-01	9.412E-01	9.412E-01	56.600	91	90	91
A8QUY6_conserved	AF-A0A0U3H0V9-F1-model_v4_conserved	9.599E-01	9.295E-01	9.496E-01	54.400	91	90	89
A8QUY6_conserved	Q8RMB8_conserved	9.624E-01	9.319E-01	9.418E-01	46.600	91	90	90
A8QUY6_conserved	A0A2R4PHC7_conserved	9.616E-01	9.312E-01	9.411E-01	56.600	91	90	90
A8QUY6_conserved	Q8GPN1_conserved	9.605E-01	9.302E-01	9.401E-01	52.200	91	90	90
A8QUY6_conserved	AF-A0A844TY23-F1-model_v4_conserved	9.595E-01	9.292E-01	9.391E-01	54.400	91	90	90
A8QUY6_conserved	A0A0H3YDR5_conserved	9.593E-01	9.290E-01	9.389E-01	51.100	91	90	90
A8QUY6_conserved	AF-A0A191Z3S9-F1-model_v4_conserved	9.591E-01	9.288E-01	9.387E-01	47.700	91	90	90
A8QUY6_conserved	Q9ETN2_conserved	9.513E-01	9.314E-01	9.412E-01	48.300	91	91	90
A8QUY6_conserved	Q8GPN2_conserved	9.586E-01	9.283E-01	9.382E-01	50.000	91	90	90
A8QUY6_conserved	SPS-1_conserved	9.549E-01	9.250E-01	9.447E-01	48.800	91	90	89
A8QUY6_conserved	Q840P9_conserved	9.573E-01	9.272E-01	9.370E-01	53.300	91	90	90
A8QUY6_conserved	Q8GKX2_conserved	9.567E-01	9.266E-01	9.364E-01	53.300	91	90	90
A8QUY6_conserved	AF-A0A7U3MVS9-F1-model_v4_conserved	9.565E-01	9.264E-01	9.362E-01	45.500	91	90	90
A8QUY6_conserved	Q2HY42_conserved	9.564E-01	9.263E-01	9.361E-01	53.300	91	90	90
A8QUY6_conserved	Q9XAY4_conserved	9.558E-01	9.257E-01	9.355E-01	53.300	91	90	90
A8QUY6_conserved	E5G503_conserved	9.555E-01	9.255E-01	9.353E-01	53.300	91	90	90
A8QUY6_conserved	Q3YBY0_conserved	9.552E-01	9.251E-01	9.349E-01	53.300	91	90	90
A8QUY6_conserved	B4YAJ7_conserved	9.534E-01	9.234E-01	9.332E-01	52.200	91	90	90
A8QUY6_conserved	I3RJZ3_conserved	9.535E-01	9.236E-01	9.334E-01	52.200	91	90	90
A8QUY6_conserved	Q9F921_conserved	9.445E-01	9.248E-01	9.346E-01	48.300	91	91	90
A8QUY6_conserved	E2GLP7_conserved	9.442E-01	9.246E-01	9.343E-01	47.200	91	91	90
A8QUY6_conserved	Q9F629_conserved	9.519E-01	9.221E-01	9.318E-01	52.200	91	90	90
A8QUY6_conserved	A7WPA3_conserved	9.520E-01	9.221E-01	9.318E-01	52.200	91	90	90
A8QUY6_conserved	Q08I33_conserved	9.421E-01	9.225E-01	9.322E-01	46.100	91	91	90
A8QUY6_conserved	Q6JE29_conserved	9.407E-01	9.212E-01	9.309E-01	46.100	91	91	90
A8QUY6_conserved	Q8VT48_conserved	9.493E-01	9.195E-01	9.292E-01	46.600	91	90	90
A8QUY6_conserved	Q9EU43_conserved	9.404E-01	9.208E-01	9.305E-01	47.200	91	91	90
A8QUY6_conserved	A0A0N9HJI8_conserved	9.478E-01	9.181E-01	9.278E-01	47.700	91	90	90
A8QUY6_conserved	Q9X482_conserved	9.386E-01	9.191E-01	9.288E-01	46.100	91	91	90
A8QUY6_conserved	D2K7P0_conserved	9.476E-01	9.180E-01	9.276E-01	45.500	91	90	90
A8QUY6_conserved	AF-Q9RB01-F1-model_v4_conserved	9.470E-01	9.174E-01	9.271E-01	48.800	91	90	90
A8QUY6_conserved	A0A077EG89_conserved	9.467E-01	9.172E-01	9.268E-01	47.700	91	90	90
A8QUY6_conserved	Q8GQK7_conserved	9.442E-01	9.147E-01	9.243E-01	47.700	91	90	90
A8QUY6_conserved	D2KCJ9_conserved	9.430E-01	9.137E-01	9.232E-01	44.400	91	90	90
A8R403_conserved	A8R403_conserved	1.011E+00	1.000E+00	1.000E+00	100.000	91	91	91
A8R403_conserved	A0A161H7D8_conserved	1.009E+00	9.865E-01	9.865E-01	92.200	91	90	91
A8R403_conserved	A0A0D5ZZW5_conserved	1.007E+00	9.853E-01	9.853E-01	86.600	91	90	91
A8R403_conserved	G4WB26_conserved	1.007E+00	9.852E-01	9.852E-01	85.500	91	90	91
A8R403_conserved	Q70E85_conserved	9.971E-01	9.862E-01	9.862E-01	84.600	91	91	91
A8R403_conserved	B0FWK3_conserved	1.007E+00	9.851E-01	9.851E-01	83.300	91	90	91
A8R403_conserved	Q9F6Z8_conserved	1.007E+00	9.851E-01	9.851E-01	85.500	91	90	91
A8R403_conserved	S5WLJ9_conserved	9.972E-01	9.863E-01	9.863E-01	80.200	91	91	91
A8R403_conserved	Q9AHY6_conserved	1.007E+00	9.849E-01	9.849E-01	85.500	91	90	91
A8R403_conserved	Q53CM3_conserved	1.007E+00	9.848E-01	9.848E-01	84.400	91	90	91
A8R403_conserved	F5ANL2_conserved	1.007E+00	9.847E-01	9.847E-01	85.500	91	90	91
A8R403_conserved	Q79MP6_conserved	1.007E+00	9.846E-01	9.846E-01	85.500	91	90	91
A8R403_conserved	Q8VLM7_conserved	1.007E+00	9.846E-01	9.846E-01	86.600	91	90	91
A8R403_conserved	A0A0S2MTX2_conserved	1.006E+00	9.844E-01	9.844E-01	83.300	91	90	91
A8R403_conserved	Q1A2Z1_conserved	1.006E+00	9.844E-01	9.844E-01	85.500	91	90	91
A8R403_conserved	F8UQX1_conserved	1.006E+00	9.844E-01	9.844E-01	82.200	91	90	91
A8R403_conserved	A8QUY6_conserved	1.006E+00	9.843E-01	9.843E-01	84.400	91	90	91
A8R403_conserved	B2ZTD9_conserved	1.006E+00	9.841E-01	9.841E-01	83.300	91	90	91
A8R403_conserved	Q8GIW8_conserved	1.006E+00	9.840E-01	9.840E-01	85.500	91	90	91
A8R403_conserved	G9JKG5_conserved	1.006E+00	9.840E-01	9.840E-01	84.400	91	90	91
A8R403_conserved	I7CP04_conserved	1.006E+00	9.839E-01	9.839E-01	80.000	91	90	91
A8R403_conserved	Q7WYA8_conserved	1.006E+00	9.838E-01	9.838E-01	83.300	91	90	91
A8R403_conserved	A0A0H4IUK3_conserved	1.005E+00	9.834E-01	9.834E-01	84.400	91	90	91
A8R403_conserved	AF-A0A1B2F003-F1-model_v4_conserved	1.005E+00	9.833E-01	9.833E-01	78.800	91	90	91
A8R403_conserved	A0A097J9I0_conserved	1.005E+00	9.831E-01	9.831E-01	83.300	91	90	91
A8R403_conserved	AF-A0A7Y3W177-F1-model_v4_conserved	1.000E+00	9.782E-01	9.782E-01	81.100	91	90	91
A8R403_conserved	L0N4W6_conserved	9.996E-01	9.778E-01	9.778E-01	80.000	91	90	91
A8R403_conserved	L7X1X1_conserved	9.982E-01	9.765E-01	9.765E-01	77.700	91	90	91
A8R403_conserved	AF-C5BSS3-F1-model_v4_conserved	9.977E-01	9.760E-01	9.760E-01	80.000	91	90	91
A8R403_conserved	SHD-1_conserved	9.975E-01	9.758E-01	9.758E-01	77.700	91	90	91
A8R403_conserved	Q704V1_conserved	9.970E-01	9.754E-01	9.754E-01	76.600	91	90	91
A8R403_conserved	A0A650AXL4_conserved	9.961E-01	9.745E-01	9.745E-01	70.000	91	90	91
A8R403_conserved	Q53BU0_conserved	9.917E-01	9.703E-01	9.809E-01	71.100	91	90	90
A8R403_conserved	AF-A0A1L6K5Z3-F1-model_v4_conserved	9.994E-01	9.667E-01	9.774E-01	81.100	91	90	90
A8R403_conserved	AF-A0A6M4NN58-F1-model_v4_conserved	9.948E-01	9.732E-01	9.732E-01	68.800	91	90	91
A8R403_conserved	AF-Q12JE6-F1-model_v4_conserved	9.917E-01	9.703E-01	9.703E-01	73.300	91	90	91
A8R403_conserved	Q53BU1_conserved	9.874E-01	9.662E-01	9.767E-01	72.200	91	90	90
A8R403_conserved	K7SA42_conserved	9.825E-01	9.615E-01	9.615E-01	56.600	91	90	91
A8R403_conserved	AF-A0A1L6K5Y5-F1-model_v4_conserved	9.848E-01	9.531E-01	9.634E-01	63.300	91	90	90
A8R403_conserved	STA-1_conserved	9.802E-01	9.593E-01	9.593E-01	60.000	91	90	91
A8R403_conserved	AF-A0A4Y8LBX5-F1-model_v4_conserved	9.794E-01	9.585E-01	9.585E-01	65.500	91	90	91
A8R403_conserved	AF-A0A3G5BD68-F1-model_v4_conserved	9.796E-01	9.586E-01	9.586E-01	53.300	91	90	91
A8R403_conserved	ALI-1_conserved	9.758E-01	9.548E-01	9.548E-01	62.600	91	91	91
A8R403_conserved	AF-Q1DF71-F1-model_v4_conserved	9.785E-01	9.576E-01	9.576E-01	55.500	91	90	91
A8R403_conserved	A0A3G3C0Q6_conserved	9.787E-01	9.578E-01	9.578E-01	53.300	91	90	91
A8R403_conserved	AF-A0A8E7DAJ6-F1-model_v6_conserved	9.786E-01	9.577E-01	9.577E-01	54.400	91	90	91
A8R403_conserved	A0A1Z3FWF5_conserved	9.785E-01	9.576E-01	9.576E-01	53.300	91	90	91
A8R403_conserved	A0A1P8VH15_conserved	9.784E-01	9.576E-01	9.576E-01	53.300	91	90	91
A8R403_conserved	S5ZIP8_conserved	9.784E-01	9.575E-01	9.575E-01	53.300	91	90	91
A8R403_conserved	A0A0B5ECY2_conserved	9.784E-01	9.575E-01	9.575E-01	53.300	91	90	91
A8R403_conserved	ALI-2_conserved	9.747E-01	9.538E-01	9.538E-01	59.300	91	91	91
A8R403_conserved	A0A1P8C735_conserved	9.782E-01	9.573E-01	9.573E-01	54.400	91	90	91
A8R403_conserved	AF-G0L217-F1-model_v4_conserved	9.778E-01	9.465E-01	9.567E-01	53.300	91	90	90
A8R403_conserved	AF-A0A7T8ZCD9-F1-model_v4_conserved	9.774E-01	9.461E-01	9.563E-01	53.300	91	90	90
A8R403_conserved	A0A0C5L398_conserved	9.775E-01	9.462E-01	9.564E-01	53.300	91	90	90
A8R403_conserved	AF-A0A6B7ELH8-F1-model_v4_conserved	9.774E-01	9.461E-01	9.563E-01	60.000	91	90	90
A8R403_conserved	ORR-1_conserved	9.771E-01	9.458E-01	9.560E-01	57.700	91	90	90
A8R403_conserved	ECV-1_conserved	9.768E-01	9.456E-01	9.558E-01	54.400	91	90	90
A8R403_conserved	BMHC-1_conserved	9.766E-01	9.454E-01	9.555E-01	53.300	91	90	90
A8R403_conserved	Q6SPY5_conserved	9.749E-01	9.438E-01	9.539E-01	61.100	91	90	90
A8R403_conserved	P14488_conserved	9.746E-01	9.435E-01	9.536E-01	62.200	91	90	90
A8R403_conserved	AF-I0KEZ6-F1-model_v4_conserved	9.742E-01	9.430E-01	9.532E-01	55.500	91	90	90
A8R403_conserved	ANA-1_conserved	9.698E-01	9.492E-01	9.492E-01	60.000	91	90	91
A8R403_conserved	Q8G9Q0_conserved	9.739E-01	9.428E-01	9.530E-01	56.600	91	90	90
A8R403_conserved	P25910_conserved	9.668E-01	9.464E-01	9.464E-01	61.100	91	90	91
A8R403_conserved	AF-A0A0U3H0V9-F1-model_v4_conserved	9.642E-01	9.336E-01	9.538E-01	55.500	91	90	89
A8R403_conserved	A0A2R4PHC7_conserved	9.684E-01	9.376E-01	9.476E-01	61.100	91	90	90
A8R403_conserved	Q8RMB8_conserved	9.685E-01	9.377E-01	9.478E-01	50.000	91	90	90
A8R403_conserved	Q8GPN1_conserved	9.678E-01	9.370E-01	9.471E-01	57.700	91	90	90
A8R403_conserved	AF-A0A844TY23-F1-model_v4_conserved	9.669E-01	9.362E-01	9.462E-01	60.000	91	90	90
A8R403_conserved	AF-A0A191Z3S9-F1-model_v4_conserved	9.665E-01	9.358E-01	9.458E-01	53.300	91	90	90
A8R403_conserved	A0A0H3YDR5_conserved	9.661E-01	9.354E-01	9.454E-01	56.600	91	90	90
A8R403_conserved	AF-A0A7U3MVS9-F1-model_v4_conserved	9.667E-01	9.360E-01	9.460E-01	52.200	91	90	90
A8R403_conserved	Q8GPN2_conserved	9.656E-01	9.349E-01	9.449E-01	55.500	91	90	90
A8R403_conserved	SPS-1_conserved	9.617E-01	9.314E-01	9.514E-01	53.300	91	90	89
A8R403_conserved	Q840P9_conserved	9.629E-01	9.325E-01	9.424E-01	60.000	91	90	90
A8R403_conserved	Q8GKX2_conserved	9.625E-01	9.321E-01	9.420E-01	60.000	91	90	90
A8R403_conserved	Q2HY42_conserved	9.622E-01	9.318E-01	9.417E-01	61.100	91	90	90
A8R403_conserved	Q9XAY4_conserved	9.617E-01	9.313E-01	9.412E-01	60.000	91	90	90
A8R403_conserved	E5G503_conserved	9.615E-01	9.311E-01	9.410E-01	60.000	91	90	90
A8R403_conserved	Q3YBY0_conserved	9.612E-01	9.308E-01	9.407E-01	60.000	91	90	90
A8R403_conserved	I3RJZ3_conserved	9.596E-01	9.294E-01	9.393E-01	58.800	91	90	90
A8R403_conserved	B4YAJ7_conserved	9.593E-01	9.291E-01	9.389E-01	58.800	91	90	90
A8R403_conserved	Q9ETN2_conserved	9.580E-01	9.277E-01	9.376E-01	52.200	91	90	90
A8R403_conserved	Q9F629_conserved	9.581E-01	9.279E-01	9.377E-01	58.800	91	90	90
A8R403_conserved	A7WPA3_conserved	9.581E-01	9.279E-01	9.378E-01	58.800	91	90	90
A8R403_conserved	Q08I33_conserved	9.560E-01	9.259E-01	9.358E-01	51.100	91	90	90
A8R403_conserved	A0A0N9HJI8_conserved	9.549E-01	9.248E-01	9.346E-01	52.200	91	90	90
A8R403_conserved	Q9F921_conserved	9.555E-01	9.254E-01	9.352E-01	53.300	91	90	90
A8R403_conserved	AF-Q9RB01-F1-model_v4_conserved	9.563E-01	9.262E-01	9.360E-01	53.300	91	90	90
A8R403_conserved	Q8VT48_conserved	9.553E-01	9.252E-01	9.350E-01	52.200	91	90	90
A8R403_conserved	A0A077EG89_conserved	9.561E-01	9.261E-01	9.359E-01	53.300	91	90	90
A8R403_conserved	E2GLP7_conserved	9.546E-01	9.246E-01	9.344E-01	52.200	91	90	90
A8R403_conserved	D2K7P0_conserved	9.452E-01	9.254E-01	9.352E-01	51.600	91	91	90
A8R403_conserved	Q9EU43_conserved	9.539E-01	9.239E-01	9.337E-01	52.200	91	90	90
A8R403_conserved	Q6JE29_conserved	9.532E-01	9.233E-01	9.330E-01	51.100	91	90	90
A8R403_conserved	Q9X482_conserved	9.532E-01	9.232E-01	9.330E-01	51.100	91	90	90
A8R403_conserved	Q8GQK7_conserved	9.516E-01	9.216E-01	9.314E-01	52.200	91	90	90
A8R403_conserved	D2KCJ9_conserved	9.408E-01	9.212E-01	9.309E-01	50.500	91	91	90
AF-A0A1L6K5Y5-F1-model_v4_conserved	AF-A0A1L6K5Y5-F1-model_v4_conserved	1.011E+00	1.000E+00	1.000E+00	100.000	90	90	90
AF-A0A1L6K5Y5-F1-model_v4_conserved	Q53BU1_conserved	9.974E-01	9.755E-01	9.755E-01	63.300	90	90	90
AF-A0A1L6K5Y5-F1-model_v4_conserved	Q53BU0_conserved	9.969E-01	9.750E-01	9.750E-01	62.200	90	90	90
AF-A0A1L6K5Y5-F1-model_v4_conserved	Q6SPY5_conserved	9.939E-01	9.721E-01	9.721E-01	68.500	90	89	90
AF-A0A1L6K5Y5-F1-model_v4_conserved	P14488_conserved	9.938E-01	9.720E-01	9.720E-01	67.400	90	89	90
AF-A0A1L6K5Y5-F1-model_v4_conserved	AF-A0A1L6K5Z3-F1-model_v4_conserved	9.928E-01	9.711E-01	9.711E-01	62.900	90	89	90
AF-A0A1L6K5Y5-F1-model_v4_conserved	AF-I0KEZ6-F1-model_v4_conserved	9.919E-01	9.703E-01	9.703E-01	60.600	90	89	90
AF-A0A1L6K5Y5-F1-model_v4_conserved	AF-A0A4Y8LBX5-F1-model_v4_conserved	9.936E-01	9.719E-01	9.614E-01	66.600	90	90	91
AF-A0A1L6K5Y5-F1-model_v4_conserved	AF-A0A7Y3W177-F1-model_v4_conserved	9.935E-01	9.718E-01	9.613E-01	64.400	90	90	91
AF-A0A1L6K5Y5-F1-model_v4_conserved	L7X1X1_conserved	9.931E-01	9.714E-01	9.609E-01	61.100	90	90	91
AF-A0A1L6K5Y5-F1-model_v4_conserved	SHD-1_conserved	9.929E-01	9.712E-01	9.607E-01	60.000	90	90	91
AF-A0A1L6K5Y5-F1-model_v4_conserved	Q704V1_conserved	9.930E-01	9.713E-01	9.608E-01	60.000	90	90	91
AF-A0A1L6K5Y5-F1-model_v4_conserved	AF-A0A6M4NN58-F1-model_v4_conserved	9.925E-01	9.708E-01	9.603E-01	60.000	90	90	91
AF-A0A1L6K5Y5-F1-model_v4_conserved	AF-C5BSS3-F1-model_v4_conserved	9.918E-01	9.702E-01	9.597E-01	62.200	90	90	91
AF-A0A1L6K5Y5-F1-model_v4_conserved	A0A650AXL4_conserved	9.914E-01	9.697E-01	9.593E-01	60.000	90	90	91
AF-A0A1L6K5Y5-F1-model_v4_conserved	L0N4W6_conserved	9.912E-01	9.696E-01	9.591E-01	58.800	90	90	91
AF-A0A1L6K5Y5-F1-model_v4_conserved	AF-Q12JE6-F1-model_v4_conserved	9.911E-01	9.695E-01	9.590E-01	61.100	90	90	91
AF-A0A1L6K5Y5-F1-model_v4_conserved	K7SA42_conserved	9.902E-01	9.686E-01	9.582E-01	57.700	90	90	91
AF-A0A1L6K5Y5-F1-model_v4_conserved	STA-1_conserved	9.901E-01	9.686E-01	9.581E-01	67.700	90	90	91
AF-A0A1L6K5Y5-F1-model_v4_conserved	AF-Q1DF71-F1-model_v4_conserved	9.890E-01	9.675E-01	9.571E-01	68.800	90	90	91
AF-A0A1L6K5Y5-F1-model_v4_conserved	P25910_conserved	9.886E-01	9.671E-01	9.567E-01	60.000	90	90	91
AF-A0A1L6K5Y5-F1-model_v4_conserved	A0A0C5L398_conserved	9.845E-01	9.632E-01	9.632E-01	52.800	90	89	90
AF-A0A1L6K5Y5-F1-model_v4_conserved	ANA-1_conserved	9.878E-01	9.663E-01	9.559E-01	61.100	90	90	91
AF-A0A1L6K5Y5-F1-model_v4_conserved	ALI-2_conserved	9.867E-01	9.653E-01	9.549E-01	56.600	90	90	91
AF-A0A1L6K5Y5-F1-model_v4_conserved	Q840P9_conserved	9.827E-01	9.614E-01	9.614E-01	68.500	90	89	90
AF-A0A1L6K5Y5-F1-model_v4_conserved	A8R403_conserved	9.848E-01	9.634E-01	9.531E-01	63.300	90	90	91
AF-A0A1L6K5Y5-F1-model_v4_conserved	Q8GKX2_conserved	9.812E-01	9.600E-01	9.600E-01	69.600	90	89	90
AF-A0A1L6K5Y5-F1-model_v4_conserved	Q2HY42_conserved	9.811E-01	9.599E-01	9.599E-01	70.700	90	89	90
AF-A0A1L6K5Y5-F1-model_v4_conserved	Q3YBY0_conserved	9.810E-01	9.598E-01	9.598E-01	69.600	90	89	90
AF-A0A1L6K5Y5-F1-model_v4_conserved	ALI-1_conserved	9.850E-01	9.637E-01	9.534E-01	51.100	90	90	91
AF-A0A1L6K5Y5-F1-model_v4_conserved	Q8GPN1_conserved	9.800E-01	9.588E-01	9.588E-01	56.100	90	89	90
AF-A0A1L6K5Y5-F1-model_v4_conserved	AF-A0A844TY23-F1-model_v4_conserved	9.800E-01	9.588E-01	9.588E-01	57.300	90	89	90
AF-A0A1L6K5Y5-F1-model_v4_conserved	E5G503_conserved	9.809E-01	9.597E-01	9.597E-01	69.600	90	89	90
AF-A0A1L6K5Y5-F1-model_v4_conserved	Q9XAY4_conserved	9.809E-01	9.597E-01	9.597E-01	69.600	90	89	90
AF-A0A1L6K5Y5-F1-model_v4_conserved	A0A161H7D8_conserved	9.836E-01	9.623E-01	9.520E-01	58.800	90	90	91
AF-A0A1L6K5Y5-F1-model_v4_conserved	AF-A0A191Z3S9-F1-model_v4_conserved	9.793E-01	9.581E-01	9.581E-01	55.000	90	89	90
AF-A0A1L6K5Y5-F1-model_v4_conserved	I3RJZ3_conserved	9.802E-01	9.590E-01	9.590E-01	68.500	90	89	90
AF-A0A1L6K5Y5-F1-model_v4_conserved	B4YAJ7_conserved	9.801E-01	9.589E-01	9.589E-01	68.500	90	89	90
AF-A0A1L6K5Y5-F1-model_v4_conserved	A7WPA3_conserved	9.796E-01	9.584E-01	9.584E-01	68.500	90	89	90
AF-A0A1L6K5Y5-F1-model_v4_conserved	Q8GPN2_conserved	9.784E-01	9.572E-01	9.572E-01	56.100	90	89	90
AF-A0A1L6K5Y5-F1-model_v4_conserved	A0A0H3YDR5_conserved	9.784E-01	9.572E-01	9.572E-01	55.000	90	89	90
AF-A0A1L6K5Y5-F1-model_v4_conserved	Q9F629_conserved	9.791E-01	9.580E-01	9.580E-01	68.500	90	89	90
AF-A0A1L6K5Y5-F1-model_v4_conserved	Q8GIW8_conserved	9.807E-01	9.595E-01	9.492E-01	58.800	90	90	91
AF-A0A1L6K5Y5-F1-model_v4_conserved	B2ZTD9_conserved	9.805E-01	9.592E-01	9.490E-01	60.000	90	90	91
AF-A0A1L6K5Y5-F1-model_v4_conserved	B0FWK3_conserved	9.805E-01	9.593E-01	9.490E-01	63.300	90	90	91
AF-A0A1L6K5Y5-F1-model_v4_conserved	F8UQX1_conserved	9.805E-01	9.593E-01	9.490E-01	55.500	90	90	91
AF-A0A1L6K5Y5-F1-model_v4_conserved	A0A097J9I0_conserved	9.803E-01	9.591E-01	9.488E-01	57.700	90	90	91
AF-A0A1L6K5Y5-F1-model_v4_conserved	G4WB26_conserved	9.802E-01	9.590E-01	9.487E-01	61.100	90	90	91
AF-A0A1L6K5Y5-F1-model_v4_conserved	A0A0D5ZZW5_conserved	9.801E-01	9.589E-01	9.487E-01	62.200	90	90	91
AF-A0A1L6K5Y5-F1-model_v4_conserved	AF-A0A3G5BD68-F1-model_v4_conserved	9.808E-01	9.596E-01	9.493E-01	50.000	90	90	91
AF-A0A1L6K5Y5-F1-model_v4_conserved	Q9F6Z8_conserved	9.801E-01	9.588E-01	9.486E-01	58.800	90	90	91
AF-A0A1L6K5Y5-F1-model_v4_conserved	A0A2R4PHC7_conserved	9.765E-01	9.554E-01	9.554E-01	62.900	90	89	90
AF-A0A1L6K5Y5-F1-model_v4_conserved	A0A3G3C0Q6_conserved	9.807E-01	9.595E-01	9.493E-01	50.000	90	90	91
AF-A0A1L6K5Y5-F1-model_v4_conserved	S5WLJ9_conserved	9.800E-01	9.588E-01	9.486E-01	56.600	90	90	91
AF-A0A1L6K5Y5-F1-model_v4_conserved	AF-A0A8E7DAJ6-F1-model_v6_conserved	9.807E-01	9.595E-01	9.492E-01	51.100	90	90	91
AF-A0A1L6K5Y5-F1-model_v4_conserved	A0A1Z3FWF5_conserved	9.807E-01	9.595E-01	9.492E-01	50.000	90	90	91
AF-A0A1L6K5Y5-F1-model_v4_conserved	Q8VLM7_conserved	9.799E-01	9.587E-01	9.484E-01	60.000	90	90	91
AF-A0A1L6K5Y5-F1-model_v4_conserved	Q7WYA8_conserved	9.799E-01	9.587E-01	9.484E-01	56.600	90	90	91
AF-A0A1L6K5Y5-F1-model_v4_conserved	I7CP04_conserved	9.798E-01	9.586E-01	9.484E-01	56.600	90	90	91
AF-A0A1L6K5Y5-F1-model_v4_conserved	A0A1P8C735_conserved	9.805E-01	9.593E-01	9.490E-01	51.100	90	90	91
AF-A0A1L6K5Y5-F1-model_v4_conserved	Q1A2Z1_conserved	9.797E-01	9.585E-01	9.483E-01	58.800	90	90	91
AF-A0A1L6K5Y5-F1-model_v4_conserved	S5ZIP8_conserved	9.804E-01	9.592E-01	9.489E-01	50.000	90	90	91
AF-A0A1L6K5Y5-F1-model_v4_conserved	A0A0H4IUK3_conserved	9.798E-01	9.586E-01	9.483E-01	58.800	90	90	91
AF-A0A1L6K5Y5-F1-model_v4_conserved	A0A1P8VH15_conserved	9.803E-01	9.592E-01	9.489E-01	50.000	90	90	91
AF-A0A1L6K5Y5-F1-model_v4_conserved	A8QUY6_conserved	9.796E-01	9.584E-01	9.482E-01	57.700	90	90	91
AF-A0A1L6K5Y5-F1-model_v4_conserved	A0A0B5ECY2_conserved	9.803E-01	9.591E-01	9.488E-01	50.000	90	90	91
AF-A0A1L6K5Y5-F1-model_v4_conserved	Q53CM3_conserved	9.796E-01	9.584E-01	9.481E-01	60.000	90	90	91
AF-A0A1L6K5Y5-F1-model_v4_conserved	AF-G0L217-F1-model_v4_conserved	9.738E-01	9.527E-01	9.527E-01	51.100	90	90	90
AF-A0A1L6K5Y5-F1-model_v4_conserved	F5ANL2_conserved	9.793E-01	9.581E-01	9.478E-01	61.100	90	90	91
AF-A0A1L6K5Y5-F1-model_v4_conserved	Q9AHY6_conserved	9.793E-01	9.581E-01	9.478E-01	61.100	90	90	91
AF-A0A1L6K5Y5-F1-model_v4_conserved	A0A0S2MTX2_conserved	9.790E-01	9.579E-01	9.476E-01	56.600	90	90	91
AF-A0A1L6K5Y5-F1-model_v4_conserved	Q79MP6_conserved	9.790E-01	9.579E-01	9.476E-01	58.800	90	90	91
AF-A0A1L6K5Y5-F1-model_v4_conserved	G9JKG5_conserved	9.790E-01	9.578E-01	9.476E-01	57.700	90	90	91
AF-A0A1L6K5Y5-F1-model_v4_conserved	Q70E85_conserved	9.786E-01	9.575E-01	9.472E-01	58.800	90	90	91
AF-A0A1L6K5Y5-F1-model_v4_conserved	ORR-1_conserved	9.721E-01	9.511E-01	9.511E-01	53.300	90	90	90
AF-A0A1L6K5Y5-F1-model_v4_conserved	Q8RMB8_conserved	9.739E-01	9.530E-01	9.530E-01	53.900	90	89	90
AF-A0A1L6K5Y5-F1-model_v4_conserved	AF-A0A7T8ZCD9-F1-model_v4_conserved	9.716E-01	9.506E-01	9.506E-01	48.800	90	90	90
AF-A0A1L6K5Y5-F1-model_v4_conserved	AF-A0A1B2F003-F1-model_v4_conserved	9.768E-01	9.557E-01	9.455E-01	57.700	90	90	91
AF-A0A1L6K5Y5-F1-model_v4_conserved	ECV-1_conserved	9.709E-01	9.499E-01	9.499E-01	55.500	90	90	90
AF-A0A1L6K5Y5-F1-model_v4_conserved	Q9ETN2_conserved	9.712E-01	9.503E-01	9.503E-01	51.600	90	89	90
AF-A0A1L6K5Y5-F1-model_v4_conserved	Q08I33_conserved	9.703E-01	9.494E-01	9.494E-01	51.600	90	89	90
AF-A0A1L6K5Y5-F1-model_v4_conserved	Q9F921_conserved	9.700E-01	9.492E-01	9.492E-01	53.900	90	89	90
AF-A0A1L6K5Y5-F1-model_v4_conserved	BMHC-1_conserved	9.685E-01	9.476E-01	9.476E-01	51.100	90	90	90
AF-A0A1L6K5Y5-F1-model_v4_conserved	Q8VT48_conserved	9.697E-01	9.489E-01	9.489E-01	50.500	90	89	90
AF-A0A1L6K5Y5-F1-model_v4_conserved	E2GLP7_conserved	9.695E-01	9.486E-01	9.486E-01	52.800	90	89	90
AF-A0A1L6K5Y5-F1-model_v4_conserved	AF-A0A6B7ELH8-F1-model_v4_conserved	9.678E-01	9.469E-01	9.469E-01	53.300	90	90	90
AF-A0A1L6K5Y5-F1-model_v4_conserved	A0A0N9HJI8_conserved	9.681E-01	9.473E-01	9.473E-01	50.500	90	89	90
AF-A0A1L6K5Y5-F1-model_v4_conserved	Q9EU43_conserved	9.689E-01	9.481E-01	9.481E-01	52.800	90	89	90
AF-A0A1L6K5Y5-F1-model_v4_conserved	Q6JE29_conserved	9.687E-01	9.479E-01	9.479E-01	51.600	90	89	90
AF-A0A1L6K5Y5-F1-model_v4_conserved	Q9X482_conserved	9.686E-01	9.478E-01	9.478E-01	51.600	90	89	90
AF-A0A1L6K5Y5-F1-model_v4_conserved	D2K7P0_conserved	9.683E-01	9.475E-01	9.475E-01	51.600	90	89	90
AF-A0A1L6K5Y5-F1-model_v4_conserved	AF-A0A0U3H0V9-F1-model_v4_conserved	9.608E-01	9.402E-01	9.504E-01	53.300	90	90	89
AF-A0A1L6K5Y5-F1-model_v4_conserved	A0A077EG89_conserved	9.679E-01	9.472E-01	9.472E-01	48.300	90	89	90
AF-A0A1L6K5Y5-F1-model_v4_conserved	Q8GQK7_conserved	9.661E-01	9.454E-01	9.454E-01	50.500	90	89	90
AF-A0A1L6K5Y5-F1-model_v4_conserved	AF-A0A7U3MVS9-F1-model_v4_conserved	9.688E-01	9.481E-01	9.481E-01	48.300	90	89	90
AF-A0A1L6K5Y5-F1-model_v4_conserved	D2KCJ9_conserved	9.662E-01	9.455E-01	9.455E-01	51.600	90	89	90
AF-A0A1L6K5Y5-F1-model_v4_conserved	AF-Q9RB01-F1-model_v4_conserved	9.657E-01	9.450E-01	9.450E-01	47.100	90	89	90
AF-A0A1L6K5Y5-F1-model_v4_conserved	SPS-1_conserved	9.616E-01	9.412E-01	9.513E-01	49.400	90	89	89
AF-A0A1L6K5Y5-F1-model_v4_conserved	Q8G9Q0_conserved	9.601E-01	9.397E-01	9.397E-01	49.400	90	89	90
AF-A0A7Y3W177-F1-model_v4_conserved	AF-A0A7Y3W177-F1-model_v4_conserved	1.011E+00	1.000E+00	1.000E+00	100.000	91	91	91
AF-A0A7Y3W177-F1-model_v4_conserved	L7X1X1_conserved	9.989E-01	9.880E-01	9.880E-01	83.500	91	91	91
AF-A0A7Y3W177-F1-model_v4_conserved	L0N4W6_conserved	1.007E+00	9.848E-01	9.848E-01	80.000	91	90	91
AF-A0A7Y3W177-F1-model_v4_conserved	AF-C5BSS3-F1-model_v4_conserved	1.007E+00	9.845E-01	9.845E-01	81.100	91	90	91
AF-A0A7Y3W177-F1-model_v4_conserved	SHD-1_conserved	1.006E+00	9.837E-01	9.837E-01	84.400	91	90	91
AF-A0A7Y3W177-F1-model_v4_conserved	AF-A0A1L6K5Z3-F1-model_v4_conserved	1.009E+00	9.761E-01	9.869E-01	85.500	91	90	90
AF-A0A7Y3W177-F1-model_v4_conserved	Q53BU0_conserved	1.001E+00	9.791E-01	9.899E-01	67.700	91	90	90
AF-A0A7Y3W177-F1-model_v4_conserved	Q704V1_conserved	1.004E+00	9.824E-01	9.824E-01	80.000	91	90	91
AF-A0A7Y3W177-F1-model_v4_conserved	AF-A0A6M4NN58-F1-model_v4_conserved	1.003E+00	9.815E-01	9.815E-01	70.000	91	90	91
AF-A0A7Y3W177-F1-model_v4_conserved	Q53BU1_conserved	9.994E-01	9.777E-01	9.885E-01	71.100	91	90	90
AF-A0A7Y3W177-F1-model_v4_conserved	A0A650AXL4_conserved	1.003E+00	9.811E-01	9.811E-01	70.000	91	90	91
AF-A0A7Y3W177-F1-model_v4_conserved	AF-Q12JE6-F1-model_v4_conserved	1.001E+00	9.793E-01	9.793E-01	74.400	91	90	91
AF-A0A7Y3W177-F1-model_v4_conserved	A8R403_conserved	1.000E+00	9.782E-01	9.782E-01	81.100	91	90	91
AF-A0A7Y3W177-F1-model_v4_conserved	A0A161H7D8_conserved	9.993E-01	9.776E-01	9.776E-01	81.100	91	90	91
AF-A0A7Y3W177-F1-model_v4_conserved	G4WB26_conserved	9.896E-01	9.789E-01	9.789E-01	79.100	91	91	91
AF-A0A7Y3W177-F1-model_v4_conserved	A0A0S2MTX2_conserved	9.905E-01	9.798E-01	9.798E-01	75.800	91	91	91
AF-A0A7Y3W177-F1-model_v4_conserved	B2ZTD9_conserved	9.881E-01	9.774E-01	9.774E-01	81.300	91	91	91
AF-A0A7Y3W177-F1-model_v4_conserved	F8UQX1_conserved	9.886E-01	9.778E-01	9.778E-01	76.900	91	91	91
AF-A0A7Y3W177-F1-model_v4_conserved	Q8VLM7_conserved	9.874E-01	9.767E-01	9.767E-01	79.100	91	91	91
AF-A0A7Y3W177-F1-model_v4_conserved	Q70E85_conserved	9.869E-01	9.763E-01	9.763E-01	76.900	91	91	91
AF-A0A7Y3W177-F1-model_v4_conserved	Q9AHY6_conserved	9.860E-01	9.753E-01	9.753E-01	79.100	91	91	91
AF-A0A7Y3W177-F1-model_v4_conserved	I7CP04_conserved	9.866E-01	9.760E-01	9.760E-01	74.700	91	91	91
AF-A0A7Y3W177-F1-model_v4_conserved	A0A097J9I0_conserved	9.871E-01	9.765E-01	9.765E-01	78.000	91	91	91
AF-A0A7Y3W177-F1-model_v4_conserved	A0A0D5ZZW5_conserved	9.963E-01	9.746E-01	9.746E-01	80.000	91	90	91
AF-A0A7Y3W177-F1-model_v4_conserved	S5WLJ9_conserved	9.862E-01	9.756E-01	9.756E-01	74.700	91	91	91
AF-A0A7Y3W177-F1-model_v4_conserved	Q9F6Z8_conserved	9.961E-01	9.745E-01	9.745E-01	77.700	91	90	91
AF-A0A7Y3W177-F1-model_v4_conserved	Q8GIW8_conserved	9.960E-01	9.744E-01	9.744E-01	80.000	91	90	91
AF-A0A7Y3W177-F1-model_v4_conserved	Q79MP6_conserved	9.862E-01	9.755E-01	9.755E-01	78.000	91	91	91
AF-A0A7Y3W177-F1-model_v4_conserved	B0FWK3_conserved	9.959E-01	9.743E-01	9.743E-01	77.700	91	90	91
AF-A0A7Y3W177-F1-model_v4_conserved	Q7WYA8_conserved	9.957E-01	9.740E-01	9.740E-01	75.500	91	90	91
AF-A0A7Y3W177-F1-model_v4_conserved	Q1A2Z1_conserved	9.955E-01	9.739E-01	9.739E-01	77.700	91	90	91
AF-A0A7Y3W177-F1-model_v4_conserved	Q53CM3_conserved	9.955E-01	9.739E-01	9.739E-01	77.700	91	90	91
AF-A0A7Y3W177-F1-model_v4_conserved	F5ANL2_conserved	9.953E-01	9.737E-01	9.737E-01	78.800	91	90	91
AF-A0A7Y3W177-F1-model_v4_conserved	G9JKG5_conserved	9.952E-01	9.736E-01	9.736E-01	76.600	91	90	91
AF-A0A7Y3W177-F1-model_v4_conserved	A8QUY6_conserved	9.952E-01	9.736E-01	9.736E-01	76.600	91	90	91
AF-A0A7Y3W177-F1-model_v4_conserved	AF-A0A1B2F003-F1-model_v4_conserved	9.941E-01	9.726E-01	9.726E-01	76.600	91	90	91
AF-A0A7Y3W177-F1-model_v4_conserved	A0A0H4IUK3_conserved	9.935E-01	9.720E-01	9.720E-01	78.800	91	90	91
AF-A0A7Y3W177-F1-model_v4_conserved	K7SA42_conserved	9.900E-01	9.686E-01	9.686E-01	56.600	91	90	91
AF-A0A7Y3W177-F1-model_v4_conserved	AF-A0A1L6K5Y5-F1-model_v4_conserved	9.935E-01	9.613E-01	9.718E-01	64.400	91	90	90
AF-A0A7Y3W177-F1-model_v4_conserved	STA-1_conserved	9.880E-01	9.668E-01	9.668E-01	61.100	91	90	91
AF-A0A7Y3W177-F1-model_v4_conserved	AF-Q1DF71-F1-model_v4_conserved	9.856E-01	9.644E-01	9.644E-01	56.600	91	90	91
AF-A0A7Y3W177-F1-model_v4_conserved	ALI-1_conserved	9.824E-01	9.611E-01	9.611E-01	64.800	91	91	91
AF-A0A7Y3W177-F1-model_v4_conserved	AF-A0A4Y8LBX5-F1-model_v4_conserved	9.854E-01	9.642E-01	9.642E-01	65.500	91	90	91
AF-A0A7Y3W177-F1-model_v4_conserved	ORR-1_conserved	9.890E-01	9.571E-01	9.675E-01	56.600	91	90	90
AF-A0A7Y3W177-F1-model_v4_conserved	ALI-2_conserved	9.817E-01	9.605E-01	9.605E-01	65.900	91	91	91
AF-A0A7Y3W177-F1-model_v4_conserved	AF-A0A7T8ZCD9-F1-model_v4_conserved	9.882E-01	9.563E-01	9.667E-01	54.400	91	90	90
AF-A0A7Y3W177-F1-model_v4_conserved	AF-A0A3G5BD68-F1-model_v4_conserved	9.840E-01	9.629E-01	9.629E-01	50.000	91	90	91
AF-A0A7Y3W177-F1-model_v4_conserved	A0A0C5L398_conserved	9.874E-01	9.556E-01	9.660E-01	51.100	91	90	90
AF-A0A7Y3W177-F1-model_v4_conserved	AF-G0L217-F1-model_v4_conserved	9.873E-01	9.555E-01	9.659E-01	55.500	91	90	90
AF-A0A7Y3W177-F1-model_v4_conserved	A0A3G3C0Q6_conserved	9.826E-01	9.616E-01	9.616E-01	50.000	91	90	91
AF-A0A7Y3W177-F1-model_v4_conserved	AF-A0A6B7ELH8-F1-model_v4_conserved	9.867E-01	9.549E-01	9.653E-01	54.400	91	90	90
AF-A0A7Y3W177-F1-model_v4_conserved	AF-A0A8E7DAJ6-F1-model_v6_conserved	9.826E-01	9.615E-01	9.615E-01	50.000	91	90	91
AF-A0A7Y3W177-F1-model_v4_conserved	A0A1P8VH15_conserved	9.825E-01	9.615E-01	9.615E-01	50.000	91	90	91
AF-A0A7Y3W177-F1-model_v4_conserved	S5ZIP8_conserved	9.825E-01	9.615E-01	9.615E-01	50.000	91	90	91
AF-A0A7Y3W177-F1-model_v4_conserved	A0A1Z3FWF5_conserved	9.825E-01	9.614E-01	9.614E-01	50.000	91	90	91
AF-A0A7Y3W177-F1-model_v4_conserved	ECV-1_conserved	9.865E-01	9.547E-01	9.651E-01	58.800	91	90	90
AF-A0A7Y3W177-F1-model_v4_conserved	A0A1P8C735_conserved	9.823E-01	9.613E-01	9.613E-01	50.000	91	90	91
AF-A0A7Y3W177-F1-model_v4_conserved	A0A0B5ECY2_conserved	9.823E-01	9.612E-01	9.612E-01	50.000	91	90	91
AF-A0A7Y3W177-F1-model_v4_conserved	BMHC-1_conserved	9.850E-01	9.533E-01	9.637E-01	51.100	91	90	90
AF-A0A7Y3W177-F1-model_v4_conserved	ANA-1_conserved	9.803E-01	9.593E-01	9.593E-01	56.600	91	90	91
AF-A0A7Y3W177-F1-model_v4_conserved	AF-I0KEZ6-F1-model_v4_conserved	9.834E-01	9.518E-01	9.621E-01	48.800	91	90	90
AF-A0A7Y3W177-F1-model_v4_conserved	Q6SPY5_conserved	9.818E-01	9.503E-01	9.606E-01	57.700	91	90	90
AF-A0A7Y3W177-F1-model_v4_conserved	P14488_conserved	9.815E-01	9.500E-01	9.603E-01	57.700	91	90	90
AF-A0A7Y3W177-F1-model_v4_conserved	A0A2R4PHC7_conserved	9.807E-01	9.492E-01	9.595E-01	65.500	91	90	90
AF-A0A7Y3W177-F1-model_v4_conserved	AF-A0A0U3H0V9-F1-model_v4_conserved	9.759E-01	9.446E-01	9.652E-01	55.500	91	90	89
AF-A0A7Y3W177-F1-model_v4_conserved	Q8RMB8_conserved	9.787E-01	9.473E-01	9.576E-01	48.800	91	90	90
AF-A0A7Y3W177-F1-model_v4_conserved	P25910_conserved	9.751E-01	9.544E-01	9.544E-01	56.600	91	90	91
AF-A0A7Y3W177-F1-model_v4_conserved	Q8GPN1_conserved	9.773E-01	9.460E-01	9.562E-01	53.300	91	90	90
AF-A0A7Y3W177-F1-model_v4_conserved	Q840P9_conserved	9.777E-01	9.464E-01	9.566E-01	61.100	91	90	90
AF-A0A7Y3W177-F1-model_v4_conserved	Q8GKX2_conserved	9.774E-01	9.461E-01	9.563E-01	64.400	91	90	90
AF-A0A7Y3W177-F1-model_v4_conserved	AF-A0A844TY23-F1-model_v4_conserved	9.767E-01	9.454E-01	9.556E-01	53.300	91	90	90
AF-A0A7Y3W177-F1-model_v4_conserved	Q2HY42_conserved	9.772E-01	9.460E-01	9.562E-01	64.400	91	90	90
AF-A0A7Y3W177-F1-model_v4_conserved	AF-A0A191Z3S9-F1-model_v4_conserved	9.763E-01	9.450E-01	9.552E-01	50.000	91	90	90
AF-A0A7Y3W177-F1-model_v4_conserved	Q9XAY4_conserved	9.768E-01	9.456E-01	9.557E-01	63.300	91	90	90
AF-A0A7Y3W177-F1-model_v4_conserved	Q3YBY0_conserved	9.764E-01	9.452E-01	9.554E-01	63.300	91	90	90
AF-A0A7Y3W177-F1-model_v4_conserved	E5G503_conserved	9.764E-01	9.452E-01	9.554E-01	64.400	91	90	90
AF-A0A7Y3W177-F1-model_v4_conserved	A0A0H3YDR5_conserved	9.756E-01	9.444E-01	9.546E-01	53.300	91	90	90
AF-A0A7Y3W177-F1-model_v4_conserved	Q8GPN2_conserved	9.752E-01	9.440E-01	9.542E-01	52.200	91	90	90
AF-A0A7Y3W177-F1-model_v4_conserved	I3RJZ3_conserved	9.749E-01	9.438E-01	9.539E-01	62.200	91	90	90
AF-A0A7Y3W177-F1-model_v4_conserved	B4YAJ7_conserved	9.745E-01	9.434E-01	9.535E-01	62.200	91	90	90
AF-A0A7Y3W177-F1-model_v4_conserved	AF-A0A7U3MVS9-F1-model_v4_conserved	9.743E-01	9.432E-01	9.534E-01	54.400	91	90	90
AF-A0A7Y3W177-F1-model_v4_conserved	Q9F629_conserved	9.732E-01	9.422E-01	9.523E-01	62.200	91	90	90
AF-A0A7Y3W177-F1-model_v4_conserved	A7WPA3_conserved	9.733E-01	9.422E-01	9.524E-01	62.200	91	90	90
AF-A0A7Y3W177-F1-model_v4_conserved	SPS-1_conserved	9.685E-01	9.378E-01	9.580E-01	51.100	91	90	89
AF-A0A7Y3W177-F1-model_v4_conserved	Q8G9Q0_conserved	9.698E-01	9.390E-01	9.490E-01	55.500	91	90	90
AF-A0A7Y3W177-F1-model_v4_conserved	Q9ETN2_conserved	9.668E-01	9.361E-01	9.461E-01	51.100	91	90	90
AF-A0A7Y3W177-F1-model_v4_conserved	AF-Q9RB01-F1-model_v4_conserved	9.673E-01	9.366E-01	9.466E-01	48.800	91	90	90
AF-A0A7Y3W177-F1-model_v4_conserved	A0A077EG89_conserved	9.674E-01	9.367E-01	9.467E-01	50.000	91	90	90
AF-A0A7Y3W177-F1-model_v4_conserved	Q08I33_conserved	9.654E-01	9.347E-01	9.447E-01	48.800	91	90	90
AF-A0A7Y3W177-F1-model_v4_conserved	Q9F921_conserved	9.646E-01	9.339E-01	9.439E-01	50.000	91	90	90
AF-A0A7Y3W177-F1-model_v4_conserved	A0A0N9HJI8_conserved	9.635E-01	9.329E-01	9.429E-01	51.100	91	90	90
AF-A0A7Y3W177-F1-model_v4_conserved	D2K7P0_conserved	9.549E-01	9.348E-01	9.447E-01	49.400	91	91	90
AF-A0A7Y3W177-F1-model_v4_conserved	Q8VT48_conserved	9.642E-01	9.336E-01	9.436E-01	47.700	91	90	90
AF-A0A7Y3W177-F1-model_v4_conserved	E2GLP7_conserved	9.633E-01	9.328E-01	9.428E-01	50.000	91	90	90
AF-A0A7Y3W177-F1-model_v4_conserved	Q9EU43_conserved	9.524E-01	9.323E-01	9.423E-01	50.500	91	91	90
AF-A0A7Y3W177-F1-model_v4_conserved	Q6JE29_conserved	9.621E-01	9.317E-01	9.416E-01	48.800	91	90	90
AF-A0A7Y3W177-F1-model_v4_conserved	Q9X482_conserved	9.620E-01	9.315E-01	9.415E-01	48.800	91	90	90
AF-A0A7Y3W177-F1-model_v4_conserved	Q8GQK7_conserved	9.602E-01	9.298E-01	9.397E-01	51.100	91	90	90
AF-A0A7Y3W177-F1-model_v4_conserved	D2KCJ9_conserved	9.513E-01	9.313E-01	9.412E-01	48.300	91	91	90
AF-Q1DF71-F1-model_v4_conserved	AF-Q1DF71-F1-model_v4_conserved	1.011E+00	1.000E+00	1.000E+00	100.000	91	91	91
AF-Q1DF71-F1-model_v4_conserved	STA-1_conserved	9.970E-01	9.753E-01	9.753E-01	74.400	91	90	91
AF-Q1DF71-F1-model_v4_conserved	Q53BU1_conserved	9.871E-01	9.658E-01	9.763E-01	56.600	91	90	90
AF-Q1DF71-F1-model_v4_conserved	AF-C5BSS3-F1-model_v4_conserved	9.904E-01	9.690E-01	9.690E-01	57.700	91	90	91
AF-Q1DF71-F1-model_v4_conserved	AF-A0A4Y8LBX5-F1-model_v4_conserved	9.903E-01	9.689E-01	9.689E-01	65.500	91	90	91
AF-Q1DF71-F1-model_v4_conserved	Q53BU0_conserved	9.862E-01	9.650E-01	9.755E-01	55.500	91	90	90
AF-Q1DF71-F1-model_v4_conserved	Q704V1_conserved	9.895E-01	9.682E-01	9.682E-01	56.600	91	90	91
AF-Q1DF71-F1-model_v4_conserved	AF-G0L217-F1-model_v4_conserved	9.929E-01	9.607E-01	9.712E-01	51.100	91	90	90
AF-Q1DF71-F1-model_v4_conserved	L0N4W6_conserved	9.882E-01	9.669E-01	9.669E-01	54.400	91	90	91
AF-Q1DF71-F1-model_v4_conserved	SHD-1_conserved	9.869E-01	9.657E-01	9.657E-01	57.700	91	90	91
AF-Q1DF71-F1-model_v4_conserved	P25910_conserved	9.864E-01	9.653E-01	9.653E-01	57.700	91	90	91
AF-Q1DF71-F1-model_v4_conserved	BMHC-1_conserved	9.900E-01	9.580E-01	9.684E-01	48.800	91	90	90
AF-Q1DF71-F1-model_v4_conserved	AF-Q12JE6-F1-model_v4_conserved	9.859E-01	9.647E-01	9.647E-01	55.500	91	90	91
AF-Q1DF71-F1-model_v4_conserved	L7X1X1_conserved	9.856E-01	9.645E-01	9.645E-01	54.400	91	90	91
AF-Q1DF71-F1-model_v4_conserved	AF-A0A7Y3W177-F1-model_v4_conserved	9.856E-01	9.644E-01	9.644E-01	56.600	91	90	91
AF-Q1DF71-F1-model_v4_conserved	ECV-1_conserved	9.893E-01	9.573E-01	9.677E-01	53.300	91	90	90
AF-Q1DF71-F1-model_v4_conserved	AF-A0A1L6K5Y5-F1-model_v4_conserved	9.890E-01	9.571E-01	9.675E-01	68.800	91	90	90
AF-Q1DF71-F1-model_v4_conserved	AF-A0A6B7ELH8-F1-model_v4_conserved	9.891E-01	9.571E-01	9.675E-01	52.200	91	90	90
AF-Q1DF71-F1-model_v4_conserved	K7SA42_conserved	9.844E-01	9.633E-01	9.633E-01	55.500	91	90	91
AF-Q1DF71-F1-model_v4_conserved	ANA-1_conserved	9.837E-01	9.626E-01	9.626E-01	60.000	91	90	91
AF-Q1DF71-F1-model_v4_conserved	A0A650AXL4_conserved	9.832E-01	9.621E-01	9.621E-01	57.700	91	90	91
AF-Q1DF71-F1-model_v4_conserved	AF-A0A3G5BD68-F1-model_v4_conserved	9.823E-01	9.613E-01	9.613E-01	52.200	91	90	91
AF-Q1DF71-F1-model_v4_conserved	A0A3G3C0Q6_conserved	9.814E-01	9.604E-01	9.604E-01	53.300	91	90	91
AF-Q1DF71-F1-model_v4_conserved	A0A1Z3FWF5_conserved	9.813E-01	9.603E-01	9.603E-01	53.300	91	90	91
AF-Q1DF71-F1-model_v4_conserved	AF-A0A8E7DAJ6-F1-model_v6_conserved	9.812E-01	9.602E-01	9.602E-01	54.400	91	90	91
AF-Q1DF71-F1-model_v4_conserved	A0A0B5ECY2_conserved	9.812E-01	9.602E-01	9.602E-01	53.300	91	90	91
AF-Q1DF71-F1-model_v4_conserved	AF-A0A1L6K5Z3-F1-model_v4_conserved	9.847E-01	9.530E-01	9.634E-01	55.500	91	90	90
AF-Q1DF71-F1-model_v4_conserved	A0A1P8C735_conserved	9.810E-01	9.601E-01	9.601E-01	54.400	91	90	91
AF-Q1DF71-F1-model_v4_conserved	S5ZIP8_conserved	9.810E-01	9.601E-01	9.601E-01	53.300	91	90	91
AF-Q1DF71-F1-model_v4_conserved	A0A1P8VH15_conserved	9.809E-01	9.600E-01	9.600E-01	53.300	91	90	91
AF-Q1DF71-F1-model_v4_conserved	AF-A0A7T8ZCD9-F1-model_v4_conserved	9.842E-01	9.526E-01	9.629E-01	51.100	91	90	90
AF-Q1DF71-F1-model_v4_conserved	AF-A0A6M4NN58-F1-model_v4_conserved	9.799E-01	9.590E-01	9.590E-01	58.800	91	90	91
AF-Q1DF71-F1-model_v4_conserved	P14488_conserved	9.831E-01	9.515E-01	9.618E-01	64.400	91	90	90
AF-Q1DF71-F1-model_v4_conserved	A8R403_conserved	9.785E-01	9.576E-01	9.576E-01	55.500	91	90	91
AF-Q1DF71-F1-model_v4_conserved	Q6SPY5_conserved	9.825E-01	9.510E-01	9.613E-01	66.600	91	90	90
AF-Q1DF71-F1-model_v4_conserved	A0A161H7D8_conserved	9.778E-01	9.569E-01	9.569E-01	54.400	91	90	91
AF-Q1DF71-F1-model_v4_conserved	AF-A0A0U3H0V9-F1-model_v4_conserved	9.763E-01	9.450E-01	9.656E-01	47.700	91	90	89
AF-Q1DF71-F1-model_v4_conserved	F8UQX1_conserved	9.754E-01	9.547E-01	9.547E-01	54.400	91	90	91
AF-Q1DF71-F1-model_v4_conserved	A0A0D5ZZW5_conserved	9.752E-01	9.544E-01	9.544E-01	55.500	91	90	91
AF-Q1DF71-F1-model_v4_conserved	G4WB26_conserved	9.751E-01	9.544E-01	9.544E-01	54.400	91	90	91
AF-Q1DF71-F1-model_v4_conserved	B0FWK3_conserved	9.748E-01	9.540E-01	9.540E-01	55.500	91	90	91
AF-Q1DF71-F1-model_v4_conserved	AF-I0KEZ6-F1-model_v4_conserved	9.790E-01	9.476E-01	9.578E-01	61.100	91	90	90
AF-Q1DF71-F1-model_v4_conserved	Q70E85_conserved	9.746E-01	9.538E-01	9.538E-01	53.300	91	90	91
AF-Q1DF71-F1-model_v4_conserved	Q53CM3_conserved	9.746E-01	9.539E-01	9.539E-01	53.300	91	90	91
AF-Q1DF71-F1-model_v4_conserved	Q8GIW8_conserved	9.745E-01	9.538E-01	9.538E-01	54.400	91	90	91
AF-Q1DF71-F1-model_v4_conserved	Q9AHY6_conserved	9.744E-01	9.537E-01	9.537E-01	54.400	91	90	91
AF-Q1DF71-F1-model_v4_conserved	Q7WYA8_conserved	9.742E-01	9.535E-01	9.535E-01	51.100	91	90	91
AF-Q1DF71-F1-model_v4_conserved	Q9F6Z8_conserved	9.741E-01	9.533E-01	9.533E-01	52.200	91	90	91
AF-Q1DF71-F1-model_v4_conserved	Q8VLM7_conserved	9.741E-01	9.533E-01	9.533E-01	53.300	91	90	91
AF-Q1DF71-F1-model_v4_conserved	B2ZTD9_conserved	9.740E-01	9.533E-01	9.533E-01	51.100	91	90	91
AF-Q1DF71-F1-model_v4_conserved	I7CP04_conserved	9.740E-01	9.533E-01	9.533E-01	47.700	91	90	91
AF-Q1DF71-F1-model_v4_conserved	F5ANL2_conserved	9.739E-01	9.531E-01	9.531E-01	54.400	91	90	91
AF-Q1DF71-F1-model_v4_conserved	Q79MP6_conserved	9.738E-01	9.531E-01	9.531E-01	52.200	91	90	91
AF-Q1DF71-F1-model_v4_conserved	S5WLJ9_conserved	9.738E-01	9.531E-01	9.531E-01	47.700	91	90	91
AF-Q1DF71-F1-model_v4_conserved	G9JKG5_conserved	9.736E-01	9.529E-01	9.529E-01	52.200	91	90	91
AF-Q1DF71-F1-model_v4_conserved	A8QUY6_conserved	9.735E-01	9.528E-01	9.528E-01	52.200	91	90	91
AF-Q1DF71-F1-model_v4_conserved	A0A0H4IUK3_conserved	9.734E-01	9.527E-01	9.527E-01	51.100	91	90	91
AF-Q1DF71-F1-model_v4_conserved	Q1A2Z1_conserved	9.733E-01	9.526E-01	9.526E-01	54.400	91	90	91
AF-Q1DF71-F1-model_v4_conserved	A0A0S2MTX2_conserved	9.731E-01	9.524E-01	9.524E-01	50.000	91	90	91
AF-Q1DF71-F1-model_v4_conserved	ORR-1_conserved	9.768E-01	9.456E-01	9.558E-01	56.600	91	90	90
AF-Q1DF71-F1-model_v4_conserved	A0A097J9I0_conserved	9.717E-01	9.510E-01	9.510E-01	50.000	91	90	91
AF-Q1DF71-F1-model_v4_conserved	ALI-1_conserved	9.693E-01	9.486E-01	9.486E-01	50.500	91	91	91
AF-Q1DF71-F1-model_v4_conserved	AF-A0A1B2F003-F1-model_v4_conserved	9.706E-01	9.500E-01	9.500E-01	50.000	91	90	91
AF-Q1DF71-F1-model_v4_conserved	ALI-2_conserved	9.672E-01	9.466E-01	9.466E-01	50.500	91	91	91
AF-Q1DF71-F1-model_v4_conserved	SPS-1_conserved	9.688E-01	9.380E-01	9.583E-01	48.800	91	90	89
AF-Q1DF71-F1-model_v4_conserved	A0A0C5L398_conserved	9.708E-01	9.399E-01	9.500E-01	47.700	91	90	90
AF-Q1DF71-F1-model_v4_conserved	Q840P9_conserved	9.682E-01	9.375E-01	9.475E-01	57.700	91	90	90
AF-Q1DF71-F1-model_v4_conserved	AF-A0A7U3MVS9-F1-model_v4_conserved	9.680E-01	9.373E-01	9.473E-01	46.600	91	90	90
AF-Q1DF71-F1-model_v4_conserved	A0A2R4PHC7_conserved	9.657E-01	9.351E-01	9.451E-01	53.300	91	90	90
AF-Q1DF71-F1-model_v4_conserved	Q8GKX2_conserved	9.654E-01	9.349E-01	9.449E-01	62.200	91	90	90
AF-Q1DF71-F1-model_v4_conserved	Q9XAY4_conserved	9.652E-01	9.346E-01	9.446E-01	62.200	91	90	90
AF-Q1DF71-F1-model_v4_conserved	Q2HY42_conserved	9.651E-01	9.346E-01	9.446E-01	61.100	91	90	90
AF-Q1DF71-F1-model_v4_conserved	Q3YBY0_conserved	9.650E-01	9.345E-01	9.444E-01	62.200	91	90	90
AF-Q1DF71-F1-model_v4_conserved	E5G503_conserved	9.648E-01	9.343E-01	9.442E-01	62.200	91	90	90
AF-Q1DF71-F1-model_v4_conserved	Q8GPN1_conserved	9.633E-01	9.328E-01	9.428E-01	46.600	91	90	90
AF-Q1DF71-F1-model_v4_conserved	A0A0H3YDR5_conserved	9.632E-01	9.327E-01	9.427E-01	46.600	91	90	90
AF-Q1DF71-F1-model_v4_conserved	I3RJZ3_conserved	9.637E-01	9.333E-01	9.432E-01	61.100	91	90	90
AF-Q1DF71-F1-model_v4_conserved	B4YAJ7_conserved	9.634E-01	9.330E-01	9.429E-01	61.100	91	90	90
AF-Q1DF71-F1-model_v4_conserved	AF-A0A844TY23-F1-model_v4_conserved	9.627E-01	9.323E-01	9.422E-01	48.800	91	90	90
AF-Q1DF71-F1-model_v4_conserved	Q8GPN2_conserved	9.622E-01	9.318E-01	9.417E-01	46.600	91	90	90
AF-Q1DF71-F1-model_v4_conserved	Q8RMB8_conserved	9.624E-01	9.320E-01	9.419E-01	47.700	91	90	90
AF-Q1DF71-F1-model_v4_conserved	Q9F629_conserved	9.626E-01	9.322E-01	9.421E-01	61.100	91	90	90
AF-Q1DF71-F1-model_v4_conserved	A7WPA3_conserved	9.620E-01	9.316E-01	9.415E-01	61.100	91	90	90
AF-Q1DF71-F1-model_v4_conserved	AF-A0A191Z3S9-F1-model_v4_conserved	9.610E-01	9.306E-01	9.405E-01	51.100	91	90	90
AF-Q1DF71-F1-model_v4_conserved	Q8G9Q0_conserved	9.603E-01	9.300E-01	9.399E-01	45.500	91	90	90
AF-Q1DF71-F1-model_v4_conserved	Q08I33_conserved	9.501E-01	9.203E-01	9.300E-01	46.600	91	90	90
AF-Q1DF71-F1-model_v4_conserved	Q9ETN2_conserved	9.500E-01	9.202E-01	9.299E-01	46.600	91	90	90
AF-Q1DF71-F1-model_v4_conserved	A0A0N9HJI8_conserved	9.484E-01	9.187E-01	9.284E-01	44.400	91	90	90
AF-Q1DF71-F1-model_v4_conserved	A0A077EG89_conserved	9.495E-01	9.198E-01	9.295E-01	44.400	91	90	90
AF-Q1DF71-F1-model_v4_conserved	Q8VT48_conserved	9.478E-01	9.181E-01	9.278E-01	46.600	91	90	90
AF-Q1DF71-F1-model_v4_conserved	AF-Q9RB01-F1-model_v4_conserved	9.478E-01	9.182E-01	9.279E-01	43.300	91	90	90
AF-Q1DF71-F1-model_v4_conserved	Q9F921_conserved	9.466E-01	9.170E-01	9.267E-01	50.000	91	90	90
AF-Q1DF71-F1-model_v4_conserved	D2K7P0_conserved	9.465E-01	9.169E-01	9.266E-01	46.600	91	90	90
AF-Q1DF71-F1-model_v4_conserved	D2KCJ9_conserved	9.457E-01	9.161E-01	9.258E-01	46.600	91	90	90
AF-Q1DF71-F1-model_v4_conserved	E2GLP7_conserved	9.449E-01	9.154E-01	9.250E-01	47.700	91	90	90
AF-Q1DF71-F1-model_v4_conserved	Q9EU43_conserved	9.441E-01	9.146E-01	9.242E-01	47.700	91	90	90
AF-Q1DF71-F1-model_v4_conserved	Q8GQK7_conserved	9.429E-01	9.135E-01	9.231E-01	44.400	91	90	90
AF-Q1DF71-F1-model_v4_conserved	Q6JE29_conserved	9.437E-01	9.143E-01	9.239E-01	46.600	91	90	90
AF-Q1DF71-F1-model_v4_conserved	Q9X482_conserved	9.435E-01	9.141E-01	9.237E-01	46.600	91	90	90
B4YAJ7_conserved	B4YAJ7_conserved	1.011E+00	1.000E+00	1.000E+00	100.000	90	90	90
B4YAJ7_conserved	A7WPA3_conserved	1.001E+00	9.903E-01	9.903E-01	100.000	90	90	90
B4YAJ7_conserved	Q9F629_conserved	1.011E+00	9.884E-01	9.884E-01	100.000	90	89	90
B4YAJ7_conserved	I3RJZ3_conserved	1.011E+00	9.881E-01	9.881E-01	98.800	90	89	90
B4YAJ7_conserved	Q3YBY0_conserved	1.010E+00	9.880E-01	9.880E-01	97.700	90	89	90
B4YAJ7_conserved	E5G503_conserved	1.010E+00	9.879E-01	9.879E-01	96.600	90	89	90
B4YAJ7_conserved	Q9XAY4_conserved	1.010E+00	9.878E-01	9.878E-01	97.700	90	89	90
B4YAJ7_conserved	Q8GKX2_conserved	1.010E+00	9.877E-01	9.877E-01	96.600	90	89	90
B4YAJ7_conserved	Q2HY42_conserved	1.010E+00	9.875E-01	9.875E-01	96.600	90	89	90
B4YAJ7_conserved	Q840P9_conserved	1.009E+00	9.866E-01	9.866E-01	92.100	90	89	90
B4YAJ7_conserved	AF-I0KEZ6-F1-model_v4_conserved	9.851E-01	9.638E-01	9.638E-01	51.600	90	89	90
B4YAJ7_conserved	Q53BU1_conserved	9.826E-01	9.613E-01	9.613E-01	54.400	90	90	90
B4YAJ7_conserved	AF-A0A1L6K5Y5-F1-model_v4_conserved	9.801E-01	9.589E-01	9.589E-01	68.500	90	89	90
B4YAJ7_conserved	A0A0C5L398_conserved	9.777E-01	9.567E-01	9.567E-01	46.000	90	89	90
B4YAJ7_conserved	P14488_conserved	9.764E-01	9.554E-01	9.554E-01	57.300	90	89	90
B4YAJ7_conserved	Q53BU0_conserved	9.763E-01	9.553E-01	9.553E-01	55.500	90	90	90
B4YAJ7_conserved	Q6SPY5_conserved	9.762E-01	9.552E-01	9.552E-01	58.400	90	89	90
B4YAJ7_conserved	AF-A0A1L6K5Z3-F1-model_v4_conserved	9.750E-01	9.540E-01	9.540E-01	59.500	90	89	90
B4YAJ7_conserved	ORR-1_conserved	9.710E-01	9.500E-01	9.500E-01	52.200	90	90	90
B4YAJ7_conserved	A0A2R4PHC7_conserved	9.734E-01	9.524E-01	9.524E-01	59.500	90	89	90
B4YAJ7_conserved	K7SA42_conserved	9.757E-01	9.547E-01	9.446E-01	58.800	90	90	91
B4YAJ7_conserved	A0A077EG89_conserved	9.718E-01	9.509E-01	9.509E-01	46.000	90	89	90
B4YAJ7_conserved	AF-Q9RB01-F1-model_v4_conserved	9.707E-01	9.499E-01	9.499E-01	44.900	90	89	90
B4YAJ7_conserved	AF-A0A7Y3W177-F1-model_v4_conserved	9.745E-01	9.535E-01	9.434E-01	62.200	90	90	91
B4YAJ7_conserved	AF-A0A7T8ZCD9-F1-model_v4_conserved	9.673E-01	9.464E-01	9.464E-01	54.400	90	90	90
B4YAJ7_conserved	L7X1X1_conserved	9.735E-01	9.526E-01	9.425E-01	57.700	90	90	91
B4YAJ7_conserved	AF-A0A6M4NN58-F1-model_v4_conserved	9.730E-01	9.521E-01	9.420E-01	58.800	90	90	91
B4YAJ7_conserved	ECV-1_conserved	9.663E-01	9.455E-01	9.455E-01	55.500	90	90	90
B4YAJ7_conserved	SHD-1_conserved	9.724E-01	9.516E-01	9.415E-01	54.400	90	90	91
B4YAJ7_conserved	ANA-1_conserved	9.726E-01	9.518E-01	9.417E-01	55.500	90	90	91
B4YAJ7_conserved	AF-A0A7U3MVS9-F1-model_v4_conserved	9.687E-01	9.480E-01	9.480E-01	50.500	90	89	90
B4YAJ7_conserved	AF-C5BSS3-F1-model_v4_conserved	9.714E-01	9.506E-01	9.405E-01	56.600	90	90	91
B4YAJ7_conserved	Q704V1_conserved	9.716E-01	9.508E-01	9.407E-01	55.500	90	90	91
B4YAJ7_conserved	A0A1Z3FWF5_conserved	9.703E-01	9.495E-01	9.394E-01	53.300	90	90	91
B4YAJ7_conserved	A0A3G3C0Q6_conserved	9.702E-01	9.494E-01	9.394E-01	53.300	90	90	91
B4YAJ7_conserved	A0A1P8C735_conserved	9.702E-01	9.494E-01	9.393E-01	54.400	90	90	91
B4YAJ7_conserved	A0A650AXL4_conserved	9.699E-01	9.492E-01	9.391E-01	57.700	90	90	91
B4YAJ7_conserved	A0A1P8VH15_conserved	9.698E-01	9.491E-01	9.390E-01	53.300	90	90	91
B4YAJ7_conserved	AF-A0A8E7DAJ6-F1-model_v6_conserved	9.697E-01	9.490E-01	9.389E-01	54.400	90	90	91
B4YAJ7_conserved	AF-Q12JE6-F1-model_v4_conserved	9.695E-01	9.487E-01	9.387E-01	55.500	90	90	91
B4YAJ7_conserved	S5ZIP8_conserved	9.697E-01	9.490E-01	9.389E-01	53.300	90	90	91
B4YAJ7_conserved	A0A0B5ECY2_conserved	9.697E-01	9.489E-01	9.389E-01	53.300	90	90	91
B4YAJ7_conserved	AF-A0A3G5BD68-F1-model_v4_conserved	9.695E-01	9.487E-01	9.387E-01	53.300	90	90	91
B4YAJ7_conserved	AF-A0A191Z3S9-F1-model_v4_conserved	9.655E-01	9.448E-01	9.448E-01	52.800	90	89	90
B4YAJ7_conserved	Q8RMB8_conserved	9.657E-01	9.451E-01	9.451E-01	44.900	90	89	90
B4YAJ7_conserved	L0N4W6_conserved	9.690E-01	9.482E-01	9.382E-01	56.600	90	90	91
B4YAJ7_conserved	AF-A0A844TY23-F1-model_v4_conserved	9.648E-01	9.443E-01	9.443E-01	51.600	90	89	90
B4YAJ7_conserved	Q8GPN1_conserved	9.640E-01	9.434E-01	9.434E-01	50.500	90	89	90
B4YAJ7_conserved	STA-1_conserved	9.679E-01	9.472E-01	9.372E-01	55.500	90	90	91
B4YAJ7_conserved	P25910_conserved	9.668E-01	9.462E-01	9.362E-01	56.600	90	90	91
B4YAJ7_conserved	AF-A0A0U3H0V9-F1-model_v4_conserved	9.542E-01	9.338E-01	9.439E-01	51.100	90	90	89
B4YAJ7_conserved	AF-A0A6B7ELH8-F1-model_v4_conserved	9.596E-01	9.391E-01	9.391E-01	50.000	90	90	90
B4YAJ7_conserved	Q8GPN2_conserved	9.612E-01	9.408E-01	9.408E-01	50.500	90	89	90
B4YAJ7_conserved	BMHC-1_conserved	9.584E-01	9.379E-01	9.379E-01	50.000	90	90	90
B4YAJ7_conserved	Q8G9Q0_conserved	9.608E-01	9.404E-01	9.404E-01	53.900	90	89	90
B4YAJ7_conserved	A0A0H3YDR5_conserved	9.604E-01	9.400E-01	9.400E-01	50.500	90	89	90
B4YAJ7_conserved	AF-G0L217-F1-model_v4_conserved	9.576E-01	9.371E-01	9.371E-01	53.300	90	90	90
B4YAJ7_conserved	AF-Q1DF71-F1-model_v4_conserved	9.634E-01	9.429E-01	9.330E-01	61.100	90	90	91
B4YAJ7_conserved	A0A161H7D8_conserved	9.623E-01	9.418E-01	9.319E-01	54.400	90	90	91
B4YAJ7_conserved	AF-A0A4Y8LBX5-F1-model_v4_conserved	9.625E-01	9.420E-01	9.321E-01	63.300	90	90	91
B4YAJ7_conserved	Q08I33_conserved	9.578E-01	9.375E-01	9.375E-01	42.600	90	89	90
B4YAJ7_conserved	Q9F921_conserved	9.576E-01	9.373E-01	9.373E-01	44.900	90	89	90
B4YAJ7_conserved	ALI-2_conserved	9.624E-01	9.419E-01	9.320E-01	61.100	90	90	91
B4YAJ7_conserved	Q9ETN2_conserved	9.571E-01	9.368E-01	9.368E-01	43.800	90	89	90
B4YAJ7_conserved	D2K7P0_conserved	9.571E-01	9.368E-01	9.368E-01	42.600	90	89	90
B4YAJ7_conserved	D2KCJ9_conserved	9.562E-01	9.360E-01	9.360E-01	41.500	90	89	90
B4YAJ7_conserved	ALI-1_conserved	9.614E-01	9.410E-01	9.311E-01	55.500	90	90	91
B4YAJ7_conserved	E2GLP7_conserved	9.566E-01	9.364E-01	9.364E-01	43.800	90	89	90
B4YAJ7_conserved	Q6JE29_conserved	9.561E-01	9.359E-01	9.359E-01	42.600	90	89	90
B4YAJ7_conserved	Q9X482_conserved	9.561E-01	9.359E-01	9.359E-01	42.600	90	89	90
B4YAJ7_conserved	Q9EU43_conserved	9.560E-01	9.357E-01	9.357E-01	43.800	90	89	90
B4YAJ7_conserved	A8R403_conserved	9.593E-01	9.389E-01	9.291E-01	58.800	90	90	91
B4YAJ7_conserved	Q8VT48_conserved	9.557E-01	9.355E-01	9.355E-01	41.500	90	89	90
B4YAJ7_conserved	A0A0N9HJI8_conserved	9.542E-01	9.340E-01	9.340E-01	43.800	90	89	90
B4YAJ7_conserved	Q8GQK7_conserved	9.525E-01	9.324E-01	9.324E-01	43.800	90	89	90
B4YAJ7_conserved	A0A097J9I0_conserved	9.557E-01	9.355E-01	9.256E-01	51.100	90	90	91
B4YAJ7_conserved	SPS-1_conserved	9.499E-01	9.299E-01	9.398E-01	48.300	90	89	89
B4YAJ7_conserved	B2ZTD9_conserved	9.552E-01	9.349E-01	9.251E-01	55.500	90	90	91
B4YAJ7_conserved	B0FWK3_conserved	9.551E-01	9.348E-01	9.250E-01	55.500	90	90	91
B4YAJ7_conserved	Q8VLM7_conserved	9.548E-01	9.346E-01	9.248E-01	53.300	90	90	91
B4YAJ7_conserved	A0A0H4IUK3_conserved	9.549E-01	9.347E-01	9.249E-01	52.200	90	90	91
B4YAJ7_conserved	Q9F6Z8_conserved	9.546E-01	9.344E-01	9.246E-01	54.400	90	90	91
B4YAJ7_conserved	A0A0D5ZZW5_conserved	9.544E-01	9.342E-01	9.244E-01	55.500	90	90	91
B4YAJ7_conserved	Q8GIW8_conserved	9.543E-01	9.341E-01	9.243E-01	54.400	90	90	91
B4YAJ7_conserved	F8UQX1_conserved	9.545E-01	9.343E-01	9.245E-01	53.300	90	90	91
B4YAJ7_conserved	G4WB26_conserved	9.544E-01	9.342E-01	9.244E-01	54.400	90	90	91
B4YAJ7_conserved	S5WLJ9_conserved	9.541E-01	9.339E-01	9.241E-01	51.100	90	90	91
B4YAJ7_conserved	I7CP04_conserved	9.540E-01	9.338E-01	9.240E-01	51.100	90	90	91
B4YAJ7_conserved	Q53CM3_conserved	9.539E-01	9.337E-01	9.239E-01	53.300	90	90	91
B4YAJ7_conserved	F5ANL2_conserved	9.537E-01	9.335E-01	9.237E-01	54.400	90	90	91
B4YAJ7_conserved	Q1A2Z1_conserved	9.536E-01	9.334E-01	9.236E-01	52.200	90	90	91
B4YAJ7_conserved	Q9AHY6_conserved	9.534E-01	9.333E-01	9.235E-01	54.400	90	90	91
B4YAJ7_conserved	Q7WYA8_conserved	9.533E-01	9.331E-01	9.233E-01	53.300	90	90	91
B4YAJ7_conserved	A8QUY6_conserved	9.534E-01	9.332E-01	9.234E-01	52.200	90	90	91
B4YAJ7_conserved	A0A0S2MTX2_conserved	9.531E-01	9.330E-01	9.232E-01	52.200	90	90	91
B4YAJ7_conserved	Q70E85_conserved	9.531E-01	9.329E-01	9.232E-01	52.200	90	90	91
B4YAJ7_conserved	Q79MP6_conserved	9.525E-01	9.324E-01	9.227E-01	54.400	90	90	91
B4YAJ7_conserved	G9JKG5_conserved	9.523E-01	9.322E-01	9.225E-01	52.200	90	90	91
B4YAJ7_conserved	AF-A0A1B2F003-F1-model_v4_conserved	9.509E-01	9.309E-01	9.211E-01	54.400	90	90	91
F8UQX1_conserved	F8UQX1_conserved	1.011E+00	1.000E+00	1.000E+00	100.000	91	91	91
F8UQX1_conserved	I7CP04_conserved	1.010E+00	9.985E-01	9.985E-01	89.000	91	91	91
F8UQX1_conserved	Q70E85_conserved	1.009E+00	9.978E-01	9.978E-01	90.100	91	91	91
F8UQX1_conserved	G4WB26_conserved	1.007E+00	9.957E-01	9.957E-01	91.200	91	91	91
F8UQX1_conserved	Q8VLM7_conserved	1.005E+00	9.945E-01	9.945E-01	92.300	91	91	91
F8UQX1_conserved	G9JKG5_conserved	1.005E+00	9.939E-01	9.939E-01	95.600	91	91	91
F8UQX1_conserved	S5WLJ9_conserved	1.005E+00	9.941E-01	9.941E-01	89.000	91	91	91
F8UQX1_conserved	A0A097J9I0_conserved	1.005E+00	9.936E-01	9.936E-01	90.100	91	91	91
F8UQX1_conserved	Q53CM3_conserved	1.002E+00	9.913E-01	9.913E-01	92.300	91	91	91
F8UQX1_conserved	Q8GIW8_conserved	1.001E+00	9.903E-01	9.903E-01	95.600	91	91	91
F8UQX1_conserved	Q9AHY6_conserved	1.001E+00	9.905E-01	9.905E-01	92.300	91	91	91
F8UQX1_conserved	A0A0D5ZZW5_conserved	1.001E+00	9.901E-01	9.901E-01	93.400	91	91	91
F8UQX1_conserved	F5ANL2_conserved	1.002E+00	9.905E-01	9.905E-01	91.200	91	91	91
F8UQX1_conserved	Q79MP6_conserved	1.001E+00	9.905E-01	9.905E-01	91.200	91	91	91
F8UQX1_conserved	B2ZTD9_conserved	1.002E+00	9.910E-01	9.910E-01	84.600	91	91	91
F8UQX1_conserved	Q7WYA8_conserved	1.001E+00	9.899E-01	9.899E-01	94.500	91	91	91
F8UQX1_conserved	Q1A2Z1_conserved	1.001E+00	9.899E-01	9.899E-01	91.200	91	91	91
F8UQX1_conserved	A8QUY6_conserved	1.010E+00	9.882E-01	9.882E-01	95.500	91	90	91
F8UQX1_conserved	B0FWK3_conserved	9.990E-01	9.881E-01	9.881E-01	89.000	91	91	91
F8UQX1_conserved	Q9F6Z8_conserved	1.010E+00	9.876E-01	9.876E-01	91.100	91	90	91
F8UQX1_conserved	A0A0S2MTX2_conserved	1.009E+00	9.868E-01	9.868E-01	88.800	91	90	91
F8UQX1_conserved	A0A0H4IUK3_conserved	1.008E+00	9.855E-01	9.855E-01	91.100	91	90	91
F8UQX1_conserved	AF-A0A1B2F003-F1-model_v4_conserved	1.007E+00	9.852E-01	9.852E-01	86.600	91	90	91
F8UQX1_conserved	A8R403_conserved	1.006E+00	9.844E-01	9.844E-01	82.200	91	90	91
F8UQX1_conserved	A0A161H7D8_conserved	1.006E+00	9.842E-01	9.842E-01	83.300	91	90	91
F8UQX1_conserved	L7X1X1_conserved	9.892E-01	9.785E-01	9.785E-01	71.400	91	91	91
F8UQX1_conserved	AF-A0A7Y3W177-F1-model_v4_conserved	9.886E-01	9.778E-01	9.778E-01	76.900	91	91	91
F8UQX1_conserved	L0N4W6_conserved	9.973E-01	9.756E-01	9.756E-01	73.300	91	90	91
F8UQX1_conserved	AF-C5BSS3-F1-model_v4_conserved	9.958E-01	9.742E-01	9.742E-01	73.300	91	90	91
F8UQX1_conserved	SHD-1_conserved	9.946E-01	9.731E-01	9.731E-01	71.100	91	90	91
F8UQX1_conserved	A0A650AXL4_conserved	9.934E-01	9.719E-01	9.719E-01	70.000	91	90	91
F8UQX1_conserved	Q704V1_conserved	9.930E-01	9.715E-01	9.715E-01	73.300	91	90	91
F8UQX1_conserved	AF-A0A6M4NN58-F1-model_v4_conserved	9.910E-01	9.696E-01	9.696E-01	67.700	91	90	91
F8UQX1_conserved	Q53BU0_conserved	9.871E-01	9.659E-01	9.764E-01	63.300	91	90	90
F8UQX1_conserved	AF-A0A1L6K5Z3-F1-model_v4_conserved	9.947E-01	9.623E-01	9.729E-01	72.200	91	90	90
F8UQX1_conserved	AF-Q12JE6-F1-model_v4_conserved	9.906E-01	9.692E-01	9.692E-01	68.800	91	90	91
F8UQX1_conserved	Q53BU1_conserved	9.837E-01	9.626E-01	9.731E-01	64.400	91	90	90
F8UQX1_conserved	K7SA42_conserved	9.796E-01	9.587E-01	9.587E-01	54.400	91	90	91
F8UQX1_conserved	AF-A0A3G5BD68-F1-model_v4_conserved	9.785E-01	9.576E-01	9.576E-01	54.400	91	90	91
F8UQX1_conserved	A0A3G3C0Q6_conserved	9.777E-01	9.568E-01	9.568E-01	54.400	91	90	91
F8UQX1_conserved	AF-A0A8E7DAJ6-F1-model_v6_conserved	9.777E-01	9.568E-01	9.568E-01	55.500	91	90	91
F8UQX1_conserved	A0A1P8VH15_conserved	9.774E-01	9.566E-01	9.566E-01	54.400	91	90	91
F8UQX1_conserved	A0A1Z3FWF5_conserved	9.774E-01	9.566E-01	9.566E-01	54.400	91	90	91
F8UQX1_conserved	A0A0B5ECY2_conserved	9.773E-01	9.565E-01	9.565E-01	54.400	91	90	91
F8UQX1_conserved	S5ZIP8_conserved	9.773E-01	9.565E-01	9.565E-01	54.400	91	90	91
F8UQX1_conserved	A0A1P8C735_conserved	9.771E-01	9.563E-01	9.563E-01	55.500	91	90	91
F8UQX1_conserved	AF-A0A1L6K5Y5-F1-model_v4_conserved	9.805E-01	9.490E-01	9.593E-01	55.500	91	90	90
F8UQX1_conserved	STA-1_conserved	9.763E-01	9.555E-01	9.555E-01	54.400	91	90	91
F8UQX1_conserved	AF-Q1DF71-F1-model_v4_conserved	9.754E-01	9.547E-01	9.547E-01	54.400	91	90	91
F8UQX1_conserved	ALI-2_conserved	9.723E-01	9.514E-01	9.514E-01	58.200	91	91	91
F8UQX1_conserved	ALI-1_conserved	9.717E-01	9.508E-01	9.508E-01	63.700	91	91	91
F8UQX1_conserved	AF-A0A4Y8LBX5-F1-model_v4_conserved	9.738E-01	9.531E-01	9.531E-01	60.000	91	90	91
F8UQX1_conserved	AF-G0L217-F1-model_v4_conserved	9.772E-01	9.459E-01	9.561E-01	52.200	91	90	90
F8UQX1_conserved	AF-A0A7T8ZCD9-F1-model_v4_conserved	9.766E-01	9.453E-01	9.555E-01	53.300	91	90	90
F8UQX1_conserved	ECV-1_conserved	9.768E-01	9.455E-01	9.557E-01	53.300	91	90	90
F8UQX1_conserved	AF-A0A6B7ELH8-F1-model_v4_conserved	9.753E-01	9.442E-01	9.543E-01	55.500	91	90	90
F8UQX1_conserved	BMHC-1_conserved	9.754E-01	9.442E-01	9.544E-01	48.800	91	90	90
F8UQX1_conserved	ORR-1_conserved	9.745E-01	9.434E-01	9.535E-01	56.600	91	90	90
F8UQX1_conserved	ANA-1_conserved	9.679E-01	9.474E-01	9.474E-01	54.400	91	90	91
F8UQX1_conserved	A0A0C5L398_conserved	9.710E-01	9.401E-01	9.502E-01	46.600	91	90	90
F8UQX1_conserved	Q6SPY5_conserved	9.703E-01	9.394E-01	9.495E-01	54.400	91	90	90
F8UQX1_conserved	P14488_conserved	9.701E-01	9.393E-01	9.493E-01	55.500	91	90	90
F8UQX1_conserved	Q8G9Q0_conserved	9.682E-01	9.375E-01	9.476E-01	51.100	91	90	90
F8UQX1_conserved	AF-A0A0U3H0V9-F1-model_v4_conserved	9.626E-01	9.320E-01	9.522E-01	52.200	91	90	89
F8UQX1_conserved	AF-I0KEZ6-F1-model_v4_conserved	9.671E-01	9.364E-01	9.464E-01	53.300	91	90	90
F8UQX1_conserved	P25910_conserved	9.631E-01	9.428E-01	9.428E-01	54.400	91	90	91
F8UQX1_conserved	Q8RMB8_conserved	9.639E-01	9.333E-01	9.433E-01	46.600	91	90	90
F8UQX1_conserved	A0A2R4PHC7_conserved	9.634E-01	9.329E-01	9.428E-01	57.700	91	90	90
F8UQX1_conserved	Q8GPN1_conserved	9.609E-01	9.305E-01	9.404E-01	52.200	91	90	90
F8UQX1_conserved	AF-A0A844TY23-F1-model_v4_conserved	9.599E-01	9.296E-01	9.395E-01	54.400	91	90	90
F8UQX1_conserved	A0A0H3YDR5_conserved	9.596E-01	9.293E-01	9.392E-01	51.100	91	90	90
F8UQX1_conserved	AF-A0A191Z3S9-F1-model_v4_conserved	9.594E-01	9.291E-01	9.389E-01	50.000	91	90	90
F8UQX1_conserved	SPS-1_conserved	9.572E-01	9.271E-01	9.470E-01	50.000	91	90	89
F8UQX1_conserved	Q8GPN2_conserved	9.589E-01	9.287E-01	9.385E-01	50.000	91	90	90
F8UQX1_conserved	AF-A0A7U3MVS9-F1-model_v4_conserved	9.591E-01	9.289E-01	9.387E-01	47.700	91	90	90
F8UQX1_conserved	Q840P9_conserved	9.586E-01	9.284E-01	9.382E-01	52.200	91	90	90
F8UQX1_conserved	Q8GKX2_conserved	9.580E-01	9.278E-01	9.377E-01	54.400	91	90	90
F8UQX1_conserved	Q2HY42_conserved	9.577E-01	9.275E-01	9.374E-01	54.400	91	90	90
F8UQX1_conserved	Q9XAY4_conserved	9.571E-01	9.269E-01	9.368E-01	54.400	91	90	90
F8UQX1_conserved	E5G503_conserved	9.567E-01	9.266E-01	9.364E-01	54.400	91	90	90
F8UQX1_conserved	Q3YBY0_conserved	9.564E-01	9.263E-01	9.362E-01	54.400	91	90	90
F8UQX1_conserved	I3RJZ3_conserved	9.548E-01	9.248E-01	9.346E-01	53.300	91	90	90
F8UQX1_conserved	B4YAJ7_conserved	9.545E-01	9.245E-01	9.343E-01	53.300	91	90	90
F8UQX1_conserved	Q9ETN2_conserved	9.439E-01	9.242E-01	9.339E-01	49.400	91	91	90
F8UQX1_conserved	Q9F629_conserved	9.531E-01	9.232E-01	9.329E-01	53.300	91	90	90
F8UQX1_conserved	A7WPA3_conserved	9.531E-01	9.232E-01	9.329E-01	53.300	91	90	90
F8UQX1_conserved	D2K7P0_conserved	9.448E-01	9.251E-01	9.348E-01	47.200	91	91	90
F8UQX1_conserved	Q9EU43_conserved	9.444E-01	9.248E-01	9.345E-01	48.300	91	91	90
F8UQX1_conserved	Q08I33_conserved	9.503E-01	9.205E-01	9.302E-01	46.600	91	90	90
F8UQX1_conserved	Q9F921_conserved	9.410E-01	9.214E-01	9.311E-01	49.400	91	91	90
F8UQX1_conserved	A0A0N9HJI8_conserved	9.485E-01	9.188E-01	9.285E-01	48.800	91	90	90
F8UQX1_conserved	Q8VT48_conserved	9.491E-01	9.194E-01	9.291E-01	47.700	91	90	90
F8UQX1_conserved	Q9X482_conserved	9.394E-01	9.198E-01	9.295E-01	47.200	91	91	90
F8UQX1_conserved	E2GLP7_conserved	9.477E-01	9.181E-01	9.278E-01	47.700	91	90	90
F8UQX1_conserved	AF-Q9RB01-F1-model_v4_conserved	9.471E-01	9.175E-01	9.272E-01	47.700	91	90	90
F8UQX1_conserved	D2KCJ9_conserved	9.388E-01	9.194E-01	9.290E-01	46.100	91	91	90
F8UQX1_conserved	Q6JE29_conserved	9.463E-01	9.167E-01	9.264E-01	46.600	91	90	90
F8UQX1_conserved	A0A077EG89_conserved	9.463E-01	9.168E-01	9.265E-01	46.600	91	90	90
F8UQX1_conserved	Q8GQK7_conserved	9.446E-01	9.150E-01	9.247E-01	48.800	91	90	90
G9JKG5_conserved	G9JKG5_conserved	1.011E+00	1.000E+00	1.000E+00	100.000	91	91	91
G9JKG5_conserved	Q53CM3_conserved	1.006E+00	9.951E-01	9.951E-01	96.700	91	91	91
G9JKG5_conserved	F5ANL2_conserved	1.006E+00	9.945E-01	9.945E-01	95.600	91	91	91
G9JKG5_conserved	I7CP04_conserved	1.005E+00	9.941E-01	9.941E-01	93.400	91	91	91
G9JKG5_conserved	Q8VLM7_conserved	1.005E+00	9.940E-01	9.940E-01	96.700	91	91	91
G9JKG5_conserved	F8UQX1_conserved	1.005E+00	9.939E-01	9.939E-01	95.600	91	91	91
G9JKG5_conserved	Q1A2Z1_conserved	1.004E+00	9.933E-01	9.933E-01	95.600	91	91	91
G9JKG5_conserved	Q7WYA8_conserved	1.004E+00	9.927E-01	9.927E-01	98.900	91	91	91
G9JKG5_conserved	Q70E85_conserved	1.004E+00	9.928E-01	9.928E-01	94.500	91	91	91
G9JKG5_conserved	A8QUY6_conserved	1.003E+00	9.922E-01	9.922E-01	100.000	91	91	91
G9JKG5_conserved	A0A0D5ZZW5_conserved	1.003E+00	9.923E-01	9.923E-01	95.600	91	91	91
G9JKG5_conserved	G4WB26_conserved	1.003E+00	9.920E-01	9.920E-01	95.600	91	91	91
G9JKG5_conserved	S5WLJ9_conserved	1.003E+00	9.916E-01	9.916E-01	93.400	91	91	91
G9JKG5_conserved	B2ZTD9_conserved	1.003E+00	9.921E-01	9.921E-01	89.000	91	91	91
G9JKG5_conserved	B0FWK3_conserved	1.003E+00	9.918E-01	9.918E-01	91.200	91	91	91
G9JKG5_conserved	Q9AHY6_conserved	1.002E+00	9.912E-01	9.912E-01	96.700	91	91	91
G9JKG5_conserved	Q79MP6_conserved	1.002E+00	9.910E-01	9.910E-01	95.600	91	91	91
G9JKG5_conserved	Q8GIW8_conserved	1.002E+00	9.906E-01	9.906E-01	95.600	91	91	91
G9JKG5_conserved	Q9F6Z8_conserved	1.010E+00	9.883E-01	9.883E-01	95.500	91	90	91
G9JKG5_conserved	A0A097J9I0_conserved	1.001E+00	9.898E-01	9.898E-01	94.500	91	91	91
G9JKG5_conserved	A0A0S2MTX2_conserved	1.010E+00	9.875E-01	9.875E-01	93.300	91	90	91
G9JKG5_conserved	AF-A0A1B2F003-F1-model_v4_conserved	1.009E+00	9.867E-01	9.867E-01	87.700	91	90	91
G9JKG5_conserved	A0A0H4IUK3_conserved	1.008E+00	9.860E-01	9.860E-01	95.500	91	90	91
G9JKG5_conserved	A0A161H7D8_conserved	1.006E+00	9.843E-01	9.843E-01	83.300	91	90	91
G9JKG5_conserved	A8R403_conserved	1.006E+00	9.840E-01	9.840E-01	84.400	91	90	91
G9JKG5_conserved	AF-A0A7Y3W177-F1-model_v4_conserved	9.952E-01	9.736E-01	9.736E-01	76.600	91	90	91
G9JKG5_conserved	L0N4W6_conserved	9.952E-01	9.736E-01	9.736E-01	73.300	91	90	91
G9JKG5_conserved	L7X1X1_conserved	9.854E-01	9.748E-01	9.748E-01	71.400	91	91	91
G9JKG5_conserved	AF-C5BSS3-F1-model_v4_conserved	9.941E-01	9.725E-01	9.725E-01	73.300	91	90	91
G9JKG5_conserved	SHD-1_conserved	9.927E-01	9.712E-01	9.712E-01	71.100	91	90	91
G9JKG5_conserved	A0A650AXL4_conserved	9.918E-01	9.703E-01	9.703E-01	68.800	91	90	91
G9JKG5_conserved	Q704V1_conserved	9.910E-01	9.696E-01	9.696E-01	72.200	91	90	91
G9JKG5_conserved	AF-A0A1L6K5Z3-F1-model_v4_conserved	9.937E-01	9.614E-01	9.719E-01	74.400	91	90	90
G9JKG5_conserved	Q53BU0_conserved	9.852E-01	9.640E-01	9.745E-01	64.400	91	90	90
G9JKG5_conserved	AF-A0A6M4NN58-F1-model_v4_conserved	9.890E-01	9.677E-01	9.677E-01	67.700	91	90	91
G9JKG5_conserved	AF-Q12JE6-F1-model_v4_conserved	9.886E-01	9.673E-01	9.673E-01	71.100	91	90	91
G9JKG5_conserved	Q53BU1_conserved	9.810E-01	9.600E-01	9.704E-01	66.600	91	90	90
G9JKG5_conserved	K7SA42_conserved	9.779E-01	9.570E-01	9.570E-01	55.500	91	90	91
G9JKG5_conserved	AF-A0A3G5BD68-F1-model_v4_conserved	9.757E-01	9.550E-01	9.550E-01	54.400	91	90	91
G9JKG5_conserved	AF-A0A1L6K5Y5-F1-model_v4_conserved	9.790E-01	9.476E-01	9.578E-01	57.700	91	90	90
G9JKG5_conserved	A0A3G3C0Q6_conserved	9.751E-01	9.543E-01	9.543E-01	54.400	91	90	91
G9JKG5_conserved	AF-A0A8E7DAJ6-F1-model_v6_conserved	9.750E-01	9.542E-01	9.542E-01	55.500	91	90	91
G9JKG5_conserved	A0A1Z3FWF5_conserved	9.748E-01	9.540E-01	9.540E-01	54.400	91	90	91
G9JKG5_conserved	A0A1P8VH15_conserved	9.748E-01	9.540E-01	9.540E-01	54.400	91	90	91
G9JKG5_conserved	A0A0B5ECY2_conserved	9.747E-01	9.540E-01	9.540E-01	54.400	91	90	91
G9JKG5_conserved	S5ZIP8_conserved	9.747E-01	9.539E-01	9.539E-01	54.400	91	90	91
G9JKG5_conserved	STA-1_conserved	9.745E-01	9.537E-01	9.537E-01	54.400	91	90	91
G9JKG5_conserved	A0A1P8C735_conserved	9.744E-01	9.537E-01	9.537E-01	55.500	91	90	91
G9JKG5_conserved	AF-Q1DF71-F1-model_v4_conserved	9.736E-01	9.529E-01	9.529E-01	52.200	91	90	91
G9JKG5_conserved	AF-A0A4Y8LBX5-F1-model_v4_conserved	9.726E-01	9.519E-01	9.519E-01	62.200	91	90	91
G9JKG5_conserved	ALI-1_conserved	9.694E-01	9.487E-01	9.487E-01	61.500	91	91	91
G9JKG5_conserved	ALI-2_conserved	9.693E-01	9.486E-01	9.486E-01	56.000	91	91	91
G9JKG5_conserved	AF-G0L217-F1-model_v4_conserved	9.744E-01	9.433E-01	9.535E-01	52.200	91	90	90
G9JKG5_conserved	ECV-1_conserved	9.740E-01	9.429E-01	9.531E-01	53.300	91	90	90
G9JKG5_conserved	AF-A0A7T8ZCD9-F1-model_v4_conserved	9.738E-01	9.427E-01	9.528E-01	51.100	91	90	90
G9JKG5_conserved	AF-A0A6B7ELH8-F1-model_v4_conserved	9.726E-01	9.416E-01	9.517E-01	57.700	91	90	90
G9JKG5_conserved	ORR-1_conserved	9.723E-01	9.413E-01	9.515E-01	54.400	91	90	90
G9JKG5_conserved	BMHC-1_conserved	9.724E-01	9.415E-01	9.516E-01	51.100	91	90	90
G9JKG5_conserved	A0A0C5L398_conserved	9.686E-01	9.378E-01	9.479E-01	47.700	91	90	90
G9JKG5_conserved	ANA-1_conserved	9.635E-01	9.432E-01	9.432E-01	55.500	91	90	91
G9JKG5_conserved	Q6SPY5_conserved	9.671E-01	9.364E-01	9.464E-01	56.600	91	90	90
G9JKG5_conserved	P14488_conserved	9.671E-01	9.364E-01	9.464E-01	57.700	91	90	90
G9JKG5_conserved	Q8G9Q0_conserved	9.654E-01	9.348E-01	9.448E-01	51.100	91	90	90
G9JKG5_conserved	AF-A0A0U3H0V9-F1-model_v4_conserved	9.598E-01	9.294E-01	9.494E-01	54.400	91	90	89
G9JKG5_conserved	P25910_conserved	9.607E-01	9.405E-01	9.405E-01	56.600	91	90	91
G9JKG5_conserved	AF-I0KEZ6-F1-model_v4_conserved	9.638E-01	9.333E-01	9.433E-01	52.200	91	90	90
G9JKG5_conserved	Q8RMB8_conserved	9.604E-01	9.300E-01	9.399E-01	46.600	91	90	90
G9JKG5_conserved	A0A2R4PHC7_conserved	9.596E-01	9.293E-01	9.392E-01	56.600	91	90	90
G9JKG5_conserved	Q8GPN1_conserved	9.582E-01	9.280E-01	9.379E-01	52.200	91	90	90
G9JKG5_conserved	A0A0H3YDR5_conserved	9.573E-01	9.271E-01	9.369E-01	51.100	91	90	90
G9JKG5_conserved	AF-A0A844TY23-F1-model_v4_conserved	9.572E-01	9.270E-01	9.369E-01	54.400	91	90	90
G9JKG5_conserved	AF-A0A191Z3S9-F1-model_v4_conserved	9.568E-01	9.266E-01	9.365E-01	47.700	91	90	90
G9JKG5_conserved	Q8GPN2_conserved	9.565E-01	9.264E-01	9.362E-01	50.000	91	90	90
G9JKG5_conserved	Q840P9_conserved	9.565E-01	9.264E-01	9.362E-01	53.300	91	90	90
G9JKG5_conserved	SPS-1_conserved	9.538E-01	9.239E-01	9.436E-01	48.800	91	90	89
G9JKG5_conserved	Q8GKX2_conserved	9.557E-01	9.256E-01	9.354E-01	53.300	91	90	90
G9JKG5_conserved	Q2HY42_conserved	9.554E-01	9.254E-01	9.352E-01	53.300	91	90	90
G9JKG5_conserved	AF-A0A7U3MVS9-F1-model_v4_conserved	9.555E-01	9.254E-01	9.352E-01	45.500	91	90	90
G9JKG5_conserved	Q9XAY4_conserved	9.547E-01	9.247E-01	9.345E-01	53.300	91	90	90
G9JKG5_conserved	E5G503_conserved	9.545E-01	9.245E-01	9.343E-01	53.300	91	90	90
G9JKG5_conserved	Q3YBY0_conserved	9.541E-01	9.241E-01	9.339E-01	53.300	91	90	90
G9JKG5_conserved	Q9EU43_conserved	9.455E-01	9.258E-01	9.356E-01	47.200	91	91	90
G9JKG5_conserved	Q9ETN2_conserved	9.443E-01	9.246E-01	9.343E-01	48.300	91	91	90
G9JKG5_conserved	B4YAJ7_conserved	9.523E-01	9.225E-01	9.322E-01	52.200	91	90	90
G9JKG5_conserved	I3RJZ3_conserved	9.525E-01	9.227E-01	9.324E-01	52.200	91	90	90
G9JKG5_conserved	Q9F629_conserved	9.509E-01	9.211E-01	9.308E-01	52.200	91	90	90
G9JKG5_conserved	A7WPA3_conserved	9.509E-01	9.211E-01	9.308E-01	52.200	91	90	90
G9JKG5_conserved	Q9F921_conserved	9.411E-01	9.216E-01	9.313E-01	48.300	91	91	90
G9JKG5_conserved	Q08I33_conserved	9.480E-01	9.183E-01	9.280E-01	45.500	91	90	90
G9JKG5_conserved	D2K7P0_conserved	9.392E-01	9.197E-01	9.293E-01	46.100	91	91	90
G9JKG5_conserved	Q8VT48_conserved	9.468E-01	9.172E-01	9.269E-01	46.600	91	90	90
G9JKG5_conserved	E2GLP7_conserved	9.376E-01	9.181E-01	9.277E-01	47.200	91	91	90
G9JKG5_conserved	Q9X482_conserved	9.381E-01	9.186E-01	9.283E-01	46.100	91	91	90
G9JKG5_conserved	A0A0N9HJI8_conserved	9.454E-01	9.158E-01	9.255E-01	47.700	91	90	90
G9JKG5_conserved	Q6JE29_conserved	9.366E-01	9.171E-01	9.268E-01	46.100	91	91	90
G9JKG5_conserved	AF-Q9RB01-F1-model_v4_conserved	9.447E-01	9.153E-01	9.249E-01	48.800	91	90	90
G9JKG5_conserved	A0A077EG89_conserved	9.446E-01	9.152E-01	9.248E-01	47.700	91	90	90
G9JKG5_conserved	D2KCJ9_conserved	9.335E-01	9.142E-01	9.237E-01	45.000	91	91	90
G9JKG5_conserved	Q8GQK7_conserved	9.415E-01	9.121E-01	9.217E-01	47.700	91	90	90
P14488_conserved	P14488_conserved	1.011E+00	1.000E+00	1.000E+00	100.000	90	90	90
P14488_conserved	Q6SPY5_conserved	1.011E+00	9.883E-01	9.883E-01	95.500	90	89	90
P14488_conserved	AF-A0A1L6K5Y5-F1-model_v4_conserved	9.938E-01	9.720E-01	9.720E-01	67.400	90	89	90
P14488_conserved	AF-I0KEZ6-F1-model_v4_conserved	9.928E-01	9.711E-01	9.711E-01	68.500	90	89	90
P14488_conserved	Q53BU0_conserved	9.880E-01	9.665E-01	9.665E-01	61.100	90	90	90
P14488_conserved	Q53BU1_conserved	9.872E-01	9.658E-01	9.658E-01	62.200	90	90	90
P14488_conserved	AF-A0A4Y8LBX5-F1-model_v4_conserved	9.885E-01	9.670E-01	9.565E-01	67.700	90	90	91
P14488_conserved	AF-A0A6M4NN58-F1-model_v4_conserved	9.863E-01	9.649E-01	9.545E-01	58.800	90	90	91
P14488_conserved	Q840P9_conserved	9.807E-01	9.595E-01	9.595E-01	58.400	90	89	90
P14488_conserved	P25910_conserved	9.843E-01	9.630E-01	9.527E-01	60.000	90	90	91
P14488_conserved	AF-A0A1L6K5Z3-F1-model_v4_conserved	9.804E-01	9.592E-01	9.592E-01	62.900	90	89	90
P14488_conserved	Q704V1_conserved	9.841E-01	9.628E-01	9.524E-01	62.200	90	90	91
P14488_conserved	L7X1X1_conserved	9.838E-01	9.625E-01	9.522E-01	64.400	90	90	91
P14488_conserved	SHD-1_conserved	9.832E-01	9.619E-01	9.515E-01	61.100	90	90	91
P14488_conserved	A0A0C5L398_conserved	9.795E-01	9.584E-01	9.584E-01	52.800	90	89	90
P14488_conserved	AF-Q1DF71-F1-model_v4_conserved	9.831E-01	9.618E-01	9.515E-01	64.400	90	90	91
P14488_conserved	A0A650AXL4_conserved	9.830E-01	9.617E-01	9.514E-01	60.000	90	90	91
P14488_conserved	AF-C5BSS3-F1-model_v4_conserved	9.827E-01	9.614E-01	9.511E-01	63.300	90	90	91
P14488_conserved	K7SA42_conserved	9.830E-01	9.617E-01	9.514E-01	55.500	90	90	91
P14488_conserved	Q8GKX2_conserved	9.786E-01	9.575E-01	9.575E-01	58.400	90	89	90
P14488_conserved	Q2HY42_conserved	9.786E-01	9.575E-01	9.575E-01	58.400	90	89	90
P14488_conserved	AF-Q12JE6-F1-model_v4_conserved	9.818E-01	9.606E-01	9.503E-01	62.200	90	90	91
P14488_conserved	ANA-1_conserved	9.820E-01	9.608E-01	9.505E-01	58.800	90	90	91
P14488_conserved	E5G503_conserved	9.782E-01	9.571E-01	9.571E-01	58.400	90	89	90
P14488_conserved	AF-A0A7Y3W177-F1-model_v4_conserved	9.815E-01	9.603E-01	9.500E-01	57.700	90	90	91
P14488_conserved	Q9XAY4_conserved	9.780E-01	9.570E-01	9.570E-01	58.400	90	89	90
P14488_conserved	Q3YBY0_conserved	9.780E-01	9.569E-01	9.569E-01	58.400	90	89	90
P14488_conserved	L0N4W6_conserved	9.812E-01	9.600E-01	9.498E-01	58.800	90	90	91
P14488_conserved	AF-A0A844TY23-F1-model_v4_conserved	9.769E-01	9.558E-01	9.558E-01	52.800	90	89	90
P14488_conserved	I3RJZ3_conserved	9.774E-01	9.564E-01	9.564E-01	57.300	90	89	90
P14488_conserved	Q8GPN1_conserved	9.762E-01	9.552E-01	9.552E-01	50.500	90	89	90
P14488_conserved	A7WPA3_conserved	9.770E-01	9.560E-01	9.560E-01	57.300	90	89	90
P14488_conserved	STA-1_conserved	9.801E-01	9.589E-01	9.487E-01	63.300	90	90	91
P14488_conserved	B4YAJ7_conserved	9.764E-01	9.554E-01	9.554E-01	57.300	90	89	90
P14488_conserved	Q9F629_conserved	9.762E-01	9.552E-01	9.552E-01	57.300	90	89	90
P14488_conserved	ALI-2_conserved	9.790E-01	9.579E-01	9.477E-01	50.000	90	90	91
P14488_conserved	A0A0H3YDR5_conserved	9.737E-01	9.528E-01	9.528E-01	48.300	90	89	90
P14488_conserved	Q8GPN2_conserved	9.737E-01	9.527E-01	9.527E-01	48.300	90	89	90
P14488_conserved	AF-A0A191Z3S9-F1-model_v4_conserved	9.733E-01	9.523E-01	9.523E-01	47.100	90	89	90
P14488_conserved	AF-A0A3G5BD68-F1-model_v4_conserved	9.776E-01	9.566E-01	9.464E-01	51.100	90	90	91
P14488_conserved	AF-A0A8E7DAJ6-F1-model_v6_conserved	9.769E-01	9.559E-01	9.457E-01	53.300	90	90	91
P14488_conserved	A0A1P8C735_conserved	9.769E-01	9.559E-01	9.457E-01	53.300	90	90	91
P14488_conserved	A0A1Z3FWF5_conserved	9.768E-01	9.557E-01	9.456E-01	52.200	90	90	91
P14488_conserved	Q8RMB8_conserved	9.725E-01	9.517E-01	9.517E-01	52.800	90	89	90
P14488_conserved	A0A3G3C0Q6_conserved	9.767E-01	9.556E-01	9.455E-01	52.200	90	90	91
P14488_conserved	A0A2R4PHC7_conserved	9.723E-01	9.514E-01	9.514E-01	58.400	90	89	90
P14488_conserved	S5ZIP8_conserved	9.764E-01	9.554E-01	9.452E-01	52.200	90	90	91
P14488_conserved	A0A1P8VH15_conserved	9.764E-01	9.554E-01	9.452E-01	52.200	90	90	91
P14488_conserved	A0A0B5ECY2_conserved	9.764E-01	9.554E-01	9.452E-01	52.200	90	90	91
P14488_conserved	ALI-1_conserved	9.756E-01	9.546E-01	9.444E-01	50.000	90	90	91
P14488_conserved	A8R403_conserved	9.746E-01	9.536E-01	9.435E-01	62.200	90	90	91
P14488_conserved	AF-G0L217-F1-model_v4_conserved	9.682E-01	9.473E-01	9.473E-01	50.000	90	90	90
P14488_conserved	A0A161H7D8_conserved	9.735E-01	9.526E-01	9.424E-01	58.800	90	90	91
P14488_conserved	A0A0N9HJI8_conserved	9.690E-01	9.482E-01	9.482E-01	50.500	90	89	90
P14488_conserved	Q08I33_conserved	9.694E-01	9.486E-01	9.486E-01	51.600	90	89	90
P14488_conserved	Q9ETN2_conserved	9.691E-01	9.484E-01	9.484E-01	52.800	90	89	90
P14488_conserved	Q8VT48_conserved	9.677E-01	9.470E-01	9.470E-01	52.800	90	89	90
P14488_conserved	Q8GQK7_conserved	9.662E-01	9.455E-01	9.455E-01	50.500	90	89	90
P14488_conserved	ECV-1_conserved	9.646E-01	9.439E-01	9.439E-01	52.200	90	90	90
P14488_conserved	F8UQX1_conserved	9.701E-01	9.493E-01	9.393E-01	55.500	90	90	91
P14488_conserved	BMHC-1_conserved	9.640E-01	9.433E-01	9.433E-01	52.200	90	90	90
P14488_conserved	E2GLP7_conserved	9.662E-01	9.455E-01	9.455E-01	52.800	90	89	90
P14488_conserved	D2K7P0_conserved	9.659E-01	9.453E-01	9.453E-01	51.600	90	89	90
P14488_conserved	Q9EU43_conserved	9.658E-01	9.452E-01	9.452E-01	52.800	90	89	90
P14488_conserved	Q9F921_conserved	9.657E-01	9.451E-01	9.451E-01	53.900	90	89	90
P14488_conserved	AF-A0A7U3MVS9-F1-model_v4_conserved	9.666E-01	9.460E-01	9.460E-01	50.500	90	89	90
P14488_conserved	AF-Q9RB01-F1-model_v4_conserved	9.655E-01	9.449E-01	9.449E-01	53.900	90	89	90
P14488_conserved	A0A077EG89_conserved	9.658E-01	9.452E-01	9.452E-01	55.000	90	89	90
P14488_conserved	A0A097J9I0_conserved	9.691E-01	9.484E-01	9.383E-01	56.600	90	90	91
P14488_conserved	Q70E85_conserved	9.690E-01	9.482E-01	9.382E-01	58.800	90	90	91
P14488_conserved	A0A0H4IUK3_conserved	9.690E-01	9.482E-01	9.382E-01	56.600	90	90	91
P14488_conserved	B0FWK3_conserved	9.689E-01	9.482E-01	9.381E-01	56.600	90	90	91
P14488_conserved	Q6JE29_conserved	9.654E-01	9.448E-01	9.448E-01	51.600	90	89	90
P14488_conserved	Q9X482_conserved	9.654E-01	9.448E-01	9.448E-01	51.600	90	89	90
P14488_conserved	A0A0D5ZZW5_conserved	9.688E-01	9.480E-01	9.380E-01	58.800	90	90	91
P14488_conserved	G4WB26_conserved	9.688E-01	9.481E-01	9.380E-01	57.700	90	90	91
P14488_conserved	Q9F6Z8_conserved	9.685E-01	9.477E-01	9.377E-01	57.700	90	90	91
P14488_conserved	S5WLJ9_conserved	9.684E-01	9.477E-01	9.377E-01	53.300	90	90	91
P14488_conserved	Q8GIW8_conserved	9.684E-01	9.477E-01	9.376E-01	57.700	90	90	91
P14488_conserved	I7CP04_conserved	9.683E-01	9.476E-01	9.376E-01	53.300	90	90	91
P14488_conserved	AF-A0A7T8ZCD9-F1-model_v4_conserved	9.623E-01	9.416E-01	9.416E-01	50.000	90	90	90
P14488_conserved	A8QUY6_conserved	9.683E-01	9.475E-01	9.375E-01	57.700	90	90	91
P14488_conserved	Q53CM3_conserved	9.683E-01	9.475E-01	9.375E-01	56.600	90	90	91
P14488_conserved	Q1A2Z1_conserved	9.682E-01	9.475E-01	9.374E-01	58.800	90	90	91
P14488_conserved	Q9AHY6_conserved	9.682E-01	9.475E-01	9.375E-01	57.700	90	90	91
P14488_conserved	B2ZTD9_conserved	9.681E-01	9.474E-01	9.374E-01	56.600	90	90	91
P14488_conserved	Q8VLM7_conserved	9.682E-01	9.474E-01	9.374E-01	58.800	90	90	91
P14488_conserved	D2KCJ9_conserved	9.644E-01	9.438E-01	9.438E-01	50.500	90	89	90
P14488_conserved	A0A0S2MTX2_conserved	9.681E-01	9.474E-01	9.373E-01	55.500	90	90	91
P14488_conserved	Q79MP6_conserved	9.680E-01	9.473E-01	9.373E-01	57.700	90	90	91
P14488_conserved	Q7WYA8_conserved	9.678E-01	9.471E-01	9.370E-01	56.600	90	90	91
P14488_conserved	F5ANL2_conserved	9.678E-01	9.471E-01	9.370E-01	57.700	90	90	91
P14488_conserved	AF-A0A6B7ELH8-F1-model_v4_conserved	9.613E-01	9.407E-01	9.407E-01	56.600	90	90	90
P14488_conserved	G9JKG5_conserved	9.671E-01	9.464E-01	9.364E-01	57.700	90	90	91
P14488_conserved	SPS-1_conserved	9.590E-01	9.387E-01	9.487E-01	49.400	90	89	89
P14488_conserved	AF-A0A0U3H0V9-F1-model_v4_conserved	9.538E-01	9.334E-01	9.435E-01	52.200	90	90	89
P14488_conserved	AF-A0A1B2F003-F1-model_v4_conserved	9.638E-01	9.433E-01	9.333E-01	53.300	90	90	91
P14488_conserved	ORR-1_conserved	9.579E-01	9.375E-01	9.375E-01	53.300	90	90	90
P14488_conserved	Q8G9Q0_conserved	9.592E-01	9.388E-01	9.388E-01	53.900	90	89	90
Q53BU0_conserved	Q53BU0_conserved	1.011E+00	1.000E+00	1.000E+00	100.000	90	90	90
Q53BU0_conserved	Q53BU1_conserved	1.008E+00	9.967E-01	9.967E-01	94.400	90	90	90
Q53BU0_conserved	SHD-1_conserved	1.002E+00	9.910E-01	9.802E-01	78.800	90	90	91
Q53BU0_conserved	AF-C5BSS3-F1-model_v4_conserved	1.002E+00	9.905E-01	9.797E-01	82.200	90	90	91
Q53BU0_conserved	L7X1X1_conserved	1.001E+00	9.899E-01	9.791E-01	74.400	90	90	91
Q53BU0_conserved	AF-A0A7Y3W177-F1-model_v4_conserved	1.001E+00	9.899E-01	9.791E-01	67.700	90	90	91
Q53BU0_conserved	Q704V1_conserved	1.000E+00	9.892E-01	9.784E-01	74.400	90	90	91
Q53BU0_conserved	L0N4W6_conserved	1.000E+00	9.891E-01	9.783E-01	81.100	90	90	91
Q53BU0_conserved	AF-A0A6M4NN58-F1-model_v4_conserved	9.975E-01	9.866E-01	9.759E-01	63.300	90	90	91
Q53BU0_conserved	AF-A0A1L6K5Z3-F1-model_v4_conserved	1.000E+00	9.784E-01	9.784E-01	73.300	90	90	90
Q53BU0_conserved	A0A650AXL4_conserved	9.958E-01	9.849E-01	9.742E-01	67.700	90	90	91
Q53BU0_conserved	AF-Q12JE6-F1-model_v4_conserved	9.949E-01	9.840E-01	9.734E-01	61.100	90	90	91
Q53BU0_conserved	AF-A0A1L6K5Y5-F1-model_v4_conserved	9.969E-01	9.750E-01	9.750E-01	62.200	90	90	90
Q53BU0_conserved	A8R403_conserved	9.917E-01	9.809E-01	9.703E-01	71.100	90	90	91
Q53BU0_conserved	A0A161H7D8_conserved	9.900E-01	9.792E-01	9.686E-01	71.100	90	90	91
Q53BU0_conserved	A0A0C5L398_conserved	9.939E-01	9.722E-01	9.722E-01	57.700	90	90	90
Q53BU0_conserved	AF-A0A4Y8LBX5-F1-model_v4_conserved	9.892E-01	9.784E-01	9.679E-01	66.600	90	90	91
Q53BU0_conserved	B2ZTD9_conserved	9.880E-01	9.773E-01	9.667E-01	66.600	90	90	91
Q53BU0_conserved	STA-1_conserved	9.888E-01	9.781E-01	9.675E-01	54.400	90	90	91
Q53BU0_conserved	Q70E85_conserved	9.871E-01	9.764E-01	9.659E-01	65.500	90	90	91
Q53BU0_conserved	F8UQX1_conserved	9.871E-01	9.764E-01	9.659E-01	63.300	90	90	91
Q53BU0_conserved	Q8GIW8_conserved	9.870E-01	9.762E-01	9.657E-01	65.500	90	90	91
Q53BU0_conserved	Q9F6Z8_conserved	9.868E-01	9.761E-01	9.655E-01	67.700	90	90	91
Q53BU0_conserved	S5WLJ9_conserved	9.866E-01	9.759E-01	9.654E-01	68.800	90	90	91
Q53BU0_conserved	B0FWK3_conserved	9.866E-01	9.759E-01	9.654E-01	64.400	90	90	91
Q53BU0_conserved	A0A0D5ZZW5_conserved	9.863E-01	9.756E-01	9.651E-01	66.600	90	90	91
Q53BU0_conserved	G4WB26_conserved	9.864E-01	9.756E-01	9.651E-01	65.500	90	90	91
Q53BU0_conserved	Q8VLM7_conserved	9.863E-01	9.755E-01	9.650E-01	66.600	90	90	91
Q53BU0_conserved	I7CP04_conserved	9.862E-01	9.754E-01	9.649E-01	68.800	90	90	91
Q53BU0_conserved	Q1A2Z1_conserved	9.861E-01	9.753E-01	9.648E-01	65.500	90	90	91
Q53BU0_conserved	Q7WYA8_conserved	9.859E-01	9.752E-01	9.647E-01	65.500	90	90	91
Q53BU0_conserved	A8QUY6_conserved	9.860E-01	9.752E-01	9.647E-01	64.400	90	90	91
Q53BU0_conserved	Q53CM3_conserved	9.857E-01	9.750E-01	9.645E-01	64.400	90	90	91
Q53BU0_conserved	Q9AHY6_conserved	9.855E-01	9.748E-01	9.643E-01	65.500	90	90	91
Q53BU0_conserved	F5ANL2_conserved	9.854E-01	9.747E-01	9.642E-01	65.500	90	90	91
Q53BU0_conserved	Q79MP6_conserved	9.852E-01	9.745E-01	9.640E-01	67.700	90	90	91
Q53BU0_conserved	AF-Q1DF71-F1-model_v4_conserved	9.862E-01	9.755E-01	9.650E-01	55.500	90	90	91
Q53BU0_conserved	G9JKG5_conserved	9.852E-01	9.745E-01	9.640E-01	64.400	90	90	91
Q53BU0_conserved	A0A0S2MTX2_conserved	9.849E-01	9.742E-01	9.638E-01	66.600	90	90	91
Q53BU0_conserved	A0A097J9I0_conserved	9.848E-01	9.740E-01	9.636E-01	65.500	90	90	91
Q53BU0_conserved	Q6SPY5_conserved	9.894E-01	9.679E-01	9.679E-01	60.000	90	90	90
Q53BU0_conserved	A0A0H4IUK3_conserved	9.844E-01	9.737E-01	9.632E-01	64.400	90	90	91
Q53BU0_conserved	ANA-1_conserved	9.846E-01	9.739E-01	9.635E-01	56.600	90	90	91
Q53BU0_conserved	AF-A0A1B2F003-F1-model_v4_conserved	9.838E-01	9.732E-01	9.627E-01	65.500	90	90	91
Q53BU0_conserved	AF-I0KEZ6-F1-model_v4_conserved	9.885E-01	9.670E-01	9.670E-01	60.000	90	90	90
Q53BU0_conserved	P14488_conserved	9.880E-01	9.665E-01	9.665E-01	61.100	90	90	90
Q53BU0_conserved	P25910_conserved	9.840E-01	9.733E-01	9.629E-01	60.000	90	90	91
Q53BU0_conserved	AF-A0A844TY23-F1-model_v4_conserved	9.868E-01	9.653E-01	9.653E-01	58.800	90	90	90
Q53BU0_conserved	Q8GPN1_conserved	9.867E-01	9.653E-01	9.653E-01	56.600	90	90	90
Q53BU0_conserved	AF-A0A191Z3S9-F1-model_v4_conserved	9.862E-01	9.647E-01	9.647E-01	56.600	90	90	90
Q53BU0_conserved	K7SA42_conserved	9.827E-01	9.720E-01	9.616E-01	54.400	90	90	91
Q53BU0_conserved	A0A0H3YDR5_conserved	9.858E-01	9.643E-01	9.643E-01	55.500	90	90	90
Q53BU0_conserved	AF-G0L217-F1-model_v4_conserved	9.866E-01	9.652E-01	9.652E-01	53.300	90	90	90
Q53BU0_conserved	Q8GPN2_conserved	9.853E-01	9.639E-01	9.639E-01	54.400	90	90	90
Q53BU0_conserved	ALI-1_conserved	9.788E-01	9.681E-01	9.577E-01	54.900	90	91	91
Q53BU0_conserved	AF-A0A3G5BD68-F1-model_v4_conserved	9.817E-01	9.711E-01	9.607E-01	47.700	90	90	91
Q53BU0_conserved	ORR-1_conserved	9.850E-01	9.637E-01	9.637E-01	56.600	90	90	90
Q53BU0_conserved	AF-A0A8E7DAJ6-F1-model_v6_conserved	9.807E-01	9.701E-01	9.597E-01	50.000	90	90	91
Q53BU0_conserved	AF-A0A7T8ZCD9-F1-model_v4_conserved	9.846E-01	9.633E-01	9.633E-01	55.500	90	90	90
Q53BU0_conserved	A0A1Z3FWF5_conserved	9.806E-01	9.700E-01	9.596E-01	50.000	90	90	91
Q53BU0_conserved	A0A3G3C0Q6_conserved	9.805E-01	9.699E-01	9.596E-01	50.000	90	90	91
Q53BU0_conserved	A0A1P8VH15_conserved	9.804E-01	9.698E-01	9.595E-01	50.000	90	90	91
Q53BU0_conserved	A0A2R4PHC7_conserved	9.837E-01	9.623E-01	9.623E-01	56.600	90	90	90
Q53BU0_conserved	A0A1P8C735_conserved	9.803E-01	9.697E-01	9.594E-01	50.000	90	90	91
Q53BU0_conserved	S5ZIP8_conserved	9.802E-01	9.696E-01	9.593E-01	50.000	90	90	91
Q53BU0_conserved	A0A0B5ECY2_conserved	9.802E-01	9.696E-01	9.593E-01	50.000	90	90	91
Q53BU0_conserved	ECV-1_conserved	9.841E-01	9.628E-01	9.628E-01	53.300	90	90	90
Q53BU0_conserved	AF-A0A6B7ELH8-F1-model_v4_conserved	9.836E-01	9.623E-01	9.623E-01	58.800	90	90	90
Q53BU0_conserved	ALI-2_conserved	9.765E-01	9.659E-01	9.556E-01	51.600	90	91	91
Q53BU0_conserved	BMHC-1_conserved	9.821E-01	9.609E-01	9.609E-01	55.500	90	90	90
Q53BU0_conserved	Q8RMB8_conserved	9.808E-01	9.596E-01	9.596E-01	51.100	90	90	90
Q53BU0_conserved	Q840P9_conserved	9.790E-01	9.579E-01	9.579E-01	56.600	90	90	90
Q53BU0_conserved	AF-A0A0U3H0V9-F1-model_v4_conserved	9.738E-01	9.528E-01	9.632E-01	58.800	90	90	89
Q53BU0_conserved	Q8GKX2_conserved	9.776E-01	9.566E-01	9.566E-01	54.400	90	90	90
Q53BU0_conserved	Q2HY42_conserved	9.775E-01	9.564E-01	9.564E-01	55.500	90	90	90
Q53BU0_conserved	Q9XAY4_conserved	9.773E-01	9.563E-01	9.563E-01	54.400	90	90	90
Q53BU0_conserved	Q9ETN2_conserved	9.755E-01	9.544E-01	9.544E-01	56.600	90	90	90
Q53BU0_conserved	Q3YBY0_conserved	9.773E-01	9.562E-01	9.562E-01	54.400	90	90	90
Q53BU0_conserved	E5G503_conserved	9.771E-01	9.560E-01	9.560E-01	54.400	90	90	90
Q53BU0_conserved	I3RJZ3_conserved	9.763E-01	9.553E-01	9.553E-01	55.500	90	90	90
Q53BU0_conserved	B4YAJ7_conserved	9.763E-01	9.553E-01	9.553E-01	55.500	90	90	90
Q53BU0_conserved	A0A0N9HJI8_conserved	9.734E-01	9.524E-01	9.524E-01	53.300	90	90	90
Q53BU0_conserved	Q08I33_conserved	9.740E-01	9.530E-01	9.530E-01	54.400	90	90	90
Q53BU0_conserved	A0A077EG89_conserved	9.750E-01	9.540E-01	9.540E-01	55.500	90	90	90
Q53BU0_conserved	A7WPA3_conserved	9.754E-01	9.544E-01	9.544E-01	55.500	90	90	90
Q53BU0_conserved	AF-Q9RB01-F1-model_v4_conserved	9.746E-01	9.536E-01	9.536E-01	54.400	90	90	90
Q53BU0_conserved	Q8VT48_conserved	9.736E-01	9.526E-01	9.526E-01	55.500	90	90	90
Q53BU0_conserved	E2GLP7_conserved	9.737E-01	9.527E-01	9.527E-01	55.500	90	90	90
Q53BU0_conserved	Q9F629_conserved	9.752E-01	9.542E-01	9.542E-01	55.500	90	90	90
Q53BU0_conserved	Q9EU43_conserved	9.732E-01	9.522E-01	9.522E-01	55.500	90	90	90
Q53BU0_conserved	Q9X482_conserved	9.731E-01	9.521E-01	9.521E-01	54.400	90	90	90
Q53BU0_conserved	D2K7P0_conserved	9.731E-01	9.521E-01	9.521E-01	53.300	90	90	90
Q53BU0_conserved	Q6JE29_conserved	9.729E-01	9.520E-01	9.520E-01	54.400	90	90	90
Q53BU0_conserved	Q9F921_conserved	9.726E-01	9.516E-01	9.516E-01	56.600	90	90	90
Q53BU0_conserved	SPS-1_conserved	9.708E-01	9.500E-01	9.603E-01	47.700	90	90	89
Q53BU0_conserved	Q8GQK7_conserved	9.715E-01	9.505E-01	9.505E-01	53.300	90	90	90
Q53BU0_conserved	AF-A0A7U3MVS9-F1-model_v4_conserved	9.709E-01	9.502E-01	9.502E-01	53.300	90	90	90
Q53BU0_conserved	Q8G9Q0_conserved	9.701E-01	9.493E-01	9.493E-01	51.100	90	90	90
Q53BU0_conserved	D2KCJ9_conserved	9.676E-01	9.469E-01	9.469E-01	53.300	90	90	90
Q79MP6_conserved	Q79MP6_conserved	1.011E+00	1.000E+00	1.000E+00	100.000	91	91	91
Q79MP6_conserved	Q9AHY6_conserved	1.011E+00	9.994E-01	9.994E-01	96.700	91	91	91
Q79MP6_conserved	Q8GIW8_conserved	1.007E+00	9.964E-01	9.964E-01	95.600	91	91	91
Q79MP6_conserved	B2ZTD9_conserved	1.007E+00	9.962E-01	9.962E-01	93.400	91	91	91
Q79MP6_conserved	Q8VLM7_conserved	1.006E+00	9.953E-01	9.953E-01	98.900	91	91	91
Q79MP6_conserved	G4WB26_conserved	1.005E+00	9.937E-01	9.937E-01	95.600	91	91	91
Q79MP6_conserved	Q53CM3_conserved	1.005E+00	9.936E-01	9.936E-01	96.700	91	91	91
Q79MP6_conserved	F5ANL2_conserved	1.004E+00	9.930E-01	9.930E-01	97.800	91	91	91
Q79MP6_conserved	A0A0D5ZZW5_conserved	1.003E+00	9.922E-01	9.922E-01	95.600	91	91	91
Q79MP6_conserved	Q9F6Z8_conserved	1.002E+00	9.912E-01	9.912E-01	100.000	91	91	91
Q79MP6_conserved	Q7WYA8_conserved	1.002E+00	9.913E-01	9.913E-01	96.700	91	91	91
Q79MP6_conserved	G9JKG5_conserved	1.002E+00	9.910E-01	9.910E-01	95.600	91	91	91
Q79MP6_conserved	I7CP04_conserved	1.002E+00	9.907E-01	9.907E-01	93.400	91	91	91
Q79MP6_conserved	B0FWK3_conserved	1.001E+00	9.899E-01	9.899E-01	93.400	91	91	91
Q79MP6_conserved	A0A097J9I0_conserved	1.002E+00	9.914E-01	9.914E-01	92.300	91	91	91
Q79MP6_conserved	Q70E85_conserved	1.001E+00	9.901E-01	9.901E-01	96.700	91	91	91
Q79MP6_conserved	F8UQX1_conserved	1.001E+00	9.905E-01	9.905E-01	91.200	91	91	91
Q79MP6_conserved	Q1A2Z1_conserved	1.011E+00	9.887E-01	9.887E-01	97.700	91	90	91
Q79MP6_conserved	A0A0S2MTX2_conserved	1.011E+00	9.887E-01	9.887E-01	97.700	91	90	91
Q79MP6_conserved	A8QUY6_conserved	1.011E+00	9.885E-01	9.885E-01	95.500	91	90	91
Q79MP6_conserved	S5WLJ9_conserved	1.010E+00	9.881E-01	9.881E-01	93.300	91	90	91
Q79MP6_conserved	AF-A0A1B2F003-F1-model_v4_conserved	1.009E+00	9.870E-01	9.870E-01	87.700	91	90	91
Q79MP6_conserved	A0A0H4IUK3_conserved	1.009E+00	9.869E-01	9.869E-01	93.300	91	90	91
Q79MP6_conserved	A0A161H7D8_conserved	9.991E-01	9.882E-01	9.882E-01	84.600	91	91	91
Q79MP6_conserved	A8R403_conserved	1.007E+00	9.846E-01	9.846E-01	85.500	91	90	91
Q79MP6_conserved	L7X1X1_conserved	9.906E-01	9.799E-01	9.799E-01	72.500	91	91	91
Q79MP6_conserved	AF-A0A7Y3W177-F1-model_v4_conserved	9.862E-01	9.755E-01	9.755E-01	78.000	91	91	91
Q79MP6_conserved	L0N4W6_conserved	9.947E-01	9.731E-01	9.731E-01	76.600	91	90	91
Q79MP6_conserved	AF-C5BSS3-F1-model_v4_conserved	9.934E-01	9.719E-01	9.719E-01	74.400	91	90	91
Q79MP6_conserved	SHD-1_conserved	9.926E-01	9.711E-01	9.711E-01	72.200	91	90	91
Q79MP6_conserved	A0A650AXL4_conserved	9.925E-01	9.710E-01	9.710E-01	68.800	91	90	91
Q79MP6_conserved	Q704V1_conserved	9.922E-01	9.707E-01	9.707E-01	73.300	91	90	91
Q79MP6_conserved	AF-A0A1L6K5Z3-F1-model_v4_conserved	9.937E-01	9.614E-01	9.719E-01	77.700	91	90	90
Q79MP6_conserved	AF-A0A6M4NN58-F1-model_v4_conserved	9.898E-01	9.685E-01	9.685E-01	67.700	91	90	91
Q79MP6_conserved	Q53BU0_conserved	9.852E-01	9.640E-01	9.745E-01	67.700	91	90	90
Q79MP6_conserved	AF-Q12JE6-F1-model_v4_conserved	9.867E-01	9.655E-01	9.655E-01	72.200	91	90	91
Q79MP6_conserved	Q53BU1_conserved	9.800E-01	9.591E-01	9.694E-01	70.000	91	90	90
Q79MP6_conserved	K7SA42_conserved	9.788E-01	9.579E-01	9.579E-01	58.800	91	90	91
Q79MP6_conserved	AF-A0A1L6K5Y5-F1-model_v4_conserved	9.790E-01	9.476E-01	9.579E-01	58.800	91	90	90
Q79MP6_conserved	AF-A0A3G5BD68-F1-model_v4_conserved	9.756E-01	9.548E-01	9.548E-01	55.500	91	90	91
Q79MP6_conserved	STA-1_conserved	9.751E-01	9.543E-01	9.543E-01	54.400	91	90	91
Q79MP6_conserved	A0A3G3C0Q6_conserved	9.750E-01	9.543E-01	9.543E-01	55.500	91	90	91
Q79MP6_conserved	AF-A0A8E7DAJ6-F1-model_v6_conserved	9.748E-01	9.541E-01	9.541E-01	56.600	91	90	91
Q79MP6_conserved	A0A1P8VH15_conserved	9.747E-01	9.539E-01	9.539E-01	55.500	91	90	91
Q79MP6_conserved	A0A1Z3FWF5_conserved	9.747E-01	9.539E-01	9.539E-01	55.500	91	90	91
Q79MP6_conserved	A0A0B5ECY2_conserved	9.745E-01	9.538E-01	9.538E-01	55.500	91	90	91
Q79MP6_conserved	S5ZIP8_conserved	9.745E-01	9.538E-01	9.538E-01	55.500	91	90	91
Q79MP6_conserved	AF-A0A4Y8LBX5-F1-model_v4_conserved	9.740E-01	9.533E-01	9.533E-01	64.400	91	90	91
Q79MP6_conserved	ALI-2_conserved	9.708E-01	9.500E-01	9.500E-01	56.000	91	91	91
Q79MP6_conserved	A0A1P8C735_conserved	9.742E-01	9.535E-01	9.535E-01	56.600	91	90	91
Q79MP6_conserved	AF-Q1DF71-F1-model_v4_conserved	9.738E-01	9.531E-01	9.531E-01	52.200	91	90	91
Q79MP6_conserved	ALI-1_conserved	9.704E-01	9.496E-01	9.496E-01	61.500	91	91	91
Q79MP6_conserved	AF-G0L217-F1-model_v4_conserved	9.740E-01	9.429E-01	9.531E-01	53.300	91	90	90
Q79MP6_conserved	ECV-1_conserved	9.733E-01	9.422E-01	9.524E-01	55.500	91	90	90
Q79MP6_conserved	AF-A0A6B7ELH8-F1-model_v4_conserved	9.729E-01	9.419E-01	9.520E-01	58.800	91	90	90
Q79MP6_conserved	AF-A0A7T8ZCD9-F1-model_v4_conserved	9.727E-01	9.417E-01	9.518E-01	53.300	91	90	90
Q79MP6_conserved	BMHC-1_conserved	9.720E-01	9.411E-01	9.512E-01	53.300	91	90	90
Q79MP6_conserved	ORR-1_conserved	9.718E-01	9.409E-01	9.510E-01	54.400	91	90	90
Q79MP6_conserved	A0A0C5L398_conserved	9.697E-01	9.388E-01	9.489E-01	48.800	91	90	90
Q79MP6_conserved	ANA-1_conserved	9.639E-01	9.435E-01	9.435E-01	54.400	91	90	91
Q79MP6_conserved	Q6SPY5_conserved	9.680E-01	9.373E-01	9.473E-01	56.600	91	90	90
Q79MP6_conserved	P14488_conserved	9.680E-01	9.373E-01	9.473E-01	57.700	91	90	90
Q79MP6_conserved	Q8G9Q0_conserved	9.663E-01	9.357E-01	9.457E-01	53.300	91	90	90
Q79MP6_conserved	AF-I0KEZ6-F1-model_v4_conserved	9.653E-01	9.347E-01	9.447E-01	52.200	91	90	90
Q79MP6_conserved	P25910_conserved	9.614E-01	9.411E-01	9.411E-01	57.700	91	90	91
Q79MP6_conserved	AF-A0A0U3H0V9-F1-model_v4_conserved	9.589E-01	9.286E-01	9.486E-01	56.600	91	90	89
Q79MP6_conserved	Q8RMB8_conserved	9.618E-01	9.314E-01	9.413E-01	44.400	91	90	90
Q79MP6_conserved	A0A2R4PHC7_conserved	9.610E-01	9.306E-01	9.405E-01	60.000	91	90	90
Q79MP6_conserved	Q8GPN1_conserved	9.603E-01	9.300E-01	9.399E-01	54.400	91	90	90
Q79MP6_conserved	A0A0H3YDR5_conserved	9.592E-01	9.289E-01	9.388E-01	53.300	91	90	90
Q79MP6_conserved	AF-A0A844TY23-F1-model_v4_conserved	9.592E-01	9.289E-01	9.388E-01	56.600	91	90	90
Q79MP6_conserved	AF-A0A191Z3S9-F1-model_v4_conserved	9.590E-01	9.287E-01	9.385E-01	50.000	91	90	90
Q79MP6_conserved	Q8GPN2_conserved	9.584E-01	9.281E-01	9.380E-01	52.200	91	90	90
Q79MP6_conserved	SPS-1_conserved	9.547E-01	9.248E-01	9.445E-01	50.000	91	90	89
Q79MP6_conserved	Q840P9_conserved	9.566E-01	9.265E-01	9.363E-01	54.400	91	90	90
Q79MP6_conserved	AF-A0A7U3MVS9-F1-model_v4_conserved	9.563E-01	9.262E-01	9.361E-01	46.600	91	90	90
Q79MP6_conserved	Q8GKX2_conserved	9.558E-01	9.257E-01	9.355E-01	53.300	91	90	90
Q79MP6_conserved	Q2HY42_conserved	9.555E-01	9.255E-01	9.353E-01	54.400	91	90	90
Q79MP6_conserved	Q9XAY4_conserved	9.549E-01	9.249E-01	9.346E-01	53.300	91	90	90
Q79MP6_conserved	E5G503_conserved	9.546E-01	9.246E-01	9.344E-01	53.300	91	90	90
Q79MP6_conserved	Q3YBY0_conserved	9.543E-01	9.243E-01	9.341E-01	53.300	91	90	90
Q79MP6_conserved	Q9ETN2_conserved	9.435E-01	9.238E-01	9.336E-01	48.300	91	91	90
Q79MP6_conserved	B4YAJ7_conserved	9.525E-01	9.227E-01	9.324E-01	54.400	91	90	90
Q79MP6_conserved	I3RJZ3_conserved	9.527E-01	9.228E-01	9.326E-01	54.400	91	90	90
Q79MP6_conserved	A7WPA3_conserved	9.511E-01	9.213E-01	9.311E-01	54.400	91	90	90
Q79MP6_conserved	Q9F629_conserved	9.511E-01	9.213E-01	9.310E-01	54.400	91	90	90
Q79MP6_conserved	Q08I33_conserved	9.494E-01	9.197E-01	9.294E-01	45.500	91	90	90
Q79MP6_conserved	Q9F921_conserved	9.487E-01	9.190E-01	9.287E-01	47.700	91	90	90
Q79MP6_conserved	Q8VT48_conserved	9.484E-01	9.187E-01	9.284E-01	46.600	91	90	90
Q79MP6_conserved	Q9EU43_conserved	9.395E-01	9.200E-01	9.296E-01	47.200	91	91	90
Q79MP6_conserved	A0A0N9HJI8_conserved	9.469E-01	9.173E-01	9.269E-01	50.000	91	90	90
Q79MP6_conserved	E2GLP7_conserved	9.473E-01	9.176E-01	9.273E-01	46.600	91	90	90
Q79MP6_conserved	Q6JE29_conserved	9.383E-01	9.188E-01	9.285E-01	46.100	91	91	90
Q79MP6_conserved	D2K7P0_conserved	9.469E-01	9.173E-01	9.269E-01	45.500	91	90	90
Q79MP6_conserved	AF-Q9RB01-F1-model_v4_conserved	9.463E-01	9.167E-01	9.264E-01	48.800	91	90	90
Q79MP6_conserved	A0A077EG89_conserved	9.462E-01	9.167E-01	9.263E-01	48.800	91	90	90
Q79MP6_conserved	Q9X482_conserved	9.457E-01	9.162E-01	9.258E-01	45.500	91	90	90
Q79MP6_conserved	Q8GQK7_conserved	9.432E-01	9.138E-01	9.234E-01	50.000	91	90	90
Q79MP6_conserved	D2KCJ9_conserved	9.421E-01	9.127E-01	9.223E-01	44.400	91	90	90
Q8GPN1_conserved	Q8GPN1_conserved	1.011E+00	1.000E+00	1.000E+00	100.000	90	90	90
Q8GPN1_conserved	AF-A0A844TY23-F1-model_v4_conserved	1.010E+00	9.881E-01	9.881E-01	95.500	90	89	90
Q8GPN1_conserved	Q8GPN2_conserved	1.010E+00	9.874E-01	9.874E-01	95.500	90	89	90
Q8GPN1_conserved	A0A0H3YDR5_conserved	1.010E+00	9.872E-01	9.872E-01	94.300	90	89	90
Q8GPN1_conserved	AF-A0A191Z3S9-F1-model_v4_conserved	1.010E+00	9.871E-01	9.871E-01	89.800	90	89	90
Q8GPN1_conserved	A0A0C5L398_conserved	9.963E-01	9.744E-01	9.744E-01	60.600	90	89	90
Q8GPN1_conserved	Q8RMB8_conserved	9.965E-01	9.747E-01	9.747E-01	57.300	90	89	90
Q8GPN1_conserved	A0A2R4PHC7_conserved	9.962E-01	9.744E-01	9.744E-01	65.100	90	89	90
Q8GPN1_conserved	AF-Q9RB01-F1-model_v4_conserved	9.954E-01	9.736E-01	9.736E-01	59.500	90	89	90
Q8GPN1_conserved	A0A077EG89_conserved	9.949E-01	9.731E-01	9.731E-01	59.500	90	89	90
Q8GPN1_conserved	Q9ETN2_conserved	9.883E-01	9.668E-01	9.668E-01	65.100	90	89	90
Q8GPN1_conserved	Q8VT48_conserved	9.874E-01	9.659E-01	9.659E-01	68.500	90	89	90
Q8GPN1_conserved	A0A0N9HJI8_conserved	9.868E-01	9.653E-01	9.653E-01	60.600	90	89	90
Q8GPN1_conserved	Q08I33_conserved	9.870E-01	9.655E-01	9.655E-01	67.400	90	89	90
Q8GPN1_conserved	Q53BU0_conserved	9.867E-01	9.653E-01	9.653E-01	56.600	90	90	90
Q8GPN1_conserved	D2K7P0_conserved	9.862E-01	9.647E-01	9.647E-01	67.400	90	89	90
Q8GPN1_conserved	Q9EU43_conserved	9.860E-01	9.646E-01	9.646E-01	66.200	90	89	90
Q8GPN1_conserved	E2GLP7_conserved	9.860E-01	9.646E-01	9.646E-01	66.200	90	89	90
Q8GPN1_conserved	Q8GQK7_conserved	9.855E-01	9.641E-01	9.641E-01	60.600	90	89	90
Q8GPN1_conserved	Q9X482_conserved	9.857E-01	9.643E-01	9.643E-01	67.400	90	89	90
Q8GPN1_conserved	Q6JE29_conserved	9.853E-01	9.639E-01	9.639E-01	67.400	90	89	90
Q8GPN1_conserved	Q53BU1_conserved	9.849E-01	9.635E-01	9.635E-01	57.700	90	90	90
Q8GPN1_conserved	Q9F921_conserved	9.847E-01	9.633E-01	9.633E-01	67.400	90	89	90
Q8GPN1_conserved	AF-A0A6M4NN58-F1-model_v4_conserved	9.764E-01	9.659E-01	9.555E-01	52.700	90	91	91
Q8GPN1_conserved	AF-I0KEZ6-F1-model_v4_conserved	9.827E-01	9.615E-01	9.615E-01	51.600	90	89	90
Q8GPN1_conserved	D2KCJ9_conserved	9.812E-01	9.600E-01	9.600E-01	68.500	90	89	90
Q8GPN1_conserved	AF-A0A1L6K5Y5-F1-model_v4_conserved	9.800E-01	9.588E-01	9.588E-01	56.100	90	89	90
Q8GPN1_conserved	Q6SPY5_conserved	9.772E-01	9.561E-01	9.561E-01	49.400	90	89	90
Q8GPN1_conserved	A0A650AXL4_conserved	9.806E-01	9.593E-01	9.491E-01	51.100	90	90	91
Q8GPN1_conserved	AF-A0A4Y8LBX5-F1-model_v4_conserved	9.800E-01	9.588E-01	9.485E-01	54.400	90	90	91
Q8GPN1_conserved	P14488_conserved	9.762E-01	9.552E-01	9.552E-01	50.500	90	89	90
Q8GPN1_conserved	AF-A0A1L6K5Z3-F1-model_v4_conserved	9.762E-01	9.552E-01	9.552E-01	55.000	90	89	90
Q8GPN1_conserved	P25910_conserved	9.797E-01	9.585E-01	9.482E-01	55.500	90	90	91
Q8GPN1_conserved	Q704V1_conserved	9.785E-01	9.574E-01	9.472E-01	50.000	90	90	91
Q8GPN1_conserved	SHD-1_conserved	9.781E-01	9.570E-01	9.468E-01	48.800	90	90	91
Q8GPN1_conserved	AF-A0A7Y3W177-F1-model_v4_conserved	9.773E-01	9.562E-01	9.460E-01	53.300	90	90	91
Q8GPN1_conserved	AF-C5BSS3-F1-model_v4_conserved	9.769E-01	9.558E-01	9.456E-01	51.100	90	90	91
Q8GPN1_conserved	L7X1X1_conserved	9.766E-01	9.556E-01	9.454E-01	51.100	90	90	91
Q8GPN1_conserved	ALI-1_conserved	9.757E-01	9.547E-01	9.445E-01	50.000	90	90	91
Q8GPN1_conserved	L0N4W6_conserved	9.750E-01	9.540E-01	9.439E-01	51.100	90	90	91
Q8GPN1_conserved	ANA-1_conserved	9.751E-01	9.541E-01	9.439E-01	45.500	90	90	91
Q8GPN1_conserved	ALI-2_conserved	9.739E-01	9.529E-01	9.428E-01	54.400	90	90	91
Q8GPN1_conserved	AF-Q12JE6-F1-model_v4_conserved	9.712E-01	9.503E-01	9.402E-01	56.600	90	90	91
Q8GPN1_conserved	Q840P9_conserved	9.673E-01	9.467E-01	9.467E-01	53.900	90	89	90
Q8GPN1_conserved	SPS-1_conserved	9.637E-01	9.432E-01	9.533E-01	47.100	90	89	89
Q8GPN1_conserved	A0A0H4IUK3_conserved	9.610E-01	9.508E-01	9.407E-01	52.700	90	91	91
Q8GPN1_conserved	A8R403_conserved	9.678E-01	9.471E-01	9.370E-01	57.700	90	90	91
Q8GPN1_conserved	A0A161H7D8_conserved	9.676E-01	9.468E-01	9.368E-01	51.100	90	90	91
Q8GPN1_conserved	Q8GKX2_conserved	9.647E-01	9.442E-01	9.442E-01	49.400	90	89	90
Q8GPN1_conserved	STA-1_conserved	9.679E-01	9.472E-01	9.371E-01	50.000	90	90	91
Q8GPN1_conserved	E5G503_conserved	9.647E-01	9.441E-01	9.441E-01	49.400	90	89	90
Q8GPN1_conserved	Q3YBY0_conserved	9.647E-01	9.441E-01	9.441E-01	49.400	90	89	90
Q8GPN1_conserved	Q2HY42_conserved	9.645E-01	9.440E-01	9.440E-01	49.400	90	89	90
Q8GPN1_conserved	Q9XAY4_conserved	9.644E-01	9.438E-01	9.438E-01	49.400	90	89	90
Q8GPN1_conserved	I3RJZ3_conserved	9.642E-01	9.436E-01	9.436E-01	50.500	90	89	90
Q8GPN1_conserved	B4YAJ7_conserved	9.640E-01	9.434E-01	9.434E-01	50.500	90	89	90
Q8GPN1_conserved	K7SA42_conserved	9.674E-01	9.467E-01	9.367E-01	48.800	90	90	91
Q8GPN1_conserved	A7WPA3_conserved	9.632E-01	9.427E-01	9.427E-01	50.500	90	89	90
Q8GPN1_conserved	Q9F629_conserved	9.633E-01	9.428E-01	9.428E-01	50.500	90	89	90
Q8GPN1_conserved	AF-A0A7U3MVS9-F1-model_v4_conserved	9.630E-01	9.425E-01	9.425E-01	50.500	90	89	90
Q8GPN1_conserved	AF-G0L217-F1-model_v4_conserved	9.591E-01	9.385E-01	9.385E-01	45.500	90	90	90
Q8GPN1_conserved	A0A097J9I0_conserved	9.632E-01	9.427E-01	9.327E-01	51.100	90	90	91
Q8GPN1_conserved	AF-Q1DF71-F1-model_v4_conserved	9.633E-01	9.428E-01	9.328E-01	46.600	90	90	91
Q8GPN1_conserved	Q70E85_conserved	9.618E-01	9.413E-01	9.313E-01	53.300	90	90	91
Q8GPN1_conserved	B0FWK3_conserved	9.615E-01	9.410E-01	9.311E-01	53.300	90	90	91
Q8GPN1_conserved	A0A0D5ZZW5_conserved	9.611E-01	9.407E-01	9.307E-01	53.300	90	90	91
Q8GPN1_conserved	Q9F6Z8_conserved	9.610E-01	9.405E-01	9.306E-01	54.400	90	90	91
Q8GPN1_conserved	B2ZTD9_conserved	9.609E-01	9.404E-01	9.305E-01	55.500	90	90	91
Q8GPN1_conserved	S5WLJ9_conserved	9.609E-01	9.404E-01	9.305E-01	51.100	90	90	91
Q8GPN1_conserved	G4WB26_conserved	9.610E-01	9.405E-01	9.306E-01	52.200	90	90	91
Q8GPN1_conserved	Q1A2Z1_conserved	9.609E-01	9.404E-01	9.305E-01	52.200	90	90	91
Q8GPN1_conserved	I7CP04_conserved	9.608E-01	9.403E-01	9.304E-01	51.100	90	90	91
Q8GPN1_conserved	F8UQX1_conserved	9.609E-01	9.404E-01	9.305E-01	52.200	90	90	91
Q8GPN1_conserved	A0A0S2MTX2_conserved	9.607E-01	9.402E-01	9.303E-01	52.200	90	90	91
Q8GPN1_conserved	Q8VLM7_conserved	9.606E-01	9.401E-01	9.302E-01	53.300	90	90	91
Q8GPN1_conserved	A8QUY6_conserved	9.605E-01	9.401E-01	9.302E-01	52.200	90	90	91
Q8GPN1_conserved	Q8GIW8_conserved	9.604E-01	9.400E-01	9.300E-01	52.200	90	90	91
Q8GPN1_conserved	Q79MP6_conserved	9.603E-01	9.399E-01	9.300E-01	54.400	90	90	91
Q8GPN1_conserved	Q9AHY6_conserved	9.604E-01	9.399E-01	9.300E-01	52.200	90	90	91
Q8GPN1_conserved	Q53CM3_conserved	9.602E-01	9.397E-01	9.298E-01	51.100	90	90	91
Q8GPN1_conserved	F5ANL2_conserved	9.602E-01	9.397E-01	9.298E-01	52.200	90	90	91
Q8GPN1_conserved	AF-A0A6B7ELH8-F1-model_v4_conserved	9.541E-01	9.337E-01	9.337E-01	56.600	90	90	90
Q8GPN1_conserved	ECV-1_conserved	9.543E-01	9.339E-01	9.339E-01	47.700	90	90	90
Q8GPN1_conserved	Q8G9Q0_conserved	9.564E-01	9.362E-01	9.362E-01	51.600	90	89	90
Q8GPN1_conserved	Q7WYA8_conserved	9.589E-01	9.385E-01	9.286E-01	53.300	90	90	91
Q8GPN1_conserved	AF-A0A7T8ZCD9-F1-model_v4_conserved	9.533E-01	9.330E-01	9.330E-01	48.800	90	90	90
Q8GPN1_conserved	A0A3G3C0Q6_conserved	9.595E-01	9.392E-01	9.293E-01	43.300	90	90	91
Q8GPN1_conserved	AF-A0A8E7DAJ6-F1-model_v6_conserved	9.594E-01	9.390E-01	9.291E-01	44.400	90	90	91
Q8GPN1_conserved	A0A1Z3FWF5_conserved	9.594E-01	9.390E-01	9.292E-01	43.300	90	90	91
Q8GPN1_conserved	G9JKG5_conserved	9.582E-01	9.379E-01	9.280E-01	52.200	90	90	91
Q8GPN1_conserved	AF-A0A3G5BD68-F1-model_v4_conserved	9.592E-01	9.389E-01	9.290E-01	43.300	90	90	91
Q8GPN1_conserved	A0A1P8VH15_conserved	9.591E-01	9.387E-01	9.289E-01	43.300	90	90	91
Q8GPN1_conserved	AF-A0A1B2F003-F1-model_v4_conserved	9.580E-01	9.376E-01	9.278E-01	53.300	90	90	91
Q8GPN1_conserved	A0A1P8C735_conserved	9.590E-01	9.387E-01	9.288E-01	44.400	90	90	91
Q8GPN1_conserved	S5ZIP8_conserved	9.590E-01	9.386E-01	9.287E-01	43.300	90	90	91
Q8GPN1_conserved	ORR-1_conserved	9.526E-01	9.323E-01	9.323E-01	48.800	90	90	90
Q8GPN1_conserved	A0A0B5ECY2_conserved	9.589E-01	9.386E-01	9.287E-01	43.300	90	90	91
Q8GPN1_conserved	BMHC-1_conserved	9.526E-01	9.323E-01	9.323E-01	54.400	90	90	90
Q8GPN1_conserved	AF-A0A0U3H0V9-F1-model_v4_conserved	9.452E-01	9.251E-01	9.350E-01	50.000	90	90	89
Q9AHY6_conserved	Q9AHY6_conserved	1.011E+00	1.000E+00	1.000E+00	100.000	91	91	91
Q9AHY6_conserved	Q79MP6_conserved	1.011E+00	9.994E-01	9.994E-01	96.700	91	91	91
Q9AHY6_conserved	Q8GIW8_conserved	1.009E+00	9.977E-01	9.977E-01	94.500	91	91	91
Q9AHY6_conserved	B2ZTD9_conserved	1.007E+00	9.964E-01	9.964E-01	90.100	91	91	91
Q9AHY6_conserved	Q8VLM7_conserved	1.006E+00	9.952E-01	9.952E-01	97.800	91	91	91
Q9AHY6_conserved	Q53CM3_conserved	1.006E+00	9.945E-01	9.945E-01	97.800	91	91	91
Q9AHY6_conserved	F5ANL2_conserved	1.005E+00	9.938E-01	9.938E-01	98.900	91	91	91
Q9AHY6_conserved	G4WB26_conserved	1.004E+00	9.931E-01	9.931E-01	98.900	91	91	91
Q9AHY6_conserved	A0A0D5ZZW5_conserved	1.004E+00	9.932E-01	9.932E-01	98.900	91	91	91
Q9AHY6_conserved	Q7WYA8_conserved	1.003E+00	9.921E-01	9.921E-01	95.600	91	91	91
Q9AHY6_conserved	Q9F6Z8_conserved	1.003E+00	9.915E-01	9.915E-01	96.700	91	91	91
Q9AHY6_conserved	G9JKG5_conserved	1.002E+00	9.912E-01	9.912E-01	96.700	91	91	91
Q9AHY6_conserved	B0FWK3_conserved	1.002E+00	9.907E-01	9.907E-01	94.500	91	91	91
Q9AHY6_conserved	A8QUY6_conserved	1.001E+00	9.899E-01	9.899E-01	96.700	91	91	91
Q9AHY6_conserved	I7CP04_conserved	1.001E+00	9.905E-01	9.905E-01	92.300	91	91	91
Q9AHY6_conserved	F8UQX1_conserved	1.001E+00	9.905E-01	9.905E-01	92.300	91	91	91
Q9AHY6_conserved	Q70E85_conserved	1.001E+00	9.900E-01	9.900E-01	95.600	91	91	91
Q9AHY6_conserved	A0A097J9I0_conserved	1.002E+00	9.907E-01	9.907E-01	93.400	91	91	91
Q9AHY6_conserved	Q1A2Z1_conserved	1.011E+00	9.887E-01	9.887E-01	96.600	91	90	91
Q9AHY6_conserved	A0A0S2MTX2_conserved	1.011E+00	9.885E-01	9.885E-01	94.400	91	90	91
Q9AHY6_conserved	S5WLJ9_conserved	1.010E+00	9.881E-01	9.881E-01	92.200	91	90	91
Q9AHY6_conserved	AF-A0A1B2F003-F1-model_v4_conserved	1.009E+00	9.870E-01	9.870E-01	88.800	91	90	91
Q9AHY6_conserved	A0A0H4IUK3_conserved	1.009E+00	9.869E-01	9.869E-01	94.400	91	90	91
Q9AHY6_conserved	A0A161H7D8_conserved	9.990E-01	9.881E-01	9.881E-01	84.600	91	91	91
Q9AHY6_conserved	A8R403_conserved	1.007E+00	9.849E-01	9.849E-01	85.500	91	90	91
Q9AHY6_conserved	L7X1X1_conserved	9.895E-01	9.789E-01	9.789E-01	72.500	91	91	91
Q9AHY6_conserved	AF-A0A7Y3W177-F1-model_v4_conserved	9.860E-01	9.753E-01	9.753E-01	79.100	91	91	91
Q9AHY6_conserved	L0N4W6_conserved	9.954E-01	9.738E-01	9.738E-01	74.400	91	90	91
Q9AHY6_conserved	AF-C5BSS3-F1-model_v4_conserved	9.940E-01	9.725E-01	9.725E-01	74.400	91	90	91
Q9AHY6_conserved	SHD-1_conserved	9.930E-01	9.715E-01	9.715E-01	72.200	91	90	91
Q9AHY6_conserved	A0A650AXL4_conserved	9.928E-01	9.713E-01	9.713E-01	68.800	91	90	91
Q9AHY6_conserved	Q704V1_conserved	9.926E-01	9.711E-01	9.711E-01	73.300	91	90	91
Q9AHY6_conserved	AF-A0A1L6K5Z3-F1-model_v4_conserved	9.944E-01	9.620E-01	9.726E-01	75.500	91	90	90
Q9AHY6_conserved	AF-A0A6M4NN58-F1-model_v4_conserved	9.901E-01	9.687E-01	9.687E-01	68.800	91	90	91
Q9AHY6_conserved	Q53BU0_conserved	9.855E-01	9.643E-01	9.748E-01	65.500	91	90	90
Q9AHY6_conserved	AF-Q12JE6-F1-model_v4_conserved	9.872E-01	9.659E-01	9.659E-01	72.200	91	90	91
Q9AHY6_conserved	Q53BU1_conserved	9.808E-01	9.598E-01	9.702E-01	67.700	91	90	90
Q9AHY6_conserved	K7SA42_conserved	9.794E-01	9.584E-01	9.584E-01	55.500	91	90	91
Q9AHY6_conserved	AF-A0A3G5BD68-F1-model_v4_conserved	9.765E-01	9.557E-01	9.557E-01	53.300	91	90	91
Q9AHY6_conserved	A0A3G3C0Q6_conserved	9.759E-01	9.551E-01	9.551E-01	53.300	91	90	91
Q9AHY6_conserved	AF-A0A1L6K5Y5-F1-model_v4_conserved	9.793E-01	9.478E-01	9.581E-01	61.100	91	90	90
Q9AHY6_conserved	STA-1_conserved	9.756E-01	9.548E-01	9.548E-01	54.400	91	90	91
Q9AHY6_conserved	AF-A0A8E7DAJ6-F1-model_v6_conserved	9.757E-01	9.549E-01	9.549E-01	54.400	91	90	91
Q9AHY6_conserved	A0A1P8VH15_conserved	9.755E-01	9.548E-01	9.548E-01	53.300	91	90	91
Q9AHY6_conserved	A0A1Z3FWF5_conserved	9.755E-01	9.548E-01	9.548E-01	53.300	91	90	91
Q9AHY6_conserved	A0A0B5ECY2_conserved	9.754E-01	9.547E-01	9.547E-01	53.300	91	90	91
Q9AHY6_conserved	S5ZIP8_conserved	9.754E-01	9.546E-01	9.546E-01	53.300	91	90	91
Q9AHY6_conserved	A0A1P8C735_conserved	9.751E-01	9.544E-01	9.544E-01	54.400	91	90	91
Q9AHY6_conserved	AF-Q1DF71-F1-model_v4_conserved	9.744E-01	9.537E-01	9.537E-01	54.400	91	90	91
Q9AHY6_conserved	ALI-2_conserved	9.709E-01	9.501E-01	9.501E-01	57.100	91	91	91
Q9AHY6_conserved	ALI-1_conserved	9.708E-01	9.500E-01	9.500E-01	62.600	91	91	91
Q9AHY6_conserved	AF-A0A4Y8LBX5-F1-model_v4_conserved	9.738E-01	9.531E-01	9.531E-01	62.200	91	90	91
Q9AHY6_conserved	AF-G0L217-F1-model_v4_conserved	9.750E-01	9.439E-01	9.540E-01	53.300	91	90	90
Q9AHY6_conserved	AF-A0A7T8ZCD9-F1-model_v4_conserved	9.745E-01	9.434E-01	9.535E-01	51.100	91	90	90
Q9AHY6_conserved	AF-A0A6B7ELH8-F1-model_v4_conserved	9.744E-01	9.433E-01	9.535E-01	57.700	91	90	90
Q9AHY6_conserved	ECV-1_conserved	9.746E-01	9.435E-01	9.536E-01	55.500	91	90	90
Q9AHY6_conserved	BMHC-1_conserved	9.736E-01	9.426E-01	9.527E-01	51.100	91	90	90
Q9AHY6_conserved	ORR-1_conserved	9.735E-01	9.425E-01	9.526E-01	56.600	91	90	90
Q9AHY6_conserved	A0A0C5L398_conserved	9.701E-01	9.393E-01	9.493E-01	48.800	91	90	90
Q9AHY6_conserved	ANA-1_conserved	9.649E-01	9.445E-01	9.445E-01	57.700	91	90	91
Q9AHY6_conserved	P14488_conserved	9.682E-01	9.375E-01	9.475E-01	57.700	91	90	90
Q9AHY6_conserved	Q6SPY5_conserved	9.681E-01	9.373E-01	9.474E-01	57.700	91	90	90
Q9AHY6_conserved	AF-I0KEZ6-F1-model_v4_conserved	9.661E-01	9.355E-01	9.455E-01	52.200	91	90	90
Q9AHY6_conserved	Q8G9Q0_conserved	9.668E-01	9.361E-01	9.461E-01	52.200	91	90	90
Q9AHY6_conserved	AF-A0A0U3H0V9-F1-model_v4_conserved	9.608E-01	9.304E-01	9.504E-01	55.500	91	90	89
Q9AHY6_conserved	P25910_conserved	9.616E-01	9.414E-01	9.414E-01	56.600	91	90	91
Q9AHY6_conserved	Q8RMB8_conserved	9.624E-01	9.319E-01	9.418E-01	44.400	91	90	90
Q9AHY6_conserved	A0A2R4PHC7_conserved	9.616E-01	9.312E-01	9.411E-01	57.700	91	90	90
Q9AHY6_conserved	Q8GPN1_conserved	9.604E-01	9.300E-01	9.399E-01	52.200	91	90	90
Q9AHY6_conserved	A0A0H3YDR5_conserved	9.593E-01	9.290E-01	9.389E-01	53.300	91	90	90
Q9AHY6_conserved	AF-A0A844TY23-F1-model_v4_conserved	9.593E-01	9.290E-01	9.389E-01	54.400	91	90	90
Q9AHY6_conserved	AF-A0A191Z3S9-F1-model_v4_conserved	9.590E-01	9.287E-01	9.386E-01	50.000	91	90	90
Q9AHY6_conserved	Q8GPN2_conserved	9.585E-01	9.282E-01	9.381E-01	52.200	91	90	90
Q9AHY6_conserved	SPS-1_conserved	9.556E-01	9.256E-01	9.454E-01	48.800	91	90	89
Q9AHY6_conserved	Q840P9_conserved	9.576E-01	9.275E-01	9.373E-01	56.600	91	90	90
Q9AHY6_conserved	AF-A0A7U3MVS9-F1-model_v4_conserved	9.575E-01	9.274E-01	9.372E-01	47.700	91	90	90
Q9AHY6_conserved	Q8GKX2_conserved	9.568E-01	9.267E-01	9.365E-01	55.500	91	90	90
Q9AHY6_conserved	Q2HY42_conserved	9.565E-01	9.264E-01	9.363E-01	56.600	91	90	90
Q9AHY6_conserved	Q9XAY4_conserved	9.559E-01	9.258E-01	9.356E-01	55.500	91	90	90
Q9AHY6_conserved	E5G503_conserved	9.557E-01	9.256E-01	9.354E-01	55.500	91	90	90
Q9AHY6_conserved	Q3YBY0_conserved	9.553E-01	9.253E-01	9.351E-01	55.500	91	90	90
Q9AHY6_conserved	I3RJZ3_conserved	9.537E-01	9.238E-01	9.335E-01	54.400	91	90	90
Q9AHY6_conserved	B4YAJ7_conserved	9.534E-01	9.235E-01	9.333E-01	54.400	91	90	90
Q9AHY6_conserved	Q9ETN2_conserved	9.439E-01	9.242E-01	9.340E-01	50.500	91	91	90
Q9AHY6_conserved	Q9F629_conserved	9.520E-01	9.222E-01	9.319E-01	54.400	91	90	90
Q9AHY6_conserved	A7WPA3_conserved	9.520E-01	9.222E-01	9.319E-01	54.400	91	90	90
Q9AHY6_conserved	Q08I33_conserved	9.494E-01	9.197E-01	9.294E-01	47.700	91	90	90
Q9AHY6_conserved	Q9F921_conserved	9.488E-01	9.190E-01	9.287E-01	50.000	91	90	90
Q9AHY6_conserved	Q8VT48_conserved	9.484E-01	9.187E-01	9.284E-01	46.600	91	90	90
Q9AHY6_conserved	Q9EU43_conserved	9.395E-01	9.200E-01	9.296E-01	49.400	91	91	90
Q9AHY6_conserved	A0A0N9HJI8_conserved	9.471E-01	9.175E-01	9.271E-01	50.000	91	90	90
Q9AHY6_conserved	Q6JE29_conserved	9.389E-01	9.194E-01	9.291E-01	48.300	91	91	90
Q9AHY6_conserved	E2GLP7_conserved	9.473E-01	9.176E-01	9.273E-01	48.800	91	90	90
Q9AHY6_conserved	D2K7P0_conserved	9.469E-01	9.173E-01	9.269E-01	47.700	91	90	90
Q9AHY6_conserved	AF-Q9RB01-F1-model_v4_conserved	9.468E-01	9.173E-01	9.269E-01	50.000	91	90	90
Q9AHY6_conserved	A0A077EG89_conserved	9.467E-01	9.171E-01	9.268E-01	48.800	91	90	90
Q9AHY6_conserved	Q9X482_conserved	9.457E-01	9.161E-01	9.258E-01	47.700	91	90	90
Q9AHY6_conserved	Q8GQK7_conserved	9.433E-01	9.139E-01	9.235E-01	50.000	91	90	90
Q9AHY6_conserved	D2KCJ9_conserved	9.422E-01	9.129E-01	9.225E-01	46.600	91	90	90
B0FWK3_conserved	B0FWK3_conserved	1.011E+00	1.000E+00	1.000E+00	100.000	91	91	91
B0FWK3_conserved	A8QUY6_conserved	1.010E+00	9.990E-01	9.990E-01	91.200	91	91	91
B0FWK3_conserved	A0A0D5ZZW5_conserved	1.006E+00	9.952E-01	9.952E-01	95.600	91	91	91
B0FWK3_conserved	Q1A2Z1_conserved	1.007E+00	9.955E-01	9.955E-01	93.400	91	91	91
B0FWK3_conserved	F5ANL2_conserved	1.005E+00	9.944E-01	9.944E-01	95.600	91	91	91
B0FWK3_conserved	Q7WYA8_conserved	1.005E+00	9.943E-01	9.943E-01	90.100	91	91	91
B0FWK3_conserved	Q53CM3_conserved	1.004E+00	9.933E-01	9.933E-01	94.500	91	91	91
B0FWK3_conserved	G9JKG5_conserved	1.003E+00	9.918E-01	9.918E-01	91.200	91	91	91
B0FWK3_conserved	Q9AHY6_conserved	1.002E+00	9.907E-01	9.907E-01	94.500	91	91	91
B0FWK3_conserved	Q8VLM7_conserved	1.002E+00	9.908E-01	9.908E-01	94.500	91	91	91
B0FWK3_conserved	Q79MP6_conserved	1.001E+00	9.899E-01	9.899E-01	93.400	91	91	91
B0FWK3_conserved	Q8GIW8_conserved	1.001E+00	9.899E-01	9.899E-01	93.400	91	91	91
B0FWK3_conserved	G4WB26_conserved	1.011E+00	9.886E-01	9.886E-01	93.300	91	90	91
B0FWK3_conserved	Q9F6Z8_conserved	1.011E+00	9.885E-01	9.885E-01	93.300	91	90	91
B0FWK3_conserved	A0A0S2MTX2_conserved	1.010E+00	9.882E-01	9.882E-01	91.100	91	90	91
B0FWK3_conserved	B2ZTD9_conserved	1.000E+00	9.892E-01	9.892E-01	86.800	91	91	91
B0FWK3_conserved	I7CP04_conserved	1.010E+00	9.879E-01	9.879E-01	88.800	91	90	91
B0FWK3_conserved	S5WLJ9_conserved	1.010E+00	9.879E-01	9.879E-01	88.800	91	90	91
B0FWK3_conserved	F8UQX1_conserved	9.990E-01	9.881E-01	9.881E-01	89.000	91	91	91
B0FWK3_conserved	Q70E85_conserved	1.010E+00	9.878E-01	9.878E-01	92.200	91	90	91
B0FWK3_conserved	AF-A0A1B2F003-F1-model_v4_conserved	1.009E+00	9.870E-01	9.870E-01	84.400	91	90	91
B0FWK3_conserved	A0A0H4IUK3_conserved	1.009E+00	9.867E-01	9.867E-01	90.000	91	90	91
B0FWK3_conserved	A0A097J9I0_conserved	1.009E+00	9.864E-01	9.864E-01	87.700	91	90	91
B0FWK3_conserved	A0A161H7D8_conserved	1.007E+00	9.851E-01	9.851E-01	82.200	91	90	91
B0FWK3_conserved	A8R403_conserved	1.007E+00	9.851E-01	9.851E-01	83.300	91	90	91
B0FWK3_conserved	AF-A0A7Y3W177-F1-model_v4_conserved	9.959E-01	9.743E-01	9.743E-01	77.700	91	90	91
B0FWK3_conserved	L0N4W6_conserved	9.954E-01	9.738E-01	9.738E-01	72.200	91	90	91
B0FWK3_conserved	L7X1X1_conserved	9.948E-01	9.733E-01	9.733E-01	70.000	91	90	91
B0FWK3_conserved	AF-C5BSS3-F1-model_v4_conserved	9.940E-01	9.725E-01	9.725E-01	72.200	91	90	91
B0FWK3_conserved	SHD-1_conserved	9.935E-01	9.719E-01	9.719E-01	72.200	91	90	91
B0FWK3_conserved	A0A650AXL4_conserved	9.933E-01	9.718E-01	9.718E-01	68.800	91	90	91
B0FWK3_conserved	Q704V1_conserved	9.928E-01	9.713E-01	9.713E-01	71.100	91	90	91
B0FWK3_conserved	AF-A0A1L6K5Z3-F1-model_v4_conserved	9.951E-01	9.628E-01	9.733E-01	76.600	91	90	90
B0FWK3_conserved	AF-A0A6M4NN58-F1-model_v4_conserved	9.906E-01	9.692E-01	9.692E-01	68.800	91	90	91
B0FWK3_conserved	Q53BU0_conserved	9.866E-01	9.654E-01	9.759E-01	64.400	91	90	90
B0FWK3_conserved	AF-Q12JE6-F1-model_v4_conserved	9.875E-01	9.662E-01	9.662E-01	72.200	91	90	91
B0FWK3_conserved	Q53BU1_conserved	9.819E-01	9.608E-01	9.712E-01	66.600	91	90	90
B0FWK3_conserved	K7SA42_conserved	9.793E-01	9.583E-01	9.583E-01	52.200	91	90	91
B0FWK3_conserved	AF-A0A1L6K5Y5-F1-model_v4_conserved	9.805E-01	9.490E-01	9.593E-01	63.300	91	90	90
B0FWK3_conserved	STA-1_conserved	9.768E-01	9.560E-01	9.560E-01	57.700	91	90	91
B0FWK3_conserved	AF-A0A3G5BD68-F1-model_v4_conserved	9.767E-01	9.558E-01	9.558E-01	48.800	91	90	91
B0FWK3_conserved	A0A3G3C0Q6_conserved	9.760E-01	9.552E-01	9.552E-01	48.800	91	90	91
B0FWK3_conserved	AF-A0A8E7DAJ6-F1-model_v6_conserved	9.758E-01	9.550E-01	9.550E-01	50.000	91	90	91
B0FWK3_conserved	A0A1Z3FWF5_conserved	9.757E-01	9.550E-01	9.550E-01	48.800	91	90	91
B0FWK3_conserved	A0A1P8VH15_conserved	9.757E-01	9.549E-01	9.549E-01	48.800	91	90	91
B0FWK3_conserved	A0A0B5ECY2_conserved	9.756E-01	9.548E-01	9.548E-01	48.800	91	90	91
B0FWK3_conserved	S5ZIP8_conserved	9.756E-01	9.548E-01	9.548E-01	48.800	91	90	91
B0FWK3_conserved	A0A1P8C735_conserved	9.753E-01	9.545E-01	9.545E-01	50.000	91	90	91
B0FWK3_conserved	AF-Q1DF71-F1-model_v4_conserved	9.748E-01	9.540E-01	9.540E-01	55.500	91	90	91
B0FWK3_conserved	ALI-2_conserved	9.714E-01	9.505E-01	9.505E-01	58.200	91	91	91
B0FWK3_conserved	ALI-1_conserved	9.712E-01	9.504E-01	9.504E-01	62.600	91	91	91
B0FWK3_conserved	AF-A0A4Y8LBX5-F1-model_v4_conserved	9.742E-01	9.534E-01	9.534E-01	61.100	91	90	91
B0FWK3_conserved	AF-G0L217-F1-model_v4_conserved	9.747E-01	9.435E-01	9.537E-01	52.200	91	90	90
B0FWK3_conserved	AF-A0A7T8ZCD9-F1-model_v4_conserved	9.744E-01	9.433E-01	9.535E-01	50.000	91	90	90
B0FWK3_conserved	AF-A0A6B7ELH8-F1-model_v4_conserved	9.742E-01	9.431E-01	9.533E-01	56.600	91	90	90
B0FWK3_conserved	ORR-1_conserved	9.743E-01	9.432E-01	9.533E-01	55.500	91	90	90
B0FWK3_conserved	ECV-1_conserved	9.744E-01	9.433E-01	9.534E-01	54.400	91	90	90
B0FWK3_conserved	BMHC-1_conserved	9.732E-01	9.422E-01	9.523E-01	50.000	91	90	90
B0FWK3_conserved	A0A0C5L398_conserved	9.712E-01	9.403E-01	9.504E-01	48.800	91	90	90
B0FWK3_conserved	ANA-1_conserved	9.656E-01	9.452E-01	9.452E-01	55.500	91	90	91
B0FWK3_conserved	P14488_conserved	9.689E-01	9.381E-01	9.482E-01	56.600	91	90	90
B0FWK3_conserved	Q6SPY5_conserved	9.688E-01	9.380E-01	9.481E-01	56.600	91	90	90
B0FWK3_conserved	AF-I0KEZ6-F1-model_v4_conserved	9.675E-01	9.368E-01	9.468E-01	51.100	91	90	90
B0FWK3_conserved	Q8G9Q0_conserved	9.672E-01	9.366E-01	9.466E-01	52.200	91	90	90
B0FWK3_conserved	AF-A0A0U3H0V9-F1-model_v4_conserved	9.609E-01	9.305E-01	9.505E-01	54.400	91	90	89
B0FWK3_conserved	P25910_conserved	9.618E-01	9.416E-01	9.416E-01	57.700	91	90	91
B0FWK3_conserved	Q8RMB8_conserved	9.632E-01	9.327E-01	9.427E-01	47.700	91	90	90
B0FWK3_conserved	A0A2R4PHC7_conserved	9.621E-01	9.317E-01	9.416E-01	58.800	91	90	90
B0FWK3_conserved	Q8GPN1_conserved	9.615E-01	9.311E-01	9.410E-01	53.300	91	90	90
B0FWK3_conserved	Q9ETN2_conserved	9.530E-01	9.330E-01	9.429E-01	50.500	91	91	90
B0FWK3_conserved	AF-A0A191Z3S9-F1-model_v4_conserved	9.602E-01	9.299E-01	9.398E-01	51.100	91	90	90
B0FWK3_conserved	AF-A0A844TY23-F1-model_v4_conserved	9.604E-01	9.300E-01	9.399E-01	54.400	91	90	90
B0FWK3_conserved	A0A0H3YDR5_conserved	9.602E-01	9.298E-01	9.398E-01	54.400	91	90	90
B0FWK3_conserved	Q8GPN2_conserved	9.594E-01	9.291E-01	9.390E-01	53.300	91	90	90
B0FWK3_conserved	Q840P9_conserved	9.590E-01	9.288E-01	9.386E-01	57.700	91	90	90
B0FWK3_conserved	SPS-1_conserved	9.563E-01	9.263E-01	9.461E-01	51.100	91	90	89
B0FWK3_conserved	Q8GKX2_conserved	9.583E-01	9.281E-01	9.380E-01	56.600	91	90	90
B0FWK3_conserved	Q2HY42_conserved	9.581E-01	9.279E-01	9.378E-01	57.700	91	90	90
B0FWK3_conserved	Q9XAY4_conserved	9.574E-01	9.273E-01	9.371E-01	56.600	91	90	90
B0FWK3_conserved	AF-A0A7U3MVS9-F1-model_v4_conserved	9.575E-01	9.274E-01	9.372E-01	45.500	91	90	90
B0FWK3_conserved	E5G503_conserved	9.572E-01	9.271E-01	9.369E-01	56.600	91	90	90
B0FWK3_conserved	Q3YBY0_conserved	9.569E-01	9.268E-01	9.366E-01	56.600	91	90	90
B0FWK3_conserved	I3RJZ3_conserved	9.553E-01	9.253E-01	9.351E-01	55.500	91	90	90
B0FWK3_conserved	B4YAJ7_conserved	9.551E-01	9.250E-01	9.348E-01	55.500	91	90	90
B0FWK3_conserved	Q9F921_conserved	9.450E-01	9.253E-01	9.350E-01	50.500	91	91	90
B0FWK3_conserved	Q9F629_conserved	9.537E-01	9.238E-01	9.335E-01	55.500	91	90	90
B0FWK3_conserved	A7WPA3_conserved	9.537E-01	9.238E-01	9.335E-01	55.500	91	90	90
B0FWK3_conserved	E2GLP7_conserved	9.463E-01	9.266E-01	9.364E-01	49.400	91	91	90
B0FWK3_conserved	Q08I33_conserved	9.433E-01	9.236E-01	9.333E-01	48.300	91	91	90
B0FWK3_conserved	Q6JE29_conserved	9.434E-01	9.238E-01	9.335E-01	48.300	91	91	90
B0FWK3_conserved	Q8VT48_conserved	9.502E-01	9.204E-01	9.302E-01	46.600	91	90	90
B0FWK3_conserved	Q9EU43_conserved	9.414E-01	9.218E-01	9.315E-01	49.400	91	91	90
B0FWK3_conserved	A0A0N9HJI8_conserved	9.487E-01	9.189E-01	9.286E-01	50.000	91	90	90
B0FWK3_conserved	D2K7P0_conserved	9.487E-01	9.190E-01	9.287E-01	47.700	91	90	90
B0FWK3_conserved	AF-Q9RB01-F1-model_v4_conserved	9.484E-01	9.187E-01	9.284E-01	48.800	91	90	90
B0FWK3_conserved	A0A077EG89_conserved	9.482E-01	9.186E-01	9.283E-01	48.800	91	90	90
B0FWK3_conserved	Q9X482_conserved	9.476E-01	9.179E-01	9.276E-01	47.700	91	90	90
B0FWK3_conserved	Q8GQK7_conserved	9.451E-01	9.155E-01	9.252E-01	50.000	91	90	90
B0FWK3_conserved	D2KCJ9_conserved	9.440E-01	9.146E-01	9.242E-01	46.600	91	90	90
D2KCJ9_conserved	D2KCJ9_conserved	1.011E+00	1.000E+00	1.000E+00	100.000	90	90	90
D2KCJ9_conserved	D2K7P0_conserved	1.003E+00	9.917E-01	9.917E-01	95.500	90	90	90
D2KCJ9_conserved	Q9EU43_conserved	9.958E-01	9.848E-01	9.848E-01	94.400	90	90	90
D2KCJ9_conserved	Q8VT48_conserved	1.005E+00	9.829E-01	9.829E-01	93.200	90	89	90
D2KCJ9_conserved	Q08I33_conserved	1.005E+00	9.828E-01	9.828E-01	95.500	90	89	90
D2KCJ9_conserved	Q9ETN2_conserved	1.005E+00	9.826E-01	9.826E-01	93.200	90	89	90
D2KCJ9_conserved	Q9X482_conserved	9.948E-01	9.838E-01	9.838E-01	95.500	90	90	90
D2KCJ9_conserved	Q9F921_conserved	1.004E+00	9.814E-01	9.814E-01	92.100	90	89	90
D2KCJ9_conserved	E2GLP7_conserved	1.004E+00	9.815E-01	9.815E-01	94.300	90	89	90
D2KCJ9_conserved	Q6JE29_conserved	1.003E+00	9.811E-01	9.811E-01	95.500	90	89	90
D2KCJ9_conserved	A0A0N9HJI8_conserved	9.971E-01	9.753E-01	9.753E-01	83.100	90	89	90
D2KCJ9_conserved	Q8GQK7_conserved	9.966E-01	9.747E-01	9.747E-01	83.100	90	89	90
D2KCJ9_conserved	A0A077EG89_conserved	9.823E-01	9.610E-01	9.610E-01	66.200	90	89	90
D2KCJ9_conserved	AF-Q9RB01-F1-model_v4_conserved	9.811E-01	9.598E-01	9.598E-01	65.100	90	89	90
D2KCJ9_conserved	Q8GPN1_conserved	9.812E-01	9.600E-01	9.600E-01	68.500	90	89	90
D2KCJ9_conserved	AF-A0A844TY23-F1-model_v4_conserved	9.808E-01	9.595E-01	9.595E-01	69.600	90	89	90
D2KCJ9_conserved	AF-A0A191Z3S9-F1-model_v4_conserved	9.803E-01	9.591E-01	9.591E-01	65.100	90	89	90
D2KCJ9_conserved	A0A0C5L398_conserved	9.796E-01	9.583E-01	9.583E-01	66.200	90	89	90
D2KCJ9_conserved	A0A0H3YDR5_conserved	9.797E-01	9.585E-01	9.585E-01	67.400	90	89	90
D2KCJ9_conserved	Q8GPN2_conserved	9.793E-01	9.581E-01	9.581E-01	68.500	90	89	90
D2KCJ9_conserved	Q8RMB8_conserved	9.771E-01	9.560E-01	9.560E-01	64.000	90	89	90
D2KCJ9_conserved	A0A2R4PHC7_conserved	9.712E-01	9.504E-01	9.504E-01	53.900	90	89	90
D2KCJ9_conserved	Q53BU0_conserved	9.676E-01	9.469E-01	9.469E-01	53.300	90	90	90
D2KCJ9_conserved	Q53BU1_conserved	9.676E-01	9.468E-01	9.468E-01	56.600	90	90	90
D2KCJ9_conserved	AF-I0KEZ6-F1-model_v4_conserved	9.677E-01	9.470E-01	9.470E-01	51.600	90	89	90
D2KCJ9_conserved	AF-A0A1L6K5Y5-F1-model_v4_conserved	9.662E-01	9.455E-01	9.455E-01	51.600	90	89	90
D2KCJ9_conserved	Q6SPY5_conserved	9.649E-01	9.443E-01	9.443E-01	50.500	90	89	90
D2KCJ9_conserved	P14488_conserved	9.644E-01	9.438E-01	9.438E-01	50.500	90	89	90
D2KCJ9_conserved	AF-A0A6M4NN58-F1-model_v4_conserved	9.675E-01	9.468E-01	9.368E-01	56.600	90	90	91
D2KCJ9_conserved	A0A650AXL4_conserved	9.652E-01	9.446E-01	9.346E-01	55.500	90	90	91
D2KCJ9_conserved	AF-A0A1L6K5Z3-F1-model_v4_conserved	9.595E-01	9.391E-01	9.391E-01	48.300	90	89	90
D2KCJ9_conserved	Q3YBY0_conserved	9.572E-01	9.369E-01	9.369E-01	42.600	90	89	90
D2KCJ9_conserved	AF-A0A7Y3W177-F1-model_v4_conserved	9.513E-01	9.412E-01	9.313E-01	48.300	90	91	91
D2KCJ9_conserved	Q840P9_conserved	9.571E-01	9.368E-01	9.368E-01	43.800	90	89	90
D2KCJ9_conserved	Q8GKX2_conserved	9.570E-01	9.367E-01	9.367E-01	42.600	90	89	90
D2KCJ9_conserved	E5G503_conserved	9.570E-01	9.367E-01	9.367E-01	42.600	90	89	90
D2KCJ9_conserved	Q9XAY4_conserved	9.568E-01	9.365E-01	9.365E-01	42.600	90	89	90
D2KCJ9_conserved	Q2HY42_conserved	9.567E-01	9.364E-01	9.364E-01	42.600	90	89	90
D2KCJ9_conserved	B4YAJ7_conserved	9.562E-01	9.360E-01	9.360E-01	41.500	90	89	90
D2KCJ9_conserved	L7X1X1_conserved	9.508E-01	9.407E-01	9.308E-01	53.800	90	91	91
D2KCJ9_conserved	I3RJZ3_conserved	9.562E-01	9.359E-01	9.359E-01	41.500	90	89	90
D2KCJ9_conserved	A7WPA3_conserved	9.562E-01	9.359E-01	9.359E-01	41.500	90	89	90
D2KCJ9_conserved	Q9F629_conserved	9.555E-01	9.352E-01	9.352E-01	41.500	90	89	90
D2KCJ9_conserved	SHD-1_conserved	9.587E-01	9.383E-01	9.285E-01	51.100	90	90	91
D2KCJ9_conserved	AF-C5BSS3-F1-model_v4_conserved	9.574E-01	9.371E-01	9.272E-01	51.100	90	90	91
D2KCJ9_conserved	Q704V1_conserved	9.571E-01	9.368E-01	9.269E-01	45.500	90	90	91
D2KCJ9_conserved	AF-A0A4Y8LBX5-F1-model_v4_conserved	9.560E-01	9.357E-01	9.258E-01	51.100	90	90	91
D2KCJ9_conserved	AF-Q12JE6-F1-model_v4_conserved	9.561E-01	9.358E-01	9.259E-01	52.200	90	90	91
D2KCJ9_conserved	ANA-1_conserved	9.540E-01	9.338E-01	9.240E-01	47.700	90	90	91
D2KCJ9_conserved	P25910_conserved	9.538E-01	9.336E-01	9.238E-01	45.500	90	90	91
D2KCJ9_conserved	L0N4W6_conserved	9.539E-01	9.337E-01	9.239E-01	50.000	90	90	91
D2KCJ9_conserved	K7SA42_conserved	9.523E-01	9.322E-01	9.225E-01	41.100	90	90	91
D2KCJ9_conserved	STA-1_conserved	9.508E-01	9.307E-01	9.209E-01	52.200	90	90	91
D2KCJ9_conserved	A8R403_conserved	9.408E-01	9.309E-01	9.212E-01	50.500	90	91	91
D2KCJ9_conserved	ALI-2_conserved	9.505E-01	9.305E-01	9.208E-01	48.800	90	90	91
D2KCJ9_conserved	S5WLJ9_conserved	9.421E-01	9.322E-01	9.225E-01	45.000	90	91	91
D2KCJ9_conserved	Q70E85_conserved	9.414E-01	9.315E-01	9.219E-01	46.100	90	91	91
D2KCJ9_conserved	I7CP04_conserved	9.410E-01	9.312E-01	9.215E-01	45.000	90	91	91
D2KCJ9_conserved	A0A161H7D8_conserved	9.486E-01	9.286E-01	9.189E-01	44.400	90	90	91
D2KCJ9_conserved	A0A097J9I0_conserved	9.397E-01	9.298E-01	9.202E-01	46.100	90	91	91
D2KCJ9_conserved	ALI-1_conserved	9.487E-01	9.287E-01	9.190E-01	45.500	90	90	91
D2KCJ9_conserved	F8UQX1_conserved	9.388E-01	9.290E-01	9.194E-01	46.100	90	91	91
D2KCJ9_conserved	Q8VLM7_conserved	9.367E-01	9.268E-01	9.172E-01	46.100	90	91	91
D2KCJ9_conserved	AF-Q1DF71-F1-model_v4_conserved	9.457E-01	9.258E-01	9.161E-01	46.600	90	90	91
D2KCJ9_conserved	G4WB26_conserved	9.366E-01	9.268E-01	9.172E-01	47.200	90	91	91
D2KCJ9_conserved	B2ZTD9_conserved	9.355E-01	9.257E-01	9.161E-01	45.000	90	91	91
D2KCJ9_conserved	A0A0H4IUK3_conserved	9.441E-01	9.243E-01	9.147E-01	44.400	90	90	91
D2KCJ9_conserved	B0FWK3_conserved	9.440E-01	9.242E-01	9.146E-01	46.600	90	90	91
D2KCJ9_conserved	Q8GIW8_conserved	9.437E-01	9.239E-01	9.143E-01	45.500	90	90	91
D2KCJ9_conserved	A0A0S2MTX2_conserved	9.348E-01	9.250E-01	9.154E-01	43.900	90	91	91
D2KCJ9_conserved	Q9F6Z8_conserved	9.433E-01	9.235E-01	9.139E-01	44.400	90	90	91
D2KCJ9_conserved	A0A0D5ZZW5_conserved	9.434E-01	9.236E-01	9.140E-01	47.700	90	90	91
D2KCJ9_conserved	Q1A2Z1_conserved	9.432E-01	9.234E-01	9.138E-01	45.500	90	90	91
D2KCJ9_conserved	A8QUY6_conserved	9.430E-01	9.232E-01	9.137E-01	44.400	90	90	91
D2KCJ9_conserved	ORR-1_conserved	9.375E-01	9.177E-01	9.177E-01	46.600	90	90	90
D2KCJ9_conserved	G9JKG5_conserved	9.335E-01	9.237E-01	9.142E-01	45.000	90	91	91
D2KCJ9_conserved	F5ANL2_conserved	9.426E-01	9.228E-01	9.132E-01	46.600	90	90	91
D2KCJ9_conserved	AF-A0A1B2F003-F1-model_v4_conserved	9.421E-01	9.224E-01	9.128E-01	48.800	90	90	91
D2KCJ9_conserved	Q53CM3_conserved	9.424E-01	9.227E-01	9.131E-01	45.500	90	90	91
D2KCJ9_conserved	ECV-1_conserved	9.367E-01	9.170E-01	9.170E-01	47.700	90	90	90
D2KCJ9_conserved	Q9AHY6_conserved	9.422E-01	9.225E-01	9.129E-01	46.600	90	90	91
D2KCJ9_conserved	Q79MP6_conserved	9.421E-01	9.223E-01	9.127E-01	44.400	90	90	91
D2KCJ9_conserved	Q7WYA8_conserved	9.417E-01	9.220E-01	9.124E-01	43.300	90	90	91
D2KCJ9_conserved	AF-G0L217-F1-model_v4_conserved	9.358E-01	9.161E-01	9.161E-01	46.600	90	90	90
D2KCJ9_conserved	AF-A0A7U3MVS9-F1-model_v4_conserved	9.388E-01	9.192E-01	9.192E-01	43.800	90	89	90
D2KCJ9_conserved	SPS-1_conserved	9.347E-01	9.153E-01	9.249E-01	38.200	90	89	89
D2KCJ9_conserved	A0A1Z3FWF5_conserved	9.421E-01	9.224E-01	9.129E-01	36.600	90	90	91
D2KCJ9_conserved	A0A3G3C0Q6_conserved	9.421E-01	9.224E-01	9.128E-01	36.600	90	90	91
D2KCJ9_conserved	AF-A0A3G5BD68-F1-model_v4_conserved	9.419E-01	9.222E-01	9.126E-01	36.600	90	90	91
D2KCJ9_conserved	A0A1P8VH15_conserved	9.418E-01	9.221E-01	9.126E-01	36.600	90	90	91
D2KCJ9_conserved	AF-A0A8E7DAJ6-F1-model_v6_conserved	9.418E-01	9.221E-01	9.126E-01	37.700	90	90	91
D2KCJ9_conserved	A0A1P8C735_conserved	9.418E-01	9.221E-01	9.126E-01	37.700	90	90	91
D2KCJ9_conserved	S5ZIP8_conserved	9.417E-01	9.221E-01	9.125E-01	36.600	90	90	91
D2KCJ9_conserved	A0A0B5ECY2_conserved	9.414E-01	9.217E-01	9.122E-01	36.600	90	90	91
D2KCJ9_conserved	AF-A0A7T8ZCD9-F1-model_v4_conserved	9.343E-01	9.147E-01	9.147E-01	47.700	90	90	90
D2KCJ9_conserved	AF-A0A6B7ELH8-F1-model_v4_conserved	9.318E-01	9.123E-01	9.123E-01	50.000	90	90	90
D2KCJ9_conserved	AF-A0A0U3H0V9-F1-model_v4_conserved	9.256E-01	9.062E-01	9.158E-01	45.500	90	90	89
D2KCJ9_conserved	BMHC-1_conserved	9.289E-01	9.095E-01	9.095E-01	46.600	90	90	90
D2KCJ9_conserved	Q8G9Q0_conserved	9.302E-01	9.109E-01	9.109E-01	41.500	90	89	90
G4WB26_conserved	G4WB26_conserved	1.011E+00	1.000E+00	1.000E+00	100.000	91	91	91
G4WB26_conserved	A0A097J9I0_conserved	1.008E+00	9.974E-01	9.974E-01	92.300	91	91	91
G4WB26_conserved	Q8VLM7_conserved	1.008E+00	9.971E-01	9.971E-01	96.700	91	91	91
G4WB26_conserved	F8UQX1_conserved	1.007E+00	9.957E-01	9.957E-01	91.200	91	91	91
G4WB26_conserved	I7CP04_conserved	1.005E+00	9.943E-01	9.943E-01	91.200	91	91	91
G4WB26_conserved	Q79MP6_conserved	1.005E+00	9.937E-01	9.937E-01	95.600	91	91	91
G4WB26_conserved	Q9AHY6_conserved	1.004E+00	9.931E-01	9.931E-01	98.900	91	91	91
G4WB26_conserved	Q70E85_conserved	1.004E+00	9.930E-01	9.930E-01	94.500	91	91	91
G4WB26_conserved	Q53CM3_conserved	1.003E+00	9.923E-01	9.923E-01	96.700	91	91	91
G4WB26_conserved	B2ZTD9_conserved	1.005E+00	9.936E-01	9.936E-01	89.000	91	91	91
G4WB26_conserved	F5ANL2_conserved	1.003E+00	9.917E-01	9.917E-01	97.800	91	91	91
G4WB26_conserved	G9JKG5_conserved	1.003E+00	9.920E-01	9.920E-01	95.600	91	91	91
G4WB26_conserved	A0A0D5ZZW5_conserved	1.002E+00	9.909E-01	9.909E-01	97.800	91	91	91
G4WB26_conserved	S5WLJ9_conserved	1.002E+00	9.911E-01	9.911E-01	91.200	91	91	91
G4WB26_conserved	A0A0S2MTX2_conserved	1.002E+00	9.908E-01	9.908E-01	93.400	91	91	91
G4WB26_conserved	Q8GIW8_conserved	1.002E+00	9.907E-01	9.907E-01	93.400	91	91	91
G4WB26_conserved	Q7WYA8_conserved	1.001E+00	9.901E-01	9.901E-01	94.500	91	91	91
G4WB26_conserved	Q9F6Z8_conserved	1.011E+00	9.887E-01	9.887E-01	95.500	91	90	91
G4WB26_conserved	B0FWK3_conserved	1.011E+00	9.886E-01	9.886E-01	93.300	91	90	91
G4WB26_conserved	Q1A2Z1_conserved	1.011E+00	9.886E-01	9.886E-01	95.500	91	90	91
G4WB26_conserved	A8QUY6_conserved	1.011E+00	9.886E-01	9.886E-01	95.500	91	90	91
G4WB26_conserved	A0A0H4IUK3_conserved	1.009E+00	9.870E-01	9.870E-01	93.300	91	90	91
G4WB26_conserved	AF-A0A1B2F003-F1-model_v4_conserved	1.009E+00	9.870E-01	9.870E-01	87.700	91	90	91
G4WB26_conserved	A8R403_conserved	1.007E+00	9.852E-01	9.852E-01	85.500	91	90	91
G4WB26_conserved	A0A161H7D8_conserved	1.007E+00	9.851E-01	9.851E-01	84.400	91	90	91
G4WB26_conserved	L7X1X1_conserved	9.921E-01	9.814E-01	9.814E-01	72.500	91	91	91
G4WB26_conserved	AF-A0A7Y3W177-F1-model_v4_conserved	9.896E-01	9.789E-01	9.789E-01	79.100	91	91	91
G4WB26_conserved	L0N4W6_conserved	9.960E-01	9.744E-01	9.744E-01	74.400	91	90	91
G4WB26_conserved	AF-C5BSS3-F1-model_v4_conserved	9.946E-01	9.730E-01	9.730E-01	74.400	91	90	91
G4WB26_conserved	SHD-1_conserved	9.937E-01	9.722E-01	9.722E-01	72.200	91	90	91
G4WB26_conserved	A0A650AXL4_conserved	9.935E-01	9.720E-01	9.720E-01	68.800	91	90	91
G4WB26_conserved	Q704V1_conserved	9.934E-01	9.718E-01	9.718E-01	73.300	91	90	91
G4WB26_conserved	AF-A0A1L6K5Z3-F1-model_v4_conserved	9.951E-01	9.627E-01	9.733E-01	75.500	91	90	90
G4WB26_conserved	AF-A0A6M4NN58-F1-model_v4_conserved	9.908E-01	9.694E-01	9.694E-01	68.800	91	90	91
G4WB26_conserved	Q53BU0_conserved	9.864E-01	9.651E-01	9.756E-01	65.500	91	90	90
G4WB26_conserved	AF-Q12JE6-F1-model_v4_conserved	9.878E-01	9.665E-01	9.665E-01	72.200	91	90	91
G4WB26_conserved	Q53BU1_conserved	9.817E-01	9.606E-01	9.710E-01	67.700	91	90	90
G4WB26_conserved	K7SA42_conserved	9.801E-01	9.591E-01	9.591E-01	55.500	91	90	91
G4WB26_conserved	AF-A0A3G5BD68-F1-model_v4_conserved	9.773E-01	9.565E-01	9.565E-01	53.300	91	90	91
G4WB26_conserved	AF-A0A1L6K5Y5-F1-model_v4_conserved	9.802E-01	9.487E-01	9.590E-01	61.100	91	90	90
G4WB26_conserved	A0A3G3C0Q6_conserved	9.767E-01	9.559E-01	9.559E-01	53.300	91	90	91
G4WB26_conserved	AF-A0A8E7DAJ6-F1-model_v6_conserved	9.765E-01	9.557E-01	9.557E-01	54.400	91	90	91
G4WB26_conserved	STA-1_conserved	9.763E-01	9.555E-01	9.555E-01	54.400	91	90	91
G4WB26_conserved	A0A1P8VH15_conserved	9.764E-01	9.556E-01	9.556E-01	53.300	91	90	91
G4WB26_conserved	A0A1Z3FWF5_conserved	9.764E-01	9.556E-01	9.556E-01	53.300	91	90	91
G4WB26_conserved	A0A0B5ECY2_conserved	9.763E-01	9.555E-01	9.555E-01	53.300	91	90	91
G4WB26_conserved	S5ZIP8_conserved	9.763E-01	9.555E-01	9.555E-01	53.300	91	90	91
G4WB26_conserved	A0A1P8C735_conserved	9.760E-01	9.552E-01	9.552E-01	54.400	91	90	91
G4WB26_conserved	AF-Q1DF71-F1-model_v4_conserved	9.751E-01	9.544E-01	9.544E-01	54.400	91	90	91
G4WB26_conserved	ALI-2_conserved	9.714E-01	9.505E-01	9.505E-01	57.100	91	91	91
G4WB26_conserved	ALI-1_conserved	9.712E-01	9.504E-01	9.504E-01	62.600	91	91	91
G4WB26_conserved	AF-A0A4Y8LBX5-F1-model_v4_conserved	9.744E-01	9.537E-01	9.537E-01	62.200	91	90	91
G4WB26_conserved	AF-G0L217-F1-model_v4_conserved	9.753E-01	9.441E-01	9.543E-01	53.300	91	90	90
G4WB26_conserved	AF-A0A7T8ZCD9-F1-model_v4_conserved	9.748E-01	9.436E-01	9.538E-01	51.100	91	90	90
G4WB26_conserved	ECV-1_conserved	9.749E-01	9.437E-01	9.539E-01	55.500	91	90	90
G4WB26_conserved	AF-A0A6B7ELH8-F1-model_v4_conserved	9.746E-01	9.435E-01	9.537E-01	57.700	91	90	90
G4WB26_conserved	ORR-1_conserved	9.742E-01	9.431E-01	9.532E-01	56.600	91	90	90
G4WB26_conserved	BMHC-1_conserved	9.738E-01	9.427E-01	9.529E-01	51.100	91	90	90
G4WB26_conserved	A0A0C5L398_conserved	9.711E-01	9.402E-01	9.502E-01	48.800	91	90	90
G4WB26_conserved	ANA-1_conserved	9.656E-01	9.452E-01	9.452E-01	57.700	91	90	91
G4WB26_conserved	Q6SPY5_conserved	9.688E-01	9.380E-01	9.481E-01	57.700	91	90	90
G4WB26_conserved	P14488_conserved	9.688E-01	9.380E-01	9.481E-01	57.700	91	90	90
G4WB26_conserved	AF-I0KEZ6-F1-model_v4_conserved	9.670E-01	9.363E-01	9.463E-01	52.200	91	90	90
G4WB26_conserved	Q8G9Q0_conserved	9.672E-01	9.365E-01	9.465E-01	52.200	91	90	90
G4WB26_conserved	AF-A0A0U3H0V9-F1-model_v4_conserved	9.611E-01	9.306E-01	9.507E-01	55.500	91	90	89
G4WB26_conserved	P25910_conserved	9.620E-01	9.418E-01	9.418E-01	56.600	91	90	91
G4WB26_conserved	Q8RMB8_conserved	9.630E-01	9.326E-01	9.425E-01	44.400	91	90	90
G4WB26_conserved	A0A2R4PHC7_conserved	9.622E-01	9.318E-01	9.417E-01	57.700	91	90	90
G4WB26_conserved	Q8GPN1_conserved	9.610E-01	9.306E-01	9.405E-01	52.200	91	90	90
G4WB26_conserved	AF-A0A844TY23-F1-model_v4_conserved	9.600E-01	9.297E-01	9.396E-01	54.400	91	90	90
G4WB26_conserved	A0A0H3YDR5_conserved	9.599E-01	9.296E-01	9.395E-01	53.300	91	90	90
G4WB26_conserved	AF-A0A191Z3S9-F1-model_v4_conserved	9.598E-01	9.294E-01	9.393E-01	50.000	91	90	90
G4WB26_conserved	Q8GPN2_conserved	9.591E-01	9.288E-01	9.387E-01	52.200	91	90	90
G4WB26_conserved	Q840P9_conserved	9.584E-01	9.282E-01	9.381E-01	56.600	91	90	90
G4WB26_conserved	SPS-1_conserved	9.558E-01	9.258E-01	9.456E-01	48.800	91	90	89
G4WB26_conserved	AF-A0A7U3MVS9-F1-model_v4_conserved	9.580E-01	9.279E-01	9.377E-01	47.700	91	90	90
G4WB26_conserved	Q8GKX2_conserved	9.577E-01	9.275E-01	9.374E-01	55.500	91	90	90
G4WB26_conserved	Q2HY42_conserved	9.574E-01	9.273E-01	9.371E-01	56.600	91	90	90
G4WB26_conserved	Q9XAY4_conserved	9.568E-01	9.267E-01	9.365E-01	55.500	91	90	90
G4WB26_conserved	E5G503_conserved	9.566E-01	9.265E-01	9.363E-01	55.500	91	90	90
G4WB26_conserved	Q3YBY0_conserved	9.562E-01	9.261E-01	9.359E-01	55.500	91	90	90
G4WB26_conserved	I3RJZ3_conserved	9.546E-01	9.246E-01	9.344E-01	54.400	91	90	90
G4WB26_conserved	B4YAJ7_conserved	9.544E-01	9.244E-01	9.342E-01	54.400	91	90	90
G4WB26_conserved	Q9F629_conserved	9.530E-01	9.231E-01	9.328E-01	54.400	91	90	90
G4WB26_conserved	A7WPA3_conserved	9.530E-01	9.231E-01	9.328E-01	54.400	91	90	90
G4WB26_conserved	Q9ETN2_conserved	9.433E-01	9.239E-01	9.334E-01	50.500	91	91	90
G4WB26_conserved	Q08I33_conserved	9.502E-01	9.204E-01	9.301E-01	47.700	91	90	90
G4WB26_conserved	Q9F921_conserved	9.496E-01	9.198E-01	9.295E-01	50.000	91	90	90
G4WB26_conserved	Q9EU43_conserved	9.419E-01	9.223E-01	9.320E-01	49.400	91	91	90
G4WB26_conserved	D2K7P0_conserved	9.411E-01	9.215E-01	9.312E-01	48.300	91	91	90
G4WB26_conserved	Q8VT48_conserved	9.492E-01	9.194E-01	9.291E-01	46.600	91	90	90
G4WB26_conserved	A0A0N9HJI8_conserved	9.478E-01	9.181E-01	9.278E-01	50.000	91	90	90
G4WB26_conserved	E2GLP7_conserved	9.481E-01	9.184E-01	9.281E-01	48.800	91	90	90
G4WB26_conserved	AF-Q9RB01-F1-model_v4_conserved	9.479E-01	9.183E-01	9.280E-01	50.000	91	90	90
G4WB26_conserved	Q9X482_conserved	9.379E-01	9.184E-01	9.281E-01	48.300	91	91	90
G4WB26_conserved	A0A077EG89_conserved	9.477E-01	9.181E-01	9.277E-01	48.800	91	90	90
G4WB26_conserved	Q6JE29_conserved	9.466E-01	9.171E-01	9.267E-01	47.700	91	90	90
G4WB26_conserved	D2KCJ9_conserved	9.366E-01	9.172E-01	9.268E-01	47.200	91	91	90
G4WB26_conserved	Q8GQK7_conserved	9.441E-01	9.146E-01	9.242E-01	50.000	91	90	90
L7X1X1_conserved	L7X1X1_conserved	1.011E+00	1.000E+00	1.000E+00	100.000	91	91	91
L7X1X1_conserved	AF-A0A7Y3W177-F1-model_v4_conserved	9.989E-01	9.880E-01	9.880E-01	83.500	91	91	91
L7X1X1_conserved	L0N4W6_conserved	1.008E+00	9.859E-01	9.859E-01	86.600	91	90	91
L7X1X1_conserved	SHD-1_conserved	1.008E+00	9.858E-01	9.858E-01	88.800	91	90	91
L7X1X1_conserved	AF-C5BSS3-F1-model_v4_conserved	1.008E+00	9.855E-01	9.855E-01	90.000	91	90	91
L7X1X1_conserved	Q704V1_conserved	1.005E+00	9.828E-01	9.828E-01	81.100	91	90	91
L7X1X1_conserved	Q53BU0_conserved	1.001E+00	9.791E-01	9.899E-01	74.400	91	90	90
L7X1X1_conserved	Q53BU1_conserved	9.990E-01	9.773E-01	9.881E-01	75.500	91	90	90
L7X1X1_conserved	AF-A0A6M4NN58-F1-model_v4_conserved	1.002E+00	9.806E-01	9.806E-01	67.700	91	90	91
L7X1X1_conserved	A0A650AXL4_conserved	1.002E+00	9.803E-01	9.803E-01	73.300	91	90	91
L7X1X1_conserved	AF-A0A1L6K5Z3-F1-model_v4_conserved	1.005E+00	9.717E-01	9.824E-01	82.200	91	90	90
L7X1X1_conserved	G4WB26_conserved	9.921E-01	9.814E-01	9.814E-01	72.500	91	91	91
L7X1X1_conserved	AF-Q12JE6-F1-model_v4_conserved	1.000E+00	9.785E-01	9.785E-01	71.100	91	90	91
L7X1X1_conserved	B2ZTD9_conserved	9.907E-01	9.800E-01	9.800E-01	75.800	91	91	91
L7X1X1_conserved	Q8VLM7_conserved	9.903E-01	9.796E-01	9.796E-01	73.600	91	91	91
L7X1X1_conserved	A0A161H7D8_conserved	9.886E-01	9.778E-01	9.778E-01	78.000	91	91	91
L7X1X1_conserved	F8UQX1_conserved	9.892E-01	9.785E-01	9.785E-01	71.400	91	91	91
L7X1X1_conserved	Q79MP6_conserved	9.906E-01	9.799E-01	9.799E-01	72.500	91	91	91
L7X1X1_conserved	A8R403_conserved	9.982E-01	9.765E-01	9.765E-01	77.700	91	90	91
L7X1X1_conserved	A0A097J9I0_conserved	9.899E-01	9.793E-01	9.793E-01	74.700	91	91	91
L7X1X1_conserved	Q8GIW8_conserved	9.887E-01	9.780E-01	9.780E-01	74.700	91	91	91
L7X1X1_conserved	Q9AHY6_conserved	9.895E-01	9.789E-01	9.789E-01	72.500	91	91	91
L7X1X1_conserved	Q70E85_conserved	9.869E-01	9.762E-01	9.762E-01	71.400	91	91	91
L7X1X1_conserved	A0A0D5ZZW5_conserved	9.864E-01	9.757E-01	9.757E-01	73.600	91	91	91
L7X1X1_conserved	I7CP04_conserved	9.868E-01	9.761E-01	9.761E-01	71.400	91	91	91
L7X1X1_conserved	Q53CM3_conserved	9.866E-01	9.759E-01	9.759E-01	71.400	91	91	91
L7X1X1_conserved	F5ANL2_conserved	9.858E-01	9.752E-01	9.752E-01	72.500	91	91	91
L7X1X1_conserved	Q7WYA8_conserved	9.855E-01	9.748E-01	9.748E-01	70.300	91	91	91
L7X1X1_conserved	G9JKG5_conserved	9.854E-01	9.748E-01	9.748E-01	71.400	91	91	91
L7X1X1_conserved	Q9F6Z8_conserved	9.950E-01	9.734E-01	9.734E-01	72.200	91	90	91
L7X1X1_conserved	Q1A2Z1_conserved	9.949E-01	9.733E-01	9.733E-01	72.200	91	90	91
L7X1X1_conserved	B0FWK3_conserved	9.948E-01	9.733E-01	9.733E-01	70.000	91	90	91
L7X1X1_conserved	S5WLJ9_conserved	9.948E-01	9.732E-01	9.732E-01	71.100	91	90	91
L7X1X1_conserved	A8QUY6_conserved	9.948E-01	9.732E-01	9.732E-01	71.100	91	90	91
L7X1X1_conserved	A0A0S2MTX2_conserved	9.850E-01	9.743E-01	9.743E-01	71.400	91	91	91
L7X1X1_conserved	A0A0H4IUK3_conserved	9.929E-01	9.714E-01	9.714E-01	73.300	91	90	91
L7X1X1_conserved	AF-A0A1B2F003-F1-model_v4_conserved	9.914E-01	9.699E-01	9.699E-01	73.300	91	90	91
L7X1X1_conserved	K7SA42_conserved	9.890E-01	9.677E-01	9.677E-01	61.100	91	90	91
L7X1X1_conserved	AF-A0A1L6K5Y5-F1-model_v4_conserved	9.931E-01	9.609E-01	9.714E-01	61.100	91	90	90
L7X1X1_conserved	ALI-2_conserved	9.836E-01	9.623E-01	9.623E-01	61.500	91	91	91
L7X1X1_conserved	AF-Q1DF71-F1-model_v4_conserved	9.856E-01	9.645E-01	9.645E-01	54.400	91	90	91
L7X1X1_conserved	AF-A0A3G5BD68-F1-model_v4_conserved	9.853E-01	9.641E-01	9.641E-01	55.500	91	90	91
L7X1X1_conserved	STA-1_conserved	9.850E-01	9.639E-01	9.639E-01	57.700	91	90	91
L7X1X1_conserved	ANA-1_conserved	9.844E-01	9.633E-01	9.633E-01	60.000	91	90	91
L7X1X1_conserved	ORR-1_conserved	9.885E-01	9.566E-01	9.670E-01	55.500	91	90	90
L7X1X1_conserved	ALI-1_conserved	9.811E-01	9.599E-01	9.599E-01	58.200	91	91	91
L7X1X1_conserved	AF-G0L217-F1-model_v4_conserved	9.880E-01	9.561E-01	9.665E-01	55.500	91	90	90
L7X1X1_conserved	AF-A0A7T8ZCD9-F1-model_v4_conserved	9.880E-01	9.561E-01	9.665E-01	55.500	91	90	90
L7X1X1_conserved	AF-A0A8E7DAJ6-F1-model_v6_conserved	9.841E-01	9.631E-01	9.631E-01	55.500	91	90	91
L7X1X1_conserved	A0A3G3C0Q6_conserved	9.840E-01	9.629E-01	9.629E-01	55.500	91	90	91
L7X1X1_conserved	A0A1P8VH15_conserved	9.840E-01	9.629E-01	9.629E-01	55.500	91	90	91
L7X1X1_conserved	S5ZIP8_conserved	9.839E-01	9.628E-01	9.628E-01	55.500	91	90	91
L7X1X1_conserved	A0A1Z3FWF5_conserved	9.838E-01	9.627E-01	9.627E-01	55.500	91	90	91
L7X1X1_conserved	A0A1P8C735_conserved	9.837E-01	9.627E-01	9.627E-01	55.500	91	90	91
L7X1X1_conserved	A0A0B5ECY2_conserved	9.837E-01	9.627E-01	9.627E-01	55.500	91	90	91
L7X1X1_conserved	AF-A0A4Y8LBX5-F1-model_v4_conserved	9.829E-01	9.618E-01	9.618E-01	63.300	91	90	91
L7X1X1_conserved	AF-I0KEZ6-F1-model_v4_conserved	9.862E-01	9.544E-01	9.648E-01	58.800	91	90	90
L7X1X1_conserved	AF-A0A6B7ELH8-F1-model_v4_conserved	9.862E-01	9.545E-01	9.648E-01	56.600	91	90	90
L7X1X1_conserved	A0A0C5L398_conserved	9.861E-01	9.543E-01	9.647E-01	53.300	91	90	90
L7X1X1_conserved	ECV-1_conserved	9.853E-01	9.536E-01	9.639E-01	54.400	91	90	90
L7X1X1_conserved	BMHC-1_conserved	9.851E-01	9.534E-01	9.638E-01	53.300	91	90	90
L7X1X1_conserved	Q6SPY5_conserved	9.847E-01	9.530E-01	9.633E-01	63.300	91	90	90
L7X1X1_conserved	P14488_conserved	9.838E-01	9.522E-01	9.625E-01	64.400	91	90	90
L7X1X1_conserved	A0A2R4PHC7_conserved	9.810E-01	9.495E-01	9.598E-01	64.400	91	90	90
L7X1X1_conserved	AF-A0A0U3H0V9-F1-model_v4_conserved	9.750E-01	9.438E-01	9.643E-01	54.400	91	90	89
L7X1X1_conserved	P25910_conserved	9.748E-01	9.541E-01	9.541E-01	55.500	91	90	91
L7X1X1_conserved	Q8RMB8_conserved	9.780E-01	9.467E-01	9.569E-01	52.200	91	90	90
L7X1X1_conserved	Q8GPN1_conserved	9.766E-01	9.454E-01	9.556E-01	51.100	91	90	90
L7X1X1_conserved	AF-A0A191Z3S9-F1-model_v4_conserved	9.760E-01	9.448E-01	9.549E-01	48.800	91	90	90
L7X1X1_conserved	AF-A0A844TY23-F1-model_v4_conserved	9.759E-01	9.447E-01	9.549E-01	53.300	91	90	90
L7X1X1_conserved	Q8GKX2_conserved	9.763E-01	9.451E-01	9.552E-01	58.800	91	90	90
L7X1X1_conserved	Q840P9_conserved	9.760E-01	9.448E-01	9.550E-01	56.600	91	90	90
L7X1X1_conserved	Q2HY42_conserved	9.759E-01	9.447E-01	9.549E-01	60.000	91	90	90
L7X1X1_conserved	A0A0H3YDR5_conserved	9.751E-01	9.440E-01	9.541E-01	50.000	91	90	90
L7X1X1_conserved	Q9XAY4_conserved	9.757E-01	9.445E-01	9.547E-01	58.800	91	90	90
L7X1X1_conserved	Q8GPN2_conserved	9.746E-01	9.434E-01	9.536E-01	48.800	91	90	90
L7X1X1_conserved	Q3YBY0_conserved	9.752E-01	9.440E-01	9.542E-01	58.800	91	90	90
L7X1X1_conserved	E5G503_conserved	9.750E-01	9.439E-01	9.541E-01	58.800	91	90	90
L7X1X1_conserved	B4YAJ7_conserved	9.735E-01	9.425E-01	9.526E-01	57.700	91	90	90
L7X1X1_conserved	I3RJZ3_conserved	9.735E-01	9.425E-01	9.526E-01	57.700	91	90	90
L7X1X1_conserved	A7WPA3_conserved	9.720E-01	9.410E-01	9.511E-01	57.700	91	90	90
L7X1X1_conserved	Q9F629_conserved	9.720E-01	9.410E-01	9.511E-01	57.700	91	90	90
L7X1X1_conserved	AF-A0A7U3MVS9-F1-model_v4_conserved	9.710E-01	9.401E-01	9.502E-01	54.400	91	90	90
L7X1X1_conserved	SPS-1_conserved	9.665E-01	9.359E-01	9.560E-01	50.000	91	90	89
L7X1X1_conserved	Q8G9Q0_conserved	9.682E-01	9.375E-01	9.475E-01	51.100	91	90	90
L7X1X1_conserved	Q9ETN2_conserved	9.669E-01	9.362E-01	9.462E-01	56.600	91	90	90
L7X1X1_conserved	Q08I33_conserved	9.656E-01	9.349E-01	9.449E-01	54.400	91	90	90
L7X1X1_conserved	A0A0N9HJI8_conserved	9.641E-01	9.335E-01	9.435E-01	53.300	91	90	90
L7X1X1_conserved	Q8VT48_conserved	9.646E-01	9.340E-01	9.440E-01	55.500	91	90	90
L7X1X1_conserved	Q9EU43_conserved	9.553E-01	9.352E-01	9.452E-01	56.000	91	91	90
L7X1X1_conserved	Q9F921_conserved	9.643E-01	9.337E-01	9.437E-01	56.600	91	90	90
L7X1X1_conserved	AF-Q9RB01-F1-model_v4_conserved	9.646E-01	9.340E-01	9.440E-01	52.200	91	90	90
L7X1X1_conserved	D2K7P0_conserved	9.547E-01	9.346E-01	9.445E-01	54.900	91	91	90
L7X1X1_conserved	E2GLP7_conserved	9.634E-01	9.329E-01	9.428E-01	55.500	91	90	90
L7X1X1_conserved	A0A077EG89_conserved	9.638E-01	9.334E-01	9.433E-01	53.300	91	90	90
L7X1X1_conserved	Q8GQK7_conserved	9.616E-01	9.312E-01	9.411E-01	53.300	91	90	90
L7X1X1_conserved	Q9X482_conserved	9.623E-01	9.319E-01	9.418E-01	54.400	91	90	90
L7X1X1_conserved	Q6JE29_conserved	9.623E-01	9.318E-01	9.418E-01	54.400	91	90	90
L7X1X1_conserved	D2KCJ9_conserved	9.508E-01	9.308E-01	9.407E-01	53.800	91	91	90
Q1A2Z1_conserved	Q1A2Z1_conserved	1.011E+00	1.000E+00	1.000E+00	100.000	91	91	91
Q1A2Z1_conserved	A8QUY6_conserved	1.008E+00	9.973E-01	9.973E-01	95.600	91	91	91
Q1A2Z1_conserved	B0FWK3_conserved	1.007E+00	9.955E-01	9.955E-01	93.400	91	91	91
Q1A2Z1_conserved	G9JKG5_conserved	1.004E+00	9.933E-01	9.933E-01	95.600	91	91	91
Q1A2Z1_conserved	F5ANL2_conserved	1.004E+00	9.928E-01	9.928E-01	97.800	91	91	91
Q1A2Z1_conserved	Q53CM3_conserved	1.003E+00	9.921E-01	9.921E-01	96.700	91	91	91
Q1A2Z1_conserved	A0A0D5ZZW5_conserved	1.003E+00	9.920E-01	9.920E-01	95.600	91	91	91
Q1A2Z1_conserved	Q7WYA8_conserved	1.003E+00	9.917E-01	9.917E-01	94.500	91	91	91
Q1A2Z1_conserved	Q8VLM7_conserved	1.002E+00	9.908E-01	9.908E-01	98.900	91	91	91
Q1A2Z1_conserved	I7CP04_conserved	1.001E+00	9.905E-01	9.905E-01	91.200	91	91	91
Q1A2Z1_conserved	Q70E85_conserved	1.001E+00	9.902E-01	9.902E-01	97.800	91	91	91
Q1A2Z1_conserved	F8UQX1_conserved	1.001E+00	9.899E-01	9.899E-01	91.200	91	91	91
Q1A2Z1_conserved	Q9AHY6_conserved	1.011E+00	9.887E-01	9.887E-01	96.600	91	90	91
Q1A2Z1_conserved	Q79MP6_conserved	1.011E+00	9.887E-01	9.887E-01	97.700	91	90	91
Q1A2Z1_conserved	Q9F6Z8_conserved	1.011E+00	9.886E-01	9.886E-01	97.700	91	90	91
Q1A2Z1_conserved	G4WB26_conserved	1.011E+00	9.886E-01	9.886E-01	95.500	91	90	91
Q1A2Z1_conserved	S5WLJ9_conserved	1.011E+00	9.884E-01	9.884E-01	91.100	91	90	91
Q1A2Z1_conserved	B2ZTD9_conserved	1.000E+00	9.893E-01	9.893E-01	91.200	91	91	91
Q1A2Z1_conserved	A0A0S2MTX2_conserved	1.010E+00	9.883E-01	9.883E-01	95.500	91	90	91
Q1A2Z1_conserved	Q8GIW8_conserved	1.010E+00	9.882E-01	9.882E-01	95.500	91	90	91
Q1A2Z1_conserved	AF-A0A1B2F003-F1-model_v4_conserved	1.009E+00	9.869E-01	9.869E-01	87.700	91	90	91
Q1A2Z1_conserved	A0A0H4IUK3_conserved	1.009E+00	9.868E-01	9.868E-01	93.300	91	90	91
Q1A2Z1_conserved	A0A097J9I0_conserved	1.008E+00	9.863E-01	9.863E-01	92.200	91	90	91
Q1A2Z1_conserved	A0A161H7D8_conserved	1.007E+00	9.847E-01	9.847E-01	85.500	91	90	91
Q1A2Z1_conserved	A8R403_conserved	1.006E+00	9.844E-01	9.844E-01	85.500	91	90	91
Q1A2Z1_conserved	AF-A0A7Y3W177-F1-model_v4_conserved	9.955E-01	9.739E-01	9.739E-01	77.700	91	90	91
Q1A2Z1_conserved	L0N4W6_conserved	9.953E-01	9.737E-01	9.737E-01	74.400	91	90	91
Q1A2Z1_conserved	L7X1X1_conserved	9.949E-01	9.733E-01	9.733E-01	72.200	91	90	91
Q1A2Z1_conserved	AF-C5BSS3-F1-model_v4_conserved	9.940E-01	9.725E-01	9.725E-01	74.400	91	90	91
Q1A2Z1_conserved	SHD-1_conserved	9.932E-01	9.717E-01	9.717E-01	72.200	91	90	91
Q1A2Z1_conserved	A0A650AXL4_conserved	9.925E-01	9.710E-01	9.710E-01	68.800	91	90	91
Q1A2Z1_conserved	Q704V1_conserved	9.920E-01	9.705E-01	9.705E-01	73.300	91	90	91
Q1A2Z1_conserved	AF-A0A1L6K5Z3-F1-model_v4_conserved	9.941E-01	9.618E-01	9.724E-01	75.500	91	90	90
Q1A2Z1_conserved	AF-A0A6M4NN58-F1-model_v4_conserved	9.901E-01	9.687E-01	9.687E-01	67.700	91	90	91
Q1A2Z1_conserved	Q53BU0_conserved	9.861E-01	9.648E-01	9.753E-01	65.500	91	90	90
Q1A2Z1_conserved	AF-Q12JE6-F1-model_v4_conserved	9.876E-01	9.664E-01	9.664E-01	72.200	91	90	91
Q1A2Z1_conserved	Q53BU1_conserved	9.813E-01	9.603E-01	9.707E-01	67.700	91	90	90
Q1A2Z1_conserved	K7SA42_conserved	9.790E-01	9.580E-01	9.580E-01	56.600	91	90	91
Q1A2Z1_conserved	AF-A0A1L6K5Y5-F1-model_v4_conserved	9.797E-01	9.483E-01	9.585E-01	58.800	91	90	90
Q1A2Z1_conserved	AF-A0A3G5BD68-F1-model_v4_conserved	9.756E-01	9.548E-01	9.548E-01	53.300	91	90	91
Q1A2Z1_conserved	STA-1_conserved	9.750E-01	9.543E-01	9.543E-01	56.600	91	90	91
Q1A2Z1_conserved	A0A3G3C0Q6_conserved	9.750E-01	9.543E-01	9.543E-01	53.300	91	90	91
Q1A2Z1_conserved	AF-A0A8E7DAJ6-F1-model_v6_conserved	9.749E-01	9.541E-01	9.541E-01	54.400	91	90	91
Q1A2Z1_conserved	A0A1P8VH15_conserved	9.747E-01	9.540E-01	9.540E-01	53.300	91	90	91
Q1A2Z1_conserved	A0A1Z3FWF5_conserved	9.747E-01	9.540E-01	9.540E-01	53.300	91	90	91
Q1A2Z1_conserved	A0A0B5ECY2_conserved	9.746E-01	9.539E-01	9.539E-01	53.300	91	90	91
Q1A2Z1_conserved	S5ZIP8_conserved	9.746E-01	9.538E-01	9.538E-01	53.300	91	90	91
Q1A2Z1_conserved	A0A1P8C735_conserved	9.743E-01	9.536E-01	9.536E-01	54.400	91	90	91
Q1A2Z1_conserved	ALI-2_conserved	9.707E-01	9.499E-01	9.499E-01	56.000	91	91	91
Q1A2Z1_conserved	AF-A0A4Y8LBX5-F1-model_v4_conserved	9.733E-01	9.527E-01	9.527E-01	63.300	91	90	91
Q1A2Z1_conserved	AF-Q1DF71-F1-model_v4_conserved	9.733E-01	9.526E-01	9.526E-01	54.400	91	90	91
Q1A2Z1_conserved	ALI-1_conserved	9.700E-01	9.492E-01	9.492E-01	61.500	91	91	91
Q1A2Z1_conserved	AF-G0L217-F1-model_v4_conserved	9.744E-01	9.433E-01	9.535E-01	53.300	91	90	90
Q1A2Z1_conserved	AF-A0A7T8ZCD9-F1-model_v4_conserved	9.736E-01	9.426E-01	9.527E-01	51.100	91	90	90
Q1A2Z1_conserved	ECV-1_conserved	9.738E-01	9.428E-01	9.529E-01	53.300	91	90	90
Q1A2Z1_conserved	ORR-1_conserved	9.729E-01	9.419E-01	9.520E-01	54.400	91	90	90
Q1A2Z1_conserved	AF-A0A6B7ELH8-F1-model_v4_conserved	9.727E-01	9.417E-01	9.518E-01	57.700	91	90	90
Q1A2Z1_conserved	BMHC-1_conserved	9.721E-01	9.412E-01	9.513E-01	51.100	91	90	90
Q1A2Z1_conserved	A0A0C5L398_conserved	9.704E-01	9.395E-01	9.496E-01	47.700	91	90	90
Q1A2Z1_conserved	Q6SPY5_conserved	9.684E-01	9.376E-01	9.476E-01	57.700	91	90	90
Q1A2Z1_conserved	ANA-1_conserved	9.644E-01	9.440E-01	9.440E-01	54.400	91	90	91
Q1A2Z1_conserved	P14488_conserved	9.682E-01	9.374E-01	9.475E-01	58.800	91	90	90
Q1A2Z1_conserved	AF-I0KEZ6-F1-model_v4_conserved	9.658E-01	9.352E-01	9.452E-01	52.200	91	90	90
Q1A2Z1_conserved	Q8G9Q0_conserved	9.662E-01	9.356E-01	9.456E-01	52.200	91	90	90
Q1A2Z1_conserved	P25910_conserved	9.614E-01	9.412E-01	9.412E-01	56.600	91	90	91
Q1A2Z1_conserved	AF-A0A0U3H0V9-F1-model_v4_conserved	9.598E-01	9.294E-01	9.495E-01	54.400	91	90	89
Q1A2Z1_conserved	Q8RMB8_conserved	9.626E-01	9.322E-01	9.421E-01	44.400	91	90	90
Q1A2Z1_conserved	A0A2R4PHC7_conserved	9.618E-01	9.314E-01	9.413E-01	57.700	91	90	90
Q1A2Z1_conserved	Q8GPN1_conserved	9.609E-01	9.305E-01	9.404E-01	52.200	91	90	90
Q1A2Z1_conserved	AF-A0A844TY23-F1-model_v4_conserved	9.599E-01	9.295E-01	9.394E-01	54.400	91	90	90
Q1A2Z1_conserved	A0A0H3YDR5_conserved	9.597E-01	9.294E-01	9.393E-01	51.100	91	90	90
Q1A2Z1_conserved	AF-A0A191Z3S9-F1-model_v4_conserved	9.596E-01	9.293E-01	9.392E-01	50.000	91	90	90
Q1A2Z1_conserved	Q8GPN2_conserved	9.590E-01	9.287E-01	9.386E-01	50.000	91	90	90
Q1A2Z1_conserved	Q840P9_conserved	9.575E-01	9.273E-01	9.372E-01	54.400	91	90	90
Q1A2Z1_conserved	SPS-1_conserved	9.546E-01	9.247E-01	9.445E-01	48.800	91	90	89
Q1A2Z1_conserved	Q8GKX2_conserved	9.569E-01	9.268E-01	9.366E-01	53.300	91	90	90
Q1A2Z1_conserved	Q9ETN2_conserved	9.482E-01	9.284E-01	9.382E-01	49.400	91	91	90
Q1A2Z1_conserved	Q2HY42_conserved	9.566E-01	9.265E-01	9.363E-01	54.400	91	90	90
Q1A2Z1_conserved	AF-A0A7U3MVS9-F1-model_v4_conserved	9.564E-01	9.263E-01	9.361E-01	45.500	91	90	90
Q1A2Z1_conserved	Q9XAY4_conserved	9.559E-01	9.259E-01	9.357E-01	53.300	91	90	90
Q1A2Z1_conserved	E5G503_conserved	9.557E-01	9.257E-01	9.355E-01	53.300	91	90	90
Q1A2Z1_conserved	Q3YBY0_conserved	9.553E-01	9.253E-01	9.351E-01	53.300	91	90	90
Q1A2Z1_conserved	Q9F921_conserved	9.466E-01	9.269E-01	9.367E-01	49.400	91	91	90
Q1A2Z1_conserved	B4YAJ7_conserved	9.536E-01	9.236E-01	9.334E-01	52.200	91	90	90
Q1A2Z1_conserved	I3RJZ3_conserved	9.537E-01	9.238E-01	9.335E-01	52.200	91	90	90
Q1A2Z1_conserved	Q9F629_conserved	9.521E-01	9.222E-01	9.320E-01	52.200	91	90	90
Q1A2Z1_conserved	A7WPA3_conserved	9.521E-01	9.223E-01	9.320E-01	52.200	91	90	90
Q1A2Z1_conserved	Q08I33_conserved	9.505E-01	9.207E-01	9.304E-01	46.600	91	90	90
Q1A2Z1_conserved	E2GLP7_conserved	9.411E-01	9.215E-01	9.312E-01	48.300	91	91	90
Q1A2Z1_conserved	Q9EU43_conserved	9.413E-01	9.217E-01	9.314E-01	48.300	91	91	90
Q1A2Z1_conserved	Q8VT48_conserved	9.495E-01	9.197E-01	9.295E-01	47.700	91	90	90
Q1A2Z1_conserved	A0A0N9HJI8_conserved	9.481E-01	9.183E-01	9.280E-01	48.800	91	90	90
Q1A2Z1_conserved	Q9X482_conserved	9.400E-01	9.205E-01	9.301E-01	47.200	91	91	90
Q1A2Z1_conserved	Q6JE29_conserved	9.392E-01	9.197E-01	9.293E-01	47.200	91	91	90
Q1A2Z1_conserved	D2K7P0_conserved	9.479E-01	9.183E-01	9.280E-01	46.600	91	90	90
Q1A2Z1_conserved	AF-Q9RB01-F1-model_v4_conserved	9.472E-01	9.176E-01	9.272E-01	47.700	91	90	90
Q1A2Z1_conserved	A0A077EG89_conserved	9.470E-01	9.175E-01	9.271E-01	47.700	91	90	90
Q1A2Z1_conserved	Q8GQK7_conserved	9.445E-01	9.150E-01	9.246E-01	48.800	91	90	90
Q1A2Z1_conserved	D2KCJ9_conserved	9.432E-01	9.138E-01	9.234E-01	45.500	91	90	90
Q6SPY5_conserved	Q6SPY5_conserved	1.011E+00	1.000E+00	1.000E+00	100.000	90	90	90
Q6SPY5_conserved	P14488_conserved	1.011E+00	9.883E-01	9.883E-01	95.500	90	89	90
Q6SPY5_conserved	AF-A0A1L6K5Y5-F1-model_v4_conserved	9.939E-01	9.721E-01	9.721E-01	68.500	90	89	90
Q6SPY5_conserved	AF-I0KEZ6-F1-model_v4_conserved	9.927E-01	9.710E-01	9.710E-01	68.500	90	89	90
Q6SPY5_conserved	Q53BU0_conserved	9.894E-01	9.679E-01	9.679E-01	60.000	90	90	90
Q6SPY5_conserved	Q53BU1_conserved	9.884E-01	9.669E-01	9.669E-01	61.100	90	90	90
Q6SPY5_conserved	AF-A0A4Y8LBX5-F1-model_v4_conserved	9.884E-01	9.669E-01	9.565E-01	67.700	90	90	91
Q6SPY5_conserved	AF-A0A6M4NN58-F1-model_v4_conserved	9.867E-01	9.653E-01	9.549E-01	60.000	90	90	91
Q6SPY5_conserved	L7X1X1_conserved	9.847E-01	9.633E-01	9.530E-01	63.300	90	90	91
Q6SPY5_conserved	Q704V1_conserved	9.846E-01	9.633E-01	9.530E-01	62.200	90	90	91
Q6SPY5_conserved	AF-A0A1L6K5Z3-F1-model_v4_conserved	9.806E-01	9.594E-01	9.594E-01	61.700	90	89	90
Q6SPY5_conserved	SHD-1_conserved	9.839E-01	9.626E-01	9.523E-01	60.000	90	90	91
Q6SPY5_conserved	A0A0C5L398_conserved	9.802E-01	9.590E-01	9.590E-01	52.800	90	89	90
Q6SPY5_conserved	Q840P9_conserved	9.801E-01	9.589E-01	9.589E-01	59.500	90	89	90
Q6SPY5_conserved	AF-C5BSS3-F1-model_v4_conserved	9.832E-01	9.619E-01	9.516E-01	62.200	90	90	91
Q6SPY5_conserved	A0A650AXL4_conserved	9.831E-01	9.618E-01	9.515E-01	58.800	90	90	91
Q6SPY5_conserved	P25910_conserved	9.834E-01	9.621E-01	9.518E-01	58.800	90	90	91
Q6SPY5_conserved	AF-Q1DF71-F1-model_v4_conserved	9.825E-01	9.613E-01	9.510E-01	66.600	90	90	91
Q6SPY5_conserved	AF-A0A844TY23-F1-model_v4_conserved	9.778E-01	9.567E-01	9.567E-01	51.600	90	89	90
Q6SPY5_conserved	AF-Q12JE6-F1-model_v4_conserved	9.822E-01	9.609E-01	9.506E-01	62.200	90	90	91
Q6SPY5_conserved	K7SA42_conserved	9.822E-01	9.610E-01	9.507E-01	55.500	90	90	91
Q6SPY5_conserved	AF-A0A7Y3W177-F1-model_v4_conserved	9.818E-01	9.606E-01	9.503E-01	57.700	90	90	91
Q6SPY5_conserved	L0N4W6_conserved	9.817E-01	9.605E-01	9.502E-01	57.700	90	90	91
Q6SPY5_conserved	Q8GKX2_conserved	9.782E-01	9.572E-01	9.572E-01	59.500	90	89	90
Q6SPY5_conserved	Q8GPN1_conserved	9.772E-01	9.561E-01	9.561E-01	49.400	90	89	90
Q6SPY5_conserved	Q2HY42_conserved	9.781E-01	9.571E-01	9.571E-01	59.500	90	89	90
Q6SPY5_conserved	ANA-1_conserved	9.815E-01	9.603E-01	9.501E-01	61.100	90	90	91
Q6SPY5_conserved	E5G503_conserved	9.778E-01	9.568E-01	9.568E-01	59.500	90	89	90
Q6SPY5_conserved	Q9XAY4_conserved	9.778E-01	9.567E-01	9.567E-01	59.500	90	89	90
Q6SPY5_conserved	Q3YBY0_conserved	9.777E-01	9.566E-01	9.566E-01	59.500	90	89	90
Q6SPY5_conserved	I3RJZ3_conserved	9.770E-01	9.560E-01	9.560E-01	58.400	90	89	90
Q6SPY5_conserved	STA-1_conserved	9.802E-01	9.590E-01	9.488E-01	60.000	90	90	91
Q6SPY5_conserved	A7WPA3_conserved	9.767E-01	9.556E-01	9.556E-01	58.400	90	89	90
Q6SPY5_conserved	B4YAJ7_conserved	9.762E-01	9.552E-01	9.552E-01	58.400	90	89	90
Q6SPY5_conserved	A0A0H3YDR5_conserved	9.746E-01	9.536E-01	9.536E-01	48.300	90	89	90
Q6SPY5_conserved	Q9F629_conserved	9.758E-01	9.548E-01	9.548E-01	58.400	90	89	90
Q6SPY5_conserved	Q8GPN2_conserved	9.745E-01	9.535E-01	9.535E-01	48.300	90	89	90
Q6SPY5_conserved	AF-A0A191Z3S9-F1-model_v4_conserved	9.746E-01	9.536E-01	9.536E-01	47.100	90	89	90
Q6SPY5_conserved	ALI-2_conserved	9.789E-01	9.578E-01	9.475E-01	51.100	90	90	91
Q6SPY5_conserved	A0A2R4PHC7_conserved	9.730E-01	9.521E-01	9.521E-01	58.400	90	89	90
Q6SPY5_conserved	AF-A0A3G5BD68-F1-model_v4_conserved	9.771E-01	9.561E-01	9.459E-01	50.000	90	90	91
Q6SPY5_conserved	Q8RMB8_conserved	9.728E-01	9.519E-01	9.519E-01	51.600	90	89	90
Q6SPY5_conserved	AF-A0A8E7DAJ6-F1-model_v6_conserved	9.765E-01	9.555E-01	9.453E-01	52.200	90	90	91
Q6SPY5_conserved	A0A1P8C735_conserved	9.764E-01	9.554E-01	9.452E-01	52.200	90	90	91
Q6SPY5_conserved	A0A1Z3FWF5_conserved	9.763E-01	9.553E-01	9.451E-01	51.100	90	90	91
Q6SPY5_conserved	A0A3G3C0Q6_conserved	9.762E-01	9.552E-01	9.450E-01	51.100	90	90	91
Q6SPY5_conserved	A8R403_conserved	9.749E-01	9.539E-01	9.438E-01	61.100	90	90	91
Q6SPY5_conserved	A0A0B5ECY2_conserved	9.759E-01	9.549E-01	9.448E-01	51.100	90	90	91
Q6SPY5_conserved	S5ZIP8_conserved	9.759E-01	9.549E-01	9.448E-01	51.100	90	90	91
Q6SPY5_conserved	A0A1P8VH15_conserved	9.759E-01	9.549E-01	9.448E-01	51.100	90	90	91
Q6SPY5_conserved	A0A0N9HJI8_conserved	9.703E-01	9.494E-01	9.494E-01	50.500	90	89	90
Q6SPY5_conserved	ALI-1_conserved	9.752E-01	9.542E-01	9.440E-01	48.800	90	90	91
Q6SPY5_conserved	Q08I33_conserved	9.705E-01	9.497E-01	9.497E-01	51.600	90	89	90
Q6SPY5_conserved	Q9ETN2_conserved	9.704E-01	9.495E-01	9.495E-01	52.800	90	89	90
Q6SPY5_conserved	AF-G0L217-F1-model_v4_conserved	9.678E-01	9.469E-01	9.469E-01	52.200	90	90	90
Q6SPY5_conserved	A0A161H7D8_conserved	9.735E-01	9.526E-01	9.424E-01	57.700	90	90	91
Q6SPY5_conserved	Q8VT48_conserved	9.690E-01	9.483E-01	9.483E-01	51.600	90	89	90
Q6SPY5_conserved	Q8GQK7_conserved	9.678E-01	9.471E-01	9.471E-01	50.500	90	89	90
Q6SPY5_conserved	E2GLP7_conserved	9.674E-01	9.467E-01	9.467E-01	52.800	90	89	90
Q6SPY5_conserved	Q9EU43_conserved	9.671E-01	9.464E-01	9.464E-01	52.800	90	89	90
Q6SPY5_conserved	D2K7P0_conserved	9.671E-01	9.464E-01	9.464E-01	51.600	90	89	90
Q6SPY5_conserved	Q9F921_conserved	9.667E-01	9.461E-01	9.461E-01	53.900	90	89	90
Q6SPY5_conserved	F8UQX1_conserved	9.703E-01	9.495E-01	9.394E-01	54.400	90	90	91
Q6SPY5_conserved	Q9X482_conserved	9.667E-01	9.460E-01	9.460E-01	51.600	90	89	90
Q6SPY5_conserved	Q6JE29_conserved	9.666E-01	9.460E-01	9.460E-01	51.600	90	89	90
Q6SPY5_conserved	AF-Q9RB01-F1-model_v4_conserved	9.665E-01	9.459E-01	9.459E-01	53.900	90	89	90
Q6SPY5_conserved	A0A077EG89_conserved	9.667E-01	9.460E-01	9.460E-01	55.000	90	89	90
Q6SPY5_conserved	ECV-1_conserved	9.640E-01	9.433E-01	9.433E-01	53.300	90	90	90
Q6SPY5_conserved	A0A097J9I0_conserved	9.694E-01	9.487E-01	9.386E-01	55.500	90	90	91
Q6SPY5_conserved	Q70E85_conserved	9.692E-01	9.484E-01	9.384E-01	57.700	90	90	91
Q6SPY5_conserved	A0A0H4IUK3_conserved	9.692E-01	9.484E-01	9.383E-01	55.500	90	90	91
Q6SPY5_conserved	B0FWK3_conserved	9.688E-01	9.481E-01	9.380E-01	56.600	90	90	91
Q6SPY5_conserved	A0A0D5ZZW5_conserved	9.688E-01	9.480E-01	9.380E-01	58.800	90	90	91
Q6SPY5_conserved	G4WB26_conserved	9.688E-01	9.481E-01	9.380E-01	57.700	90	90	91
Q6SPY5_conserved	Q8GIW8_conserved	9.687E-01	9.480E-01	9.379E-01	56.600	90	90	91
Q6SPY5_conserved	S5WLJ9_conserved	9.686E-01	9.479E-01	9.379E-01	52.200	90	90	91
Q6SPY5_conserved	Q9F6Z8_conserved	9.686E-01	9.478E-01	9.378E-01	56.600	90	90	91
Q6SPY5_conserved	D2KCJ9_conserved	9.649E-01	9.443E-01	9.443E-01	50.500	90	89	90
Q6SPY5_conserved	I7CP04_conserved	9.685E-01	9.478E-01	9.378E-01	52.200	90	90	91
Q6SPY5_conserved	BMHC-1_conserved	9.626E-01	9.419E-01	9.419E-01	52.200	90	90	90
Q6SPY5_conserved	B2ZTD9_conserved	9.683E-01	9.476E-01	9.375E-01	55.500	90	90	91
Q6SPY5_conserved	Q1A2Z1_conserved	9.684E-01	9.476E-01	9.376E-01	57.700	90	90	91
Q6SPY5_conserved	A8QUY6_conserved	9.684E-01	9.476E-01	9.376E-01	56.600	90	90	91
Q6SPY5_conserved	Q53CM3_conserved	9.683E-01	9.475E-01	9.375E-01	56.600	90	90	91
Q6SPY5_conserved	Q8VLM7_conserved	9.682E-01	9.475E-01	9.375E-01	57.700	90	90	91
Q6SPY5_conserved	Q9AHY6_conserved	9.681E-01	9.474E-01	9.373E-01	57.700	90	90	91
Q6SPY5_conserved	A0A0S2MTX2_conserved	9.680E-01	9.473E-01	9.373E-01	54.400	90	90	91
Q6SPY5_conserved	Q79MP6_conserved	9.680E-01	9.473E-01	9.373E-01	56.600	90	90	91
Q6SPY5_conserved	Q7WYA8_conserved	9.679E-01	9.471E-01	9.371E-01	55.500	90	90	91
Q6SPY5_conserved	F5ANL2_conserved	9.677E-01	9.470E-01	9.369E-01	57.700	90	90	91
Q6SPY5_conserved	AF-A0A7U3MVS9-F1-model_v4_conserved	9.652E-01	9.447E-01	9.447E-01	49.400	90	89	90
Q6SPY5_conserved	AF-A0A7T8ZCD9-F1-model_v4_conserved	9.612E-01	9.406E-01	9.406E-01	47.700	90	90	90
Q6SPY5_conserved	G9JKG5_conserved	9.671E-01	9.464E-01	9.364E-01	56.600	90	90	91
Q6SPY5_conserved	AF-A0A6B7ELH8-F1-model_v4_conserved	9.601E-01	9.396E-01	9.396E-01	54.400	90	90	90
Q6SPY5_conserved	SPS-1_conserved	9.585E-01	9.382E-01	9.483E-01	47.100	90	89	89
Q6SPY5_conserved	AF-A0A1B2F003-F1-model_v4_conserved	9.639E-01	9.433E-01	9.334E-01	52.200	90	90	91
Q6SPY5_conserved	AF-A0A0U3H0V9-F1-model_v4_conserved	9.522E-01	9.318E-01	9.419E-01	52.200	90	90	89
Q6SPY5_conserved	ORR-1_conserved	9.572E-01	9.367E-01	9.367E-01	54.400	90	90	90
Q6SPY5_conserved	Q8G9Q0_conserved	9.593E-01	9.390E-01	9.390E-01	51.600	90	89	90
Q840P9_conserved	Q840P9_conserved	1.011E+00	1.000E+00	1.000E+00	100.000	90	90	90
Q840P9_conserved	Q2HY42_conserved	1.010E+00	9.878E-01	9.878E-01	94.300	90	89	90
Q840P9_conserved	E5G503_conserved	1.010E+00	9.878E-01	9.878E-01	92.100	90	89	90
Q840P9_conserved	Q8GKX2_conserved	1.010E+00	9.877E-01	9.877E-01	92.100	90	89	90
Q840P9_conserved	Q3YBY0_conserved	1.010E+00	9.876E-01	9.876E-01	94.300	90	89	90
Q840P9_conserved	I3RJZ3_conserved	1.010E+00	9.876E-01	9.876E-01	93.200	90	89	90
Q840P9_conserved	Q9XAY4_conserved	1.010E+00	9.875E-01	9.875E-01	94.300	90	89	90
Q840P9_conserved	Q9F629_conserved	1.009E+00	9.869E-01	9.869E-01	92.100	90	89	90
Q840P9_conserved	A7WPA3_conserved	1.009E+00	9.866E-01	9.866E-01	92.100	90	89	90
Q840P9_conserved	B4YAJ7_conserved	1.009E+00	9.866E-01	9.866E-01	92.100	90	89	90
Q840P9_conserved	AF-I0KEZ6-F1-model_v4_conserved	9.876E-01	9.661E-01	9.661E-01	53.900	90	89	90
Q840P9_conserved	Q53BU1_conserved	9.852E-01	9.638E-01	9.638E-01	55.500	90	90	90
Q840P9_conserved	AF-A0A1L6K5Y5-F1-model_v4_conserved	9.827E-01	9.614E-01	9.614E-01	68.500	90	89	90
Q840P9_conserved	P14488_conserved	9.807E-01	9.595E-01	9.595E-01	58.400	90	89	90
Q840P9_conserved	Q6SPY5_conserved	9.801E-01	9.589E-01	9.589E-01	59.500	90	89	90
Q840P9_conserved	A0A0C5L398_conserved	9.801E-01	9.589E-01	9.589E-01	43.800	90	89	90
Q840P9_conserved	Q53BU0_conserved	9.790E-01	9.579E-01	9.579E-01	56.600	90	90	90
Q840P9_conserved	AF-A0A1L6K5Z3-F1-model_v4_conserved	9.779E-01	9.568E-01	9.568E-01	58.400	90	89	90
Q840P9_conserved	ORR-1_conserved	9.728E-01	9.517E-01	9.517E-01	52.200	90	90	90
Q840P9_conserved	K7SA42_conserved	9.798E-01	9.586E-01	9.484E-01	53.300	90	90	91
Q840P9_conserved	A0A2R4PHC7_conserved	9.755E-01	9.545E-01	9.545E-01	59.500	90	89	90
Q840P9_conserved	AF-A0A7Y3W177-F1-model_v4_conserved	9.777E-01	9.566E-01	9.464E-01	61.100	90	90	91
Q840P9_conserved	A0A077EG89_conserved	9.737E-01	9.528E-01	9.528E-01	44.900	90	89	90
Q840P9_conserved	AF-A0A7T8ZCD9-F1-model_v4_conserved	9.699E-01	9.489E-01	9.489E-01	53.300	90	90	90
Q840P9_conserved	ECV-1_conserved	9.700E-01	9.490E-01	9.490E-01	54.400	90	90	90
Q840P9_conserved	AF-Q9RB01-F1-model_v4_conserved	9.725E-01	9.516E-01	9.516E-01	43.800	90	89	90
Q840P9_conserved	AF-A0A6M4NN58-F1-model_v4_conserved	9.764E-01	9.554E-01	9.452E-01	58.800	90	90	91
Q840P9_conserved	ANA-1_conserved	9.766E-01	9.555E-01	9.454E-01	55.500	90	90	91
Q840P9_conserved	AF-A0A7U3MVS9-F1-model_v4_conserved	9.729E-01	9.520E-01	9.520E-01	47.100	90	89	90
Q840P9_conserved	L7X1X1_conserved	9.760E-01	9.550E-01	9.448E-01	56.600	90	90	91
Q840P9_conserved	SHD-1_conserved	9.757E-01	9.547E-01	9.446E-01	53.300	90	90	91
Q840P9_conserved	Q704V1_conserved	9.756E-01	9.547E-01	9.445E-01	58.800	90	90	91
Q840P9_conserved	AF-C5BSS3-F1-model_v4_conserved	9.750E-01	9.541E-01	9.439E-01	56.600	90	90	91
Q840P9_conserved	A0A650AXL4_conserved	9.737E-01	9.528E-01	9.427E-01	55.500	90	90	91
Q840P9_conserved	Q8RMB8_conserved	9.693E-01	9.485E-01	9.485E-01	43.800	90	89	90
Q840P9_conserved	A0A1Z3FWF5_conserved	9.728E-01	9.520E-01	9.419E-01	46.600	90	90	91
Q840P9_conserved	A0A3G3C0Q6_conserved	9.728E-01	9.519E-01	9.418E-01	46.600	90	90	91
Q840P9_conserved	A0A1P8C735_conserved	9.727E-01	9.518E-01	9.417E-01	47.700	90	90	91
Q840P9_conserved	AF-A0A191Z3S9-F1-model_v4_conserved	9.683E-01	9.476E-01	9.476E-01	56.100	90	89	90
Q840P9_conserved	A0A1P8VH15_conserved	9.724E-01	9.515E-01	9.415E-01	46.600	90	90	91
Q840P9_conserved	L0N4W6_conserved	9.723E-01	9.515E-01	9.414E-01	55.500	90	90	91
Q840P9_conserved	AF-A0A844TY23-F1-model_v4_conserved	9.683E-01	9.476E-01	9.476E-01	55.000	90	89	90
Q840P9_conserved	AF-A0A8E7DAJ6-F1-model_v6_conserved	9.723E-01	9.515E-01	9.414E-01	47.700	90	90	91
Q840P9_conserved	S5ZIP8_conserved	9.723E-01	9.514E-01	9.413E-01	46.600	90	90	91
Q840P9_conserved	STA-1_conserved	9.722E-01	9.514E-01	9.413E-01	52.200	90	90	91
Q840P9_conserved	AF-Q12JE6-F1-model_v4_conserved	9.717E-01	9.509E-01	9.408E-01	55.500	90	90	91
Q840P9_conserved	AF-A0A3G5BD68-F1-model_v4_conserved	9.722E-01	9.514E-01	9.413E-01	46.600	90	90	91
Q840P9_conserved	A0A0B5ECY2_conserved	9.721E-01	9.513E-01	9.412E-01	46.600	90	90	91
Q840P9_conserved	P25910_conserved	9.718E-01	9.509E-01	9.408E-01	56.600	90	90	91
Q840P9_conserved	Q8GPN1_conserved	9.673E-01	9.467E-01	9.467E-01	53.900	90	89	90
Q840P9_conserved	AF-A0A6B7ELH8-F1-model_v4_conserved	9.640E-01	9.433E-01	9.433E-01	52.200	90	90	90
Q840P9_conserved	AF-A0A0U3H0V9-F1-model_v4_conserved	9.580E-01	9.374E-01	9.476E-01	53.300	90	90	89
Q840P9_conserved	BMHC-1_conserved	9.633E-01	9.426E-01	9.426E-01	52.200	90	90	90
Q840P9_conserved	Q8GPN2_conserved	9.645E-01	9.439E-01	9.439E-01	53.900	90	89	90
Q840P9_conserved	AF-G0L217-F1-model_v4_conserved	9.618E-01	9.412E-01	9.412E-01	53.300	90	90	90
Q840P9_conserved	Q8G9Q0_conserved	9.645E-01	9.440E-01	9.440E-01	52.800	90	89	90
Q840P9_conserved	AF-Q1DF71-F1-model_v4_conserved	9.682E-01	9.475E-01	9.375E-01	57.700	90	90	91
Q840P9_conserved	A0A0H3YDR5_conserved	9.638E-01	9.433E-01	9.433E-01	53.900	90	89	90
Q840P9_conserved	AF-A0A4Y8LBX5-F1-model_v4_conserved	9.677E-01	9.470E-01	9.370E-01	60.000	90	90	91
Q840P9_conserved	ALI-2_conserved	9.673E-01	9.466E-01	9.366E-01	56.600	90	90	91
Q840P9_conserved	A0A161H7D8_conserved	9.663E-01	9.456E-01	9.356E-01	55.500	90	90	91
Q840P9_conserved	ALI-1_conserved	9.659E-01	9.453E-01	9.353E-01	51.100	90	90	91
Q840P9_conserved	A8R403_conserved	9.629E-01	9.424E-01	9.325E-01	60.000	90	90	91
Q840P9_conserved	Q08I33_conserved	9.590E-01	9.386E-01	9.386E-01	44.900	90	89	90
Q840P9_conserved	Q9F921_conserved	9.583E-01	9.379E-01	9.379E-01	47.100	90	89	90
Q840P9_conserved	Q9ETN2_conserved	9.583E-01	9.379E-01	9.379E-01	46.000	90	89	90
Q840P9_conserved	D2K7P0_conserved	9.579E-01	9.376E-01	9.376E-01	44.900	90	89	90
Q840P9_conserved	D2KCJ9_conserved	9.571E-01	9.368E-01	9.368E-01	43.800	90	89	90
Q840P9_conserved	E2GLP7_conserved	9.574E-01	9.371E-01	9.371E-01	46.000	90	89	90
Q840P9_conserved	Q6JE29_conserved	9.568E-01	9.365E-01	9.365E-01	44.900	90	89	90
Q840P9_conserved	Q9X482_conserved	9.568E-01	9.365E-01	9.365E-01	44.900	90	89	90
Q840P9_conserved	Q8VT48_conserved	9.567E-01	9.364E-01	9.364E-01	43.800	90	89	90
Q840P9_conserved	Q9EU43_conserved	9.567E-01	9.364E-01	9.364E-01	46.000	90	89	90
Q840P9_conserved	A0A0N9HJI8_conserved	9.555E-01	9.353E-01	9.353E-01	43.800	90	89	90
Q840P9_conserved	A0A097J9I0_conserved	9.594E-01	9.390E-01	9.291E-01	53.300	90	90	91
Q840P9_conserved	SPS-1_conserved	9.536E-01	9.335E-01	9.435E-01	49.400	90	89	89
Q840P9_conserved	B2ZTD9_conserved	9.590E-01	9.387E-01	9.288E-01	55.500	90	90	91
Q840P9_conserved	B0FWK3_conserved	9.590E-01	9.386E-01	9.288E-01	57.700	90	90	91
Q840P9_conserved	Q8VLM7_conserved	9.586E-01	9.382E-01	9.284E-01	55.500	90	90	91
Q840P9_conserved	A0A0H4IUK3_conserved	9.587E-01	9.383E-01	9.285E-01	54.400	90	90	91
Q840P9_conserved	F8UQX1_conserved	9.586E-01	9.382E-01	9.284E-01	52.200	90	90	91
Q840P9_conserved	A0A0D5ZZW5_conserved	9.585E-01	9.381E-01	9.283E-01	57.700	90	90	91
Q840P9_conserved	Q9F6Z8_conserved	9.585E-01	9.382E-01	9.283E-01	54.400	90	90	91
Q840P9_conserved	G4WB26_conserved	9.584E-01	9.381E-01	9.282E-01	56.600	90	90	91
Q840P9_conserved	Q8GIW8_conserved	9.582E-01	9.378E-01	9.280E-01	54.400	90	90	91
Q840P9_conserved	Q53CM3_conserved	9.579E-01	9.376E-01	9.277E-01	55.500	90	90	91
Q840P9_conserved	S5WLJ9_conserved	9.579E-01	9.376E-01	9.277E-01	51.100	90	90	91
Q840P9_conserved	F5ANL2_conserved	9.577E-01	9.374E-01	9.275E-01	56.600	90	90	91
Q840P9_conserved	I7CP04_conserved	9.577E-01	9.374E-01	9.276E-01	51.100	90	90	91
Q840P9_conserved	Q9AHY6_conserved	9.576E-01	9.373E-01	9.275E-01	56.600	90	90	91
Q840P9_conserved	Q1A2Z1_conserved	9.575E-01	9.372E-01	9.273E-01	54.400	90	90	91
Q840P9_conserved	Q7WYA8_conserved	9.573E-01	9.370E-01	9.271E-01	52.200	90	90	91
Q840P9_conserved	A8QUY6_conserved	9.573E-01	9.370E-01	9.272E-01	53.300	90	90	91
Q840P9_conserved	A0A0S2MTX2_conserved	9.572E-01	9.369E-01	9.271E-01	52.200	90	90	91
Q840P9_conserved	Q70E85_conserved	9.571E-01	9.368E-01	9.270E-01	54.400	90	90	91
Q840P9_conserved	Q79MP6_conserved	9.566E-01	9.363E-01	9.265E-01	54.400	90	90	91
Q840P9_conserved	Q8GQK7_conserved	9.530E-01	9.329E-01	9.329E-01	43.800	90	89	90
Q840P9_conserved	G9JKG5_conserved	9.565E-01	9.362E-01	9.264E-01	53.300	90	90	91
Q840P9_conserved	AF-A0A1B2F003-F1-model_v4_conserved	9.548E-01	9.346E-01	9.248E-01	55.500	90	90	91
Q8RMB8_conserved	Q8RMB8_conserved	1.011E+00	1.000E+00	1.000E+00	100.000	90	90	90
Q8RMB8_conserved	A0A2R4PHC7_conserved	9.993E-01	9.774E-01	9.774E-01	65.100	90	89	90
Q8RMB8_conserved	A0A0H3YDR5_conserved	9.888E-01	9.780E-01	9.780E-01	55.500	90	90	90
Q8RMB8_conserved	A0A0C5L398_conserved	9.981E-01	9.762E-01	9.762E-01	67.400	90	89	90
Q8RMB8_conserved	AF-A0A844TY23-F1-model_v4_conserved	9.974E-01	9.755E-01	9.755E-01	58.400	90	89	90
Q8RMB8_conserved	Q8GPN1_conserved	9.965E-01	9.747E-01	9.747E-01	57.300	90	89	90
Q8RMB8_conserved	Q8GPN2_conserved	9.965E-01	9.746E-01	9.746E-01	56.100	90	89	90
Q8RMB8_conserved	AF-A0A191Z3S9-F1-model_v4_conserved	9.951E-01	9.733E-01	9.733E-01	52.800	90	89	90
Q8RMB8_conserved	AF-Q9RB01-F1-model_v4_conserved	9.941E-01	9.724E-01	9.724E-01	64.000	90	89	90
Q8RMB8_conserved	A0A077EG89_conserved	9.912E-01	9.696E-01	9.696E-01	65.100	90	89	90
Q8RMB8_conserved	A0A0N9HJI8_conserved	9.843E-01	9.629E-01	9.629E-01	60.600	90	89	90
Q8RMB8_conserved	Q9ETN2_conserved	9.838E-01	9.624E-01	9.624E-01	65.100	90	89	90
Q8RMB8_conserved	Q53BU1_conserved	9.832E-01	9.619E-01	9.619E-01	54.400	90	90	90
Q8RMB8_conserved	AF-A0A6M4NN58-F1-model_v4_conserved	9.864E-01	9.649E-01	9.546E-01	52.200	90	90	91
Q8RMB8_conserved	Q08I33_conserved	9.821E-01	9.609E-01	9.609E-01	65.100	90	89	90
Q8RMB8_conserved	Q8VT48_conserved	9.814E-01	9.602E-01	9.602E-01	67.400	90	89	90
Q8RMB8_conserved	Q8GQK7_conserved	9.810E-01	9.598E-01	9.598E-01	60.600	90	89	90
Q8RMB8_conserved	Q53BU0_conserved	9.808E-01	9.596E-01	9.596E-01	51.100	90	90	90
Q8RMB8_conserved	AF-I0KEZ6-F1-model_v4_conserved	9.806E-01	9.594E-01	9.594E-01	51.600	90	89	90
Q8RMB8_conserved	D2K7P0_conserved	9.803E-01	9.591E-01	9.591E-01	66.200	90	89	90
Q8RMB8_conserved	A0A650AXL4_conserved	9.829E-01	9.616E-01	9.513E-01	53.300	90	90	91
Q8RMB8_conserved	Q9F921_conserved	9.791E-01	9.580E-01	9.580E-01	64.000	90	89	90
Q8RMB8_conserved	E2GLP7_conserved	9.792E-01	9.581E-01	9.581E-01	64.000	90	89	90
Q8RMB8_conserved	Q9EU43_conserved	9.791E-01	9.580E-01	9.580E-01	64.000	90	89	90
Q8RMB8_conserved	Q6JE29_conserved	9.782E-01	9.571E-01	9.571E-01	65.100	90	89	90
Q8RMB8_conserved	Q9X482_conserved	9.782E-01	9.571E-01	9.571E-01	66.200	90	89	90
Q8RMB8_conserved	D2KCJ9_conserved	9.771E-01	9.560E-01	9.560E-01	64.000	90	89	90
Q8RMB8_conserved	AF-A0A1L6K5Z3-F1-model_v4_conserved	9.776E-01	9.565E-01	9.565E-01	51.600	90	89	90
Q8RMB8_conserved	Q704V1_conserved	9.801E-01	9.590E-01	9.487E-01	51.100	90	90	91
Q8RMB8_conserved	AF-A0A7Y3W177-F1-model_v4_conserved	9.787E-01	9.576E-01	9.473E-01	48.800	90	90	91
Q8RMB8_conserved	L0N4W6_conserved	9.785E-01	9.574E-01	9.471E-01	48.800	90	90	91
Q8RMB8_conserved	AF-C5BSS3-F1-model_v4_conserved	9.781E-01	9.570E-01	9.468E-01	53.300	90	90	91
Q8RMB8_conserved	L7X1X1_conserved	9.780E-01	9.569E-01	9.467E-01	52.200	90	90	91
Q8RMB8_conserved	AF-A0A1L6K5Y5-F1-model_v4_conserved	9.739E-01	9.530E-01	9.530E-01	53.900	90	89	90
Q8RMB8_conserved	SHD-1_conserved	9.777E-01	9.566E-01	9.464E-01	54.400	90	90	91
Q8RMB8_conserved	Q6SPY5_conserved	9.728E-01	9.519E-01	9.519E-01	51.600	90	89	90
Q8RMB8_conserved	P14488_conserved	9.725E-01	9.517E-01	9.517E-01	52.800	90	89	90
Q8RMB8_conserved	ANA-1_conserved	9.757E-01	9.547E-01	9.445E-01	47.700	90	90	91
Q8RMB8_conserved	AF-A0A7U3MVS9-F1-model_v4_conserved	9.706E-01	9.498E-01	9.498E-01	43.800	90	89	90
Q8RMB8_conserved	SPS-1_conserved	9.662E-01	9.456E-01	9.558E-01	39.300	90	89	89
Q8RMB8_conserved	Q840P9_conserved	9.693E-01	9.485E-01	9.485E-01	43.800	90	89	90
Q8RMB8_conserved	P25910_conserved	9.718E-01	9.509E-01	9.408E-01	48.800	90	90	91
Q8RMB8_conserved	AF-A0A4Y8LBX5-F1-model_v4_conserved	9.708E-01	9.500E-01	9.399E-01	52.200	90	90	91
Q8RMB8_conserved	Q8GKX2_conserved	9.678E-01	9.471E-01	9.471E-01	46.000	90	89	90
Q8RMB8_conserved	Q3YBY0_conserved	9.676E-01	9.469E-01	9.469E-01	46.000	90	89	90
Q8RMB8_conserved	Q9XAY4_conserved	9.675E-01	9.469E-01	9.469E-01	46.000	90	89	90
Q8RMB8_conserved	ALI-2_conserved	9.708E-01	9.500E-01	9.399E-01	50.000	90	90	91
Q8RMB8_conserved	Q2HY42_conserved	9.675E-01	9.468E-01	9.468E-01	46.000	90	89	90
Q8RMB8_conserved	E5G503_conserved	9.674E-01	9.467E-01	9.467E-01	46.000	90	89	90
Q8RMB8_conserved	AF-Q12JE6-F1-model_v4_conserved	9.700E-01	9.492E-01	9.391E-01	52.200	90	90	91
Q8RMB8_conserved	I3RJZ3_conserved	9.665E-01	9.459E-01	9.459E-01	44.900	90	89	90
Q8RMB8_conserved	ALI-1_conserved	9.695E-01	9.488E-01	9.387E-01	44.400	90	90	91
Q8RMB8_conserved	K7SA42_conserved	9.697E-01	9.490E-01	9.389E-01	43.300	90	90	91
Q8RMB8_conserved	A0A161H7D8_conserved	9.685E-01	9.478E-01	9.377E-01	43.300	90	90	91
Q8RMB8_conserved	B4YAJ7_conserved	9.657E-01	9.451E-01	9.451E-01	44.900	90	89	90
Q8RMB8_conserved	A8R403_conserved	9.685E-01	9.478E-01	9.377E-01	50.000	90	90	91
Q8RMB8_conserved	Q9F629_conserved	9.653E-01	9.447E-01	9.447E-01	44.900	90	89	90
Q8RMB8_conserved	A7WPA3_conserved	9.649E-01	9.443E-01	9.443E-01	44.900	90	89	90
Q8RMB8_conserved	AF-G0L217-F1-model_v4_conserved	9.614E-01	9.408E-01	9.408E-01	41.100	90	90	90
Q8RMB8_conserved	Q8G9Q0_conserved	9.635E-01	9.430E-01	9.430E-01	44.900	90	89	90
Q8RMB8_conserved	ECV-1_conserved	9.608E-01	9.402E-01	9.402E-01	42.200	90	90	90
Q8RMB8_conserved	AF-A0A6B7ELH8-F1-model_v4_conserved	9.605E-01	9.399E-01	9.399E-01	43.300	90	90	90
Q8RMB8_conserved	AF-A0A7T8ZCD9-F1-model_v4_conserved	9.602E-01	9.396E-01	9.396E-01	45.500	90	90	90
Q8RMB8_conserved	A0A097J9I0_conserved	9.649E-01	9.442E-01	9.343E-01	47.700	90	90	91
Q8RMB8_conserved	ORR-1_conserved	9.591E-01	9.386E-01	9.386E-01	42.200	90	90	90
Q8RMB8_conserved	A0A0H4IUK3_conserved	9.639E-01	9.433E-01	9.334E-01	46.600	90	90	91
Q8RMB8_conserved	Q70E85_conserved	9.639E-01	9.433E-01	9.333E-01	44.400	90	90	91
Q8RMB8_conserved	F8UQX1_conserved	9.639E-01	9.433E-01	9.333E-01	46.600	90	90	91
Q8RMB8_conserved	A0A0D5ZZW5_conserved	9.637E-01	9.431E-01	9.332E-01	45.500	90	90	91
Q8RMB8_conserved	BMHC-1_conserved	9.577E-01	9.372E-01	9.372E-01	45.500	90	90	90
Q8RMB8_conserved	STA-1_conserved	9.641E-01	9.436E-01	9.336E-01	53.300	90	90	91
Q8RMB8_conserved	S5WLJ9_conserved	9.633E-01	9.427E-01	9.327E-01	47.700	90	90	91
Q8RMB8_conserved	I7CP04_conserved	9.632E-01	9.427E-01	9.327E-01	47.700	90	90	91
Q8RMB8_conserved	B0FWK3_conserved	9.632E-01	9.427E-01	9.327E-01	47.700	90	90	91
Q8RMB8_conserved	Q9F6Z8_conserved	9.631E-01	9.426E-01	9.326E-01	44.400	90	90	91
Q8RMB8_conserved	G4WB26_conserved	9.630E-01	9.425E-01	9.326E-01	44.400	90	90	91
Q8RMB8_conserved	Q8VLM7_conserved	9.628E-01	9.423E-01	9.323E-01	45.500	90	90	91
Q8RMB8_conserved	Q1A2Z1_conserved	9.626E-01	9.421E-01	9.322E-01	44.400	90	90	91
Q8RMB8_conserved	B2ZTD9_conserved	9.623E-01	9.418E-01	9.318E-01	45.500	90	90	91
Q8RMB8_conserved	A8QUY6_conserved	9.624E-01	9.418E-01	9.319E-01	46.600	90	90	91
Q8RMB8_conserved	Q8GIW8_conserved	9.623E-01	9.417E-01	9.318E-01	47.700	90	90	91
Q8RMB8_conserved	Q53CM3_conserved	9.624E-01	9.419E-01	9.319E-01	45.500	90	90	91
Q8RMB8_conserved	Q9AHY6_conserved	9.624E-01	9.418E-01	9.319E-01	44.400	90	90	91
Q8RMB8_conserved	A0A0S2MTX2_conserved	9.622E-01	9.417E-01	9.317E-01	43.300	90	90	91
Q8RMB8_conserved	AF-A0A0U3H0V9-F1-model_v4_conserved	9.507E-01	9.304E-01	9.405E-01	48.800	90	90	89
Q8RMB8_conserved	AF-Q1DF71-F1-model_v4_conserved	9.624E-01	9.419E-01	9.320E-01	47.700	90	90	91
Q8RMB8_conserved	Q79MP6_conserved	9.618E-01	9.413E-01	9.314E-01	44.400	90	90	91
Q8RMB8_conserved	F5ANL2_conserved	9.618E-01	9.413E-01	9.314E-01	44.400	90	90	91
Q8RMB8_conserved	Q7WYA8_conserved	9.612E-01	9.407E-01	9.308E-01	45.500	90	90	91
Q8RMB8_conserved	G9JKG5_conserved	9.604E-01	9.399E-01	9.300E-01	46.600	90	90	91
Q8RMB8_conserved	AF-A0A1B2F003-F1-model_v4_conserved	9.596E-01	9.392E-01	9.293E-01	47.700	90	90	91
Q8RMB8_conserved	A0A3G3C0Q6_conserved	9.581E-01	9.378E-01	9.279E-01	43.300	90	90	91
Q8RMB8_conserved	A0A1Z3FWF5_conserved	9.578E-01	9.375E-01	9.276E-01	43.300	90	90	91
Q8RMB8_conserved	AF-A0A8E7DAJ6-F1-model_v6_conserved	9.577E-01	9.374E-01	9.276E-01	44.400	90	90	91
Q8RMB8_conserved	A0A1P8VH15_conserved	9.574E-01	9.371E-01	9.273E-01	43.300	90	90	91
Q8RMB8_conserved	AF-A0A3G5BD68-F1-model_v4_conserved	9.574E-01	9.371E-01	9.273E-01	43.300	90	90	91
Q8RMB8_conserved	A0A1P8C735_conserved	9.573E-01	9.371E-01	9.272E-01	44.400	90	90	91
Q8RMB8_conserved	S5ZIP8_conserved	9.572E-01	9.370E-01	9.272E-01	43.300	90	90	91
Q8RMB8_conserved	A0A0B5ECY2_conserved	9.572E-01	9.369E-01	9.271E-01	43.300	90	90	91
Q9F629_conserved	Q9F629_conserved	1.011E+00	1.000E+00	1.000E+00	100.000	90	90	90
Q9F629_conserved	I3RJZ3_conserved	1.010E+00	9.985E-01	9.985E-01	98.800	90	90	90
Q9F629_conserved	A7WPA3_conserved	1.003E+00	9.914E-01	9.914E-01	100.000	90	90	90
Q9F629_conserved	B4YAJ7_conserved	1.011E+00	9.884E-01	9.884E-01	100.000	90	89	90
Q9F629_conserved	E5G503_conserved	1.010E+00	9.879E-01	9.879E-01	96.600	90	89	90
Q9F629_conserved	Q3YBY0_conserved	1.010E+00	9.878E-01	9.878E-01	97.700	90	89	90
Q9F629_conserved	Q8GKX2_conserved	1.010E+00	9.877E-01	9.877E-01	96.600	90	89	90
Q9F629_conserved	Q9XAY4_conserved	1.010E+00	9.876E-01	9.876E-01	97.700	90	89	90
Q9F629_conserved	Q2HY42_conserved	1.010E+00	9.875E-01	9.875E-01	96.600	90	89	90
Q9F629_conserved	Q840P9_conserved	1.009E+00	9.869E-01	9.869E-01	92.100	90	89	90
Q9F629_conserved	AF-I0KEZ6-F1-model_v4_conserved	9.849E-01	9.636E-01	9.636E-01	51.600	90	89	90
Q9F629_conserved	Q53BU1_conserved	9.817E-01	9.605E-01	9.605E-01	54.400	90	90	90
Q9F629_conserved	AF-A0A1L6K5Y5-F1-model_v4_conserved	9.791E-01	9.580E-01	9.580E-01	68.500	90	89	90
Q9F629_conserved	A0A0C5L398_conserved	9.770E-01	9.559E-01	9.559E-01	46.000	90	89	90
Q9F629_conserved	P14488_conserved	9.762E-01	9.552E-01	9.552E-01	57.300	90	89	90
Q9F629_conserved	Q6SPY5_conserved	9.758E-01	9.548E-01	9.548E-01	58.400	90	89	90
Q9F629_conserved	Q53BU0_conserved	9.752E-01	9.542E-01	9.542E-01	55.500	90	90	90
Q9F629_conserved	ORR-1_conserved	9.708E-01	9.498E-01	9.498E-01	52.200	90	90	90
Q9F629_conserved	AF-A0A1L6K5Z3-F1-model_v4_conserved	9.738E-01	9.529E-01	9.529E-01	59.500	90	89	90
Q9F629_conserved	A0A2R4PHC7_conserved	9.726E-01	9.517E-01	9.517E-01	59.500	90	89	90
Q9F629_conserved	A0A077EG89_conserved	9.714E-01	9.506E-01	9.506E-01	46.000	90	89	90
Q9F629_conserved	K7SA42_conserved	9.746E-01	9.536E-01	9.435E-01	58.800	90	90	91
Q9F629_conserved	AF-Q9RB01-F1-model_v4_conserved	9.703E-01	9.495E-01	9.495E-01	44.900	90	89	90
Q9F629_conserved	AF-A0A7T8ZCD9-F1-model_v4_conserved	9.671E-01	9.463E-01	9.463E-01	54.400	90	90	90
Q9F629_conserved	AF-A0A7Y3W177-F1-model_v4_conserved	9.732E-01	9.523E-01	9.422E-01	62.200	90	90	91
Q9F629_conserved	ECV-1_conserved	9.658E-01	9.450E-01	9.450E-01	55.500	90	90	90
Q9F629_conserved	L7X1X1_conserved	9.720E-01	9.511E-01	9.410E-01	57.700	90	90	91
Q9F629_conserved	AF-A0A6M4NN58-F1-model_v4_conserved	9.719E-01	9.511E-01	9.410E-01	58.800	90	90	91
Q9F629_conserved	ANA-1_conserved	9.721E-01	9.513E-01	9.412E-01	55.500	90	90	91
Q9F629_conserved	AF-A0A7U3MVS9-F1-model_v4_conserved	9.683E-01	9.476E-01	9.476E-01	50.500	90	89	90
Q9F629_conserved	SHD-1_conserved	9.713E-01	9.505E-01	9.404E-01	54.400	90	90	91
Q9F629_conserved	AF-C5BSS3-F1-model_v4_conserved	9.701E-01	9.494E-01	9.393E-01	56.600	90	90	91
Q9F629_conserved	Q704V1_conserved	9.703E-01	9.496E-01	9.395E-01	55.500	90	90	91
Q9F629_conserved	A0A650AXL4_conserved	9.688E-01	9.481E-01	9.381E-01	57.700	90	90	91
Q9F629_conserved	Q8RMB8_conserved	9.653E-01	9.447E-01	9.447E-01	44.900	90	89	90
Q9F629_conserved	A0A1Z3FWF5_conserved	9.688E-01	9.481E-01	9.380E-01	53.300	90	90	91
Q9F629_conserved	A0A3G3C0Q6_conserved	9.687E-01	9.480E-01	9.380E-01	53.300	90	90	91
Q9F629_conserved	A0A1P8C735_conserved	9.687E-01	9.480E-01	9.379E-01	54.400	90	90	91
Q9F629_conserved	AF-A0A191Z3S9-F1-model_v4_conserved	9.646E-01	9.440E-01	9.440E-01	52.800	90	89	90
Q9F629_conserved	AF-Q12JE6-F1-model_v4_conserved	9.681E-01	9.474E-01	9.373E-01	55.500	90	90	91
Q9F629_conserved	A0A1P8VH15_conserved	9.683E-01	9.476E-01	9.376E-01	53.300	90	90	91
Q9F629_conserved	AF-A0A8E7DAJ6-F1-model_v6_conserved	9.682E-01	9.475E-01	9.375E-01	54.400	90	90	91
Q9F629_conserved	S5ZIP8_conserved	9.682E-01	9.475E-01	9.375E-01	53.300	90	90	91
Q9F629_conserved	AF-A0A3G5BD68-F1-model_v4_conserved	9.680E-01	9.473E-01	9.373E-01	53.300	90	90	91
Q9F629_conserved	AF-A0A844TY23-F1-model_v4_conserved	9.643E-01	9.437E-01	9.437E-01	51.600	90	89	90
Q9F629_conserved	A0A0B5ECY2_conserved	9.681E-01	9.474E-01	9.374E-01	53.300	90	90	91
Q9F629_conserved	STA-1_conserved	9.586E-01	9.484E-01	9.384E-01	56.000	90	91	91
Q9F629_conserved	L0N4W6_conserved	9.676E-01	9.469E-01	9.369E-01	56.600	90	90	91
Q9F629_conserved	Q8GPN1_conserved	9.633E-01	9.428E-01	9.428E-01	50.500	90	89	90
Q9F629_conserved	P25910_conserved	9.665E-01	9.458E-01	9.359E-01	56.600	90	90	91
Q9F629_conserved	AF-A0A0U3H0V9-F1-model_v4_conserved	9.544E-01	9.340E-01	9.441E-01	51.100	90	90	89
Q9F629_conserved	AF-A0A6B7ELH8-F1-model_v4_conserved	9.595E-01	9.390E-01	9.390E-01	50.000	90	90	90
Q9F629_conserved	BMHC-1_conserved	9.583E-01	9.379E-01	9.379E-01	50.000	90	90	90
Q9F629_conserved	Q8GPN2_conserved	9.605E-01	9.401E-01	9.401E-01	50.500	90	89	90
Q9F629_conserved	Q8G9Q0_conserved	9.602E-01	9.398E-01	9.398E-01	53.900	90	89	90
Q9F629_conserved	AF-G0L217-F1-model_v4_conserved	9.571E-01	9.367E-01	9.367E-01	53.300	90	90	90
Q9F629_conserved	A0A0H3YDR5_conserved	9.597E-01	9.393E-01	9.393E-01	50.500	90	89	90
Q9F629_conserved	AF-Q1DF71-F1-model_v4_conserved	9.626E-01	9.421E-01	9.322E-01	61.100	90	90	91
Q9F629_conserved	A0A161H7D8_conserved	9.609E-01	9.404E-01	9.305E-01	54.400	90	90	91
Q9F629_conserved	AF-A0A4Y8LBX5-F1-model_v4_conserved	9.616E-01	9.412E-01	9.313E-01	63.300	90	90	91
Q9F629_conserved	Q08I33_conserved	9.570E-01	9.367E-01	9.367E-01	42.600	90	89	90
Q9F629_conserved	Q9F921_conserved	9.569E-01	9.366E-01	9.366E-01	44.900	90	89	90
Q9F629_conserved	ALI-2_conserved	9.615E-01	9.411E-01	9.312E-01	61.100	90	90	91
Q9F629_conserved	Q9ETN2_conserved	9.562E-01	9.360E-01	9.360E-01	43.800	90	89	90
Q9F629_conserved	D2K7P0_conserved	9.563E-01	9.361E-01	9.361E-01	42.600	90	89	90
Q9F629_conserved	E2GLP7_conserved	9.560E-01	9.357E-01	9.357E-01	43.800	90	89	90
Q9F629_conserved	D2KCJ9_conserved	9.555E-01	9.352E-01	9.352E-01	41.500	90	89	90
Q9F629_conserved	ALI-1_conserved	9.607E-01	9.403E-01	9.304E-01	55.500	90	90	91
Q9F629_conserved	Q6JE29_conserved	9.555E-01	9.353E-01	9.353E-01	42.600	90	89	90
Q9F629_conserved	Q9X482_conserved	9.555E-01	9.353E-01	9.353E-01	42.600	90	89	90
Q9F629_conserved	Q9EU43_conserved	9.553E-01	9.351E-01	9.351E-01	43.800	90	89	90
Q9F629_conserved	Q8VT48_conserved	9.549E-01	9.347E-01	9.347E-01	41.500	90	89	90
Q9F629_conserved	A8R403_conserved	9.581E-01	9.377E-01	9.279E-01	58.800	90	90	91
Q9F629_conserved	A0A0N9HJI8_conserved	9.536E-01	9.334E-01	9.334E-01	43.800	90	89	90
Q9F629_conserved	Q8GQK7_conserved	9.519E-01	9.318E-01	9.318E-01	43.800	90	89	90
Q9F629_conserved	SPS-1_conserved	9.493E-01	9.294E-01	9.393E-01	48.300	90	89	89
Q9F629_conserved	A0A097J9I0_conserved	9.542E-01	9.340E-01	9.242E-01	51.100	90	90	91
Q9F629_conserved	B0FWK3_conserved	9.537E-01	9.335E-01	9.238E-01	55.500	90	90	91
Q9F629_conserved	B2ZTD9_conserved	9.536E-01	9.334E-01	9.237E-01	55.500	90	90	91
Q9F629_conserved	Q8VLM7_conserved	9.533E-01	9.332E-01	9.234E-01	53.300	90	90	91
Q9F629_conserved	A0A0H4IUK3_conserved	9.534E-01	9.332E-01	9.234E-01	52.200	90	90	91
Q9F629_conserved	Q9F6Z8_conserved	9.532E-01	9.330E-01	9.233E-01	54.400	90	90	91
Q9F629_conserved	A0A0D5ZZW5_conserved	9.530E-01	9.329E-01	9.231E-01	55.500	90	90	91
Q9F629_conserved	F8UQX1_conserved	9.531E-01	9.329E-01	9.232E-01	53.300	90	90	91
Q9F629_conserved	Q8GIW8_conserved	9.528E-01	9.326E-01	9.229E-01	54.400	90	90	91
Q9F629_conserved	G4WB26_conserved	9.530E-01	9.328E-01	9.231E-01	54.400	90	90	91
Q9F629_conserved	S5WLJ9_conserved	9.527E-01	9.325E-01	9.228E-01	51.100	90	90	91
Q9F629_conserved	Q53CM3_conserved	9.524E-01	9.323E-01	9.226E-01	53.300	90	90	91
Q9F629_conserved	I7CP04_conserved	9.525E-01	9.324E-01	9.226E-01	51.100	90	90	91
Q9F629_conserved	F5ANL2_conserved	9.522E-01	9.321E-01	9.224E-01	54.400	90	90	91
Q9F629_conserved	Q9AHY6_conserved	9.520E-01	9.319E-01	9.222E-01	54.400	90	90	91
Q9F629_conserved	Q1A2Z1_conserved	9.521E-01	9.320E-01	9.222E-01	52.200	90	90	91
Q9F629_conserved	A8QUY6_conserved	9.519E-01	9.318E-01	9.221E-01	52.200	90	90	91
Q9F629_conserved	Q7WYA8_conserved	9.518E-01	9.317E-01	9.220E-01	53.300	90	90	91
Q9F629_conserved	A0A0S2MTX2_conserved	9.518E-01	9.317E-01	9.220E-01	52.200	90	90	91
Q9F629_conserved	Q70E85_conserved	9.516E-01	9.315E-01	9.218E-01	52.200	90	90	91
Q9F629_conserved	Q79MP6_conserved	9.511E-01	9.310E-01	9.213E-01	54.400	90	90	91
Q9F629_conserved	G9JKG5_conserved	9.509E-01	9.308E-01	9.211E-01	52.200	90	90	91
Q9F629_conserved	AF-A0A1B2F003-F1-model_v4_conserved	9.493E-01	9.293E-01	9.196E-01	54.400	90	90	91
S5ZIP8_conserved	S5ZIP8_conserved	1.011E+00	1.000E+00	1.000E+00	100.000	91	91	91
S5ZIP8_conserved	A0A0B5ECY2_conserved	1.002E+00	9.905E-01	9.905E-01	100.000	91	91	91
S5ZIP8_conserved	A0A1P8VH15_conserved	1.011E+00	9.889E-01	9.889E-01	100.000	91	90	91
S5ZIP8_conserved	A0A1P8C735_conserved	1.011E+00	9.889E-01	9.889E-01	98.800	91	90	91
S5ZIP8_conserved	AF-A0A8E7DAJ6-F1-model_v6_conserved	1.011E+00	9.889E-01	9.889E-01	98.800	91	90	91
S5ZIP8_conserved	A0A3G3C0Q6_conserved	1.011E+00	9.889E-01	9.889E-01	100.000	91	90	91
S5ZIP8_conserved	A0A1Z3FWF5_conserved	1.011E+00	9.889E-01	9.889E-01	100.000	91	90	91
S5ZIP8_conserved	AF-A0A3G5BD68-F1-model_v4_conserved	1.010E+00	9.883E-01	9.883E-01	96.600	91	90	91
S5ZIP8_conserved	K7SA42_conserved	9.895E-01	9.681E-01	9.681E-01	73.300	91	90	91
S5ZIP8_conserved	Q53BU1_conserved	9.818E-01	9.608E-01	9.712E-01	48.800	91	90	90
S5ZIP8_conserved	Q704V1_conserved	9.851E-01	9.640E-01	9.640E-01	48.800	91	90	91
S5ZIP8_conserved	Q53BU0_conserved	9.802E-01	9.593E-01	9.696E-01	50.000	91	90	90
S5ZIP8_conserved	L7X1X1_conserved	9.839E-01	9.628E-01	9.628E-01	55.500	91	90	91
S5ZIP8_conserved	AF-C5BSS3-F1-model_v4_conserved	9.836E-01	9.625E-01	9.625E-01	54.400	91	90	91
S5ZIP8_conserved	L0N4W6_conserved	9.831E-01	9.620E-01	9.620E-01	54.400	91	90	91
S5ZIP8_conserved	AF-A0A7Y3W177-F1-model_v4_conserved	9.825E-01	9.615E-01	9.615E-01	50.000	91	90	91
S5ZIP8_conserved	AF-Q12JE6-F1-model_v4_conserved	9.818E-01	9.608E-01	9.608E-01	51.100	91	90	91
S5ZIP8_conserved	SHD-1_conserved	9.816E-01	9.606E-01	9.606E-01	51.100	91	90	91
S5ZIP8_conserved	A0A650AXL4_conserved	9.809E-01	9.600E-01	9.600E-01	53.300	91	90	91
S5ZIP8_conserved	AF-Q1DF71-F1-model_v4_conserved	9.810E-01	9.601E-01	9.601E-01	53.300	91	90	91
S5ZIP8_conserved	AF-A0A6M4NN58-F1-model_v4_conserved	9.800E-01	9.591E-01	9.591E-01	51.100	91	90	91
S5ZIP8_conserved	AF-A0A1L6K5Z3-F1-model_v4_conserved	9.835E-01	9.519E-01	9.622E-01	54.400	91	90	90
S5ZIP8_conserved	STA-1_conserved	9.795E-01	9.586E-01	9.586E-01	50.000	91	90	91
S5ZIP8_conserved	A8R403_conserved	9.784E-01	9.575E-01	9.575E-01	53.300	91	90	91
S5ZIP8_conserved	A0A161H7D8_conserved	9.782E-01	9.573E-01	9.573E-01	52.200	91	90	91
S5ZIP8_conserved	F8UQX1_conserved	9.773E-01	9.565E-01	9.565E-01	54.400	91	90	91
S5ZIP8_conserved	AF-A0A1L6K5Y5-F1-model_v4_conserved	9.804E-01	9.489E-01	9.592E-01	50.000	91	90	90
S5ZIP8_conserved	G4WB26_conserved	9.763E-01	9.555E-01	9.555E-01	53.300	91	90	91
S5ZIP8_conserved	Q53CM3_conserved	9.758E-01	9.550E-01	9.550E-01	53.300	91	90	91
S5ZIP8_conserved	A0A0D5ZZW5_conserved	9.756E-01	9.549E-01	9.549E-01	52.200	91	90	91
S5ZIP8_conserved	AF-A0A6B7ELH8-F1-model_v4_conserved	9.802E-01	9.488E-01	9.591E-01	45.500	91	90	90
S5ZIP8_conserved	I7CP04_conserved	9.756E-01	9.548E-01	9.548E-01	53.300	91	90	91
S5ZIP8_conserved	Q70E85_conserved	9.756E-01	9.548E-01	9.548E-01	53.300	91	90	91
S5ZIP8_conserved	B0FWK3_conserved	9.756E-01	9.548E-01	9.548E-01	48.800	91	90	91
S5ZIP8_conserved	Q8VLM7_conserved	9.755E-01	9.547E-01	9.547E-01	54.400	91	90	91
S5ZIP8_conserved	Q9AHY6_conserved	9.754E-01	9.546E-01	9.546E-01	53.300	91	90	91
S5ZIP8_conserved	A0A0H4IUK3_conserved	9.753E-01	9.545E-01	9.545E-01	53.300	91	90	91
S5ZIP8_conserved	S5WLJ9_conserved	9.752E-01	9.544E-01	9.544E-01	53.300	91	90	91
S5ZIP8_conserved	F5ANL2_conserved	9.751E-01	9.543E-01	9.543E-01	53.300	91	90	91
S5ZIP8_conserved	A8QUY6_conserved	9.750E-01	9.543E-01	9.543E-01	54.400	91	90	91
S5ZIP8_conserved	Q8GIW8_conserved	9.750E-01	9.542E-01	9.542E-01	54.400	91	90	91
S5ZIP8_conserved	Q9F6Z8_conserved	9.747E-01	9.540E-01	9.540E-01	55.500	91	90	91
S5ZIP8_conserved	Q7WYA8_conserved	9.747E-01	9.540E-01	9.540E-01	55.500	91	90	91
S5ZIP8_conserved	G9JKG5_conserved	9.747E-01	9.539E-01	9.539E-01	54.400	91	90	91
S5ZIP8_conserved	Q1A2Z1_conserved	9.746E-01	9.538E-01	9.538E-01	53.300	91	90	91
S5ZIP8_conserved	BMHC-1_conserved	9.792E-01	9.479E-01	9.581E-01	47.700	91	90	90
S5ZIP8_conserved	A0A0S2MTX2_conserved	9.745E-01	9.538E-01	9.538E-01	54.400	91	90	91
S5ZIP8_conserved	ECV-1_conserved	9.790E-01	9.477E-01	9.579E-01	46.600	91	90	90
S5ZIP8_conserved	Q79MP6_conserved	9.745E-01	9.538E-01	9.538E-01	55.500	91	90	91
S5ZIP8_conserved	B2ZTD9_conserved	9.743E-01	9.536E-01	9.536E-01	54.400	91	90	91
S5ZIP8_conserved	A0A097J9I0_conserved	9.741E-01	9.534E-01	9.534E-01	52.200	91	90	91
S5ZIP8_conserved	AF-G0L217-F1-model_v4_conserved	9.786E-01	9.473E-01	9.575E-01	41.100	91	90	90
S5ZIP8_conserved	ANA-1_conserved	9.739E-01	9.531E-01	9.531E-01	50.000	91	90	91
S5ZIP8_conserved	AF-A0A4Y8LBX5-F1-model_v4_conserved	9.744E-01	9.537E-01	9.537E-01	60.000	91	90	91
S5ZIP8_conserved	AF-A0A7T8ZCD9-F1-model_v4_conserved	9.778E-01	9.466E-01	9.567E-01	44.400	91	90	90
S5ZIP8_conserved	ORR-1_conserved	9.771E-01	9.459E-01	9.561E-01	46.600	91	90	90
S5ZIP8_conserved	P14488_conserved	9.764E-01	9.452E-01	9.554E-01	52.200	91	90	90
S5ZIP8_conserved	AF-A0A1B2F003-F1-model_v4_conserved	9.716E-01	9.510E-01	9.510E-01	51.100	91	90	91
S5ZIP8_conserved	Q6SPY5_conserved	9.759E-01	9.448E-01	9.549E-01	51.100	91	90	90
S5ZIP8_conserved	AF-I0KEZ6-F1-model_v4_conserved	9.748E-01	9.437E-01	9.539E-01	50.000	91	90	90
S5ZIP8_conserved	Q8GKX2_conserved	9.727E-01	9.417E-01	9.518E-01	52.200	91	90	90
S5ZIP8_conserved	Q9XAY4_conserved	9.724E-01	9.415E-01	9.516E-01	52.200	91	90	90
S5ZIP8_conserved	Q2HY42_conserved	9.726E-01	9.416E-01	9.517E-01	51.100	91	90	90
S5ZIP8_conserved	Q840P9_conserved	9.723E-01	9.413E-01	9.514E-01	46.600	91	90	90
S5ZIP8_conserved	P25910_conserved	9.683E-01	9.479E-01	9.479E-01	50.000	91	90	91
S5ZIP8_conserved	Q3YBY0_conserved	9.713E-01	9.405E-01	9.505E-01	52.200	91	90	90
S5ZIP8_conserved	E5G503_conserved	9.711E-01	9.403E-01	9.504E-01	52.200	91	90	90
S5ZIP8_conserved	AF-A0A0U3H0V9-F1-model_v4_conserved	9.660E-01	9.353E-01	9.556E-01	41.100	91	90	89
S5ZIP8_conserved	A0A0C5L398_conserved	9.704E-01	9.396E-01	9.496E-01	44.400	91	90	90
S5ZIP8_conserved	B4YAJ7_conserved	9.697E-01	9.389E-01	9.490E-01	53.300	91	90	90
S5ZIP8_conserved	I3RJZ3_conserved	9.695E-01	9.387E-01	9.488E-01	53.300	91	90	90
S5ZIP8_conserved	ALI-2_conserved	9.626E-01	9.422E-01	9.422E-01	47.200	91	91	91
S5ZIP8_conserved	ALI-1_conserved	9.625E-01	9.421E-01	9.421E-01	43.900	91	91	91
S5ZIP8_conserved	A7WPA3_conserved	9.685E-01	9.378E-01	9.478E-01	53.300	91	90	90
S5ZIP8_conserved	Q9F629_conserved	9.682E-01	9.375E-01	9.475E-01	53.300	91	90	90
S5ZIP8_conserved	AF-A0A7U3MVS9-F1-model_v4_conserved	9.664E-01	9.359E-01	9.458E-01	38.800	91	90	90
S5ZIP8_conserved	Q8G9Q0_conserved	9.635E-01	9.331E-01	9.430E-01	40.000	91	90	90
S5ZIP8_conserved	A0A2R4PHC7_conserved	9.623E-01	9.319E-01	9.418E-01	48.800	91	90	90
S5ZIP8_conserved	SPS-1_conserved	9.567E-01	9.266E-01	9.464E-01	36.600	91	90	89
S5ZIP8_conserved	AF-A0A844TY23-F1-model_v4_conserved	9.590E-01	9.288E-01	9.387E-01	46.600	91	90	90
S5ZIP8_conserved	Q8GPN1_conserved	9.590E-01	9.287E-01	9.386E-01	43.300	91	90	90
S5ZIP8_conserved	AF-A0A191Z3S9-F1-model_v4_conserved	9.586E-01	9.284E-01	9.382E-01	36.600	91	90	90
S5ZIP8_conserved	Q8RMB8_conserved	9.572E-01	9.272E-01	9.370E-01	43.300	91	90	90
S5ZIP8_conserved	Q8GPN2_conserved	9.564E-01	9.264E-01	9.362E-01	42.200	91	90	90
S5ZIP8_conserved	A0A0H3YDR5_conserved	9.565E-01	9.264E-01	9.362E-01	41.100	91	90	90
S5ZIP8_conserved	A0A077EG89_conserved	9.509E-01	9.212E-01	9.309E-01	42.200	91	90	90
S5ZIP8_conserved	AF-Q9RB01-F1-model_v4_conserved	9.498E-01	9.201E-01	9.298E-01	41.100	91	90	90
S5ZIP8_conserved	A0A0N9HJI8_conserved	9.463E-01	9.167E-01	9.264E-01	35.500	91	90	90
S5ZIP8_conserved	Q9ETN2_conserved	9.467E-01	9.172E-01	9.268E-01	37.700	91	90	90
S5ZIP8_conserved	Q08I33_conserved	9.466E-01	9.172E-01	9.268E-01	37.700	91	90	90
S5ZIP8_conserved	Q8VT48_conserved	9.444E-01	9.150E-01	9.246E-01	38.800	91	90	90
S5ZIP8_conserved	Q9F921_conserved	9.433E-01	9.140E-01	9.236E-01	37.700	91	90	90
S5ZIP8_conserved	Q8GQK7_conserved	9.422E-01	9.129E-01	9.225E-01	35.500	91	90	90
S5ZIP8_conserved	D2K7P0_conserved	9.429E-01	9.136E-01	9.232E-01	37.700	91	90	90
S5ZIP8_conserved	D2KCJ9_conserved	9.417E-01	9.125E-01	9.221E-01	36.600	91	90	90
S5ZIP8_conserved	E2GLP7_conserved	9.418E-01	9.126E-01	9.221E-01	36.600	91	90	90
S5ZIP8_conserved	Q9EU43_conserved	9.410E-01	9.119E-01	9.214E-01	36.600	91	90	90
S5ZIP8_conserved	Q6JE29_conserved	9.405E-01	9.114E-01	9.209E-01	37.700	91	90	90
S5ZIP8_conserved	Q9X482_conserved	9.403E-01	9.112E-01	9.207E-01	37.700	91	90	90
BMHC-1_conserved	BMHC-1_conserved	1.011E+00	1.000E+00	1.000E+00	100.000	90	90	90
BMHC-1_conserved	AF-A0A6B7ELH8-F1-model_v4_conserved	1.006E+00	9.950E-01	9.950E-01	86.600	90	90	90
BMHC-1_conserved	AF-A0A7T8ZCD9-F1-model_v4_conserved	9.960E-01	9.851E-01	9.851E-01	81.100	90	90	90
BMHC-1_conserved	AF-G0L217-F1-model_v4_conserved	1.006E+00	9.833E-01	9.833E-01	74.100	90	89	90
BMHC-1_conserved	ECV-1_conserved	1.004E+00	9.815E-01	9.815E-01	77.500	90	89	90
BMHC-1_conserved	AF-A0A0U3H0V9-F1-model_v4_conserved	9.958E-01	9.739E-01	9.847E-01	78.600	90	89	89
BMHC-1_conserved	ORR-1_conserved	9.964E-01	9.745E-01	9.745E-01	75.200	90	89	90
BMHC-1_conserved	AF-Q1DF71-F1-model_v4_conserved	9.900E-01	9.684E-01	9.580E-01	48.800	90	90	91
BMHC-1_conserved	Q53BU1_conserved	9.854E-01	9.640E-01	9.640E-01	56.600	90	90	90
BMHC-1_conserved	L0N4W6_conserved	9.888E-01	9.673E-01	9.568E-01	53.300	90	90	91
BMHC-1_conserved	AF-C5BSS3-F1-model_v4_conserved	9.881E-01	9.666E-01	9.562E-01	53.300	90	90	91
BMHC-1_conserved	ANA-1_conserved	9.879E-01	9.665E-01	9.561E-01	45.500	90	90	91
BMHC-1_conserved	Q704V1_conserved	9.858E-01	9.644E-01	9.540E-01	53.300	90	90	91
BMHC-1_conserved	Q53BU0_conserved	9.821E-01	9.609E-01	9.609E-01	55.500	90	90	90
BMHC-1_conserved	P25910_conserved	9.856E-01	9.643E-01	9.539E-01	58.800	90	90	91
BMHC-1_conserved	L7X1X1_conserved	9.851E-01	9.638E-01	9.534E-01	53.300	90	90	91
BMHC-1_conserved	AF-A0A7Y3W177-F1-model_v4_conserved	9.850E-01	9.637E-01	9.533E-01	51.100	90	90	91
BMHC-1_conserved	SHD-1_conserved	9.849E-01	9.635E-01	9.532E-01	51.100	90	90	91
BMHC-1_conserved	STA-1_conserved	9.837E-01	9.624E-01	9.521E-01	46.600	90	90	91
BMHC-1_conserved	AF-A0A4Y8LBX5-F1-model_v4_conserved	9.808E-01	9.596E-01	9.493E-01	64.400	90	90	91
BMHC-1_conserved	A0A650AXL4_conserved	9.807E-01	9.595E-01	9.493E-01	54.400	90	90	91
BMHC-1_conserved	AF-Q12JE6-F1-model_v4_conserved	9.808E-01	9.596E-01	9.493E-01	55.500	90	90	91
BMHC-1_conserved	AF-A0A3G5BD68-F1-model_v4_conserved	9.809E-01	9.597E-01	9.495E-01	46.600	90	90	91
BMHC-1_conserved	AF-A0A1L6K5Z3-F1-model_v4_conserved	9.738E-01	9.527E-01	9.527E-01	52.200	90	90	90
BMHC-1_conserved	A0A1Z3FWF5_conserved	9.798E-01	9.586E-01	9.484E-01	47.700	90	90	91
BMHC-1_conserved	A0A3G3C0Q6_conserved	9.797E-01	9.586E-01	9.483E-01	47.700	90	90	91
BMHC-1_conserved	AF-A0A6M4NN58-F1-model_v4_conserved	9.794E-01	9.582E-01	9.480E-01	55.500	90	90	91
BMHC-1_conserved	AF-A0A8E7DAJ6-F1-model_v6_conserved	9.795E-01	9.584E-01	9.482E-01	46.600	90	90	91
BMHC-1_conserved	A0A1P8VH15_conserved	9.795E-01	9.584E-01	9.482E-01	47.700	90	90	91
BMHC-1_conserved	A0A1P8C735_conserved	9.795E-01	9.584E-01	9.482E-01	46.600	90	90	91
BMHC-1_conserved	K7SA42_conserved	9.789E-01	9.578E-01	9.476E-01	52.200	90	90	91
BMHC-1_conserved	A0A0B5ECY2_conserved	9.793E-01	9.582E-01	9.479E-01	47.700	90	90	91
BMHC-1_conserved	S5ZIP8_conserved	9.792E-01	9.581E-01	9.479E-01	47.700	90	90	91
BMHC-1_conserved	AF-A0A7U3MVS9-F1-model_v4_conserved	9.709E-01	9.499E-01	9.499E-01	46.600	90	90	90
BMHC-1_conserved	SPS-1_conserved	9.667E-01	9.459E-01	9.561E-01	44.400	90	90	89
BMHC-1_conserved	A8R403_conserved	9.766E-01	9.555E-01	9.454E-01	53.300	90	90	91
BMHC-1_conserved	A0A161H7D8_conserved	9.761E-01	9.551E-01	9.449E-01	51.100	90	90	91
BMHC-1_conserved	F8UQX1_conserved	9.754E-01	9.544E-01	9.442E-01	48.800	90	90	91
BMHC-1_conserved	AF-I0KEZ6-F1-model_v4_conserved	9.687E-01	9.478E-01	9.478E-01	48.800	90	90	90
BMHC-1_conserved	Q70E85_conserved	9.746E-01	9.536E-01	9.435E-01	51.100	90	90	91
BMHC-1_conserved	AF-A0A1L6K5Y5-F1-model_v4_conserved	9.685E-01	9.476E-01	9.476E-01	51.100	90	90	90
BMHC-1_conserved	A0A0D5ZZW5_conserved	9.743E-01	9.534E-01	9.432E-01	52.200	90	90	91
BMHC-1_conserved	G4WB26_conserved	9.738E-01	9.529E-01	9.427E-01	51.100	90	90	91
BMHC-1_conserved	Q9AHY6_conserved	9.736E-01	9.527E-01	9.426E-01	51.100	90	90	91
BMHC-1_conserved	Q53CM3_conserved	9.733E-01	9.524E-01	9.423E-01	50.000	90	90	91
BMHC-1_conserved	Q8GIW8_conserved	9.732E-01	9.523E-01	9.422E-01	51.100	90	90	91
BMHC-1_conserved	B0FWK3_conserved	9.732E-01	9.523E-01	9.422E-01	50.000	90	90	91
BMHC-1_conserved	ALI-1_conserved	9.708E-01	9.498E-01	9.397E-01	45.000	90	91	91
BMHC-1_conserved	B2ZTD9_conserved	9.728E-01	9.519E-01	9.418E-01	54.400	90	90	91
BMHC-1_conserved	Q7WYA8_conserved	9.726E-01	9.517E-01	9.416E-01	52.200	90	90	91
BMHC-1_conserved	Q9F6Z8_conserved	9.726E-01	9.517E-01	9.416E-01	53.300	90	90	91
BMHC-1_conserved	F5ANL2_conserved	9.725E-01	9.517E-01	9.416E-01	51.100	90	90	91
BMHC-1_conserved	Q8VLM7_conserved	9.725E-01	9.516E-01	9.415E-01	52.200	90	90	91
BMHC-1_conserved	G9JKG5_conserved	9.724E-01	9.516E-01	9.415E-01	51.100	90	90	91
BMHC-1_conserved	A8QUY6_conserved	9.723E-01	9.514E-01	9.413E-01	51.100	90	90	91
BMHC-1_conserved	S5WLJ9_conserved	9.722E-01	9.514E-01	9.413E-01	52.200	90	90	91
BMHC-1_conserved	I7CP04_conserved	9.722E-01	9.513E-01	9.412E-01	52.200	90	90	91
BMHC-1_conserved	Q1A2Z1_conserved	9.721E-01	9.513E-01	9.412E-01	51.100	90	90	91
BMHC-1_conserved	Q79MP6_conserved	9.720E-01	9.512E-01	9.411E-01	53.300	90	90	91
BMHC-1_conserved	A0A0S2MTX2_conserved	9.713E-01	9.504E-01	9.404E-01	53.300	90	90	91
BMHC-1_conserved	ALI-2_conserved	9.685E-01	9.476E-01	9.375E-01	45.000	90	91	91
BMHC-1_conserved	P14488_conserved	9.640E-01	9.433E-01	9.433E-01	52.200	90	90	90
BMHC-1_conserved	A0A0H4IUK3_conserved	9.696E-01	9.488E-01	9.387E-01	50.000	90	90	91
BMHC-1_conserved	A0A097J9I0_conserved	9.692E-01	9.484E-01	9.384E-01	51.100	90	90	91
BMHC-1_conserved	Q840P9_conserved	9.633E-01	9.426E-01	9.426E-01	52.200	90	90	90
BMHC-1_conserved	Q6SPY5_conserved	9.626E-01	9.419E-01	9.419E-01	52.200	90	90	90
BMHC-1_conserved	A0A0C5L398_conserved	9.627E-01	9.421E-01	9.421E-01	46.600	90	90	90
BMHC-1_conserved	Q8G9Q0_conserved	9.612E-01	9.406E-01	9.406E-01	44.400	90	90	90
BMHC-1_conserved	AF-A0A1B2F003-F1-model_v4_conserved	9.673E-01	9.467E-01	9.366E-01	51.100	90	90	91
BMHC-1_conserved	Q8GKX2_conserved	9.604E-01	9.398E-01	9.398E-01	47.700	90	90	90
BMHC-1_conserved	Q2HY42_conserved	9.602E-01	9.396E-01	9.396E-01	48.800	90	90	90
BMHC-1_conserved	Q9XAY4_conserved	9.598E-01	9.392E-01	9.392E-01	48.800	90	90	90
BMHC-1_conserved	E5G503_conserved	9.596E-01	9.391E-01	9.391E-01	47.700	90	90	90
BMHC-1_conserved	Q3YBY0_conserved	9.593E-01	9.388E-01	9.388E-01	48.800	90	90	90
BMHC-1_conserved	A0A2R4PHC7_conserved	9.591E-01	9.386E-01	9.386E-01	48.800	90	90	90
BMHC-1_conserved	I3RJZ3_conserved	9.588E-01	9.383E-01	9.383E-01	50.000	90	90	90
BMHC-1_conserved	B4YAJ7_conserved	9.584E-01	9.379E-01	9.379E-01	50.000	90	90	90
BMHC-1_conserved	Q9F629_conserved	9.583E-01	9.379E-01	9.379E-01	50.000	90	90	90
BMHC-1_conserved	Q8RMB8_conserved	9.577E-01	9.372E-01	9.372E-01	45.500	90	90	90
BMHC-1_conserved	A7WPA3_conserved	9.580E-01	9.375E-01	9.375E-01	50.000	90	90	90
BMHC-1_conserved	AF-A0A844TY23-F1-model_v4_conserved	9.536E-01	9.333E-01	9.333E-01	54.400	90	90	90
BMHC-1_conserved	A0A0H3YDR5_conserved	9.534E-01	9.331E-01	9.331E-01	52.200	90	90	90
BMHC-1_conserved	Q8GPN2_conserved	9.530E-01	9.327E-01	9.327E-01	52.200	90	90	90
BMHC-1_conserved	Q8GPN1_conserved	9.526E-01	9.323E-01	9.323E-01	54.400	90	90	90
BMHC-1_conserved	AF-A0A191Z3S9-F1-model_v4_conserved	9.510E-01	9.307E-01	9.307E-01	50.000	90	90	90
BMHC-1_conserved	AF-Q9RB01-F1-model_v4_conserved	9.404E-01	9.206E-01	9.206E-01	45.500	90	90	90
BMHC-1_conserved	A0A077EG89_conserved	9.403E-01	9.205E-01	9.205E-01	45.500	90	90	90
BMHC-1_conserved	A0A0N9HJI8_conserved	9.337E-01	9.141E-01	9.141E-01	46.600	90	90	90
BMHC-1_conserved	Q08I33_conserved	9.340E-01	9.144E-01	9.144E-01	45.500	90	90	90
BMHC-1_conserved	Q9ETN2_conserved	9.338E-01	9.142E-01	9.142E-01	44.400	90	90	90
BMHC-1_conserved	D2K7P0_conserved	9.303E-01	9.109E-01	9.109E-01	45.500	90	90	90
BMHC-1_conserved	Q8VT48_conserved	9.302E-01	9.108E-01	9.108E-01	45.500	90	90	90
BMHC-1_conserved	D2KCJ9_conserved	9.289E-01	9.095E-01	9.095E-01	46.600	90	90	90
BMHC-1_conserved	Q9F921_conserved	9.289E-01	9.095E-01	9.095E-01	44.400	90	90	90
BMHC-1_conserved	E2GLP7_conserved	9.289E-01	9.096E-01	9.096E-01	44.400	90	90	90
BMHC-1_conserved	Q8GQK7_conserved	9.276E-01	9.082E-01	9.082E-01	46.600	90	90	90
BMHC-1_conserved	Q9EU43_conserved	9.281E-01	9.088E-01	9.088E-01	44.400	90	90	90
BMHC-1_conserved	Q6JE29_conserved	9.278E-01	9.084E-01	9.084E-01	45.500	90	90	90
BMHC-1_conserved	Q9X482_conserved	9.277E-01	9.083E-01	9.083E-01	45.500	90	90	90
F5ANL2_conserved	F5ANL2_conserved	1.011E+00	1.000E+00	1.000E+00	100.000	91	91	91
F5ANL2_conserved	Q53CM3_conserved	1.011E+00	9.996E-01	9.996E-01	98.900	91	91	91
F5ANL2_conserved	A0A0D5ZZW5_conserved	1.010E+00	9.988E-01	9.988E-01	97.800	91	91	91
F5ANL2_conserved	Q7WYA8_conserved	1.009E+00	9.975E-01	9.975E-01	94.500	91	91	91
F5ANL2_conserved	B0FWK3_conserved	1.005E+00	9.944E-01	9.944E-01	95.600	91	91	91
F5ANL2_conserved	G9JKG5_conserved	1.006E+00	9.945E-01	9.945E-01	95.600	91	91	91
F5ANL2_conserved	Q8VLM7_conserved	1.005E+00	9.940E-01	9.940E-01	98.900	91	91	91
F5ANL2_conserved	Q9AHY6_conserved	1.005E+00	9.938E-01	9.938E-01	98.900	91	91	91
F5ANL2_conserved	A8QUY6_conserved	1.005E+00	9.935E-01	9.935E-01	95.600	91	91	91
F5ANL2_conserved	Q79MP6_conserved	1.004E+00	9.930E-01	9.930E-01	97.800	91	91	91
F5ANL2_conserved	Q1A2Z1_conserved	1.004E+00	9.928E-01	9.928E-01	97.800	91	91	91
F5ANL2_conserved	G4WB26_conserved	1.003E+00	9.917E-01	9.917E-01	97.800	91	91	91
F5ANL2_conserved	Q8GIW8_conserved	1.003E+00	9.922E-01	9.922E-01	95.600	91	91	91
F5ANL2_conserved	B2ZTD9_conserved	1.004E+00	9.927E-01	9.927E-01	91.200	91	91	91
F5ANL2_conserved	I7CP04_conserved	1.002E+00	9.908E-01	9.908E-01	91.200	91	91	91
F5ANL2_conserved	Q70E85_conserved	1.001E+00	9.902E-01	9.902E-01	96.700	91	91	91
F5ANL2_conserved	F8UQX1_conserved	1.002E+00	9.905E-01	9.905E-01	91.200	91	91	91
F5ANL2_conserved	Q9F6Z8_conserved	1.011E+00	9.887E-01	9.887E-01	97.700	91	90	91
F5ANL2_conserved	A0A0S2MTX2_conserved	1.011E+00	9.885E-01	9.885E-01	95.500	91	90	91
F5ANL2_conserved	A0A097J9I0_conserved	1.001E+00	9.897E-01	9.897E-01	92.300	91	91	91
F5ANL2_conserved	S5WLJ9_conserved	1.010E+00	9.881E-01	9.881E-01	91.100	91	90	91
F5ANL2_conserved	AF-A0A1B2F003-F1-model_v4_conserved	1.009E+00	9.871E-01	9.871E-01	87.700	91	90	91
F5ANL2_conserved	A0A0H4IUK3_conserved	1.009E+00	9.870E-01	9.870E-01	93.300	91	90	91
F5ANL2_conserved	A0A161H7D8_conserved	9.980E-01	9.871E-01	9.871E-01	84.600	91	91	91
F5ANL2_conserved	A8R403_conserved	1.007E+00	9.847E-01	9.847E-01	85.500	91	90	91
F5ANL2_conserved	L7X1X1_conserved	9.858E-01	9.752E-01	9.752E-01	72.500	91	91	91
F5ANL2_conserved	AF-A0A7Y3W177-F1-model_v4_conserved	9.953E-01	9.737E-01	9.737E-01	78.800	91	90	91
F5ANL2_conserved	L0N4W6_conserved	9.949E-01	9.733E-01	9.733E-01	74.400	91	90	91
F5ANL2_conserved	AF-C5BSS3-F1-model_v4_conserved	9.936E-01	9.721E-01	9.721E-01	74.400	91	90	91
F5ANL2_conserved	SHD-1_conserved	9.928E-01	9.713E-01	9.713E-01	72.200	91	90	91
F5ANL2_conserved	A0A650AXL4_conserved	9.927E-01	9.712E-01	9.712E-01	68.800	91	90	91
F5ANL2_conserved	Q704V1_conserved	9.922E-01	9.707E-01	9.707E-01	73.300	91	90	91
F5ANL2_conserved	AF-A0A1L6K5Z3-F1-model_v4_conserved	9.943E-01	9.620E-01	9.725E-01	75.500	91	90	90
F5ANL2_conserved	AF-A0A6M4NN58-F1-model_v4_conserved	9.899E-01	9.685E-01	9.685E-01	68.800	91	90	91
F5ANL2_conserved	Q53BU0_conserved	9.854E-01	9.642E-01	9.747E-01	65.500	91	90	90
F5ANL2_conserved	AF-Q12JE6-F1-model_v4_conserved	9.869E-01	9.656E-01	9.656E-01	73.300	91	90	91
F5ANL2_conserved	Q53BU1_conserved	9.806E-01	9.596E-01	9.700E-01	67.700	91	90	90
F5ANL2_conserved	K7SA42_conserved	9.792E-01	9.583E-01	9.583E-01	56.600	91	90	91
F5ANL2_conserved	AF-A0A3G5BD68-F1-model_v4_conserved	9.761E-01	9.553E-01	9.553E-01	53.300	91	90	91
F5ANL2_conserved	AF-A0A1L6K5Y5-F1-model_v4_conserved	9.793E-01	9.478E-01	9.581E-01	61.100	91	90	90
F5ANL2_conserved	A0A3G3C0Q6_conserved	9.755E-01	9.548E-01	9.548E-01	53.300	91	90	91
F5ANL2_conserved	STA-1_conserved	9.754E-01	9.546E-01	9.546E-01	54.400	91	90	91
F5ANL2_conserved	AF-A0A8E7DAJ6-F1-model_v6_conserved	9.753E-01	9.546E-01	9.546E-01	54.400	91	90	91
F5ANL2_conserved	A0A1P8VH15_conserved	9.752E-01	9.545E-01	9.545E-01	53.300	91	90	91
F5ANL2_conserved	A0A1Z3FWF5_conserved	9.752E-01	9.545E-01	9.545E-01	53.300	91	90	91
F5ANL2_conserved	A0A0B5ECY2_conserved	9.751E-01	9.544E-01	9.544E-01	53.300	91	90	91
F5ANL2_conserved	S5ZIP8_conserved	9.751E-01	9.543E-01	9.543E-01	53.300	91	90	91
F5ANL2_conserved	A0A1P8C735_conserved	9.748E-01	9.540E-01	9.540E-01	54.400	91	90	91
F5ANL2_conserved	AF-Q1DF71-F1-model_v4_conserved	9.739E-01	9.531E-01	9.531E-01	54.400	91	90	91
F5ANL2_conserved	ALI-2_conserved	9.705E-01	9.497E-01	9.497E-01	57.100	91	91	91
F5ANL2_conserved	ALI-1_conserved	9.703E-01	9.495E-01	9.495E-01	62.600	91	91	91
F5ANL2_conserved	AF-A0A4Y8LBX5-F1-model_v4_conserved	9.734E-01	9.527E-01	9.527E-01	62.200	91	90	91
F5ANL2_conserved	AF-G0L217-F1-model_v4_conserved	9.741E-01	9.430E-01	9.531E-01	53.300	91	90	90
F5ANL2_conserved	AF-A0A7T8ZCD9-F1-model_v4_conserved	9.737E-01	9.427E-01	9.528E-01	51.100	91	90	90
F5ANL2_conserved	ECV-1_conserved	9.739E-01	9.428E-01	9.530E-01	55.500	91	90	90
F5ANL2_conserved	AF-A0A6B7ELH8-F1-model_v4_conserved	9.734E-01	9.424E-01	9.525E-01	57.700	91	90	90
F5ANL2_conserved	ORR-1_conserved	9.732E-01	9.422E-01	9.523E-01	56.600	91	90	90
F5ANL2_conserved	BMHC-1_conserved	9.725E-01	9.416E-01	9.517E-01	51.100	91	90	90
F5ANL2_conserved	A0A0C5L398_conserved	9.700E-01	9.391E-01	9.492E-01	48.800	91	90	90
F5ANL2_conserved	ANA-1_conserved	9.643E-01	9.439E-01	9.439E-01	56.600	91	90	91
F5ANL2_conserved	P14488_conserved	9.678E-01	9.370E-01	9.471E-01	57.700	91	90	90
F5ANL2_conserved	Q6SPY5_conserved	9.677E-01	9.369E-01	9.470E-01	57.700	91	90	90
F5ANL2_conserved	AF-I0KEZ6-F1-model_v4_conserved	9.658E-01	9.352E-01	9.452E-01	52.200	91	90	90
F5ANL2_conserved	Q8G9Q0_conserved	9.661E-01	9.355E-01	9.455E-01	52.200	91	90	90
F5ANL2_conserved	AF-A0A0U3H0V9-F1-model_v4_conserved	9.599E-01	9.296E-01	9.496E-01	55.500	91	90	89
F5ANL2_conserved	P25910_conserved	9.609E-01	9.407E-01	9.407E-01	56.600	91	90	91
F5ANL2_conserved	Q8RMB8_conserved	9.618E-01	9.314E-01	9.413E-01	44.400	91	90	90
F5ANL2_conserved	A0A2R4PHC7_conserved	9.611E-01	9.307E-01	9.406E-01	57.700	91	90	90
F5ANL2_conserved	Q8GPN1_conserved	9.602E-01	9.298E-01	9.397E-01	52.200	91	90	90
F5ANL2_conserved	AF-A0A844TY23-F1-model_v4_conserved	9.591E-01	9.288E-01	9.387E-01	54.400	91	90	90
F5ANL2_conserved	A0A0H3YDR5_conserved	9.590E-01	9.287E-01	9.386E-01	53.300	91	90	90
F5ANL2_conserved	AF-A0A191Z3S9-F1-model_v4_conserved	9.589E-01	9.286E-01	9.385E-01	50.000	91	90	90
F5ANL2_conserved	Q8GPN2_conserved	9.582E-01	9.280E-01	9.378E-01	52.200	91	90	90
F5ANL2_conserved	Q9ETN2_conserved	9.504E-01	9.306E-01	9.404E-01	50.500	91	91	90
F5ANL2_conserved	Q840P9_conserved	9.577E-01	9.275E-01	9.374E-01	56.600	91	90	90
F5ANL2_conserved	SPS-1_conserved	9.546E-01	9.247E-01	9.445E-01	48.800	91	90	89
F5ANL2_conserved	Q8GKX2_conserved	9.570E-01	9.269E-01	9.367E-01	55.500	91	90	90
F5ANL2_conserved	Q2HY42_conserved	9.567E-01	9.266E-01	9.364E-01	56.600	91	90	90
F5ANL2_conserved	AF-A0A7U3MVS9-F1-model_v4_conserved	9.568E-01	9.267E-01	9.365E-01	46.600	91	90	90
F5ANL2_conserved	Q9XAY4_conserved	9.560E-01	9.260E-01	9.358E-01	55.500	91	90	90
F5ANL2_conserved	E5G503_conserved	9.559E-01	9.258E-01	9.356E-01	55.500	91	90	90
F5ANL2_conserved	Q3YBY0_conserved	9.555E-01	9.254E-01	9.352E-01	55.500	91	90	90
F5ANL2_conserved	B4YAJ7_conserved	9.537E-01	9.237E-01	9.335E-01	54.400	91	90	90
F5ANL2_conserved	I3RJZ3_conserved	9.539E-01	9.239E-01	9.337E-01	54.400	91	90	90
F5ANL2_conserved	Q9F629_conserved	9.522E-01	9.224E-01	9.321E-01	54.400	91	90	90
F5ANL2_conserved	A7WPA3_conserved	9.522E-01	9.224E-01	9.321E-01	54.400	91	90	90
F5ANL2_conserved	Q9F921_conserved	9.424E-01	9.228E-01	9.325E-01	50.500	91	91	90
F5ANL2_conserved	Q08I33_conserved	9.414E-01	9.218E-01	9.315E-01	48.300	91	91	90
F5ANL2_conserved	Q9EU43_conserved	9.422E-01	9.226E-01	9.323E-01	49.400	91	91	90
F5ANL2_conserved	Q6JE29_conserved	9.424E-01	9.229E-01	9.326E-01	48.300	91	91	90
F5ANL2_conserved	E2GLP7_conserved	9.410E-01	9.215E-01	9.312E-01	49.400	91	91	90
F5ANL2_conserved	Q8VT48_conserved	9.487E-01	9.190E-01	9.287E-01	46.600	91	90	90
F5ANL2_conserved	D2K7P0_conserved	9.380E-01	9.195E-01	9.281E-01	48.300	91	91	90
F5ANL2_conserved	A0A0N9HJI8_conserved	9.471E-01	9.174E-01	9.271E-01	50.000	91	90	90
F5ANL2_conserved	Q9X482_conserved	9.379E-01	9.184E-01	9.280E-01	48.300	91	91	90
F5ANL2_conserved	AF-Q9RB01-F1-model_v4_conserved	9.469E-01	9.173E-01	9.269E-01	48.800	91	90	90
F5ANL2_conserved	A0A077EG89_conserved	9.468E-01	9.173E-01	9.269E-01	48.800	91	90	90
F5ANL2_conserved	Q8GQK7_conserved	9.434E-01	9.139E-01	9.235E-01	50.000	91	90	90
F5ANL2_conserved	D2KCJ9_conserved	9.426E-01	9.132E-01	9.228E-01	46.600	91	90	90
K7SA42_conserved	K7SA42_conserved	1.011E+00	1.000E+00	1.000E+00	100.000	91	91	91
K7SA42_conserved	AF-Q12JE6-F1-model_v4_conserved	9.908E-01	9.694E-01	9.694E-01	58.800	91	90	91
K7SA42_conserved	AF-C5BSS3-F1-model_v4_conserved	9.898E-01	9.685E-01	9.685E-01	58.800	91	90	91
K7SA42_conserved	A0A3G3C0Q6_conserved	9.896E-01	9.682E-01	9.682E-01	73.300	91	90	91
K7SA42_conserved	AF-A0A7Y3W177-F1-model_v4_conserved	9.900E-01	9.686E-01	9.686E-01	56.600	91	90	91
K7SA42_conserved	S5ZIP8_conserved	9.895E-01	9.681E-01	9.681E-01	73.300	91	90	91
K7SA42_conserved	A0A1Z3FWF5_conserved	9.894E-01	9.680E-01	9.680E-01	73.300	91	90	91
K7SA42_conserved	Q53BU1_conserved	9.858E-01	9.646E-01	9.750E-01	54.400	91	90	90
K7SA42_conserved	A0A0B5ECY2_conserved	9.892E-01	9.679E-01	9.679E-01	73.300	91	90	91
K7SA42_conserved	A0A1P8C735_conserved	9.892E-01	9.679E-01	9.679E-01	74.400	91	90	91
K7SA42_conserved	AF-A0A8E7DAJ6-F1-model_v6_conserved	9.891E-01	9.678E-01	9.678E-01	74.400	91	90	91
K7SA42_conserved	Q704V1_conserved	9.899E-01	9.685E-01	9.685E-01	52.200	91	90	91
K7SA42_conserved	A0A1P8VH15_conserved	9.890E-01	9.676E-01	9.676E-01	73.300	91	90	91
K7SA42_conserved	AF-A0A6M4NN58-F1-model_v4_conserved	9.892E-01	9.679E-01	9.679E-01	53.300	91	90	91
K7SA42_conserved	L7X1X1_conserved	9.890E-01	9.677E-01	9.677E-01	61.100	91	90	91
K7SA42_conserved	AF-A0A3G5BD68-F1-model_v4_conserved	9.884E-01	9.671E-01	9.671E-01	73.300	91	90	91
K7SA42_conserved	A0A650AXL4_conserved	9.887E-01	9.674E-01	9.674E-01	54.400	91	90	91
K7SA42_conserved	AF-A0A1L6K5Z3-F1-model_v4_conserved	9.924E-01	9.603E-01	9.708E-01	57.700	91	90	90
K7SA42_conserved	L0N4W6_conserved	9.876E-01	9.664E-01	9.664E-01	57.700	91	90	91
K7SA42_conserved	SHD-1_conserved	9.872E-01	9.660E-01	9.660E-01	55.500	91	90	91
K7SA42_conserved	Q53BU0_conserved	9.827E-01	9.616E-01	9.720E-01	54.400	91	90	90
K7SA42_conserved	AF-A0A1L6K5Y5-F1-model_v4_conserved	9.902E-01	9.582E-01	9.686E-01	57.700	91	90	90
K7SA42_conserved	AF-Q1DF71-F1-model_v4_conserved	9.844E-01	9.633E-01	9.633E-01	55.500	91	90	91
K7SA42_conserved	STA-1_conserved	9.843E-01	9.632E-01	9.632E-01	50.000	91	90	91
K7SA42_conserved	A0A161H7D8_conserved	9.833E-01	9.622E-01	9.622E-01	54.400	91	90	91
K7SA42_conserved	A8R403_conserved	9.825E-01	9.615E-01	9.615E-01	56.600	91	90	91
K7SA42_conserved	A0A0H4IUK3_conserved	9.806E-01	9.596E-01	9.596E-01	54.400	91	90	91
K7SA42_conserved	G4WB26_conserved	9.801E-01	9.591E-01	9.591E-01	55.500	91	90	91
K7SA42_conserved	Q8VLM7_conserved	9.799E-01	9.589E-01	9.589E-01	57.700	91	90	91
K7SA42_conserved	F8UQX1_conserved	9.796E-01	9.587E-01	9.587E-01	54.400	91	90	91
K7SA42_conserved	A0A0D5ZZW5_conserved	9.797E-01	9.587E-01	9.587E-01	54.400	91	90	91
K7SA42_conserved	Q53CM3_conserved	9.796E-01	9.587E-01	9.587E-01	55.500	91	90	91
K7SA42_conserved	I7CP04_conserved	9.795E-01	9.585E-01	9.585E-01	53.300	91	90	91
K7SA42_conserved	S5WLJ9_conserved	9.792E-01	9.583E-01	9.583E-01	53.300	91	90	91
K7SA42_conserved	Q9AHY6_conserved	9.794E-01	9.584E-01	9.584E-01	55.500	91	90	91
K7SA42_conserved	B0FWK3_conserved	9.793E-01	9.583E-01	9.583E-01	52.200	91	90	91
K7SA42_conserved	F5ANL2_conserved	9.792E-01	9.583E-01	9.583E-01	56.600	91	90	91
K7SA42_conserved	A0A0S2MTX2_conserved	9.793E-01	9.583E-01	9.583E-01	57.700	91	90	91
K7SA42_conserved	Q9F6Z8_conserved	9.791E-01	9.581E-01	9.581E-01	58.800	91	90	91
K7SA42_conserved	B2ZTD9_conserved	9.790E-01	9.580E-01	9.580E-01	60.000	91	90	91
K7SA42_conserved	Q1A2Z1_conserved	9.790E-01	9.580E-01	9.580E-01	56.600	91	90	91
K7SA42_conserved	Q79MP6_conserved	9.788E-01	9.579E-01	9.579E-01	58.800	91	90	91
K7SA42_conserved	A8QUY6_conserved	9.786E-01	9.576E-01	9.576E-01	55.500	91	90	91
K7SA42_conserved	Q8GIW8_conserved	9.784E-01	9.575E-01	9.575E-01	56.600	91	90	91
K7SA42_conserved	Q7WYA8_conserved	9.784E-01	9.575E-01	9.575E-01	56.600	91	90	91
K7SA42_conserved	A0A097J9I0_conserved	9.782E-01	9.572E-01	9.572E-01	53.300	91	90	91
K7SA42_conserved	AF-G0L217-F1-model_v4_conserved	9.826E-01	9.510E-01	9.614E-01	45.500	91	90	90
K7SA42_conserved	AF-I0KEZ6-F1-model_v4_conserved	9.830E-01	9.514E-01	9.617E-01	50.000	91	90	90
K7SA42_conserved	Q70E85_conserved	9.780E-01	9.571E-01	9.571E-01	56.600	91	90	91
K7SA42_conserved	G9JKG5_conserved	9.779E-01	9.570E-01	9.570E-01	55.500	91	90	91
K7SA42_conserved	P14488_conserved	9.830E-01	9.514E-01	9.617E-01	55.500	91	90	90
K7SA42_conserved	ANA-1_conserved	9.778E-01	9.569E-01	9.569E-01	55.500	91	90	91
K7SA42_conserved	ECV-1_conserved	9.823E-01	9.507E-01	9.610E-01	50.000	91	90	90
K7SA42_conserved	Q6SPY5_conserved	9.822E-01	9.507E-01	9.610E-01	55.500	91	90	90
K7SA42_conserved	AF-A0A4Y8LBX5-F1-model_v4_conserved	9.780E-01	9.572E-01	9.572E-01	58.800	91	90	91
K7SA42_conserved	AF-A0A1B2F003-F1-model_v4_conserved	9.767E-01	9.559E-01	9.559E-01	54.400	91	90	91
K7SA42_conserved	AF-A0A6B7ELH8-F1-model_v4_conserved	9.805E-01	9.491E-01	9.593E-01	50.000	91	90	90
K7SA42_conserved	ALI-2_conserved	9.736E-01	9.527E-01	9.527E-01	53.800	91	91	91
K7SA42_conserved	Q840P9_conserved	9.798E-01	9.484E-01	9.586E-01	53.300	91	90	90
K7SA42_conserved	BMHC-1_conserved	9.789E-01	9.476E-01	9.578E-01	52.200	91	90	90
K7SA42_conserved	Q8GKX2_conserved	9.785E-01	9.472E-01	9.574E-01	57.700	91	90	90
K7SA42_conserved	ORR-1_conserved	9.788E-01	9.475E-01	9.577E-01	48.800	91	90	90
K7SA42_conserved	Q2HY42_conserved	9.783E-01	9.470E-01	9.572E-01	56.600	91	90	90
K7SA42_conserved	ALI-1_conserved	9.713E-01	9.505E-01	9.505E-01	48.300	91	91	91
K7SA42_conserved	Q9XAY4_conserved	9.776E-01	9.464E-01	9.566E-01	57.700	91	90	90
K7SA42_conserved	E5G503_conserved	9.776E-01	9.463E-01	9.565E-01	57.700	91	90	90
K7SA42_conserved	AF-A0A7T8ZCD9-F1-model_v4_conserved	9.773E-01	9.460E-01	9.562E-01	50.000	91	90	90
K7SA42_conserved	Q3YBY0_conserved	9.774E-01	9.461E-01	9.563E-01	57.700	91	90	90
K7SA42_conserved	A0A0C5L398_conserved	9.774E-01	9.461E-01	9.563E-01	41.100	91	90	90
K7SA42_conserved	I3RJZ3_conserved	9.763E-01	9.451E-01	9.552E-01	58.800	91	90	90
K7SA42_conserved	B4YAJ7_conserved	9.757E-01	9.446E-01	9.547E-01	58.800	91	90	90
K7SA42_conserved	P25910_conserved	9.715E-01	9.509E-01	9.509E-01	52.200	91	90	91
K7SA42_conserved	A7WPA3_conserved	9.751E-01	9.440E-01	9.541E-01	58.800	91	90	90
K7SA42_conserved	Q9F629_conserved	9.746E-01	9.435E-01	9.536E-01	58.800	91	90	90
K7SA42_conserved	AF-A0A7U3MVS9-F1-model_v4_conserved	9.728E-01	9.419E-01	9.520E-01	47.700	91	90	90
K7SA42_conserved	AF-A0A0U3H0V9-F1-model_v4_conserved	9.666E-01	9.359E-01	9.562E-01	47.700	91	90	89
K7SA42_conserved	A0A2R4PHC7_conserved	9.718E-01	9.409E-01	9.510E-01	53.300	91	90	90
K7SA42_conserved	Q8RMB8_conserved	9.697E-01	9.389E-01	9.490E-01	43.300	91	90	90
K7SA42_conserved	Q8GPN1_conserved	9.674E-01	9.367E-01	9.467E-01	48.800	91	90	90
K7SA42_conserved	AF-A0A844TY23-F1-model_v4_conserved	9.664E-01	9.358E-01	9.458E-01	50.000	91	90	90
K7SA42_conserved	AF-A0A191Z3S9-F1-model_v4_conserved	9.660E-01	9.354E-01	9.454E-01	44.400	91	90	90
K7SA42_conserved	A0A0H3YDR5_conserved	9.643E-01	9.338E-01	9.438E-01	46.600	91	90	90
K7SA42_conserved	Q8GPN2_conserved	9.640E-01	9.335E-01	9.434E-01	46.600	91	90	90
K7SA42_conserved	SPS-1_conserved	9.591E-01	9.289E-01	9.488E-01	42.200	91	90	89
K7SA42_conserved	Q8G9Q0_conserved	9.625E-01	9.321E-01	9.420E-01	44.400	91	90	90
K7SA42_conserved	A0A0N9HJI8_conserved	9.584E-01	9.282E-01	9.380E-01	41.100	91	90	90
K7SA42_conserved	Q08I33_conserved	9.586E-01	9.285E-01	9.383E-01	41.100	91	90	90
K7SA42_conserved	Q9ETN2_conserved	9.585E-01	9.284E-01	9.382E-01	41.100	91	90	90
K7SA42_conserved	A0A077EG89_conserved	9.575E-01	9.274E-01	9.372E-01	37.700	91	90	90
K7SA42_conserved	Q9F921_conserved	9.563E-01	9.262E-01	9.360E-01	41.100	91	90	90
K7SA42_conserved	AF-Q9RB01-F1-model_v4_conserved	9.559E-01	9.259E-01	9.357E-01	37.700	91	90	90
K7SA42_conserved	Q8VT48_conserved	9.555E-01	9.255E-01	9.353E-01	42.200	91	90	90
K7SA42_conserved	D2K7P0_conserved	9.553E-01	9.253E-01	9.351E-01	41.100	91	90	90
K7SA42_conserved	Q8GQK7_conserved	9.534E-01	9.235E-01	9.333E-01	41.100	91	90	90
K7SA42_conserved	E2GLP7_conserved	9.535E-01	9.236E-01	9.334E-01	40.000	91	90	90
K7SA42_conserved	D2KCJ9_conserved	9.523E-01	9.225E-01	9.322E-01	41.100	91	90	90
K7SA42_conserved	Q9EU43_conserved	9.525E-01	9.227E-01	9.325E-01	40.000	91	90	90
K7SA42_conserved	Q6JE29_conserved	9.518E-01	9.220E-01	9.317E-01	41.100	91	90	90
K7SA42_conserved	Q9X482_conserved	9.517E-01	9.219E-01	9.316E-01	41.100	91	90	90
Q08I33_conserved	Q08I33_conserved	1.011E+00	1.000E+00	1.000E+00	100.000	90	90	90
Q08I33_conserved	Q9ETN2_conserved	1.001E+00	9.902E-01	9.902E-01	95.500	90	90	90
Q08I33_conserved	Q8VT48_conserved	1.010E+00	9.878E-01	9.878E-01	95.500	90	89	90
Q08I33_conserved	E2GLP7_conserved	1.001E+00	9.901E-01	9.901E-01	98.800	90	90	90
Q08I33_conserved	D2K7P0_conserved	1.010E+00	9.877E-01	9.877E-01	97.700	90	89	90
Q08I33_conserved	Q6JE29_conserved	1.001E+00	9.895E-01	9.895E-01	100.000	90	90	90
Q08I33_conserved	Q9F921_conserved	1.009E+00	9.866E-01	9.866E-01	93.200	90	89	90
Q08I33_conserved	Q9EU43_conserved	1.008E+00	9.852E-01	9.852E-01	98.800	90	89	90
Q08I33_conserved	Q9X482_conserved	1.007E+00	9.844E-01	9.844E-01	98.800	90	89	90
Q08I33_conserved	D2KCJ9_conserved	1.005E+00	9.828E-01	9.828E-01	95.500	90	89	90
Q08I33_conserved	A0A0N9HJI8_conserved	1.003E+00	9.807E-01	9.807E-01	85.300	90	89	90
Q08I33_conserved	Q8GQK7_conserved	1.002E+00	9.797E-01	9.797E-01	85.300	90	89	90
Q08I33_conserved	Q8GPN1_conserved	9.870E-01	9.655E-01	9.655E-01	67.400	90	89	90
Q08I33_conserved	AF-A0A844TY23-F1-model_v4_conserved	9.862E-01	9.648E-01	9.648E-01	69.600	90	89	90
Q08I33_conserved	A0A077EG89_conserved	9.852E-01	9.637E-01	9.637E-01	68.500	90	89	90
Q08I33_conserved	A0A0C5L398_conserved	9.849E-01	9.635E-01	9.635E-01	68.500	90	89	90
Q08I33_conserved	A0A0H3YDR5_conserved	9.855E-01	9.641E-01	9.641E-01	68.500	90	89	90
Q08I33_conserved	AF-A0A191Z3S9-F1-model_v4_conserved	9.851E-01	9.637E-01	9.637E-01	64.000	90	89	90
Q08I33_conserved	Q8GPN2_conserved	9.851E-01	9.637E-01	9.637E-01	69.600	90	89	90
Q08I33_conserved	AF-Q9RB01-F1-model_v4_conserved	9.840E-01	9.626E-01	9.626E-01	67.400	90	89	90
Q08I33_conserved	Q8RMB8_conserved	9.821E-01	9.609E-01	9.609E-01	65.100	90	89	90
Q08I33_conserved	A0A2R4PHC7_conserved	9.755E-01	9.546E-01	9.546E-01	56.100	90	89	90
Q08I33_conserved	Q53BU0_conserved	9.740E-01	9.530E-01	9.530E-01	54.400	90	90	90
Q08I33_conserved	Q53BU1_conserved	9.728E-01	9.519E-01	9.519E-01	57.700	90	90	90
Q08I33_conserved	AF-I0KEZ6-F1-model_v4_conserved	9.719E-01	9.511E-01	9.511E-01	52.800	90	89	90
Q08I33_conserved	AF-A0A1L6K5Y5-F1-model_v4_conserved	9.703E-01	9.494E-01	9.494E-01	51.600	90	89	90
Q08I33_conserved	Q6SPY5_conserved	9.705E-01	9.497E-01	9.497E-01	51.600	90	89	90
Q08I33_conserved	AF-A0A6M4NN58-F1-model_v4_conserved	9.742E-01	9.532E-01	9.431E-01	57.700	90	90	91
Q08I33_conserved	P14488_conserved	9.694E-01	9.486E-01	9.486E-01	51.600	90	89	90
Q08I33_conserved	A0A650AXL4_conserved	9.721E-01	9.512E-01	9.411E-01	56.600	90	90	91
Q08I33_conserved	AF-A0A1L6K5Z3-F1-model_v4_conserved	9.661E-01	9.454E-01	9.454E-01	49.400	90	89	90
Q08I33_conserved	SHD-1_conserved	9.660E-01	9.453E-01	9.353E-01	52.200	90	90	91
Q08I33_conserved	AF-A0A7Y3W177-F1-model_v4_conserved	9.654E-01	9.447E-01	9.347E-01	48.800	90	90	91
Q08I33_conserved	L7X1X1_conserved	9.656E-01	9.449E-01	9.349E-01	54.400	90	90	91
Q08I33_conserved	AF-C5BSS3-F1-model_v4_conserved	9.647E-01	9.441E-01	9.341E-01	52.200	90	90	91
Q08I33_conserved	AF-Q12JE6-F1-model_v4_conserved	9.639E-01	9.433E-01	9.334E-01	53.300	90	90	91
Q08I33_conserved	Q704V1_conserved	9.639E-01	9.433E-01	9.334E-01	46.600	90	90	91
Q08I33_conserved	AF-A0A4Y8LBX5-F1-model_v4_conserved	9.622E-01	9.417E-01	9.317E-01	51.100	90	90	91
Q08I33_conserved	Q840P9_conserved	9.590E-01	9.386E-01	9.386E-01	44.900	90	89	90
Q08I33_conserved	Q3YBY0_conserved	9.587E-01	9.384E-01	9.384E-01	43.800	90	89	90
Q08I33_conserved	Q8GKX2_conserved	9.586E-01	9.382E-01	9.382E-01	43.800	90	89	90
Q08I33_conserved	Q9XAY4_conserved	9.584E-01	9.380E-01	9.380E-01	43.800	90	89	90
Q08I33_conserved	E5G503_conserved	9.584E-01	9.381E-01	9.381E-01	43.800	90	89	90
Q08I33_conserved	Q2HY42_conserved	9.583E-01	9.379E-01	9.379E-01	43.800	90	89	90
Q08I33_conserved	A7WPA3_conserved	9.579E-01	9.376E-01	9.376E-01	42.600	90	89	90
Q08I33_conserved	B4YAJ7_conserved	9.578E-01	9.375E-01	9.375E-01	42.600	90	89	90
Q08I33_conserved	I3RJZ3_conserved	9.578E-01	9.375E-01	9.375E-01	42.600	90	89	90
Q08I33_conserved	L0N4W6_conserved	9.608E-01	9.404E-01	9.305E-01	51.100	90	90	91
Q08I33_conserved	Q9F629_conserved	9.570E-01	9.367E-01	9.367E-01	42.600	90	89	90
Q08I33_conserved	P25910_conserved	9.590E-01	9.386E-01	9.287E-01	45.500	90	90	91
Q08I33_conserved	STA-1_conserved	9.584E-01	9.380E-01	9.281E-01	53.300	90	90	91
Q08I33_conserved	K7SA42_conserved	9.586E-01	9.383E-01	9.285E-01	41.100	90	90	91
Q08I33_conserved	ALI-2_conserved	9.578E-01	9.374E-01	9.276E-01	51.100	90	90	91
Q08I33_conserved	ANA-1_conserved	9.569E-01	9.366E-01	9.268E-01	50.000	90	90	91
Q08I33_conserved	A8R403_conserved	9.560E-01	9.358E-01	9.259E-01	51.100	90	90	91
Q08I33_conserved	A0A161H7D8_conserved	9.554E-01	9.351E-01	9.253E-01	45.500	90	90	91
Q08I33_conserved	ALI-1_conserved	9.558E-01	9.356E-01	9.258E-01	47.700	90	90	91
Q08I33_conserved	A0A097J9I0_conserved	9.529E-01	9.328E-01	9.230E-01	46.600	90	90	91
Q08I33_conserved	B0FWK3_conserved	9.433E-01	9.333E-01	9.236E-01	48.300	90	91	91
Q08I33_conserved	A0A0D5ZZW5_conserved	9.431E-01	9.332E-01	9.235E-01	49.400	90	91	91
Q08I33_conserved	Q8GIW8_conserved	9.426E-01	9.326E-01	9.229E-01	47.200	90	91	91
Q08I33_conserved	Q9F6Z8_conserved	9.425E-01	9.325E-01	9.228E-01	46.100	90	91	91
Q08I33_conserved	A8QUY6_conserved	9.421E-01	9.322E-01	9.225E-01	46.100	90	91	91
Q08I33_conserved	AF-A0A1B2F003-F1-model_v4_conserved	9.417E-01	9.318E-01	9.221E-01	50.500	90	91	91
Q08I33_conserved	A0A0H4IUK3_conserved	9.511E-01	9.310E-01	9.213E-01	45.500	90	90	91
Q08I33_conserved	S5WLJ9_conserved	9.510E-01	9.309E-01	9.211E-01	45.500	90	90	91
Q08I33_conserved	Q8VLM7_conserved	9.509E-01	9.308E-01	9.211E-01	46.600	90	90	91
Q08I33_conserved	I7CP04_conserved	9.507E-01	9.306E-01	9.209E-01	45.500	90	90	91
Q08I33_conserved	F5ANL2_conserved	9.414E-01	9.315E-01	9.218E-01	48.300	90	91	91
Q08I33_conserved	Q7WYA8_conserved	9.416E-01	9.317E-01	9.220E-01	45.000	90	91	91
Q08I33_conserved	Q1A2Z1_conserved	9.505E-01	9.304E-01	9.207E-01	46.600	90	90	91
Q08I33_conserved	Q70E85_conserved	9.504E-01	9.303E-01	9.206E-01	46.600	90	90	91
Q08I33_conserved	B2ZTD9_conserved	9.499E-01	9.298E-01	9.201E-01	45.500	90	90	91
Q08I33_conserved	F8UQX1_conserved	9.503E-01	9.302E-01	9.205E-01	46.600	90	90	91
Q08I33_conserved	G4WB26_conserved	9.502E-01	9.301E-01	9.204E-01	47.700	90	90	91
Q08I33_conserved	A0A0S2MTX2_conserved	9.502E-01	9.301E-01	9.204E-01	44.400	90	90	91
Q08I33_conserved	Q53CM3_conserved	9.408E-01	9.309E-01	9.212E-01	47.200	90	91	91
Q08I33_conserved	AF-Q1DF71-F1-model_v4_conserved	9.501E-01	9.300E-01	9.203E-01	46.600	90	90	91
Q08I33_conserved	Q79MP6_conserved	9.494E-01	9.294E-01	9.197E-01	45.500	90	90	91
Q08I33_conserved	Q9AHY6_conserved	9.494E-01	9.294E-01	9.197E-01	47.700	90	90	91
Q08I33_conserved	G9JKG5_conserved	9.480E-01	9.280E-01	9.183E-01	45.500	90	90	91
Q08I33_conserved	AF-G0L217-F1-model_v4_conserved	9.422E-01	9.222E-01	9.222E-01	47.700	90	90	90
Q08I33_conserved	ECV-1_conserved	9.414E-01	9.215E-01	9.215E-01	48.800	90	90	90
Q08I33_conserved	AF-A0A3G5BD68-F1-model_v4_conserved	9.473E-01	9.275E-01	9.178E-01	37.700	90	90	91
Q08I33_conserved	A0A3G3C0Q6_conserved	9.470E-01	9.271E-01	9.175E-01	37.700	90	90	91
Q08I33_conserved	A0A1Z3FWF5_conserved	9.470E-01	9.271E-01	9.175E-01	37.700	90	90	91
Q08I33_conserved	AF-A0A8E7DAJ6-F1-model_v6_conserved	9.468E-01	9.270E-01	9.173E-01	38.800	90	90	91
Q08I33_conserved	SPS-1_conserved	9.392E-01	9.196E-01	9.293E-01	40.400	90	89	89
Q08I33_conserved	A0A1P8VH15_conserved	9.467E-01	9.268E-01	9.172E-01	37.700	90	90	91
Q08I33_conserved	S5ZIP8_conserved	9.466E-01	9.268E-01	9.172E-01	37.700	90	90	91
Q08I33_conserved	A0A1P8C735_conserved	9.466E-01	9.268E-01	9.171E-01	38.800	90	90	91
Q08I33_conserved	ORR-1_conserved	9.395E-01	9.197E-01	9.197E-01	46.600	90	90	90
Q08I33_conserved	A0A0B5ECY2_conserved	9.463E-01	9.265E-01	9.168E-01	37.700	90	90	91
Q08I33_conserved	AF-A0A7U3MVS9-F1-model_v4_conserved	9.414E-01	9.217E-01	9.217E-01	44.900	90	89	90
Q08I33_conserved	AF-A0A7T8ZCD9-F1-model_v4_conserved	9.370E-01	9.173E-01	9.173E-01	48.800	90	90	90
Q08I33_conserved	AF-A0A6B7ELH8-F1-model_v4_conserved	9.362E-01	9.165E-01	9.165E-01	48.800	90	90	90
Q08I33_conserved	BMHC-1_conserved	9.340E-01	9.144E-01	9.144E-01	45.500	90	90	90
Q08I33_conserved	AF-A0A0U3H0V9-F1-model_v4_conserved	9.286E-01	9.091E-01	9.187E-01	47.700	90	90	89
Q08I33_conserved	Q8G9Q0_conserved	9.343E-01	9.148E-01	9.148E-01	43.800	90	89	90
Q53CM3_conserved	Q53CM3_conserved	1.011E+00	1.000E+00	1.000E+00	100.000	91	91	91
Q53CM3_conserved	F5ANL2_conserved	1.011E+00	9.996E-01	9.996E-01	98.900	91	91	91
Q53CM3_conserved	A0A0D5ZZW5_conserved	1.009E+00	9.979E-01	9.979E-01	96.700	91	91	91
Q53CM3_conserved	Q7WYA8_conserved	1.008E+00	9.967E-01	9.967E-01	95.600	91	91	91
Q53CM3_conserved	Q8VLM7_conserved	1.007E+00	9.955E-01	9.955E-01	97.800	91	91	91
Q53CM3_conserved	G9JKG5_conserved	1.006E+00	9.951E-01	9.951E-01	96.700	91	91	91
Q53CM3_conserved	Q9AHY6_conserved	1.006E+00	9.945E-01	9.945E-01	97.800	91	91	91
Q53CM3_conserved	Q79MP6_conserved	1.005E+00	9.936E-01	9.936E-01	96.700	91	91	91
Q53CM3_conserved	B2ZTD9_conserved	1.005E+00	9.945E-01	9.945E-01	90.100	91	91	91
Q53CM3_conserved	B0FWK3_conserved	1.004E+00	9.933E-01	9.933E-01	94.500	91	91	91
Q53CM3_conserved	A8QUY6_conserved	1.004E+00	9.929E-01	9.929E-01	96.700	91	91	91
Q53CM3_conserved	G4WB26_conserved	1.003E+00	9.923E-01	9.923E-01	96.700	91	91	91
Q53CM3_conserved	Q8GIW8_conserved	1.004E+00	9.928E-01	9.928E-01	96.700	91	91	91
Q53CM3_conserved	Q1A2Z1_conserved	1.003E+00	9.921E-01	9.921E-01	96.700	91	91	91
Q53CM3_conserved	I7CP04_conserved	1.002E+00	9.914E-01	9.914E-01	92.300	91	91	91
Q53CM3_conserved	F8UQX1_conserved	1.002E+00	9.913E-01	9.913E-01	92.300	91	91	91
Q53CM3_conserved	Q70E85_conserved	1.002E+00	9.906E-01	9.906E-01	95.600	91	91	91
Q53CM3_conserved	Q9F6Z8_conserved	1.000E+00	9.895E-01	9.895E-01	96.700	91	91	91
Q53CM3_conserved	S5WLJ9_conserved	1.001E+00	9.897E-01	9.897E-01	92.300	91	91	91
Q53CM3_conserved	A0A097J9I0_conserved	1.001E+00	9.904E-01	9.904E-01	93.400	91	91	91
Q53CM3_conserved	A0A0S2MTX2_conserved	1.011E+00	9.884E-01	9.884E-01	94.400	91	90	91
Q53CM3_conserved	A0A0H4IUK3_conserved	1.009E+00	9.872E-01	9.872E-01	94.400	91	90	91
Q53CM3_conserved	AF-A0A1B2F003-F1-model_v4_conserved	1.009E+00	9.871E-01	9.871E-01	86.600	91	90	91
Q53CM3_conserved	A0A161H7D8_conserved	9.979E-01	9.870E-01	9.870E-01	83.500	91	91	91
Q53CM3_conserved	A8R403_conserved	1.007E+00	9.848E-01	9.848E-01	84.400	91	90	91
Q53CM3_conserved	L7X1X1_conserved	9.866E-01	9.759E-01	9.759E-01	71.400	91	91	91
Q53CM3_conserved	AF-A0A7Y3W177-F1-model_v4_conserved	9.955E-01	9.739E-01	9.739E-01	77.700	91	90	91
Q53CM3_conserved	L0N4W6_conserved	9.953E-01	9.737E-01	9.737E-01	73.300	91	90	91
Q53CM3_conserved	AF-C5BSS3-F1-model_v4_conserved	9.940E-01	9.725E-01	9.725E-01	73.300	91	90	91
Q53CM3_conserved	SHD-1_conserved	9.930E-01	9.715E-01	9.715E-01	71.100	91	90	91
Q53CM3_conserved	A0A650AXL4_conserved	9.931E-01	9.716E-01	9.716E-01	67.700	91	90	91
Q53CM3_conserved	Q704V1_conserved	9.927E-01	9.712E-01	9.712E-01	72.200	91	90	91
Q53CM3_conserved	AF-A0A1L6K5Z3-F1-model_v4_conserved	9.944E-01	9.621E-01	9.726E-01	74.400	91	90	90
Q53CM3_conserved	AF-A0A6M4NN58-F1-model_v4_conserved	9.903E-01	9.689E-01	9.689E-01	67.700	91	90	91
Q53CM3_conserved	Q53BU0_conserved	9.857E-01	9.645E-01	9.750E-01	64.400	91	90	90
Q53CM3_conserved	AF-Q12JE6-F1-model_v4_conserved	9.874E-01	9.662E-01	9.662E-01	72.200	91	90	91
Q53CM3_conserved	Q53BU1_conserved	9.810E-01	9.600E-01	9.704E-01	66.600	91	90	90
Q53CM3_conserved	K7SA42_conserved	9.796E-01	9.587E-01	9.587E-01	55.500	91	90	91
Q53CM3_conserved	AF-A0A3G5BD68-F1-model_v4_conserved	9.768E-01	9.560E-01	9.560E-01	53.300	91	90	91
Q53CM3_conserved	A0A3G3C0Q6_conserved	9.762E-01	9.554E-01	9.554E-01	53.300	91	90	91
Q53CM3_conserved	AF-A0A1L6K5Y5-F1-model_v4_conserved	9.796E-01	9.481E-01	9.584E-01	60.000	91	90	90
Q53CM3_conserved	AF-A0A8E7DAJ6-F1-model_v6_conserved	9.760E-01	9.552E-01	9.552E-01	54.400	91	90	91
Q53CM3_conserved	STA-1_conserved	9.759E-01	9.551E-01	9.551E-01	53.300	91	90	91
Q53CM3_conserved	A0A1P8VH15_conserved	9.759E-01	9.551E-01	9.551E-01	53.300	91	90	91
Q53CM3_conserved	A0A1Z3FWF5_conserved	9.759E-01	9.551E-01	9.551E-01	53.300	91	90	91
Q53CM3_conserved	A0A0B5ECY2_conserved	9.758E-01	9.550E-01	9.550E-01	53.300	91	90	91
Q53CM3_conserved	S5ZIP8_conserved	9.758E-01	9.550E-01	9.550E-01	53.300	91	90	91
Q53CM3_conserved	A0A1P8C735_conserved	9.755E-01	9.547E-01	9.547E-01	54.400	91	90	91
Q53CM3_conserved	AF-Q1DF71-F1-model_v4_conserved	9.746E-01	9.539E-01	9.539E-01	53.300	91	90	91
Q53CM3_conserved	AF-A0A4Y8LBX5-F1-model_v4_conserved	9.738E-01	9.530E-01	9.530E-01	61.100	91	90	91
Q53CM3_conserved	ALI-2_conserved	9.705E-01	9.497E-01	9.497E-01	56.000	91	91	91
Q53CM3_conserved	ALI-1_conserved	9.702E-01	9.494E-01	9.494E-01	61.500	91	91	91
Q53CM3_conserved	AF-G0L217-F1-model_v4_conserved	9.749E-01	9.437E-01	9.539E-01	52.200	91	90	90
Q53CM3_conserved	ECV-1_conserved	9.746E-01	9.435E-01	9.536E-01	54.400	91	90	90
Q53CM3_conserved	AF-A0A7T8ZCD9-F1-model_v4_conserved	9.743E-01	9.432E-01	9.533E-01	50.000	91	90	90
Q53CM3_conserved	AF-A0A6B7ELH8-F1-model_v4_conserved	9.742E-01	9.431E-01	9.532E-01	56.600	91	90	90
Q53CM3_conserved	ORR-1_conserved	9.734E-01	9.424E-01	9.525E-01	55.500	91	90	90
Q53CM3_conserved	BMHC-1_conserved	9.733E-01	9.423E-01	9.524E-01	50.000	91	90	90
Q53CM3_conserved	A0A0C5L398_conserved	9.703E-01	9.394E-01	9.495E-01	48.800	91	90	90
Q53CM3_conserved	ANA-1_conserved	9.649E-01	9.445E-01	9.445E-01	55.500	91	90	91
Q53CM3_conserved	Q6SPY5_conserved	9.683E-01	9.375E-01	9.475E-01	56.600	91	90	90
Q53CM3_conserved	P14488_conserved	9.683E-01	9.375E-01	9.475E-01	56.600	91	90	90
Q53CM3_conserved	AF-I0KEZ6-F1-model_v4_conserved	9.660E-01	9.353E-01	9.453E-01	51.100	91	90	90
Q53CM3_conserved	Q8G9Q0_conserved	9.666E-01	9.360E-01	9.460E-01	51.100	91	90	90
Q53CM3_conserved	AF-A0A0U3H0V9-F1-model_v4_conserved	9.605E-01	9.301E-01	9.501E-01	54.400	91	90	89
Q53CM3_conserved	P25910_conserved	9.615E-01	9.413E-01	9.413E-01	55.500	91	90	91
Q53CM3_conserved	Q8RMB8_conserved	9.624E-01	9.319E-01	9.419E-01	45.500	91	90	90
Q53CM3_conserved	A0A2R4PHC7_conserved	9.616E-01	9.312E-01	9.411E-01	56.600	91	90	90
Q53CM3_conserved	Q8GPN1_conserved	9.602E-01	9.298E-01	9.397E-01	51.100	91	90	90
Q53CM3_conserved	A0A0H3YDR5_conserved	9.591E-01	9.288E-01	9.387E-01	52.200	91	90	90
Q53CM3_conserved	AF-A0A844TY23-F1-model_v4_conserved	9.592E-01	9.289E-01	9.388E-01	53.300	91	90	90
Q53CM3_conserved	AF-A0A191Z3S9-F1-model_v4_conserved	9.589E-01	9.286E-01	9.385E-01	48.800	91	90	90
Q53CM3_conserved	Q8GPN2_conserved	9.583E-01	9.280E-01	9.379E-01	51.100	91	90	90
Q53CM3_conserved	Q840P9_conserved	9.579E-01	9.277E-01	9.376E-01	55.500	91	90	90
Q53CM3_conserved	SPS-1_conserved	9.554E-01	9.254E-01	9.452E-01	47.700	91	90	89
Q53CM3_conserved	Q8GKX2_conserved	9.572E-01	9.271E-01	9.369E-01	54.400	91	90	90
Q53CM3_conserved	AF-A0A7U3MVS9-F1-model_v4_conserved	9.572E-01	9.271E-01	9.369E-01	45.500	91	90	90
Q53CM3_conserved	Q2HY42_conserved	9.569E-01	9.267E-01	9.366E-01	55.500	91	90	90
Q53CM3_conserved	Q9ETN2_conserved	9.490E-01	9.292E-01	9.390E-01	49.400	91	91	90
Q53CM3_conserved	Q9XAY4_conserved	9.563E-01	9.262E-01	9.360E-01	54.400	91	90	90
Q53CM3_conserved	E5G503_conserved	9.560E-01	9.260E-01	9.358E-01	54.400	91	90	90
Q53CM3_conserved	Q3YBY0_conserved	9.557E-01	9.256E-01	9.354E-01	54.400	91	90	90
Q53CM3_conserved	I3RJZ3_conserved	9.541E-01	9.241E-01	9.339E-01	53.300	91	90	90
Q53CM3_conserved	B4YAJ7_conserved	9.539E-01	9.239E-01	9.337E-01	53.300	91	90	90
Q53CM3_conserved	Q9F629_conserved	9.524E-01	9.226E-01	9.323E-01	53.300	91	90	90
Q53CM3_conserved	A7WPA3_conserved	9.525E-01	9.226E-01	9.323E-01	53.300	91	90	90
Q53CM3_conserved	Q9F921_conserved	9.420E-01	9.224E-01	9.321E-01	49.400	91	91	90
Q53CM3_conserved	Q9EU43_conserved	9.429E-01	9.234E-01	9.330E-01	48.300	91	91	90
Q53CM3_conserved	Q08I33_conserved	9.408E-01	9.212E-01	9.309E-01	47.200	91	91	90
Q53CM3_conserved	E2GLP7_conserved	9.403E-01	9.208E-01	9.305E-01	48.300	91	91	90
Q53CM3_conserved	Q6JE29_conserved	9.409E-01	9.215E-01	9.311E-01	47.200	91	91	90
Q53CM3_conserved	Q8VT48_conserved	9.486E-01	9.189E-01	9.286E-01	45.500	91	90	90
Q53CM3_conserved	D2K7P0_conserved	9.391E-01	9.196E-01	9.292E-01	47.200	91	91	90
Q53CM3_conserved	A0A0N9HJI8_conserved	9.474E-01	9.177E-01	9.274E-01	48.800	91	90	90
Q53CM3_conserved	Q9X482_conserved	9.379E-01	9.184E-01	9.280E-01	47.200	91	91	90
Q53CM3_conserved	AF-Q9RB01-F1-model_v4_conserved	9.471E-01	9.175E-01	9.271E-01	48.800	91	90	90
Q53CM3_conserved	A0A077EG89_conserved	9.469E-01	9.173E-01	9.270E-01	48.800	91	90	90
Q53CM3_conserved	Q8GQK7_conserved	9.436E-01	9.141E-01	9.238E-01	48.800	91	90	90
Q53CM3_conserved	D2KCJ9_conserved	9.424E-01	9.131E-01	9.227E-01	45.500	91	90	90
Q70E85_conserved	Q70E85_conserved	1.011E+00	1.000E+00	1.000E+00	100.000	91	91	91
Q70E85_conserved	I7CP04_conserved	1.010E+00	9.986E-01	9.986E-01	91.200	91	91	91
Q70E85_conserved	S5WLJ9_conserved	1.009E+00	9.979E-01	9.979E-01	91.200	91	91	91
Q70E85_conserved	F8UQX1_conserved	1.009E+00	9.978E-01	9.978E-01	90.100	91	91	91
Q70E85_conserved	G4WB26_conserved	1.004E+00	9.930E-01	9.930E-01	94.500	91	91	91
Q70E85_conserved	G9JKG5_conserved	1.004E+00	9.928E-01	9.928E-01	94.500	91	91	91
Q70E85_conserved	Q8VLM7_conserved	1.003E+00	9.922E-01	9.922E-01	97.800	91	91	91
Q70E85_conserved	Q53CM3_conserved	1.002E+00	9.906E-01	9.906E-01	95.600	91	91	91
Q70E85_conserved	Q1A2Z1_conserved	1.001E+00	9.902E-01	9.902E-01	97.800	91	91	91
Q70E85_conserved	F5ANL2_conserved	1.001E+00	9.902E-01	9.902E-01	96.700	91	91	91
Q70E85_conserved	Q9AHY6_conserved	1.001E+00	9.900E-01	9.900E-01	95.600	91	91	91
Q70E85_conserved	Q79MP6_conserved	1.001E+00	9.901E-01	9.901E-01	96.700	91	91	91
Q70E85_conserved	A0A097J9I0_conserved	1.002E+00	9.909E-01	9.909E-01	91.200	91	91	91
Q70E85_conserved	B2ZTD9_conserved	1.001E+00	9.897E-01	9.897E-01	90.100	91	91	91
Q70E85_conserved	A8QUY6_conserved	1.010E+00	9.883E-01	9.883E-01	94.400	91	90	91
Q70E85_conserved	A0A0D5ZZW5_conserved	1.010E+00	9.881E-01	9.881E-01	94.400	91	90	91
Q70E85_conserved	Q8GIW8_conserved	1.010E+00	9.881E-01	9.881E-01	94.400	91	90	91
Q70E85_conserved	Q9F6Z8_conserved	1.010E+00	9.880E-01	9.880E-01	96.600	91	90	91
Q70E85_conserved	Q7WYA8_conserved	1.010E+00	9.879E-01	9.879E-01	93.300	91	90	91
Q70E85_conserved	B0FWK3_conserved	1.010E+00	9.878E-01	9.878E-01	92.200	91	90	91
Q70E85_conserved	A0A0S2MTX2_conserved	1.010E+00	9.875E-01	9.875E-01	94.400	91	90	91
Q70E85_conserved	A0A0H4IUK3_conserved	1.008E+00	9.860E-01	9.860E-01	92.200	91	90	91
Q70E85_conserved	AF-A0A1B2F003-F1-model_v4_conserved	1.008E+00	9.859E-01	9.859E-01	88.800	91	90	91
Q70E85_conserved	A8R403_conserved	9.971E-01	9.862E-01	9.862E-01	84.600	91	91	91
Q70E85_conserved	A0A161H7D8_conserved	1.006E+00	9.843E-01	9.843E-01	85.500	91	90	91
Q70E85_conserved	AF-A0A7Y3W177-F1-model_v4_conserved	9.869E-01	9.763E-01	9.763E-01	76.900	91	91	91
Q70E85_conserved	L7X1X1_conserved	9.869E-01	9.762E-01	9.762E-01	71.400	91	91	91
Q70E85_conserved	L0N4W6_conserved	9.959E-01	9.742E-01	9.742E-01	73.300	91	90	91
Q70E85_conserved	AF-C5BSS3-F1-model_v4_conserved	9.948E-01	9.732E-01	9.732E-01	73.300	91	90	91
Q70E85_conserved	SHD-1_conserved	9.939E-01	9.723E-01	9.723E-01	71.100	91	90	91
Q70E85_conserved	A0A650AXL4_conserved	9.923E-01	9.708E-01	9.708E-01	70.000	91	90	91
Q70E85_conserved	Q704V1_conserved	9.921E-01	9.707E-01	9.707E-01	72.200	91	90	91
Q70E85_conserved	Q53BU0_conserved	9.871E-01	9.659E-01	9.764E-01	65.500	91	90	90
Q70E85_conserved	AF-A0A6M4NN58-F1-model_v4_conserved	9.900E-01	9.686E-01	9.686E-01	68.800	91	90	91
Q70E85_conserved	AF-A0A1L6K5Z3-F1-model_v4_conserved	9.934E-01	9.612E-01	9.717E-01	74.400	91	90	90
Q70E85_conserved	AF-Q12JE6-F1-model_v4_conserved	9.881E-01	9.668E-01	9.668E-01	73.300	91	90	91
Q70E85_conserved	Q53BU1_conserved	9.826E-01	9.615E-01	9.720E-01	67.700	91	90	90
Q70E85_conserved	K7SA42_conserved	9.780E-01	9.571E-01	9.571E-01	56.600	91	90	91
Q70E85_conserved	AF-A0A3G5BD68-F1-model_v4_conserved	9.767E-01	9.559E-01	9.559E-01	53.300	91	90	91
Q70E85_conserved	A0A3G3C0Q6_conserved	9.761E-01	9.553E-01	9.553E-01	53.300	91	90	91
Q70E85_conserved	AF-A0A8E7DAJ6-F1-model_v6_conserved	9.760E-01	9.552E-01	9.552E-01	54.400	91	90	91
Q70E85_conserved	STA-1_conserved	9.757E-01	9.549E-01	9.549E-01	54.400	91	90	91
Q70E85_conserved	A0A1P8VH15_conserved	9.758E-01	9.550E-01	9.550E-01	53.300	91	90	91
Q70E85_conserved	A0A1Z3FWF5_conserved	9.758E-01	9.550E-01	9.550E-01	53.300	91	90	91
Q70E85_conserved	A0A0B5ECY2_conserved	9.756E-01	9.549E-01	9.549E-01	53.300	91	90	91
Q70E85_conserved	S5ZIP8_conserved	9.756E-01	9.548E-01	9.548E-01	53.300	91	90	91
Q70E85_conserved	A0A1P8C735_conserved	9.754E-01	9.546E-01	9.546E-01	54.400	91	90	91
Q70E85_conserved	AF-A0A1L6K5Y5-F1-model_v4_conserved	9.786E-01	9.472E-01	9.575E-01	58.800	91	90	90
Q70E85_conserved	AF-Q1DF71-F1-model_v4_conserved	9.746E-01	9.538E-01	9.538E-01	53.300	91	90	91
Q70E85_conserved	ALI-1_conserved	9.706E-01	9.498E-01	9.498E-01	60.400	91	91	91
Q70E85_conserved	AF-A0A4Y8LBX5-F1-model_v4_conserved	9.738E-01	9.531E-01	9.531E-01	63.300	91	90	91
Q70E85_conserved	ALI-2_conserved	9.705E-01	9.497E-01	9.497E-01	54.900	91	91	91
Q70E85_conserved	AF-G0L217-F1-model_v4_conserved	9.765E-01	9.453E-01	9.554E-01	53.300	91	90	90
Q70E85_conserved	ECV-1_conserved	9.756E-01	9.444E-01	9.546E-01	53.300	91	90	90
Q70E85_conserved	AF-A0A7T8ZCD9-F1-model_v4_conserved	9.751E-01	9.439E-01	9.541E-01	51.100	91	90	90
Q70E85_conserved	AF-A0A6B7ELH8-F1-model_v4_conserved	9.750E-01	9.438E-01	9.540E-01	58.800	91	90	90
Q70E85_conserved	BMHC-1_conserved	9.746E-01	9.435E-01	9.536E-01	51.100	91	90	90
Q70E85_conserved	ORR-1_conserved	9.728E-01	9.418E-01	9.519E-01	54.400	91	90	90
Q70E85_conserved	A0A0C5L398_conserved	9.714E-01	9.405E-01	9.506E-01	47.700	91	90	90
Q70E85_conserved	ANA-1_conserved	9.669E-01	9.464E-01	9.464E-01	54.400	91	90	91
Q70E85_conserved	Q8G9Q0_conserved	9.699E-01	9.390E-01	9.491E-01	51.100	91	90	90
Q70E85_conserved	Q6SPY5_conserved	9.692E-01	9.384E-01	9.484E-01	57.700	91	90	90
Q70E85_conserved	P14488_conserved	9.690E-01	9.382E-01	9.482E-01	58.800	91	90	90
Q70E85_conserved	AF-I0KEZ6-F1-model_v4_conserved	9.663E-01	9.356E-01	9.457E-01	52.200	91	90	90
Q70E85_conserved	P25910_conserved	9.628E-01	9.425E-01	9.425E-01	56.600	91	90	91
Q70E85_conserved	AF-A0A0U3H0V9-F1-model_v4_conserved	9.611E-01	9.306E-01	9.507E-01	54.400	91	90	89
Q70E85_conserved	Q8RMB8_conserved	9.639E-01	9.333E-01	9.433E-01	44.400	91	90	90
Q70E85_conserved	A0A2R4PHC7_conserved	9.633E-01	9.327E-01	9.427E-01	56.600	91	90	90
Q70E85_conserved	Q8GPN1_conserved	9.618E-01	9.313E-01	9.413E-01	53.300	91	90	90
Q70E85_conserved	A0A0H3YDR5_conserved	9.608E-01	9.304E-01	9.403E-01	52.200	91	90	90
Q70E85_conserved	AF-A0A844TY23-F1-model_v4_conserved	9.607E-01	9.303E-01	9.402E-01	55.500	91	90	90
Q70E85_conserved	AF-A0A191Z3S9-F1-model_v4_conserved	9.602E-01	9.298E-01	9.397E-01	50.000	91	90	90
Q70E85_conserved	Q8GPN2_conserved	9.600E-01	9.297E-01	9.396E-01	51.100	91	90	90
Q70E85_conserved	SPS-1_conserved	9.580E-01	9.279E-01	9.477E-01	48.800	91	90	89
Q70E85_conserved	AF-A0A7U3MVS9-F1-model_v4_conserved	9.587E-01	9.285E-01	9.383E-01	44.400	91	90	90
Q70E85_conserved	Q840P9_conserved	9.571E-01	9.270E-01	9.368E-01	54.400	91	90	90
Q70E85_conserved	Q8GKX2_conserved	9.565E-01	9.264E-01	9.362E-01	53.300	91	90	90
Q70E85_conserved	Q2HY42_conserved	9.562E-01	9.261E-01	9.359E-01	54.400	91	90	90
Q70E85_conserved	D2K7P0_conserved	9.479E-01	9.281E-01	9.379E-01	47.200	91	91	90
Q70E85_conserved	Q9XAY4_conserved	9.555E-01	9.255E-01	9.353E-01	53.300	91	90	90
Q70E85_conserved	E5G503_conserved	9.553E-01	9.253E-01	9.350E-01	53.300	91	90	90
Q70E85_conserved	Q3YBY0_conserved	9.549E-01	9.249E-01	9.347E-01	53.300	91	90	90
Q70E85_conserved	B4YAJ7_conserved	9.531E-01	9.232E-01	9.329E-01	52.200	91	90	90
Q70E85_conserved	I3RJZ3_conserved	9.532E-01	9.233E-01	9.331E-01	52.200	91	90	90
Q70E85_conserved	Q9ETN2_conserved	9.523E-01	9.224E-01	9.322E-01	48.800	91	90	90
Q70E85_conserved	A7WPA3_conserved	9.517E-01	9.219E-01	9.316E-01	52.200	91	90	90
Q70E85_conserved	Q9F629_conserved	9.516E-01	9.218E-01	9.315E-01	52.200	91	90	90
Q70E85_conserved	Q9EU43_conserved	9.435E-01	9.239E-01	9.336E-01	48.300	91	91	90
Q70E85_conserved	Q08I33_conserved	9.504E-01	9.206E-01	9.303E-01	46.600	91	90	90
Q70E85_conserved	Q9F921_conserved	9.409E-01	9.213E-01	9.310E-01	49.400	91	91	90
Q70E85_conserved	A0A0N9HJI8_conserved	9.487E-01	9.190E-01	9.287E-01	48.800	91	90	90
Q70E85_conserved	Q8VT48_conserved	9.494E-01	9.197E-01	9.294E-01	47.700	91	90	90
Q70E85_conserved	D2KCJ9_conserved	9.414E-01	9.219E-01	9.315E-01	46.100	91	91	90
Q70E85_conserved	Q9X482_conserved	9.408E-01	9.213E-01	9.310E-01	47.200	91	91	90
Q70E85_conserved	E2GLP7_conserved	9.480E-01	9.183E-01	9.280E-01	47.700	91	90	90
Q70E85_conserved	AF-Q9RB01-F1-model_v4_conserved	9.482E-01	9.185E-01	9.282E-01	47.700	91	90	90
Q70E85_conserved	A0A077EG89_conserved	9.477E-01	9.181E-01	9.277E-01	47.700	91	90	90
Q70E85_conserved	Q6JE29_conserved	9.465E-01	9.170E-01	9.266E-01	46.600	91	90	90
Q70E85_conserved	Q8GQK7_conserved	9.450E-01	9.155E-01	9.251E-01	48.800	91	90	90
Q8GKX2_conserved	Q8GKX2_conserved	1.011E+00	1.000E+00	1.000E+00	100.000	90	90	90
Q8GKX2_conserved	Q2HY42_conserved	1.011E+00	9.888E-01	9.888E-01	97.700	90	89	90
Q8GKX2_conserved	E5G503_conserved	1.011E+00	9.888E-01	9.888E-01	100.000	90	89	90
Q8GKX2_conserved	Q9XAY4_conserved	1.011E+00	9.887E-01	9.887E-01	97.700	90	89	90
Q8GKX2_conserved	Q3YBY0_conserved	1.011E+00	9.887E-01	9.887E-01	97.700	90	89	90
Q8GKX2_conserved	I3RJZ3_conserved	1.011E+00	9.883E-01	9.883E-01	96.600	90	89	90
Q8GKX2_conserved	B4YAJ7_conserved	1.010E+00	9.877E-01	9.877E-01	96.600	90	89	90
Q8GKX2_conserved	Q840P9_conserved	1.010E+00	9.877E-01	9.877E-01	92.100	90	89	90
Q8GKX2_conserved	Q9F629_conserved	1.010E+00	9.877E-01	9.877E-01	96.600	90	89	90
Q8GKX2_conserved	A7WPA3_conserved	1.010E+00	9.874E-01	9.874E-01	96.600	90	89	90
Q8GKX2_conserved	AF-I0KEZ6-F1-model_v4_conserved	9.867E-01	9.653E-01	9.653E-01	52.800	90	89	90
Q8GKX2_conserved	Q53BU1_conserved	9.840E-01	9.627E-01	9.627E-01	53.300	90	90	90
Q8GKX2_conserved	AF-A0A1L6K5Y5-F1-model_v4_conserved	9.812E-01	9.600E-01	9.600E-01	69.600	90	89	90
Q8GKX2_conserved	A0A0C5L398_conserved	9.791E-01	9.580E-01	9.580E-01	44.900	90	89	90
Q8GKX2_conserved	P14488_conserved	9.786E-01	9.575E-01	9.575E-01	58.400	90	89	90
Q8GKX2_conserved	AF-A0A1L6K5Z3-F1-model_v4_conserved	9.779E-01	9.568E-01	9.568E-01	59.500	90	89	90
Q8GKX2_conserved	Q6SPY5_conserved	9.782E-01	9.572E-01	9.572E-01	59.500	90	89	90
Q8GKX2_conserved	Q53BU0_conserved	9.776E-01	9.566E-01	9.566E-01	54.400	90	90	90
Q8GKX2_conserved	ORR-1_conserved	9.725E-01	9.514E-01	9.514E-01	52.200	90	90	90
Q8GKX2_conserved	A0A2R4PHC7_conserved	9.750E-01	9.540E-01	9.540E-01	58.400	90	89	90
Q8GKX2_conserved	K7SA42_conserved	9.785E-01	9.574E-01	9.472E-01	57.700	90	90	91
Q8GKX2_conserved	AF-A0A7Y3W177-F1-model_v4_conserved	9.774E-01	9.563E-01	9.461E-01	64.400	90	90	91
Q8GKX2_conserved	A0A077EG89_conserved	9.728E-01	9.519E-01	9.519E-01	44.900	90	89	90
Q8GKX2_conserved	L7X1X1_conserved	9.763E-01	9.552E-01	9.451E-01	58.800	90	90	91
Q8GKX2_conserved	AF-Q9RB01-F1-model_v4_conserved	9.720E-01	9.512E-01	9.512E-01	43.800	90	89	90
Q8GKX2_conserved	AF-A0A7T8ZCD9-F1-model_v4_conserved	9.690E-01	9.480E-01	9.480E-01	52.200	90	90	90
Q8GKX2_conserved	AF-A0A6M4NN58-F1-model_v4_conserved	9.755E-01	9.545E-01	9.444E-01	60.000	90	90	91
Q8GKX2_conserved	AF-A0A7U3MVS9-F1-model_v4_conserved	9.719E-01	9.511E-01	9.511E-01	49.400	90	89	90
Q8GKX2_conserved	SHD-1_conserved	9.750E-01	9.540E-01	9.439E-01	55.500	90	90	91
Q8GKX2_conserved	ANA-1_conserved	9.751E-01	9.542E-01	9.440E-01	56.600	90	90	91
Q8GKX2_conserved	ECV-1_conserved	9.678E-01	9.470E-01	9.470E-01	55.500	90	90	90
Q8GKX2_conserved	AF-C5BSS3-F1-model_v4_conserved	9.741E-01	9.532E-01	9.430E-01	57.700	90	90	91
Q8GKX2_conserved	Q704V1_conserved	9.743E-01	9.534E-01	9.432E-01	56.600	90	90	91
Q8GKX2_conserved	A0A1Z3FWF5_conserved	9.732E-01	9.523E-01	9.422E-01	52.200	90	90	91
Q8GKX2_conserved	A0A3G3C0Q6_conserved	9.731E-01	9.523E-01	9.421E-01	52.200	90	90	91
Q8GKX2_conserved	A0A1P8C735_conserved	9.731E-01	9.523E-01	9.422E-01	53.300	90	90	91
Q8GKX2_conserved	A0A650AXL4_conserved	9.726E-01	9.517E-01	9.416E-01	58.800	90	90	91
Q8GKX2_conserved	A0A1P8VH15_conserved	9.728E-01	9.519E-01	9.418E-01	52.200	90	90	91
Q8GKX2_conserved	AF-A0A8E7DAJ6-F1-model_v6_conserved	9.727E-01	9.519E-01	9.418E-01	53.300	90	90	91
Q8GKX2_conserved	S5ZIP8_conserved	9.727E-01	9.518E-01	9.417E-01	52.200	90	90	91
Q8GKX2_conserved	A0A0B5ECY2_conserved	9.726E-01	9.517E-01	9.416E-01	52.200	90	90	91
Q8GKX2_conserved	AF-A0A3G5BD68-F1-model_v4_conserved	9.725E-01	9.517E-01	9.416E-01	52.200	90	90	91
Q8GKX2_conserved	L0N4W6_conserved	9.719E-01	9.510E-01	9.409E-01	55.500	90	90	91
Q8GKX2_conserved	AF-Q12JE6-F1-model_v4_conserved	9.714E-01	9.506E-01	9.405E-01	56.600	90	90	91
Q8GKX2_conserved	Q8RMB8_conserved	9.678E-01	9.471E-01	9.471E-01	46.000	90	89	90
Q8GKX2_conserved	AF-A0A191Z3S9-F1-model_v4_conserved	9.663E-01	9.456E-01	9.456E-01	51.600	90	89	90
Q8GKX2_conserved	STA-1_conserved	9.698E-01	9.491E-01	9.390E-01	56.600	90	90	91
Q8GKX2_conserved	AF-A0A844TY23-F1-model_v4_conserved	9.657E-01	9.451E-01	9.451E-01	50.500	90	89	90
Q8GKX2_conserved	Q8GPN1_conserved	9.647E-01	9.442E-01	9.442E-01	49.400	90	89	90
Q8GKX2_conserved	P25910_conserved	9.681E-01	9.474E-01	9.374E-01	56.600	90	90	91
Q8GKX2_conserved	Q8G9Q0_conserved	9.643E-01	9.438E-01	9.438E-01	52.800	90	89	90
Q8GKX2_conserved	AF-A0A0U3H0V9-F1-model_v4_conserved	9.560E-01	9.355E-01	9.457E-01	48.800	90	90	89
Q8GKX2_conserved	AF-A0A6B7ELH8-F1-model_v4_conserved	9.615E-01	9.409E-01	9.409E-01	48.800	90	90	90
Q8GKX2_conserved	BMHC-1_conserved	9.604E-01	9.398E-01	9.398E-01	47.700	90	90	90
Q8GKX2_conserved	A0A161H7D8_conserved	9.656E-01	9.450E-01	9.350E-01	55.500	90	90	91
Q8GKX2_conserved	AF-G0L217-F1-model_v4_conserved	9.592E-01	9.387E-01	9.387E-01	53.300	90	90	90
Q8GKX2_conserved	Q8GPN2_conserved	9.617E-01	9.413E-01	9.413E-01	49.400	90	89	90
Q8GKX2_conserved	AF-Q1DF71-F1-model_v4_conserved	9.654E-01	9.449E-01	9.349E-01	62.200	90	90	91
Q8GKX2_conserved	ALI-2_conserved	9.655E-01	9.449E-01	9.350E-01	62.200	90	90	91
Q8GKX2_conserved	A0A0H3YDR5_conserved	9.610E-01	9.406E-01	9.406E-01	49.400	90	89	90
Q8GKX2_conserved	AF-A0A4Y8LBX5-F1-model_v4_conserved	9.642E-01	9.436E-01	9.337E-01	62.200	90	90	91
Q8GKX2_conserved	ALI-1_conserved	9.640E-01	9.435E-01	9.335E-01	56.600	90	90	91
Q8GKX2_conserved	A8R403_conserved	9.625E-01	9.420E-01	9.321E-01	60.000	90	90	91
Q8GKX2_conserved	Q08I33_conserved	9.586E-01	9.382E-01	9.382E-01	43.800	90	89	90
Q8GKX2_conserved	Q9F921_conserved	9.582E-01	9.378E-01	9.378E-01	46.000	90	89	90
Q8GKX2_conserved	Q9ETN2_conserved	9.580E-01	9.377E-01	9.377E-01	44.900	90	89	90
Q8GKX2_conserved	D2KCJ9_conserved	9.570E-01	9.367E-01	9.367E-01	42.600	90	89	90
Q8GKX2_conserved	D2K7P0_conserved	9.575E-01	9.372E-01	9.372E-01	43.800	90	89	90
Q8GKX2_conserved	E2GLP7_conserved	9.572E-01	9.369E-01	9.369E-01	44.900	90	89	90
Q8GKX2_conserved	Q6JE29_conserved	9.566E-01	9.363E-01	9.363E-01	43.800	90	89	90
Q8GKX2_conserved	Q9EU43_conserved	9.565E-01	9.362E-01	9.362E-01	44.900	90	89	90
Q8GKX2_conserved	Q9X482_conserved	9.565E-01	9.363E-01	9.363E-01	43.800	90	89	90
Q8GKX2_conserved	Q8VT48_conserved	9.564E-01	9.362E-01	9.362E-01	42.600	90	89	90
Q8GKX2_conserved	A0A0N9HJI8_conserved	9.553E-01	9.351E-01	9.351E-01	42.600	90	89	90
Q8GKX2_conserved	A0A097J9I0_conserved	9.590E-01	9.386E-01	9.287E-01	52.200	90	90	91
Q8GKX2_conserved	SPS-1_conserved	9.528E-01	9.327E-01	9.426E-01	48.300	90	89	89
Q8GKX2_conserved	B0FWK3_conserved	9.583E-01	9.380E-01	9.281E-01	56.600	90	90	91
Q8GKX2_conserved	B2ZTD9_conserved	9.583E-01	9.380E-01	9.281E-01	54.400	90	90	91
Q8GKX2_conserved	Q8VLM7_conserved	9.581E-01	9.377E-01	9.279E-01	54.400	90	90	91
Q8GKX2_conserved	A0A0H4IUK3_conserved	9.582E-01	9.378E-01	9.280E-01	53.300	90	90	91
Q8GKX2_conserved	F8UQX1_conserved	9.580E-01	9.377E-01	9.278E-01	54.400	90	90	91
Q8GKX2_conserved	Q9F6Z8_conserved	9.578E-01	9.375E-01	9.276E-01	53.300	90	90	91
Q8GKX2_conserved	A0A0D5ZZW5_conserved	9.577E-01	9.374E-01	9.276E-01	56.600	90	90	91
Q8GKX2_conserved	Q8GIW8_conserved	9.577E-01	9.374E-01	9.275E-01	55.500	90	90	91
Q8GKX2_conserved	G4WB26_conserved	9.577E-01	9.374E-01	9.275E-01	55.500	90	90	91
Q8GKX2_conserved	S5WLJ9_conserved	9.573E-01	9.370E-01	9.272E-01	50.000	90	90	91
Q8GKX2_conserved	Q53CM3_conserved	9.572E-01	9.369E-01	9.271E-01	54.400	90	90	91
Q8GKX2_conserved	I7CP04_conserved	9.572E-01	9.369E-01	9.271E-01	50.000	90	90	91
Q8GKX2_conserved	Q8GQK7_conserved	9.534E-01	9.332E-01	9.332E-01	42.600	90	89	90
Q8GKX2_conserved	F5ANL2_conserved	9.570E-01	9.367E-01	9.269E-01	55.500	90	90	91
Q8GKX2_conserved	Q1A2Z1_conserved	9.569E-01	9.366E-01	9.268E-01	53.300	90	90	91
Q8GKX2_conserved	Q9AHY6_conserved	9.568E-01	9.365E-01	9.267E-01	55.500	90	90	91
Q8GKX2_conserved	A8QUY6_conserved	9.567E-01	9.364E-01	9.266E-01	53.300	90	90	91
Q8GKX2_conserved	Q7WYA8_conserved	9.565E-01	9.362E-01	9.264E-01	52.200	90	90	91
Q8GKX2_conserved	A0A0S2MTX2_conserved	9.564E-01	9.361E-01	9.263E-01	51.100	90	90	91
Q8GKX2_conserved	Q70E85_conserved	9.565E-01	9.362E-01	9.264E-01	53.300	90	90	91
Q8GKX2_conserved	Q79MP6_conserved	9.558E-01	9.355E-01	9.257E-01	53.300	90	90	91
Q8GKX2_conserved	G9JKG5_conserved	9.557E-01	9.354E-01	9.256E-01	53.300	90	90	91
Q8GKX2_conserved	AF-A0A1B2F003-F1-model_v4_conserved	9.541E-01	9.339E-01	9.241E-01	55.500	90	90	91
Q8VLM7_conserved	Q8VLM7_conserved	1.011E+00	1.000E+00	1.000E+00	100.000	91	91	91
Q8VLM7_conserved	G4WB26_conserved	1.008E+00	9.971E-01	9.971E-01	96.700	91	91	91
Q8VLM7_conserved	B2ZTD9_conserved	1.008E+00	9.970E-01	9.970E-01	92.300	91	91	91
Q8VLM7_conserved	Q53CM3_conserved	1.007E+00	9.955E-01	9.955E-01	97.800	91	91	91
Q8VLM7_conserved	Q9AHY6_conserved	1.006E+00	9.952E-01	9.952E-01	97.800	91	91	91
Q8VLM7_conserved	A0A097J9I0_conserved	1.007E+00	9.957E-01	9.957E-01	93.400	91	91	91
Q8VLM7_conserved	Q79MP6_conserved	1.006E+00	9.953E-01	9.953E-01	98.900	91	91	91
Q8VLM7_conserved	F5ANL2_conserved	1.005E+00	9.940E-01	9.940E-01	98.900	91	91	91
Q8VLM7_conserved	F8UQX1_conserved	1.005E+00	9.945E-01	9.945E-01	92.300	91	91	91
Q8VLM7_conserved	G9JKG5_conserved	1.005E+00	9.940E-01	9.940E-01	96.700	91	91	91
Q8VLM7_conserved	I7CP04_conserved	1.005E+00	9.938E-01	9.938E-01	92.300	91	91	91
Q8VLM7_conserved	A0A0D5ZZW5_conserved	1.003E+00	9.922E-01	9.922E-01	96.700	91	91	91
Q8VLM7_conserved	Q70E85_conserved	1.003E+00	9.922E-01	9.922E-01	97.800	91	91	91
Q8VLM7_conserved	Q8GIW8_conserved	1.003E+00	9.919E-01	9.919E-01	96.700	91	91	91
Q8VLM7_conserved	Q1A2Z1_conserved	1.002E+00	9.908E-01	9.908E-01	98.900	91	91	91
Q8VLM7_conserved	Q7WYA8_conserved	1.002E+00	9.913E-01	9.913E-01	95.600	91	91	91
Q8VLM7_conserved	B0FWK3_conserved	1.002E+00	9.908E-01	9.908E-01	94.500	91	91	91
Q8VLM7_conserved	A8QUY6_conserved	1.002E+00	9.906E-01	9.906E-01	96.700	91	91	91
Q8VLM7_conserved	S5WLJ9_conserved	1.002E+00	9.907E-01	9.907E-01	92.300	91	91	91
Q8VLM7_conserved	Q9F6Z8_conserved	1.011E+00	9.885E-01	9.885E-01	98.800	91	90	91
Q8VLM7_conserved	A0A0S2MTX2_conserved	1.010E+00	9.882E-01	9.882E-01	96.600	91	90	91
Q8VLM7_conserved	A0A0H4IUK3_conserved	1.009E+00	9.872E-01	9.872E-01	94.400	91	90	91
Q8VLM7_conserved	AF-A0A1B2F003-F1-model_v4_conserved	1.009E+00	9.871E-01	9.871E-01	88.800	91	90	91
Q8VLM7_conserved	A0A161H7D8_conserved	9.977E-01	9.868E-01	9.868E-01	85.700	91	91	91
Q8VLM7_conserved	A8R403_conserved	1.007E+00	9.846E-01	9.846E-01	86.600	91	90	91
Q8VLM7_conserved	L7X1X1_conserved	9.903E-01	9.796E-01	9.796E-01	73.600	91	91	91
Q8VLM7_conserved	AF-A0A7Y3W177-F1-model_v4_conserved	9.874E-01	9.767E-01	9.767E-01	79.100	91	91	91
Q8VLM7_conserved	L0N4W6_conserved	9.956E-01	9.740E-01	9.740E-01	75.500	91	90	91
Q8VLM7_conserved	AF-C5BSS3-F1-model_v4_conserved	9.942E-01	9.726E-01	9.726E-01	75.500	91	90	91
Q8VLM7_conserved	Q704V1_conserved	9.934E-01	9.719E-01	9.719E-01	74.400	91	90	91
Q8VLM7_conserved	SHD-1_conserved	9.933E-01	9.717E-01	9.717E-01	73.300	91	90	91
Q8VLM7_conserved	A0A650AXL4_conserved	9.931E-01	9.716E-01	9.716E-01	70.000	91	90	91
Q8VLM7_conserved	AF-A0A1L6K5Z3-F1-model_v4_conserved	9.950E-01	9.626E-01	9.732E-01	76.600	91	90	90
Q8VLM7_conserved	AF-A0A6M4NN58-F1-model_v4_conserved	9.905E-01	9.691E-01	9.691E-01	68.800	91	90	91
Q8VLM7_conserved	Q53BU0_conserved	9.863E-01	9.650E-01	9.755E-01	66.600	91	90	90
Q8VLM7_conserved	AF-Q12JE6-F1-model_v4_conserved	9.879E-01	9.666E-01	9.666E-01	73.300	91	90	91
Q8VLM7_conserved	Q53BU1_conserved	9.816E-01	9.606E-01	9.710E-01	68.800	91	90	90
Q8VLM7_conserved	K7SA42_conserved	9.799E-01	9.589E-01	9.589E-01	57.700	91	90	91
Q8VLM7_conserved	AF-A0A1L6K5Y5-F1-model_v4_conserved	9.799E-01	9.484E-01	9.587E-01	60.000	91	90	90
Q8VLM7_conserved	AF-A0A3G5BD68-F1-model_v4_conserved	9.764E-01	9.556E-01	9.556E-01	54.400	91	90	91
Q8VLM7_conserved	A0A3G3C0Q6_conserved	9.760E-01	9.552E-01	9.552E-01	54.400	91	90	91
Q8VLM7_conserved	STA-1_conserved	9.757E-01	9.550E-01	9.550E-01	55.500	91	90	91
Q8VLM7_conserved	AF-A0A8E7DAJ6-F1-model_v6_conserved	9.758E-01	9.550E-01	9.550E-01	55.500	91	90	91
Q8VLM7_conserved	A0A1Z3FWF5_conserved	9.757E-01	9.549E-01	9.549E-01	54.400	91	90	91
Q8VLM7_conserved	A0A1P8VH15_conserved	9.756E-01	9.549E-01	9.549E-01	54.400	91	90	91
Q8VLM7_conserved	A0A0B5ECY2_conserved	9.755E-01	9.547E-01	9.547E-01	54.400	91	90	91
Q8VLM7_conserved	S5ZIP8_conserved	9.755E-01	9.547E-01	9.547E-01	54.400	91	90	91
Q8VLM7_conserved	A0A1P8C735_conserved	9.752E-01	9.545E-01	9.545E-01	55.500	91	90	91
Q8VLM7_conserved	ALI-2_conserved	9.711E-01	9.502E-01	9.502E-01	56.000	91	91	91
Q8VLM7_conserved	AF-Q1DF71-F1-model_v4_conserved	9.741E-01	9.533E-01	9.533E-01	53.300	91	90	91
Q8VLM7_conserved	ALI-1_conserved	9.703E-01	9.495E-01	9.495E-01	61.500	91	91	91
Q8VLM7_conserved	AF-A0A4Y8LBX5-F1-model_v4_conserved	9.732E-01	9.525E-01	9.525E-01	63.300	91	90	91
Q8VLM7_conserved	ORR-1_conserved	9.744E-01	9.433E-01	9.534E-01	55.500	91	90	90
Q8VLM7_conserved	AF-A0A7T8ZCD9-F1-model_v4_conserved	9.742E-01	9.431E-01	9.532E-01	52.200	91	90	90
Q8VLM7_conserved	AF-G0L217-F1-model_v4_conserved	9.742E-01	9.431E-01	9.532E-01	53.300	91	90	90
Q8VLM7_conserved	ECV-1_conserved	9.740E-01	9.429E-01	9.531E-01	54.400	91	90	90
Q8VLM7_conserved	AF-A0A6B7ELH8-F1-model_v4_conserved	9.736E-01	9.425E-01	9.527E-01	58.800	91	90	90
Q8VLM7_conserved	BMHC-1_conserved	9.725E-01	9.415E-01	9.516E-01	52.200	91	90	90
Q8VLM7_conserved	A0A0C5L398_conserved	9.708E-01	9.399E-01	9.500E-01	47.700	91	90	90
Q8VLM7_conserved	ANA-1_conserved	9.647E-01	9.444E-01	9.444E-01	55.500	91	90	91
Q8VLM7_conserved	Q6SPY5_conserved	9.682E-01	9.375E-01	9.475E-01	57.700	91	90	90
Q8VLM7_conserved	P14488_conserved	9.682E-01	9.374E-01	9.474E-01	58.800	91	90	90
Q8VLM7_conserved	AF-I0KEZ6-F1-model_v4_conserved	9.668E-01	9.361E-01	9.461E-01	53.300	91	90	90
Q8VLM7_conserved	Q8G9Q0_conserved	9.660E-01	9.354E-01	9.454E-01	52.200	91	90	90
Q8VLM7_conserved	AF-A0A0U3H0V9-F1-model_v4_conserved	9.605E-01	9.300E-01	9.501E-01	55.500	91	90	89
Q8VLM7_conserved	P25910_conserved	9.607E-01	9.405E-01	9.405E-01	57.700	91	90	91
Q8VLM7_conserved	Q8RMB8_conserved	9.628E-01	9.323E-01	9.423E-01	45.500	91	90	90
Q8VLM7_conserved	A0A2R4PHC7_conserved	9.619E-01	9.315E-01	9.414E-01	58.800	91	90	90
Q8VLM7_conserved	Q8GPN1_conserved	9.606E-01	9.302E-01	9.401E-01	53.300	91	90	90
Q8VLM7_conserved	AF-A0A191Z3S9-F1-model_v4_conserved	9.594E-01	9.291E-01	9.390E-01	48.800	91	90	90
Q8VLM7_conserved	AF-A0A844TY23-F1-model_v4_conserved	9.595E-01	9.292E-01	9.391E-01	55.500	91	90	90
Q8VLM7_conserved	A0A0H3YDR5_conserved	9.594E-01	9.291E-01	9.390E-01	52.200	91	90	90
Q8VLM7_conserved	Q8GPN2_conserved	9.586E-01	9.283E-01	9.382E-01	51.100	91	90	90
Q8VLM7_conserved	Q840P9_conserved	9.586E-01	9.284E-01	9.382E-01	55.500	91	90	90
Q8VLM7_conserved	Q8GKX2_conserved	9.581E-01	9.279E-01	9.377E-01	54.400	91	90	90
Q8VLM7_conserved	Q2HY42_conserved	9.577E-01	9.276E-01	9.374E-01	55.500	91	90	90
Q8VLM7_conserved	Q9XAY4_conserved	9.571E-01	9.270E-01	9.368E-01	54.400	91	90	90
Q8VLM7_conserved	SPS-1_conserved	9.545E-01	9.246E-01	9.443E-01	50.000	91	90	89
Q8VLM7_conserved	E5G503_conserved	9.569E-01	9.268E-01	9.366E-01	54.400	91	90	90
Q8VLM7_conserved	Q3YBY0_conserved	9.566E-01	9.264E-01	9.363E-01	54.400	91	90	90
Q8VLM7_conserved	AF-A0A7U3MVS9-F1-model_v4_conserved	9.564E-01	9.263E-01	9.361E-01	45.500	91	90	90
Q8VLM7_conserved	I3RJZ3_conserved	9.550E-01	9.249E-01	9.347E-01	53.300	91	90	90
Q8VLM7_conserved	B4YAJ7_conserved	9.548E-01	9.248E-01	9.346E-01	53.300	91	90	90
Q8VLM7_conserved	Q9ETN2_conserved	9.457E-01	9.259E-01	9.357E-01	49.400	91	91	90
Q8VLM7_conserved	Q9F629_conserved	9.533E-01	9.234E-01	9.332E-01	53.300	91	90	90
Q8VLM7_conserved	A7WPA3_conserved	9.534E-01	9.234E-01	9.332E-01	53.300	91	90	90
Q8VLM7_conserved	Q9EU43_conserved	9.454E-01	9.257E-01	9.354E-01	48.300	91	91	90
Q8VLM7_conserved	Q9F921_conserved	9.422E-01	9.226E-01	9.323E-01	49.400	91	91	90
Q8VLM7_conserved	Q08I33_conserved	9.509E-01	9.211E-01	9.308E-01	46.600	91	90	90
Q8VLM7_conserved	D2K7P0_conserved	9.416E-01	9.220E-01	9.317E-01	47.200	91	91	90
Q8VLM7_conserved	Q8VT48_conserved	9.500E-01	9.202E-01	9.299E-01	47.700	91	90	90
Q8VLM7_conserved	A0A0N9HJI8_conserved	9.488E-01	9.190E-01	9.287E-01	48.800	91	90	90
Q8VLM7_conserved	E2GLP7_conserved	9.489E-01	9.192E-01	9.289E-01	47.700	91	90	90
Q8VLM7_conserved	Q6JE29_conserved	9.397E-01	9.202E-01	9.298E-01	47.200	91	91	90
Q8VLM7_conserved	Q9X482_conserved	9.394E-01	9.199E-01	9.296E-01	47.200	91	91	90
Q8VLM7_conserved	AF-Q9RB01-F1-model_v4_conserved	9.473E-01	9.177E-01	9.273E-01	47.700	91	90	90
Q8VLM7_conserved	A0A077EG89_conserved	9.471E-01	9.176E-01	9.272E-01	47.700	91	90	90
Q8VLM7_conserved	Q8GQK7_conserved	9.453E-01	9.157E-01	9.253E-01	48.800	91	90	90
Q8VLM7_conserved	D2KCJ9_conserved	9.367E-01	9.172E-01	9.268E-01	46.100	91	91	90
Q9F921_conserved	Q9F921_conserved	1.011E+00	1.000E+00	1.000E+00	100.000	90	90	90
Q9F921_conserved	Q9ETN2_conserved	1.003E+00	9.916E-01	9.916E-01	95.500	90	90	90
Q9F921_conserved	Q8VT48_conserved	1.010E+00	9.873E-01	9.873E-01	95.500	90	89	90
Q9F921_conserved	Q9EU43_conserved	9.998E-01	9.888E-01	9.888E-01	94.400	90	90	90
Q9F921_conserved	E2GLP7_conserved	9.993E-01	9.882E-01	9.882E-01	94.400	90	90	90
Q9F921_conserved	D2K7P0_conserved	1.009E+00	9.869E-01	9.869E-01	93.200	90	89	90
Q9F921_conserved	Q08I33_conserved	1.009E+00	9.866E-01	9.866E-01	93.200	90	89	90
Q9F921_conserved	Q6JE29_conserved	9.986E-01	9.875E-01	9.875E-01	93.300	90	90	90
Q9F921_conserved	Q9X482_conserved	9.987E-01	9.877E-01	9.877E-01	93.300	90	90	90
Q9F921_conserved	D2KCJ9_conserved	1.004E+00	9.814E-01	9.814E-01	92.100	90	89	90
Q9F921_conserved	A0A0N9HJI8_conserved	1.001E+00	9.794E-01	9.794E-01	85.300	90	89	90
Q9F921_conserved	Q8GQK7_conserved	1.001E+00	9.792E-01	9.792E-01	85.300	90	89	90
Q9F921_conserved	A0A077EG89_conserved	9.839E-01	9.625E-01	9.625E-01	67.400	90	89	90
Q9F921_conserved	Q8GPN1_conserved	9.847E-01	9.633E-01	9.633E-01	67.400	90	89	90
Q9F921_conserved	A0A0C5L398_conserved	9.830E-01	9.617E-01	9.617E-01	67.400	90	89	90
Q9F921_conserved	AF-A0A844TY23-F1-model_v4_conserved	9.835E-01	9.621E-01	9.621E-01	69.600	90	89	90
Q9F921_conserved	AF-Q9RB01-F1-model_v4_conserved	9.822E-01	9.609E-01	9.609E-01	66.200	90	89	90
Q9F921_conserved	AF-A0A191Z3S9-F1-model_v4_conserved	9.830E-01	9.617E-01	9.617E-01	66.200	90	89	90
Q9F921_conserved	A0A0H3YDR5_conserved	9.827E-01	9.614E-01	9.614E-01	65.100	90	89	90
Q9F921_conserved	Q8GPN2_conserved	9.824E-01	9.611E-01	9.611E-01	66.200	90	89	90
Q9F921_conserved	Q8RMB8_conserved	9.791E-01	9.580E-01	9.580E-01	64.000	90	89	90
Q9F921_conserved	Q53BU0_conserved	9.726E-01	9.516E-01	9.516E-01	56.600	90	90	90
Q9F921_conserved	A0A2R4PHC7_conserved	9.727E-01	9.518E-01	9.518E-01	56.100	90	89	90
Q9F921_conserved	Q53BU1_conserved	9.712E-01	9.503E-01	9.503E-01	58.800	90	90	90
Q9F921_conserved	AF-A0A1L6K5Y5-F1-model_v4_conserved	9.700E-01	9.492E-01	9.492E-01	53.900	90	89	90
Q9F921_conserved	AF-A0A6M4NN58-F1-model_v4_conserved	9.735E-01	9.525E-01	9.424E-01	57.700	90	90	91
Q9F921_conserved	AF-I0KEZ6-F1-model_v4_conserved	9.695E-01	9.487E-01	9.487E-01	55.000	90	89	90
Q9F921_conserved	A0A650AXL4_conserved	9.715E-01	9.506E-01	9.405E-01	56.600	90	90	91
Q9F921_conserved	Q6SPY5_conserved	9.667E-01	9.461E-01	9.461E-01	53.900	90	89	90
Q9F921_conserved	AF-A0A1L6K5Z3-F1-model_v4_conserved	9.658E-01	9.451E-01	9.451E-01	51.600	90	89	90
Q9F921_conserved	P14488_conserved	9.657E-01	9.451E-01	9.451E-01	53.900	90	89	90
Q9F921_conserved	AF-A0A7Y3W177-F1-model_v4_conserved	9.646E-01	9.439E-01	9.339E-01	50.000	90	90	91
Q9F921_conserved	SHD-1_conserved	9.642E-01	9.436E-01	9.336E-01	53.300	90	90	91
Q9F921_conserved	L7X1X1_conserved	9.643E-01	9.437E-01	9.337E-01	56.600	90	90	91
Q9F921_conserved	AF-Q12JE6-F1-model_v4_conserved	9.628E-01	9.422E-01	9.323E-01	53.300	90	90	91
Q9F921_conserved	AF-C5BSS3-F1-model_v4_conserved	9.627E-01	9.422E-01	9.322E-01	54.400	90	90	91
Q9F921_conserved	Q704V1_conserved	9.624E-01	9.419E-01	9.319E-01	48.800	90	90	91
Q9F921_conserved	Q3YBY0_conserved	9.585E-01	9.381E-01	9.381E-01	46.000	90	89	90
Q9F921_conserved	Q840P9_conserved	9.583E-01	9.379E-01	9.379E-01	47.100	90	89	90
Q9F921_conserved	Q8GKX2_conserved	9.582E-01	9.378E-01	9.378E-01	46.000	90	89	90
Q9F921_conserved	E5G503_conserved	9.581E-01	9.378E-01	9.378E-01	46.000	90	89	90
Q9F921_conserved	Q9XAY4_conserved	9.579E-01	9.376E-01	9.376E-01	46.000	90	89	90
Q9F921_conserved	Q2HY42_conserved	9.579E-01	9.376E-01	9.376E-01	46.000	90	89	90
Q9F921_conserved	B4YAJ7_conserved	9.576E-01	9.373E-01	9.373E-01	44.900	90	89	90
Q9F921_conserved	I3RJZ3_conserved	9.576E-01	9.373E-01	9.373E-01	44.900	90	89	90
Q9F921_conserved	AF-A0A4Y8LBX5-F1-model_v4_conserved	9.602E-01	9.397E-01	9.298E-01	52.200	90	90	91
Q9F921_conserved	A7WPA3_conserved	9.575E-01	9.372E-01	9.372E-01	44.900	90	89	90
Q9F921_conserved	Q9F629_conserved	9.569E-01	9.366E-01	9.366E-01	44.900	90	89	90
Q9F921_conserved	L0N4W6_conserved	9.595E-01	9.391E-01	9.292E-01	53.300	90	90	91
Q9F921_conserved	ALI-2_conserved	9.570E-01	9.367E-01	9.269E-01	51.100	90	90	91
Q9F921_conserved	STA-1_conserved	9.563E-01	9.360E-01	9.261E-01	54.400	90	90	91
Q9F921_conserved	A8R403_conserved	9.555E-01	9.352E-01	9.254E-01	53.300	90	90	91
Q9F921_conserved	ALI-1_conserved	9.556E-01	9.353E-01	9.255E-01	47.700	90	90	91
Q9F921_conserved	K7SA42_conserved	9.563E-01	9.360E-01	9.262E-01	41.100	90	90	91
Q9F921_conserved	P25910_conserved	9.549E-01	9.347E-01	9.249E-01	46.600	90	90	91
Q9F921_conserved	A0A161H7D8_conserved	9.545E-01	9.343E-01	9.245E-01	47.700	90	90	91
Q9F921_conserved	Q1A2Z1_conserved	9.466E-01	9.367E-01	9.269E-01	49.400	90	91	91
Q9F921_conserved	B0FWK3_conserved	9.450E-01	9.350E-01	9.253E-01	50.500	90	91	91
Q9F921_conserved	A8QUY6_conserved	9.445E-01	9.346E-01	9.248E-01	48.300	90	91	91
Q9F921_conserved	ANA-1_conserved	9.533E-01	9.331E-01	9.234E-01	51.100	90	90	91
Q9F921_conserved	A0A097J9I0_conserved	9.520E-01	9.319E-01	9.221E-01	48.800	90	90	91
Q9F921_conserved	A0A0D5ZZW5_conserved	9.428E-01	9.329E-01	9.231E-01	51.600	90	91	91
Q9F921_conserved	Q8VLM7_conserved	9.422E-01	9.323E-01	9.226E-01	49.400	90	91	91
Q9F921_conserved	F5ANL2_conserved	9.424E-01	9.325E-01	9.228E-01	50.500	90	91	91
Q9F921_conserved	Q53CM3_conserved	9.420E-01	9.321E-01	9.224E-01	49.400	90	91	91
Q9F921_conserved	I7CP04_conserved	9.415E-01	9.316E-01	9.219E-01	48.300	90	91	91
Q9F921_conserved	Q8GIW8_conserved	9.503E-01	9.302E-01	9.204E-01	48.800	90	90	91
Q9F921_conserved	A0A0H4IUK3_conserved	9.501E-01	9.300E-01	9.203E-01	47.700	90	90	91
Q9F921_conserved	S5WLJ9_conserved	9.501E-01	9.300E-01	9.203E-01	47.700	90	90	91
Q9F921_conserved	B2ZTD9_conserved	9.408E-01	9.309E-01	9.212E-01	48.300	90	91	91
Q9F921_conserved	F8UQX1_conserved	9.410E-01	9.311E-01	9.214E-01	49.400	90	91	91
Q9F921_conserved	Q9F6Z8_conserved	9.498E-01	9.297E-01	9.200E-01	47.700	90	90	91
Q9F921_conserved	Q70E85_conserved	9.409E-01	9.310E-01	9.213E-01	49.400	90	91	91
Q9F921_conserved	Q7WYA8_conserved	9.409E-01	9.310E-01	9.213E-01	47.200	90	91	91
Q9F921_conserved	G9JKG5_conserved	9.411E-01	9.313E-01	9.216E-01	48.300	90	91	91
Q9F921_conserved	G4WB26_conserved	9.496E-01	9.295E-01	9.198E-01	50.000	90	90	91
Q9F921_conserved	A0A0S2MTX2_conserved	9.495E-01	9.294E-01	9.197E-01	46.600	90	90	91
Q9F921_conserved	AF-A0A1B2F003-F1-model_v4_conserved	9.488E-01	9.288E-01	9.191E-01	52.200	90	90	91
Q9F921_conserved	Q9AHY6_conserved	9.488E-01	9.287E-01	9.190E-01	50.000	90	90	91
Q9F921_conserved	Q79MP6_conserved	9.487E-01	9.287E-01	9.190E-01	47.700	90	90	91
Q9F921_conserved	AF-Q1DF71-F1-model_v4_conserved	9.466E-01	9.267E-01	9.170E-01	50.000	90	90	91
Q9F921_conserved	ORR-1_conserved	9.387E-01	9.189E-01	9.189E-01	46.600	90	90	90
Q9F921_conserved	AF-A0A3G5BD68-F1-model_v4_conserved	9.441E-01	9.243E-01	9.148E-01	37.700	90	90	91
Q9F921_conserved	AF-G0L217-F1-model_v4_conserved	9.370E-01	9.173E-01	9.173E-01	47.700	90	90	90
Q9F921_conserved	ECV-1_conserved	9.370E-01	9.173E-01	9.173E-01	48.800	90	90	90
Q9F921_conserved	A0A1Z3FWF5_conserved	9.436E-01	9.239E-01	9.143E-01	37.700	90	90	91
Q9F921_conserved	A0A3G3C0Q6_conserved	9.436E-01	9.238E-01	9.142E-01	37.700	90	90	91
Q9F921_conserved	AF-A0A8E7DAJ6-F1-model_v6_conserved	9.434E-01	9.236E-01	9.141E-01	38.800	90	90	91
Q9F921_conserved	A0A1P8C735_conserved	9.433E-01	9.235E-01	9.140E-01	38.800	90	90	91
Q9F921_conserved	A0A1P8VH15_conserved	9.433E-01	9.235E-01	9.140E-01	37.700	90	90	91
Q9F921_conserved	S5ZIP8_conserved	9.433E-01	9.236E-01	9.140E-01	37.700	90	90	91
Q9F921_conserved	A0A0B5ECY2_conserved	9.430E-01	9.232E-01	9.137E-01	37.700	90	90	91
Q9F921_conserved	SPS-1_conserved	9.352E-01	9.157E-01	9.254E-01	41.500	90	89	89
Q9F921_conserved	AF-A0A7U3MVS9-F1-model_v4_conserved	9.381E-01	9.185E-01	9.185E-01	48.300	90	89	90
Q9F921_conserved	AF-A0A7T8ZCD9-F1-model_v4_conserved	9.340E-01	9.144E-01	9.144E-01	46.600	90	90	90
Q9F921_conserved	AF-A0A6B7ELH8-F1-model_v4_conserved	9.314E-01	9.119E-01	9.119E-01	50.000	90	90	90
Q9F921_conserved	AF-A0A0U3H0V9-F1-model_v4_conserved	9.246E-01	9.053E-01	9.149E-01	47.700	90	90	89
Q9F921_conserved	BMHC-1_conserved	9.289E-01	9.095E-01	9.095E-01	44.400	90	90	90
Q9F921_conserved	Q8G9Q0_conserved	9.301E-01	9.108E-01	9.108E-01	47.100	90	89	90
SPS-1_conserved	SPS-1_conserved	1.011E+00	1.000E+00	1.000E+00	100.000	89	89	89
SPS-1_conserved	ANA-1_conserved	9.805E-01	9.698E-01	9.491E-01	45.500	89	90	91
SPS-1_conserved	Q8G9Q0_conserved	9.742E-01	9.636E-01	9.532E-01	53.900	89	89	90
SPS-1_conserved	AF-G0L217-F1-model_v4_conserved	9.711E-01	9.604E-01	9.500E-01	45.500	89	90	90
SPS-1_conserved	A0A2R4PHC7_conserved	9.731E-01	9.625E-01	9.522E-01	46.000	89	89	90
SPS-1_conserved	AF-A0A7U3MVS9-F1-model_v4_conserved	9.731E-01	9.625E-01	9.522E-01	50.500	89	89	90
SPS-1_conserved	Q53BU1_conserved	9.722E-01	9.617E-01	9.514E-01	48.800	89	90	90
SPS-1_conserved	AF-A0A7T8ZCD9-F1-model_v4_conserved	9.686E-01	9.580E-01	9.477E-01	46.600	89	90	90
SPS-1_conserved	AF-A0A6B7ELH8-F1-model_v4_conserved	9.678E-01	9.572E-01	9.469E-01	48.800	89	90	90
SPS-1_conserved	Q53BU0_conserved	9.708E-01	9.603E-01	9.500E-01	47.700	89	90	90
SPS-1_conserved	BMHC-1_conserved	9.667E-01	9.561E-01	9.459E-01	44.400	89	90	90
SPS-1_conserved	AF-A0A0U3H0V9-F1-model_v4_conserved	9.608E-01	9.504E-01	9.504E-01	45.500	89	90	89
SPS-1_conserved	ALI-1_conserved	9.730E-01	9.625E-01	9.421E-01	46.600	89	90	91
SPS-1_conserved	AF-A0A1L6K5Z3-F1-model_v4_conserved	9.691E-01	9.586E-01	9.484E-01	57.300	89	89	90
SPS-1_conserved	P25910_conserved	9.717E-01	9.612E-01	9.408E-01	45.500	89	90	91
SPS-1_conserved	AF-I0KEZ6-F1-model_v4_conserved	9.667E-01	9.563E-01	9.461E-01	48.300	89	89	90
SPS-1_conserved	AF-C5BSS3-F1-model_v4_conserved	9.702E-01	9.597E-01	9.393E-01	52.200	89	90	91
SPS-1_conserved	L0N4W6_conserved	9.701E-01	9.596E-01	9.393E-01	51.100	89	90	91
SPS-1_conserved	Q8RMB8_conserved	9.662E-01	9.558E-01	9.456E-01	39.300	89	89	90
SPS-1_conserved	A0A0C5L398_conserved	9.665E-01	9.561E-01	9.459E-01	41.500	89	89	90
SPS-1_conserved	A0A0H3YDR5_conserved	9.658E-01	9.553E-01	9.452E-01	47.100	89	89	90
SPS-1_conserved	Q8GPN2_conserved	9.654E-01	9.550E-01	9.448E-01	46.000	89	89	90
SPS-1_conserved	AF-Q1DF71-F1-model_v4_conserved	9.688E-01	9.583E-01	9.380E-01	48.800	89	90	91
SPS-1_conserved	SHD-1_conserved	9.684E-01	9.580E-01	9.377E-01	51.100	89	90	91
SPS-1_conserved	AF-A0A7Y3W177-F1-model_v4_conserved	9.685E-01	9.580E-01	9.378E-01	51.100	89	90	91
SPS-1_conserved	ECV-1_conserved	9.616E-01	9.512E-01	9.410E-01	46.600	89	90	90
SPS-1_conserved	AF-A0A844TY23-F1-model_v4_conserved	9.645E-01	9.542E-01	9.440E-01	48.300	89	89	90
SPS-1_conserved	Q8GPN1_conserved	9.637E-01	9.533E-01	9.432E-01	47.100	89	89	90
SPS-1_conserved	L7X1X1_conserved	9.665E-01	9.560E-01	9.359E-01	50.000	89	90	91
SPS-1_conserved	Q704V1_conserved	9.663E-01	9.559E-01	9.357E-01	52.200	89	90	91
SPS-1_conserved	STA-1_conserved	9.655E-01	9.551E-01	9.350E-01	47.700	89	90	91
SPS-1_conserved	ALI-2_conserved	9.652E-01	9.548E-01	9.347E-01	46.600	89	90	91
SPS-1_conserved	AF-A0A191Z3S9-F1-model_v4_conserved	9.617E-01	9.514E-01	9.413E-01	46.000	89	89	90
SPS-1_conserved	AF-A0A1L6K5Y5-F1-model_v4_conserved	9.616E-01	9.513E-01	9.412E-01	49.400	89	89	90
SPS-1_conserved	AF-A0A6M4NN58-F1-model_v4_conserved	9.650E-01	9.546E-01	9.345E-01	46.600	89	90	91
SPS-1_conserved	AF-A0A4Y8LBX5-F1-model_v4_conserved	9.633E-01	9.530E-01	9.329E-01	46.600	89	90	91
SPS-1_conserved	A0A650AXL4_conserved	9.634E-01	9.531E-01	9.330E-01	46.600	89	90	91
SPS-1_conserved	AF-Q12JE6-F1-model_v4_conserved	9.628E-01	9.525E-01	9.324E-01	46.600	89	90	91
SPS-1_conserved	P14488_conserved	9.590E-01	9.487E-01	9.387E-01	49.400	89	89	90
SPS-1_conserved	Q6SPY5_conserved	9.585E-01	9.483E-01	9.382E-01	47.100	89	89	90
SPS-1_conserved	A8R403_conserved	9.617E-01	9.514E-01	9.314E-01	53.300	89	90	91
SPS-1_conserved	ORR-1_conserved	9.554E-01	9.451E-01	9.351E-01	47.700	89	90	90
SPS-1_conserved	AF-A0A3G5BD68-F1-model_v4_conserved	9.591E-01	9.489E-01	9.290E-01	36.600	89	90	91
SPS-1_conserved	K7SA42_conserved	9.591E-01	9.488E-01	9.289E-01	42.200	89	90	91
SPS-1_conserved	A0A161H7D8_conserved	9.583E-01	9.480E-01	9.282E-01	51.100	89	90	91
SPS-1_conserved	Q70E85_conserved	9.580E-01	9.477E-01	9.279E-01	48.800	89	90	91
SPS-1_conserved	A0A1P8C735_conserved	9.577E-01	9.474E-01	9.276E-01	36.600	89	90	91
SPS-1_conserved	A0A1Z3FWF5_conserved	9.575E-01	9.473E-01	9.274E-01	36.600	89	90	91
SPS-1_conserved	A0A3G3C0Q6_conserved	9.575E-01	9.472E-01	9.274E-01	36.600	89	90	91
SPS-1_conserved	AF-A0A8E7DAJ6-F1-model_v6_conserved	9.573E-01	9.471E-01	9.273E-01	36.600	89	90	91
SPS-1_conserved	F8UQX1_conserved	9.572E-01	9.470E-01	9.271E-01	50.000	89	90	91
SPS-1_conserved	A0A0B5ECY2_conserved	9.572E-01	9.470E-01	9.271E-01	36.600	89	90	91
SPS-1_conserved	A0A1P8VH15_conserved	9.571E-01	9.469E-01	9.270E-01	36.600	89	90	91
SPS-1_conserved	A0A0D5ZZW5_conserved	9.568E-01	9.465E-01	9.267E-01	50.000	89	90	91
SPS-1_conserved	Q840P9_conserved	9.536E-01	9.435E-01	9.335E-01	49.400	89	89	90
SPS-1_conserved	S5ZIP8_conserved	9.567E-01	9.464E-01	9.266E-01	36.600	89	90	91
SPS-1_conserved	B0FWK3_conserved	9.563E-01	9.461E-01	9.263E-01	51.100	89	90	91
SPS-1_conserved	A0A097J9I0_conserved	9.559E-01	9.457E-01	9.259E-01	47.700	89	90	91
SPS-1_conserved	Q8GKX2_conserved	9.528E-01	9.426E-01	9.327E-01	48.300	89	89	90
SPS-1_conserved	Q9F6Z8_conserved	9.558E-01	9.456E-01	9.258E-01	50.000	89	90	91
SPS-1_conserved	Q2HY42_conserved	9.528E-01	9.427E-01	9.327E-01	48.300	89	89	90
SPS-1_conserved	G4WB26_conserved	9.558E-01	9.456E-01	9.258E-01	48.800	89	90	91
SPS-1_conserved	Q9AHY6_conserved	9.556E-01	9.454E-01	9.256E-01	48.800	89	90	91
SPS-1_conserved	I7CP04_conserved	9.554E-01	9.452E-01	9.255E-01	47.700	89	90	91
SPS-1_conserved	Q8GIW8_conserved	9.554E-01	9.452E-01	9.255E-01	48.800	89	90	91
SPS-1_conserved	E5G503_conserved	9.524E-01	9.423E-01	9.323E-01	48.300	89	89	90
SPS-1_conserved	B2ZTD9_conserved	9.553E-01	9.451E-01	9.253E-01	50.000	89	90	91
SPS-1_conserved	Q53CM3_conserved	9.554E-01	9.452E-01	9.254E-01	47.700	89	90	91
SPS-1_conserved	S5WLJ9_conserved	9.553E-01	9.451E-01	9.253E-01	47.700	89	90	91
SPS-1_conserved	Q9XAY4_conserved	9.522E-01	9.421E-01	9.322E-01	48.300	89	89	90
SPS-1_conserved	Q3YBY0_conserved	9.522E-01	9.420E-01	9.321E-01	48.300	89	89	90
SPS-1_conserved	A0A0H4IUK3_conserved	9.550E-01	9.448E-01	9.250E-01	48.800	89	90	91
SPS-1_conserved	A8QUY6_conserved	9.549E-01	9.447E-01	9.250E-01	48.800	89	90	91
SPS-1_conserved	A0A0S2MTX2_conserved	9.548E-01	9.446E-01	9.248E-01	47.700	89	90	91
SPS-1_conserved	Q7WYA8_conserved	9.546E-01	9.444E-01	9.247E-01	48.800	89	90	91
SPS-1_conserved	Q79MP6_conserved	9.547E-01	9.445E-01	9.248E-01	50.000	89	90	91
SPS-1_conserved	Q1A2Z1_conserved	9.546E-01	9.445E-01	9.247E-01	48.800	89	90	91
SPS-1_conserved	F5ANL2_conserved	9.546E-01	9.445E-01	9.247E-01	48.800	89	90	91
SPS-1_conserved	Q8VLM7_conserved	9.545E-01	9.443E-01	9.246E-01	50.000	89	90	91
SPS-1_conserved	AF-Q9RB01-F1-model_v4_conserved	9.512E-01	9.411E-01	9.312E-01	39.300	89	89	90
SPS-1_conserved	A0A077EG89_conserved	9.509E-01	9.408E-01	9.309E-01	39.300	89	89	90
SPS-1_conserved	G9JKG5_conserved	9.538E-01	9.436E-01	9.239E-01	48.800	89	90	91
SPS-1_conserved	I3RJZ3_conserved	9.506E-01	9.405E-01	9.306E-01	48.300	89	89	90
SPS-1_conserved	B4YAJ7_conserved	9.499E-01	9.398E-01	9.299E-01	48.300	89	89	90
SPS-1_conserved	Q9F629_conserved	9.493E-01	9.393E-01	9.294E-01	48.300	89	89	90
SPS-1_conserved	A7WPA3_conserved	9.479E-01	9.379E-01	9.281E-01	48.300	89	89	90
SPS-1_conserved	AF-A0A1B2F003-F1-model_v4_conserved	9.492E-01	9.391E-01	9.195E-01	51.100	89	90	91
SPS-1_conserved	A0A0N9HJI8_conserved	9.433E-01	9.332E-01	9.235E-01	40.400	89	89	90
SPS-1_conserved	Q9ETN2_conserved	9.404E-01	9.305E-01	9.208E-01	40.400	89	89	90
SPS-1_conserved	Q08I33_conserved	9.392E-01	9.293E-01	9.196E-01	40.400	89	89	90
SPS-1_conserved	Q8GQK7_conserved	9.385E-01	9.286E-01	9.189E-01	40.400	89	89	90
SPS-1_conserved	D2K7P0_conserved	9.372E-01	9.273E-01	9.177E-01	39.300	89	89	90
SPS-1_conserved	E2GLP7_conserved	9.369E-01	9.271E-01	9.174E-01	41.500	89	89	90
SPS-1_conserved	Q8VT48_conserved	9.366E-01	9.268E-01	9.171E-01	40.400	89	89	90
SPS-1_conserved	Q9X482_conserved	9.367E-01	9.269E-01	9.172E-01	40.400	89	89	90
SPS-1_conserved	Q9EU43_conserved	9.367E-01	9.269E-01	9.172E-01	41.500	89	89	90
SPS-1_conserved	Q6JE29_conserved	9.364E-01	9.265E-01	9.169E-01	40.400	89	89	90
SPS-1_conserved	Q9F921_conserved	9.352E-01	9.254E-01	9.157E-01	41.500	89	89	90
SPS-1_conserved	D2KCJ9_conserved	9.347E-01	9.249E-01	9.153E-01	38.200	89	89	90
AF-A0A4Y8LBX5-F1-model_v4_conserved	AF-A0A4Y8LBX5-F1-model_v4_conserved	1.011E+00	1.000E+00	1.000E+00	100.000	91	91	91
AF-A0A4Y8LBX5-F1-model_v4_conserved	P25910_conserved	9.981E-01	9.765E-01	9.765E-01	77.700	91	90	91
AF-A0A4Y8LBX5-F1-model_v4_conserved	Q53BU0_conserved	9.892E-01	9.679E-01	9.784E-01	66.600	91	90	90
AF-A0A4Y8LBX5-F1-model_v4_conserved	AF-Q1DF71-F1-model_v4_conserved	9.903E-01	9.689E-01	9.689E-01	65.500	91	90	91
AF-A0A4Y8LBX5-F1-model_v4_conserved	AF-A0A1L6K5Y5-F1-model_v4_conserved	9.936E-01	9.614E-01	9.719E-01	66.600	91	90	90
AF-A0A4Y8LBX5-F1-model_v4_conserved	Q53BU1_conserved	9.849E-01	9.637E-01	9.742E-01	68.800	91	90	90
AF-A0A4Y8LBX5-F1-model_v4_conserved	STA-1_conserved	9.876E-01	9.663E-01	9.663E-01	65.500	91	90	91
AF-A0A4Y8LBX5-F1-model_v4_conserved	AF-A0A6M4NN58-F1-model_v4_conserved	9.871E-01	9.659E-01	9.659E-01	68.800	91	90	91
AF-A0A4Y8LBX5-F1-model_v4_conserved	Q704V1_conserved	9.868E-01	9.656E-01	9.656E-01	63.300	91	90	91
AF-A0A4Y8LBX5-F1-model_v4_conserved	A0A650AXL4_conserved	9.865E-01	9.653E-01	9.653E-01	64.400	91	90	91
AF-A0A4Y8LBX5-F1-model_v4_conserved	AF-C5BSS3-F1-model_v4_conserved	9.855E-01	9.643E-01	9.643E-01	66.600	91	90	91
AF-A0A4Y8LBX5-F1-model_v4_conserved	AF-A0A7Y3W177-F1-model_v4_conserved	9.854E-01	9.642E-01	9.642E-01	65.500	91	90	91
AF-A0A4Y8LBX5-F1-model_v4_conserved	SHD-1_conserved	9.845E-01	9.634E-01	9.634E-01	64.400	91	90	91
AF-A0A4Y8LBX5-F1-model_v4_conserved	P14488_conserved	9.885E-01	9.565E-01	9.670E-01	67.700	91	90	90
AF-A0A4Y8LBX5-F1-model_v4_conserved	Q6SPY5_conserved	9.884E-01	9.565E-01	9.669E-01	67.700	91	90	90
AF-A0A4Y8LBX5-F1-model_v4_conserved	L0N4W6_conserved	9.837E-01	9.626E-01	9.626E-01	65.500	91	90	91
AF-A0A4Y8LBX5-F1-model_v4_conserved	L7X1X1_conserved	9.829E-01	9.618E-01	9.618E-01	63.300	91	90	91
AF-A0A4Y8LBX5-F1-model_v4_conserved	AF-Q12JE6-F1-model_v4_conserved	9.815E-01	9.605E-01	9.605E-01	66.600	91	90	91
AF-A0A4Y8LBX5-F1-model_v4_conserved	ANA-1_conserved	9.804E-01	9.594E-01	9.594E-01	65.500	91	90	91
AF-A0A4Y8LBX5-F1-model_v4_conserved	AF-G0L217-F1-model_v4_conserved	9.849E-01	9.532E-01	9.635E-01	57.700	91	90	90
AF-A0A4Y8LBX5-F1-model_v4_conserved	A8R403_conserved	9.794E-01	9.585E-01	9.585E-01	65.500	91	90	91
AF-A0A4Y8LBX5-F1-model_v4_conserved	AF-A0A1L6K5Z3-F1-model_v4_conserved	9.833E-01	9.517E-01	9.620E-01	65.500	91	90	90
AF-A0A4Y8LBX5-F1-model_v4_conserved	A0A161H7D8_conserved	9.781E-01	9.572E-01	9.572E-01	63.300	91	90	91
AF-A0A4Y8LBX5-F1-model_v4_conserved	K7SA42_conserved	9.780E-01	9.572E-01	9.572E-01	58.800	91	90	91
AF-A0A4Y8LBX5-F1-model_v4_conserved	Q8GPN1_conserved	9.800E-01	9.485E-01	9.588E-01	54.400	91	90	90
AF-A0A4Y8LBX5-F1-model_v4_conserved	AF-A0A844TY23-F1-model_v4_conserved	9.799E-01	9.485E-01	9.587E-01	57.700	91	90	90
AF-A0A4Y8LBX5-F1-model_v4_conserved	BMHC-1_conserved	9.808E-01	9.493E-01	9.596E-01	64.400	91	90	90
AF-A0A4Y8LBX5-F1-model_v4_conserved	AF-A0A6B7ELH8-F1-model_v4_conserved	9.803E-01	9.489E-01	9.591E-01	65.500	91	90	90
AF-A0A4Y8LBX5-F1-model_v4_conserved	A0A0C5L398_conserved	9.800E-01	9.486E-01	9.588E-01	56.600	91	90	90
AF-A0A4Y8LBX5-F1-model_v4_conserved	AF-A0A3G5BD68-F1-model_v4_conserved	9.762E-01	9.554E-01	9.554E-01	58.800	91	90	91
AF-A0A4Y8LBX5-F1-model_v4_conserved	ECV-1_conserved	9.795E-01	9.481E-01	9.584E-01	64.400	91	90	90
AF-A0A4Y8LBX5-F1-model_v4_conserved	Q8GPN2_conserved	9.783E-01	9.469E-01	9.572E-01	52.200	91	90	90
AF-A0A4Y8LBX5-F1-model_v4_conserved	AF-I0KEZ6-F1-model_v4_conserved	9.787E-01	9.474E-01	9.576E-01	56.600	91	90	90
AF-A0A4Y8LBX5-F1-model_v4_conserved	ALI-1_conserved	9.723E-01	9.515E-01	9.515E-01	61.500	91	91	91
AF-A0A4Y8LBX5-F1-model_v4_conserved	A0A0D5ZZW5_conserved	9.746E-01	9.538E-01	9.538E-01	63.300	91	90	91
AF-A0A4Y8LBX5-F1-model_v4_conserved	A0A0H3YDR5_conserved	9.780E-01	9.467E-01	9.569E-01	53.300	91	90	90
AF-A0A4Y8LBX5-F1-model_v4_conserved	B2ZTD9_conserved	9.743E-01	9.536E-01	9.536E-01	63.300	91	90	91
AF-A0A4Y8LBX5-F1-model_v4_conserved	G4WB26_conserved	9.744E-01	9.537E-01	9.537E-01	62.200	91	90	91
AF-A0A4Y8LBX5-F1-model_v4_conserved	B0FWK3_conserved	9.742E-01	9.534E-01	9.534E-01	61.100	91	90	91
AF-A0A4Y8LBX5-F1-model_v4_conserved	AF-A0A191Z3S9-F1-model_v4_conserved	9.776E-01	9.462E-01	9.565E-01	53.300	91	90	90
AF-A0A4Y8LBX5-F1-model_v4_conserved	A0A3G3C0Q6_conserved	9.749E-01	9.542E-01	9.542E-01	60.000	91	90	91
AF-A0A4Y8LBX5-F1-model_v4_conserved	Q79MP6_conserved	9.740E-01	9.533E-01	9.533E-01	64.400	91	90	91
AF-A0A4Y8LBX5-F1-model_v4_conserved	A0A1Z3FWF5_conserved	9.749E-01	9.542E-01	9.542E-01	60.000	91	90	91
AF-A0A4Y8LBX5-F1-model_v4_conserved	AF-A0A8E7DAJ6-F1-model_v6_conserved	9.747E-01	9.540E-01	9.540E-01	61.100	91	90	91
AF-A0A4Y8LBX5-F1-model_v4_conserved	Q8GIW8_conserved	9.738E-01	9.531E-01	9.531E-01	62.200	91	90	91
AF-A0A4Y8LBX5-F1-model_v4_conserved	Q9F6Z8_conserved	9.737E-01	9.530E-01	9.530E-01	64.400	91	90	91
AF-A0A4Y8LBX5-F1-model_v4_conserved	Q70E85_conserved	9.738E-01	9.531E-01	9.531E-01	63.300	91	90	91
AF-A0A4Y8LBX5-F1-model_v4_conserved	ALI-2_conserved	9.713E-01	9.505E-01	9.505E-01	60.400	91	91	91
AF-A0A4Y8LBX5-F1-model_v4_conserved	Q9AHY6_conserved	9.738E-01	9.531E-01	9.531E-01	62.200	91	90	91
AF-A0A4Y8LBX5-F1-model_v4_conserved	Q53CM3_conserved	9.738E-01	9.530E-01	9.530E-01	61.100	91	90	91
AF-A0A4Y8LBX5-F1-model_v4_conserved	F8UQX1_conserved	9.738E-01	9.531E-01	9.531E-01	60.000	91	90	91
AF-A0A4Y8LBX5-F1-model_v4_conserved	A0A0B5ECY2_conserved	9.746E-01	9.539E-01	9.539E-01	60.000	91	90	91
AF-A0A4Y8LBX5-F1-model_v4_conserved	A0A0S2MTX2_conserved	9.736E-01	9.528E-01	9.528E-01	62.200	91	90	91
AF-A0A4Y8LBX5-F1-model_v4_conserved	S5ZIP8_conserved	9.744E-01	9.537E-01	9.537E-01	60.000	91	90	91
AF-A0A4Y8LBX5-F1-model_v4_conserved	A0A1P8C735_conserved	9.744E-01	9.537E-01	9.537E-01	61.100	91	90	91
AF-A0A4Y8LBX5-F1-model_v4_conserved	A0A1P8VH15_conserved	9.744E-01	9.537E-01	9.537E-01	60.000	91	90	91
AF-A0A4Y8LBX5-F1-model_v4_conserved	F5ANL2_conserved	9.734E-01	9.527E-01	9.527E-01	62.200	91	90	91
AF-A0A4Y8LBX5-F1-model_v4_conserved	Q1A2Z1_conserved	9.733E-01	9.527E-01	9.527E-01	63.300	91	90	91
AF-A0A4Y8LBX5-F1-model_v4_conserved	Q8VLM7_conserved	9.732E-01	9.525E-01	9.525E-01	63.300	91	90	91
AF-A0A4Y8LBX5-F1-model_v4_conserved	A8QUY6_conserved	9.732E-01	9.525E-01	9.525E-01	62.200	91	90	91
AF-A0A4Y8LBX5-F1-model_v4_conserved	Q7WYA8_conserved	9.732E-01	9.525E-01	9.525E-01	63.300	91	90	91
AF-A0A4Y8LBX5-F1-model_v4_conserved	S5WLJ9_conserved	9.730E-01	9.523E-01	9.523E-01	60.000	91	90	91
AF-A0A4Y8LBX5-F1-model_v4_conserved	I7CP04_conserved	9.730E-01	9.523E-01	9.523E-01	60.000	91	90	91
AF-A0A4Y8LBX5-F1-model_v4_conserved	A0A0H4IUK3_conserved	9.729E-01	9.522E-01	9.522E-01	61.100	91	90	91
AF-A0A4Y8LBX5-F1-model_v4_conserved	G9JKG5_conserved	9.726E-01	9.519E-01	9.519E-01	62.200	91	90	91
AF-A0A4Y8LBX5-F1-model_v4_conserved	A0A097J9I0_conserved	9.721E-01	9.514E-01	9.514E-01	60.000	91	90	91
AF-A0A4Y8LBX5-F1-model_v4_conserved	AF-A0A1B2F003-F1-model_v4_conserved	9.703E-01	9.497E-01	9.497E-01	56.600	91	90	91
AF-A0A4Y8LBX5-F1-model_v4_conserved	AF-A0A0U3H0V9-F1-model_v4_conserved	9.678E-01	9.369E-01	9.573E-01	56.600	91	90	89
AF-A0A4Y8LBX5-F1-model_v4_conserved	AF-A0A7T8ZCD9-F1-model_v4_conserved	9.720E-01	9.411E-01	9.512E-01	58.800	91	90	90
AF-A0A4Y8LBX5-F1-model_v4_conserved	Q8RMB8_conserved	9.708E-01	9.399E-01	9.500E-01	52.200	91	90	90
AF-A0A4Y8LBX5-F1-model_v4_conserved	A0A2R4PHC7_conserved	9.708E-01	9.399E-01	9.500E-01	62.200	91	90	90
AF-A0A4Y8LBX5-F1-model_v4_conserved	ORR-1_conserved	9.682E-01	9.375E-01	9.475E-01	62.200	91	90	90
AF-A0A4Y8LBX5-F1-model_v4_conserved	Q840P9_conserved	9.677E-01	9.370E-01	9.470E-01	60.000	91	90	90
AF-A0A4Y8LBX5-F1-model_v4_conserved	SPS-1_conserved	9.633E-01	9.329E-01	9.530E-01	46.600	91	90	89
AF-A0A4Y8LBX5-F1-model_v4_conserved	A0A077EG89_conserved	9.654E-01	9.349E-01	9.448E-01	56.600	91	90	90
AF-A0A4Y8LBX5-F1-model_v4_conserved	Q9ETN2_conserved	9.634E-01	9.329E-01	9.428E-01	53.300	91	90	90
AF-A0A4Y8LBX5-F1-model_v4_conserved	AF-A0A7U3MVS9-F1-model_v4_conserved	9.652E-01	9.347E-01	9.447E-01	46.600	91	90	90
AF-A0A4Y8LBX5-F1-model_v4_conserved	Q8GKX2_conserved	9.642E-01	9.337E-01	9.436E-01	62.200	91	90	90
AF-A0A4Y8LBX5-F1-model_v4_conserved	Q08I33_conserved	9.622E-01	9.317E-01	9.417E-01	51.100	91	90	90
AF-A0A4Y8LBX5-F1-model_v4_conserved	Q9XAY4_conserved	9.639E-01	9.334E-01	9.433E-01	62.200	91	90	90
AF-A0A4Y8LBX5-F1-model_v4_conserved	Q2HY42_conserved	9.638E-01	9.334E-01	9.433E-01	62.200	91	90	90
AF-A0A4Y8LBX5-F1-model_v4_conserved	Q3YBY0_conserved	9.637E-01	9.333E-01	9.432E-01	62.200	91	90	90
AF-A0A4Y8LBX5-F1-model_v4_conserved	E5G503_conserved	9.637E-01	9.332E-01	9.431E-01	62.200	91	90	90
AF-A0A4Y8LBX5-F1-model_v4_conserved	Q8VT48_conserved	9.616E-01	9.312E-01	9.411E-01	51.100	91	90	90
AF-A0A4Y8LBX5-F1-model_v4_conserved	I3RJZ3_conserved	9.629E-01	9.325E-01	9.424E-01	63.300	91	90	90
AF-A0A4Y8LBX5-F1-model_v4_conserved	B4YAJ7_conserved	9.625E-01	9.321E-01	9.420E-01	63.300	91	90	90
AF-A0A4Y8LBX5-F1-model_v4_conserved	E2GLP7_conserved	9.609E-01	9.305E-01	9.404E-01	52.200	91	90	90
AF-A0A4Y8LBX5-F1-model_v4_conserved	AF-Q9RB01-F1-model_v4_conserved	9.617E-01	9.313E-01	9.412E-01	55.500	91	90	90
AF-A0A4Y8LBX5-F1-model_v4_conserved	Q9EU43_conserved	9.605E-01	9.301E-01	9.400E-01	52.200	91	90	90
AF-A0A4Y8LBX5-F1-model_v4_conserved	Q9F921_conserved	9.602E-01	9.298E-01	9.397E-01	52.200	91	90	90
AF-A0A4Y8LBX5-F1-model_v4_conserved	A0A0N9HJI8_conserved	9.596E-01	9.292E-01	9.391E-01	52.200	91	90	90
AF-A0A4Y8LBX5-F1-model_v4_conserved	A7WPA3_conserved	9.616E-01	9.313E-01	9.411E-01	63.300	91	90	90
AF-A0A4Y8LBX5-F1-model_v4_conserved	Q6JE29_conserved	9.600E-01	9.296E-01	9.395E-01	51.100	91	90	90
AF-A0A4Y8LBX5-F1-model_v4_conserved	Q9F629_conserved	9.616E-01	9.313E-01	9.412E-01	63.300	91	90	90
AF-A0A4Y8LBX5-F1-model_v4_conserved	Q9X482_conserved	9.600E-01	9.297E-01	9.396E-01	51.100	91	90	90
AF-A0A4Y8LBX5-F1-model_v4_conserved	D2K7P0_conserved	9.598E-01	9.294E-01	9.394E-01	51.100	91	90	90
AF-A0A4Y8LBX5-F1-model_v4_conserved	Q8GQK7_conserved	9.562E-01	9.260E-01	9.359E-01	52.200	91	90	90
AF-A0A4Y8LBX5-F1-model_v4_conserved	D2KCJ9_conserved	9.560E-01	9.258E-01	9.357E-01	51.100	91	90	90
AF-A0A4Y8LBX5-F1-model_v4_conserved	Q8G9Q0_conserved	9.576E-01	9.275E-01	9.373E-01	45.500	91	90	90
AF-A0A7T8ZCD9-F1-model_v4_conserved	AF-A0A7T8ZCD9-F1-model_v4_conserved	1.011E+00	1.000E+00	1.000E+00	100.000	90	90	90
AF-A0A7T8ZCD9-F1-model_v4_conserved	BMHC-1_conserved	9.960E-01	9.851E-01	9.851E-01	81.100	90	90	90
AF-A0A7T8ZCD9-F1-model_v4_conserved	AF-A0A6B7ELH8-F1-model_v4_conserved	9.934E-01	9.825E-01	9.825E-01	76.600	90	90	90
AF-A0A7T8ZCD9-F1-model_v4_conserved	ECV-1_conserved	1.002E+00	9.801E-01	9.801E-01	77.500	90	89	90
AF-A0A7T8ZCD9-F1-model_v4_conserved	ORR-1_conserved	1.002E+00	9.800E-01	9.800E-01	73.000	90	89	90
AF-A0A7T8ZCD9-F1-model_v4_conserved	AF-G0L217-F1-model_v4_conserved	1.002E+00	9.797E-01	9.797E-01	76.400	90	89	90
AF-A0A7T8ZCD9-F1-model_v4_conserved	AF-A0A0U3H0V9-F1-model_v4_conserved	9.956E-01	9.736E-01	9.845E-01	76.400	90	89	89
AF-A0A7T8ZCD9-F1-model_v4_conserved	Q53BU1_conserved	9.899E-01	9.683E-01	9.683E-01	56.600	90	90	90
AF-A0A7T8ZCD9-F1-model_v4_conserved	L0N4W6_conserved	9.907E-01	9.691E-01	9.587E-01	57.700	90	90	91
AF-A0A7T8ZCD9-F1-model_v4_conserved	AF-C5BSS3-F1-model_v4_conserved	9.896E-01	9.680E-01	9.576E-01	56.600	90	90	91
AF-A0A7T8ZCD9-F1-model_v4_conserved	AF-A0A7Y3W177-F1-model_v4_conserved	9.882E-01	9.667E-01	9.563E-01	54.400	90	90	91
AF-A0A7T8ZCD9-F1-model_v4_conserved	Q53BU0_conserved	9.846E-01	9.633E-01	9.633E-01	55.500	90	90	90
AF-A0A7T8ZCD9-F1-model_v4_conserved	L7X1X1_conserved	9.880E-01	9.665E-01	9.561E-01	55.500	90	90	91
AF-A0A7T8ZCD9-F1-model_v4_conserved	ANA-1_conserved	9.876E-01	9.661E-01	9.557E-01	47.700	90	90	91
AF-A0A7T8ZCD9-F1-model_v4_conserved	SHD-1_conserved	9.866E-01	9.652E-01	9.548E-01	54.400	90	90	91
AF-A0A7T8ZCD9-F1-model_v4_conserved	Q704V1_conserved	9.859E-01	9.645E-01	9.541E-01	57.700	90	90	91
AF-A0A7T8ZCD9-F1-model_v4_conserved	AF-A0A1L6K5Z3-F1-model_v4_conserved	9.792E-01	9.578E-01	9.578E-01	53.300	90	90	90
AF-A0A7T8ZCD9-F1-model_v4_conserved	AF-Q1DF71-F1-model_v4_conserved	9.842E-01	9.629E-01	9.526E-01	51.100	90	90	91
AF-A0A7T8ZCD9-F1-model_v4_conserved	AF-Q12JE6-F1-model_v4_conserved	9.842E-01	9.629E-01	9.525E-01	52.200	90	90	91
AF-A0A7T8ZCD9-F1-model_v4_conserved	A0A650AXL4_conserved	9.812E-01	9.600E-01	9.497E-01	57.700	90	90	91
AF-A0A7T8ZCD9-F1-model_v4_conserved	AF-A0A6M4NN58-F1-model_v4_conserved	9.810E-01	9.598E-01	9.495E-01	55.500	90	90	91
AF-A0A7T8ZCD9-F1-model_v4_conserved	STA-1_conserved	9.804E-01	9.593E-01	9.490E-01	48.800	90	90	91
AF-A0A7T8ZCD9-F1-model_v4_conserved	AF-A0A3G5BD68-F1-model_v4_conserved	9.793E-01	9.581E-01	9.479E-01	44.400	90	90	91
AF-A0A7T8ZCD9-F1-model_v4_conserved	SPS-1_conserved	9.686E-01	9.477E-01	9.580E-01	46.600	90	90	89
AF-A0A7T8ZCD9-F1-model_v4_conserved	A0A1P8C735_conserved	9.784E-01	9.573E-01	9.471E-01	44.400	90	90	91
AF-A0A7T8ZCD9-F1-model_v4_conserved	AF-A0A1L6K5Y5-F1-model_v4_conserved	9.716E-01	9.506E-01	9.506E-01	48.800	90	90	90
AF-A0A7T8ZCD9-F1-model_v4_conserved	A0A1Z3FWF5_conserved	9.783E-01	9.573E-01	9.471E-01	44.400	90	90	91
AF-A0A7T8ZCD9-F1-model_v4_conserved	A0A3G3C0Q6_conserved	9.783E-01	9.572E-01	9.470E-01	44.400	90	90	91
AF-A0A7T8ZCD9-F1-model_v4_conserved	AF-I0KEZ6-F1-model_v4_conserved	9.712E-01	9.502E-01	9.502E-01	46.600	90	90	90
AF-A0A7T8ZCD9-F1-model_v4_conserved	A8R403_conserved	9.774E-01	9.563E-01	9.461E-01	53.300	90	90	91
AF-A0A7T8ZCD9-F1-model_v4_conserved	A0A1P8VH15_conserved	9.782E-01	9.571E-01	9.469E-01	44.400	90	90	91
AF-A0A7T8ZCD9-F1-model_v4_conserved	P25910_conserved	9.784E-01	9.573E-01	9.471E-01	57.700	90	90	91
AF-A0A7T8ZCD9-F1-model_v4_conserved	AF-A0A8E7DAJ6-F1-model_v6_conserved	9.782E-01	9.571E-01	9.469E-01	44.400	90	90	91
AF-A0A7T8ZCD9-F1-model_v4_conserved	A0A0B5ECY2_conserved	9.779E-01	9.568E-01	9.466E-01	44.400	90	90	91
AF-A0A7T8ZCD9-F1-model_v4_conserved	AF-A0A7U3MVS9-F1-model_v4_conserved	9.711E-01	9.501E-01	9.501E-01	52.200	90	90	90
AF-A0A7T8ZCD9-F1-model_v4_conserved	S5ZIP8_conserved	9.778E-01	9.567E-01	9.466E-01	44.400	90	90	91
AF-A0A7T8ZCD9-F1-model_v4_conserved	K7SA42_conserved	9.773E-01	9.562E-01	9.460E-01	50.000	90	90	91
AF-A0A7T8ZCD9-F1-model_v4_conserved	F8UQX1_conserved	9.766E-01	9.555E-01	9.453E-01	53.300	90	90	91
AF-A0A7T8ZCD9-F1-model_v4_conserved	A0A161H7D8_conserved	9.763E-01	9.553E-01	9.451E-01	54.400	90	90	91
AF-A0A7T8ZCD9-F1-model_v4_conserved	Q840P9_conserved	9.699E-01	9.489E-01	9.489E-01	53.300	90	90	90
AF-A0A7T8ZCD9-F1-model_v4_conserved	A0A0D5ZZW5_conserved	9.754E-01	9.544E-01	9.442E-01	52.200	90	90	91
AF-A0A7T8ZCD9-F1-model_v4_conserved	Q8GKX2_conserved	9.690E-01	9.480E-01	9.480E-01	52.200	90	90	90
AF-A0A7T8ZCD9-F1-model_v4_conserved	Q70E85_conserved	9.751E-01	9.541E-01	9.439E-01	51.100	90	90	91
AF-A0A7T8ZCD9-F1-model_v4_conserved	Q2HY42_conserved	9.688E-01	9.479E-01	9.479E-01	53.300	90	90	90
AF-A0A7T8ZCD9-F1-model_v4_conserved	Q8GIW8_conserved	9.751E-01	9.541E-01	9.439E-01	53.300	90	90	91
AF-A0A7T8ZCD9-F1-model_v4_conserved	G4WB26_conserved	9.748E-01	9.538E-01	9.436E-01	51.100	90	90	91
AF-A0A7T8ZCD9-F1-model_v4_conserved	Q9XAY4_conserved	9.684E-01	9.475E-01	9.475E-01	53.300	90	90	90
AF-A0A7T8ZCD9-F1-model_v4_conserved	E5G503_conserved	9.683E-01	9.474E-01	9.474E-01	52.200	90	90	90
AF-A0A7T8ZCD9-F1-model_v4_conserved	B2ZTD9_conserved	9.747E-01	9.537E-01	9.435E-01	54.400	90	90	91
AF-A0A7T8ZCD9-F1-model_v4_conserved	Q9AHY6_conserved	9.745E-01	9.535E-01	9.434E-01	51.100	90	90	91
AF-A0A7T8ZCD9-F1-model_v4_conserved	B0FWK3_conserved	9.744E-01	9.535E-01	9.433E-01	50.000	90	90	91
AF-A0A7T8ZCD9-F1-model_v4_conserved	Q3YBY0_conserved	9.681E-01	9.472E-01	9.472E-01	53.300	90	90	90
AF-A0A7T8ZCD9-F1-model_v4_conserved	Q53CM3_conserved	9.743E-01	9.533E-01	9.432E-01	50.000	90	90	91
AF-A0A7T8ZCD9-F1-model_v4_conserved	Q8VLM7_conserved	9.742E-01	9.532E-01	9.431E-01	52.200	90	90	91
AF-A0A7T8ZCD9-F1-model_v4_conserved	Q7WYA8_conserved	9.742E-01	9.533E-01	9.431E-01	52.200	90	90	91
AF-A0A7T8ZCD9-F1-model_v4_conserved	Q9F6Z8_conserved	9.741E-01	9.532E-01	9.430E-01	53.300	90	90	91
AF-A0A7T8ZCD9-F1-model_v4_conserved	F5ANL2_conserved	9.737E-01	9.528E-01	9.427E-01	51.100	90	90	91
AF-A0A7T8ZCD9-F1-model_v4_conserved	I3RJZ3_conserved	9.676E-01	9.467E-01	9.467E-01	54.400	90	90	90
AF-A0A7T8ZCD9-F1-model_v4_conserved	S5WLJ9_conserved	9.738E-01	9.528E-01	9.427E-01	53.300	90	90	91
AF-A0A7T8ZCD9-F1-model_v4_conserved	G9JKG5_conserved	9.738E-01	9.528E-01	9.427E-01	51.100	90	90	91
AF-A0A7T8ZCD9-F1-model_v4_conserved	Q1A2Z1_conserved	9.736E-01	9.527E-01	9.426E-01	51.100	90	90	91
AF-A0A7T8ZCD9-F1-model_v4_conserved	I7CP04_conserved	9.736E-01	9.526E-01	9.425E-01	53.300	90	90	91
AF-A0A7T8ZCD9-F1-model_v4_conserved	B4YAJ7_conserved	9.673E-01	9.464E-01	9.464E-01	54.400	90	90	90
AF-A0A7T8ZCD9-F1-model_v4_conserved	A8QUY6_conserved	9.734E-01	9.525E-01	9.424E-01	51.100	90	90	91
AF-A0A7T8ZCD9-F1-model_v4_conserved	Q9F629_conserved	9.671E-01	9.463E-01	9.463E-01	54.400	90	90	90
AF-A0A7T8ZCD9-F1-model_v4_conserved	ALI-1_conserved	9.707E-01	9.498E-01	9.396E-01	48.300	90	91	91
AF-A0A7T8ZCD9-F1-model_v4_conserved	Q79MP6_conserved	9.727E-01	9.518E-01	9.417E-01	53.300	90	90	91
AF-A0A7T8ZCD9-F1-model_v4_conserved	A7WPA3_conserved	9.663E-01	9.455E-01	9.455E-01	54.400	90	90	90
AF-A0A7T8ZCD9-F1-model_v4_conserved	A0A0S2MTX2_conserved	9.723E-01	9.514E-01	9.413E-01	53.300	90	90	91
AF-A0A7T8ZCD9-F1-model_v4_conserved	A0A097J9I0_conserved	9.709E-01	9.500E-01	9.399E-01	51.100	90	90	91
AF-A0A7T8ZCD9-F1-model_v4_conserved	A0A0C5L398_conserved	9.655E-01	9.447E-01	9.447E-01	45.500	90	90	90
AF-A0A7T8ZCD9-F1-model_v4_conserved	AF-A0A4Y8LBX5-F1-model_v4_conserved	9.720E-01	9.512E-01	9.411E-01	58.800	90	90	91
AF-A0A7T8ZCD9-F1-model_v4_conserved	A0A0H4IUK3_conserved	9.708E-01	9.499E-01	9.398E-01	50.000	90	90	91
AF-A0A7T8ZCD9-F1-model_v4_conserved	A0A2R4PHC7_conserved	9.644E-01	9.437E-01	9.437E-01	50.000	90	90	90
AF-A0A7T8ZCD9-F1-model_v4_conserved	ALI-2_conserved	9.685E-01	9.477E-01	9.375E-01	45.000	90	91	91
AF-A0A7T8ZCD9-F1-model_v4_conserved	Q8G9Q0_conserved	9.622E-01	9.416E-01	9.416E-01	45.500	90	90	90
AF-A0A7T8ZCD9-F1-model_v4_conserved	P14488_conserved	9.623E-01	9.416E-01	9.416E-01	50.000	90	90	90
AF-A0A7T8ZCD9-F1-model_v4_conserved	AF-A0A1B2F003-F1-model_v4_conserved	9.682E-01	9.474E-01	9.374E-01	55.500	90	90	91
AF-A0A7T8ZCD9-F1-model_v4_conserved	Q6SPY5_conserved	9.612E-01	9.406E-01	9.406E-01	47.700	90	90	90
AF-A0A7T8ZCD9-F1-model_v4_conserved	Q8RMB8_conserved	9.602E-01	9.396E-01	9.396E-01	45.500	90	90	90
AF-A0A7T8ZCD9-F1-model_v4_conserved	AF-A0A844TY23-F1-model_v4_conserved	9.547E-01	9.343E-01	9.343E-01	51.100	90	90	90
AF-A0A7T8ZCD9-F1-model_v4_conserved	A0A0H3YDR5_conserved	9.543E-01	9.339E-01	9.339E-01	48.800	90	90	90
AF-A0A7T8ZCD9-F1-model_v4_conserved	Q8GPN2_conserved	9.540E-01	9.336E-01	9.336E-01	48.800	90	90	90
AF-A0A7T8ZCD9-F1-model_v4_conserved	AF-A0A191Z3S9-F1-model_v4_conserved	9.532E-01	9.329E-01	9.329E-01	48.800	90	90	90
AF-A0A7T8ZCD9-F1-model_v4_conserved	Q8GPN1_conserved	9.533E-01	9.330E-01	9.330E-01	48.800	90	90	90
AF-A0A7T8ZCD9-F1-model_v4_conserved	AF-Q9RB01-F1-model_v4_conserved	9.437E-01	9.238E-01	9.238E-01	44.400	90	90	90
AF-A0A7T8ZCD9-F1-model_v4_conserved	A0A077EG89_conserved	9.435E-01	9.236E-01	9.236E-01	44.400	90	90	90
AF-A0A7T8ZCD9-F1-model_v4_conserved	Q9ETN2_conserved	9.373E-01	9.176E-01	9.176E-01	47.700	90	90	90
AF-A0A7T8ZCD9-F1-model_v4_conserved	Q08I33_conserved	9.370E-01	9.173E-01	9.173E-01	48.800	90	90	90
AF-A0A7T8ZCD9-F1-model_v4_conserved	A0A0N9HJI8_conserved	9.356E-01	9.159E-01	9.159E-01	51.100	90	90	90
AF-A0A7T8ZCD9-F1-model_v4_conserved	D2K7P0_conserved	9.348E-01	9.152E-01	9.152E-01	48.800	90	90	90
AF-A0A7T8ZCD9-F1-model_v4_conserved	D2KCJ9_conserved	9.343E-01	9.147E-01	9.147E-01	47.700	90	90	90
AF-A0A7T8ZCD9-F1-model_v4_conserved	Q8VT48_conserved	9.341E-01	9.146E-01	9.146E-01	48.800	90	90	90
AF-A0A7T8ZCD9-F1-model_v4_conserved	Q9F921_conserved	9.340E-01	9.144E-01	9.144E-01	46.600	90	90	90
AF-A0A7T8ZCD9-F1-model_v4_conserved	E2GLP7_conserved	9.336E-01	9.140E-01	9.140E-01	47.700	90	90	90
AF-A0A7T8ZCD9-F1-model_v4_conserved	Q9EU43_conserved	9.328E-01	9.132E-01	9.132E-01	47.700	90	90	90
AF-A0A7T8ZCD9-F1-model_v4_conserved	Q6JE29_conserved	9.326E-01	9.131E-01	9.131E-01	48.800	90	90	90
AF-A0A7T8ZCD9-F1-model_v4_conserved	Q9X482_conserved	9.324E-01	9.129E-01	9.129E-01	50.000	90	90	90
AF-A0A7T8ZCD9-F1-model_v4_conserved	Q8GQK7_conserved	9.307E-01	9.112E-01	9.112E-01	51.100	90	90	90
AF-A0A844TY23-F1-model_v4_conserved	AF-A0A844TY23-F1-model_v4_conserved	1.011E+00	1.000E+00	1.000E+00	100.000	90	90	90
AF-A0A844TY23-F1-model_v4_conserved	Q8GPN1_conserved	1.010E+00	9.881E-01	9.881E-01	95.500	90	89	90
AF-A0A844TY23-F1-model_v4_conserved	Q8GPN2_conserved	1.010E+00	9.875E-01	9.875E-01	91.000	90	89	90
AF-A0A844TY23-F1-model_v4_conserved	A0A0H3YDR5_conserved	1.010E+00	9.873E-01	9.873E-01	89.800	90	89	90
AF-A0A844TY23-F1-model_v4_conserved	AF-A0A191Z3S9-F1-model_v4_conserved	1.009E+00	9.868E-01	9.868E-01	85.300	90	89	90
AF-A0A844TY23-F1-model_v4_conserved	Q8RMB8_conserved	9.974E-01	9.755E-01	9.755E-01	58.400	90	89	90
AF-A0A844TY23-F1-model_v4_conserved	A0A0C5L398_conserved	9.968E-01	9.749E-01	9.749E-01	61.700	90	89	90
AF-A0A844TY23-F1-model_v4_conserved	A0A2R4PHC7_conserved	9.970E-01	9.751E-01	9.751E-01	66.200	90	89	90
AF-A0A844TY23-F1-model_v4_conserved	AF-Q9RB01-F1-model_v4_conserved	9.961E-01	9.743E-01	9.743E-01	61.700	90	89	90
AF-A0A844TY23-F1-model_v4_conserved	A0A077EG89_conserved	9.952E-01	9.734E-01	9.734E-01	61.700	90	89	90
AF-A0A844TY23-F1-model_v4_conserved	Q9ETN2_conserved	9.873E-01	9.658E-01	9.658E-01	67.400	90	89	90
AF-A0A844TY23-F1-model_v4_conserved	Q53BU0_conserved	9.868E-01	9.653E-01	9.653E-01	58.800	90	90	90
AF-A0A844TY23-F1-model_v4_conserved	Q8VT48_conserved	9.864E-01	9.649E-01	9.649E-01	70.700	90	89	90
AF-A0A844TY23-F1-model_v4_conserved	A0A0N9HJI8_conserved	9.861E-01	9.646E-01	9.646E-01	62.900	90	89	90
AF-A0A844TY23-F1-model_v4_conserved	Q08I33_conserved	9.862E-01	9.648E-01	9.648E-01	69.600	90	89	90
AF-A0A844TY23-F1-model_v4_conserved	D2K7P0_conserved	9.854E-01	9.640E-01	9.640E-01	69.600	90	89	90
AF-A0A844TY23-F1-model_v4_conserved	Q53BU1_conserved	9.852E-01	9.638E-01	9.638E-01	60.000	90	90	90
AF-A0A844TY23-F1-model_v4_conserved	E2GLP7_conserved	9.853E-01	9.638E-01	9.638E-01	68.500	90	89	90
AF-A0A844TY23-F1-model_v4_conserved	Q9EU43_conserved	9.852E-01	9.638E-01	9.638E-01	68.500	90	89	90
AF-A0A844TY23-F1-model_v4_conserved	Q8GQK7_conserved	9.848E-01	9.634E-01	9.634E-01	62.900	90	89	90
AF-A0A844TY23-F1-model_v4_conserved	Q9X482_conserved	9.850E-01	9.636E-01	9.636E-01	69.600	90	89	90
AF-A0A844TY23-F1-model_v4_conserved	Q6JE29_conserved	9.846E-01	9.632E-01	9.632E-01	69.600	90	89	90
AF-A0A844TY23-F1-model_v4_conserved	Q9F921_conserved	9.835E-01	9.621E-01	9.621E-01	69.600	90	89	90
AF-A0A844TY23-F1-model_v4_conserved	AF-I0KEZ6-F1-model_v4_conserved	9.833E-01	9.620E-01	9.620E-01	52.800	90	89	90
AF-A0A844TY23-F1-model_v4_conserved	D2KCJ9_conserved	9.808E-01	9.595E-01	9.595E-01	69.600	90	89	90
AF-A0A844TY23-F1-model_v4_conserved	AF-A0A6M4NN58-F1-model_v4_conserved	9.840E-01	9.627E-01	9.523E-01	55.500	90	90	91
AF-A0A844TY23-F1-model_v4_conserved	AF-A0A1L6K5Y5-F1-model_v4_conserved	9.800E-01	9.588E-01	9.588E-01	57.300	90	89	90
AF-A0A844TY23-F1-model_v4_conserved	Q6SPY5_conserved	9.778E-01	9.567E-01	9.567E-01	51.600	90	89	90
AF-A0A844TY23-F1-model_v4_conserved	P14488_conserved	9.769E-01	9.558E-01	9.558E-01	52.800	90	89	90
AF-A0A844TY23-F1-model_v4_conserved	P25910_conserved	9.804E-01	9.592E-01	9.489E-01	56.600	90	90	91
AF-A0A844TY23-F1-model_v4_conserved	AF-A0A4Y8LBX5-F1-model_v4_conserved	9.799E-01	9.587E-01	9.485E-01	57.700	90	90	91
AF-A0A844TY23-F1-model_v4_conserved	A0A650AXL4_conserved	9.799E-01	9.587E-01	9.484E-01	53.300	90	90	91
AF-A0A844TY23-F1-model_v4_conserved	AF-A0A1L6K5Z3-F1-model_v4_conserved	9.759E-01	9.549E-01	9.549E-01	56.100	90	89	90
AF-A0A844TY23-F1-model_v4_conserved	Q704V1_conserved	9.782E-01	9.571E-01	9.469E-01	52.200	90	90	91
AF-A0A844TY23-F1-model_v4_conserved	SHD-1_conserved	9.777E-01	9.566E-01	9.464E-01	50.000	90	90	91
AF-A0A844TY23-F1-model_v4_conserved	AF-A0A7Y3W177-F1-model_v4_conserved	9.767E-01	9.556E-01	9.454E-01	53.300	90	90	91
AF-A0A844TY23-F1-model_v4_conserved	AF-C5BSS3-F1-model_v4_conserved	9.762E-01	9.552E-01	9.450E-01	53.300	90	90	91
AF-A0A844TY23-F1-model_v4_conserved	L7X1X1_conserved	9.759E-01	9.549E-01	9.447E-01	53.300	90	90	91
AF-A0A844TY23-F1-model_v4_conserved	ANA-1_conserved	9.754E-01	9.544E-01	9.442E-01	48.800	90	90	91
AF-A0A844TY23-F1-model_v4_conserved	L0N4W6_conserved	9.748E-01	9.538E-01	9.436E-01	53.300	90	90	91
AF-A0A844TY23-F1-model_v4_conserved	ALI-1_conserved	9.748E-01	9.538E-01	9.437E-01	52.200	90	90	91
AF-A0A844TY23-F1-model_v4_conserved	ALI-2_conserved	9.731E-01	9.522E-01	9.420E-01	54.400	90	90	91
AF-A0A844TY23-F1-model_v4_conserved	Q840P9_conserved	9.683E-01	9.476E-01	9.476E-01	55.000	90	89	90
AF-A0A844TY23-F1-model_v4_conserved	SPS-1_conserved	9.645E-01	9.440E-01	9.542E-01	48.300	90	89	89
AF-A0A844TY23-F1-model_v4_conserved	AF-Q12JE6-F1-model_v4_conserved	9.695E-01	9.487E-01	9.387E-01	58.800	90	90	91
AF-A0A844TY23-F1-model_v4_conserved	Q8GKX2_conserved	9.657E-01	9.451E-01	9.451E-01	50.500	90	89	90
AF-A0A844TY23-F1-model_v4_conserved	Q3YBY0_conserved	9.657E-01	9.451E-01	9.451E-01	50.500	90	89	90
AF-A0A844TY23-F1-model_v4_conserved	E5G503_conserved	9.657E-01	9.451E-01	9.451E-01	50.500	90	89	90
AF-A0A844TY23-F1-model_v4_conserved	Q2HY42_conserved	9.655E-01	9.449E-01	9.449E-01	50.500	90	89	90
AF-A0A844TY23-F1-model_v4_conserved	Q9XAY4_conserved	9.654E-01	9.448E-01	9.448E-01	50.500	90	89	90
AF-A0A844TY23-F1-model_v4_conserved	I3RJZ3_conserved	9.652E-01	9.446E-01	9.446E-01	51.600	90	89	90
AF-A0A844TY23-F1-model_v4_conserved	B4YAJ7_conserved	9.648E-01	9.443E-01	9.443E-01	51.600	90	89	90
AF-A0A844TY23-F1-model_v4_conserved	A8R403_conserved	9.669E-01	9.462E-01	9.362E-01	60.000	90	90	91
AF-A0A844TY23-F1-model_v4_conserved	A7WPA3_conserved	9.642E-01	9.436E-01	9.436E-01	51.600	90	89	90
AF-A0A844TY23-F1-model_v4_conserved	Q9F629_conserved	9.643E-01	9.437E-01	9.437E-01	51.600	90	89	90
AF-A0A844TY23-F1-model_v4_conserved	STA-1_conserved	9.671E-01	9.464E-01	9.364E-01	52.200	90	90	91
AF-A0A844TY23-F1-model_v4_conserved	A0A161H7D8_conserved	9.664E-01	9.457E-01	9.357E-01	53.300	90	90	91
AF-A0A844TY23-F1-model_v4_conserved	AF-A0A7U3MVS9-F1-model_v4_conserved	9.639E-01	9.434E-01	9.434E-01	52.800	90	89	90
AF-A0A844TY23-F1-model_v4_conserved	K7SA42_conserved	9.664E-01	9.458E-01	9.358E-01	50.000	90	90	91
AF-A0A844TY23-F1-model_v4_conserved	AF-G0L217-F1-model_v4_conserved	9.596E-01	9.390E-01	9.390E-01	47.700	90	90	90
AF-A0A844TY23-F1-model_v4_conserved	A0A097J9I0_conserved	9.622E-01	9.417E-01	9.317E-01	53.300	90	90	91
AF-A0A844TY23-F1-model_v4_conserved	AF-Q1DF71-F1-model_v4_conserved	9.627E-01	9.422E-01	9.323E-01	48.800	90	90	91
AF-A0A844TY23-F1-model_v4_conserved	A0A0H4IUK3_conserved	9.609E-01	9.404E-01	9.305E-01	54.400	90	90	91
AF-A0A844TY23-F1-model_v4_conserved	Q70E85_conserved	9.607E-01	9.402E-01	9.303E-01	55.500	90	90	91
AF-A0A844TY23-F1-model_v4_conserved	B0FWK3_conserved	9.604E-01	9.399E-01	9.300E-01	54.400	90	90	91
AF-A0A844TY23-F1-model_v4_conserved	AF-A0A6B7ELH8-F1-model_v4_conserved	9.548E-01	9.344E-01	9.344E-01	56.600	90	90	90
AF-A0A844TY23-F1-model_v4_conserved	A0A0D5ZZW5_conserved	9.602E-01	9.397E-01	9.298E-01	55.500	90	90	91
AF-A0A844TY23-F1-model_v4_conserved	Q8G9Q0_conserved	9.574E-01	9.371E-01	9.371E-01	51.600	90	89	90
AF-A0A844TY23-F1-model_v4_conserved	AF-A0A7T8ZCD9-F1-model_v4_conserved	9.547E-01	9.343E-01	9.343E-01	51.100	90	90	90
AF-A0A844TY23-F1-model_v4_conserved	Q9F6Z8_conserved	9.600E-01	9.395E-01	9.296E-01	56.600	90	90	91
AF-A0A844TY23-F1-model_v4_conserved	G4WB26_conserved	9.600E-01	9.396E-01	9.297E-01	54.400	90	90	91
AF-A0A844TY23-F1-model_v4_conserved	F8UQX1_conserved	9.599E-01	9.395E-01	9.296E-01	54.400	90	90	91
AF-A0A844TY23-F1-model_v4_conserved	Q1A2Z1_conserved	9.599E-01	9.394E-01	9.295E-01	54.400	90	90	91
AF-A0A844TY23-F1-model_v4_conserved	ECV-1_conserved	9.546E-01	9.343E-01	9.343E-01	51.100	90	90	90
AF-A0A844TY23-F1-model_v4_conserved	S5WLJ9_conserved	9.598E-01	9.394E-01	9.295E-01	53.300	90	90	91
AF-A0A844TY23-F1-model_v4_conserved	I7CP04_conserved	9.597E-01	9.393E-01	9.294E-01	53.300	90	90	91
AF-A0A844TY23-F1-model_v4_conserved	B2ZTD9_conserved	9.597E-01	9.393E-01	9.294E-01	57.700	90	90	91
AF-A0A844TY23-F1-model_v4_conserved	Q8VLM7_conserved	9.595E-01	9.391E-01	9.292E-01	55.500	90	90	91
AF-A0A844TY23-F1-model_v4_conserved	A8QUY6_conserved	9.595E-01	9.391E-01	9.292E-01	54.400	90	90	91
AF-A0A844TY23-F1-model_v4_conserved	A0A0S2MTX2_conserved	9.595E-01	9.391E-01	9.292E-01	54.400	90	90	91
AF-A0A844TY23-F1-model_v4_conserved	Q8GIW8_conserved	9.593E-01	9.389E-01	9.290E-01	54.400	90	90	91
AF-A0A844TY23-F1-model_v4_conserved	Q9AHY6_conserved	9.593E-01	9.389E-01	9.290E-01	54.400	90	90	91
AF-A0A844TY23-F1-model_v4_conserved	Q53CM3_conserved	9.592E-01	9.388E-01	9.289E-01	53.300	90	90	91
AF-A0A844TY23-F1-model_v4_conserved	Q79MP6_conserved	9.592E-01	9.388E-01	9.289E-01	56.600	90	90	91
AF-A0A844TY23-F1-model_v4_conserved	F5ANL2_conserved	9.591E-01	9.387E-01	9.288E-01	54.400	90	90	91
AF-A0A844TY23-F1-model_v4_conserved	BMHC-1_conserved	9.536E-01	9.333E-01	9.333E-01	54.400	90	90	90
AF-A0A844TY23-F1-model_v4_conserved	A0A3G3C0Q6_conserved	9.596E-01	9.392E-01	9.294E-01	46.600	90	90	91
AF-A0A844TY23-F1-model_v4_conserved	ORR-1_conserved	9.533E-01	9.330E-01	9.330E-01	50.000	90	90	90
AF-A0A844TY23-F1-model_v4_conserved	AF-A0A8E7DAJ6-F1-model_v6_conserved	9.595E-01	9.391E-01	9.292E-01	47.700	90	90	91
AF-A0A844TY23-F1-model_v4_conserved	A0A1Z3FWF5_conserved	9.595E-01	9.391E-01	9.292E-01	46.600	90	90	91
AF-A0A844TY23-F1-model_v4_conserved	A0A1P8VH15_conserved	9.592E-01	9.389E-01	9.290E-01	46.600	90	90	91
AF-A0A844TY23-F1-model_v4_conserved	AF-A0A3G5BD68-F1-model_v4_conserved	9.593E-01	9.389E-01	9.291E-01	46.600	90	90	91
AF-A0A844TY23-F1-model_v4_conserved	A0A1P8C735_conserved	9.591E-01	9.388E-01	9.289E-01	47.700	90	90	91
AF-A0A844TY23-F1-model_v4_conserved	S5ZIP8_conserved	9.590E-01	9.387E-01	9.288E-01	46.600	90	90	91
AF-A0A844TY23-F1-model_v4_conserved	A0A0B5ECY2_conserved	9.590E-01	9.386E-01	9.288E-01	46.600	90	90	91
AF-A0A844TY23-F1-model_v4_conserved	Q7WYA8_conserved	9.578E-01	9.374E-01	9.276E-01	55.500	90	90	91
AF-A0A844TY23-F1-model_v4_conserved	G9JKG5_conserved	9.572E-01	9.369E-01	9.270E-01	54.400	90	90	91
AF-A0A844TY23-F1-model_v4_conserved	AF-A0A0U3H0V9-F1-model_v4_conserved	9.465E-01	9.263E-01	9.363E-01	52.200	90	90	89
AF-A0A844TY23-F1-model_v4_conserved	AF-A0A1B2F003-F1-model_v4_conserved	9.567E-01	9.364E-01	9.265E-01	55.500	90	90	91
AF-Q12JE6-F1-model_v4_conserved	AF-Q12JE6-F1-model_v4_conserved	1.011E+00	1.000E+00	1.000E+00	100.000	91	91	91
AF-Q12JE6-F1-model_v4_conserved	AF-C5BSS3-F1-model_v4_conserved	1.003E+00	9.811E-01	9.811E-01	68.800	91	90	91
AF-Q12JE6-F1-model_v4_conserved	AF-A0A7Y3W177-F1-model_v4_conserved	1.001E+00	9.793E-01	9.793E-01	74.400	91	90	91
AF-Q12JE6-F1-model_v4_conserved	L7X1X1_conserved	1.000E+00	9.785E-01	9.785E-01	71.100	91	90	91
AF-Q12JE6-F1-model_v4_conserved	SHD-1_conserved	1.000E+00	9.784E-01	9.784E-01	67.700	91	90	91
AF-Q12JE6-F1-model_v4_conserved	Q53BU1_conserved	9.961E-01	9.745E-01	9.852E-01	64.400	91	90	90
AF-Q12JE6-F1-model_v4_conserved	L0N4W6_conserved	9.997E-01	9.780E-01	9.780E-01	67.700	91	90	91
AF-Q12JE6-F1-model_v4_conserved	Q53BU0_conserved	9.949E-01	9.734E-01	9.840E-01	61.100	91	90	90
AF-Q12JE6-F1-model_v4_conserved	AF-A0A6M4NN58-F1-model_v4_conserved	9.981E-01	9.764E-01	9.764E-01	80.000	91	90	91
AF-Q12JE6-F1-model_v4_conserved	A0A650AXL4_conserved	9.980E-01	9.763E-01	9.763E-01	74.400	91	90	91
AF-Q12JE6-F1-model_v4_conserved	AF-A0A1L6K5Z3-F1-model_v4_conserved	1.001E+00	9.681E-01	9.788E-01	70.000	91	90	90
AF-Q12JE6-F1-model_v4_conserved	Q704V1_conserved	9.966E-01	9.750E-01	9.750E-01	67.700	91	90	91
AF-Q12JE6-F1-model_v4_conserved	A8R403_conserved	9.917E-01	9.703E-01	9.703E-01	73.300	91	90	91
AF-Q12JE6-F1-model_v4_conserved	F8UQX1_conserved	9.906E-01	9.692E-01	9.692E-01	68.800	91	90	91
AF-Q12JE6-F1-model_v4_conserved	K7SA42_conserved	9.908E-01	9.694E-01	9.694E-01	58.800	91	90	91
AF-Q12JE6-F1-model_v4_conserved	Q8GIW8_conserved	9.900E-01	9.686E-01	9.686E-01	72.200	91	90	91
AF-Q12JE6-F1-model_v4_conserved	Q7WYA8_conserved	9.897E-01	9.683E-01	9.683E-01	70.000	91	90	91
AF-Q12JE6-F1-model_v4_conserved	A0A161H7D8_conserved	9.895E-01	9.682E-01	9.682E-01	70.000	91	90	91
AF-Q12JE6-F1-model_v4_conserved	B2ZTD9_conserved	9.894E-01	9.681E-01	9.681E-01	73.300	91	90	91
AF-Q12JE6-F1-model_v4_conserved	S5WLJ9_conserved	9.887E-01	9.674E-01	9.674E-01	67.700	91	90	91
AF-Q12JE6-F1-model_v4_conserved	G9JKG5_conserved	9.886E-01	9.673E-01	9.673E-01	71.100	91	90	91
AF-Q12JE6-F1-model_v4_conserved	I7CP04_conserved	9.882E-01	9.669E-01	9.669E-01	67.700	91	90	91
AF-Q12JE6-F1-model_v4_conserved	A0A0D5ZZW5_conserved	9.881E-01	9.668E-01	9.668E-01	73.300	91	90	91
AF-Q12JE6-F1-model_v4_conserved	Q70E85_conserved	9.881E-01	9.668E-01	9.668E-01	73.300	91	90	91
AF-Q12JE6-F1-model_v4_conserved	Q8VLM7_conserved	9.879E-01	9.666E-01	9.666E-01	73.300	91	90	91
AF-Q12JE6-F1-model_v4_conserved	STA-1_conserved	9.886E-01	9.674E-01	9.674E-01	58.800	91	90	91
AF-Q12JE6-F1-model_v4_conserved	G4WB26_conserved	9.878E-01	9.665E-01	9.665E-01	72.200	91	90	91
AF-Q12JE6-F1-model_v4_conserved	Q1A2Z1_conserved	9.876E-01	9.664E-01	9.664E-01	72.200	91	90	91
AF-Q12JE6-F1-model_v4_conserved	Q9F6Z8_conserved	9.876E-01	9.663E-01	9.663E-01	72.200	91	90	91
AF-Q12JE6-F1-model_v4_conserved	A8QUY6_conserved	9.876E-01	9.663E-01	9.663E-01	71.100	91	90	91
AF-Q12JE6-F1-model_v4_conserved	B0FWK3_conserved	9.875E-01	9.662E-01	9.662E-01	72.200	91	90	91
AF-Q12JE6-F1-model_v4_conserved	Q53CM3_conserved	9.874E-01	9.662E-01	9.662E-01	72.200	91	90	91
AF-Q12JE6-F1-model_v4_conserved	Q9AHY6_conserved	9.872E-01	9.659E-01	9.659E-01	72.200	91	90	91
AF-Q12JE6-F1-model_v4_conserved	F5ANL2_conserved	9.869E-01	9.656E-01	9.656E-01	73.300	91	90	91
AF-Q12JE6-F1-model_v4_conserved	Q79MP6_conserved	9.867E-01	9.655E-01	9.655E-01	72.200	91	90	91
AF-Q12JE6-F1-model_v4_conserved	AF-A0A1L6K5Y5-F1-model_v4_conserved	9.911E-01	9.590E-01	9.695E-01	61.100	91	90	90
AF-Q12JE6-F1-model_v4_conserved	A0A0S2MTX2_conserved	9.858E-01	9.646E-01	9.646E-01	70.000	91	90	91
AF-Q12JE6-F1-model_v4_conserved	A0A097J9I0_conserved	9.845E-01	9.633E-01	9.633E-01	68.800	91	90	91
AF-Q12JE6-F1-model_v4_conserved	AF-Q1DF71-F1-model_v4_conserved	9.859E-01	9.647E-01	9.647E-01	55.500	91	90	91
AF-Q12JE6-F1-model_v4_conserved	AF-A0A1B2F003-F1-model_v4_conserved	9.848E-01	9.636E-01	9.636E-01	70.000	91	90	91
AF-Q12JE6-F1-model_v4_conserved	A0A0H4IUK3_conserved	9.845E-01	9.633E-01	9.633E-01	71.100	91	90	91
AF-Q12JE6-F1-model_v4_conserved	ALI-1_conserved	9.809E-01	9.598E-01	9.598E-01	58.200	91	91	91
AF-Q12JE6-F1-model_v4_conserved	AF-A0A3G5BD68-F1-model_v4_conserved	9.833E-01	9.623E-01	9.623E-01	52.200	91	90	91
AF-Q12JE6-F1-model_v4_conserved	ALI-2_conserved	9.801E-01	9.590E-01	9.590E-01	63.700	91	91	91
AF-Q12JE6-F1-model_v4_conserved	AF-A0A8E7DAJ6-F1-model_v6_conserved	9.820E-01	9.610E-01	9.610E-01	52.200	91	90	91
AF-Q12JE6-F1-model_v4_conserved	AF-G0L217-F1-model_v4_conserved	9.861E-01	9.544E-01	9.647E-01	53.300	91	90	90
AF-Q12JE6-F1-model_v4_conserved	A0A3G3C0Q6_conserved	9.818E-01	9.608E-01	9.608E-01	51.100	91	90	91
AF-Q12JE6-F1-model_v4_conserved	A0A1Z3FWF5_conserved	9.818E-01	9.608E-01	9.608E-01	51.100	91	90	91
AF-Q12JE6-F1-model_v4_conserved	S5ZIP8_conserved	9.818E-01	9.608E-01	9.608E-01	51.100	91	90	91
AF-Q12JE6-F1-model_v4_conserved	A0A1P8C735_conserved	9.818E-01	9.608E-01	9.608E-01	52.200	91	90	91
AF-Q12JE6-F1-model_v4_conserved	A0A0B5ECY2_conserved	9.816E-01	9.606E-01	9.606E-01	51.100	91	90	91
AF-Q12JE6-F1-model_v4_conserved	A0A1P8VH15_conserved	9.815E-01	9.606E-01	9.606E-01	51.100	91	90	91
AF-Q12JE6-F1-model_v4_conserved	AF-A0A4Y8LBX5-F1-model_v4_conserved	9.815E-01	9.605E-01	9.605E-01	66.600	91	90	91
AF-Q12JE6-F1-model_v4_conserved	AF-A0A7T8ZCD9-F1-model_v4_conserved	9.842E-01	9.525E-01	9.629E-01	52.200	91	90	90
AF-Q12JE6-F1-model_v4_conserved	ECV-1_conserved	9.841E-01	9.525E-01	9.628E-01	57.700	91	90	90
AF-Q12JE6-F1-model_v4_conserved	Q6SPY5_conserved	9.822E-01	9.506E-01	9.609E-01	62.200	91	90	90
AF-Q12JE6-F1-model_v4_conserved	ANA-1_conserved	9.782E-01	9.573E-01	9.573E-01	54.400	91	90	91
AF-Q12JE6-F1-model_v4_conserved	P14488_conserved	9.818E-01	9.503E-01	9.606E-01	62.200	91	90	90
AF-Q12JE6-F1-model_v4_conserved	ORR-1_conserved	9.806E-01	9.492E-01	9.594E-01	60.000	91	90	90
AF-Q12JE6-F1-model_v4_conserved	BMHC-1_conserved	9.808E-01	9.493E-01	9.596E-01	55.500	91	90	90
AF-Q12JE6-F1-model_v4_conserved	A0A0C5L398_conserved	9.799E-01	9.485E-01	9.587E-01	51.100	91	90	90
AF-Q12JE6-F1-model_v4_conserved	AF-A0A6B7ELH8-F1-model_v4_conserved	9.801E-01	9.487E-01	9.590E-01	58.800	91	90	90
AF-Q12JE6-F1-model_v4_conserved	AF-I0KEZ6-F1-model_v4_conserved	9.778E-01	9.465E-01	9.567E-01	55.500	91	90	90
AF-Q12JE6-F1-model_v4_conserved	P25910_conserved	9.744E-01	9.537E-01	9.537E-01	57.700	91	90	91
AF-Q12JE6-F1-model_v4_conserved	AF-A0A0U3H0V9-F1-model_v4_conserved	9.701E-01	9.392E-01	9.596E-01	55.500	91	90	89
AF-Q12JE6-F1-model_v4_conserved	A0A2R4PHC7_conserved	9.723E-01	9.413E-01	9.514E-01	57.700	91	90	90
AF-Q12JE6-F1-model_v4_conserved	Q840P9_conserved	9.717E-01	9.408E-01	9.509E-01	55.500	91	90	90
AF-Q12JE6-F1-model_v4_conserved	Q8GPN1_conserved	9.712E-01	9.402E-01	9.503E-01	56.600	91	90	90
AF-Q12JE6-F1-model_v4_conserved	Q8GKX2_conserved	9.714E-01	9.405E-01	9.506E-01	56.600	91	90	90
AF-Q12JE6-F1-model_v4_conserved	Q2HY42_conserved	9.712E-01	9.403E-01	9.504E-01	56.600	91	90	90
AF-Q12JE6-F1-model_v4_conserved	Q9XAY4_conserved	9.708E-01	9.399E-01	9.500E-01	56.600	91	90	90
AF-Q12JE6-F1-model_v4_conserved	Q3YBY0_conserved	9.706E-01	9.397E-01	9.498E-01	56.600	91	90	90
AF-Q12JE6-F1-model_v4_conserved	E5G503_conserved	9.705E-01	9.396E-01	9.497E-01	56.600	91	90	90
AF-Q12JE6-F1-model_v4_conserved	Q8RMB8_conserved	9.700E-01	9.391E-01	9.492E-01	52.200	91	90	90
AF-Q12JE6-F1-model_v4_conserved	AF-A0A844TY23-F1-model_v4_conserved	9.695E-01	9.387E-01	9.487E-01	58.800	91	90	90
AF-Q12JE6-F1-model_v4_conserved	I3RJZ3_conserved	9.695E-01	9.387E-01	9.488E-01	55.500	91	90	90
AF-Q12JE6-F1-model_v4_conserved	B4YAJ7_conserved	9.695E-01	9.387E-01	9.487E-01	55.500	91	90	90
AF-Q12JE6-F1-model_v4_conserved	A0A0H3YDR5_conserved	9.691E-01	9.383E-01	9.483E-01	56.600	91	90	90
AF-Q12JE6-F1-model_v4_conserved	AF-A0A191Z3S9-F1-model_v4_conserved	9.686E-01	9.378E-01	9.478E-01	53.300	91	90	90
AF-Q12JE6-F1-model_v4_conserved	Q8GPN2_conserved	9.686E-01	9.378E-01	9.479E-01	55.500	91	90	90
AF-Q12JE6-F1-model_v4_conserved	Q9F629_conserved	9.681E-01	9.373E-01	9.474E-01	55.500	91	90	90
AF-Q12JE6-F1-model_v4_conserved	A7WPA3_conserved	9.682E-01	9.374E-01	9.475E-01	55.500	91	90	90
AF-Q12JE6-F1-model_v4_conserved	AF-A0A7U3MVS9-F1-model_v4_conserved	9.669E-01	9.363E-01	9.463E-01	47.700	91	90	90
AF-Q12JE6-F1-model_v4_conserved	SPS-1_conserved	9.628E-01	9.324E-01	9.525E-01	46.600	91	90	89
AF-Q12JE6-F1-model_v4_conserved	Q9ETN2_conserved	9.646E-01	9.340E-01	9.440E-01	55.500	91	90	90
AF-Q12JE6-F1-model_v4_conserved	Q08I33_conserved	9.639E-01	9.334E-01	9.433E-01	53.300	91	90	90
AF-Q12JE6-F1-model_v4_conserved	A0A0N9HJI8_conserved	9.625E-01	9.319E-01	9.419E-01	54.400	91	90	90
AF-Q12JE6-F1-model_v4_conserved	Q9F921_conserved	9.628E-01	9.323E-01	9.422E-01	53.300	91	90	90
AF-Q12JE6-F1-model_v4_conserved	Q8VT48_conserved	9.619E-01	9.314E-01	9.414E-01	52.200	91	90	90
AF-Q12JE6-F1-model_v4_conserved	D2K7P0_conserved	9.613E-01	9.309E-01	9.408E-01	53.300	91	90	90
AF-Q12JE6-F1-model_v4_conserved	E2GLP7_conserved	9.613E-01	9.309E-01	9.408E-01	54.400	91	90	90
AF-Q12JE6-F1-model_v4_conserved	Q8G9Q0_conserved	9.612E-01	9.309E-01	9.408E-01	48.800	91	90	90
AF-Q12JE6-F1-model_v4_conserved	Q9EU43_conserved	9.605E-01	9.301E-01	9.400E-01	54.400	91	90	90
AF-Q12JE6-F1-model_v4_conserved	Q6JE29_conserved	9.599E-01	9.296E-01	9.395E-01	53.300	91	90	90
AF-Q12JE6-F1-model_v4_conserved	Q9X482_conserved	9.597E-01	9.294E-01	9.393E-01	53.300	91	90	90
AF-Q12JE6-F1-model_v4_conserved	Q8GQK7_conserved	9.579E-01	9.276E-01	9.375E-01	54.400	91	90	90
AF-Q12JE6-F1-model_v4_conserved	A0A077EG89_conserved	9.570E-01	9.269E-01	9.367E-01	51.100	91	90	90
AF-Q12JE6-F1-model_v4_conserved	D2KCJ9_conserved	9.561E-01	9.259E-01	9.358E-01	52.200	91	90	90
AF-Q12JE6-F1-model_v4_conserved	AF-Q9RB01-F1-model_v4_conserved	9.561E-01	9.260E-01	9.358E-01	51.100	91	90	90
ANA-1_conserved	ANA-1_conserved	1.011E+00	1.000E+00	1.000E+00	100.000	91	91	91
ANA-1_conserved	Q53BU1_conserved	9.897E-01	9.683E-01	9.789E-01	56.600	91	90	90
ANA-1_conserved	Q53BU0_conserved	9.846E-01	9.635E-01	9.739E-01	56.600	91	90	90
ANA-1_conserved	AF-G0L217-F1-model_v4_conserved	9.913E-01	9.592E-01	9.696E-01	45.500	91	90	90
ANA-1_conserved	P25910_conserved	9.868E-01	9.656E-01	9.656E-01	60.000	91	90	91
ANA-1_conserved	L7X1X1_conserved	9.844E-01	9.633E-01	9.633E-01	60.000	91	90	91
ANA-1_conserved	AF-Q1DF71-F1-model_v4_conserved	9.837E-01	9.626E-01	9.626E-01	60.000	91	90	91
ANA-1_conserved	AF-I0KEZ6-F1-model_v4_conserved	9.880E-01	9.561E-01	9.665E-01	53.300	91	90	90
ANA-1_conserved	BMHC-1_conserved	9.879E-01	9.561E-01	9.665E-01	45.500	91	90	90
ANA-1_conserved	AF-A0A1L6K5Y5-F1-model_v4_conserved	9.878E-01	9.559E-01	9.663E-01	61.100	91	90	90
ANA-1_conserved	AF-A0A7T8ZCD9-F1-model_v4_conserved	9.876E-01	9.557E-01	9.661E-01	47.700	91	90	90
ANA-1_conserved	AF-C5BSS3-F1-model_v4_conserved	9.830E-01	9.619E-01	9.619E-01	61.100	91	90	91
ANA-1_conserved	ECV-1_conserved	9.871E-01	9.553E-01	9.657E-01	53.300	91	90	90
ANA-1_conserved	AF-A0A6B7ELH8-F1-model_v4_conserved	9.865E-01	9.546E-01	9.650E-01	50.000	91	90	90
ANA-1_conserved	L0N4W6_conserved	9.825E-01	9.614E-01	9.614E-01	56.600	91	90	91
ANA-1_conserved	Q704V1_conserved	9.818E-01	9.607E-01	9.607E-01	56.600	91	90	91
ANA-1_conserved	SHD-1_conserved	9.813E-01	9.603E-01	9.603E-01	55.500	91	90	91
ANA-1_conserved	STA-1_conserved	9.811E-01	9.601E-01	9.601E-01	53.300	91	90	91
ANA-1_conserved	AF-A0A4Y8LBX5-F1-model_v4_conserved	9.804E-01	9.594E-01	9.594E-01	65.500	91	90	91
ANA-1_conserved	SPS-1_conserved	9.805E-01	9.491E-01	9.698E-01	45.500	91	90	89
ANA-1_conserved	AF-A0A7Y3W177-F1-model_v4_conserved	9.803E-01	9.593E-01	9.593E-01	56.600	91	90	91
ANA-1_conserved	AF-A0A0U3H0V9-F1-model_v4_conserved	9.780E-01	9.466E-01	9.673E-01	52.200	91	90	89
ANA-1_conserved	AF-A0A7U3MVS9-F1-model_v4_conserved	9.830E-01	9.514E-01	9.617E-01	43.300	91	90	90
ANA-1_conserved	K7SA42_conserved	9.778E-01	9.569E-01	9.569E-01	55.500	91	90	91
ANA-1_conserved	AF-A0A6M4NN58-F1-model_v4_conserved	9.780E-01	9.571E-01	9.571E-01	56.600	91	90	91
ANA-1_conserved	A0A650AXL4_conserved	9.779E-01	9.570E-01	9.570E-01	54.400	91	90	91
ANA-1_conserved	A0A0C5L398_conserved	9.822E-01	9.507E-01	9.610E-01	52.200	91	90	90
ANA-1_conserved	AF-Q12JE6-F1-model_v4_conserved	9.782E-01	9.573E-01	9.573E-01	54.400	91	90	91
ANA-1_conserved	AF-A0A1L6K5Z3-F1-model_v4_conserved	9.821E-01	9.506E-01	9.609E-01	56.600	91	90	90
ANA-1_conserved	P14488_conserved	9.820E-01	9.505E-01	9.608E-01	58.800	91	90	90
ANA-1_conserved	A0A2R4PHC7_conserved	9.812E-01	9.497E-01	9.600E-01	52.200	91	90	90
ANA-1_conserved	Q6SPY5_conserved	9.815E-01	9.501E-01	9.603E-01	61.100	91	90	90
ANA-1_conserved	ORR-1_conserved	9.808E-01	9.493E-01	9.596E-01	51.100	91	90	90
ANA-1_conserved	AF-A0A3G5BD68-F1-model_v4_conserved	9.748E-01	9.540E-01	9.540E-01	50.000	91	90	91
ANA-1_conserved	A0A3G3C0Q6_conserved	9.744E-01	9.537E-01	9.537E-01	50.000	91	90	91
ANA-1_conserved	A0A1Z3FWF5_conserved	9.743E-01	9.536E-01	9.536E-01	50.000	91	90	91
ANA-1_conserved	A0A1P8C735_conserved	9.741E-01	9.534E-01	9.534E-01	51.100	91	90	91
ANA-1_conserved	A0A1P8VH15_conserved	9.741E-01	9.534E-01	9.534E-01	50.000	91	90	91
ANA-1_conserved	AF-A0A8E7DAJ6-F1-model_v6_conserved	9.741E-01	9.533E-01	9.533E-01	51.100	91	90	91
ANA-1_conserved	S5ZIP8_conserved	9.739E-01	9.531E-01	9.531E-01	50.000	91	90	91
ANA-1_conserved	A0A0B5ECY2_conserved	9.739E-01	9.532E-01	9.532E-01	50.000	91	90	91
ANA-1_conserved	ALI-1_conserved	9.710E-01	9.502E-01	9.502E-01	48.300	91	91	91
ANA-1_conserved	ALI-2_conserved	9.709E-01	9.502E-01	9.502E-01	47.200	91	91	91
ANA-1_conserved	Q840P9_conserved	9.766E-01	9.454E-01	9.555E-01	55.500	91	90	90
ANA-1_conserved	Q8RMB8_conserved	9.757E-01	9.445E-01	9.547E-01	47.700	91	90	90
ANA-1_conserved	AF-A0A844TY23-F1-model_v4_conserved	9.754E-01	9.442E-01	9.544E-01	48.800	91	90	90
ANA-1_conserved	Q8G9Q0_conserved	9.753E-01	9.442E-01	9.543E-01	44.400	91	90	90
ANA-1_conserved	Q8GPN1_conserved	9.751E-01	9.439E-01	9.541E-01	45.500	91	90	90
ANA-1_conserved	AF-A0A191Z3S9-F1-model_v4_conserved	9.750E-01	9.438E-01	9.540E-01	46.600	91	90	90
ANA-1_conserved	A0A0H3YDR5_conserved	9.745E-01	9.434E-01	9.535E-01	45.500	91	90	90
ANA-1_conserved	Q8GPN2_conserved	9.745E-01	9.433E-01	9.535E-01	45.500	91	90	90
ANA-1_conserved	Q8GKX2_conserved	9.751E-01	9.440E-01	9.542E-01	56.600	91	90	90
ANA-1_conserved	A8R403_conserved	9.698E-01	9.492E-01	9.492E-01	60.000	91	90	91
ANA-1_conserved	A0A161H7D8_conserved	9.697E-01	9.491E-01	9.491E-01	56.600	91	90	91
ANA-1_conserved	Q2HY42_conserved	9.748E-01	9.437E-01	9.539E-01	56.600	91	90	90
ANA-1_conserved	Q9XAY4_conserved	9.746E-01	9.436E-01	9.537E-01	56.600	91	90	90
ANA-1_conserved	Q3YBY0_conserved	9.745E-01	9.435E-01	9.536E-01	56.600	91	90	90
ANA-1_conserved	E5G503_conserved	9.745E-01	9.434E-01	9.536E-01	56.600	91	90	90
ANA-1_conserved	I3RJZ3_conserved	9.734E-01	9.424E-01	9.525E-01	55.500	91	90	90
ANA-1_conserved	F8UQX1_conserved	9.679E-01	9.474E-01	9.474E-01	54.400	91	90	91
ANA-1_conserved	B4YAJ7_conserved	9.726E-01	9.417E-01	9.518E-01	55.500	91	90	90
ANA-1_conserved	Q9F629_conserved	9.721E-01	9.412E-01	9.513E-01	55.500	91	90	90
ANA-1_conserved	Q8GIW8_conserved	9.671E-01	9.466E-01	9.466E-01	54.400	91	90	91
ANA-1_conserved	Q70E85_conserved	9.669E-01	9.464E-01	9.464E-01	54.400	91	90	91
ANA-1_conserved	A7WPA3_conserved	9.718E-01	9.409E-01	9.509E-01	55.500	91	90	90
ANA-1_conserved	A0A0D5ZZW5_conserved	9.660E-01	9.455E-01	9.455E-01	58.800	91	90	91
ANA-1_conserved	S5WLJ9_conserved	9.658E-01	9.454E-01	9.454E-01	51.100	91	90	91
ANA-1_conserved	B0FWK3_conserved	9.656E-01	9.452E-01	9.452E-01	55.500	91	90	91
ANA-1_conserved	G4WB26_conserved	9.656E-01	9.452E-01	9.452E-01	57.700	91	90	91
ANA-1_conserved	I7CP04_conserved	9.655E-01	9.451E-01	9.451E-01	51.100	91	90	91
ANA-1_conserved	B2ZTD9_conserved	9.655E-01	9.451E-01	9.451E-01	52.200	91	90	91
ANA-1_conserved	Q9AHY6_conserved	9.649E-01	9.445E-01	9.445E-01	57.700	91	90	91
ANA-1_conserved	Q53CM3_conserved	9.649E-01	9.445E-01	9.445E-01	55.500	91	90	91
ANA-1_conserved	Q9F6Z8_conserved	9.648E-01	9.444E-01	9.444E-01	54.400	91	90	91
ANA-1_conserved	Q8VLM7_conserved	9.647E-01	9.444E-01	9.444E-01	55.500	91	90	91
ANA-1_conserved	A0A097J9I0_conserved	9.639E-01	9.435E-01	9.435E-01	53.300	91	90	91
ANA-1_conserved	A8QUY6_conserved	9.646E-01	9.442E-01	9.442E-01	55.500	91	90	91
ANA-1_conserved	F5ANL2_conserved	9.643E-01	9.439E-01	9.439E-01	56.600	91	90	91
ANA-1_conserved	A0A0H4IUK3_conserved	9.638E-01	9.434E-01	9.434E-01	54.400	91	90	91
ANA-1_conserved	Q1A2Z1_conserved	9.644E-01	9.440E-01	9.440E-01	54.400	91	90	91
ANA-1_conserved	Q7WYA8_conserved	9.643E-01	9.439E-01	9.439E-01	54.400	91	90	91
ANA-1_conserved	Q79MP6_conserved	9.639E-01	9.435E-01	9.435E-01	54.400	91	90	91
ANA-1_conserved	A0A0S2MTX2_conserved	9.632E-01	9.428E-01	9.428E-01	52.200	91	90	91
ANA-1_conserved	G9JKG5_conserved	9.635E-01	9.432E-01	9.432E-01	55.500	91	90	91
ANA-1_conserved	AF-Q9RB01-F1-model_v4_conserved	9.659E-01	9.353E-01	9.453E-01	51.100	91	90	90
ANA-1_conserved	A0A077EG89_conserved	9.655E-01	9.349E-01	9.449E-01	50.000	91	90	90
ANA-1_conserved	AF-A0A1B2F003-F1-model_v4_conserved	9.578E-01	9.377E-01	9.377E-01	51.100	91	90	91
ANA-1_conserved	A0A0N9HJI8_conserved	9.581E-01	9.279E-01	9.378E-01	50.000	91	90	90
ANA-1_conserved	Q9ETN2_conserved	9.572E-01	9.270E-01	9.369E-01	53.300	91	90	90
ANA-1_conserved	Q08I33_conserved	9.569E-01	9.268E-01	9.366E-01	50.000	91	90	90
ANA-1_conserved	Q8VT48_conserved	9.550E-01	9.250E-01	9.348E-01	50.000	91	90	90
ANA-1_conserved	E2GLP7_conserved	9.548E-01	9.248E-01	9.346E-01	51.100	91	90	90
ANA-1_conserved	Q8GQK7_conserved	9.543E-01	9.242E-01	9.340E-01	50.000	91	90	90
ANA-1_conserved	D2KCJ9_conserved	9.540E-01	9.240E-01	9.338E-01	47.700	91	90	90
ANA-1_conserved	Q9EU43_conserved	9.542E-01	9.242E-01	9.340E-01	51.100	91	90	90
ANA-1_conserved	Q9X482_conserved	9.542E-01	9.242E-01	9.340E-01	48.800	91	90	90
ANA-1_conserved	Q6JE29_conserved	9.540E-01	9.240E-01	9.338E-01	50.000	91	90	90
ANA-1_conserved	D2K7P0_conserved	9.539E-01	9.239E-01	9.337E-01	51.100	91	90	90
ANA-1_conserved	Q9F921_conserved	9.533E-01	9.234E-01	9.331E-01	51.100	91	90	90
E5G503_conserved	E5G503_conserved	1.011E+00	1.000E+00	1.000E+00	100.000	90	90	90
E5G503_conserved	Q3YBY0_conserved	1.002E+00	9.910E-01	9.910E-01	97.700	90	90	90
E5G503_conserved	Q8GKX2_conserved	1.011E+00	9.888E-01	9.888E-01	100.000	90	89	90
E5G503_conserved	Q2HY42_conserved	1.011E+00	9.887E-01	9.887E-01	97.700	90	89	90
E5G503_conserved	Q9XAY4_conserved	1.011E+00	9.887E-01	9.887E-01	97.700	90	89	90
E5G503_conserved	I3RJZ3_conserved	1.011E+00	9.884E-01	9.884E-01	96.600	90	89	90
E5G503_conserved	B4YAJ7_conserved	1.010E+00	9.879E-01	9.879E-01	96.600	90	89	90
E5G503_conserved	Q9F629_conserved	1.010E+00	9.879E-01	9.879E-01	96.600	90	89	90
E5G503_conserved	Q840P9_conserved	1.010E+00	9.878E-01	9.878E-01	92.100	90	89	90
E5G503_conserved	A7WPA3_conserved	1.010E+00	9.875E-01	9.875E-01	96.600	90	89	90
E5G503_conserved	AF-I0KEZ6-F1-model_v4_conserved	9.867E-01	9.652E-01	9.652E-01	52.800	90	89	90
E5G503_conserved	Q53BU1_conserved	9.836E-01	9.623E-01	9.623E-01	53.300	90	90	90
E5G503_conserved	AF-A0A1L6K5Y5-F1-model_v4_conserved	9.809E-01	9.597E-01	9.597E-01	69.600	90	89	90
E5G503_conserved	A0A0C5L398_conserved	9.787E-01	9.576E-01	9.576E-01	44.900	90	89	90
E5G503_conserved	P14488_conserved	9.782E-01	9.571E-01	9.571E-01	58.400	90	89	90
E5G503_conserved	Q6SPY5_conserved	9.778E-01	9.568E-01	9.568E-01	59.500	90	89	90
E5G503_conserved	AF-A0A1L6K5Z3-F1-model_v4_conserved	9.770E-01	9.560E-01	9.560E-01	59.500	90	89	90
E5G503_conserved	Q53BU0_conserved	9.771E-01	9.560E-01	9.560E-01	54.400	90	90	90
E5G503_conserved	ORR-1_conserved	9.718E-01	9.507E-01	9.507E-01	52.200	90	90	90
E5G503_conserved	A0A2R4PHC7_conserved	9.746E-01	9.537E-01	9.537E-01	58.400	90	89	90
E5G503_conserved	K7SA42_conserved	9.776E-01	9.565E-01	9.463E-01	57.700	90	90	91
E5G503_conserved	A0A077EG89_conserved	9.730E-01	9.522E-01	9.522E-01	44.900	90	89	90
E5G503_conserved	AF-A0A7Y3W177-F1-model_v4_conserved	9.764E-01	9.554E-01	9.452E-01	64.400	90	90	91
E5G503_conserved	AF-Q9RB01-F1-model_v4_conserved	9.720E-01	9.512E-01	9.512E-01	43.800	90	89	90
E5G503_conserved	AF-A0A7T8ZCD9-F1-model_v4_conserved	9.683E-01	9.474E-01	9.474E-01	52.200	90	90	90
E5G503_conserved	L7X1X1_conserved	9.750E-01	9.541E-01	9.439E-01	58.800	90	90	91
E5G503_conserved	AF-A0A6M4NN58-F1-model_v4_conserved	9.747E-01	9.537E-01	9.436E-01	60.000	90	90	91
E5G503_conserved	AF-A0A7U3MVS9-F1-model_v4_conserved	9.714E-01	9.506E-01	9.506E-01	49.400	90	89	90
E5G503_conserved	ANA-1_conserved	9.745E-01	9.536E-01	9.434E-01	56.600	90	90	91
E5G503_conserved	SHD-1_conserved	9.739E-01	9.530E-01	9.429E-01	55.500	90	90	91
E5G503_conserved	ECV-1_conserved	9.669E-01	9.461E-01	9.461E-01	55.500	90	90	90
E5G503_conserved	AF-C5BSS3-F1-model_v4_conserved	9.732E-01	9.523E-01	9.421E-01	57.700	90	90	91
E5G503_conserved	Q704V1_conserved	9.732E-01	9.523E-01	9.422E-01	56.600	90	90	91
E5G503_conserved	A0A650AXL4_conserved	9.718E-01	9.510E-01	9.409E-01	58.800	90	90	91
E5G503_conserved	A0A1Z3FWF5_conserved	9.717E-01	9.509E-01	9.408E-01	52.200	90	90	91
E5G503_conserved	A0A3G3C0Q6_conserved	9.716E-01	9.508E-01	9.407E-01	52.200	90	90	91
E5G503_conserved	A0A1P8C735_conserved	9.716E-01	9.508E-01	9.407E-01	53.300	90	90	91
E5G503_conserved	A0A1P8VH15_conserved	9.713E-01	9.505E-01	9.404E-01	52.200	90	90	91
E5G503_conserved	S5ZIP8_conserved	9.711E-01	9.504E-01	9.403E-01	52.200	90	90	91
E5G503_conserved	AF-A0A8E7DAJ6-F1-model_v6_conserved	9.712E-01	9.504E-01	9.403E-01	53.300	90	90	91
E5G503_conserved	Q8RMB8_conserved	9.674E-01	9.467E-01	9.467E-01	46.000	90	89	90
E5G503_conserved	A0A0B5ECY2_conserved	9.710E-01	9.502E-01	9.402E-01	52.200	90	90	91
E5G503_conserved	AF-A0A3G5BD68-F1-model_v4_conserved	9.710E-01	9.502E-01	9.402E-01	52.200	90	90	91
E5G503_conserved	AF-Q12JE6-F1-model_v4_conserved	9.705E-01	9.497E-01	9.396E-01	56.600	90	90	91
E5G503_conserved	L0N4W6_conserved	9.707E-01	9.499E-01	9.398E-01	55.500	90	90	91
E5G503_conserved	AF-A0A191Z3S9-F1-model_v4_conserved	9.662E-01	9.455E-01	9.455E-01	51.600	90	89	90
E5G503_conserved	AF-A0A844TY23-F1-model_v4_conserved	9.657E-01	9.451E-01	9.451E-01	50.500	90	89	90
E5G503_conserved	STA-1_conserved	9.693E-01	9.486E-01	9.385E-01	56.600	90	90	91
E5G503_conserved	Q8GPN1_conserved	9.647E-01	9.441E-01	9.441E-01	49.400	90	89	90
E5G503_conserved	P25910_conserved	9.678E-01	9.471E-01	9.371E-01	56.600	90	90	91
E5G503_conserved	AF-A0A0U3H0V9-F1-model_v4_conserved	9.555E-01	9.350E-01	9.451E-01	48.800	90	90	89
E5G503_conserved	AF-A0A6B7ELH8-F1-model_v4_conserved	9.607E-01	9.401E-01	9.401E-01	48.800	90	90	90
E5G503_conserved	Q8G9Q0_conserved	9.633E-01	9.428E-01	9.428E-01	52.800	90	89	90
E5G503_conserved	BMHC-1_conserved	9.596E-01	9.391E-01	9.391E-01	47.700	90	90	90
E5G503_conserved	Q8GPN2_conserved	9.618E-01	9.413E-01	9.413E-01	49.400	90	89	90
E5G503_conserved	A0A161H7D8_conserved	9.646E-01	9.440E-01	9.340E-01	55.500	90	90	91
E5G503_conserved	A0A0H3YDR5_conserved	9.611E-01	9.406E-01	9.406E-01	49.400	90	89	90
E5G503_conserved	AF-G0L217-F1-model_v4_conserved	9.584E-01	9.379E-01	9.379E-01	53.300	90	90	90
E5G503_conserved	AF-Q1DF71-F1-model_v4_conserved	9.648E-01	9.442E-01	9.343E-01	62.200	90	90	91
E5G503_conserved	ALI-2_conserved	9.645E-01	9.440E-01	9.341E-01	62.200	90	90	91
E5G503_conserved	AF-A0A4Y8LBX5-F1-model_v4_conserved	9.637E-01	9.431E-01	9.332E-01	62.200	90	90	91
E5G503_conserved	ALI-1_conserved	9.633E-01	9.428E-01	9.329E-01	56.600	90	90	91
E5G503_conserved	Q08I33_conserved	9.584E-01	9.381E-01	9.381E-01	43.800	90	89	90
E5G503_conserved	Q9F921_conserved	9.581E-01	9.378E-01	9.378E-01	46.000	90	89	90
E5G503_conserved	A8R403_conserved	9.615E-01	9.410E-01	9.311E-01	60.000	90	90	91
E5G503_conserved	Q9ETN2_conserved	9.578E-01	9.375E-01	9.375E-01	44.900	90	89	90
E5G503_conserved	D2KCJ9_conserved	9.570E-01	9.367E-01	9.367E-01	42.600	90	89	90
E5G503_conserved	D2K7P0_conserved	9.575E-01	9.372E-01	9.372E-01	43.800	90	89	90
E5G503_conserved	E2GLP7_conserved	9.573E-01	9.370E-01	9.370E-01	44.900	90	89	90
E5G503_conserved	Q6JE29_conserved	9.567E-01	9.364E-01	9.364E-01	43.800	90	89	90
E5G503_conserved	Q9X482_conserved	9.567E-01	9.364E-01	9.364E-01	43.800	90	89	90
E5G503_conserved	Q9EU43_conserved	9.565E-01	9.363E-01	9.363E-01	44.900	90	89	90
E5G503_conserved	Q8VT48_conserved	9.563E-01	9.361E-01	9.361E-01	42.600	90	89	90
E5G503_conserved	A0A0N9HJI8_conserved	9.551E-01	9.348E-01	9.348E-01	42.600	90	89	90
E5G503_conserved	SPS-1_conserved	9.524E-01	9.323E-01	9.423E-01	48.300	90	89	89
E5G503_conserved	A0A097J9I0_conserved	9.578E-01	9.374E-01	9.276E-01	52.200	90	90	91
E5G503_conserved	B0FWK3_conserved	9.572E-01	9.369E-01	9.271E-01	56.600	90	90	91
E5G503_conserved	B2ZTD9_conserved	9.571E-01	9.368E-01	9.270E-01	54.400	90	90	91
E5G503_conserved	Q8VLM7_conserved	9.569E-01	9.366E-01	9.268E-01	54.400	90	90	91
E5G503_conserved	A0A0H4IUK3_conserved	9.570E-01	9.367E-01	9.268E-01	53.300	90	90	91
E5G503_conserved	Q8GQK7_conserved	9.532E-01	9.330E-01	9.330E-01	42.600	90	89	90
E5G503_conserved	Q9F6Z8_conserved	9.566E-01	9.364E-01	9.265E-01	53.300	90	90	91
E5G503_conserved	F8UQX1_conserved	9.567E-01	9.364E-01	9.266E-01	54.400	90	90	91
E5G503_conserved	A0A0D5ZZW5_conserved	9.566E-01	9.363E-01	9.265E-01	56.600	90	90	91
E5G503_conserved	Q8GIW8_conserved	9.565E-01	9.362E-01	9.264E-01	55.500	90	90	91
E5G503_conserved	G4WB26_conserved	9.566E-01	9.363E-01	9.265E-01	55.500	90	90	91
E5G503_conserved	S5WLJ9_conserved	9.562E-01	9.359E-01	9.261E-01	50.000	90	90	91
E5G503_conserved	Q53CM3_conserved	9.560E-01	9.358E-01	9.260E-01	54.400	90	90	91
E5G503_conserved	I7CP04_conserved	9.560E-01	9.358E-01	9.259E-01	50.000	90	90	91
E5G503_conserved	F5ANL2_conserved	9.559E-01	9.356E-01	9.258E-01	55.500	90	90	91
E5G503_conserved	Q1A2Z1_conserved	9.557E-01	9.355E-01	9.257E-01	53.300	90	90	91
E5G503_conserved	Q9AHY6_conserved	9.557E-01	9.354E-01	9.256E-01	55.500	90	90	91
E5G503_conserved	A8QUY6_conserved	9.555E-01	9.353E-01	9.255E-01	53.300	90	90	91
E5G503_conserved	Q7WYA8_conserved	9.554E-01	9.351E-01	9.253E-01	52.200	90	90	91
E5G503_conserved	A0A0S2MTX2_conserved	9.553E-01	9.351E-01	9.253E-01	51.100	90	90	91
E5G503_conserved	Q70E85_conserved	9.553E-01	9.350E-01	9.253E-01	53.300	90	90	91
E5G503_conserved	Q79MP6_conserved	9.546E-01	9.344E-01	9.246E-01	53.300	90	90	91
E5G503_conserved	G9JKG5_conserved	9.545E-01	9.343E-01	9.245E-01	53.300	90	90	91
E5G503_conserved	AF-A0A1B2F003-F1-model_v4_conserved	9.529E-01	9.327E-01	9.230E-01	55.500	90	90	91
I3RJZ3_conserved	I3RJZ3_conserved	1.011E+00	1.000E+00	1.000E+00	100.000	90	90	90
I3RJZ3_conserved	Q9F629_conserved	1.010E+00	9.985E-01	9.985E-01	98.800	90	90	90
I3RJZ3_conserved	A7WPA3_conserved	1.002E+00	9.911E-01	9.911E-01	98.800	90	90	90
I3RJZ3_conserved	E5G503_conserved	1.011E+00	9.884E-01	9.884E-01	96.600	90	89	90
I3RJZ3_conserved	Q3YBY0_conserved	1.011E+00	9.884E-01	9.884E-01	98.800	90	89	90
I3RJZ3_conserved	Q8GKX2_conserved	1.011E+00	9.883E-01	9.883E-01	96.600	90	89	90
I3RJZ3_conserved	Q2HY42_conserved	1.011E+00	9.882E-01	9.882E-01	96.600	90	89	90
I3RJZ3_conserved	Q9XAY4_conserved	1.011E+00	9.882E-01	9.882E-01	98.800	90	89	90
I3RJZ3_conserved	B4YAJ7_conserved	1.011E+00	9.881E-01	9.881E-01	98.800	90	89	90
I3RJZ3_conserved	Q840P9_conserved	1.010E+00	9.876E-01	9.876E-01	93.200	90	89	90
I3RJZ3_conserved	AF-I0KEZ6-F1-model_v4_conserved	9.860E-01	9.646E-01	9.646E-01	51.600	90	89	90
I3RJZ3_conserved	Q53BU1_conserved	9.829E-01	9.616E-01	9.616E-01	54.400	90	90	90
I3RJZ3_conserved	AF-A0A1L6K5Y5-F1-model_v4_conserved	9.802E-01	9.590E-01	9.590E-01	68.500	90	89	90
I3RJZ3_conserved	A0A0C5L398_conserved	9.779E-01	9.569E-01	9.569E-01	46.000	90	89	90
I3RJZ3_conserved	P14488_conserved	9.774E-01	9.564E-01	9.564E-01	57.300	90	89	90
I3RJZ3_conserved	Q6SPY5_conserved	9.770E-01	9.560E-01	9.560E-01	58.400	90	89	90
I3RJZ3_conserved	Q53BU0_conserved	9.763E-01	9.553E-01	9.553E-01	55.500	90	90	90
I3RJZ3_conserved	AF-A0A1L6K5Z3-F1-model_v4_conserved	9.754E-01	9.545E-01	9.545E-01	59.500	90	89	90
I3RJZ3_conserved	ORR-1_conserved	9.712E-01	9.502E-01	9.502E-01	52.200	90	90	90
I3RJZ3_conserved	A0A2R4PHC7_conserved	9.737E-01	9.528E-01	9.528E-01	59.500	90	89	90
I3RJZ3_conserved	K7SA42_conserved	9.763E-01	9.552E-01	9.451E-01	58.800	90	90	91
I3RJZ3_conserved	A0A077EG89_conserved	9.721E-01	9.513E-01	9.513E-01	46.000	90	89	90
I3RJZ3_conserved	AF-Q9RB01-F1-model_v4_conserved	9.711E-01	9.503E-01	9.503E-01	44.900	90	89	90
I3RJZ3_conserved	AF-A0A7Y3W177-F1-model_v4_conserved	9.749E-01	9.539E-01	9.438E-01	62.200	90	90	91
I3RJZ3_conserved	AF-A0A7T8ZCD9-F1-model_v4_conserved	9.676E-01	9.467E-01	9.467E-01	54.400	90	90	90
I3RJZ3_conserved	L7X1X1_conserved	9.735E-01	9.526E-01	9.425E-01	57.700	90	90	91
I3RJZ3_conserved	AF-A0A6M4NN58-F1-model_v4_conserved	9.734E-01	9.525E-01	9.424E-01	58.800	90	90	91
I3RJZ3_conserved	ANA-1_conserved	9.734E-01	9.525E-01	9.424E-01	55.500	90	90	91
I3RJZ3_conserved	AF-A0A7U3MVS9-F1-model_v4_conserved	9.696E-01	9.489E-01	9.489E-01	50.500	90	89	90
I3RJZ3_conserved	ECV-1_conserved	9.661E-01	9.453E-01	9.453E-01	55.500	90	90	90
I3RJZ3_conserved	SHD-1_conserved	9.727E-01	9.518E-01	9.417E-01	54.400	90	90	91
I3RJZ3_conserved	AF-C5BSS3-F1-model_v4_conserved	9.717E-01	9.509E-01	9.408E-01	56.600	90	90	91
I3RJZ3_conserved	Q704V1_conserved	9.718E-01	9.510E-01	9.409E-01	55.500	90	90	91
I3RJZ3_conserved	A0A650AXL4_conserved	9.703E-01	9.495E-01	9.395E-01	57.700	90	90	91
I3RJZ3_conserved	Q8RMB8_conserved	9.665E-01	9.459E-01	9.459E-01	44.900	90	89	90
I3RJZ3_conserved	A0A1Z3FWF5_conserved	9.701E-01	9.493E-01	9.393E-01	53.300	90	90	91
I3RJZ3_conserved	A0A3G3C0Q6_conserved	9.700E-01	9.493E-01	9.392E-01	53.300	90	90	91
I3RJZ3_conserved	A0A1P8C735_conserved	9.700E-01	9.492E-01	9.392E-01	54.400	90	90	91
I3RJZ3_conserved	AF-Q12JE6-F1-model_v4_conserved	9.695E-01	9.488E-01	9.387E-01	55.500	90	90	91
I3RJZ3_conserved	A0A1P8VH15_conserved	9.696E-01	9.489E-01	9.388E-01	53.300	90	90	91
I3RJZ3_conserved	AF-A0A191Z3S9-F1-model_v4_conserved	9.655E-01	9.449E-01	9.449E-01	52.800	90	89	90
I3RJZ3_conserved	AF-A0A8E7DAJ6-F1-model_v6_conserved	9.695E-01	9.488E-01	9.387E-01	54.400	90	90	91
I3RJZ3_conserved	S5ZIP8_conserved	9.695E-01	9.488E-01	9.387E-01	53.300	90	90	91
I3RJZ3_conserved	A0A0B5ECY2_conserved	9.695E-01	9.487E-01	9.387E-01	53.300	90	90	91
I3RJZ3_conserved	AF-A0A3G5BD68-F1-model_v4_conserved	9.694E-01	9.486E-01	9.386E-01	53.300	90	90	91
I3RJZ3_conserved	L0N4W6_conserved	9.691E-01	9.484E-01	9.384E-01	56.600	90	90	91
I3RJZ3_conserved	STA-1_conserved	9.598E-01	9.496E-01	9.396E-01	56.000	90	91	91
I3RJZ3_conserved	AF-A0A844TY23-F1-model_v4_conserved	9.652E-01	9.446E-01	9.446E-01	51.600	90	89	90
I3RJZ3_conserved	Q8GPN1_conserved	9.642E-01	9.436E-01	9.436E-01	50.500	90	89	90
I3RJZ3_conserved	P25910_conserved	9.673E-01	9.466E-01	9.366E-01	56.600	90	90	91
I3RJZ3_conserved	AF-A0A0U3H0V9-F1-model_v4_conserved	9.548E-01	9.343E-01	9.444E-01	51.100	90	90	89
I3RJZ3_conserved	AF-A0A6B7ELH8-F1-model_v4_conserved	9.599E-01	9.394E-01	9.394E-01	50.000	90	90	90
I3RJZ3_conserved	Q8GPN2_conserved	9.614E-01	9.409E-01	9.409E-01	50.500	90	89	90
I3RJZ3_conserved	Q8G9Q0_conserved	9.615E-01	9.410E-01	9.410E-01	53.900	90	89	90
I3RJZ3_conserved	BMHC-1_conserved	9.588E-01	9.383E-01	9.383E-01	50.000	90	90	90
I3RJZ3_conserved	A0A0H3YDR5_conserved	9.606E-01	9.402E-01	9.402E-01	50.500	90	89	90
I3RJZ3_conserved	AF-G0L217-F1-model_v4_conserved	9.576E-01	9.371E-01	9.371E-01	53.300	90	90	90
I3RJZ3_conserved	AF-Q1DF71-F1-model_v4_conserved	9.637E-01	9.432E-01	9.333E-01	61.100	90	90	91
I3RJZ3_conserved	A0A161H7D8_conserved	9.625E-01	9.420E-01	9.321E-01	54.400	90	90	91
I3RJZ3_conserved	AF-A0A4Y8LBX5-F1-model_v4_conserved	9.629E-01	9.424E-01	9.325E-01	63.300	90	90	91
I3RJZ3_conserved	ALI-2_conserved	9.630E-01	9.425E-01	9.326E-01	61.100	90	90	91
I3RJZ3_conserved	Q08I33_conserved	9.578E-01	9.375E-01	9.375E-01	42.600	90	89	90
I3RJZ3_conserved	Q9F921_conserved	9.576E-01	9.373E-01	9.373E-01	44.900	90	89	90
I3RJZ3_conserved	ALI-1_conserved	9.620E-01	9.416E-01	9.317E-01	55.500	90	90	91
I3RJZ3_conserved	Q9ETN2_conserved	9.570E-01	9.368E-01	9.368E-01	43.800	90	89	90
I3RJZ3_conserved	D2K7P0_conserved	9.569E-01	9.367E-01	9.367E-01	42.600	90	89	90
I3RJZ3_conserved	D2KCJ9_conserved	9.562E-01	9.359E-01	9.359E-01	41.500	90	89	90
I3RJZ3_conserved	E2GLP7_conserved	9.566E-01	9.363E-01	9.363E-01	43.800	90	89	90
I3RJZ3_conserved	A8R403_conserved	9.596E-01	9.393E-01	9.294E-01	58.800	90	90	91
I3RJZ3_conserved	Q6JE29_conserved	9.560E-01	9.358E-01	9.358E-01	42.600	90	89	90
I3RJZ3_conserved	Q9X482_conserved	9.561E-01	9.358E-01	9.358E-01	42.600	90	89	90
I3RJZ3_conserved	Q9EU43_conserved	9.558E-01	9.356E-01	9.356E-01	43.800	90	89	90
I3RJZ3_conserved	Q8VT48_conserved	9.556E-01	9.354E-01	9.354E-01	41.500	90	89	90
I3RJZ3_conserved	A0A0N9HJI8_conserved	9.545E-01	9.343E-01	9.343E-01	43.800	90	89	90
I3RJZ3_conserved	Q8GQK7_conserved	9.527E-01	9.325E-01	9.325E-01	43.800	90	89	90
I3RJZ3_conserved	SPS-1_conserved	9.506E-01	9.306E-01	9.405E-01	48.300	90	89	89
I3RJZ3_conserved	A0A097J9I0_conserved	9.558E-01	9.355E-01	9.257E-01	51.100	90	90	91
I3RJZ3_conserved	B0FWK3_conserved	9.553E-01	9.351E-01	9.253E-01	55.500	90	90	91
I3RJZ3_conserved	B2ZTD9_conserved	9.553E-01	9.350E-01	9.252E-01	55.500	90	90	91
I3RJZ3_conserved	Q8VLM7_conserved	9.550E-01	9.347E-01	9.249E-01	53.300	90	90	91
I3RJZ3_conserved	A0A0H4IUK3_conserved	9.550E-01	9.348E-01	9.250E-01	52.200	90	90	91
I3RJZ3_conserved	Q9F6Z8_conserved	9.548E-01	9.346E-01	9.248E-01	54.400	90	90	91
I3RJZ3_conserved	A0A0D5ZZW5_conserved	9.546E-01	9.344E-01	9.246E-01	55.500	90	90	91
I3RJZ3_conserved	F8UQX1_conserved	9.548E-01	9.346E-01	9.248E-01	53.300	90	90	91
I3RJZ3_conserved	G4WB26_conserved	9.546E-01	9.344E-01	9.246E-01	54.400	90	90	91
I3RJZ3_conserved	Q8GIW8_conserved	9.544E-01	9.342E-01	9.245E-01	54.400	90	90	91
I3RJZ3_conserved	S5WLJ9_conserved	9.542E-01	9.341E-01	9.243E-01	51.100	90	90	91
I3RJZ3_conserved	Q53CM3_conserved	9.541E-01	9.339E-01	9.241E-01	53.300	90	90	91
I3RJZ3_conserved	I7CP04_conserved	9.541E-01	9.339E-01	9.241E-01	51.100	90	90	91
I3RJZ3_conserved	F5ANL2_conserved	9.539E-01	9.337E-01	9.239E-01	54.400	90	90	91
I3RJZ3_conserved	Q9AHY6_conserved	9.537E-01	9.335E-01	9.238E-01	54.400	90	90	91
I3RJZ3_conserved	Q1A2Z1_conserved	9.537E-01	9.335E-01	9.238E-01	52.200	90	90	91
I3RJZ3_conserved	Q7WYA8_conserved	9.535E-01	9.333E-01	9.235E-01	53.300	90	90	91
I3RJZ3_conserved	A8QUY6_conserved	9.535E-01	9.334E-01	9.236E-01	52.200	90	90	91
I3RJZ3_conserved	A0A0S2MTX2_conserved	9.535E-01	9.333E-01	9.235E-01	52.200	90	90	91
I3RJZ3_conserved	Q70E85_conserved	9.532E-01	9.331E-01	9.233E-01	52.200	90	90	91
I3RJZ3_conserved	Q79MP6_conserved	9.527E-01	9.326E-01	9.228E-01	54.400	90	90	91
I3RJZ3_conserved	G9JKG5_conserved	9.525E-01	9.324E-01	9.227E-01	52.200	90	90	91
I3RJZ3_conserved	AF-A0A1B2F003-F1-model_v4_conserved	9.509E-01	9.308E-01	9.211E-01	54.400	90	90	91
Q3YBY0_conserved	Q3YBY0_conserved	1.011E+00	1.000E+00	1.000E+00	100.000	90	90	90
Q3YBY0_conserved	E5G503_conserved	1.002E+00	9.910E-01	9.910E-01	97.700	90	90	90
Q3YBY0_conserved	Q9XAY4_conserved	1.011E+00	9.888E-01	9.888E-01	100.000	90	89	90
Q3YBY0_conserved	Q8GKX2_conserved	1.011E+00	9.887E-01	9.887E-01	97.700	90	89	90
Q3YBY0_conserved	Q2HY42_conserved	1.011E+00	9.886E-01	9.886E-01	97.700	90	89	90
Q3YBY0_conserved	I3RJZ3_conserved	1.011E+00	9.884E-01	9.884E-01	98.800	90	89	90
Q3YBY0_conserved	B4YAJ7_conserved	1.010E+00	9.880E-01	9.880E-01	97.700	90	89	90
Q3YBY0_conserved	Q9F629_conserved	1.010E+00	9.878E-01	9.878E-01	97.700	90	89	90
Q3YBY0_conserved	Q840P9_conserved	1.010E+00	9.876E-01	9.876E-01	94.300	90	89	90
Q3YBY0_conserved	A7WPA3_conserved	1.010E+00	9.875E-01	9.875E-01	97.700	90	89	90
Q3YBY0_conserved	AF-I0KEZ6-F1-model_v4_conserved	9.866E-01	9.652E-01	9.652E-01	52.800	90	89	90
Q3YBY0_conserved	Q53BU1_conserved	9.838E-01	9.625E-01	9.625E-01	53.300	90	90	90
Q3YBY0_conserved	AF-A0A1L6K5Y5-F1-model_v4_conserved	9.810E-01	9.598E-01	9.598E-01	69.600	90	89	90
Q3YBY0_conserved	A0A0C5L398_conserved	9.789E-01	9.578E-01	9.578E-01	44.900	90	89	90
Q3YBY0_conserved	P14488_conserved	9.780E-01	9.569E-01	9.569E-01	58.400	90	89	90
Q3YBY0_conserved	Q6SPY5_conserved	9.777E-01	9.566E-01	9.566E-01	59.500	90	89	90
Q3YBY0_conserved	AF-A0A1L6K5Z3-F1-model_v4_conserved	9.769E-01	9.558E-01	9.558E-01	58.400	90	89	90
Q3YBY0_conserved	Q53BU0_conserved	9.773E-01	9.562E-01	9.562E-01	54.400	90	90	90
Q3YBY0_conserved	A0A2R4PHC7_conserved	9.749E-01	9.539E-01	9.539E-01	58.400	90	89	90
Q3YBY0_conserved	ORR-1_conserved	9.716E-01	9.506E-01	9.506E-01	53.300	90	90	90
Q3YBY0_conserved	K7SA42_conserved	9.774E-01	9.563E-01	9.461E-01	57.700	90	90	91
Q3YBY0_conserved	A0A077EG89_conserved	9.730E-01	9.521E-01	9.521E-01	44.900	90	89	90
Q3YBY0_conserved	AF-A0A7Y3W177-F1-model_v4_conserved	9.764E-01	9.554E-01	9.452E-01	63.300	90	90	91
Q3YBY0_conserved	AF-Q9RB01-F1-model_v4_conserved	9.721E-01	9.512E-01	9.512E-01	43.800	90	89	90
Q3YBY0_conserved	L7X1X1_conserved	9.752E-01	9.542E-01	9.440E-01	58.800	90	90	91
Q3YBY0_conserved	AF-A0A7T8ZCD9-F1-model_v4_conserved	9.681E-01	9.472E-01	9.472E-01	53.300	90	90	90
Q3YBY0_conserved	AF-A0A6M4NN58-F1-model_v4_conserved	9.748E-01	9.538E-01	9.437E-01	60.000	90	90	91
Q3YBY0_conserved	AF-A0A7U3MVS9-F1-model_v4_conserved	9.711E-01	9.503E-01	9.503E-01	49.400	90	89	90
Q3YBY0_conserved	ANA-1_conserved	9.745E-01	9.536E-01	9.435E-01	56.600	90	90	91
Q3YBY0_conserved	SHD-1_conserved	9.740E-01	9.531E-01	9.430E-01	55.500	90	90	91
Q3YBY0_conserved	AF-C5BSS3-F1-model_v4_conserved	9.732E-01	9.523E-01	9.422E-01	57.700	90	90	91
Q3YBY0_conserved	ECV-1_conserved	9.667E-01	9.459E-01	9.459E-01	54.400	90	90	90
Q3YBY0_conserved	Q704V1_conserved	9.733E-01	9.525E-01	9.423E-01	56.600	90	90	91
Q3YBY0_conserved	A0A650AXL4_conserved	9.718E-01	9.510E-01	9.409E-01	58.800	90	90	91
Q3YBY0_conserved	A0A1Z3FWF5_conserved	9.719E-01	9.511E-01	9.410E-01	52.200	90	90	91
Q3YBY0_conserved	A0A3G3C0Q6_conserved	9.718E-01	9.510E-01	9.409E-01	52.200	90	90	91
Q3YBY0_conserved	A0A1P8C735_conserved	9.718E-01	9.510E-01	9.409E-01	53.300	90	90	91
Q3YBY0_conserved	A0A1P8VH15_conserved	9.714E-01	9.506E-01	9.406E-01	52.200	90	90	91
Q3YBY0_conserved	Q8RMB8_conserved	9.676E-01	9.469E-01	9.469E-01	46.000	90	89	90
Q3YBY0_conserved	S5ZIP8_conserved	9.713E-01	9.505E-01	9.405E-01	52.200	90	90	91
Q3YBY0_conserved	AF-A0A8E7DAJ6-F1-model_v6_conserved	9.714E-01	9.505E-01	9.405E-01	53.300	90	90	91
Q3YBY0_conserved	A0A0B5ECY2_conserved	9.712E-01	9.504E-01	9.403E-01	52.200	90	90	91
Q3YBY0_conserved	AF-Q12JE6-F1-model_v4_conserved	9.706E-01	9.498E-01	9.397E-01	56.600	90	90	91
Q3YBY0_conserved	AF-A0A3G5BD68-F1-model_v4_conserved	9.711E-01	9.503E-01	9.402E-01	52.200	90	90	91
Q3YBY0_conserved	L0N4W6_conserved	9.708E-01	9.500E-01	9.399E-01	55.500	90	90	91
Q3YBY0_conserved	AF-A0A191Z3S9-F1-model_v4_conserved	9.663E-01	9.456E-01	9.456E-01	51.600	90	89	90
Q3YBY0_conserved	AF-A0A844TY23-F1-model_v4_conserved	9.657E-01	9.451E-01	9.451E-01	50.500	90	89	90
Q3YBY0_conserved	STA-1_conserved	9.694E-01	9.486E-01	9.386E-01	56.600	90	90	91
Q3YBY0_conserved	Q8GPN1_conserved	9.647E-01	9.441E-01	9.441E-01	49.400	90	89	90
Q3YBY0_conserved	P25910_conserved	9.679E-01	9.472E-01	9.372E-01	56.600	90	90	91
Q3YBY0_conserved	AF-A0A0U3H0V9-F1-model_v4_conserved	9.552E-01	9.348E-01	9.449E-01	50.000	90	90	89
Q3YBY0_conserved	AF-A0A6B7ELH8-F1-model_v4_conserved	9.605E-01	9.399E-01	9.399E-01	50.000	90	90	90
Q3YBY0_conserved	Q8G9Q0_conserved	9.629E-01	9.425E-01	9.425E-01	52.800	90	89	90
Q3YBY0_conserved	Q8GPN2_conserved	9.618E-01	9.414E-01	9.414E-01	49.400	90	89	90
Q3YBY0_conserved	BMHC-1_conserved	9.593E-01	9.388E-01	9.388E-01	48.800	90	90	90
Q3YBY0_conserved	AF-Q1DF71-F1-model_v4_conserved	9.650E-01	9.444E-01	9.345E-01	62.200	90	90	91
Q3YBY0_conserved	A0A0H3YDR5_conserved	9.611E-01	9.407E-01	9.407E-01	49.400	90	89	90
Q3YBY0_conserved	A0A161H7D8_conserved	9.642E-01	9.436E-01	9.337E-01	55.500	90	90	91
Q3YBY0_conserved	AF-G0L217-F1-model_v4_conserved	9.582E-01	9.377E-01	9.377E-01	53.300	90	90	90
Q3YBY0_conserved	ALI-2_conserved	9.643E-01	9.438E-01	9.339E-01	61.100	90	90	91
Q3YBY0_conserved	AF-A0A4Y8LBX5-F1-model_v4_conserved	9.637E-01	9.432E-01	9.333E-01	62.200	90	90	91
Q3YBY0_conserved	Q08I33_conserved	9.587E-01	9.384E-01	9.384E-01	43.800	90	89	90
Q3YBY0_conserved	Q9F921_conserved	9.585E-01	9.381E-01	9.381E-01	46.000	90	89	90
Q3YBY0_conserved	ALI-1_conserved	9.631E-01	9.426E-01	9.327E-01	55.500	90	90	91
Q3YBY0_conserved	Q9ETN2_conserved	9.581E-01	9.377E-01	9.377E-01	44.900	90	89	90
Q3YBY0_conserved	D2K7P0_conserved	9.578E-01	9.375E-01	9.375E-01	43.800	90	89	90
Q3YBY0_conserved	D2KCJ9_conserved	9.572E-01	9.369E-01	9.369E-01	42.600	90	89	90
Q3YBY0_conserved	A8R403_conserved	9.612E-01	9.407E-01	9.308E-01	60.000	90	90	91
Q3YBY0_conserved	E2GLP7_conserved	9.574E-01	9.371E-01	9.371E-01	44.900	90	89	90
Q3YBY0_conserved	Q6JE29_conserved	9.569E-01	9.366E-01	9.366E-01	43.800	90	89	90
Q3YBY0_conserved	Q9X482_conserved	9.569E-01	9.366E-01	9.366E-01	43.800	90	89	90
Q3YBY0_conserved	Q9EU43_conserved	9.567E-01	9.365E-01	9.365E-01	44.900	90	89	90
Q3YBY0_conserved	Q8VT48_conserved	9.566E-01	9.364E-01	9.364E-01	42.600	90	89	90
Q3YBY0_conserved	A0A0N9HJI8_conserved	9.554E-01	9.351E-01	9.351E-01	42.600	90	89	90
Q3YBY0_conserved	SPS-1_conserved	9.522E-01	9.321E-01	9.420E-01	48.300	90	89	89
Q3YBY0_conserved	A0A097J9I0_conserved	9.574E-01	9.371E-01	9.273E-01	52.200	90	90	91
Q3YBY0_conserved	Q8GQK7_conserved	9.535E-01	9.333E-01	9.333E-01	42.600	90	89	90
Q3YBY0_conserved	B0FWK3_conserved	9.569E-01	9.366E-01	9.268E-01	56.600	90	90	91
Q3YBY0_conserved	B2ZTD9_conserved	9.568E-01	9.365E-01	9.267E-01	54.400	90	90	91
Q3YBY0_conserved	Q8VLM7_conserved	9.566E-01	9.363E-01	9.264E-01	54.400	90	90	91
Q3YBY0_conserved	A0A0H4IUK3_conserved	9.566E-01	9.363E-01	9.265E-01	53.300	90	90	91
Q3YBY0_conserved	A0A0D5ZZW5_conserved	9.563E-01	9.360E-01	9.262E-01	56.600	90	90	91
Q3YBY0_conserved	Q9F6Z8_conserved	9.563E-01	9.361E-01	9.263E-01	53.300	90	90	91
Q3YBY0_conserved	F8UQX1_conserved	9.564E-01	9.362E-01	9.263E-01	54.400	90	90	91
Q3YBY0_conserved	Q8GIW8_conserved	9.561E-01	9.359E-01	9.261E-01	55.500	90	90	91
Q3YBY0_conserved	G4WB26_conserved	9.562E-01	9.359E-01	9.261E-01	55.500	90	90	91
Q3YBY0_conserved	S5WLJ9_conserved	9.558E-01	9.356E-01	9.258E-01	50.000	90	90	91
Q3YBY0_conserved	Q53CM3_conserved	9.557E-01	9.354E-01	9.256E-01	54.400	90	90	91
Q3YBY0_conserved	I7CP04_conserved	9.557E-01	9.355E-01	9.257E-01	50.000	90	90	91
Q3YBY0_conserved	F5ANL2_conserved	9.555E-01	9.352E-01	9.254E-01	55.500	90	90	91
Q3YBY0_conserved	Q1A2Z1_conserved	9.553E-01	9.351E-01	9.253E-01	53.300	90	90	91
Q3YBY0_conserved	Q9AHY6_conserved	9.553E-01	9.351E-01	9.253E-01	55.500	90	90	91
Q3YBY0_conserved	A8QUY6_conserved	9.552E-01	9.349E-01	9.251E-01	53.300	90	90	91
Q3YBY0_conserved	Q7WYA8_conserved	9.550E-01	9.348E-01	9.250E-01	52.200	90	90	91
Q3YBY0_conserved	A0A0S2MTX2_conserved	9.549E-01	9.347E-01	9.249E-01	51.100	90	90	91
Q3YBY0_conserved	Q70E85_conserved	9.549E-01	9.347E-01	9.249E-01	53.300	90	90	91
Q3YBY0_conserved	Q79MP6_conserved	9.543E-01	9.341E-01	9.243E-01	53.300	90	90	91
Q3YBY0_conserved	G9JKG5_conserved	9.541E-01	9.339E-01	9.241E-01	53.300	90	90	91
Q3YBY0_conserved	AF-A0A1B2F003-F1-model_v4_conserved	9.526E-01	9.324E-01	9.227E-01	55.500	90	90	91
Q7WYA8_conserved	Q7WYA8_conserved	1.011E+00	1.000E+00	1.000E+00	100.000	91	91	91
Q7WYA8_conserved	A0A0D5ZZW5_conserved	1.010E+00	9.988E-01	9.988E-01	94.500	91	91	91
Q7WYA8_conserved	F5ANL2_conserved	1.009E+00	9.975E-01	9.975E-01	94.500	91	91	91
Q7WYA8_conserved	Q53CM3_conserved	1.008E+00	9.967E-01	9.967E-01	95.600	91	91	91
Q7WYA8_conserved	B0FWK3_conserved	1.005E+00	9.943E-01	9.943E-01	90.100	91	91	91
Q7WYA8_conserved	A8QUY6_conserved	1.005E+00	9.936E-01	9.936E-01	98.900	91	91	91
Q7WYA8_conserved	G9JKG5_conserved	1.004E+00	9.927E-01	9.927E-01	98.900	91	91	91
Q7WYA8_conserved	Q8GIW8_conserved	1.004E+00	9.926E-01	9.926E-01	94.500	91	91	91
Q7WYA8_conserved	Q9AHY6_conserved	1.003E+00	9.921E-01	9.921E-01	95.600	91	91	91
Q7WYA8_conserved	Q1A2Z1_conserved	1.003E+00	9.917E-01	9.917E-01	94.500	91	91	91
Q7WYA8_conserved	B2ZTD9_conserved	1.003E+00	9.918E-01	9.918E-01	90.100	91	91	91
Q7WYA8_conserved	Q79MP6_conserved	1.002E+00	9.913E-01	9.913E-01	96.700	91	91	91
Q7WYA8_conserved	Q8VLM7_conserved	1.002E+00	9.913E-01	9.913E-01	95.600	91	91	91
Q7WYA8_conserved	Q9F6Z8_conserved	1.001E+00	9.904E-01	9.904E-01	96.700	91	91	91
Q7WYA8_conserved	I7CP04_conserved	9.992E-01	9.899E-01	9.899E-01	94.500	91	91	91
Q7WYA8_conserved	G4WB26_conserved	1.001E+00	9.901E-01	9.901E-01	94.500	91	91	91
Q7WYA8_conserved	F8UQX1_conserved	1.001E+00	9.899E-01	9.899E-01	94.500	91	91	91
Q7WYA8_conserved	S5WLJ9_conserved	1.011E+00	9.884E-01	9.884E-01	94.400	91	90	91
Q7WYA8_conserved	Q70E85_conserved	1.010E+00	9.879E-01	9.879E-01	93.300	91	90	91
Q7WYA8_conserved	A0A0S2MTX2_conserved	1.010E+00	9.874E-01	9.874E-01	94.400	91	90	91
Q7WYA8_conserved	A0A097J9I0_conserved	9.985E-01	9.876E-01	9.876E-01	93.400	91	91	91
Q7WYA8_conserved	AF-A0A1B2F003-F1-model_v4_conserved	1.009E+00	9.864E-01	9.864E-01	86.600	91	90	91
Q7WYA8_conserved	A0A0H4IUK3_conserved	1.008E+00	9.857E-01	9.857E-01	94.400	91	90	91
Q7WYA8_conserved	A0A161H7D8_conserved	1.006E+00	9.841E-01	9.841E-01	82.200	91	90	91
Q7WYA8_conserved	A8R403_conserved	1.006E+00	9.838E-01	9.838E-01	83.300	91	90	91
Q7WYA8_conserved	AF-A0A7Y3W177-F1-model_v4_conserved	9.957E-01	9.740E-01	9.740E-01	75.500	91	90	91
Q7WYA8_conserved	L0N4W6_conserved	9.954E-01	9.738E-01	9.738E-01	74.400	91	90	91
Q7WYA8_conserved	L7X1X1_conserved	9.855E-01	9.748E-01	9.748E-01	70.300	91	91	91
Q7WYA8_conserved	AF-C5BSS3-F1-model_v4_conserved	9.949E-01	9.733E-01	9.733E-01	72.200	91	90	91
Q7WYA8_conserved	SHD-1_conserved	9.933E-01	9.718E-01	9.718E-01	70.000	91	90	91
Q7WYA8_conserved	A0A650AXL4_conserved	9.922E-01	9.707E-01	9.707E-01	67.700	91	90	91
Q7WYA8_conserved	Q704V1_conserved	9.913E-01	9.698E-01	9.698E-01	71.100	91	90	91
Q7WYA8_conserved	AF-A0A1L6K5Z3-F1-model_v4_conserved	9.940E-01	9.617E-01	9.722E-01	75.500	91	90	90
Q7WYA8_conserved	Q53BU0_conserved	9.859E-01	9.647E-01	9.752E-01	65.500	91	90	90
Q7WYA8_conserved	AF-A0A6M4NN58-F1-model_v4_conserved	9.897E-01	9.683E-01	9.683E-01	66.600	91	90	91
Q7WYA8_conserved	AF-Q12JE6-F1-model_v4_conserved	9.897E-01	9.683E-01	9.683E-01	70.000	91	90	91
Q7WYA8_conserved	Q53BU1_conserved	9.820E-01	9.610E-01	9.714E-01	67.700	91	90	90
Q7WYA8_conserved	K7SA42_conserved	9.784E-01	9.575E-01	9.575E-01	56.600	91	90	91
Q7WYA8_conserved	AF-A0A1L6K5Y5-F1-model_v4_conserved	9.799E-01	9.484E-01	9.587E-01	56.600	91	90	90
Q7WYA8_conserved	AF-A0A3G5BD68-F1-model_v4_conserved	9.758E-01	9.550E-01	9.550E-01	55.500	91	90	91
Q7WYA8_conserved	A0A3G3C0Q6_conserved	9.751E-01	9.544E-01	9.544E-01	55.500	91	90	91
Q7WYA8_conserved	AF-A0A8E7DAJ6-F1-model_v6_conserved	9.750E-01	9.543E-01	9.543E-01	56.600	91	90	91
Q7WYA8_conserved	STA-1_conserved	9.749E-01	9.542E-01	9.542E-01	53.300	91	90	91
Q7WYA8_conserved	A0A1Z3FWF5_conserved	9.748E-01	9.541E-01	9.541E-01	55.500	91	90	91
Q7WYA8_conserved	A0A1P8VH15_conserved	9.748E-01	9.541E-01	9.541E-01	55.500	91	90	91
Q7WYA8_conserved	A0A0B5ECY2_conserved	9.747E-01	9.540E-01	9.540E-01	55.500	91	90	91
Q7WYA8_conserved	S5ZIP8_conserved	9.747E-01	9.540E-01	9.540E-01	55.500	91	90	91
Q7WYA8_conserved	A0A1P8C735_conserved	9.744E-01	9.537E-01	9.537E-01	56.600	91	90	91
Q7WYA8_conserved	AF-Q1DF71-F1-model_v4_conserved	9.742E-01	9.535E-01	9.535E-01	51.100	91	90	91
Q7WYA8_conserved	AF-A0A4Y8LBX5-F1-model_v4_conserved	9.732E-01	9.525E-01	9.525E-01	63.300	91	90	91
Q7WYA8_conserved	ALI-1_conserved	9.697E-01	9.489E-01	9.489E-01	61.500	91	91	91
Q7WYA8_conserved	ALI-2_conserved	9.695E-01	9.488E-01	9.488E-01	56.000	91	91	91
Q7WYA8_conserved	AF-G0L217-F1-model_v4_conserved	9.750E-01	9.439E-01	9.540E-01	52.200	91	90	90
Q7WYA8_conserved	ECV-1_conserved	9.745E-01	9.434E-01	9.535E-01	54.400	91	90	90
Q7WYA8_conserved	AF-A0A7T8ZCD9-F1-model_v4_conserved	9.742E-01	9.431E-01	9.533E-01	52.200	91	90	90
Q7WYA8_conserved	AF-A0A6B7ELH8-F1-model_v4_conserved	9.729E-01	9.419E-01	9.520E-01	57.700	91	90	90
Q7WYA8_conserved	ORR-1_conserved	9.727E-01	9.417E-01	9.518E-01	53.300	91	90	90
Q7WYA8_conserved	BMHC-1_conserved	9.726E-01	9.416E-01	9.517E-01	52.200	91	90	90
Q7WYA8_conserved	A0A0C5L398_conserved	9.695E-01	9.387E-01	9.488E-01	48.800	91	90	90
Q7WYA8_conserved	ANA-1_conserved	9.643E-01	9.439E-01	9.439E-01	54.400	91	90	91
Q7WYA8_conserved	Q6SPY5_conserved	9.679E-01	9.371E-01	9.471E-01	55.500	91	90	90
Q7WYA8_conserved	P14488_conserved	9.678E-01	9.370E-01	9.471E-01	56.600	91	90	90
Q7WYA8_conserved	Q8G9Q0_conserved	9.659E-01	9.354E-01	9.453E-01	52.200	91	90	90
Q7WYA8_conserved	P25910_conserved	9.617E-01	9.414E-01	9.414E-01	56.600	91	90	91
Q7WYA8_conserved	AF-A0A0U3H0V9-F1-model_v4_conserved	9.603E-01	9.299E-01	9.499E-01	55.500	91	90	89
Q7WYA8_conserved	AF-I0KEZ6-F1-model_v4_conserved	9.643E-01	9.338E-01	9.438E-01	51.100	91	90	90
Q7WYA8_conserved	Q8RMB8_conserved	9.612E-01	9.308E-01	9.407E-01	45.500	91	90	90
Q7WYA8_conserved	A0A2R4PHC7_conserved	9.605E-01	9.301E-01	9.400E-01	57.700	91	90	90
Q7WYA8_conserved	Q8GPN1_conserved	9.589E-01	9.286E-01	9.385E-01	53.300	91	90	90
Q7WYA8_conserved	A0A0H3YDR5_conserved	9.581E-01	9.278E-01	9.377E-01	52.200	91	90	90
Q7WYA8_conserved	AF-A0A844TY23-F1-model_v4_conserved	9.578E-01	9.276E-01	9.374E-01	55.500	91	90	90
Q7WYA8_conserved	AF-A0A191Z3S9-F1-model_v4_conserved	9.575E-01	9.273E-01	9.371E-01	48.800	91	90	90
Q7WYA8_conserved	Q8GPN2_conserved	9.573E-01	9.271E-01	9.369E-01	51.100	91	90	90
Q7WYA8_conserved	Q9ETN2_conserved	9.496E-01	9.298E-01	9.396E-01	47.200	91	91	90
Q7WYA8_conserved	Q840P9_conserved	9.573E-01	9.271E-01	9.370E-01	52.200	91	90	90
Q7WYA8_conserved	SPS-1_conserved	9.546E-01	9.247E-01	9.444E-01	48.800	91	90	89
Q7WYA8_conserved	Q8GKX2_conserved	9.565E-01	9.264E-01	9.362E-01	52.200	91	90	90
Q7WYA8_conserved	Q2HY42_conserved	9.562E-01	9.262E-01	9.360E-01	52.200	91	90	90
Q7WYA8_conserved	AF-A0A7U3MVS9-F1-model_v4_conserved	9.560E-01	9.259E-01	9.357E-01	46.600	91	90	90
Q7WYA8_conserved	Q9XAY4_conserved	9.556E-01	9.256E-01	9.354E-01	52.200	91	90	90
Q7WYA8_conserved	E5G503_conserved	9.554E-01	9.253E-01	9.351E-01	52.200	91	90	90
Q7WYA8_conserved	Q3YBY0_conserved	9.550E-01	9.250E-01	9.348E-01	52.200	91	90	90
Q7WYA8_conserved	I3RJZ3_conserved	9.535E-01	9.235E-01	9.333E-01	53.300	91	90	90
Q7WYA8_conserved	B4YAJ7_conserved	9.533E-01	9.233E-01	9.331E-01	53.300	91	90	90
Q7WYA8_conserved	Q6JE29_conserved	9.448E-01	9.251E-01	9.348E-01	45.000	91	91	90
Q7WYA8_conserved	Q9F629_conserved	9.518E-01	9.220E-01	9.317E-01	53.300	91	90	90
Q7WYA8_conserved	A7WPA3_conserved	9.518E-01	9.220E-01	9.317E-01	53.300	91	90	90
Q7WYA8_conserved	Q08I33_conserved	9.416E-01	9.220E-01	9.317E-01	45.000	91	91	90
Q7WYA8_conserved	Q9F921_conserved	9.409E-01	9.213E-01	9.310E-01	47.200	91	91	90
Q7WYA8_conserved	E2GLP7_conserved	9.418E-01	9.223E-01	9.320E-01	46.100	91	91	90
Q7WYA8_conserved	Q9EU43_conserved	9.391E-01	9.196E-01	9.292E-01	46.100	91	91	90
Q7WYA8_conserved	Q8VT48_conserved	9.477E-01	9.180E-01	9.277E-01	45.500	91	90	90
Q7WYA8_conserved	A0A0N9HJI8_conserved	9.463E-01	9.167E-01	9.264E-01	48.800	91	90	90
Q7WYA8_conserved	D2K7P0_conserved	9.462E-01	9.166E-01	9.263E-01	44.400	91	90	90
Q7WYA8_conserved	AF-Q9RB01-F1-model_v4_conserved	9.454E-01	9.159E-01	9.255E-01	50.000	91	90	90
Q7WYA8_conserved	Q9X482_conserved	9.449E-01	9.154E-01	9.251E-01	44.400	91	90	90
Q7WYA8_conserved	A0A077EG89_conserved	9.454E-01	9.160E-01	9.256E-01	48.800	91	90	90
Q7WYA8_conserved	Q8GQK7_conserved	9.424E-01	9.130E-01	9.226E-01	48.800	91	90	90
Q7WYA8_conserved	D2KCJ9_conserved	9.417E-01	9.124E-01	9.220E-01	43.300	91	90	90
A0A0H4IUK3_conserved	A0A0H4IUK3_conserved	1.011E+00	1.000E+00	1.000E+00	100.000	91	91	91
A0A0H4IUK3_conserved	A0A097J9I0_conserved	1.010E+00	9.874E-01	9.874E-01	96.600	91	90	91
A0A0H4IUK3_conserved	A0A0S2MTX2_conserved	1.009E+00	9.872E-01	9.872E-01	91.100	91	90	91
A0A0H4IUK3_conserved	Q8VLM7_conserved	1.009E+00	9.872E-01	9.872E-01	94.400	91	90	91
A0A0H4IUK3_conserved	Q53CM3_conserved	1.009E+00	9.872E-01	9.872E-01	94.400	91	90	91
A0A0H4IUK3_conserved	F5ANL2_conserved	1.009E+00	9.870E-01	9.870E-01	93.300	91	90	91
A0A0H4IUK3_conserved	G4WB26_conserved	1.009E+00	9.870E-01	9.870E-01	93.300	91	90	91
A0A0H4IUK3_conserved	A8QUY6_conserved	1.009E+00	9.870E-01	9.870E-01	95.500	91	90	91
A0A0H4IUK3_conserved	Q79MP6_conserved	1.009E+00	9.869E-01	9.869E-01	93.300	91	90	91
A0A0H4IUK3_conserved	I7CP04_conserved	1.009E+00	9.869E-01	9.869E-01	92.200	91	90	91
A0A0H4IUK3_conserved	Q9AHY6_conserved	1.009E+00	9.869E-01	9.869E-01	94.400	91	90	91
A0A0H4IUK3_conserved	Q1A2Z1_conserved	1.009E+00	9.868E-01	9.868E-01	93.300	91	90	91
A0A0H4IUK3_conserved	Q9F6Z8_conserved	1.009E+00	9.868E-01	9.868E-01	93.300	91	90	91
A0A0H4IUK3_conserved	B0FWK3_conserved	1.009E+00	9.867E-01	9.867E-01	90.000	91	90	91
A0A0H4IUK3_conserved	A0A0D5ZZW5_conserved	1.009E+00	9.867E-01	9.867E-01	93.300	91	90	91
A0A0H4IUK3_conserved	S5WLJ9_conserved	1.008E+00	9.864E-01	9.864E-01	92.200	91	90	91
A0A0H4IUK3_conserved	AF-A0A1B2F003-F1-model_v4_conserved	1.008E+00	9.864E-01	9.864E-01	88.800	91	90	91
A0A0H4IUK3_conserved	G9JKG5_conserved	1.008E+00	9.860E-01	9.860E-01	95.500	91	90	91
A0A0H4IUK3_conserved	Q70E85_conserved	1.008E+00	9.860E-01	9.860E-01	92.200	91	90	91
A0A0H4IUK3_conserved	Q8GIW8_conserved	1.008E+00	9.858E-01	9.858E-01	93.300	91	90	91
A0A0H4IUK3_conserved	Q7WYA8_conserved	1.008E+00	9.857E-01	9.857E-01	94.400	91	90	91
A0A0H4IUK3_conserved	F8UQX1_conserved	1.008E+00	9.855E-01	9.855E-01	91.100	91	90	91
A0A0H4IUK3_conserved	B2ZTD9_conserved	1.008E+00	9.854E-01	9.854E-01	91.100	91	90	91
A0A0H4IUK3_conserved	A0A161H7D8_conserved	1.006E+00	9.845E-01	9.845E-01	84.400	91	90	91
A0A0H4IUK3_conserved	A8R403_conserved	1.005E+00	9.834E-01	9.834E-01	84.400	91	90	91
A0A0H4IUK3_conserved	AF-A0A7Y3W177-F1-model_v4_conserved	9.935E-01	9.720E-01	9.720E-01	78.800	91	90	91
A0A0H4IUK3_conserved	Q704V1_conserved	9.936E-01	9.721E-01	9.721E-01	74.400	91	90	91
A0A0H4IUK3_conserved	L0N4W6_conserved	9.932E-01	9.717E-01	9.717E-01	75.500	91	90	91
A0A0H4IUK3_conserved	L7X1X1_conserved	9.929E-01	9.714E-01	9.714E-01	73.300	91	90	91
A0A0H4IUK3_conserved	AF-C5BSS3-F1-model_v4_conserved	9.918E-01	9.703E-01	9.703E-01	75.500	91	90	91
A0A0H4IUK3_conserved	A0A650AXL4_conserved	9.920E-01	9.705E-01	9.705E-01	68.800	91	90	91
A0A0H4IUK3_conserved	SHD-1_conserved	9.910E-01	9.696E-01	9.696E-01	73.300	91	90	91
A0A0H4IUK3_conserved	AF-A0A6M4NN58-F1-model_v4_conserved	9.807E-01	9.701E-01	9.701E-01	67.000	91	91	91
A0A0H4IUK3_conserved	AF-A0A1L6K5Z3-F1-model_v4_conserved	9.942E-01	9.619E-01	9.724E-01	77.700	91	90	90
A0A0H4IUK3_conserved	Q53BU0_conserved	9.844E-01	9.632E-01	9.737E-01	64.400	91	90	90
A0A0H4IUK3_conserved	AF-Q12JE6-F1-model_v4_conserved	9.845E-01	9.633E-01	9.633E-01	71.100	91	90	91
A0A0H4IUK3_conserved	Q53BU1_conserved	9.789E-01	9.579E-01	9.683E-01	66.600	91	90	90
A0A0H4IUK3_conserved	K7SA42_conserved	9.806E-01	9.596E-01	9.596E-01	54.400	91	90	91
A0A0H4IUK3_conserved	AF-A0A1L6K5Y5-F1-model_v4_conserved	9.798E-01	9.483E-01	9.586E-01	58.800	91	90	90
A0A0H4IUK3_conserved	A0A3G3C0Q6_conserved	9.758E-01	9.550E-01	9.550E-01	53.300	91	90	91
A0A0H4IUK3_conserved	AF-A0A3G5BD68-F1-model_v4_conserved	9.755E-01	9.547E-01	9.547E-01	53.300	91	90	91
A0A0H4IUK3_conserved	AF-A0A8E7DAJ6-F1-model_v6_conserved	9.754E-01	9.547E-01	9.547E-01	54.400	91	90	91
A0A0H4IUK3_conserved	A0A1P8VH15_conserved	9.753E-01	9.546E-01	9.546E-01	53.300	91	90	91
A0A0H4IUK3_conserved	A0A1Z3FWF5_conserved	9.753E-01	9.545E-01	9.545E-01	53.300	91	90	91
A0A0H4IUK3_conserved	A0A0B5ECY2_conserved	9.753E-01	9.545E-01	9.545E-01	53.300	91	90	91
A0A0H4IUK3_conserved	S5ZIP8_conserved	9.753E-01	9.545E-01	9.545E-01	53.300	91	90	91
A0A0H4IUK3_conserved	A0A1P8C735_conserved	9.749E-01	9.541E-01	9.541E-01	54.400	91	90	91
A0A0H4IUK3_conserved	STA-1_conserved	9.742E-01	9.534E-01	9.534E-01	54.400	91	90	91
A0A0H4IUK3_conserved	ALI-2_conserved	9.702E-01	9.495E-01	9.495E-01	54.900	91	91	91
A0A0H4IUK3_conserved	AF-Q1DF71-F1-model_v4_conserved	9.734E-01	9.527E-01	9.527E-01	51.100	91	90	91
A0A0H4IUK3_conserved	AF-A0A4Y8LBX5-F1-model_v4_conserved	9.729E-01	9.522E-01	9.522E-01	61.100	91	90	91
A0A0H4IUK3_conserved	ALI-1_conserved	9.693E-01	9.486E-01	9.486E-01	57.100	91	91	91
A0A0H4IUK3_conserved	AF-G0L217-F1-model_v4_conserved	9.715E-01	9.406E-01	9.507E-01	50.000	91	90	90
A0A0H4IUK3_conserved	A0A0C5L398_conserved	9.717E-01	9.408E-01	9.509E-01	47.700	91	90	90
A0A0H4IUK3_conserved	ECV-1_conserved	9.713E-01	9.404E-01	9.505E-01	52.200	91	90	90
A0A0H4IUK3_conserved	AF-A0A7T8ZCD9-F1-model_v4_conserved	9.708E-01	9.398E-01	9.499E-01	50.000	91	90	90
A0A0H4IUK3_conserved	AF-A0A6B7ELH8-F1-model_v4_conserved	9.708E-01	9.399E-01	9.500E-01	56.600	91	90	90
A0A0H4IUK3_conserved	ORR-1_conserved	9.705E-01	9.397E-01	9.497E-01	53.300	91	90	90
A0A0H4IUK3_conserved	BMHC-1_conserved	9.696E-01	9.387E-01	9.488E-01	50.000	91	90	90
A0A0H4IUK3_conserved	Q8GPN1_conserved	9.610E-01	9.407E-01	9.508E-01	52.700	91	91	90
A0A0H4IUK3_conserved	Q6SPY5_conserved	9.692E-01	9.383E-01	9.484E-01	55.500	91	90	90
A0A0H4IUK3_conserved	P14488_conserved	9.690E-01	9.382E-01	9.482E-01	56.600	91	90	90
A0A0H4IUK3_conserved	ANA-1_conserved	9.638E-01	9.434E-01	9.434E-01	54.400	91	90	91
A0A0H4IUK3_conserved	AF-I0KEZ6-F1-model_v4_conserved	9.668E-01	9.361E-01	9.462E-01	51.100	91	90	90
A0A0H4IUK3_conserved	Q8G9Q0_conserved	9.663E-01	9.357E-01	9.456E-01	51.100	91	90	90
A0A0H4IUK3_conserved	Q8RMB8_conserved	9.639E-01	9.334E-01	9.433E-01	46.600	91	90	90
A0A0H4IUK3_conserved	A0A2R4PHC7_conserved	9.633E-01	9.327E-01	9.427E-01	57.700	91	90	90
A0A0H4IUK3_conserved	P25910_conserved	9.596E-01	9.394E-01	9.394E-01	54.400	91	90	91
A0A0H4IUK3_conserved	AF-A0A0U3H0V9-F1-model_v4_conserved	9.571E-01	9.268E-01	9.468E-01	53.300	91	90	89
A0A0H4IUK3_conserved	AF-A0A844TY23-F1-model_v4_conserved	9.609E-01	9.305E-01	9.404E-01	54.400	91	90	90
A0A0H4IUK3_conserved	AF-A0A191Z3S9-F1-model_v4_conserved	9.606E-01	9.302E-01	9.401E-01	47.700	91	90	90
A0A0H4IUK3_conserved	A0A0H3YDR5_conserved	9.606E-01	9.302E-01	9.401E-01	51.100	91	90	90
A0A0H4IUK3_conserved	Q8GPN2_conserved	9.598E-01	9.294E-01	9.393E-01	50.000	91	90	90
A0A0H4IUK3_conserved	Q840P9_conserved	9.587E-01	9.285E-01	9.383E-01	54.400	91	90	90
A0A0H4IUK3_conserved	Q8GKX2_conserved	9.582E-01	9.280E-01	9.378E-01	53.300	91	90	90
A0A0H4IUK3_conserved	Q2HY42_conserved	9.578E-01	9.276E-01	9.375E-01	54.400	91	90	90
A0A0H4IUK3_conserved	SPS-1_conserved	9.550E-01	9.250E-01	9.448E-01	48.800	91	90	89
A0A0H4IUK3_conserved	Q9XAY4_conserved	9.572E-01	9.271E-01	9.369E-01	53.300	91	90	90
A0A0H4IUK3_conserved	E5G503_conserved	9.570E-01	9.268E-01	9.367E-01	53.300	91	90	90
A0A0H4IUK3_conserved	AF-A0A7U3MVS9-F1-model_v4_conserved	9.569E-01	9.268E-01	9.366E-01	45.500	91	90	90
A0A0H4IUK3_conserved	Q3YBY0_conserved	9.566E-01	9.265E-01	9.363E-01	53.300	91	90	90
A0A0H4IUK3_conserved	B4YAJ7_conserved	9.549E-01	9.249E-01	9.347E-01	52.200	91	90	90
A0A0H4IUK3_conserved	I3RJZ3_conserved	9.550E-01	9.250E-01	9.348E-01	52.200	91	90	90
A0A0H4IUK3_conserved	Q9ETN2_conserved	9.529E-01	9.229E-01	9.327E-01	47.700	91	90	90
A0A0H4IUK3_conserved	A7WPA3_conserved	9.534E-01	9.235E-01	9.333E-01	52.200	91	90	90
A0A0H4IUK3_conserved	Q9F629_conserved	9.534E-01	9.234E-01	9.332E-01	52.200	91	90	90
A0A0H4IUK3_conserved	Q08I33_conserved	9.511E-01	9.213E-01	9.310E-01	45.500	91	90	90
A0A0H4IUK3_conserved	Q9F921_conserved	9.501E-01	9.203E-01	9.300E-01	47.700	91	90	90
A0A0H4IUK3_conserved	Q8VT48_conserved	9.501E-01	9.204E-01	9.301E-01	46.600	91	90	90
A0A0H4IUK3_conserved	A0A0N9HJI8_conserved	9.490E-01	9.193E-01	9.290E-01	47.700	91	90	90
A0A0H4IUK3_conserved	E2GLP7_conserved	9.493E-01	9.195E-01	9.292E-01	46.600	91	90	90
A0A0H4IUK3_conserved	AF-Q9RB01-F1-model_v4_conserved	9.492E-01	9.195E-01	9.292E-01	48.800	91	90	90
A0A0H4IUK3_conserved	Q9EU43_conserved	9.486E-01	9.189E-01	9.286E-01	46.600	91	90	90
A0A0H4IUK3_conserved	A0A077EG89_conserved	9.489E-01	9.192E-01	9.289E-01	47.700	91	90	90
A0A0H4IUK3_conserved	D2K7P0_conserved	9.484E-01	9.187E-01	9.284E-01	45.500	91	90	90
A0A0H4IUK3_conserved	Q6JE29_conserved	9.479E-01	9.183E-01	9.279E-01	45.500	91	90	90
A0A0H4IUK3_conserved	Q9X482_conserved	9.479E-01	9.182E-01	9.279E-01	45.500	91	90	90
A0A0H4IUK3_conserved	Q8GQK7_conserved	9.456E-01	9.160E-01	9.256E-01	47.700	91	90	90
A0A0H4IUK3_conserved	D2KCJ9_conserved	9.441E-01	9.147E-01	9.243E-01	44.400	91	90	90
A0A161H7D8_conserved	A0A161H7D8_conserved	1.011E+00	1.000E+00	1.000E+00	100.000	91	91	91
A0A161H7D8_conserved	A8R403_conserved	1.009E+00	9.865E-01	9.865E-01	92.200	91	90	91
A0A161H7D8_conserved	Q9AHY6_conserved	9.990E-01	9.881E-01	9.881E-01	84.600	91	91	91
A0A161H7D8_conserved	Q79MP6_conserved	9.991E-01	9.882E-01	9.882E-01	84.600	91	91	91
A0A161H7D8_conserved	Q9F6Z8_conserved	9.984E-01	9.875E-01	9.875E-01	84.600	91	91	91
A0A161H7D8_conserved	A0A0D5ZZW5_conserved	9.980E-01	9.871E-01	9.871E-01	85.700	91	91	91
A0A161H7D8_conserved	B2ZTD9_conserved	9.982E-01	9.873E-01	9.873E-01	82.400	91	91	91
A0A161H7D8_conserved	F5ANL2_conserved	9.980E-01	9.871E-01	9.871E-01	84.600	91	91	91
A0A161H7D8_conserved	Q53CM3_conserved	9.979E-01	9.870E-01	9.870E-01	83.500	91	91	91
A0A161H7D8_conserved	Q8GIW8_conserved	9.984E-01	9.875E-01	9.875E-01	84.600	91	91	91
A0A161H7D8_conserved	Q8VLM7_conserved	9.977E-01	9.868E-01	9.868E-01	85.700	91	91	91
A0A161H7D8_conserved	B0FWK3_conserved	1.007E+00	9.851E-01	9.851E-01	82.200	91	90	91
A0A161H7D8_conserved	G4WB26_conserved	1.007E+00	9.851E-01	9.851E-01	84.400	91	90	91
A0A161H7D8_conserved	Q1A2Z1_conserved	1.007E+00	9.847E-01	9.847E-01	85.500	91	90	91
A0A161H7D8_conserved	A8QUY6_conserved	1.007E+00	9.845E-01	9.845E-01	83.300	91	90	91
A0A161H7D8_conserved	I7CP04_conserved	1.006E+00	9.845E-01	9.845E-01	81.100	91	90	91
A0A161H7D8_conserved	A0A0H4IUK3_conserved	1.006E+00	9.845E-01	9.845E-01	84.400	91	90	91
A0A161H7D8_conserved	A0A0S2MTX2_conserved	1.006E+00	9.844E-01	9.844E-01	82.200	91	90	91
A0A161H7D8_conserved	S5WLJ9_conserved	1.006E+00	9.843E-01	9.843E-01	81.100	91	90	91
A0A161H7D8_conserved	Q70E85_conserved	1.006E+00	9.843E-01	9.843E-01	85.500	91	90	91
A0A161H7D8_conserved	G9JKG5_conserved	1.006E+00	9.843E-01	9.843E-01	83.300	91	90	91
A0A161H7D8_conserved	AF-A0A1B2F003-F1-model_v4_conserved	1.006E+00	9.843E-01	9.843E-01	82.200	91	90	91
A0A161H7D8_conserved	F8UQX1_conserved	1.006E+00	9.842E-01	9.842E-01	83.300	91	90	91
A0A161H7D8_conserved	Q7WYA8_conserved	1.006E+00	9.841E-01	9.841E-01	82.200	91	90	91
A0A161H7D8_conserved	A0A097J9I0_conserved	1.006E+00	9.838E-01	9.838E-01	83.300	91	90	91
A0A161H7D8_conserved	AF-A0A7Y3W177-F1-model_v4_conserved	9.993E-01	9.776E-01	9.776E-01	81.100	91	90	91
A0A161H7D8_conserved	L7X1X1_conserved	9.886E-01	9.778E-01	9.778E-01	78.000	91	91	91
A0A161H7D8_conserved	L0N4W6_conserved	9.979E-01	9.762E-01	9.762E-01	82.200	91	90	91
A0A161H7D8_conserved	A0A650AXL4_conserved	9.973E-01	9.756E-01	9.756E-01	70.000	91	90	91
A0A161H7D8_conserved	AF-C5BSS3-F1-model_v4_conserved	9.970E-01	9.754E-01	9.754E-01	82.200	91	90	91
A0A161H7D8_conserved	SHD-1_conserved	9.965E-01	9.748E-01	9.748E-01	77.700	91	90	91
A0A161H7D8_conserved	Q704V1_conserved	9.964E-01	9.748E-01	9.748E-01	78.800	91	90	91
A0A161H7D8_conserved	AF-A0A6M4NN58-F1-model_v4_conserved	9.955E-01	9.739E-01	9.739E-01	68.800	91	90	91
A0A161H7D8_conserved	AF-A0A1L6K5Z3-F1-model_v4_conserved	9.985E-01	9.659E-01	9.766E-01	81.100	91	90	90
A0A161H7D8_conserved	Q53BU0_conserved	9.900E-01	9.686E-01	9.792E-01	71.100	91	90	90
A0A161H7D8_conserved	Q53BU1_conserved	9.858E-01	9.646E-01	9.751E-01	71.100	91	90	90
A0A161H7D8_conserved	AF-Q12JE6-F1-model_v4_conserved	9.895E-01	9.682E-01	9.682E-01	70.000	91	90	91
A0A161H7D8_conserved	K7SA42_conserved	9.833E-01	9.622E-01	9.622E-01	54.400	91	90	91
A0A161H7D8_conserved	AF-A0A1L6K5Y5-F1-model_v4_conserved	9.836E-01	9.520E-01	9.623E-01	58.800	91	90	90
A0A161H7D8_conserved	AF-A0A3G5BD68-F1-model_v4_conserved	9.787E-01	9.578E-01	9.578E-01	51.100	91	90	91
A0A161H7D8_conserved	STA-1_conserved	9.784E-01	9.575E-01	9.575E-01	54.400	91	90	91
A0A161H7D8_conserved	A0A3G3C0Q6_conserved	9.785E-01	9.576E-01	9.576E-01	52.200	91	90	91
A0A161H7D8_conserved	AF-A0A4Y8LBX5-F1-model_v4_conserved	9.781E-01	9.572E-01	9.572E-01	63.300	91	90	91
A0A161H7D8_conserved	AF-A0A8E7DAJ6-F1-model_v6_conserved	9.783E-01	9.574E-01	9.574E-01	52.200	91	90	91
A0A161H7D8_conserved	A0A1P8VH15_conserved	9.782E-01	9.573E-01	9.573E-01	52.200	91	90	91
A0A161H7D8_conserved	A0A1Z3FWF5_conserved	9.782E-01	9.573E-01	9.573E-01	52.200	91	90	91
A0A161H7D8_conserved	S5ZIP8_conserved	9.782E-01	9.573E-01	9.573E-01	52.200	91	90	91
A0A161H7D8_conserved	AF-Q1DF71-F1-model_v4_conserved	9.778E-01	9.569E-01	9.569E-01	54.400	91	90	91
A0A161H7D8_conserved	A0A0B5ECY2_conserved	9.781E-01	9.572E-01	9.572E-01	52.200	91	90	91
A0A161H7D8_conserved	A0A1P8C735_conserved	9.777E-01	9.568E-01	9.568E-01	52.200	91	90	91
A0A161H7D8_conserved	ALI-1_conserved	9.729E-01	9.520E-01	9.520E-01	60.400	91	91	91
A0A161H7D8_conserved	ALI-2_conserved	9.726E-01	9.517E-01	9.517E-01	57.100	91	91	91
A0A161H7D8_conserved	A0A0C5L398_conserved	9.780E-01	9.467E-01	9.569E-01	48.800	91	90	90
A0A161H7D8_conserved	ORR-1_conserved	9.773E-01	9.460E-01	9.562E-01	57.700	91	90	90
A0A161H7D8_conserved	AF-A0A6B7ELH8-F1-model_v4_conserved	9.772E-01	9.460E-01	9.562E-01	57.700	91	90	90
A0A161H7D8_conserved	ECV-1_conserved	9.772E-01	9.459E-01	9.561E-01	52.200	91	90	90
A0A161H7D8_conserved	AF-G0L217-F1-model_v4_conserved	9.771E-01	9.458E-01	9.560E-01	52.200	91	90	90
A0A161H7D8_conserved	AF-A0A7T8ZCD9-F1-model_v4_conserved	9.763E-01	9.451E-01	9.553E-01	54.400	91	90	90
A0A161H7D8_conserved	BMHC-1_conserved	9.761E-01	9.449E-01	9.551E-01	51.100	91	90	90
A0A161H7D8_conserved	ANA-1_conserved	9.697E-01	9.491E-01	9.491E-01	56.600	91	90	91
A0A161H7D8_conserved	AF-I0KEZ6-F1-model_v4_conserved	9.735E-01	9.424E-01	9.525E-01	53.300	91	90	90
A0A161H7D8_conserved	Q6SPY5_conserved	9.735E-01	9.424E-01	9.526E-01	57.700	91	90	90
A0A161H7D8_conserved	P14488_conserved	9.735E-01	9.424E-01	9.526E-01	58.800	91	90	90
A0A161H7D8_conserved	Q8G9Q0_conserved	9.736E-01	9.426E-01	9.527E-01	55.500	91	90	90
A0A161H7D8_conserved	P25910_conserved	9.660E-01	9.456E-01	9.456E-01	55.500	91	90	91
A0A161H7D8_conserved	Q8RMB8_conserved	9.685E-01	9.377E-01	9.478E-01	43.300	91	90	90
A0A161H7D8_conserved	AF-A0A0U3H0V9-F1-model_v4_conserved	9.640E-01	9.333E-01	9.535E-01	53.300	91	90	89
A0A161H7D8_conserved	A0A2R4PHC7_conserved	9.683E-01	9.375E-01	9.475E-01	56.600	91	90	90
A0A161H7D8_conserved	Q8GPN1_conserved	9.676E-01	9.368E-01	9.468E-01	51.100	91	90	90
A0A161H7D8_conserved	AF-A0A844TY23-F1-model_v4_conserved	9.664E-01	9.357E-01	9.457E-01	53.300	91	90	90
A0A161H7D8_conserved	AF-A0A191Z3S9-F1-model_v4_conserved	9.661E-01	9.354E-01	9.454E-01	50.000	91	90	90
A0A161H7D8_conserved	A0A0H3YDR5_conserved	9.656E-01	9.349E-01	9.449E-01	50.000	91	90	90
A0A161H7D8_conserved	Q840P9_conserved	9.663E-01	9.356E-01	9.456E-01	55.500	91	90	90
A0A161H7D8_conserved	Q8GPN2_conserved	9.649E-01	9.343E-01	9.442E-01	48.800	91	90	90
A0A161H7D8_conserved	Q8GKX2_conserved	9.656E-01	9.350E-01	9.450E-01	55.500	91	90	90
A0A161H7D8_conserved	Q2HY42_conserved	9.653E-01	9.347E-01	9.447E-01	56.600	91	90	90
A0A161H7D8_conserved	AF-A0A7U3MVS9-F1-model_v4_conserved	9.649E-01	9.343E-01	9.443E-01	52.200	91	90	90
A0A161H7D8_conserved	Q9XAY4_conserved	9.648E-01	9.342E-01	9.442E-01	55.500	91	90	90
A0A161H7D8_conserved	E5G503_conserved	9.646E-01	9.340E-01	9.440E-01	55.500	91	90	90
A0A161H7D8_conserved	Q3YBY0_conserved	9.642E-01	9.337E-01	9.436E-01	55.500	91	90	90
A0A161H7D8_conserved	B4YAJ7_conserved	9.623E-01	9.319E-01	9.418E-01	54.400	91	90	90
A0A161H7D8_conserved	I3RJZ3_conserved	9.625E-01	9.321E-01	9.420E-01	54.400	91	90	90
A0A161H7D8_conserved	A7WPA3_conserved	9.611E-01	9.307E-01	9.407E-01	54.400	91	90	90
A0A161H7D8_conserved	SPS-1_conserved	9.583E-01	9.282E-01	9.480E-01	51.100	91	90	89
A0A161H7D8_conserved	Q9F629_conserved	9.609E-01	9.305E-01	9.404E-01	54.400	91	90	90
A0A161H7D8_conserved	Q9ETN2_conserved	9.570E-01	9.268E-01	9.366E-01	47.700	91	90	90
A0A161H7D8_conserved	AF-Q9RB01-F1-model_v4_conserved	9.574E-01	9.273E-01	9.371E-01	48.800	91	90	90
A0A161H7D8_conserved	A0A077EG89_conserved	9.574E-01	9.272E-01	9.371E-01	48.800	91	90	90
A0A161H7D8_conserved	Q08I33_conserved	9.554E-01	9.253E-01	9.351E-01	45.500	91	90	90
A0A161H7D8_conserved	Q9F921_conserved	9.545E-01	9.245E-01	9.343E-01	47.700	91	90	90
A0A161H7D8_conserved	Q8VT48_conserved	9.544E-01	9.244E-01	9.342E-01	46.600	91	90	90
A0A161H7D8_conserved	A0A0N9HJI8_conserved	9.534E-01	9.234E-01	9.332E-01	46.600	91	90	90
A0A161H7D8_conserved	E2GLP7_conserved	9.536E-01	9.236E-01	9.334E-01	46.600	91	90	90
A0A161H7D8_conserved	Q9EU43_conserved	9.528E-01	9.229E-01	9.327E-01	46.600	91	90	90
A0A161H7D8_conserved	D2K7P0_conserved	9.527E-01	9.228E-01	9.325E-01	45.500	91	90	90
A0A161H7D8_conserved	Q9X482_conserved	9.522E-01	9.223E-01	9.320E-01	45.500	91	90	90
A0A161H7D8_conserved	Q6JE29_conserved	9.522E-01	9.223E-01	9.321E-01	45.500	91	90	90
A0A161H7D8_conserved	Q8GQK7_conserved	9.502E-01	9.203E-01	9.301E-01	46.600	91	90	90
A0A161H7D8_conserved	D2KCJ9_conserved	9.486E-01	9.189E-01	9.286E-01	44.400	91	90	90
A0A1Z3FWF5_conserved	A0A1Z3FWF5_conserved	1.011E+00	1.000E+00	1.000E+00	100.000	91	91	91
A0A1Z3FWF5_conserved	A0A0B5ECY2_conserved	1.005E+00	9.939E-01	9.939E-01	100.000	91	91	91
A0A1Z3FWF5_conserved	A0A3G3C0Q6_conserved	1.011E+00	9.890E-01	9.890E-01	100.000	91	90	91
A0A1Z3FWF5_conserved	A0A1P8C735_conserved	1.011E+00	9.889E-01	9.889E-01	98.800	91	90	91
A0A1Z3FWF5_conserved	S5ZIP8_conserved	1.011E+00	9.889E-01	9.889E-01	100.000	91	90	91
A0A1Z3FWF5_conserved	A0A1P8VH15_conserved	1.011E+00	9.889E-01	9.889E-01	100.000	91	90	91
A0A1Z3FWF5_conserved	AF-A0A8E7DAJ6-F1-model_v6_conserved	1.011E+00	9.889E-01	9.889E-01	98.800	91	90	91
A0A1Z3FWF5_conserved	AF-A0A3G5BD68-F1-model_v4_conserved	1.010E+00	9.883E-01	9.883E-01	96.600	91	90	91
A0A1Z3FWF5_conserved	K7SA42_conserved	9.894E-01	9.680E-01	9.680E-01	73.300	91	90	91
A0A1Z3FWF5_conserved	Q53BU1_conserved	9.822E-01	9.612E-01	9.716E-01	48.800	91	90	90
A0A1Z3FWF5_conserved	Q704V1_conserved	9.852E-01	9.641E-01	9.641E-01	48.800	91	90	91
A0A1Z3FWF5_conserved	Q53BU0_conserved	9.806E-01	9.596E-01	9.700E-01	50.000	91	90	90
A0A1Z3FWF5_conserved	L7X1X1_conserved	9.838E-01	9.627E-01	9.627E-01	55.500	91	90	91
A0A1Z3FWF5_conserved	AF-C5BSS3-F1-model_v4_conserved	9.837E-01	9.626E-01	9.626E-01	54.400	91	90	91
A0A1Z3FWF5_conserved	L0N4W6_conserved	9.831E-01	9.621E-01	9.621E-01	54.400	91	90	91
A0A1Z3FWF5_conserved	AF-A0A7Y3W177-F1-model_v4_conserved	9.825E-01	9.614E-01	9.614E-01	50.000	91	90	91
A0A1Z3FWF5_conserved	AF-Q12JE6-F1-model_v4_conserved	9.818E-01	9.608E-01	9.608E-01	51.100	91	90	91
A0A1Z3FWF5_conserved	SHD-1_conserved	9.815E-01	9.605E-01	9.605E-01	51.100	91	90	91
A0A1Z3FWF5_conserved	AF-Q1DF71-F1-model_v4_conserved	9.813E-01	9.603E-01	9.603E-01	53.300	91	90	91
A0A1Z3FWF5_conserved	A0A650AXL4_conserved	9.809E-01	9.600E-01	9.600E-01	53.300	91	90	91
A0A1Z3FWF5_conserved	AF-A0A6M4NN58-F1-model_v4_conserved	9.800E-01	9.591E-01	9.591E-01	51.100	91	90	91
A0A1Z3FWF5_conserved	STA-1_conserved	9.800E-01	9.591E-01	9.591E-01	50.000	91	90	91
A0A1Z3FWF5_conserved	AF-A0A1L6K5Z3-F1-model_v4_conserved	9.835E-01	9.519E-01	9.622E-01	54.400	91	90	90
A0A1Z3FWF5_conserved	A8R403_conserved	9.785E-01	9.576E-01	9.576E-01	53.300	91	90	91
A0A1Z3FWF5_conserved	A0A161H7D8_conserved	9.782E-01	9.573E-01	9.573E-01	52.200	91	90	91
A0A1Z3FWF5_conserved	F8UQX1_conserved	9.774E-01	9.566E-01	9.566E-01	54.400	91	90	91
A0A1Z3FWF5_conserved	AF-A0A1L6K5Y5-F1-model_v4_conserved	9.807E-01	9.492E-01	9.595E-01	50.000	91	90	90
A0A1Z3FWF5_conserved	G4WB26_conserved	9.764E-01	9.556E-01	9.556E-01	53.300	91	90	91
A0A1Z3FWF5_conserved	AF-A0A6B7ELH8-F1-model_v4_conserved	9.808E-01	9.494E-01	9.597E-01	45.500	91	90	90
A0A1Z3FWF5_conserved	Q53CM3_conserved	9.759E-01	9.551E-01	9.551E-01	53.300	91	90	91
A0A1Z3FWF5_conserved	A0A0D5ZZW5_conserved	9.758E-01	9.550E-01	9.550E-01	52.200	91	90	91
A0A1Z3FWF5_conserved	B0FWK3_conserved	9.757E-01	9.550E-01	9.550E-01	48.800	91	90	91
A0A1Z3FWF5_conserved	Q70E85_conserved	9.758E-01	9.550E-01	9.550E-01	53.300	91	90	91
A0A1Z3FWF5_conserved	I7CP04_conserved	9.757E-01	9.549E-01	9.549E-01	53.300	91	90	91
A0A1Z3FWF5_conserved	Q8VLM7_conserved	9.757E-01	9.549E-01	9.549E-01	54.400	91	90	91
A0A1Z3FWF5_conserved	Q9AHY6_conserved	9.755E-01	9.548E-01	9.548E-01	53.300	91	90	91
A0A1Z3FWF5_conserved	S5WLJ9_conserved	9.753E-01	9.546E-01	9.546E-01	53.300	91	90	91
A0A1Z3FWF5_conserved	A0A0H4IUK3_conserved	9.753E-01	9.545E-01	9.545E-01	53.300	91	90	91
A0A1Z3FWF5_conserved	F5ANL2_conserved	9.752E-01	9.545E-01	9.545E-01	53.300	91	90	91
A0A1Z3FWF5_conserved	ECV-1_conserved	9.796E-01	9.483E-01	9.585E-01	46.600	91	90	90
A0A1Z3FWF5_conserved	A8QUY6_conserved	9.752E-01	9.544E-01	9.544E-01	54.400	91	90	91
A0A1Z3FWF5_conserved	BMHC-1_conserved	9.798E-01	9.484E-01	9.586E-01	47.700	91	90	90
A0A1Z3FWF5_conserved	Q8GIW8_conserved	9.751E-01	9.544E-01	9.544E-01	54.400	91	90	91
A0A1Z3FWF5_conserved	Q9F6Z8_conserved	9.749E-01	9.541E-01	9.541E-01	55.500	91	90	91
A0A1Z3FWF5_conserved	AF-G0L217-F1-model_v4_conserved	9.793E-01	9.479E-01	9.582E-01	41.100	91	90	90
A0A1Z3FWF5_conserved	Q7WYA8_conserved	9.748E-01	9.541E-01	9.541E-01	55.500	91	90	91
A0A1Z3FWF5_conserved	G9JKG5_conserved	9.748E-01	9.540E-01	9.540E-01	54.400	91	90	91
A0A1Z3FWF5_conserved	Q1A2Z1_conserved	9.747E-01	9.540E-01	9.540E-01	53.300	91	90	91
A0A1Z3FWF5_conserved	A0A0S2MTX2_conserved	9.747E-01	9.539E-01	9.539E-01	54.400	91	90	91
A0A1Z3FWF5_conserved	Q79MP6_conserved	9.747E-01	9.539E-01	9.539E-01	55.500	91	90	91
A0A1Z3FWF5_conserved	B2ZTD9_conserved	9.745E-01	9.538E-01	9.538E-01	54.400	91	90	91
A0A1Z3FWF5_conserved	ANA-1_conserved	9.743E-01	9.536E-01	9.536E-01	50.000	91	90	91
A0A1Z3FWF5_conserved	A0A097J9I0_conserved	9.741E-01	9.534E-01	9.534E-01	52.200	91	90	91
A0A1Z3FWF5_conserved	AF-A0A4Y8LBX5-F1-model_v4_conserved	9.749E-01	9.542E-01	9.542E-01	60.000	91	90	91
A0A1Z3FWF5_conserved	AF-A0A7T8ZCD9-F1-model_v4_conserved	9.783E-01	9.471E-01	9.573E-01	44.400	91	90	90
A0A1Z3FWF5_conserved	ORR-1_conserved	9.776E-01	9.464E-01	9.566E-01	46.600	91	90	90
A0A1Z3FWF5_conserved	P14488_conserved	9.768E-01	9.456E-01	9.557E-01	52.200	91	90	90
A0A1Z3FWF5_conserved	Q6SPY5_conserved	9.763E-01	9.451E-01	9.553E-01	51.100	91	90	90
A0A1Z3FWF5_conserved	AF-A0A1B2F003-F1-model_v4_conserved	9.717E-01	9.511E-01	9.511E-01	51.100	91	90	91
A0A1Z3FWF5_conserved	AF-I0KEZ6-F1-model_v4_conserved	9.753E-01	9.441E-01	9.543E-01	50.000	91	90	90
A0A1Z3FWF5_conserved	Q8GKX2_conserved	9.732E-01	9.422E-01	9.523E-01	52.200	91	90	90
A0A1Z3FWF5_conserved	Q9XAY4_conserved	9.731E-01	9.421E-01	9.522E-01	52.200	91	90	90
A0A1Z3FWF5_conserved	Q2HY42_conserved	9.731E-01	9.421E-01	9.522E-01	51.100	91	90	90
A0A1Z3FWF5_conserved	Q840P9_conserved	9.728E-01	9.419E-01	9.520E-01	46.600	91	90	90
A0A1Z3FWF5_conserved	P25910_conserved	9.692E-01	9.488E-01	9.488E-01	50.000	91	90	91
A0A1Z3FWF5_conserved	Q3YBY0_conserved	9.719E-01	9.410E-01	9.511E-01	52.200	91	90	90
A0A1Z3FWF5_conserved	E5G503_conserved	9.717E-01	9.408E-01	9.509E-01	52.200	91	90	90
A0A1Z3FWF5_conserved	AF-A0A0U3H0V9-F1-model_v4_conserved	9.667E-01	9.360E-01	9.563E-01	41.100	91	90	89
A0A1Z3FWF5_conserved	A0A0C5L398_conserved	9.708E-01	9.400E-01	9.500E-01	44.400	91	90	90
A0A1Z3FWF5_conserved	B4YAJ7_conserved	9.703E-01	9.394E-01	9.495E-01	53.300	91	90	90
A0A1Z3FWF5_conserved	I3RJZ3_conserved	9.701E-01	9.393E-01	9.493E-01	53.300	91	90	90
A0A1Z3FWF5_conserved	A7WPA3_conserved	9.691E-01	9.383E-01	9.484E-01	53.300	91	90	90
A0A1Z3FWF5_conserved	ALI-2_conserved	9.627E-01	9.422E-01	9.422E-01	47.200	91	91	91
A0A1Z3FWF5_conserved	ALI-1_conserved	9.626E-01	9.422E-01	9.422E-01	43.900	91	91	91
A0A1Z3FWF5_conserved	Q9F629_conserved	9.688E-01	9.380E-01	9.481E-01	53.300	91	90	90
A0A1Z3FWF5_conserved	AF-A0A7U3MVS9-F1-model_v4_conserved	9.668E-01	9.362E-01	9.462E-01	38.800	91	90	90
A0A1Z3FWF5_conserved	Q8G9Q0_conserved	9.641E-01	9.337E-01	9.436E-01	40.000	91	90	90
A0A1Z3FWF5_conserved	A0A2R4PHC7_conserved	9.628E-01	9.324E-01	9.423E-01	48.800	91	90	90
A0A1Z3FWF5_conserved	SPS-1_conserved	9.575E-01	9.274E-01	9.473E-01	36.600	91	90	89
A0A1Z3FWF5_conserved	AF-A0A844TY23-F1-model_v4_conserved	9.595E-01	9.292E-01	9.391E-01	46.600	91	90	90
A0A1Z3FWF5_conserved	Q8GPN1_conserved	9.594E-01	9.292E-01	9.390E-01	43.300	91	90	90
A0A1Z3FWF5_conserved	AF-A0A191Z3S9-F1-model_v4_conserved	9.590E-01	9.287E-01	9.386E-01	36.600	91	90	90
A0A1Z3FWF5_conserved	Q8RMB8_conserved	9.578E-01	9.276E-01	9.375E-01	43.300	91	90	90
A0A1Z3FWF5_conserved	Q8GPN2_conserved	9.569E-01	9.268E-01	9.366E-01	42.200	91	90	90
A0A1Z3FWF5_conserved	A0A0H3YDR5_conserved	9.570E-01	9.269E-01	9.367E-01	41.100	91	90	90
A0A1Z3FWF5_conserved	A0A077EG89_conserved	9.513E-01	9.216E-01	9.313E-01	42.200	91	90	90
A0A1Z3FWF5_conserved	AF-Q9RB01-F1-model_v4_conserved	9.501E-01	9.205E-01	9.302E-01	41.100	91	90	90
A0A1Z3FWF5_conserved	A0A0N9HJI8_conserved	9.469E-01	9.173E-01	9.270E-01	35.500	91	90	90
A0A1Z3FWF5_conserved	Q9ETN2_conserved	9.471E-01	9.176E-01	9.272E-01	37.700	91	90	90
A0A1Z3FWF5_conserved	Q08I33_conserved	9.470E-01	9.175E-01	9.271E-01	37.700	91	90	90
A0A1Z3FWF5_conserved	Q8VT48_conserved	9.447E-01	9.153E-01	9.249E-01	38.800	91	90	90
A0A1Z3FWF5_conserved	Q9F921_conserved	9.436E-01	9.143E-01	9.239E-01	37.700	91	90	90
A0A1Z3FWF5_conserved	Q8GQK7_conserved	9.428E-01	9.135E-01	9.231E-01	35.500	91	90	90
A0A1Z3FWF5_conserved	D2K7P0_conserved	9.433E-01	9.140E-01	9.235E-01	37.700	91	90	90
A0A1Z3FWF5_conserved	D2KCJ9_conserved	9.421E-01	9.129E-01	9.224E-01	36.600	91	90	90
A0A1Z3FWF5_conserved	E2GLP7_conserved	9.421E-01	9.129E-01	9.224E-01	36.600	91	90	90
A0A1Z3FWF5_conserved	Q9EU43_conserved	9.414E-01	9.122E-01	9.217E-01	36.600	91	90	90
A0A1Z3FWF5_conserved	Q6JE29_conserved	9.409E-01	9.118E-01	9.213E-01	37.700	91	90	90
A0A1Z3FWF5_conserved	Q9X482_conserved	9.406E-01	9.115E-01	9.210E-01	37.700	91	90	90
A0A650AXL4_conserved	A0A650AXL4_conserved	1.011E+00	1.000E+00	1.000E+00	100.000	91	91	91
A0A650AXL4_conserved	AF-A0A6M4NN58-F1-model_v4_conserved	1.009E+00	9.867E-01	9.867E-01	90.000	91	90	91
A0A650AXL4_conserved	AF-A0A7Y3W177-F1-model_v4_conserved	1.003E+00	9.811E-01	9.811E-01	70.000	91	90	91
A0A650AXL4_conserved	AF-C5BSS3-F1-model_v4_conserved	1.002E+00	9.806E-01	9.806E-01	73.300	91	90	91
A0A650AXL4_conserved	L7X1X1_conserved	1.002E+00	9.803E-01	9.803E-01	73.300	91	90	91
A0A650AXL4_conserved	Q704V1_conserved	1.001E+00	9.795E-01	9.795E-01	68.800	91	90	91
A0A650AXL4_conserved	SHD-1_conserved	1.001E+00	9.794E-01	9.794E-01	73.300	91	90	91
A0A650AXL4_conserved	L0N4W6_conserved	1.001E+00	9.790E-01	9.790E-01	72.200	91	90	91
A0A650AXL4_conserved	Q53BU0_conserved	9.958E-01	9.742E-01	9.849E-01	67.700	91	90	90
A0A650AXL4_conserved	AF-A0A1L6K5Z3-F1-model_v4_conserved	1.002E+00	9.696E-01	9.803E-01	67.700	91	90	90
A0A650AXL4_conserved	AF-Q12JE6-F1-model_v4_conserved	9.980E-01	9.763E-01	9.763E-01	74.400	91	90	91
A0A650AXL4_conserved	A0A161H7D8_conserved	9.973E-01	9.756E-01	9.756E-01	70.000	91	90	91
A0A650AXL4_conserved	Q53BU1_conserved	9.932E-01	9.717E-01	9.824E-01	68.800	91	90	90
A0A650AXL4_conserved	A8R403_conserved	9.961E-01	9.745E-01	9.745E-01	70.000	91	90	91
A0A650AXL4_conserved	A0A0D5ZZW5_conserved	9.937E-01	9.721E-01	9.721E-01	70.000	91	90	91
A0A650AXL4_conserved	G4WB26_conserved	9.935E-01	9.720E-01	9.720E-01	68.800	91	90	91
A0A650AXL4_conserved	B0FWK3_conserved	9.933E-01	9.718E-01	9.718E-01	68.800	91	90	91
A0A650AXL4_conserved	F8UQX1_conserved	9.934E-01	9.719E-01	9.719E-01	70.000	91	90	91
A0A650AXL4_conserved	Q8VLM7_conserved	9.931E-01	9.716E-01	9.716E-01	70.000	91	90	91
A0A650AXL4_conserved	Q53CM3_conserved	9.931E-01	9.716E-01	9.716E-01	67.700	91	90	91
A0A650AXL4_conserved	Q9AHY6_conserved	9.928E-01	9.713E-01	9.713E-01	68.800	91	90	91
A0A650AXL4_conserved	Q9F6Z8_conserved	9.927E-01	9.712E-01	9.712E-01	68.800	91	90	91
A0A650AXL4_conserved	F5ANL2_conserved	9.927E-01	9.712E-01	9.712E-01	68.800	91	90	91
A0A650AXL4_conserved	Q8GIW8_conserved	9.927E-01	9.712E-01	9.712E-01	71.100	91	90	91
A0A650AXL4_conserved	A8QUY6_conserved	9.927E-01	9.712E-01	9.712E-01	68.800	91	90	91
A0A650AXL4_conserved	S5WLJ9_conserved	9.926E-01	9.711E-01	9.711E-01	70.000	91	90	91
A0A650AXL4_conserved	Q79MP6_conserved	9.925E-01	9.710E-01	9.710E-01	68.800	91	90	91
A0A650AXL4_conserved	Q1A2Z1_conserved	9.925E-01	9.710E-01	9.710E-01	68.800	91	90	91
A0A650AXL4_conserved	I7CP04_conserved	9.924E-01	9.709E-01	9.709E-01	70.000	91	90	91
A0A650AXL4_conserved	Q70E85_conserved	9.923E-01	9.708E-01	9.708E-01	70.000	91	90	91
A0A650AXL4_conserved	A0A0S2MTX2_conserved	9.922E-01	9.707E-01	9.707E-01	67.700	91	90	91
A0A650AXL4_conserved	A0A097J9I0_conserved	9.922E-01	9.708E-01	9.708E-01	68.800	91	90	91
A0A650AXL4_conserved	Q7WYA8_conserved	9.922E-01	9.707E-01	9.707E-01	67.700	91	90	91
A0A650AXL4_conserved	B2ZTD9_conserved	9.921E-01	9.706E-01	9.706E-01	67.700	91	90	91
A0A650AXL4_conserved	A0A0H4IUK3_conserved	9.920E-01	9.705E-01	9.705E-01	68.800	91	90	91
A0A650AXL4_conserved	G9JKG5_conserved	9.918E-01	9.703E-01	9.703E-01	68.800	91	90	91
A0A650AXL4_conserved	AF-A0A1B2F003-F1-model_v4_conserved	9.907E-01	9.693E-01	9.693E-01	71.100	91	90	91
A0A650AXL4_conserved	K7SA42_conserved	9.887E-01	9.674E-01	9.674E-01	54.400	91	90	91
A0A650AXL4_conserved	AF-A0A1L6K5Y5-F1-model_v4_conserved	9.914E-01	9.593E-01	9.697E-01	60.000	91	90	90
A0A650AXL4_conserved	AF-A0A4Y8LBX5-F1-model_v4_conserved	9.865E-01	9.653E-01	9.653E-01	64.400	91	90	91
A0A650AXL4_conserved	A0A0C5L398_conserved	9.879E-01	9.560E-01	9.664E-01	50.000	91	90	90
A0A650AXL4_conserved	AF-Q1DF71-F1-model_v4_conserved	9.832E-01	9.621E-01	9.621E-01	57.700	91	90	91
A0A650AXL4_conserved	ALI-1_conserved	9.802E-01	9.591E-01	9.591E-01	60.400	91	91	91
A0A650AXL4_conserved	STA-1_conserved	9.831E-01	9.621E-01	9.621E-01	56.600	91	90	91
A0A650AXL4_conserved	ALI-2_conserved	9.800E-01	9.589E-01	9.589E-01	61.500	91	91	91
A0A650AXL4_conserved	AF-A0A3G5BD68-F1-model_v4_conserved	9.821E-01	9.611E-01	9.611E-01	52.200	91	90	91
A0A650AXL4_conserved	A0A3G3C0Q6_conserved	9.811E-01	9.601E-01	9.601E-01	53.300	91	90	91
A0A650AXL4_conserved	AF-A0A8E7DAJ6-F1-model_v6_conserved	9.810E-01	9.601E-01	9.601E-01	53.300	91	90	91
A0A650AXL4_conserved	A0A1Z3FWF5_conserved	9.809E-01	9.600E-01	9.600E-01	53.300	91	90	91
A0A650AXL4_conserved	S5ZIP8_conserved	9.809E-01	9.600E-01	9.600E-01	53.300	91	90	91
A0A650AXL4_conserved	A0A1P8VH15_conserved	9.809E-01	9.599E-01	9.599E-01	53.300	91	90	91
A0A650AXL4_conserved	A0A0B5ECY2_conserved	9.807E-01	9.598E-01	9.598E-01	53.300	91	90	91
A0A650AXL4_conserved	A0A1P8C735_conserved	9.805E-01	9.596E-01	9.596E-01	53.300	91	90	91
A0A650AXL4_conserved	AF-A0A6B7ELH8-F1-model_v4_conserved	9.838E-01	9.521E-01	9.624E-01	60.000	91	90	90
A0A650AXL4_conserved	Q6SPY5_conserved	9.831E-01	9.515E-01	9.618E-01	58.800	91	90	90
A0A650AXL4_conserved	AF-G0L217-F1-model_v4_conserved	9.833E-01	9.517E-01	9.620E-01	55.500	91	90	90
A0A650AXL4_conserved	P14488_conserved	9.830E-01	9.514E-01	9.617E-01	60.000	91	90	90
A0A650AXL4_conserved	Q8RMB8_conserved	9.829E-01	9.513E-01	9.616E-01	53.300	91	90	90
A0A650AXL4_conserved	ANA-1_conserved	9.779E-01	9.570E-01	9.570E-01	54.400	91	90	91
A0A650AXL4_conserved	AF-I0KEZ6-F1-model_v4_conserved	9.819E-01	9.504E-01	9.606E-01	57.700	91	90	90
A0A650AXL4_conserved	A0A2R4PHC7_conserved	9.812E-01	9.497E-01	9.600E-01	58.800	91	90	90
A0A650AXL4_conserved	AF-A0A7T8ZCD9-F1-model_v4_conserved	9.812E-01	9.497E-01	9.600E-01	57.700	91	90	90
A0A650AXL4_conserved	ECV-1_conserved	9.813E-01	9.498E-01	9.601E-01	54.400	91	90	90
A0A650AXL4_conserved	Q8GPN1_conserved	9.806E-01	9.491E-01	9.593E-01	51.100	91	90	90
A0A650AXL4_conserved	ORR-1_conserved	9.810E-01	9.496E-01	9.598E-01	58.800	91	90	90
A0A650AXL4_conserved	A0A0H3YDR5_conserved	9.798E-01	9.484E-01	9.586E-01	50.000	91	90	90
A0A650AXL4_conserved	BMHC-1_conserved	9.807E-01	9.493E-01	9.595E-01	54.400	91	90	90
A0A650AXL4_conserved	AF-A0A844TY23-F1-model_v4_conserved	9.799E-01	9.484E-01	9.587E-01	53.300	91	90	90
A0A650AXL4_conserved	P25910_conserved	9.761E-01	9.554E-01	9.554E-01	54.400	91	90	91
A0A650AXL4_conserved	Q8GPN2_conserved	9.789E-01	9.475E-01	9.577E-01	48.800	91	90	90
A0A650AXL4_conserved	AF-A0A191Z3S9-F1-model_v4_conserved	9.787E-01	9.473E-01	9.575E-01	52.200	91	90	90
A0A650AXL4_conserved	AF-A0A0U3H0V9-F1-model_v4_conserved	9.713E-01	9.402E-01	9.607E-01	56.600	91	90	89
A0A650AXL4_conserved	Q9ETN2_conserved	9.733E-01	9.423E-01	9.524E-01	58.800	91	90	90
A0A650AXL4_conserved	Q840P9_conserved	9.737E-01	9.427E-01	9.528E-01	55.500	91	90	90
A0A650AXL4_conserved	Q8GKX2_conserved	9.726E-01	9.416E-01	9.517E-01	58.800	91	90	90
A0A650AXL4_conserved	Q08I33_conserved	9.721E-01	9.411E-01	9.512E-01	56.600	91	90	90
A0A650AXL4_conserved	Q2HY42_conserved	9.723E-01	9.413E-01	9.514E-01	57.700	91	90	90
A0A650AXL4_conserved	Q9XAY4_conserved	9.722E-01	9.412E-01	9.513E-01	58.800	91	90	90
A0A650AXL4_conserved	Q9F921_conserved	9.715E-01	9.405E-01	9.506E-01	56.600	91	90	90
A0A650AXL4_conserved	Q3YBY0_conserved	9.718E-01	9.409E-01	9.510E-01	58.800	91	90	90
A0A650AXL4_conserved	E5G503_conserved	9.718E-01	9.409E-01	9.510E-01	58.800	91	90	90
A0A650AXL4_conserved	Q8VT48_conserved	9.709E-01	9.400E-01	9.500E-01	56.600	91	90	90
A0A650AXL4_conserved	E2GLP7_conserved	9.708E-01	9.399E-01	9.500E-01	57.700	91	90	90
A0A650AXL4_conserved	Q9EU43_conserved	9.701E-01	9.392E-01	9.493E-01	57.700	91	90	90
A0A650AXL4_conserved	A0A0N9HJI8_conserved	9.691E-01	9.382E-01	9.483E-01	55.500	91	90	90
A0A650AXL4_conserved	I3RJZ3_conserved	9.703E-01	9.395E-01	9.495E-01	57.700	91	90	90
A0A650AXL4_conserved	B4YAJ7_conserved	9.699E-01	9.391E-01	9.492E-01	57.700	91	90	90
A0A650AXL4_conserved	Q6JE29_conserved	9.696E-01	9.388E-01	9.489E-01	56.600	91	90	90
A0A650AXL4_conserved	D2K7P0_conserved	9.696E-01	9.388E-01	9.488E-01	56.600	91	90	90
A0A650AXL4_conserved	Q9X482_conserved	9.694E-01	9.386E-01	9.487E-01	56.600	91	90	90
A0A650AXL4_conserved	Q9F629_conserved	9.688E-01	9.381E-01	9.481E-01	57.700	91	90	90
A0A650AXL4_conserved	A7WPA3_conserved	9.690E-01	9.382E-01	9.482E-01	57.700	91	90	90
A0A650AXL4_conserved	A0A077EG89_conserved	9.687E-01	9.380E-01	9.480E-01	51.100	91	90	90
A0A650AXL4_conserved	AF-Q9RB01-F1-model_v4_conserved	9.680E-01	9.373E-01	9.473E-01	50.000	91	90	90
A0A650AXL4_conserved	AF-A0A7U3MVS9-F1-model_v4_conserved	9.683E-01	9.376E-01	9.476E-01	51.100	91	90	90
A0A650AXL4_conserved	SPS-1_conserved	9.634E-01	9.330E-01	9.531E-01	46.600	91	90	89
A0A650AXL4_conserved	Q8GQK7_conserved	9.649E-01	9.343E-01	9.443E-01	55.500	91	90	90
A0A650AXL4_conserved	D2KCJ9_conserved	9.652E-01	9.346E-01	9.446E-01	55.500	91	90	90
A0A650AXL4_conserved	Q8G9Q0_conserved	9.618E-01	9.314E-01	9.413E-01	48.800	91	90	90
AF-A0A0U3H0V9-F1-model_v4_conserved	AF-A0A0U3H0V9-F1-model_v4_conserved	1.011E+00	1.000E+00	1.000E+00	100.000	89	89	89
AF-A0A0U3H0V9-F1-model_v4_conserved	BMHC-1_conserved	9.958E-01	9.847E-01	9.739E-01	78.600	89	89	90
AF-A0A0U3H0V9-F1-model_v4_conserved	AF-A0A7T8ZCD9-F1-model_v4_conserved	9.956E-01	9.845E-01	9.736E-01	76.400	89	89	90
AF-A0A0U3H0V9-F1-model_v4_conserved	AF-A0A6B7ELH8-F1-model_v4_conserved	9.953E-01	9.842E-01	9.734E-01	76.400	89	89	90
AF-A0A0U3H0V9-F1-model_v4_conserved	AF-G0L217-F1-model_v4_conserved	9.914E-01	9.804E-01	9.696E-01	71.900	89	89	90
AF-A0A0U3H0V9-F1-model_v4_conserved	ORR-1_conserved	9.912E-01	9.802E-01	9.695E-01	68.500	89	89	90
AF-A0A0U3H0V9-F1-model_v4_conserved	ECV-1_conserved	9.894E-01	9.785E-01	9.677E-01	74.100	89	89	90
AF-A0A0U3H0V9-F1-model_v4_conserved	Q53BU1_conserved	9.786E-01	9.679E-01	9.574E-01	61.100	89	90	90
AF-A0A0U3H0V9-F1-model_v4_conserved	ANA-1_conserved	9.780E-01	9.673E-01	9.466E-01	52.200	89	90	91
AF-A0A0U3H0V9-F1-model_v4_conserved	L0N4W6_conserved	9.779E-01	9.672E-01	9.465E-01	56.600	89	90	91
AF-A0A0U3H0V9-F1-model_v4_conserved	Q53BU0_conserved	9.738E-01	9.632E-01	9.528E-01	58.800	89	90	90
AF-A0A0U3H0V9-F1-model_v4_conserved	AF-C5BSS3-F1-model_v4_conserved	9.771E-01	9.664E-01	9.457E-01	56.600	89	90	91
AF-A0A0U3H0V9-F1-model_v4_conserved	AF-Q1DF71-F1-model_v4_conserved	9.763E-01	9.656E-01	9.450E-01	47.700	89	90	91
AF-A0A0U3H0V9-F1-model_v4_conserved	AF-A0A7Y3W177-F1-model_v4_conserved	9.759E-01	9.652E-01	9.446E-01	55.500	89	90	91
AF-A0A0U3H0V9-F1-model_v4_conserved	L7X1X1_conserved	9.750E-01	9.643E-01	9.438E-01	54.400	89	90	91
AF-A0A0U3H0V9-F1-model_v4_conserved	P25910_conserved	9.749E-01	9.643E-01	9.437E-01	58.800	89	90	91
AF-A0A0U3H0V9-F1-model_v4_conserved	Q704V1_conserved	9.746E-01	9.640E-01	9.434E-01	56.600	89	90	91
AF-A0A0U3H0V9-F1-model_v4_conserved	SHD-1_conserved	9.745E-01	9.638E-01	9.432E-01	54.400	89	90	91
AF-A0A0U3H0V9-F1-model_v4_conserved	AF-A0A1L6K5Z3-F1-model_v4_conserved	9.658E-01	9.553E-01	9.449E-01	54.400	89	90	90
AF-A0A0U3H0V9-F1-model_v4_conserved	AF-A0A6M4NN58-F1-model_v4_conserved	9.713E-01	9.608E-01	9.403E-01	55.500	89	90	91
AF-A0A0U3H0V9-F1-model_v4_conserved	A0A650AXL4_conserved	9.713E-01	9.607E-01	9.402E-01	56.600	89	90	91
AF-A0A0U3H0V9-F1-model_v4_conserved	SPS-1_conserved	9.608E-01	9.504E-01	9.504E-01	45.500	89	90	89
AF-A0A0U3H0V9-F1-model_v4_conserved	AF-Q12JE6-F1-model_v4_conserved	9.701E-01	9.596E-01	9.392E-01	55.500	89	90	91
AF-A0A0U3H0V9-F1-model_v4_conserved	STA-1_conserved	9.686E-01	9.581E-01	9.377E-01	47.700	89	90	91
AF-A0A0U3H0V9-F1-model_v4_conserved	AF-I0KEZ6-F1-model_v4_conserved	9.612E-01	9.508E-01	9.405E-01	50.000	89	90	90
AF-A0A0U3H0V9-F1-model_v4_conserved	AF-A0A4Y8LBX5-F1-model_v4_conserved	9.678E-01	9.573E-01	9.369E-01	56.600	89	90	91
AF-A0A0U3H0V9-F1-model_v4_conserved	AF-A0A3G5BD68-F1-model_v4_conserved	9.682E-01	9.577E-01	9.374E-01	40.000	89	90	91
AF-A0A0U3H0V9-F1-model_v4_conserved	AF-A0A1L6K5Y5-F1-model_v4_conserved	9.608E-01	9.504E-01	9.402E-01	53.300	89	90	90
AF-A0A0U3H0V9-F1-model_v4_conserved	AF-A0A7U3MVS9-F1-model_v4_conserved	9.609E-01	9.505E-01	9.402E-01	48.800	89	90	90
AF-A0A0U3H0V9-F1-model_v4_conserved	K7SA42_conserved	9.666E-01	9.562E-01	9.359E-01	47.700	89	90	91
AF-A0A0U3H0V9-F1-model_v4_conserved	A0A1Z3FWF5_conserved	9.667E-01	9.563E-01	9.360E-01	41.100	89	90	91
AF-A0A0U3H0V9-F1-model_v4_conserved	A0A3G3C0Q6_conserved	9.665E-01	9.560E-01	9.358E-01	41.100	89	90	91
AF-A0A0U3H0V9-F1-model_v4_conserved	A0A1P8C735_conserved	9.665E-01	9.560E-01	9.358E-01	40.000	89	90	91
AF-A0A0U3H0V9-F1-model_v4_conserved	A0A1P8VH15_conserved	9.664E-01	9.560E-01	9.357E-01	41.100	89	90	91
AF-A0A0U3H0V9-F1-model_v4_conserved	AF-A0A8E7DAJ6-F1-model_v6_conserved	9.664E-01	9.559E-01	9.357E-01	40.000	89	90	91
AF-A0A0U3H0V9-F1-model_v4_conserved	A0A0B5ECY2_conserved	9.661E-01	9.556E-01	9.354E-01	41.100	89	90	91
AF-A0A0U3H0V9-F1-model_v4_conserved	S5ZIP8_conserved	9.660E-01	9.556E-01	9.353E-01	41.100	89	90	91
AF-A0A0U3H0V9-F1-model_v4_conserved	ALI-1_conserved	9.625E-01	9.520E-01	9.317E-01	47.200	89	91	91
AF-A0A0U3H0V9-F1-model_v4_conserved	Q840P9_conserved	9.580E-01	9.476E-01	9.374E-01	53.300	89	90	90
AF-A0A0U3H0V9-F1-model_v4_conserved	A8R403_conserved	9.642E-01	9.538E-01	9.336E-01	55.500	89	90	91
AF-A0A0U3H0V9-F1-model_v4_conserved	A0A161H7D8_conserved	9.640E-01	9.535E-01	9.333E-01	53.300	89	90	91
AF-A0A0U3H0V9-F1-model_v4_conserved	A0A0C5L398_conserved	9.566E-01	9.463E-01	9.361E-01	50.000	89	90	90
AF-A0A0U3H0V9-F1-model_v4_conserved	Q8GKX2_conserved	9.560E-01	9.457E-01	9.355E-01	48.800	89	90	90
AF-A0A0U3H0V9-F1-model_v4_conserved	F8UQX1_conserved	9.626E-01	9.522E-01	9.320E-01	52.200	89	90	91
AF-A0A0U3H0V9-F1-model_v4_conserved	Q2HY42_conserved	9.559E-01	9.456E-01	9.354E-01	50.000	89	90	90
AF-A0A0U3H0V9-F1-model_v4_conserved	Q9XAY4_conserved	9.556E-01	9.452E-01	9.351E-01	50.000	89	90	90
AF-A0A0U3H0V9-F1-model_v4_conserved	E5G503_conserved	9.555E-01	9.451E-01	9.350E-01	48.800	89	90	90
AF-A0A0U3H0V9-F1-model_v4_conserved	ALI-2_conserved	9.596E-01	9.491E-01	9.290E-01	45.000	89	91	91
AF-A0A0U3H0V9-F1-model_v4_conserved	Q3YBY0_conserved	9.552E-01	9.449E-01	9.348E-01	50.000	89	90	90
AF-A0A0U3H0V9-F1-model_v4_conserved	A0A0D5ZZW5_conserved	9.616E-01	9.512E-01	9.311E-01	56.600	89	90	91
AF-A0A0U3H0V9-F1-model_v4_conserved	I3RJZ3_conserved	9.548E-01	9.444E-01	9.343E-01	51.100	89	90	90
AF-A0A0U3H0V9-F1-model_v4_conserved	Q70E85_conserved	9.611E-01	9.507E-01	9.306E-01	54.400	89	90	91
AF-A0A0U3H0V9-F1-model_v4_conserved	G4WB26_conserved	9.611E-01	9.507E-01	9.306E-01	55.500	89	90	91
AF-A0A0U3H0V9-F1-model_v4_conserved	B0FWK3_conserved	9.609E-01	9.505E-01	9.305E-01	54.400	89	90	91
AF-A0A0U3H0V9-F1-model_v4_conserved	B2ZTD9_conserved	9.609E-01	9.505E-01	9.305E-01	57.700	89	90	91
AF-A0A0U3H0V9-F1-model_v4_conserved	Q9F629_conserved	9.544E-01	9.441E-01	9.340E-01	51.100	89	90	90
AF-A0A0U3H0V9-F1-model_v4_conserved	Q9AHY6_conserved	9.608E-01	9.504E-01	9.304E-01	55.500	89	90	91
AF-A0A0U3H0V9-F1-model_v4_conserved	Q8GIW8_conserved	9.608E-01	9.504E-01	9.303E-01	54.400	89	90	91
AF-A0A0U3H0V9-F1-model_v4_conserved	B4YAJ7_conserved	9.542E-01	9.439E-01	9.338E-01	51.100	89	90	90
AF-A0A0U3H0V9-F1-model_v4_conserved	Q53CM3_conserved	9.605E-01	9.501E-01	9.301E-01	54.400	89	90	91
AF-A0A0U3H0V9-F1-model_v4_conserved	Q8VLM7_conserved	9.605E-01	9.501E-01	9.300E-01	55.500	89	90	91
AF-A0A0U3H0V9-F1-model_v4_conserved	Q9F6Z8_conserved	9.605E-01	9.501E-01	9.300E-01	56.600	89	90	91
AF-A0A0U3H0V9-F1-model_v4_conserved	Q7WYA8_conserved	9.603E-01	9.499E-01	9.299E-01	55.500	89	90	91
AF-A0A0U3H0V9-F1-model_v4_conserved	P14488_conserved	9.538E-01	9.435E-01	9.334E-01	52.200	89	90	90
AF-A0A0U3H0V9-F1-model_v4_conserved	F5ANL2_conserved	9.599E-01	9.496E-01	9.296E-01	55.500	89	90	91
AF-A0A0U3H0V9-F1-model_v4_conserved	A8QUY6_conserved	9.599E-01	9.496E-01	9.295E-01	54.400	89	90	91
AF-A0A0U3H0V9-F1-model_v4_conserved	A7WPA3_conserved	9.533E-01	9.430E-01	9.329E-01	51.100	89	90	90
AF-A0A0U3H0V9-F1-model_v4_conserved	Q1A2Z1_conserved	9.598E-01	9.495E-01	9.294E-01	54.400	89	90	91
AF-A0A0U3H0V9-F1-model_v4_conserved	G9JKG5_conserved	9.598E-01	9.494E-01	9.294E-01	54.400	89	90	91
AF-A0A0U3H0V9-F1-model_v4_conserved	S5WLJ9_conserved	9.596E-01	9.492E-01	9.292E-01	55.500	89	90	91
AF-A0A0U3H0V9-F1-model_v4_conserved	I7CP04_conserved	9.594E-01	9.491E-01	9.291E-01	55.500	89	90	91
AF-A0A0U3H0V9-F1-model_v4_conserved	A0A2R4PHC7_conserved	9.530E-01	9.427E-01	9.326E-01	53.300	89	90	90
AF-A0A0U3H0V9-F1-model_v4_conserved	Q79MP6_conserved	9.589E-01	9.486E-01	9.286E-01	56.600	89	90	91
AF-A0A0U3H0V9-F1-model_v4_conserved	Q6SPY5_conserved	9.522E-01	9.419E-01	9.318E-01	52.200	89	90	90
AF-A0A0U3H0V9-F1-model_v4_conserved	A0A0S2MTX2_conserved	9.586E-01	9.483E-01	9.283E-01	56.600	89	90	91
AF-A0A0U3H0V9-F1-model_v4_conserved	Q8RMB8_conserved	9.507E-01	9.405E-01	9.304E-01	48.800	89	90	90
AF-A0A0U3H0V9-F1-model_v4_conserved	A0A0H4IUK3_conserved	9.571E-01	9.468E-01	9.268E-01	53.300	89	90	91
AF-A0A0U3H0V9-F1-model_v4_conserved	A0A097J9I0_conserved	9.570E-01	9.467E-01	9.267E-01	54.400	89	90	91
AF-A0A0U3H0V9-F1-model_v4_conserved	Q8G9Q0_conserved	9.502E-01	9.400E-01	9.300E-01	48.800	89	90	90
AF-A0A0U3H0V9-F1-model_v4_conserved	AF-A0A1B2F003-F1-model_v4_conserved	9.548E-01	9.446E-01	9.247E-01	54.400	89	90	91
AF-A0A0U3H0V9-F1-model_v4_conserved	AF-A0A844TY23-F1-model_v4_conserved	9.465E-01	9.363E-01	9.263E-01	52.200	89	90	90
AF-A0A0U3H0V9-F1-model_v4_conserved	A0A0H3YDR5_conserved	9.457E-01	9.356E-01	9.256E-01	50.000	89	90	90
AF-A0A0U3H0V9-F1-model_v4_conserved	Q8GPN2_conserved	9.455E-01	9.353E-01	9.254E-01	51.100	89	90	90
AF-A0A0U3H0V9-F1-model_v4_conserved	Q8GPN1_conserved	9.452E-01	9.350E-01	9.251E-01	50.000	89	90	90
AF-A0A0U3H0V9-F1-model_v4_conserved	AF-A0A191Z3S9-F1-model_v4_conserved	9.442E-01	9.341E-01	9.242E-01	50.000	89	90	90
AF-A0A0U3H0V9-F1-model_v4_conserved	AF-Q9RB01-F1-model_v4_conserved	9.359E-01	9.259E-01	9.162E-01	47.700	89	90	90
AF-A0A0U3H0V9-F1-model_v4_conserved	A0A077EG89_conserved	9.354E-01	9.255E-01	9.157E-01	47.700	89	90	90
AF-A0A0U3H0V9-F1-model_v4_conserved	Q9ETN2_conserved	9.288E-01	9.189E-01	9.093E-01	48.800	89	90	90
AF-A0A0U3H0V9-F1-model_v4_conserved	Q08I33_conserved	9.286E-01	9.187E-01	9.091E-01	47.700	89	90	90
AF-A0A0U3H0V9-F1-model_v4_conserved	A0A0N9HJI8_conserved	9.276E-01	9.178E-01	9.082E-01	53.300	89	90	90
AF-A0A0U3H0V9-F1-model_v4_conserved	D2KCJ9_conserved	9.256E-01	9.158E-01	9.062E-01	45.500	89	90	90
AF-A0A0U3H0V9-F1-model_v4_conserved	D2K7P0_conserved	9.259E-01	9.161E-01	9.066E-01	47.700	89	90	90
AF-A0A0U3H0V9-F1-model_v4_conserved	Q8VT48_conserved	9.256E-01	9.159E-01	9.063E-01	46.600	89	90	90
AF-A0A0U3H0V9-F1-model_v4_conserved	E2GLP7_conserved	9.249E-01	9.151E-01	9.056E-01	48.800	89	90	90
AF-A0A0U3H0V9-F1-model_v4_conserved	Q9F921_conserved	9.246E-01	9.149E-01	9.053E-01	47.700	89	90	90
AF-A0A0U3H0V9-F1-model_v4_conserved	Q9EU43_conserved	9.242E-01	9.145E-01	9.049E-01	48.800	89	90	90
AF-A0A0U3H0V9-F1-model_v4_conserved	Q6JE29_conserved	9.240E-01	9.142E-01	9.047E-01	47.700	89	90	90
AF-A0A0U3H0V9-F1-model_v4_conserved	Q9X482_conserved	9.236E-01	9.139E-01	9.044E-01	48.800	89	90	90
AF-A0A0U3H0V9-F1-model_v4_conserved	Q8GQK7_conserved	9.223E-01	9.126E-01	9.031E-01	53.300	89	90	90
AF-A0A1L6K5Z3-F1-model_v4_conserved	AF-A0A1L6K5Z3-F1-model_v4_conserved	1.011E+00	1.000E+00	1.000E+00	100.000	90	90	90
AF-A0A1L6K5Z3-F1-model_v4_conserved	AF-A0A7Y3W177-F1-model_v4_conserved	1.009E+00	9.869E-01	9.761E-01	85.500	90	90	91
AF-A0A1L6K5Z3-F1-model_v4_conserved	L0N4W6_conserved	1.007E+00	9.845E-01	9.737E-01	84.400	90	90	91
AF-A0A1L6K5Z3-F1-model_v4_conserved	AF-C5BSS3-F1-model_v4_conserved	1.006E+00	9.835E-01	9.727E-01	85.500	90	90	91
AF-A0A1L6K5Z3-F1-model_v4_conserved	SHD-1_conserved	1.005E+00	9.831E-01	9.723E-01	85.500	90	90	91
AF-A0A1L6K5Z3-F1-model_v4_conserved	Q704V1_conserved	1.005E+00	9.830E-01	9.722E-01	81.100	90	90	91
AF-A0A1L6K5Z3-F1-model_v4_conserved	L7X1X1_conserved	1.005E+00	9.824E-01	9.717E-01	82.200	90	90	91
AF-A0A1L6K5Z3-F1-model_v4_conserved	Q53BU0_conserved	1.000E+00	9.784E-01	9.784E-01	73.300	90	90	90
AF-A0A1L6K5Z3-F1-model_v4_conserved	Q53BU1_conserved	9.990E-01	9.771E-01	9.771E-01	74.400	90	90	90
AF-A0A1L6K5Z3-F1-model_v4_conserved	AF-A0A6M4NN58-F1-model_v4_conserved	1.003E+00	9.804E-01	9.697E-01	65.500	90	90	91
AF-A0A1L6K5Z3-F1-model_v4_conserved	A0A650AXL4_conserved	1.002E+00	9.803E-01	9.696E-01	67.700	90	90	91
AF-A0A1L6K5Z3-F1-model_v4_conserved	AF-Q12JE6-F1-model_v4_conserved	1.001E+00	9.788E-01	9.681E-01	70.000	90	90	91
AF-A0A1L6K5Z3-F1-model_v4_conserved	A8R403_conserved	9.994E-01	9.774E-01	9.667E-01	81.100	90	90	91
AF-A0A1L6K5Z3-F1-model_v4_conserved	A0A161H7D8_conserved	9.985E-01	9.766E-01	9.659E-01	81.100	90	90	91
AF-A0A1L6K5Z3-F1-model_v4_conserved	B2ZTD9_conserved	9.959E-01	9.740E-01	9.634E-01	77.700	90	90	91
AF-A0A1L6K5Z3-F1-model_v4_conserved	AF-A0A1L6K5Y5-F1-model_v4_conserved	9.928E-01	9.711E-01	9.711E-01	62.900	90	89	90
AF-A0A1L6K5Z3-F1-model_v4_conserved	A0A0D5ZZW5_conserved	9.952E-01	9.734E-01	9.628E-01	76.600	90	90	91
AF-A0A1L6K5Z3-F1-model_v4_conserved	B0FWK3_conserved	9.951E-01	9.733E-01	9.628E-01	76.600	90	90	91
AF-A0A1L6K5Z3-F1-model_v4_conserved	Q9F6Z8_conserved	9.950E-01	9.732E-01	9.627E-01	77.700	90	90	91
AF-A0A1L6K5Z3-F1-model_v4_conserved	G4WB26_conserved	9.951E-01	9.733E-01	9.627E-01	75.500	90	90	91
AF-A0A1L6K5Z3-F1-model_v4_conserved	Q8VLM7_conserved	9.950E-01	9.732E-01	9.626E-01	76.600	90	90	91
AF-A0A1L6K5Z3-F1-model_v4_conserved	A0A097J9I0_conserved	9.949E-01	9.731E-01	9.625E-01	76.600	90	90	91
AF-A0A1L6K5Z3-F1-model_v4_conserved	F8UQX1_conserved	9.947E-01	9.729E-01	9.623E-01	72.200	90	90	91
AF-A0A1L6K5Z3-F1-model_v4_conserved	Q53CM3_conserved	9.944E-01	9.726E-01	9.621E-01	74.400	90	90	91
AF-A0A1L6K5Z3-F1-model_v4_conserved	Q9AHY6_conserved	9.944E-01	9.726E-01	9.620E-01	75.500	90	90	91
AF-A0A1L6K5Z3-F1-model_v4_conserved	F5ANL2_conserved	9.943E-01	9.725E-01	9.620E-01	75.500	90	90	91
AF-A0A1L6K5Z3-F1-model_v4_conserved	A0A0H4IUK3_conserved	9.942E-01	9.724E-01	9.619E-01	77.700	90	90	91
AF-A0A1L6K5Z3-F1-model_v4_conserved	Q8GIW8_conserved	9.942E-01	9.724E-01	9.619E-01	75.500	90	90	91
AF-A0A1L6K5Z3-F1-model_v4_conserved	Q1A2Z1_conserved	9.941E-01	9.724E-01	9.618E-01	75.500	90	90	91
AF-A0A1L6K5Z3-F1-model_v4_conserved	Q7WYA8_conserved	9.940E-01	9.722E-01	9.617E-01	75.500	90	90	91
AF-A0A1L6K5Z3-F1-model_v4_conserved	A8QUY6_conserved	9.940E-01	9.722E-01	9.617E-01	74.400	90	90	91
AF-A0A1L6K5Z3-F1-model_v4_conserved	AF-A0A1B2F003-F1-model_v4_conserved	9.938E-01	9.720E-01	9.615E-01	73.300	90	90	91
AF-A0A1L6K5Z3-F1-model_v4_conserved	Q79MP6_conserved	9.937E-01	9.719E-01	9.614E-01	77.700	90	90	91
AF-A0A1L6K5Z3-F1-model_v4_conserved	A0A0S2MTX2_conserved	9.937E-01	9.719E-01	9.614E-01	75.500	90	90	91
AF-A0A1L6K5Z3-F1-model_v4_conserved	G9JKG5_conserved	9.937E-01	9.719E-01	9.614E-01	74.400	90	90	91
AF-A0A1L6K5Z3-F1-model_v4_conserved	S5WLJ9_conserved	9.935E-01	9.718E-01	9.612E-01	75.500	90	90	91
AF-A0A1L6K5Z3-F1-model_v4_conserved	Q70E85_conserved	9.934E-01	9.717E-01	9.612E-01	74.400	90	90	91
AF-A0A1L6K5Z3-F1-model_v4_conserved	I7CP04_conserved	9.933E-01	9.716E-01	9.610E-01	75.500	90	90	91
AF-A0A1L6K5Z3-F1-model_v4_conserved	ALI-1_conserved	9.939E-01	9.722E-01	9.617E-01	62.200	90	90	91
AF-A0A1L6K5Z3-F1-model_v4_conserved	K7SA42_conserved	9.924E-01	9.708E-01	9.603E-01	57.700	90	90	91
AF-A0A1L6K5Z3-F1-model_v4_conserved	ALI-2_conserved	9.920E-01	9.703E-01	9.599E-01	61.100	90	90	91
AF-A0A1L6K5Z3-F1-model_v4_conserved	A0A0C5L398_conserved	9.872E-01	9.658E-01	9.658E-01	53.900	90	89	90
AF-A0A1L6K5Z3-F1-model_v4_conserved	STA-1_conserved	9.895E-01	9.679E-01	9.575E-01	58.800	90	90	91
AF-A0A1L6K5Z3-F1-model_v4_conserved	AF-I0KEZ6-F1-model_v4_conserved	9.836E-01	9.623E-01	9.623E-01	53.900	90	89	90
AF-A0A1L6K5Z3-F1-model_v4_conserved	ORR-1_conserved	9.797E-01	9.583E-01	9.583E-01	54.400	90	90	90
AF-A0A1L6K5Z3-F1-model_v4_conserved	AF-A0A7T8ZCD9-F1-model_v4_conserved	9.792E-01	9.578E-01	9.578E-01	53.300	90	90	90
AF-A0A1L6K5Z3-F1-model_v4_conserved	AF-Q1DF71-F1-model_v4_conserved	9.847E-01	9.634E-01	9.530E-01	55.500	90	90	91
AF-A0A1L6K5Z3-F1-model_v4_conserved	AF-A0A3G5BD68-F1-model_v4_conserved	9.847E-01	9.633E-01	9.530E-01	54.400	90	90	91
AF-A0A1L6K5Z3-F1-model_v4_conserved	Q6SPY5_conserved	9.806E-01	9.594E-01	9.594E-01	61.700	90	89	90
AF-A0A1L6K5Z3-F1-model_v4_conserved	P14488_conserved	9.804E-01	9.592E-01	9.592E-01	62.900	90	89	90
AF-A0A1L6K5Z3-F1-model_v4_conserved	A0A3G3C0Q6_conserved	9.837E-01	9.624E-01	9.521E-01	54.400	90	90	91
AF-A0A1L6K5Z3-F1-model_v4_conserved	A0A1Z3FWF5_conserved	9.835E-01	9.622E-01	9.519E-01	54.400	90	90	91
AF-A0A1L6K5Z3-F1-model_v4_conserved	AF-A0A8E7DAJ6-F1-model_v6_conserved	9.835E-01	9.622E-01	9.519E-01	54.400	90	90	91
AF-A0A1L6K5Z3-F1-model_v4_conserved	A0A1P8C735_conserved	9.835E-01	9.622E-01	9.519E-01	54.400	90	90	91
AF-A0A1L6K5Z3-F1-model_v4_conserved	AF-G0L217-F1-model_v4_conserved	9.768E-01	9.556E-01	9.556E-01	50.000	90	90	90
AF-A0A1L6K5Z3-F1-model_v4_conserved	S5ZIP8_conserved	9.835E-01	9.622E-01	9.519E-01	54.400	90	90	91
AF-A0A1L6K5Z3-F1-model_v4_conserved	A0A0B5ECY2_conserved	9.834E-01	9.621E-01	9.517E-01	54.400	90	90	91
AF-A0A1L6K5Z3-F1-model_v4_conserved	A0A1P8VH15_conserved	9.833E-01	9.620E-01	9.517E-01	54.400	90	90	91
AF-A0A1L6K5Z3-F1-model_v4_conserved	AF-A0A4Y8LBX5-F1-model_v4_conserved	9.833E-01	9.620E-01	9.517E-01	65.500	90	90	91
AF-A0A1L6K5Z3-F1-model_v4_conserved	A0A2R4PHC7_conserved	9.791E-01	9.579E-01	9.579E-01	62.900	90	89	90
AF-A0A1L6K5Z3-F1-model_v4_conserved	ECV-1_conserved	9.758E-01	9.546E-01	9.546E-01	54.400	90	90	90
AF-A0A1L6K5Z3-F1-model_v4_conserved	ANA-1_conserved	9.821E-01	9.609E-01	9.506E-01	56.600	90	90	91
AF-A0A1L6K5Z3-F1-model_v4_conserved	Q8GKX2_conserved	9.779E-01	9.568E-01	9.568E-01	59.500	90	89	90
AF-A0A1L6K5Z3-F1-model_v4_conserved	AF-A0A6B7ELH8-F1-model_v4_conserved	9.751E-01	9.540E-01	9.540E-01	56.600	90	90	90
AF-A0A1L6K5Z3-F1-model_v4_conserved	Q840P9_conserved	9.779E-01	9.568E-01	9.568E-01	58.400	90	89	90
AF-A0A1L6K5Z3-F1-model_v4_conserved	Q2HY42_conserved	9.778E-01	9.567E-01	9.567E-01	59.500	90	89	90
AF-A0A1L6K5Z3-F1-model_v4_conserved	Q8RMB8_conserved	9.776E-01	9.565E-01	9.565E-01	51.600	90	89	90
AF-A0A1L6K5Z3-F1-model_v4_conserved	Q9XAY4_conserved	9.774E-01	9.563E-01	9.563E-01	58.400	90	89	90
AF-A0A1L6K5Z3-F1-model_v4_conserved	E5G503_conserved	9.770E-01	9.560E-01	9.560E-01	59.500	90	89	90
AF-A0A1L6K5Z3-F1-model_v4_conserved	Q3YBY0_conserved	9.769E-01	9.558E-01	9.558E-01	58.400	90	89	90
AF-A0A1L6K5Z3-F1-model_v4_conserved	Q8GPN1_conserved	9.762E-01	9.552E-01	9.552E-01	55.000	90	89	90
AF-A0A1L6K5Z3-F1-model_v4_conserved	BMHC-1_conserved	9.738E-01	9.527E-01	9.527E-01	52.200	90	90	90
AF-A0A1L6K5Z3-F1-model_v4_conserved	AF-A0A844TY23-F1-model_v4_conserved	9.759E-01	9.549E-01	9.549E-01	56.100	90	89	90
AF-A0A1L6K5Z3-F1-model_v4_conserved	I3RJZ3_conserved	9.754E-01	9.545E-01	9.545E-01	59.500	90	89	90
AF-A0A1L6K5Z3-F1-model_v4_conserved	AF-A0A191Z3S9-F1-model_v4_conserved	9.749E-01	9.539E-01	9.539E-01	50.500	90	89	90
AF-A0A1L6K5Z3-F1-model_v4_conserved	A0A0H3YDR5_conserved	9.748E-01	9.538E-01	9.538E-01	53.900	90	89	90
AF-A0A1L6K5Z3-F1-model_v4_conserved	B4YAJ7_conserved	9.750E-01	9.540E-01	9.540E-01	59.500	90	89	90
AF-A0A1L6K5Z3-F1-model_v4_conserved	Q8GPN2_conserved	9.742E-01	9.532E-01	9.532E-01	52.800	90	89	90
AF-A0A1L6K5Z3-F1-model_v4_conserved	AF-A0A0U3H0V9-F1-model_v4_conserved	9.658E-01	9.449E-01	9.553E-01	54.400	90	90	89
AF-A0A1L6K5Z3-F1-model_v4_conserved	Q9F629_conserved	9.738E-01	9.529E-01	9.529E-01	59.500	90	89	90
AF-A0A1L6K5Z3-F1-model_v4_conserved	A7WPA3_conserved	9.737E-01	9.528E-01	9.528E-01	59.500	90	89	90
AF-A0A1L6K5Z3-F1-model_v4_conserved	AF-A0A7U3MVS9-F1-model_v4_conserved	9.731E-01	9.522E-01	9.522E-01	55.000	90	89	90
AF-A0A1L6K5Z3-F1-model_v4_conserved	SPS-1_conserved	9.691E-01	9.484E-01	9.586E-01	57.300	90	89	89
AF-A0A1L6K5Z3-F1-model_v4_conserved	P25910_conserved	9.758E-01	9.548E-01	9.446E-01	58.800	90	90	91
AF-A0A1L6K5Z3-F1-model_v4_conserved	Q8G9Q0_conserved	9.694E-01	9.486E-01	9.486E-01	56.100	90	89	90
AF-A0A1L6K5Z3-F1-model_v4_conserved	Q9ETN2_conserved	9.676E-01	9.469E-01	9.469E-01	51.600	90	89	90
AF-A0A1L6K5Z3-F1-model_v4_conserved	A0A077EG89_conserved	9.674E-01	9.468E-01	9.468E-01	53.900	90	89	90
AF-A0A1L6K5Z3-F1-model_v4_conserved	Q08I33_conserved	9.661E-01	9.454E-01	9.454E-01	49.400	90	89	90
AF-A0A1L6K5Z3-F1-model_v4_conserved	AF-Q9RB01-F1-model_v4_conserved	9.670E-01	9.463E-01	9.463E-01	52.800	90	89	90
AF-A0A1L6K5Z3-F1-model_v4_conserved	Q9F921_conserved	9.658E-01	9.451E-01	9.451E-01	51.600	90	89	90
AF-A0A1L6K5Z3-F1-model_v4_conserved	A0A0N9HJI8_conserved	9.641E-01	9.434E-01	9.434E-01	51.600	90	89	90
AF-A0A1L6K5Z3-F1-model_v4_conserved	Q8VT48_conserved	9.649E-01	9.443E-01	9.443E-01	50.500	90	89	90
AF-A0A1L6K5Z3-F1-model_v4_conserved	E2GLP7_conserved	9.644E-01	9.438E-01	9.438E-01	50.500	90	89	90
AF-A0A1L6K5Z3-F1-model_v4_conserved	D2K7P0_conserved	9.641E-01	9.435E-01	9.435E-01	49.400	90	89	90
AF-A0A1L6K5Z3-F1-model_v4_conserved	Q9EU43_conserved	9.638E-01	9.432E-01	9.432E-01	50.500	90	89	90
AF-A0A1L6K5Z3-F1-model_v4_conserved	Q6JE29_conserved	9.633E-01	9.428E-01	9.428E-01	49.400	90	89	90
AF-A0A1L6K5Z3-F1-model_v4_conserved	Q9X482_conserved	9.631E-01	9.425E-01	9.425E-01	49.400	90	89	90
AF-A0A1L6K5Z3-F1-model_v4_conserved	Q8GQK7_conserved	9.611E-01	9.406E-01	9.406E-01	51.600	90	89	90
AF-A0A1L6K5Z3-F1-model_v4_conserved	D2KCJ9_conserved	9.595E-01	9.391E-01	9.391E-01	48.300	90	89	90
AF-A0A6B7ELH8-F1-model_v4_conserved	AF-A0A6B7ELH8-F1-model_v4_conserved	1.011E+00	1.000E+00	1.000E+00	100.000	90	90	90
AF-A0A6B7ELH8-F1-model_v4_conserved	BMHC-1_conserved	1.006E+00	9.950E-01	9.950E-01	86.600	90	90	90
AF-A0A6B7ELH8-F1-model_v4_conserved	AF-A0A7T8ZCD9-F1-model_v4_conserved	9.934E-01	9.825E-01	9.825E-01	76.600	90	90	90
AF-A0A6B7ELH8-F1-model_v4_conserved	AF-G0L217-F1-model_v4_conserved	1.003E+00	9.811E-01	9.811E-01	75.200	90	89	90
AF-A0A6B7ELH8-F1-model_v4_conserved	ECV-1_conserved	1.002E+00	9.796E-01	9.796E-01	74.100	90	89	90
AF-A0A6B7ELH8-F1-model_v4_conserved	AF-A0A0U3H0V9-F1-model_v4_conserved	9.953E-01	9.734E-01	9.842E-01	76.400	90	89	89
AF-A0A6B7ELH8-F1-model_v4_conserved	ORR-1_conserved	9.976E-01	9.757E-01	9.757E-01	77.500	90	89	90
AF-A0A6B7ELH8-F1-model_v4_conserved	Q53BU1_conserved	9.867E-01	9.653E-01	9.653E-01	61.100	90	90	90
AF-A0A6B7ELH8-F1-model_v4_conserved	AF-C5BSS3-F1-model_v4_conserved	9.895E-01	9.680E-01	9.575E-01	58.800	90	90	91
AF-A0A6B7ELH8-F1-model_v4_conserved	L0N4W6_conserved	9.894E-01	9.678E-01	9.574E-01	57.700	90	90	91
AF-A0A6B7ELH8-F1-model_v4_conserved	AF-Q1DF71-F1-model_v4_conserved	9.891E-01	9.675E-01	9.571E-01	52.200	90	90	91
AF-A0A6B7ELH8-F1-model_v4_conserved	Q704V1_conserved	9.880E-01	9.665E-01	9.561E-01	57.700	90	90	91
AF-A0A6B7ELH8-F1-model_v4_conserved	Q53BU0_conserved	9.836E-01	9.623E-01	9.623E-01	58.800	90	90	90
AF-A0A6B7ELH8-F1-model_v4_conserved	ANA-1_conserved	9.865E-01	9.650E-01	9.546E-01	50.000	90	90	91
AF-A0A6B7ELH8-F1-model_v4_conserved	AF-A0A7Y3W177-F1-model_v4_conserved	9.867E-01	9.653E-01	9.549E-01	54.400	90	90	91
AF-A0A6B7ELH8-F1-model_v4_conserved	SHD-1_conserved	9.863E-01	9.649E-01	9.546E-01	56.600	90	90	91
AF-A0A6B7ELH8-F1-model_v4_conserved	L7X1X1_conserved	9.862E-01	9.648E-01	9.545E-01	56.600	90	90	91
AF-A0A6B7ELH8-F1-model_v4_conserved	A0A650AXL4_conserved	9.838E-01	9.624E-01	9.521E-01	60.000	90	90	91
AF-A0A6B7ELH8-F1-model_v4_conserved	STA-1_conserved	9.832E-01	9.619E-01	9.516E-01	51.100	90	90	91
AF-A0A6B7ELH8-F1-model_v4_conserved	P25910_conserved	9.828E-01	9.616E-01	9.513E-01	62.200	90	90	91
AF-A0A6B7ELH8-F1-model_v4_conserved	AF-A0A6M4NN58-F1-model_v4_conserved	9.824E-01	9.611E-01	9.508E-01	58.800	90	90	91
AF-A0A6B7ELH8-F1-model_v4_conserved	AF-A0A1L6K5Z3-F1-model_v4_conserved	9.751E-01	9.540E-01	9.540E-01	56.600	90	90	90
AF-A0A6B7ELH8-F1-model_v4_conserved	AF-A0A3G5BD68-F1-model_v4_conserved	9.820E-01	9.608E-01	9.505E-01	43.300	90	90	91
AF-A0A6B7ELH8-F1-model_v4_conserved	AF-A0A4Y8LBX5-F1-model_v4_conserved	9.803E-01	9.591E-01	9.489E-01	65.500	90	90	91
AF-A0A6B7ELH8-F1-model_v4_conserved	K7SA42_conserved	9.805E-01	9.593E-01	9.491E-01	50.000	90	90	91
AF-A0A6B7ELH8-F1-model_v4_conserved	A0A1Z3FWF5_conserved	9.808E-01	9.597E-01	9.494E-01	45.500	90	90	91
AF-A0A6B7ELH8-F1-model_v4_conserved	A0A3G3C0Q6_conserved	9.807E-01	9.596E-01	9.493E-01	45.500	90	90	91
AF-A0A6B7ELH8-F1-model_v4_conserved	A0A1P8VH15_conserved	9.807E-01	9.595E-01	9.492E-01	45.500	90	90	91
AF-A0A6B7ELH8-F1-model_v4_conserved	AF-A0A8E7DAJ6-F1-model_v6_conserved	9.805E-01	9.593E-01	9.491E-01	44.400	90	90	91
AF-A0A6B7ELH8-F1-model_v4_conserved	A0A1P8C735_conserved	9.804E-01	9.592E-01	9.490E-01	44.400	90	90	91
AF-A0A6B7ELH8-F1-model_v4_conserved	AF-Q12JE6-F1-model_v4_conserved	9.801E-01	9.590E-01	9.487E-01	58.800	90	90	91
AF-A0A6B7ELH8-F1-model_v4_conserved	A0A0B5ECY2_conserved	9.803E-01	9.591E-01	9.489E-01	45.500	90	90	91
AF-A0A6B7ELH8-F1-model_v4_conserved	S5ZIP8_conserved	9.802E-01	9.591E-01	9.488E-01	45.500	90	90	91
AF-A0A6B7ELH8-F1-model_v4_conserved	SPS-1_conserved	9.678E-01	9.469E-01	9.572E-01	48.800	90	90	89
AF-A0A6B7ELH8-F1-model_v4_conserved	AF-A0A7U3MVS9-F1-model_v4_conserved	9.715E-01	9.505E-01	9.505E-01	51.100	90	90	90
AF-A0A6B7ELH8-F1-model_v4_conserved	A8R403_conserved	9.774E-01	9.563E-01	9.461E-01	60.000	90	90	91
AF-A0A6B7ELH8-F1-model_v4_conserved	A0A161H7D8_conserved	9.772E-01	9.562E-01	9.460E-01	57.700	90	90	91
AF-A0A6B7ELH8-F1-model_v4_conserved	A0A0D5ZZW5_conserved	9.752E-01	9.542E-01	9.441E-01	58.800	90	90	91
AF-A0A6B7ELH8-F1-model_v4_conserved	F8UQX1_conserved	9.753E-01	9.543E-01	9.442E-01	55.500	90	90	91
AF-A0A6B7ELH8-F1-model_v4_conserved	Q70E85_conserved	9.750E-01	9.540E-01	9.438E-01	58.800	90	90	91
AF-A0A6B7ELH8-F1-model_v4_conserved	AF-I0KEZ6-F1-model_v4_conserved	9.689E-01	9.480E-01	9.480E-01	52.200	90	90	90
AF-A0A6B7ELH8-F1-model_v4_conserved	G4WB26_conserved	9.746E-01	9.537E-01	9.435E-01	57.700	90	90	91
AF-A0A6B7ELH8-F1-model_v4_conserved	Q9AHY6_conserved	9.744E-01	9.535E-01	9.433E-01	57.700	90	90	91
AF-A0A6B7ELH8-F1-model_v4_conserved	B0FWK3_conserved	9.742E-01	9.533E-01	9.431E-01	56.600	90	90	91
AF-A0A6B7ELH8-F1-model_v4_conserved	Q53CM3_conserved	9.742E-01	9.532E-01	9.431E-01	56.600	90	90	91
AF-A0A6B7ELH8-F1-model_v4_conserved	Q9F6Z8_conserved	9.737E-01	9.527E-01	9.426E-01	58.800	90	90	91
AF-A0A6B7ELH8-F1-model_v4_conserved	AF-A0A1L6K5Y5-F1-model_v4_conserved	9.678E-01	9.469E-01	9.469E-01	53.300	90	90	90
AF-A0A6B7ELH8-F1-model_v4_conserved	Q8VLM7_conserved	9.736E-01	9.527E-01	9.425E-01	58.800	90	90	91
AF-A0A6B7ELH8-F1-model_v4_conserved	F5ANL2_conserved	9.734E-01	9.525E-01	9.424E-01	57.700	90	90	91
AF-A0A6B7ELH8-F1-model_v4_conserved	Q8GIW8_conserved	9.733E-01	9.524E-01	9.423E-01	57.700	90	90	91
AF-A0A6B7ELH8-F1-model_v4_conserved	ALI-1_conserved	9.708E-01	9.498E-01	9.397E-01	51.600	90	91	91
AF-A0A6B7ELH8-F1-model_v4_conserved	Q7WYA8_conserved	9.729E-01	9.520E-01	9.419E-01	57.700	90	90	91
AF-A0A6B7ELH8-F1-model_v4_conserved	Q79MP6_conserved	9.729E-01	9.520E-01	9.419E-01	58.800	90	90	91
AF-A0A6B7ELH8-F1-model_v4_conserved	I7CP04_conserved	9.729E-01	9.520E-01	9.419E-01	57.700	90	90	91
AF-A0A6B7ELH8-F1-model_v4_conserved	A8QUY6_conserved	9.728E-01	9.519E-01	9.418E-01	57.700	90	90	91
AF-A0A6B7ELH8-F1-model_v4_conserved	S5WLJ9_conserved	9.728E-01	9.519E-01	9.418E-01	57.700	90	90	91
AF-A0A6B7ELH8-F1-model_v4_conserved	Q1A2Z1_conserved	9.727E-01	9.518E-01	9.417E-01	57.700	90	90	91
AF-A0A6B7ELH8-F1-model_v4_conserved	B2ZTD9_conserved	9.726E-01	9.518E-01	9.416E-01	57.700	90	90	91
AF-A0A6B7ELH8-F1-model_v4_conserved	G9JKG5_conserved	9.726E-01	9.517E-01	9.416E-01	57.700	90	90	91
AF-A0A6B7ELH8-F1-model_v4_conserved	A0A0S2MTX2_conserved	9.725E-01	9.516E-01	9.415E-01	57.700	90	90	91
AF-A0A6B7ELH8-F1-model_v4_conserved	A0A097J9I0_conserved	9.710E-01	9.502E-01	9.401E-01	57.700	90	90	91
AF-A0A6B7ELH8-F1-model_v4_conserved	A0A0H4IUK3_conserved	9.708E-01	9.500E-01	9.399E-01	56.600	90	90	91
AF-A0A6B7ELH8-F1-model_v4_conserved	ALI-2_conserved	9.686E-01	9.477E-01	9.376E-01	46.100	90	91	91
AF-A0A6B7ELH8-F1-model_v4_conserved	A0A0C5L398_conserved	9.646E-01	9.438E-01	9.438E-01	46.600	90	90	90
AF-A0A6B7ELH8-F1-model_v4_conserved	Q840P9_conserved	9.640E-01	9.433E-01	9.433E-01	52.200	90	90	90
AF-A0A6B7ELH8-F1-model_v4_conserved	AF-A0A1B2F003-F1-model_v4_conserved	9.689E-01	9.482E-01	9.382E-01	56.600	90	90	91
AF-A0A6B7ELH8-F1-model_v4_conserved	Q8G9Q0_conserved	9.624E-01	9.417E-01	9.417E-01	46.600	90	90	90
AF-A0A6B7ELH8-F1-model_v4_conserved	Q8GKX2_conserved	9.615E-01	9.409E-01	9.409E-01	48.800	90	90	90
AF-A0A6B7ELH8-F1-model_v4_conserved	P14488_conserved	9.613E-01	9.407E-01	9.407E-01	56.600	90	90	90
AF-A0A6B7ELH8-F1-model_v4_conserved	A0A2R4PHC7_conserved	9.612E-01	9.406E-01	9.406E-01	48.800	90	90	90
AF-A0A6B7ELH8-F1-model_v4_conserved	Q2HY42_conserved	9.612E-01	9.406E-01	9.406E-01	50.000	90	90	90
AF-A0A6B7ELH8-F1-model_v4_conserved	Q8RMB8_conserved	9.605E-01	9.399E-01	9.399E-01	43.300	90	90	90
AF-A0A6B7ELH8-F1-model_v4_conserved	Q9XAY4_conserved	9.610E-01	9.404E-01	9.404E-01	50.000	90	90	90
AF-A0A6B7ELH8-F1-model_v4_conserved	E5G503_conserved	9.607E-01	9.401E-01	9.401E-01	48.800	90	90	90
AF-A0A6B7ELH8-F1-model_v4_conserved	Q3YBY0_conserved	9.605E-01	9.399E-01	9.399E-01	50.000	90	90	90
AF-A0A6B7ELH8-F1-model_v4_conserved	Q6SPY5_conserved	9.601E-01	9.396E-01	9.396E-01	54.400	90	90	90
AF-A0A6B7ELH8-F1-model_v4_conserved	I3RJZ3_conserved	9.599E-01	9.394E-01	9.394E-01	50.000	90	90	90
AF-A0A6B7ELH8-F1-model_v4_conserved	B4YAJ7_conserved	9.596E-01	9.391E-01	9.391E-01	50.000	90	90	90
AF-A0A6B7ELH8-F1-model_v4_conserved	Q9F629_conserved	9.595E-01	9.390E-01	9.390E-01	50.000	90	90	90
AF-A0A6B7ELH8-F1-model_v4_conserved	A7WPA3_conserved	9.591E-01	9.386E-01	9.386E-01	50.000	90	90	90
AF-A0A6B7ELH8-F1-model_v4_conserved	AF-A0A844TY23-F1-model_v4_conserved	9.548E-01	9.344E-01	9.344E-01	56.600	90	90	90
AF-A0A6B7ELH8-F1-model_v4_conserved	A0A0H3YDR5_conserved	9.546E-01	9.342E-01	9.342E-01	54.400	90	90	90
AF-A0A6B7ELH8-F1-model_v4_conserved	Q8GPN2_conserved	9.542E-01	9.338E-01	9.338E-01	54.400	90	90	90
AF-A0A6B7ELH8-F1-model_v4_conserved	Q8GPN1_conserved	9.541E-01	9.337E-01	9.337E-01	56.600	90	90	90
AF-A0A6B7ELH8-F1-model_v4_conserved	AF-A0A191Z3S9-F1-model_v4_conserved	9.530E-01	9.327E-01	9.327E-01	54.400	90	90	90
AF-A0A6B7ELH8-F1-model_v4_conserved	A0A077EG89_conserved	9.430E-01	9.231E-01	9.231E-01	46.600	90	90	90
AF-A0A6B7ELH8-F1-model_v4_conserved	AF-Q9RB01-F1-model_v4_conserved	9.428E-01	9.229E-01	9.229E-01	46.600	90	90	90
AF-A0A6B7ELH8-F1-model_v4_conserved	Q9ETN2_conserved	9.367E-01	9.170E-01	9.170E-01	50.000	90	90	90
AF-A0A6B7ELH8-F1-model_v4_conserved	A0A0N9HJI8_conserved	9.360E-01	9.163E-01	9.163E-01	48.800	90	90	90
AF-A0A6B7ELH8-F1-model_v4_conserved	Q08I33_conserved	9.362E-01	9.165E-01	9.165E-01	48.800	90	90	90
AF-A0A6B7ELH8-F1-model_v4_conserved	D2K7P0_conserved	9.333E-01	9.137E-01	9.137E-01	48.800	90	90	90
AF-A0A6B7ELH8-F1-model_v4_conserved	Q8VT48_conserved	9.327E-01	9.132E-01	9.132E-01	48.800	90	90	90
AF-A0A6B7ELH8-F1-model_v4_conserved	D2KCJ9_conserved	9.318E-01	9.123E-01	9.123E-01	50.000	90	90	90
AF-A0A6B7ELH8-F1-model_v4_conserved	Q9F921_conserved	9.314E-01	9.119E-01	9.119E-01	50.000	90	90	90
AF-A0A6B7ELH8-F1-model_v4_conserved	E2GLP7_conserved	9.313E-01	9.118E-01	9.118E-01	50.000	90	90	90
AF-A0A6B7ELH8-F1-model_v4_conserved	Q8GQK7_conserved	9.300E-01	9.105E-01	9.105E-01	48.800	90	90	90
AF-A0A6B7ELH8-F1-model_v4_conserved	Q9EU43_conserved	9.305E-01	9.110E-01	9.110E-01	50.000	90	90	90
AF-A0A6B7ELH8-F1-model_v4_conserved	Q6JE29_conserved	9.300E-01	9.106E-01	9.106E-01	48.800	90	90	90
AF-A0A6B7ELH8-F1-model_v4_conserved	Q9X482_conserved	9.298E-01	9.104E-01	9.104E-01	48.800	90	90	90
AF-A0A7U3MVS9-F1-model_v4_conserved	AF-A0A7U3MVS9-F1-model_v4_conserved	1.011E+00	1.000E+00	1.000E+00	100.000	90	90	90
AF-A0A7U3MVS9-F1-model_v4_conserved	Q8G9Q0_conserved	9.917E-01	9.700E-01	9.700E-01	74.100	90	89	90
AF-A0A7U3MVS9-F1-model_v4_conserved	ANA-1_conserved	9.830E-01	9.617E-01	9.514E-01	43.300	90	90	91
AF-A0A7U3MVS9-F1-model_v4_conserved	SPS-1_conserved	9.731E-01	9.522E-01	9.625E-01	50.500	90	89	89
AF-A0A7U3MVS9-F1-model_v4_conserved	Q53BU1_conserved	9.762E-01	9.552E-01	9.552E-01	52.200	90	90	90
AF-A0A7U3MVS9-F1-model_v4_conserved	AF-A0A6B7ELH8-F1-model_v4_conserved	9.715E-01	9.505E-01	9.505E-01	51.100	90	90	90
AF-A0A7U3MVS9-F1-model_v4_conserved	AF-I0KEZ6-F1-model_v4_conserved	9.747E-01	9.538E-01	9.538E-01	46.000	90	89	90
AF-A0A7U3MVS9-F1-model_v4_conserved	ECV-1_conserved	9.714E-01	9.504E-01	9.504E-01	47.700	90	90	90
AF-A0A7U3MVS9-F1-model_v4_conserved	AF-A0A7T8ZCD9-F1-model_v4_conserved	9.711E-01	9.501E-01	9.501E-01	52.200	90	90	90
AF-A0A7U3MVS9-F1-model_v4_conserved	A0A2R4PHC7_conserved	9.739E-01	9.530E-01	9.530E-01	50.500	90	89	90
AF-A0A7U3MVS9-F1-model_v4_conserved	BMHC-1_conserved	9.709E-01	9.499E-01	9.499E-01	46.600	90	90	90
AF-A0A7U3MVS9-F1-model_v4_conserved	AF-A0A1L6K5Z3-F1-model_v4_conserved	9.731E-01	9.522E-01	9.522E-01	55.000	90	89	90
AF-A0A7U3MVS9-F1-model_v4_conserved	A0A0C5L398_conserved	9.734E-01	9.526E-01	9.526E-01	49.400	90	89	90
AF-A0A7U3MVS9-F1-model_v4_conserved	Q840P9_conserved	9.729E-01	9.520E-01	9.520E-01	47.100	90	89	90
AF-A0A7U3MVS9-F1-model_v4_conserved	Q2HY42_conserved	9.719E-01	9.511E-01	9.511E-01	48.300	90	89	90
AF-A0A7U3MVS9-F1-model_v4_conserved	Q8GKX2_conserved	9.719E-01	9.511E-01	9.511E-01	49.400	90	89	90
AF-A0A7U3MVS9-F1-model_v4_conserved	AF-G0L217-F1-model_v4_conserved	9.686E-01	9.477E-01	9.477E-01	48.800	90	90	90
AF-A0A7U3MVS9-F1-model_v4_conserved	Q9XAY4_conserved	9.716E-01	9.508E-01	9.508E-01	49.400	90	89	90
AF-A0A7U3MVS9-F1-model_v4_conserved	E5G503_conserved	9.714E-01	9.506E-01	9.506E-01	49.400	90	89	90
AF-A0A7U3MVS9-F1-model_v4_conserved	Q3YBY0_conserved	9.711E-01	9.503E-01	9.503E-01	49.400	90	89	90
AF-A0A7U3MVS9-F1-model_v4_conserved	Q53BU0_conserved	9.709E-01	9.502E-01	9.502E-01	53.300	90	90	90
AF-A0A7U3MVS9-F1-model_v4_conserved	AF-A0A7Y3W177-F1-model_v4_conserved	9.743E-01	9.534E-01	9.432E-01	54.400	90	90	91
AF-A0A7U3MVS9-F1-model_v4_conserved	Q8RMB8_conserved	9.706E-01	9.498E-01	9.498E-01	43.800	90	89	90
AF-A0A7U3MVS9-F1-model_v4_conserved	AF-C5BSS3-F1-model_v4_conserved	9.734E-01	9.525E-01	9.424E-01	55.500	90	90	91
AF-A0A7U3MVS9-F1-model_v4_conserved	I3RJZ3_conserved	9.696E-01	9.489E-01	9.489E-01	50.500	90	89	90
AF-A0A7U3MVS9-F1-model_v4_conserved	P25910_conserved	9.732E-01	9.523E-01	9.422E-01	43.300	90	90	91
AF-A0A7U3MVS9-F1-model_v4_conserved	AF-A0A0U3H0V9-F1-model_v4_conserved	9.609E-01	9.402E-01	9.505E-01	48.800	90	90	89
AF-A0A7U3MVS9-F1-model_v4_conserved	L0N4W6_conserved	9.723E-01	9.515E-01	9.414E-01	55.500	90	90	91
AF-A0A7U3MVS9-F1-model_v4_conserved	K7SA42_conserved	9.728E-01	9.520E-01	9.419E-01	47.700	90	90	91
AF-A0A7U3MVS9-F1-model_v4_conserved	Q704V1_conserved	9.722E-01	9.513E-01	9.412E-01	51.100	90	90	91
AF-A0A7U3MVS9-F1-model_v4_conserved	B4YAJ7_conserved	9.687E-01	9.480E-01	9.480E-01	50.500	90	89	90
AF-A0A7U3MVS9-F1-model_v4_conserved	AF-A0A1L6K5Y5-F1-model_v4_conserved	9.688E-01	9.481E-01	9.481E-01	48.300	90	89	90
AF-A0A7U3MVS9-F1-model_v4_conserved	SHD-1_conserved	9.716E-01	9.508E-01	9.407E-01	54.400	90	90	91
AF-A0A7U3MVS9-F1-model_v4_conserved	Q9F629_conserved	9.683E-01	9.476E-01	9.476E-01	50.500	90	89	90
AF-A0A7U3MVS9-F1-model_v4_conserved	A7WPA3_conserved	9.678E-01	9.471E-01	9.471E-01	50.500	90	89	90
AF-A0A7U3MVS9-F1-model_v4_conserved	L7X1X1_conserved	9.710E-01	9.502E-01	9.401E-01	54.400	90	90	91
AF-A0A7U3MVS9-F1-model_v4_conserved	ALI-1_conserved	9.704E-01	9.496E-01	9.396E-01	52.200	90	90	91
AF-A0A7U3MVS9-F1-model_v4_conserved	ORR-1_conserved	9.643E-01	9.436E-01	9.436E-01	51.100	90	90	90
AF-A0A7U3MVS9-F1-model_v4_conserved	P14488_conserved	9.666E-01	9.460E-01	9.460E-01	50.500	90	89	90
AF-A0A7U3MVS9-F1-model_v4_conserved	AF-A0A6M4NN58-F1-model_v4_conserved	9.699E-01	9.492E-01	9.391E-01	48.800	90	90	91
AF-A0A7U3MVS9-F1-model_v4_conserved	STA-1_conserved	9.700E-01	9.493E-01	9.392E-01	47.700	90	90	91
AF-A0A7U3MVS9-F1-model_v4_conserved	Q6SPY5_conserved	9.652E-01	9.447E-01	9.447E-01	49.400	90	89	90
AF-A0A7U3MVS9-F1-model_v4_conserved	AF-Q9RB01-F1-model_v4_conserved	9.649E-01	9.443E-01	9.443E-01	49.400	90	89	90
AF-A0A7U3MVS9-F1-model_v4_conserved	A0A077EG89_conserved	9.649E-01	9.444E-01	9.444E-01	48.300	90	89	90
AF-A0A7U3MVS9-F1-model_v4_conserved	A0A650AXL4_conserved	9.683E-01	9.476E-01	9.376E-01	51.100	90	90	91
AF-A0A7U3MVS9-F1-model_v4_conserved	ALI-2_conserved	9.679E-01	9.472E-01	9.372E-01	53.300	90	90	91
AF-A0A7U3MVS9-F1-model_v4_conserved	AF-Q1DF71-F1-model_v4_conserved	9.680E-01	9.473E-01	9.373E-01	46.600	90	90	91
AF-A0A7U3MVS9-F1-model_v4_conserved	AF-A0A844TY23-F1-model_v4_conserved	9.639E-01	9.434E-01	9.434E-01	52.800	90	89	90
AF-A0A7U3MVS9-F1-model_v4_conserved	A8R403_conserved	9.667E-01	9.460E-01	9.360E-01	52.200	90	90	91
AF-A0A7U3MVS9-F1-model_v4_conserved	AF-Q12JE6-F1-model_v4_conserved	9.669E-01	9.463E-01	9.363E-01	47.700	90	90	91
AF-A0A7U3MVS9-F1-model_v4_conserved	A0A3G3C0Q6_conserved	9.671E-01	9.465E-01	9.365E-01	38.800	90	90	91
AF-A0A7U3MVS9-F1-model_v4_conserved	AF-A0A191Z3S9-F1-model_v4_conserved	9.629E-01	9.424E-01	9.424E-01	52.800	90	89	90
AF-A0A7U3MVS9-F1-model_v4_conserved	Q8GPN1_conserved	9.630E-01	9.425E-01	9.425E-01	50.500	90	89	90
AF-A0A7U3MVS9-F1-model_v4_conserved	A0A1Z3FWF5_conserved	9.668E-01	9.462E-01	9.362E-01	38.800	90	90	91
AF-A0A7U3MVS9-F1-model_v4_conserved	A0A1P8VH15_conserved	9.667E-01	9.461E-01	9.361E-01	38.800	90	90	91
AF-A0A7U3MVS9-F1-model_v4_conserved	A0A1P8C735_conserved	9.667E-01	9.461E-01	9.361E-01	38.800	90	90	91
AF-A0A7U3MVS9-F1-model_v4_conserved	AF-A0A8E7DAJ6-F1-model_v6_conserved	9.665E-01	9.459E-01	9.360E-01	38.800	90	90	91
AF-A0A7U3MVS9-F1-model_v4_conserved	A0A0B5ECY2_conserved	9.665E-01	9.459E-01	9.359E-01	38.800	90	90	91
AF-A0A7U3MVS9-F1-model_v4_conserved	AF-A0A3G5BD68-F1-model_v4_conserved	9.665E-01	9.459E-01	9.359E-01	37.700	90	90	91
AF-A0A7U3MVS9-F1-model_v4_conserved	S5ZIP8_conserved	9.664E-01	9.458E-01	9.359E-01	38.800	90	90	91
AF-A0A7U3MVS9-F1-model_v4_conserved	A0A161H7D8_conserved	9.649E-01	9.443E-01	9.343E-01	52.200	90	90	91
AF-A0A7U3MVS9-F1-model_v4_conserved	Q8GPN2_conserved	9.615E-01	9.411E-01	9.411E-01	50.500	90	89	90
AF-A0A7U3MVS9-F1-model_v4_conserved	A0A0H3YDR5_conserved	9.613E-01	9.409E-01	9.409E-01	49.400	90	89	90
AF-A0A7U3MVS9-F1-model_v4_conserved	AF-A0A4Y8LBX5-F1-model_v4_conserved	9.652E-01	9.447E-01	9.347E-01	46.600	90	90	91
AF-A0A7U3MVS9-F1-model_v4_conserved	F8UQX1_conserved	9.591E-01	9.387E-01	9.289E-01	47.700	90	90	91
AF-A0A7U3MVS9-F1-model_v4_conserved	Q70E85_conserved	9.587E-01	9.383E-01	9.285E-01	44.400	90	90	91
AF-A0A7U3MVS9-F1-model_v4_conserved	A0A0D5ZZW5_conserved	9.585E-01	9.382E-01	9.283E-01	48.800	90	90	91
AF-A0A7U3MVS9-F1-model_v4_conserved	G4WB26_conserved	9.580E-01	9.377E-01	9.279E-01	47.700	90	90	91
AF-A0A7U3MVS9-F1-model_v4_conserved	S5WLJ9_conserved	9.577E-01	9.373E-01	9.275E-01	47.700	90	90	91
AF-A0A7U3MVS9-F1-model_v4_conserved	I7CP04_conserved	9.577E-01	9.373E-01	9.275E-01	47.700	90	90	91
AF-A0A7U3MVS9-F1-model_v4_conserved	B0FWK3_conserved	9.575E-01	9.372E-01	9.274E-01	45.500	90	90	91
AF-A0A7U3MVS9-F1-model_v4_conserved	Q8GIW8_conserved	9.574E-01	9.371E-01	9.272E-01	46.600	90	90	91
AF-A0A7U3MVS9-F1-model_v4_conserved	Q9AHY6_conserved	9.575E-01	9.372E-01	9.274E-01	47.700	90	90	91
AF-A0A7U3MVS9-F1-model_v4_conserved	Q9F6Z8_conserved	9.574E-01	9.371E-01	9.273E-01	46.600	90	90	91
AF-A0A7U3MVS9-F1-model_v4_conserved	A0A097J9I0_conserved	9.574E-01	9.370E-01	9.272E-01	46.600	90	90	91
AF-A0A7U3MVS9-F1-model_v4_conserved	Q53CM3_conserved	9.572E-01	9.369E-01	9.271E-01	45.500	90	90	91
AF-A0A7U3MVS9-F1-model_v4_conserved	A0A0H4IUK3_conserved	9.569E-01	9.366E-01	9.268E-01	45.500	90	90	91
AF-A0A7U3MVS9-F1-model_v4_conserved	F5ANL2_conserved	9.568E-01	9.365E-01	9.267E-01	46.600	90	90	91
AF-A0A7U3MVS9-F1-model_v4_conserved	B2ZTD9_conserved	9.568E-01	9.365E-01	9.267E-01	47.700	90	90	91
AF-A0A7U3MVS9-F1-model_v4_conserved	A8QUY6_conserved	9.565E-01	9.362E-01	9.264E-01	45.500	90	90	91
AF-A0A7U3MVS9-F1-model_v4_conserved	Q1A2Z1_conserved	9.564E-01	9.361E-01	9.263E-01	45.500	90	90	91
AF-A0A7U3MVS9-F1-model_v4_conserved	Q8VLM7_conserved	9.564E-01	9.361E-01	9.263E-01	45.500	90	90	91
AF-A0A7U3MVS9-F1-model_v4_conserved	Q79MP6_conserved	9.563E-01	9.361E-01	9.262E-01	46.600	90	90	91
AF-A0A7U3MVS9-F1-model_v4_conserved	A0A0S2MTX2_conserved	9.562E-01	9.359E-01	9.261E-01	45.500	90	90	91
AF-A0A7U3MVS9-F1-model_v4_conserved	Q7WYA8_conserved	9.560E-01	9.357E-01	9.259E-01	46.600	90	90	91
AF-A0A7U3MVS9-F1-model_v4_conserved	G9JKG5_conserved	9.555E-01	9.352E-01	9.254E-01	45.500	90	90	91
AF-A0A7U3MVS9-F1-model_v4_conserved	AF-A0A1B2F003-F1-model_v4_conserved	9.521E-01	9.320E-01	9.223E-01	51.100	90	90	91
AF-A0A7U3MVS9-F1-model_v4_conserved	A0A0N9HJI8_conserved	9.427E-01	9.229E-01	9.229E-01	42.600	90	89	90
AF-A0A7U3MVS9-F1-model_v4_conserved	Q9ETN2_conserved	9.417E-01	9.220E-01	9.220E-01	47.100	90	89	90
AF-A0A7U3MVS9-F1-model_v4_conserved	Q08I33_conserved	9.414E-01	9.217E-01	9.217E-01	44.900	90	89	90
AF-A0A7U3MVS9-F1-model_v4_conserved	E2GLP7_conserved	9.399E-01	9.203E-01	9.203E-01	46.000	90	89	90
AF-A0A7U3MVS9-F1-model_v4_conserved	D2K7P0_conserved	9.399E-01	9.202E-01	9.202E-01	44.900	90	89	90
AF-A0A7U3MVS9-F1-model_v4_conserved	Q9EU43_conserved	9.393E-01	9.197E-01	9.197E-01	46.000	90	89	90
AF-A0A7U3MVS9-F1-model_v4_conserved	D2KCJ9_conserved	9.388E-01	9.192E-01	9.192E-01	43.800	90	89	90
AF-A0A7U3MVS9-F1-model_v4_conserved	Q6JE29_conserved	9.390E-01	9.194E-01	9.194E-01	44.900	90	89	90
AF-A0A7U3MVS9-F1-model_v4_conserved	Q9X482_conserved	9.390E-01	9.194E-01	9.194E-01	44.900	90	89	90
AF-A0A7U3MVS9-F1-model_v4_conserved	Q8VT48_conserved	9.390E-01	9.194E-01	9.194E-01	44.900	90	89	90
AF-A0A7U3MVS9-F1-model_v4_conserved	Q8GQK7_conserved	9.382E-01	9.186E-01	9.186E-01	42.600	90	89	90
AF-A0A7U3MVS9-F1-model_v4_conserved	Q9F921_conserved	9.381E-01	9.185E-01	9.185E-01	48.300	90	89	90
AF-G0L217-F1-model_v4_conserved	AF-G0L217-F1-model_v4_conserved	1.011E+00	1.000E+00	1.000E+00	100.000	90	90	90
AF-G0L217-F1-model_v4_conserved	BMHC-1_conserved	1.006E+00	9.833E-01	9.833E-01	74.100	90	89	90
AF-G0L217-F1-model_v4_conserved	AF-A0A6B7ELH8-F1-model_v4_conserved	1.003E+00	9.811E-01	9.811E-01	75.200	90	89	90
AF-G0L217-F1-model_v4_conserved	ECV-1_conserved	1.003E+00	9.810E-01	9.810E-01	76.400	90	89	90
AF-G0L217-F1-model_v4_conserved	AF-A0A7T8ZCD9-F1-model_v4_conserved	1.002E+00	9.797E-01	9.797E-01	76.400	90	89	90
AF-G0L217-F1-model_v4_conserved	AF-A0A0U3H0V9-F1-model_v4_conserved	9.914E-01	9.696E-01	9.804E-01	71.900	90	89	89
AF-G0L217-F1-model_v4_conserved	ORR-1_conserved	9.919E-01	9.702E-01	9.702E-01	68.500	90	89	90
AF-G0L217-F1-model_v4_conserved	AF-Q1DF71-F1-model_v4_conserved	9.929E-01	9.712E-01	9.607E-01	51.100	90	90	91
AF-G0L217-F1-model_v4_conserved	Q53BU1_conserved	9.887E-01	9.672E-01	9.672E-01	55.500	90	90	90
AF-G0L217-F1-model_v4_conserved	AF-C5BSS3-F1-model_v4_conserved	9.916E-01	9.700E-01	9.595E-01	54.400	90	90	91
AF-G0L217-F1-model_v4_conserved	ANA-1_conserved	9.913E-01	9.696E-01	9.592E-01	45.500	90	90	91
AF-G0L217-F1-model_v4_conserved	L0N4W6_conserved	9.908E-01	9.692E-01	9.588E-01	54.400	90	90	91
AF-G0L217-F1-model_v4_conserved	P25910_conserved	9.904E-01	9.689E-01	9.584E-01	56.600	90	90	91
AF-G0L217-F1-model_v4_conserved	Q53BU0_conserved	9.866E-01	9.652E-01	9.652E-01	53.300	90	90	90
AF-G0L217-F1-model_v4_conserved	L7X1X1_conserved	9.880E-01	9.665E-01	9.561E-01	55.500	90	90	91
AF-G0L217-F1-model_v4_conserved	Q704V1_conserved	9.875E-01	9.660E-01	9.556E-01	54.400	90	90	91
AF-G0L217-F1-model_v4_conserved	STA-1_conserved	9.877E-01	9.662E-01	9.559E-01	45.500	90	90	91
AF-G0L217-F1-model_v4_conserved	SHD-1_conserved	9.877E-01	9.662E-01	9.559E-01	54.400	90	90	91
AF-G0L217-F1-model_v4_conserved	AF-A0A7Y3W177-F1-model_v4_conserved	9.873E-01	9.659E-01	9.555E-01	55.500	90	90	91
AF-G0L217-F1-model_v4_conserved	AF-Q12JE6-F1-model_v4_conserved	9.861E-01	9.647E-01	9.544E-01	53.300	90	90	91
AF-G0L217-F1-model_v4_conserved	AF-A0A4Y8LBX5-F1-model_v4_conserved	9.849E-01	9.635E-01	9.532E-01	57.700	90	90	91
AF-G0L217-F1-model_v4_conserved	AF-A0A1L6K5Z3-F1-model_v4_conserved	9.768E-01	9.556E-01	9.556E-01	50.000	90	90	90
AF-G0L217-F1-model_v4_conserved	A0A650AXL4_conserved	9.833E-01	9.620E-01	9.517E-01	55.500	90	90	91
AF-G0L217-F1-model_v4_conserved	AF-A0A6M4NN58-F1-model_v4_conserved	9.833E-01	9.620E-01	9.517E-01	54.400	90	90	91
AF-G0L217-F1-model_v4_conserved	K7SA42_conserved	9.826E-01	9.614E-01	9.510E-01	45.500	90	90	91
AF-G0L217-F1-model_v4_conserved	SPS-1_conserved	9.711E-01	9.500E-01	9.604E-01	45.500	90	90	89
AF-G0L217-F1-model_v4_conserved	AF-A0A3G5BD68-F1-model_v4_conserved	9.807E-01	9.595E-01	9.493E-01	40.000	90	90	91
AF-G0L217-F1-model_v4_conserved	AF-A0A1L6K5Y5-F1-model_v4_conserved	9.738E-01	9.527E-01	9.527E-01	51.100	90	90	90
AF-G0L217-F1-model_v4_conserved	A0A1Z3FWF5_conserved	9.793E-01	9.582E-01	9.479E-01	41.100	90	90	91
AF-G0L217-F1-model_v4_conserved	A0A3G3C0Q6_conserved	9.792E-01	9.580E-01	9.478E-01	41.100	90	90	91
AF-G0L217-F1-model_v4_conserved	AF-A0A8E7DAJ6-F1-model_v6_conserved	9.791E-01	9.579E-01	9.477E-01	40.000	90	90	91
AF-G0L217-F1-model_v4_conserved	A0A1P8C735_conserved	9.790E-01	9.579E-01	9.477E-01	40.000	90	90	91
AF-G0L217-F1-model_v4_conserved	A0A1P8VH15_conserved	9.789E-01	9.578E-01	9.476E-01	41.100	90	90	91
AF-G0L217-F1-model_v4_conserved	A0A0B5ECY2_conserved	9.788E-01	9.577E-01	9.475E-01	41.100	90	90	91
AF-G0L217-F1-model_v4_conserved	S5ZIP8_conserved	9.786E-01	9.575E-01	9.473E-01	41.100	90	90	91
AF-G0L217-F1-model_v4_conserved	A8R403_conserved	9.778E-01	9.567E-01	9.465E-01	53.300	90	90	91
AF-G0L217-F1-model_v4_conserved	AF-I0KEZ6-F1-model_v4_conserved	9.708E-01	9.498E-01	9.498E-01	45.500	90	90	90
AF-G0L217-F1-model_v4_conserved	F8UQX1_conserved	9.772E-01	9.561E-01	9.459E-01	52.200	90	90	91
AF-G0L217-F1-model_v4_conserved	A0A161H7D8_conserved	9.771E-01	9.560E-01	9.458E-01	52.200	90	90	91
AF-G0L217-F1-model_v4_conserved	Q70E85_conserved	9.765E-01	9.554E-01	9.453E-01	53.300	90	90	91
AF-G0L217-F1-model_v4_conserved	ALI-1_conserved	9.741E-01	9.530E-01	9.428E-01	48.300	90	91	91
AF-G0L217-F1-model_v4_conserved	A0A0D5ZZW5_conserved	9.759E-01	9.549E-01	9.447E-01	54.400	90	90	91
AF-G0L217-F1-model_v4_conserved	Q8GIW8_conserved	9.757E-01	9.547E-01	9.445E-01	54.400	90	90	91
AF-G0L217-F1-model_v4_conserved	B2ZTD9_conserved	9.753E-01	9.543E-01	9.441E-01	53.300	90	90	91
AF-G0L217-F1-model_v4_conserved	G4WB26_conserved	9.753E-01	9.543E-01	9.441E-01	53.300	90	90	91
AF-G0L217-F1-model_v4_conserved	Q9AHY6_conserved	9.750E-01	9.540E-01	9.439E-01	53.300	90	90	91
AF-G0L217-F1-model_v4_conserved	Q7WYA8_conserved	9.750E-01	9.540E-01	9.439E-01	52.200	90	90	91
AF-G0L217-F1-model_v4_conserved	Q53CM3_conserved	9.749E-01	9.539E-01	9.437E-01	52.200	90	90	91
AF-G0L217-F1-model_v4_conserved	ALI-2_conserved	9.724E-01	9.514E-01	9.412E-01	46.100	90	91	91
AF-G0L217-F1-model_v4_conserved	B0FWK3_conserved	9.747E-01	9.537E-01	9.435E-01	52.200	90	90	91
AF-G0L217-F1-model_v4_conserved	S5WLJ9_conserved	9.746E-01	9.537E-01	9.435E-01	52.200	90	90	91
AF-G0L217-F1-model_v4_conserved	AF-A0A7U3MVS9-F1-model_v4_conserved	9.686E-01	9.477E-01	9.477E-01	48.800	90	90	90
AF-G0L217-F1-model_v4_conserved	P14488_conserved	9.682E-01	9.473E-01	9.473E-01	50.000	90	90	90
AF-G0L217-F1-model_v4_conserved	Q9F6Z8_conserved	9.745E-01	9.536E-01	9.434E-01	53.300	90	90	91
AF-G0L217-F1-model_v4_conserved	I7CP04_conserved	9.744E-01	9.535E-01	9.433E-01	52.200	90	90	91
AF-G0L217-F1-model_v4_conserved	Q1A2Z1_conserved	9.744E-01	9.535E-01	9.433E-01	53.300	90	90	91
AF-G0L217-F1-model_v4_conserved	G9JKG5_conserved	9.744E-01	9.535E-01	9.433E-01	52.200	90	90	91
AF-G0L217-F1-model_v4_conserved	A8QUY6_conserved	9.743E-01	9.533E-01	9.432E-01	52.200	90	90	91
AF-G0L217-F1-model_v4_conserved	Q8VLM7_conserved	9.742E-01	9.532E-01	9.431E-01	53.300	90	90	91
AF-G0L217-F1-model_v4_conserved	Q6SPY5_conserved	9.678E-01	9.469E-01	9.469E-01	52.200	90	90	90
AF-G0L217-F1-model_v4_conserved	F5ANL2_conserved	9.741E-01	9.531E-01	9.430E-01	53.300	90	90	91
AF-G0L217-F1-model_v4_conserved	Q79MP6_conserved	9.740E-01	9.531E-01	9.429E-01	53.300	90	90	91
AF-G0L217-F1-model_v4_conserved	A0A0S2MTX2_conserved	9.729E-01	9.520E-01	9.419E-01	52.200	90	90	91
AF-G0L217-F1-model_v4_conserved	A0A0C5L398_conserved	9.663E-01	9.455E-01	9.455E-01	43.300	90	90	90
AF-G0L217-F1-model_v4_conserved	A0A2R4PHC7_conserved	9.656E-01	9.448E-01	9.448E-01	46.600	90	90	90
AF-G0L217-F1-model_v4_conserved	A0A097J9I0_conserved	9.714E-01	9.505E-01	9.404E-01	51.100	90	90	91
AF-G0L217-F1-model_v4_conserved	A0A0H4IUK3_conserved	9.715E-01	9.507E-01	9.406E-01	50.000	90	90	91
AF-G0L217-F1-model_v4_conserved	AF-A0A1B2F003-F1-model_v4_conserved	9.691E-01	9.484E-01	9.383E-01	52.200	90	90	91
AF-G0L217-F1-model_v4_conserved	Q8G9Q0_conserved	9.624E-01	9.417E-01	9.417E-01	45.500	90	90	90
AF-G0L217-F1-model_v4_conserved	Q840P9_conserved	9.618E-01	9.412E-01	9.412E-01	53.300	90	90	90
AF-G0L217-F1-model_v4_conserved	Q8RMB8_conserved	9.614E-01	9.408E-01	9.408E-01	41.100	90	90	90
AF-G0L217-F1-model_v4_conserved	A0A0H3YDR5_conserved	9.600E-01	9.394E-01	9.394E-01	45.500	90	90	90
AF-G0L217-F1-model_v4_conserved	Q8GPN2_conserved	9.595E-01	9.389E-01	9.389E-01	44.400	90	90	90
AF-G0L217-F1-model_v4_conserved	AF-A0A844TY23-F1-model_v4_conserved	9.595E-01	9.390E-01	9.390E-01	47.700	90	90	90
AF-G0L217-F1-model_v4_conserved	Q8GPN1_conserved	9.591E-01	9.385E-01	9.385E-01	45.500	90	90	90
AF-G0L217-F1-model_v4_conserved	Q8GKX2_conserved	9.592E-01	9.387E-01	9.387E-01	53.300	90	90	90
AF-G0L217-F1-model_v4_conserved	Q2HY42_conserved	9.589E-01	9.384E-01	9.384E-01	53.300	90	90	90
AF-G0L217-F1-model_v4_conserved	Q9XAY4_conserved	9.586E-01	9.381E-01	9.381E-01	53.300	90	90	90
AF-G0L217-F1-model_v4_conserved	E5G503_conserved	9.584E-01	9.379E-01	9.379E-01	53.300	90	90	90
AF-G0L217-F1-model_v4_conserved	Q3YBY0_conserved	9.582E-01	9.377E-01	9.377E-01	53.300	90	90	90
AF-G0L217-F1-model_v4_conserved	B4YAJ7_conserved	9.576E-01	9.371E-01	9.371E-01	53.300	90	90	90
AF-G0L217-F1-model_v4_conserved	I3RJZ3_conserved	9.576E-01	9.371E-01	9.371E-01	53.300	90	90	90
AF-G0L217-F1-model_v4_conserved	AF-A0A191Z3S9-F1-model_v4_conserved	9.571E-01	9.366E-01	9.366E-01	47.700	90	90	90
AF-G0L217-F1-model_v4_conserved	Q9F629_conserved	9.571E-01	9.367E-01	9.367E-01	53.300	90	90	90
AF-G0L217-F1-model_v4_conserved	A7WPA3_conserved	9.568E-01	9.364E-01	9.364E-01	53.300	90	90	90
AF-G0L217-F1-model_v4_conserved	A0A0N9HJI8_conserved	9.426E-01	9.226E-01	9.226E-01	46.600	90	90	90
AF-G0L217-F1-model_v4_conserved	A0A077EG89_conserved	9.436E-01	9.237E-01	9.237E-01	42.200	90	90	90
AF-G0L217-F1-model_v4_conserved	Q08I33_conserved	9.422E-01	9.222E-01	9.222E-01	47.700	90	90	90
AF-G0L217-F1-model_v4_conserved	AF-Q9RB01-F1-model_v4_conserved	9.431E-01	9.232E-01	9.232E-01	42.200	90	90	90
AF-G0L217-F1-model_v4_conserved	Q9ETN2_conserved	9.420E-01	9.220E-01	9.220E-01	47.700	90	90	90
AF-G0L217-F1-model_v4_conserved	D2K7P0_conserved	9.387E-01	9.189E-01	9.189E-01	47.700	90	90	90
AF-G0L217-F1-model_v4_conserved	Q8VT48_conserved	9.386E-01	9.188E-01	9.188E-01	46.600	90	90	90
AF-G0L217-F1-model_v4_conserved	Q8GQK7_conserved	9.368E-01	9.170E-01	9.170E-01	46.600	90	90	90
AF-G0L217-F1-model_v4_conserved	E2GLP7_conserved	9.373E-01	9.176E-01	9.176E-01	47.700	90	90	90
AF-G0L217-F1-model_v4_conserved	Q9F921_conserved	9.370E-01	9.173E-01	9.173E-01	47.700	90	90	90
AF-G0L217-F1-model_v4_conserved	Q9EU43_conserved	9.366E-01	9.169E-01	9.169E-01	47.700	90	90	90
AF-G0L217-F1-model_v4_conserved	D2KCJ9_conserved	9.358E-01	9.161E-01	9.161E-01	46.600	90	90	90
AF-G0L217-F1-model_v4_conserved	Q6JE29_conserved	9.361E-01	9.164E-01	9.164E-01	47.700	90	90	90
AF-G0L217-F1-model_v4_conserved	Q9X482_conserved	9.361E-01	9.164E-01	9.164E-01	47.700	90	90	90
ALI-2_conserved	ALI-2_conserved	1.011E+00	1.000E+00	1.000E+00	100.000	91	91	91
ALI-2_conserved	ALI-1_conserved	1.005E+00	9.830E-01	9.830E-01	86.600	91	90	91
ALI-2_conserved	AF-A0A1L6K5Z3-F1-model_v4_conserved	9.920E-01	9.599E-01	9.703E-01	61.100	91	90	90
ALI-2_conserved	Q704V1_conserved	9.745E-01	9.640E-01	9.640E-01	54.300	91	92	91
ALI-2_conserved	L7X1X1_conserved	9.836E-01	9.623E-01	9.623E-01	61.500	91	91	91
ALI-2_conserved	SHD-1_conserved	9.830E-01	9.618E-01	9.618E-01	59.300	91	91	91
ALI-2_conserved	L0N4W6_conserved	9.827E-01	9.615E-01	9.615E-01	59.300	91	91	91
ALI-2_conserved	AF-A0A7Y3W177-F1-model_v4_conserved	9.817E-01	9.605E-01	9.605E-01	65.900	91	91	91
ALI-2_conserved	AF-C5BSS3-F1-model_v4_conserved	9.817E-01	9.605E-01	9.605E-01	59.300	91	91	91
ALI-2_conserved	AF-A0A6M4NN58-F1-model_v4_conserved	9.808E-01	9.596E-01	9.596E-01	64.800	91	91	91
ALI-2_conserved	Q53BU0_conserved	9.765E-01	9.556E-01	9.659E-01	51.600	91	91	90
ALI-2_conserved	A0A650AXL4_conserved	9.800E-01	9.589E-01	9.589E-01	61.500	91	91	91
ALI-2_conserved	AF-Q12JE6-F1-model_v4_conserved	9.801E-01	9.590E-01	9.590E-01	63.700	91	91	91
ALI-2_conserved	AF-A0A1L6K5Y5-F1-model_v4_conserved	9.867E-01	9.549E-01	9.653E-01	56.600	91	90	90
ALI-2_conserved	Q53BU1_conserved	9.747E-01	9.538E-01	9.641E-01	53.800	91	91	90
ALI-2_conserved	A8R403_conserved	9.747E-01	9.538E-01	9.538E-01	59.300	91	91	91
ALI-2_conserved	K7SA42_conserved	9.736E-01	9.527E-01	9.527E-01	53.800	91	91	91
ALI-2_conserved	A0A161H7D8_conserved	9.726E-01	9.517E-01	9.517E-01	57.100	91	91	91
ALI-2_conserved	AF-I0KEZ6-F1-model_v4_conserved	9.797E-01	9.483E-01	9.585E-01	48.800	91	90	90
ALI-2_conserved	F8UQX1_conserved	9.723E-01	9.514E-01	9.514E-01	58.200	91	91	91
ALI-2_conserved	P14488_conserved	9.790E-01	9.477E-01	9.579E-01	50.000	91	90	90
ALI-2_conserved	B0FWK3_conserved	9.714E-01	9.505E-01	9.505E-01	58.200	91	91	91
ALI-2_conserved	G4WB26_conserved	9.714E-01	9.505E-01	9.505E-01	57.100	91	91	91
ALI-2_conserved	Q6SPY5_conserved	9.789E-01	9.475E-01	9.578E-01	51.100	91	90	90
ALI-2_conserved	A0A0D5ZZW5_conserved	9.712E-01	9.504E-01	9.504E-01	58.200	91	91	91
ALI-2_conserved	Q8VLM7_conserved	9.711E-01	9.502E-01	9.502E-01	56.000	91	91	91
ALI-2_conserved	Q9AHY6_conserved	9.709E-01	9.501E-01	9.501E-01	57.100	91	91	91
ALI-2_conserved	Q79MP6_conserved	9.708E-01	9.500E-01	9.500E-01	56.000	91	91	91
ALI-2_conserved	Q8GIW8_conserved	9.708E-01	9.500E-01	9.500E-01	57.100	91	91	91
ALI-2_conserved	Q1A2Z1_conserved	9.707E-01	9.499E-01	9.499E-01	56.000	91	91	91
ALI-2_conserved	A8QUY6_conserved	9.707E-01	9.499E-01	9.499E-01	56.000	91	91	91
ALI-2_conserved	STA-1_conserved	9.716E-01	9.509E-01	9.509E-01	54.900	91	91	91
ALI-2_conserved	Q9F6Z8_conserved	9.706E-01	9.498E-01	9.498E-01	56.000	91	91	91
ALI-2_conserved	AF-A0A4Y8LBX5-F1-model_v4_conserved	9.713E-01	9.505E-01	9.505E-01	60.400	91	91	91
ALI-2_conserved	Q70E85_conserved	9.705E-01	9.497E-01	9.497E-01	54.900	91	91	91
ALI-2_conserved	F5ANL2_conserved	9.705E-01	9.497E-01	9.497E-01	57.100	91	91	91
ALI-2_conserved	A0A0S2MTX2_conserved	9.705E-01	9.497E-01	9.497E-01	54.900	91	91	91
ALI-2_conserved	Q53CM3_conserved	9.705E-01	9.497E-01	9.497E-01	56.000	91	91	91
ALI-2_conserved	A0A097J9I0_conserved	9.705E-01	9.497E-01	9.497E-01	54.900	91	91	91
ALI-2_conserved	A0A0H4IUK3_conserved	9.702E-01	9.495E-01	9.495E-01	54.900	91	91	91
ALI-2_conserved	ANA-1_conserved	9.709E-01	9.502E-01	9.502E-01	47.200	91	91	91
ALI-2_conserved	I7CP04_conserved	9.698E-01	9.490E-01	9.490E-01	53.800	91	91	91
ALI-2_conserved	S5WLJ9_conserved	9.697E-01	9.490E-01	9.490E-01	53.800	91	91	91
ALI-2_conserved	B2ZTD9_conserved	9.696E-01	9.488E-01	9.488E-01	57.100	91	91	91
ALI-2_conserved	Q7WYA8_conserved	9.695E-01	9.488E-01	9.488E-01	56.000	91	91	91
ALI-2_conserved	G9JKG5_conserved	9.693E-01	9.486E-01	9.486E-01	56.000	91	91	91
ALI-2_conserved	A0A0C5L398_conserved	9.769E-01	9.457E-01	9.558E-01	50.000	91	90	90
ALI-2_conserved	AF-G0L217-F1-model_v4_conserved	9.724E-01	9.412E-01	9.514E-01	46.100	91	91	90
ALI-2_conserved	AF-A0A1B2F003-F1-model_v4_conserved	9.673E-01	9.467E-01	9.467E-01	56.000	91	91	91
ALI-2_conserved	Q8GPN1_conserved	9.739E-01	9.428E-01	9.529E-01	54.400	91	90	90
ALI-2_conserved	AF-A0A191Z3S9-F1-model_v4_conserved	9.644E-01	9.440E-01	9.541E-01	57.100	91	91	90
ALI-2_conserved	AF-Q1DF71-F1-model_v4_conserved	9.672E-01	9.466E-01	9.466E-01	50.500	91	91	91
ALI-2_conserved	AF-A0A844TY23-F1-model_v4_conserved	9.731E-01	9.420E-01	9.522E-01	54.400	91	90	90
ALI-2_conserved	Q8GPN2_conserved	9.720E-01	9.410E-01	9.511E-01	55.500	91	90	90
ALI-2_conserved	P25910_conserved	9.661E-01	9.456E-01	9.456E-01	56.000	91	91	91
ALI-2_conserved	A0A0H3YDR5_conserved	9.717E-01	9.408E-01	9.509E-01	56.600	91	90	90
ALI-2_conserved	A0A2R4PHC7_conserved	9.717E-01	9.408E-01	9.508E-01	60.000	91	90	90
ALI-2_conserved	AF-A0A6B7ELH8-F1-model_v4_conserved	9.686E-01	9.376E-01	9.477E-01	46.100	91	91	90
ALI-2_conserved	Q8RMB8_conserved	9.708E-01	9.399E-01	9.500E-01	50.000	91	90	90
ALI-2_conserved	AF-A0A7T8ZCD9-F1-model_v4_conserved	9.685E-01	9.375E-01	9.477E-01	45.000	91	91	90
ALI-2_conserved	BMHC-1_conserved	9.685E-01	9.375E-01	9.476E-01	45.000	91	91	90
ALI-2_conserved	AF-A0A3G5BD68-F1-model_v4_conserved	9.643E-01	9.438E-01	9.438E-01	47.200	91	91	91
ALI-2_conserved	ORR-1_conserved	9.680E-01	9.370E-01	9.471E-01	50.500	91	91	90
ALI-2_conserved	ECV-1_conserved	9.666E-01	9.357E-01	9.458E-01	49.400	91	91	90
ALI-2_conserved	A0A1Z3FWF5_conserved	9.627E-01	9.422E-01	9.422E-01	47.200	91	91	91
ALI-2_conserved	A0A3G3C0Q6_conserved	9.626E-01	9.422E-01	9.422E-01	47.200	91	91	91
ALI-2_conserved	AF-A0A8E7DAJ6-F1-model_v6_conserved	9.626E-01	9.422E-01	9.422E-01	48.300	91	91	91
ALI-2_conserved	A0A1P8C735_conserved	9.626E-01	9.422E-01	9.422E-01	48.300	91	91	91
ALI-2_conserved	S5ZIP8_conserved	9.626E-01	9.422E-01	9.422E-01	47.200	91	91	91
ALI-2_conserved	A0A0B5ECY2_conserved	9.624E-01	9.420E-01	9.420E-01	47.200	91	91	91
ALI-2_conserved	A0A1P8VH15_conserved	9.623E-01	9.419E-01	9.419E-01	47.200	91	91	91
ALI-2_conserved	SPS-1_conserved	9.652E-01	9.347E-01	9.548E-01	46.600	91	90	89
ALI-2_conserved	AF-A0A7U3MVS9-F1-model_v4_conserved	9.679E-01	9.372E-01	9.472E-01	53.300	91	90	90
ALI-2_conserved	AF-A0A0U3H0V9-F1-model_v4_conserved	9.596E-01	9.290E-01	9.491E-01	45.000	91	91	89
ALI-2_conserved	Q840P9_conserved	9.673E-01	9.366E-01	9.466E-01	56.600	91	90	90
ALI-2_conserved	Q2HY42_conserved	9.656E-01	9.350E-01	9.450E-01	61.100	91	90	90
ALI-2_conserved	Q8GKX2_conserved	9.655E-01	9.350E-01	9.449E-01	62.200	91	90	90
ALI-2_conserved	Q9XAY4_conserved	9.647E-01	9.342E-01	9.442E-01	61.100	91	90	90
ALI-2_conserved	E5G503_conserved	9.645E-01	9.341E-01	9.440E-01	62.200	91	90	90
ALI-2_conserved	Q3YBY0_conserved	9.643E-01	9.339E-01	9.438E-01	61.100	91	90	90
ALI-2_conserved	I3RJZ3_conserved	9.630E-01	9.326E-01	9.425E-01	61.100	91	90	90
ALI-2_conserved	B4YAJ7_conserved	9.624E-01	9.320E-01	9.419E-01	61.100	91	90	90
ALI-2_conserved	A7WPA3_conserved	9.617E-01	9.314E-01	9.413E-01	61.100	91	90	90
ALI-2_conserved	Q9F629_conserved	9.615E-01	9.312E-01	9.411E-01	61.100	91	90	90
ALI-2_conserved	Q9ETN2_conserved	9.597E-01	9.294E-01	9.393E-01	52.200	91	90	90
ALI-2_conserved	A0A0N9HJI8_conserved	9.576E-01	9.274E-01	9.372E-01	47.700	91	90	90
ALI-2_conserved	Q8G9Q0_conserved	9.582E-01	9.280E-01	9.379E-01	48.800	91	90	90
ALI-2_conserved	Q08I33_conserved	9.578E-01	9.276E-01	9.374E-01	51.100	91	90	90
ALI-2_conserved	E2GLP7_conserved	9.578E-01	9.276E-01	9.375E-01	52.200	91	90	90
ALI-2_conserved	Q9EU43_conserved	9.574E-01	9.272E-01	9.370E-01	52.200	91	90	90
ALI-2_conserved	Q9X482_conserved	9.570E-01	9.269E-01	9.367E-01	51.100	91	90	90
ALI-2_conserved	Q9F921_conserved	9.570E-01	9.269E-01	9.367E-01	51.100	91	90	90
ALI-2_conserved	Q6JE29_conserved	9.567E-01	9.265E-01	9.364E-01	51.100	91	90	90
ALI-2_conserved	Q8VT48_conserved	9.563E-01	9.262E-01	9.360E-01	47.700	91	90	90
ALI-2_conserved	AF-Q9RB01-F1-model_v4_conserved	9.564E-01	9.264E-01	9.362E-01	48.800	91	90	90
ALI-2_conserved	Q8GQK7_conserved	9.544E-01	9.243E-01	9.341E-01	47.700	91	90	90
ALI-2_conserved	A0A077EG89_conserved	9.556E-01	9.256E-01	9.354E-01	50.000	91	90	90
ALI-2_conserved	D2K7P0_conserved	9.546E-01	9.246E-01	9.344E-01	50.000	91	90	90
ALI-2_conserved	D2KCJ9_conserved	9.505E-01	9.208E-01	9.305E-01	48.800	91	90	90
E2GLP7_conserved	E2GLP7_conserved	1.011E+00	1.000E+00	1.000E+00	100.000	90	90	90
E2GLP7_conserved	Q6JE29_conserved	1.007E+00	9.958E-01	9.958E-01	98.800	90	90	90
E2GLP7_conserved	Q9ETN2_conserved	1.003E+00	9.916E-01	9.916E-01	96.600	90	90	90
E2GLP7_conserved	Q9EU43_conserved	1.011E+00	9.888E-01	9.888E-01	100.000	90	89	90
E2GLP7_conserved	Q9X482_conserved	1.011E+00	9.887E-01	9.887E-01	97.700	90	89	90
E2GLP7_conserved	Q08I33_conserved	1.001E+00	9.901E-01	9.901E-01	98.800	90	90	90
E2GLP7_conserved	Q9F921_conserved	9.993E-01	9.882E-01	9.882E-01	94.400	90	90	90
E2GLP7_conserved	Q8VT48_conserved	1.009E+00	9.863E-01	9.863E-01	94.300	90	89	90
E2GLP7_conserved	D2K7P0_conserved	1.008E+00	9.859E-01	9.859E-01	96.600	90	89	90
E2GLP7_conserved	D2KCJ9_conserved	1.004E+00	9.815E-01	9.815E-01	94.300	90	89	90
E2GLP7_conserved	A0A0N9HJI8_conserved	1.001E+00	9.794E-01	9.794E-01	86.500	90	89	90
E2GLP7_conserved	Q8GQK7_conserved	1.001E+00	9.791E-01	9.791E-01	86.500	90	89	90
E2GLP7_conserved	A0A077EG89_conserved	9.857E-01	9.642E-01	9.642E-01	69.600	90	89	90
E2GLP7_conserved	Q8GPN1_conserved	9.860E-01	9.646E-01	9.646E-01	66.200	90	89	90
E2GLP7_conserved	AF-A0A844TY23-F1-model_v4_conserved	9.853E-01	9.638E-01	9.638E-01	68.500	90	89	90
E2GLP7_conserved	A0A0H3YDR5_conserved	9.847E-01	9.633E-01	9.633E-01	67.400	90	89	90
E2GLP7_conserved	A0A0C5L398_conserved	9.838E-01	9.624E-01	9.624E-01	69.600	90	89	90
E2GLP7_conserved	AF-A0A191Z3S9-F1-model_v4_conserved	9.844E-01	9.630E-01	9.630E-01	65.100	90	89	90
E2GLP7_conserved	Q8GPN2_conserved	9.845E-01	9.631E-01	9.631E-01	68.500	90	89	90
E2GLP7_conserved	AF-Q9RB01-F1-model_v4_conserved	9.835E-01	9.622E-01	9.622E-01	68.500	90	89	90
E2GLP7_conserved	Q8RMB8_conserved	9.792E-01	9.581E-01	9.581E-01	64.000	90	89	90
E2GLP7_conserved	Q53BU0_conserved	9.737E-01	9.527E-01	9.527E-01	55.500	90	90	90
E2GLP7_conserved	Q53BU1_conserved	9.714E-01	9.505E-01	9.505E-01	58.800	90	90	90
E2GLP7_conserved	A0A2R4PHC7_conserved	9.725E-01	9.516E-01	9.516E-01	57.300	90	89	90
E2GLP7_conserved	AF-A0A1L6K5Y5-F1-model_v4_conserved	9.695E-01	9.486E-01	9.486E-01	52.800	90	89	90
E2GLP7_conserved	AF-I0KEZ6-F1-model_v4_conserved	9.702E-01	9.494E-01	9.494E-01	53.900	90	89	90
E2GLP7_conserved	AF-A0A6M4NN58-F1-model_v4_conserved	9.729E-01	9.520E-01	9.419E-01	58.800	90	90	91
E2GLP7_conserved	Q6SPY5_conserved	9.674E-01	9.467E-01	9.467E-01	52.800	90	89	90
E2GLP7_conserved	A0A650AXL4_conserved	9.708E-01	9.500E-01	9.399E-01	57.700	90	90	91
E2GLP7_conserved	P14488_conserved	9.662E-01	9.455E-01	9.455E-01	52.800	90	89	90
E2GLP7_conserved	AF-A0A1L6K5Z3-F1-model_v4_conserved	9.644E-01	9.438E-01	9.438E-01	50.500	90	89	90
E2GLP7_conserved	SHD-1_conserved	9.635E-01	9.429E-01	9.330E-01	53.300	90	90	91
E2GLP7_conserved	AF-A0A7Y3W177-F1-model_v4_conserved	9.633E-01	9.428E-01	9.328E-01	50.000	90	90	91
E2GLP7_conserved	L7X1X1_conserved	9.634E-01	9.428E-01	9.329E-01	55.500	90	90	91
E2GLP7_conserved	AF-C5BSS3-F1-model_v4_conserved	9.621E-01	9.416E-01	9.317E-01	53.300	90	90	91
E2GLP7_conserved	Q704V1_conserved	9.621E-01	9.416E-01	9.316E-01	47.700	90	90	91
E2GLP7_conserved	AF-A0A4Y8LBX5-F1-model_v4_conserved	9.609E-01	9.404E-01	9.305E-01	52.200	90	90	91
E2GLP7_conserved	AF-Q12JE6-F1-model_v4_conserved	9.613E-01	9.408E-01	9.309E-01	54.400	90	90	91
E2GLP7_conserved	Q3YBY0_conserved	9.574E-01	9.371E-01	9.371E-01	44.900	90	89	90
E2GLP7_conserved	Q840P9_conserved	9.574E-01	9.371E-01	9.371E-01	46.000	90	89	90
E2GLP7_conserved	E5G503_conserved	9.573E-01	9.370E-01	9.370E-01	44.900	90	89	90
E2GLP7_conserved	Q8GKX2_conserved	9.572E-01	9.369E-01	9.369E-01	44.900	90	89	90
E2GLP7_conserved	Q9XAY4_conserved	9.570E-01	9.367E-01	9.367E-01	44.900	90	89	90
E2GLP7_conserved	Q2HY42_conserved	9.568E-01	9.366E-01	9.366E-01	44.900	90	89	90
E2GLP7_conserved	A7WPA3_conserved	9.568E-01	9.365E-01	9.365E-01	43.800	90	89	90
E2GLP7_conserved	B4YAJ7_conserved	9.566E-01	9.364E-01	9.364E-01	43.800	90	89	90
E2GLP7_conserved	I3RJZ3_conserved	9.566E-01	9.363E-01	9.363E-01	43.800	90	89	90
E2GLP7_conserved	Q9F629_conserved	9.560E-01	9.357E-01	9.357E-01	43.800	90	89	90
E2GLP7_conserved	P25910_conserved	9.583E-01	9.379E-01	9.281E-01	46.600	90	90	91
E2GLP7_conserved	L0N4W6_conserved	9.581E-01	9.378E-01	9.279E-01	52.200	90	90	91
E2GLP7_conserved	ALI-2_conserved	9.578E-01	9.375E-01	9.276E-01	52.200	90	90	91
E2GLP7_conserved	ALI-1_conserved	9.563E-01	9.360E-01	9.262E-01	48.800	90	90	91
E2GLP7_conserved	STA-1_conserved	9.556E-01	9.354E-01	9.256E-01	54.400	90	90	91
E2GLP7_conserved	A8R403_conserved	9.546E-01	9.344E-01	9.246E-01	52.200	90	90	91
E2GLP7_conserved	ANA-1_conserved	9.548E-01	9.346E-01	9.248E-01	51.100	90	90	91
E2GLP7_conserved	A0A161H7D8_conserved	9.536E-01	9.334E-01	9.236E-01	46.600	90	90	91
E2GLP7_conserved	B0FWK3_conserved	9.463E-01	9.364E-01	9.266E-01	49.400	90	91	91
E2GLP7_conserved	K7SA42_conserved	9.535E-01	9.334E-01	9.236E-01	40.000	90	90	91
E2GLP7_conserved	A8QUY6_conserved	9.442E-01	9.343E-01	9.246E-01	47.200	90	91	91
E2GLP7_conserved	A0A0D5ZZW5_conserved	9.431E-01	9.332E-01	9.235E-01	50.500	90	91	91
E2GLP7_conserved	A0A097J9I0_conserved	9.509E-01	9.308E-01	9.211E-01	47.700	90	90	91
E2GLP7_conserved	Q8GIW8_conserved	9.409E-01	9.310E-01	9.213E-01	48.300	90	91	91
E2GLP7_conserved	Q1A2Z1_conserved	9.411E-01	9.312E-01	9.215E-01	48.300	90	91	91
E2GLP7_conserved	Q7WYA8_conserved	9.418E-01	9.320E-01	9.223E-01	46.100	90	91	91
E2GLP7_conserved	F5ANL2_conserved	9.410E-01	9.312E-01	9.215E-01	49.400	90	91	91
E2GLP7_conserved	A0A0H4IUK3_conserved	9.493E-01	9.292E-01	9.195E-01	46.600	90	90	91
E2GLP7_conserved	Q53CM3_conserved	9.403E-01	9.305E-01	9.208E-01	48.300	90	91	91
E2GLP7_conserved	S5WLJ9_conserved	9.490E-01	9.290E-01	9.193E-01	46.600	90	90	91
E2GLP7_conserved	Q8VLM7_conserved	9.489E-01	9.289E-01	9.192E-01	47.700	90	90	91
E2GLP7_conserved	I7CP04_conserved	9.486E-01	9.286E-01	9.189E-01	46.600	90	90	91
E2GLP7_conserved	B2ZTD9_conserved	9.391E-01	9.293E-01	9.196E-01	47.200	90	91	91
E2GLP7_conserved	Q9F6Z8_conserved	9.482E-01	9.282E-01	9.185E-01	46.600	90	90	91
E2GLP7_conserved	A0A0S2MTX2_conserved	9.481E-01	9.281E-01	9.184E-01	45.500	90	90	91
E2GLP7_conserved	G4WB26_conserved	9.481E-01	9.281E-01	9.184E-01	48.800	90	90	91
E2GLP7_conserved	Q70E85_conserved	9.480E-01	9.280E-01	9.183E-01	47.700	90	90	91
E2GLP7_conserved	F8UQX1_conserved	9.477E-01	9.278E-01	9.181E-01	47.700	90	90	91
E2GLP7_conserved	AF-A0A1B2F003-F1-model_v4_conserved	9.471E-01	9.272E-01	9.175E-01	51.100	90	90	91
E2GLP7_conserved	Q79MP6_conserved	9.473E-01	9.273E-01	9.176E-01	46.600	90	90	91
E2GLP7_conserved	Q9AHY6_conserved	9.473E-01	9.273E-01	9.176E-01	48.800	90	90	91
E2GLP7_conserved	G9JKG5_conserved	9.376E-01	9.277E-01	9.181E-01	47.200	90	91	91
E2GLP7_conserved	AF-Q1DF71-F1-model_v4_conserved	9.449E-01	9.250E-01	9.154E-01	47.700	90	90	91
E2GLP7_conserved	AF-G0L217-F1-model_v4_conserved	9.373E-01	9.176E-01	9.176E-01	47.700	90	90	90
E2GLP7_conserved	SPS-1_conserved	9.369E-01	9.174E-01	9.271E-01	41.500	90	89	89
E2GLP7_conserved	ORR-1_conserved	9.373E-01	9.176E-01	9.176E-01	47.700	90	90	90
E2GLP7_conserved	AF-A0A7U3MVS9-F1-model_v4_conserved	9.399E-01	9.203E-01	9.203E-01	46.000	90	89	90
E2GLP7_conserved	ECV-1_conserved	9.362E-01	9.165E-01	9.165E-01	50.000	90	90	90
E2GLP7_conserved	AF-A0A3G5BD68-F1-model_v4_conserved	9.426E-01	9.229E-01	9.134E-01	36.600	90	90	91
E2GLP7_conserved	A0A1Z3FWF5_conserved	9.421E-01	9.224E-01	9.129E-01	36.600	90	90	91
E2GLP7_conserved	A0A3G3C0Q6_conserved	9.420E-01	9.224E-01	9.128E-01	36.600	90	90	91
E2GLP7_conserved	AF-A0A8E7DAJ6-F1-model_v6_conserved	9.419E-01	9.222E-01	9.127E-01	37.700	90	90	91
E2GLP7_conserved	A0A1P8VH15_conserved	9.418E-01	9.221E-01	9.126E-01	36.600	90	90	91
E2GLP7_conserved	S5ZIP8_conserved	9.418E-01	9.221E-01	9.126E-01	36.600	90	90	91
E2GLP7_conserved	A0A1P8C735_conserved	9.417E-01	9.221E-01	9.125E-01	37.700	90	90	91
E2GLP7_conserved	A0A0B5ECY2_conserved	9.415E-01	9.219E-01	9.123E-01	36.600	90	90	91
E2GLP7_conserved	AF-A0A7T8ZCD9-F1-model_v4_conserved	9.336E-01	9.140E-01	9.140E-01	47.700	90	90	90
E2GLP7_conserved	AF-A0A6B7ELH8-F1-model_v4_conserved	9.313E-01	9.118E-01	9.118E-01	50.000	90	90	90
E2GLP7_conserved	AF-A0A0U3H0V9-F1-model_v4_conserved	9.249E-01	9.056E-01	9.151E-01	48.800	90	90	89
E2GLP7_conserved	Q8G9Q0_conserved	9.314E-01	9.121E-01	9.121E-01	44.900	90	89	90
E2GLP7_conserved	BMHC-1_conserved	9.289E-01	9.096E-01	9.096E-01	44.400	90	90	90
ORR-1_conserved	ORR-1_conserved	1.011E+00	1.000E+00	1.000E+00	100.000	90	90	90
ORR-1_conserved	AF-A0A7T8ZCD9-F1-model_v4_conserved	1.002E+00	9.800E-01	9.800E-01	73.000	90	89	90
ORR-1_conserved	AF-A0A6B7ELH8-F1-model_v4_conserved	9.976E-01	9.757E-01	9.757E-01	77.500	90	89	90
ORR-1_conserved	AF-A0A0U3H0V9-F1-model_v4_conserved	9.912E-01	9.695E-01	9.802E-01	68.500	90	89	89
ORR-1_conserved	BMHC-1_conserved	9.964E-01	9.745E-01	9.745E-01	75.200	90	89	90
ORR-1_conserved	ECV-1_conserved	9.941E-01	9.723E-01	9.723E-01	75.200	90	89	90
ORR-1_conserved	AF-G0L217-F1-model_v4_conserved	9.919E-01	9.702E-01	9.702E-01	68.500	90	89	90
ORR-1_conserved	Q53BU1_conserved	9.896E-01	9.681E-01	9.681E-01	57.700	90	90	90
ORR-1_conserved	L0N4W6_conserved	9.900E-01	9.684E-01	9.580E-01	55.500	90	90	91
ORR-1_conserved	AF-A0A7Y3W177-F1-model_v4_conserved	9.890E-01	9.675E-01	9.571E-01	56.600	90	90	91
ORR-1_conserved	Q53BU0_conserved	9.850E-01	9.637E-01	9.637E-01	56.600	90	90	90
ORR-1_conserved	L7X1X1_conserved	9.885E-01	9.670E-01	9.566E-01	55.500	90	90	91
ORR-1_conserved	Q704V1_conserved	9.878E-01	9.663E-01	9.559E-01	54.400	90	90	91
ORR-1_conserved	AF-C5BSS3-F1-model_v4_conserved	9.870E-01	9.655E-01	9.551E-01	57.700	90	90	91
ORR-1_conserved	AF-A0A1L6K5Z3-F1-model_v4_conserved	9.797E-01	9.583E-01	9.583E-01	54.400	90	90	90
ORR-1_conserved	SHD-1_conserved	9.862E-01	9.648E-01	9.544E-01	56.600	90	90	91
ORR-1_conserved	AF-A0A6M4NN58-F1-model_v4_conserved	9.818E-01	9.605E-01	9.503E-01	60.000	90	90	91
ORR-1_conserved	A0A650AXL4_conserved	9.810E-01	9.598E-01	9.496E-01	58.800	90	90	91
ORR-1_conserved	ANA-1_conserved	9.808E-01	9.596E-01	9.493E-01	51.100	90	90	91
ORR-1_conserved	AF-Q12JE6-F1-model_v4_conserved	9.806E-01	9.594E-01	9.492E-01	60.000	90	90	91
ORR-1_conserved	Q840P9_conserved	9.728E-01	9.517E-01	9.517E-01	52.200	90	90	90
ORR-1_conserved	Q8GKX2_conserved	9.725E-01	9.514E-01	9.514E-01	52.200	90	90	90
ORR-1_conserved	Q2HY42_conserved	9.725E-01	9.514E-01	9.514E-01	53.300	90	90	90
ORR-1_conserved	Q9XAY4_conserved	9.720E-01	9.509E-01	9.509E-01	53.300	90	90	90
ORR-1_conserved	AF-A0A1L6K5Y5-F1-model_v4_conserved	9.721E-01	9.511E-01	9.511E-01	53.300	90	90	90
ORR-1_conserved	E5G503_conserved	9.718E-01	9.507E-01	9.507E-01	52.200	90	90	90
ORR-1_conserved	Q3YBY0_conserved	9.716E-01	9.506E-01	9.506E-01	53.300	90	90	90
ORR-1_conserved	K7SA42_conserved	9.788E-01	9.577E-01	9.475E-01	48.800	90	90	91
ORR-1_conserved	AF-I0KEZ6-F1-model_v4_conserved	9.716E-01	9.506E-01	9.506E-01	48.800	90	90	90
ORR-1_conserved	I3RJZ3_conserved	9.712E-01	9.502E-01	9.502E-01	52.200	90	90	90
ORR-1_conserved	B4YAJ7_conserved	9.710E-01	9.500E-01	9.500E-01	52.200	90	90	90
ORR-1_conserved	Q9F629_conserved	9.708E-01	9.498E-01	9.498E-01	52.200	90	90	90
ORR-1_conserved	A0A161H7D8_conserved	9.773E-01	9.562E-01	9.460E-01	57.700	90	90	91
ORR-1_conserved	AF-A0A3G5BD68-F1-model_v4_conserved	9.780E-01	9.570E-01	9.468E-01	44.400	90	90	91
ORR-1_conserved	A7WPA3_conserved	9.706E-01	9.496E-01	9.496E-01	52.200	90	90	90
ORR-1_conserved	A8R403_conserved	9.771E-01	9.560E-01	9.458E-01	57.700	90	90	91
ORR-1_conserved	A0A1Z3FWF5_conserved	9.776E-01	9.566E-01	9.464E-01	46.600	90	90	91
ORR-1_conserved	STA-1_conserved	9.776E-01	9.565E-01	9.464E-01	48.800	90	90	91
ORR-1_conserved	A0A1P8VH15_conserved	9.774E-01	9.564E-01	9.462E-01	46.600	90	90	91
ORR-1_conserved	A0A3G3C0Q6_conserved	9.774E-01	9.564E-01	9.462E-01	46.600	90	90	91
ORR-1_conserved	A0A1P8C735_conserved	9.773E-01	9.563E-01	9.461E-01	45.500	90	90	91
ORR-1_conserved	AF-Q1DF71-F1-model_v4_conserved	9.768E-01	9.558E-01	9.456E-01	56.600	90	90	91
ORR-1_conserved	S5ZIP8_conserved	9.771E-01	9.561E-01	9.459E-01	46.600	90	90	91
ORR-1_conserved	AF-A0A8E7DAJ6-F1-model_v6_conserved	9.771E-01	9.560E-01	9.458E-01	45.500	90	90	91
ORR-1_conserved	A0A0B5ECY2_conserved	9.768E-01	9.558E-01	9.456E-01	46.600	90	90	91
ORR-1_conserved	Q8VLM7_conserved	9.744E-01	9.534E-01	9.433E-01	55.500	90	90	91
ORR-1_conserved	F8UQX1_conserved	9.745E-01	9.535E-01	9.434E-01	56.600	90	90	91
ORR-1_conserved	B0FWK3_conserved	9.743E-01	9.533E-01	9.432E-01	55.500	90	90	91
ORR-1_conserved	A0A0D5ZZW5_conserved	9.743E-01	9.534E-01	9.432E-01	57.700	90	90	91
ORR-1_conserved	B2ZTD9_conserved	9.741E-01	9.532E-01	9.430E-01	53.300	90	90	91
ORR-1_conserved	G4WB26_conserved	9.742E-01	9.532E-01	9.431E-01	56.600	90	90	91
ORR-1_conserved	Q9F6Z8_conserved	9.738E-01	9.529E-01	9.428E-01	54.400	90	90	91
ORR-1_conserved	Q8GIW8_conserved	9.736E-01	9.527E-01	9.425E-01	56.600	90	90	91
ORR-1_conserved	Q9AHY6_conserved	9.735E-01	9.526E-01	9.425E-01	56.600	90	90	91
ORR-1_conserved	Q53CM3_conserved	9.734E-01	9.525E-01	9.424E-01	55.500	90	90	91
ORR-1_conserved	F5ANL2_conserved	9.732E-01	9.523E-01	9.422E-01	56.600	90	90	91
ORR-1_conserved	Q1A2Z1_conserved	9.729E-01	9.520E-01	9.419E-01	54.400	90	90	91
ORR-1_conserved	Q70E85_conserved	9.728E-01	9.519E-01	9.418E-01	54.400	90	90	91
ORR-1_conserved	I7CP04_conserved	9.727E-01	9.518E-01	9.417E-01	51.100	90	90	91
ORR-1_conserved	S5WLJ9_conserved	9.727E-01	9.518E-01	9.417E-01	51.100	90	90	91
ORR-1_conserved	Q7WYA8_conserved	9.727E-01	9.518E-01	9.417E-01	53.300	90	90	91
ORR-1_conserved	A8QUY6_conserved	9.725E-01	9.516E-01	9.415E-01	54.400	90	90	91
ORR-1_conserved	G9JKG5_conserved	9.723E-01	9.515E-01	9.413E-01	54.400	90	90	91
ORR-1_conserved	A0A0C5L398_conserved	9.662E-01	9.454E-01	9.454E-01	45.500	90	90	90
ORR-1_conserved	A0A0S2MTX2_conserved	9.718E-01	9.510E-01	9.409E-01	52.200	90	90	91
ORR-1_conserved	Q79MP6_conserved	9.718E-01	9.510E-01	9.409E-01	54.400	90	90	91
ORR-1_conserved	A0A097J9I0_conserved	9.704E-01	9.496E-01	9.395E-01	52.200	90	90	91
ORR-1_conserved	A0A0H4IUK3_conserved	9.705E-01	9.497E-01	9.397E-01	53.300	90	90	91
ORR-1_conserved	ALI-1_conserved	9.682E-01	9.474E-01	9.372E-01	53.800	90	91	91
ORR-1_conserved	ALI-2_conserved	9.680E-01	9.471E-01	9.370E-01	50.500	90	91	91
ORR-1_conserved	AF-A0A7U3MVS9-F1-model_v4_conserved	9.643E-01	9.436E-01	9.436E-01	51.100	90	90	90
ORR-1_conserved	AF-A0A1B2F003-F1-model_v4_conserved	9.695E-01	9.487E-01	9.387E-01	53.300	90	90	91
ORR-1_conserved	P25910_conserved	9.704E-01	9.496E-01	9.396E-01	60.000	90	90	91
ORR-1_conserved	AF-A0A4Y8LBX5-F1-model_v4_conserved	9.682E-01	9.475E-01	9.375E-01	62.200	90	90	91
ORR-1_conserved	A0A2R4PHC7_conserved	9.602E-01	9.396E-01	9.396E-01	51.100	90	90	90
ORR-1_conserved	Q8RMB8_conserved	9.591E-01	9.386E-01	9.386E-01	42.200	90	90	90
ORR-1_conserved	SPS-1_conserved	9.554E-01	9.351E-01	9.451E-01	47.700	90	90	89
ORR-1_conserved	P14488_conserved	9.579E-01	9.375E-01	9.375E-01	53.300	90	90	90
ORR-1_conserved	Q6SPY5_conserved	9.572E-01	9.367E-01	9.367E-01	54.400	90	90	90
ORR-1_conserved	Q8G9Q0_conserved	9.551E-01	9.347E-01	9.347E-01	41.100	90	90	90
ORR-1_conserved	AF-A0A191Z3S9-F1-model_v4_conserved	9.542E-01	9.338E-01	9.338E-01	50.000	90	90	90
ORR-1_conserved	AF-A0A844TY23-F1-model_v4_conserved	9.533E-01	9.330E-01	9.330E-01	50.000	90	90	90
ORR-1_conserved	Q8GPN1_conserved	9.526E-01	9.323E-01	9.323E-01	48.800	90	90	90
ORR-1_conserved	Q8GPN2_conserved	9.520E-01	9.317E-01	9.317E-01	51.100	90	90	90
ORR-1_conserved	A0A0H3YDR5_conserved	9.519E-01	9.316E-01	9.316E-01	52.200	90	90	90
ORR-1_conserved	AF-Q9RB01-F1-model_v4_conserved	9.475E-01	9.274E-01	9.274E-01	45.500	90	90	90
ORR-1_conserved	A0A077EG89_conserved	9.464E-01	9.264E-01	9.264E-01	45.500	90	90	90
ORR-1_conserved	Q9ETN2_conserved	9.404E-01	9.206E-01	9.206E-01	47.700	90	90	90
ORR-1_conserved	Q08I33_conserved	9.395E-01	9.197E-01	9.197E-01	46.600	90	90	90
ORR-1_conserved	A0A0N9HJI8_conserved	9.386E-01	9.188E-01	9.188E-01	47.700	90	90	90
ORR-1_conserved	Q9F921_conserved	9.387E-01	9.189E-01	9.189E-01	46.600	90	90	90
ORR-1_conserved	D2KCJ9_conserved	9.375E-01	9.177E-01	9.177E-01	46.600	90	90	90
ORR-1_conserved	E2GLP7_conserved	9.373E-01	9.176E-01	9.176E-01	47.700	90	90	90
ORR-1_conserved	Q8VT48_conserved	9.372E-01	9.175E-01	9.175E-01	44.400	90	90	90
ORR-1_conserved	D2K7P0_conserved	9.373E-01	9.176E-01	9.176E-01	46.600	90	90	90
ORR-1_conserved	Q9EU43_conserved	9.365E-01	9.168E-01	9.168E-01	47.700	90	90	90
ORR-1_conserved	Q8GQK7_conserved	9.357E-01	9.160E-01	9.160E-01	47.700	90	90	90
ORR-1_conserved	Q6JE29_conserved	9.363E-01	9.166E-01	9.166E-01	46.600	90	90	90
ORR-1_conserved	Q9X482_conserved	9.359E-01	9.163E-01	9.163E-01	47.700	90	90	90
Q2HY42_conserved	Q2HY42_conserved	1.011E+00	1.000E+00	1.000E+00	100.000	90	90	90
Q2HY42_conserved	Q8GKX2_conserved	1.011E+00	9.888E-01	9.888E-01	97.700	90	89	90
Q2HY42_conserved	E5G503_conserved	1.011E+00	9.887E-01	9.887E-01	97.700	90	89	90
Q2HY42_conserved	Q9XAY4_conserved	1.011E+00	9.886E-01	9.886E-01	97.700	90	89	90
Q2HY42_conserved	Q3YBY0_conserved	1.011E+00	9.886E-01	9.886E-01	97.700	90	89	90
Q2HY42_conserved	I3RJZ3_conserved	1.011E+00	9.882E-01	9.882E-01	96.600	90	89	90
Q2HY42_conserved	Q840P9_conserved	1.010E+00	9.878E-01	9.878E-01	94.300	90	89	90
Q2HY42_conserved	B4YAJ7_conserved	1.010E+00	9.875E-01	9.875E-01	96.600	90	89	90
Q2HY42_conserved	Q9F629_conserved	1.010E+00	9.875E-01	9.875E-01	96.600	90	89	90
Q2HY42_conserved	A7WPA3_conserved	1.010E+00	9.873E-01	9.873E-01	96.600	90	89	90
Q2HY42_conserved	AF-I0KEZ6-F1-model_v4_conserved	9.865E-01	9.650E-01	9.650E-01	52.800	90	89	90
Q2HY42_conserved	Q53BU1_conserved	9.839E-01	9.626E-01	9.626E-01	54.400	90	90	90
Q2HY42_conserved	AF-A0A1L6K5Y5-F1-model_v4_conserved	9.811E-01	9.599E-01	9.599E-01	70.700	90	89	90
Q2HY42_conserved	A0A0C5L398_conserved	9.788E-01	9.577E-01	9.577E-01	43.800	90	89	90
Q2HY42_conserved	P14488_conserved	9.786E-01	9.575E-01	9.575E-01	58.400	90	89	90
Q2HY42_conserved	AF-A0A1L6K5Z3-F1-model_v4_conserved	9.778E-01	9.567E-01	9.567E-01	59.500	90	89	90
Q2HY42_conserved	Q6SPY5_conserved	9.781E-01	9.571E-01	9.571E-01	59.500	90	89	90
Q2HY42_conserved	Q53BU0_conserved	9.775E-01	9.564E-01	9.564E-01	55.500	90	90	90
Q2HY42_conserved	ORR-1_conserved	9.725E-01	9.514E-01	9.514E-01	53.300	90	90	90
Q2HY42_conserved	A0A2R4PHC7_conserved	9.746E-01	9.537E-01	9.537E-01	59.500	90	89	90
Q2HY42_conserved	K7SA42_conserved	9.783E-01	9.572E-01	9.470E-01	56.600	90	90	91
Q2HY42_conserved	AF-A0A7Y3W177-F1-model_v4_conserved	9.772E-01	9.562E-01	9.460E-01	64.400	90	90	91
Q2HY42_conserved	A0A077EG89_conserved	9.727E-01	9.518E-01	9.518E-01	44.900	90	89	90
Q2HY42_conserved	AF-Q9RB01-F1-model_v4_conserved	9.718E-01	9.510E-01	9.510E-01	43.800	90	89	90
Q2HY42_conserved	L7X1X1_conserved	9.759E-01	9.549E-01	9.447E-01	60.000	90	90	91
Q2HY42_conserved	AF-A0A7T8ZCD9-F1-model_v4_conserved	9.688E-01	9.479E-01	9.479E-01	53.300	90	90	90
Q2HY42_conserved	AF-A0A6M4NN58-F1-model_v4_conserved	9.752E-01	9.543E-01	9.441E-01	58.800	90	90	91
Q2HY42_conserved	AF-A0A7U3MVS9-F1-model_v4_conserved	9.719E-01	9.511E-01	9.511E-01	48.300	90	89	90
Q2HY42_conserved	SHD-1_conserved	9.748E-01	9.538E-01	9.437E-01	56.600	90	90	91
Q2HY42_conserved	ANA-1_conserved	9.748E-01	9.539E-01	9.437E-01	56.600	90	90	91
Q2HY42_conserved	AF-C5BSS3-F1-model_v4_conserved	9.739E-01	9.530E-01	9.428E-01	58.800	90	90	91
Q2HY42_conserved	ECV-1_conserved	9.674E-01	9.466E-01	9.466E-01	54.400	90	90	90
Q2HY42_conserved	Q704V1_conserved	9.740E-01	9.531E-01	9.429E-01	57.700	90	90	91
Q2HY42_conserved	A0A1Z3FWF5_conserved	9.731E-01	9.522E-01	9.421E-01	51.100	90	90	91
Q2HY42_conserved	A0A1P8C735_conserved	9.730E-01	9.522E-01	9.421E-01	52.200	90	90	91
Q2HY42_conserved	A0A3G3C0Q6_conserved	9.730E-01	9.521E-01	9.420E-01	51.100	90	90	91
Q2HY42_conserved	A0A1P8VH15_conserved	9.727E-01	9.518E-01	9.417E-01	51.100	90	90	91
Q2HY42_conserved	A0A650AXL4_conserved	9.723E-01	9.514E-01	9.413E-01	57.700	90	90	91
Q2HY42_conserved	AF-A0A8E7DAJ6-F1-model_v6_conserved	9.726E-01	9.517E-01	9.417E-01	52.200	90	90	91
Q2HY42_conserved	S5ZIP8_conserved	9.726E-01	9.517E-01	9.416E-01	51.100	90	90	91
Q2HY42_conserved	A0A0B5ECY2_conserved	9.724E-01	9.516E-01	9.415E-01	51.100	90	90	91
Q2HY42_conserved	AF-A0A3G5BD68-F1-model_v4_conserved	9.725E-01	9.516E-01	9.415E-01	51.100	90	90	91
Q2HY42_conserved	AF-Q12JE6-F1-model_v4_conserved	9.712E-01	9.504E-01	9.403E-01	56.600	90	90	91
Q2HY42_conserved	L0N4W6_conserved	9.716E-01	9.507E-01	9.407E-01	56.600	90	90	91
Q2HY42_conserved	Q8RMB8_conserved	9.675E-01	9.468E-01	9.468E-01	46.000	90	89	90
Q2HY42_conserved	AF-A0A191Z3S9-F1-model_v4_conserved	9.660E-01	9.454E-01	9.454E-01	51.600	90	89	90
Q2HY42_conserved	STA-1_conserved	9.696E-01	9.489E-01	9.388E-01	56.600	90	90	91
Q2HY42_conserved	AF-A0A844TY23-F1-model_v4_conserved	9.655E-01	9.449E-01	9.449E-01	50.500	90	89	90
Q2HY42_conserved	Q8GPN1_conserved	9.645E-01	9.440E-01	9.440E-01	49.400	90	89	90
Q2HY42_conserved	Q8G9Q0_conserved	9.644E-01	9.438E-01	9.438E-01	51.600	90	89	90
Q2HY42_conserved	AF-A0A0U3H0V9-F1-model_v4_conserved	9.559E-01	9.354E-01	9.456E-01	50.000	90	90	89
Q2HY42_conserved	P25910_conserved	9.679E-01	9.472E-01	9.372E-01	56.600	90	90	91
Q2HY42_conserved	AF-A0A6B7ELH8-F1-model_v4_conserved	9.612E-01	9.406E-01	9.406E-01	50.000	90	90	90
Q2HY42_conserved	BMHC-1_conserved	9.602E-01	9.396E-01	9.396E-01	48.800	90	90	90
Q2HY42_conserved	A0A161H7D8_conserved	9.653E-01	9.447E-01	9.347E-01	56.600	90	90	91
Q2HY42_conserved	Q8GPN2_conserved	9.616E-01	9.411E-01	9.411E-01	49.400	90	89	90
Q2HY42_conserved	AF-G0L217-F1-model_v4_conserved	9.589E-01	9.384E-01	9.384E-01	53.300	90	90	90
Q2HY42_conserved	ALI-2_conserved	9.656E-01	9.450E-01	9.350E-01	61.100	90	90	91
Q2HY42_conserved	AF-Q1DF71-F1-model_v4_conserved	9.651E-01	9.446E-01	9.346E-01	61.100	90	90	91
Q2HY42_conserved	A0A0H3YDR5_conserved	9.608E-01	9.404E-01	9.404E-01	49.400	90	89	90
Q2HY42_conserved	AF-A0A4Y8LBX5-F1-model_v4_conserved	9.638E-01	9.433E-01	9.334E-01	62.200	90	90	91
Q2HY42_conserved	ALI-1_conserved	9.641E-01	9.436E-01	9.336E-01	55.500	90	90	91
Q2HY42_conserved	A8R403_conserved	9.622E-01	9.417E-01	9.318E-01	61.100	90	90	91
Q2HY42_conserved	Q08I33_conserved	9.583E-01	9.379E-01	9.379E-01	43.800	90	89	90
Q2HY42_conserved	Q9F921_conserved	9.579E-01	9.376E-01	9.376E-01	46.000	90	89	90
Q2HY42_conserved	Q9ETN2_conserved	9.577E-01	9.374E-01	9.374E-01	44.900	90	89	90
Q2HY42_conserved	D2K7P0_conserved	9.572E-01	9.370E-01	9.370E-01	43.800	90	89	90
Q2HY42_conserved	D2KCJ9_conserved	9.567E-01	9.364E-01	9.364E-01	42.600	90	89	90
Q2HY42_conserved	E2GLP7_conserved	9.568E-01	9.366E-01	9.366E-01	44.900	90	89	90
Q2HY42_conserved	Q6JE29_conserved	9.563E-01	9.360E-01	9.360E-01	43.800	90	89	90
Q2HY42_conserved	Q9EU43_conserved	9.561E-01	9.359E-01	9.359E-01	44.900	90	89	90
Q2HY42_conserved	Q9X482_conserved	9.562E-01	9.360E-01	9.360E-01	43.800	90	89	90
Q2HY42_conserved	Q8VT48_conserved	9.561E-01	9.359E-01	9.359E-01	42.600	90	89	90
Q2HY42_conserved	A0A0N9HJI8_conserved	9.548E-01	9.346E-01	9.346E-01	42.600	90	89	90
Q2HY42_conserved	A0A097J9I0_conserved	9.586E-01	9.382E-01	9.283E-01	53.300	90	90	91
Q2HY42_conserved	SPS-1_conserved	9.528E-01	9.327E-01	9.427E-01	48.300	90	89	89
Q2HY42_conserved	B0FWK3_conserved	9.581E-01	9.378E-01	9.279E-01	57.700	90	90	91
Q2HY42_conserved	B2ZTD9_conserved	9.580E-01	9.377E-01	9.278E-01	55.500	90	90	91
Q2HY42_conserved	Q8VLM7_conserved	9.577E-01	9.374E-01	9.276E-01	55.500	90	90	91
Q2HY42_conserved	A0A0H4IUK3_conserved	9.578E-01	9.375E-01	9.276E-01	54.400	90	90	91
Q2HY42_conserved	F8UQX1_conserved	9.577E-01	9.374E-01	9.275E-01	54.400	90	90	91
Q2HY42_conserved	A0A0D5ZZW5_conserved	9.574E-01	9.371E-01	9.273E-01	57.700	90	90	91
Q2HY42_conserved	Q9F6Z8_conserved	9.575E-01	9.372E-01	9.273E-01	54.400	90	90	91
Q2HY42_conserved	G4WB26_conserved	9.574E-01	9.371E-01	9.273E-01	56.600	90	90	91
Q2HY42_conserved	Q8GIW8_conserved	9.573E-01	9.370E-01	9.271E-01	56.600	90	90	91
Q2HY42_conserved	S5WLJ9_conserved	9.570E-01	9.367E-01	9.269E-01	51.100	90	90	91
Q2HY42_conserved	Q53CM3_conserved	9.569E-01	9.366E-01	9.267E-01	55.500	90	90	91
Q2HY42_conserved	I7CP04_conserved	9.569E-01	9.366E-01	9.268E-01	51.100	90	90	91
Q2HY42_conserved	F5ANL2_conserved	9.567E-01	9.364E-01	9.266E-01	56.600	90	90	91
Q2HY42_conserved	Q1A2Z1_conserved	9.566E-01	9.363E-01	9.265E-01	54.400	90	90	91
Q2HY42_conserved	Q8GQK7_conserved	9.529E-01	9.327E-01	9.327E-01	42.600	90	89	90
Q2HY42_conserved	Q9AHY6_conserved	9.565E-01	9.363E-01	9.264E-01	56.600	90	90	91
Q2HY42_conserved	A8QUY6_conserved	9.564E-01	9.361E-01	9.263E-01	53.300	90	90	91
Q2HY42_conserved	Q7WYA8_conserved	9.562E-01	9.360E-01	9.262E-01	52.200	90	90	91
Q2HY42_conserved	A0A0S2MTX2_conserved	9.562E-01	9.359E-01	9.261E-01	52.200	90	90	91
Q2HY42_conserved	Q70E85_conserved	9.562E-01	9.359E-01	9.261E-01	54.400	90	90	91
Q2HY42_conserved	Q79MP6_conserved	9.555E-01	9.353E-01	9.255E-01	54.400	90	90	91
Q2HY42_conserved	G9JKG5_conserved	9.554E-01	9.352E-01	9.254E-01	53.300	90	90	91
Q2HY42_conserved	AF-A0A1B2F003-F1-model_v4_conserved	9.537E-01	9.336E-01	9.238E-01	56.600	90	90	91
Q8G9Q0_conserved	Q8G9Q0_conserved	1.011E+00	1.000E+00	1.000E+00	100.000	90	90	90
Q8G9Q0_conserved	AF-A0A7U3MVS9-F1-model_v4_conserved	9.917E-01	9.700E-01	9.700E-01	74.100	90	89	90
Q8G9Q0_conserved	SPS-1_conserved	9.742E-01	9.532E-01	9.636E-01	53.900	90	89	89
Q8G9Q0_conserved	Q53BU1_conserved	9.726E-01	9.517E-01	9.517E-01	50.000	90	90	90
Q8G9Q0_conserved	ANA-1_conserved	9.753E-01	9.543E-01	9.442E-01	44.400	90	90	91
Q8G9Q0_conserved	Q53BU0_conserved	9.701E-01	9.493E-01	9.493E-01	51.100	90	90	90
Q8G9Q0_conserved	A8R403_conserved	9.739E-01	9.530E-01	9.428E-01	56.600	90	90	91
Q8G9Q0_conserved	AF-A0A1L6K5Z3-F1-model_v4_conserved	9.694E-01	9.486E-01	9.486E-01	56.100	90	89	90
Q8G9Q0_conserved	A0A161H7D8_conserved	9.736E-01	9.527E-01	9.426E-01	55.500	90	90	91
Q8G9Q0_conserved	A0A2R4PHC7_conserved	9.681E-01	9.474E-01	9.474E-01	48.300	90	89	90
Q8G9Q0_conserved	A0A0C5L398_conserved	9.685E-01	9.478E-01	9.478E-01	49.400	90	89	90
Q8G9Q0_conserved	ECV-1_conserved	9.636E-01	9.429E-01	9.429E-01	43.300	90	90	90
Q8G9Q0_conserved	AF-A0A7Y3W177-F1-model_v4_conserved	9.698E-01	9.490E-01	9.390E-01	55.500	90	90	91
Q8G9Q0_conserved	Q70E85_conserved	9.699E-01	9.491E-01	9.390E-01	51.100	90	90	91
Q8G9Q0_conserved	AF-C5BSS3-F1-model_v4_conserved	9.692E-01	9.485E-01	9.384E-01	52.200	90	90	91
Q8G9Q0_conserved	Q704V1_conserved	9.693E-01	9.485E-01	9.385E-01	52.200	90	90	91
Q8G9Q0_conserved	L0N4W6_conserved	9.692E-01	9.484E-01	9.384E-01	52.200	90	90	91
Q8G9Q0_conserved	AF-G0L217-F1-model_v4_conserved	9.624E-01	9.417E-01	9.417E-01	45.500	90	90	90
Q8G9Q0_conserved	AF-I0KEZ6-F1-model_v4_conserved	9.651E-01	9.445E-01	9.445E-01	48.300	90	89	90
Q8G9Q0_conserved	AF-A0A6B7ELH8-F1-model_v4_conserved	9.624E-01	9.417E-01	9.417E-01	46.600	90	90	90
Q8G9Q0_conserved	AF-A0A7T8ZCD9-F1-model_v4_conserved	9.622E-01	9.416E-01	9.416E-01	45.500	90	90	90
Q8G9Q0_conserved	SHD-1_conserved	9.686E-01	9.478E-01	9.378E-01	50.000	90	90	91
Q8G9Q0_conserved	L7X1X1_conserved	9.682E-01	9.475E-01	9.375E-01	51.100	90	90	91
Q8G9Q0_conserved	Q840P9_conserved	9.645E-01	9.440E-01	9.440E-01	52.800	90	89	90
Q8G9Q0_conserved	F8UQX1_conserved	9.682E-01	9.476E-01	9.375E-01	51.100	90	90	91
Q8G9Q0_conserved	Q2HY42_conserved	9.644E-01	9.438E-01	9.438E-01	51.600	90	89	90
Q8G9Q0_conserved	Q8GKX2_conserved	9.643E-01	9.438E-01	9.438E-01	52.800	90	89	90
Q8G9Q0_conserved	B2ZTD9_conserved	9.680E-01	9.473E-01	9.373E-01	53.300	90	90	91
Q8G9Q0_conserved	BMHC-1_conserved	9.612E-01	9.406E-01	9.406E-01	44.400	90	90	90
Q8G9Q0_conserved	Q8RMB8_conserved	9.635E-01	9.430E-01	9.430E-01	44.900	90	89	90
Q8G9Q0_conserved	S5WLJ9_conserved	9.675E-01	9.469E-01	9.369E-01	53.300	90	90	91
Q8G9Q0_conserved	I7CP04_conserved	9.675E-01	9.468E-01	9.368E-01	53.300	90	90	91
Q8G9Q0_conserved	A0A0D5ZZW5_conserved	9.676E-01	9.469E-01	9.369E-01	53.300	90	90	91
Q8G9Q0_conserved	Q9F6Z8_conserved	9.676E-01	9.469E-01	9.369E-01	53.300	90	90	91
Q8G9Q0_conserved	Q9XAY4_conserved	9.637E-01	9.432E-01	9.432E-01	52.800	90	89	90
Q8G9Q0_conserved	B0FWK3_conserved	9.672E-01	9.466E-01	9.366E-01	52.200	90	90	91
Q8G9Q0_conserved	G4WB26_conserved	9.672E-01	9.465E-01	9.365E-01	52.200	90	90	91
Q8G9Q0_conserved	E5G503_conserved	9.633E-01	9.428E-01	9.428E-01	52.800	90	89	90
Q8G9Q0_conserved	A0A097J9I0_conserved	9.669E-01	9.462E-01	9.362E-01	52.200	90	90	91
Q8G9Q0_conserved	Q8GIW8_conserved	9.666E-01	9.459E-01	9.360E-01	51.100	90	90	91
Q8G9Q0_conserved	Q3YBY0_conserved	9.629E-01	9.425E-01	9.425E-01	52.800	90	89	90
Q8G9Q0_conserved	Q9AHY6_conserved	9.668E-01	9.461E-01	9.361E-01	52.200	90	90	91
Q8G9Q0_conserved	Q53CM3_conserved	9.666E-01	9.460E-01	9.360E-01	51.100	90	90	91
Q8G9Q0_conserved	Q79MP6_conserved	9.663E-01	9.457E-01	9.357E-01	53.300	90	90	91
Q8G9Q0_conserved	A0A0H4IUK3_conserved	9.663E-01	9.456E-01	9.357E-01	51.100	90	90	91
Q8G9Q0_conserved	Q1A2Z1_conserved	9.662E-01	9.456E-01	9.356E-01	52.200	90	90	91
Q8G9Q0_conserved	A8QUY6_conserved	9.660E-01	9.454E-01	9.354E-01	51.100	90	90	91
Q8G9Q0_conserved	F5ANL2_conserved	9.661E-01	9.455E-01	9.355E-01	52.200	90	90	91
Q8G9Q0_conserved	Q8VLM7_conserved	9.660E-01	9.454E-01	9.354E-01	52.200	90	90	91
Q8G9Q0_conserved	A0A0S2MTX2_conserved	9.660E-01	9.454E-01	9.354E-01	52.200	90	90	91
Q8G9Q0_conserved	Q7WYA8_conserved	9.659E-01	9.453E-01	9.354E-01	52.200	90	90	91
Q8G9Q0_conserved	G9JKG5_conserved	9.654E-01	9.448E-01	9.348E-01	51.100	90	90	91
Q8G9Q0_conserved	I3RJZ3_conserved	9.615E-01	9.410E-01	9.410E-01	53.900	90	89	90
Q8G9Q0_conserved	B4YAJ7_conserved	9.608E-01	9.404E-01	9.404E-01	53.900	90	89	90
Q8G9Q0_conserved	AF-A0A6M4NN58-F1-model_v4_conserved	9.640E-01	9.434E-01	9.335E-01	48.800	90	90	91
Q8G9Q0_conserved	Q9F629_conserved	9.602E-01	9.398E-01	9.398E-01	53.900	90	89	90
Q8G9Q0_conserved	A0A3G3C0Q6_conserved	9.644E-01	9.439E-01	9.339E-01	40.000	90	90	91
Q8G9Q0_conserved	AF-A0A1L6K5Y5-F1-model_v4_conserved	9.601E-01	9.397E-01	9.397E-01	49.400	90	89	90
Q8G9Q0_conserved	A0A1Z3FWF5_conserved	9.641E-01	9.436E-01	9.337E-01	40.000	90	90	91
Q8G9Q0_conserved	A0A1P8VH15_conserved	9.641E-01	9.436E-01	9.336E-01	40.000	90	90	91
Q8G9Q0_conserved	AF-A0A8E7DAJ6-F1-model_v6_conserved	9.640E-01	9.435E-01	9.336E-01	40.000	90	90	91
Q8G9Q0_conserved	A0A1P8C735_conserved	9.640E-01	9.435E-01	9.336E-01	40.000	90	90	91
Q8G9Q0_conserved	A0A0B5ECY2_conserved	9.639E-01	9.434E-01	9.334E-01	40.000	90	90	91
Q8G9Q0_conserved	Q6SPY5_conserved	9.593E-01	9.390E-01	9.390E-01	51.600	90	89	90
Q8G9Q0_conserved	A7WPA3_conserved	9.595E-01	9.391E-01	9.391E-01	53.900	90	89	90
Q8G9Q0_conserved	P14488_conserved	9.592E-01	9.388E-01	9.388E-01	53.900	90	89	90
Q8G9Q0_conserved	S5ZIP8_conserved	9.635E-01	9.430E-01	9.331E-01	40.000	90	90	91
Q8G9Q0_conserved	STA-1_conserved	9.628E-01	9.423E-01	9.324E-01	51.100	90	90	91
Q8G9Q0_conserved	AF-A0A3G5BD68-F1-model_v4_conserved	9.629E-01	9.424E-01	9.325E-01	38.800	90	90	91
Q8G9Q0_conserved	K7SA42_conserved	9.625E-01	9.420E-01	9.321E-01	44.400	90	90	91
Q8G9Q0_conserved	AF-A0A1B2F003-F1-model_v4_conserved	9.623E-01	9.418E-01	9.319E-01	55.500	90	90	91
Q8G9Q0_conserved	P25910_conserved	9.621E-01	9.416E-01	9.317E-01	42.200	90	90	91
Q8G9Q0_conserved	AF-A0A0U3H0V9-F1-model_v4_conserved	9.502E-01	9.300E-01	9.400E-01	48.800	90	90	89
Q8G9Q0_conserved	A0A650AXL4_conserved	9.618E-01	9.413E-01	9.314E-01	48.800	90	90	91
Q8G9Q0_conserved	AF-Q9RB01-F1-model_v4_conserved	9.578E-01	9.374E-01	9.374E-01	49.400	90	89	90
Q8G9Q0_conserved	AF-Q12JE6-F1-model_v4_conserved	9.612E-01	9.408E-01	9.309E-01	48.800	90	90	91
Q8G9Q0_conserved	AF-A0A844TY23-F1-model_v4_conserved	9.574E-01	9.371E-01	9.371E-01	51.600	90	89	90
Q8G9Q0_conserved	ALI-1_conserved	9.608E-01	9.404E-01	9.305E-01	45.500	90	90	91
Q8G9Q0_conserved	ORR-1_conserved	9.551E-01	9.347E-01	9.347E-01	41.100	90	90	90
Q8G9Q0_conserved	AF-A0A191Z3S9-F1-model_v4_conserved	9.569E-01	9.366E-01	9.366E-01	51.600	90	89	90
Q8G9Q0_conserved	A0A077EG89_conserved	9.567E-01	9.364E-01	9.364E-01	49.400	90	89	90
Q8G9Q0_conserved	Q8GPN1_conserved	9.564E-01	9.362E-01	9.362E-01	51.600	90	89	90
Q8G9Q0_conserved	AF-Q1DF71-F1-model_v4_conserved	9.603E-01	9.399E-01	9.300E-01	45.500	90	90	91
Q8G9Q0_conserved	A0A0H3YDR5_conserved	9.552E-01	9.350E-01	9.350E-01	49.400	90	89	90
Q8G9Q0_conserved	Q8GPN2_conserved	9.551E-01	9.349E-01	9.349E-01	50.500	90	89	90
Q8G9Q0_conserved	ALI-2_conserved	9.582E-01	9.379E-01	9.280E-01	48.800	90	90	91
Q8G9Q0_conserved	AF-A0A4Y8LBX5-F1-model_v4_conserved	9.576E-01	9.373E-01	9.275E-01	45.500	90	90	91
Q8G9Q0_conserved	A0A0N9HJI8_conserved	9.374E-01	9.178E-01	9.178E-01	43.800	90	89	90
Q8G9Q0_conserved	Q9ETN2_conserved	9.356E-01	9.161E-01	9.161E-01	46.000	90	89	90
Q8G9Q0_conserved	Q08I33_conserved	9.343E-01	9.148E-01	9.148E-01	43.800	90	89	90
Q8G9Q0_conserved	Q8GQK7_conserved	9.338E-01	9.143E-01	9.143E-01	43.800	90	89	90
Q8G9Q0_conserved	Q8VT48_conserved	9.324E-01	9.130E-01	9.130E-01	44.900	90	89	90
Q8G9Q0_conserved	D2K7P0_conserved	9.324E-01	9.131E-01	9.131E-01	43.800	90	89	90
Q8G9Q0_conserved	E2GLP7_conserved	9.314E-01	9.121E-01	9.121E-01	44.900	90	89	90
Q8G9Q0_conserved	Q9EU43_conserved	9.310E-01	9.117E-01	9.117E-01	44.900	90	89	90
Q8G9Q0_conserved	D2KCJ9_conserved	9.302E-01	9.109E-01	9.109E-01	41.500	90	89	90
Q8G9Q0_conserved	Q9X482_conserved	9.307E-01	9.114E-01	9.114E-01	43.800	90	89	90
Q8G9Q0_conserved	Q6JE29_conserved	9.305E-01	9.112E-01	9.112E-01	43.800	90	89	90
Q8G9Q0_conserved	Q9F921_conserved	9.301E-01	9.108E-01	9.108E-01	47.100	90	89	90
Q8GQK7_conserved	Q8GQK7_conserved	1.011E+00	1.000E+00	1.000E+00	100.000	90	90	90
Q8GQK7_conserved	A0A0N9HJI8_conserved	1.003E+00	9.918E-01	9.918E-01	100.000	90	90	90
Q8GQK7_conserved	Q9ETN2_conserved	1.003E+00	9.806E-01	9.806E-01	86.500	90	89	90
Q8GQK7_conserved	Q8VT48_conserved	1.002E+00	9.799E-01	9.799E-01	84.200	90	89	90
Q8GQK7_conserved	Q08I33_conserved	1.002E+00	9.797E-01	9.797E-01	85.300	90	89	90
Q8GQK7_conserved	Q9F921_conserved	1.001E+00	9.792E-01	9.792E-01	85.300	90	89	90
Q8GQK7_conserved	E2GLP7_conserved	1.001E+00	9.791E-01	9.791E-01	86.500	90	89	90
Q8GQK7_conserved	Q9EU43_conserved	1.001E+00	9.791E-01	9.791E-01	86.500	90	89	90
Q8GQK7_conserved	Q9X482_conserved	1.001E+00	9.787E-01	9.787E-01	86.500	90	89	90
Q8GQK7_conserved	Q6JE29_conserved	1.001E+00	9.785E-01	9.785E-01	85.300	90	89	90
Q8GQK7_conserved	D2K7P0_conserved	1.000E+00	9.784E-01	9.784E-01	85.300	90	89	90
Q8GQK7_conserved	D2KCJ9_conserved	9.966E-01	9.747E-01	9.747E-01	83.100	90	89	90
Q8GQK7_conserved	Q8GPN1_conserved	9.855E-01	9.641E-01	9.641E-01	60.600	90	89	90
Q8GQK7_conserved	AF-A0A844TY23-F1-model_v4_conserved	9.848E-01	9.634E-01	9.634E-01	62.900	90	89	90
Q8GQK7_conserved	A0A0H3YDR5_conserved	9.840E-01	9.626E-01	9.626E-01	62.900	90	89	90
Q8GQK7_conserved	Q8GPN2_conserved	9.837E-01	9.623E-01	9.623E-01	62.900	90	89	90
Q8GQK7_conserved	AF-A0A191Z3S9-F1-model_v4_conserved	9.836E-01	9.623E-01	9.623E-01	60.600	90	89	90
Q8GQK7_conserved	AF-Q9RB01-F1-model_v4_conserved	9.812E-01	9.599E-01	9.599E-01	64.000	90	89	90
Q8GQK7_conserved	A0A0C5L398_conserved	9.807E-01	9.594E-01	9.594E-01	64.000	90	89	90
Q8GQK7_conserved	Q8RMB8_conserved	9.810E-01	9.598E-01	9.598E-01	60.600	90	89	90
Q8GQK7_conserved	A0A077EG89_conserved	9.798E-01	9.585E-01	9.585E-01	64.000	90	89	90
Q8GQK7_conserved	A0A2R4PHC7_conserved	9.749E-01	9.539E-01	9.539E-01	56.100	90	89	90
Q8GQK7_conserved	Q53BU0_conserved	9.715E-01	9.505E-01	9.505E-01	53.300	90	90	90
Q8GQK7_conserved	Q53BU1_conserved	9.696E-01	9.487E-01	9.487E-01	55.500	90	90	90
Q8GQK7_conserved	AF-I0KEZ6-F1-model_v4_conserved	9.700E-01	9.492E-01	9.492E-01	48.300	90	89	90
Q8GQK7_conserved	Q6SPY5_conserved	9.678E-01	9.471E-01	9.471E-01	50.500	90	89	90
Q8GQK7_conserved	AF-A0A1L6K5Y5-F1-model_v4_conserved	9.661E-01	9.454E-01	9.454E-01	50.500	90	89	90
Q8GQK7_conserved	P14488_conserved	9.662E-01	9.455E-01	9.455E-01	50.500	90	89	90
Q8GQK7_conserved	AF-A0A6M4NN58-F1-model_v4_conserved	9.697E-01	9.489E-01	9.388E-01	56.600	90	90	91
Q8GQK7_conserved	AF-A0A1L6K5Z3-F1-model_v4_conserved	9.611E-01	9.406E-01	9.406E-01	51.600	90	89	90
Q8GQK7_conserved	A0A650AXL4_conserved	9.649E-01	9.443E-01	9.343E-01	55.500	90	90	91
Q8GQK7_conserved	L7X1X1_conserved	9.616E-01	9.411E-01	9.312E-01	53.300	90	90	91
Q8GQK7_conserved	Q704V1_conserved	9.614E-01	9.408E-01	9.309E-01	46.600	90	90	91
Q8GQK7_conserved	SHD-1_conserved	9.608E-01	9.403E-01	9.304E-01	52.200	90	90	91
Q8GQK7_conserved	AF-A0A7Y3W177-F1-model_v4_conserved	9.602E-01	9.397E-01	9.298E-01	51.100	90	90	91
Q8GQK7_conserved	AF-C5BSS3-F1-model_v4_conserved	9.590E-01	9.386E-01	9.287E-01	51.100	90	90	91
Q8GQK7_conserved	AF-Q12JE6-F1-model_v4_conserved	9.579E-01	9.375E-01	9.276E-01	54.400	90	90	91
Q8GQK7_conserved	L0N4W6_conserved	9.573E-01	9.369E-01	9.270E-01	51.100	90	90	91
Q8GQK7_conserved	AF-A0A4Y8LBX5-F1-model_v4_conserved	9.562E-01	9.359E-01	9.260E-01	52.200	90	90	91
Q8GQK7_conserved	Q3YBY0_conserved	9.535E-01	9.333E-01	9.333E-01	42.600	90	89	90
Q8GQK7_conserved	Q8GKX2_conserved	9.534E-01	9.332E-01	9.332E-01	42.600	90	89	90
Q8GQK7_conserved	E5G503_conserved	9.532E-01	9.330E-01	9.330E-01	42.600	90	89	90
Q8GQK7_conserved	Q9XAY4_conserved	9.530E-01	9.329E-01	9.329E-01	42.600	90	89	90
Q8GQK7_conserved	A7WPA3_conserved	9.531E-01	9.329E-01	9.329E-01	43.800	90	89	90
Q8GQK7_conserved	Q840P9_conserved	9.530E-01	9.329E-01	9.329E-01	43.800	90	89	90
Q8GQK7_conserved	Q2HY42_conserved	9.529E-01	9.327E-01	9.327E-01	42.600	90	89	90
Q8GQK7_conserved	I3RJZ3_conserved	9.527E-01	9.325E-01	9.325E-01	43.800	90	89	90
Q8GQK7_conserved	B4YAJ7_conserved	9.525E-01	9.324E-01	9.324E-01	43.800	90	89	90
Q8GQK7_conserved	Q9F629_conserved	9.519E-01	9.318E-01	9.318E-01	43.800	90	89	90
Q8GQK7_conserved	ALI-2_conserved	9.544E-01	9.341E-01	9.243E-01	47.700	90	90	91
Q8GQK7_conserved	ANA-1_conserved	9.543E-01	9.340E-01	9.242E-01	50.000	90	90	91
Q8GQK7_conserved	P25910_conserved	9.529E-01	9.327E-01	9.229E-01	46.600	90	90	91
Q8GQK7_conserved	K7SA42_conserved	9.534E-01	9.333E-01	9.235E-01	41.100	90	90	91
Q8GQK7_conserved	A8R403_conserved	9.516E-01	9.314E-01	9.216E-01	52.200	90	90	91
Q8GQK7_conserved	STA-1_conserved	9.518E-01	9.316E-01	9.218E-01	50.000	90	90	91
Q8GQK7_conserved	ALI-1_conserved	9.519E-01	9.317E-01	9.220E-01	45.500	90	90	91
Q8GQK7_conserved	A0A161H7D8_conserved	9.502E-01	9.301E-01	9.203E-01	46.600	90	90	91
Q8GQK7_conserved	A0A097J9I0_conserved	9.472E-01	9.272E-01	9.175E-01	48.800	90	90	91
Q8GQK7_conserved	A0A0H4IUK3_conserved	9.456E-01	9.256E-01	9.160E-01	47.700	90	90	91
Q8GQK7_conserved	Q8VLM7_conserved	9.453E-01	9.253E-01	9.157E-01	48.800	90	90	91
Q8GQK7_conserved	S5WLJ9_conserved	9.451E-01	9.252E-01	9.156E-01	50.000	90	90	91
Q8GQK7_conserved	B0FWK3_conserved	9.451E-01	9.252E-01	9.155E-01	50.000	90	90	91
Q8GQK7_conserved	Q70E85_conserved	9.450E-01	9.251E-01	9.155E-01	48.800	90	90	91
Q8GQK7_conserved	I7CP04_conserved	9.448E-01	9.249E-01	9.153E-01	50.000	90	90	91
Q8GQK7_conserved	Q9F6Z8_conserved	9.446E-01	9.247E-01	9.151E-01	50.000	90	90	91
Q8GQK7_conserved	Q8GIW8_conserved	9.447E-01	9.248E-01	9.151E-01	48.800	90	90	91
Q8GQK7_conserved	Q1A2Z1_conserved	9.445E-01	9.246E-01	9.150E-01	48.800	90	90	91
Q8GQK7_conserved	F8UQX1_conserved	9.446E-01	9.247E-01	9.150E-01	48.800	90	90	91
Q8GQK7_conserved	A0A0D5ZZW5_conserved	9.443E-01	9.244E-01	9.148E-01	51.100	90	90	91
Q8GQK7_conserved	SPS-1_conserved	9.385E-01	9.189E-01	9.286E-01	40.400	90	89	89
Q8GQK7_conserved	A8QUY6_conserved	9.442E-01	9.243E-01	9.147E-01	47.700	90	90	91
Q8GQK7_conserved	B2ZTD9_conserved	9.438E-01	9.239E-01	9.143E-01	51.100	90	90	91
Q8GQK7_conserved	G4WB26_conserved	9.441E-01	9.242E-01	9.146E-01	50.000	90	90	91
Q8GQK7_conserved	A0A0S2MTX2_conserved	9.440E-01	9.241E-01	9.145E-01	48.800	90	90	91
Q8GQK7_conserved	AF-A0A1B2F003-F1-model_v4_conserved	9.433E-01	9.235E-01	9.138E-01	52.200	90	90	91
Q8GQK7_conserved	Q53CM3_conserved	9.436E-01	9.238E-01	9.141E-01	48.800	90	90	91
Q8GQK7_conserved	F5ANL2_conserved	9.434E-01	9.235E-01	9.139E-01	50.000	90	90	91
Q8GQK7_conserved	Q9AHY6_conserved	9.433E-01	9.235E-01	9.139E-01	50.000	90	90	91
Q8GQK7_conserved	Q79MP6_conserved	9.432E-01	9.234E-01	9.138E-01	50.000	90	90	91
Q8GQK7_conserved	AF-Q1DF71-F1-model_v4_conserved	9.429E-01	9.231E-01	9.135E-01	44.400	90	90	91
Q8GQK7_conserved	Q7WYA8_conserved	9.424E-01	9.226E-01	9.130E-01	48.800	90	90	91
Q8GQK7_conserved	AF-G0L217-F1-model_v4_conserved	9.368E-01	9.170E-01	9.170E-01	46.600	90	90	90
Q8GQK7_conserved	G9JKG5_conserved	9.415E-01	9.217E-01	9.121E-01	47.700	90	90	91
Q8GQK7_conserved	AF-A0A3G5BD68-F1-model_v4_conserved	9.429E-01	9.232E-01	9.136E-01	36.600	90	90	91
Q8GQK7_conserved	A0A1Z3FWF5_conserved	9.428E-01	9.231E-01	9.135E-01	35.500	90	90	91
Q8GQK7_conserved	A0A3G3C0Q6_conserved	9.426E-01	9.229E-01	9.133E-01	35.500	90	90	91
Q8GQK7_conserved	AF-A0A8E7DAJ6-F1-model_v6_conserved	9.425E-01	9.228E-01	9.132E-01	36.600	90	90	91
Q8GQK7_conserved	A0A1P8C735_conserved	9.424E-01	9.226E-01	9.131E-01	36.600	90	90	91
Q8GQK7_conserved	A0A1P8VH15_conserved	9.423E-01	9.226E-01	9.130E-01	35.500	90	90	91
Q8GQK7_conserved	ORR-1_conserved	9.357E-01	9.160E-01	9.160E-01	47.700	90	90	90
Q8GQK7_conserved	S5ZIP8_conserved	9.422E-01	9.225E-01	9.129E-01	35.500	90	90	91
Q8GQK7_conserved	A0A0B5ECY2_conserved	9.420E-01	9.222E-01	9.127E-01	35.500	90	90	91
Q8GQK7_conserved	AF-A0A7U3MVS9-F1-model_v4_conserved	9.382E-01	9.186E-01	9.186E-01	42.600	90	89	90
Q8GQK7_conserved	ECV-1_conserved	9.336E-01	9.140E-01	9.140E-01	56.600	90	90	90
Q8GQK7_conserved	Q8G9Q0_conserved	9.338E-01	9.143E-01	9.143E-01	43.800	90	89	90
Q8GQK7_conserved	AF-A0A7T8ZCD9-F1-model_v4_conserved	9.307E-01	9.112E-01	9.112E-01	51.100	90	90	90
Q8GQK7_conserved	AF-A0A6B7ELH8-F1-model_v4_conserved	9.300E-01	9.105E-01	9.105E-01	48.800	90	90	90
Q8GQK7_conserved	BMHC-1_conserved	9.276E-01	9.082E-01	9.082E-01	46.600	90	90	90
Q8GQK7_conserved	AF-A0A0U3H0V9-F1-model_v4_conserved	9.223E-01	9.031E-01	9.126E-01	53.300	90	90	89
Q9EU43_conserved	Q9EU43_conserved	1.011E+00	1.000E+00	1.000E+00	100.000	90	90	90
Q9EU43_conserved	Q9X482_conserved	1.004E+00	9.929E-01	9.929E-01	97.700	90	90	90
Q9EU43_conserved	Q6JE29_conserved	1.002E+00	9.909E-01	9.909E-01	98.800	90	90	90
Q9EU43_conserved	E2GLP7_conserved	1.011E+00	9.888E-01	9.888E-01	100.000	90	89	90
Q9EU43_conserved	D2K7P0_conserved	1.002E+00	9.910E-01	9.910E-01	96.600	90	90	90
Q9EU43_conserved	Q9ETN2_conserved	1.000E+00	9.893E-01	9.893E-01	96.600	90	90	90
Q9EU43_conserved	Q9F921_conserved	9.998E-01	9.888E-01	9.888E-01	94.400	90	90	90
Q9EU43_conserved	Q8VT48_conserved	1.009E+00	9.862E-01	9.862E-01	94.300	90	89	90
Q9EU43_conserved	Q08I33_conserved	1.008E+00	9.852E-01	9.852E-01	98.800	90	89	90
Q9EU43_conserved	D2KCJ9_conserved	9.958E-01	9.848E-01	9.848E-01	94.400	90	90	90
Q9EU43_conserved	A0A0N9HJI8_conserved	1.001E+00	9.793E-01	9.793E-01	86.500	90	89	90
Q9EU43_conserved	Q8GQK7_conserved	1.001E+00	9.791E-01	9.791E-01	86.500	90	89	90
Q9EU43_conserved	A0A077EG89_conserved	9.855E-01	9.640E-01	9.640E-01	69.600	90	89	90
Q9EU43_conserved	Q8GPN1_conserved	9.860E-01	9.646E-01	9.646E-01	66.200	90	89	90
Q9EU43_conserved	AF-A0A844TY23-F1-model_v4_conserved	9.852E-01	9.638E-01	9.638E-01	68.500	90	89	90
Q9EU43_conserved	A0A0H3YDR5_conserved	9.847E-01	9.634E-01	9.634E-01	67.400	90	89	90
Q9EU43_conserved	AF-A0A191Z3S9-F1-model_v4_conserved	9.844E-01	9.631E-01	9.631E-01	65.100	90	89	90
Q9EU43_conserved	Q8GPN2_conserved	9.845E-01	9.631E-01	9.631E-01	68.500	90	89	90
Q9EU43_conserved	AF-Q9RB01-F1-model_v4_conserved	9.834E-01	9.621E-01	9.621E-01	68.500	90	89	90
Q9EU43_conserved	A0A0C5L398_conserved	9.835E-01	9.621E-01	9.621E-01	69.600	90	89	90
Q9EU43_conserved	Q8RMB8_conserved	9.791E-01	9.580E-01	9.580E-01	64.000	90	89	90
Q9EU43_conserved	Q53BU0_conserved	9.732E-01	9.522E-01	9.522E-01	55.500	90	90	90
Q9EU43_conserved	A0A2R4PHC7_conserved	9.722E-01	9.514E-01	9.514E-01	57.300	90	89	90
Q9EU43_conserved	Q53BU1_conserved	9.707E-01	9.499E-01	9.499E-01	58.800	90	90	90
Q9EU43_conserved	AF-A0A1L6K5Y5-F1-model_v4_conserved	9.689E-01	9.481E-01	9.481E-01	52.800	90	89	90
Q9EU43_conserved	AF-I0KEZ6-F1-model_v4_conserved	9.699E-01	9.491E-01	9.491E-01	53.900	90	89	90
Q9EU43_conserved	AF-A0A6M4NN58-F1-model_v4_conserved	9.723E-01	9.514E-01	9.413E-01	58.800	90	90	91
Q9EU43_conserved	Q6SPY5_conserved	9.671E-01	9.464E-01	9.464E-01	52.800	90	89	90
Q9EU43_conserved	A0A650AXL4_conserved	9.701E-01	9.493E-01	9.392E-01	57.700	90	90	91
Q9EU43_conserved	P14488_conserved	9.658E-01	9.452E-01	9.452E-01	52.800	90	89	90
Q9EU43_conserved	AF-A0A1L6K5Z3-F1-model_v4_conserved	9.638E-01	9.432E-01	9.432E-01	50.500	90	89	90
Q9EU43_conserved	L7X1X1_conserved	9.553E-01	9.452E-01	9.352E-01	56.000	90	91	91
Q9EU43_conserved	SHD-1_conserved	9.628E-01	9.422E-01	9.323E-01	53.300	90	90	91
Q9EU43_conserved	AF-A0A7Y3W177-F1-model_v4_conserved	9.524E-01	9.423E-01	9.323E-01	50.500	90	91	91
Q9EU43_conserved	AF-C5BSS3-F1-model_v4_conserved	9.614E-01	9.409E-01	9.310E-01	53.300	90	90	91
Q9EU43_conserved	Q704V1_conserved	9.614E-01	9.409E-01	9.310E-01	47.700	90	90	91
Q9EU43_conserved	AF-A0A4Y8LBX5-F1-model_v4_conserved	9.605E-01	9.400E-01	9.301E-01	52.200	90	90	91
Q9EU43_conserved	AF-Q12JE6-F1-model_v4_conserved	9.605E-01	9.400E-01	9.301E-01	54.400	90	90	91
Q9EU43_conserved	Q3YBY0_conserved	9.567E-01	9.365E-01	9.365E-01	44.900	90	89	90
Q9EU43_conserved	Q840P9_conserved	9.567E-01	9.364E-01	9.364E-01	46.000	90	89	90
Q9EU43_conserved	E5G503_conserved	9.565E-01	9.363E-01	9.363E-01	44.900	90	89	90
Q9EU43_conserved	Q8GKX2_conserved	9.565E-01	9.362E-01	9.362E-01	44.900	90	89	90
Q9EU43_conserved	Q9XAY4_conserved	9.563E-01	9.360E-01	9.360E-01	44.900	90	89	90
Q9EU43_conserved	Q2HY42_conserved	9.561E-01	9.359E-01	9.359E-01	44.900	90	89	90
Q9EU43_conserved	A7WPA3_conserved	9.561E-01	9.359E-01	9.359E-01	43.800	90	89	90
Q9EU43_conserved	B4YAJ7_conserved	9.560E-01	9.357E-01	9.357E-01	43.800	90	89	90
Q9EU43_conserved	I3RJZ3_conserved	9.558E-01	9.356E-01	9.356E-01	43.800	90	89	90
Q9EU43_conserved	Q9F629_conserved	9.553E-01	9.351E-01	9.351E-01	43.800	90	89	90
Q9EU43_conserved	P25910_conserved	9.580E-01	9.376E-01	9.278E-01	46.600	90	90	91
Q9EU43_conserved	L0N4W6_conserved	9.575E-01	9.372E-01	9.274E-01	52.200	90	90	91
Q9EU43_conserved	ALI-2_conserved	9.574E-01	9.370E-01	9.272E-01	52.200	90	90	91
Q9EU43_conserved	ALI-1_conserved	9.558E-01	9.355E-01	9.257E-01	48.800	90	90	91
Q9EU43_conserved	STA-1_conserved	9.548E-01	9.346E-01	9.248E-01	54.400	90	90	91
Q9EU43_conserved	A8R403_conserved	9.539E-01	9.337E-01	9.239E-01	52.200	90	90	91
Q9EU43_conserved	ANA-1_conserved	9.542E-01	9.340E-01	9.242E-01	51.100	90	90	91
Q9EU43_conserved	G9JKG5_conserved	9.455E-01	9.356E-01	9.258E-01	47.200	90	91	91
Q9EU43_conserved	A0A097J9I0_conserved	9.452E-01	9.352E-01	9.255E-01	48.300	90	91	91
Q9EU43_conserved	Q8VLM7_conserved	9.454E-01	9.354E-01	9.257E-01	48.300	90	91	91
Q9EU43_conserved	A0A161H7D8_conserved	9.528E-01	9.327E-01	9.229E-01	46.600	90	90	91
Q9EU43_conserved	I7CP04_conserved	9.457E-01	9.358E-01	9.260E-01	47.200	90	91	91
Q9EU43_conserved	F8UQX1_conserved	9.444E-01	9.345E-01	9.248E-01	48.300	90	91	91
Q9EU43_conserved	K7SA42_conserved	9.525E-01	9.325E-01	9.227E-01	40.000	90	90	91
Q9EU43_conserved	Q70E85_conserved	9.435E-01	9.336E-01	9.239E-01	48.300	90	91	91
Q9EU43_conserved	S5WLJ9_conserved	9.420E-01	9.321E-01	9.224E-01	47.200	90	91	91
Q9EU43_conserved	Q53CM3_conserved	9.429E-01	9.330E-01	9.234E-01	48.300	90	91	91
Q9EU43_conserved	B2ZTD9_conserved	9.424E-01	9.325E-01	9.228E-01	47.200	90	91	91
Q9EU43_conserved	B0FWK3_conserved	9.414E-01	9.315E-01	9.218E-01	49.400	90	91	91
Q9EU43_conserved	Q1A2Z1_conserved	9.413E-01	9.314E-01	9.217E-01	48.300	90	91	91
Q9EU43_conserved	F5ANL2_conserved	9.422E-01	9.323E-01	9.226E-01	49.400	90	91	91
Q9EU43_conserved	A0A0D5ZZW5_conserved	9.411E-01	9.312E-01	9.215E-01	50.500	90	91	91
Q9EU43_conserved	G4WB26_conserved	9.419E-01	9.320E-01	9.223E-01	49.400	90	91	91
Q9EU43_conserved	Q8GIW8_conserved	9.406E-01	9.307E-01	9.210E-01	48.300	90	91	91
Q9EU43_conserved	A8QUY6_conserved	9.404E-01	9.305E-01	9.208E-01	47.200	90	91	91
Q9EU43_conserved	A0A0H4IUK3_conserved	9.486E-01	9.286E-01	9.189E-01	46.600	90	90	91
Q9EU43_conserved	Q79MP6_conserved	9.395E-01	9.296E-01	9.200E-01	47.200	90	91	91
Q9EU43_conserved	Q9AHY6_conserved	9.395E-01	9.296E-01	9.200E-01	49.400	90	91	91
Q9EU43_conserved	Q7WYA8_conserved	9.391E-01	9.292E-01	9.196E-01	46.100	90	91	91
Q9EU43_conserved	Q9F6Z8_conserved	9.475E-01	9.275E-01	9.178E-01	46.600	90	90	91
Q9EU43_conserved	A0A0S2MTX2_conserved	9.473E-01	9.274E-01	9.177E-01	45.500	90	90	91
Q9EU43_conserved	AF-A0A1B2F003-F1-model_v4_conserved	9.465E-01	9.265E-01	9.169E-01	51.100	90	90	91
Q9EU43_conserved	AF-Q1DF71-F1-model_v4_conserved	9.441E-01	9.242E-01	9.146E-01	47.700	90	90	91
Q9EU43_conserved	SPS-1_conserved	9.367E-01	9.172E-01	9.269E-01	41.500	90	89	89
Q9EU43_conserved	AF-G0L217-F1-model_v4_conserved	9.366E-01	9.169E-01	9.169E-01	47.700	90	90	90
Q9EU43_conserved	AF-A0A7U3MVS9-F1-model_v4_conserved	9.393E-01	9.197E-01	9.197E-01	46.000	90	89	90
Q9EU43_conserved	ORR-1_conserved	9.365E-01	9.168E-01	9.168E-01	47.700	90	90	90
Q9EU43_conserved	ECV-1_conserved	9.353E-01	9.156E-01	9.156E-01	50.000	90	90	90
Q9EU43_conserved	AF-A0A3G5BD68-F1-model_v4_conserved	9.419E-01	9.222E-01	9.127E-01	36.600	90	90	91
Q9EU43_conserved	A0A1Z3FWF5_conserved	9.414E-01	9.217E-01	9.122E-01	36.600	90	90	91
Q9EU43_conserved	A0A3G3C0Q6_conserved	9.413E-01	9.217E-01	9.121E-01	36.600	90	90	91
Q9EU43_conserved	AF-A0A8E7DAJ6-F1-model_v6_conserved	9.412E-01	9.216E-01	9.120E-01	37.700	90	90	91
Q9EU43_conserved	A0A1P8VH15_conserved	9.410E-01	9.214E-01	9.119E-01	36.600	90	90	91
Q9EU43_conserved	S5ZIP8_conserved	9.410E-01	9.214E-01	9.119E-01	36.600	90	90	91
Q9EU43_conserved	A0A1P8C735_conserved	9.410E-01	9.214E-01	9.119E-01	37.700	90	90	91
Q9EU43_conserved	A0A0B5ECY2_conserved	9.408E-01	9.212E-01	9.117E-01	36.600	90	90	91
Q9EU43_conserved	AF-A0A7T8ZCD9-F1-model_v4_conserved	9.328E-01	9.132E-01	9.132E-01	47.700	90	90	90
Q9EU43_conserved	AF-A0A6B7ELH8-F1-model_v4_conserved	9.305E-01	9.110E-01	9.110E-01	50.000	90	90	90
Q9EU43_conserved	Q8G9Q0_conserved	9.310E-01	9.117E-01	9.117E-01	44.900	90	89	90
Q9EU43_conserved	AF-A0A0U3H0V9-F1-model_v4_conserved	9.242E-01	9.049E-01	9.145E-01	48.800	90	90	89
Q9EU43_conserved	BMHC-1_conserved	9.281E-01	9.088E-01	9.088E-01	44.400	90	90	90
S5WLJ9_conserved	S5WLJ9_conserved	1.011E+00	1.000E+00	1.000E+00	100.000	91	91	91
S5WLJ9_conserved	Q70E85_conserved	1.009E+00	9.979E-01	9.979E-01	91.200	91	91	91
S5WLJ9_conserved	I7CP04_conserved	1.008E+00	9.965E-01	9.965E-01	100.000	91	91	91
S5WLJ9_conserved	F8UQX1_conserved	1.005E+00	9.941E-01	9.941E-01	89.000	91	91	91
S5WLJ9_conserved	G9JKG5_conserved	1.003E+00	9.916E-01	9.916E-01	93.400	91	91	91
S5WLJ9_conserved	G4WB26_conserved	1.002E+00	9.911E-01	9.911E-01	91.200	91	91	91
S5WLJ9_conserved	Q8VLM7_conserved	1.002E+00	9.907E-01	9.907E-01	92.300	91	91	91
S5WLJ9_conserved	Q53CM3_conserved	1.001E+00	9.897E-01	9.897E-01	92.300	91	91	91
S5WLJ9_conserved	A8QUY6_conserved	1.011E+00	9.884E-01	9.884E-01	93.300	91	90	91
S5WLJ9_conserved	Q8GIW8_conserved	1.011E+00	9.884E-01	9.884E-01	91.100	91	90	91
S5WLJ9_conserved	Q1A2Z1_conserved	1.011E+00	9.884E-01	9.884E-01	91.100	91	90	91
S5WLJ9_conserved	Q7WYA8_conserved	1.011E+00	9.884E-01	9.884E-01	94.400	91	90	91
S5WLJ9_conserved	Q9F6Z8_conserved	1.010E+00	9.882E-01	9.882E-01	93.300	91	90	91
S5WLJ9_conserved	F5ANL2_conserved	1.010E+00	9.881E-01	9.881E-01	91.100	91	90	91
S5WLJ9_conserved	Q9AHY6_conserved	1.010E+00	9.881E-01	9.881E-01	92.200	91	90	91
S5WLJ9_conserved	Q79MP6_conserved	1.010E+00	9.881E-01	9.881E-01	93.300	91	90	91
S5WLJ9_conserved	A0A0D5ZZW5_conserved	1.010E+00	9.880E-01	9.880E-01	91.100	91	90	91
S5WLJ9_conserved	B0FWK3_conserved	1.010E+00	9.879E-01	9.879E-01	88.800	91	90	91
S5WLJ9_conserved	A0A097J9I0_conserved	1.000E+00	9.892E-01	9.892E-01	92.300	91	91	91
S5WLJ9_conserved	A0A0S2MTX2_conserved	1.010E+00	9.875E-01	9.875E-01	92.200	91	90	91
S5WLJ9_conserved	B2ZTD9_conserved	1.010E+00	9.874E-01	9.874E-01	86.600	91	90	91
S5WLJ9_conserved	AF-A0A1B2F003-F1-model_v4_conserved	1.009E+00	9.865E-01	9.865E-01	90.000	91	90	91
S5WLJ9_conserved	A0A0H4IUK3_conserved	1.008E+00	9.864E-01	9.864E-01	92.200	91	90	91
S5WLJ9_conserved	A8R403_conserved	9.972E-01	9.863E-01	9.863E-01	80.200	91	91	91
S5WLJ9_conserved	A0A161H7D8_conserved	1.006E+00	9.843E-01	9.843E-01	81.100	91	90	91
S5WLJ9_conserved	AF-A0A7Y3W177-F1-model_v4_conserved	9.862E-01	9.756E-01	9.756E-01	74.700	91	91	91
S5WLJ9_conserved	L0N4W6_conserved	9.950E-01	9.734E-01	9.734E-01	75.500	91	90	91
S5WLJ9_conserved	L7X1X1_conserved	9.948E-01	9.732E-01	9.732E-01	71.100	91	90	91
S5WLJ9_conserved	AF-C5BSS3-F1-model_v4_conserved	9.943E-01	9.728E-01	9.728E-01	73.300	91	90	91
S5WLJ9_conserved	SHD-1_conserved	9.932E-01	9.717E-01	9.717E-01	71.100	91	90	91
S5WLJ9_conserved	A0A650AXL4_conserved	9.926E-01	9.711E-01	9.711E-01	70.000	91	90	91
S5WLJ9_conserved	Q704V1_conserved	9.914E-01	9.700E-01	9.700E-01	72.200	91	90	91
S5WLJ9_conserved	Q53BU0_conserved	9.866E-01	9.654E-01	9.759E-01	68.800	91	90	90
S5WLJ9_conserved	AF-A0A6M4NN58-F1-model_v4_conserved	9.902E-01	9.688E-01	9.688E-01	67.700	91	90	91
S5WLJ9_conserved	AF-A0A1L6K5Z3-F1-model_v4_conserved	9.935E-01	9.612E-01	9.718E-01	75.500	91	90	90
S5WLJ9_conserved	AF-Q12JE6-F1-model_v4_conserved	9.887E-01	9.674E-01	9.674E-01	67.700	91	90	91
S5WLJ9_conserved	Q53BU1_conserved	9.824E-01	9.614E-01	9.718E-01	71.100	91	90	90
S5WLJ9_conserved	K7SA42_conserved	9.792E-01	9.583E-01	9.583E-01	53.300	91	90	91
S5WLJ9_conserved	AF-A0A1L6K5Y5-F1-model_v4_conserved	9.800E-01	9.486E-01	9.588E-01	56.600	91	90	90
S5WLJ9_conserved	AF-A0A3G5BD68-F1-model_v4_conserved	9.761E-01	9.553E-01	9.553E-01	52.200	91	90	91
S5WLJ9_conserved	A0A3G3C0Q6_conserved	9.756E-01	9.549E-01	9.549E-01	53.300	91	90	91
S5WLJ9_conserved	STA-1_conserved	9.755E-01	9.547E-01	9.547E-01	51.100	91	90	91
S5WLJ9_conserved	AF-A0A8E7DAJ6-F1-model_v6_conserved	9.755E-01	9.547E-01	9.547E-01	53.300	91	90	91
S5WLJ9_conserved	A0A1P8VH15_conserved	9.753E-01	9.546E-01	9.546E-01	53.300	91	90	91
S5WLJ9_conserved	A0A1Z3FWF5_conserved	9.753E-01	9.546E-01	9.546E-01	53.300	91	90	91
S5WLJ9_conserved	A0A0B5ECY2_conserved	9.752E-01	9.544E-01	9.544E-01	53.300	91	90	91
S5WLJ9_conserved	S5ZIP8_conserved	9.752E-01	9.544E-01	9.544E-01	53.300	91	90	91
S5WLJ9_conserved	A0A1P8C735_conserved	9.749E-01	9.542E-01	9.542E-01	53.300	91	90	91
S5WLJ9_conserved	AF-Q1DF71-F1-model_v4_conserved	9.738E-01	9.531E-01	9.531E-01	47.700	91	90	91
S5WLJ9_conserved	AF-A0A4Y8LBX5-F1-model_v4_conserved	9.730E-01	9.523E-01	9.523E-01	60.000	91	90	91
S5WLJ9_conserved	ALI-2_conserved	9.697E-01	9.490E-01	9.490E-01	53.800	91	91	91
S5WLJ9_conserved	ALI-1_conserved	9.696E-01	9.488E-01	9.488E-01	57.100	91	91	91
S5WLJ9_conserved	AF-G0L217-F1-model_v4_conserved	9.746E-01	9.435E-01	9.537E-01	52.200	91	90	90
S5WLJ9_conserved	ECV-1_conserved	9.743E-01	9.432E-01	9.533E-01	52.200	91	90	90
S5WLJ9_conserved	AF-A0A7T8ZCD9-F1-model_v4_conserved	9.738E-01	9.427E-01	9.528E-01	53.300	91	90	90
S5WLJ9_conserved	AF-A0A6B7ELH8-F1-model_v4_conserved	9.728E-01	9.418E-01	9.519E-01	57.700	91	90	90
S5WLJ9_conserved	ORR-1_conserved	9.727E-01	9.417E-01	9.518E-01	51.100	91	90	90
S5WLJ9_conserved	BMHC-1_conserved	9.722E-01	9.413E-01	9.514E-01	52.200	91	90	90
S5WLJ9_conserved	A0A0C5L398_conserved	9.712E-01	9.403E-01	9.504E-01	51.100	91	90	90
S5WLJ9_conserved	ANA-1_conserved	9.658E-01	9.454E-01	9.454E-01	51.100	91	90	91
S5WLJ9_conserved	Q6SPY5_conserved	9.686E-01	9.379E-01	9.479E-01	52.200	91	90	90
S5WLJ9_conserved	P14488_conserved	9.684E-01	9.377E-01	9.477E-01	53.300	91	90	90
S5WLJ9_conserved	Q8G9Q0_conserved	9.675E-01	9.369E-01	9.469E-01	53.300	91	90	90
S5WLJ9_conserved	AF-I0KEZ6-F1-model_v4_conserved	9.661E-01	9.354E-01	9.454E-01	50.000	91	90	90
S5WLJ9_conserved	P25910_conserved	9.621E-01	9.418E-01	9.418E-01	53.300	91	90	91
S5WLJ9_conserved	AF-A0A0U3H0V9-F1-model_v4_conserved	9.596E-01	9.292E-01	9.492E-01	55.500	91	90	89
S5WLJ9_conserved	Q8RMB8_conserved	9.633E-01	9.327E-01	9.427E-01	47.700	91	90	90
S5WLJ9_conserved	A0A2R4PHC7_conserved	9.619E-01	9.314E-01	9.414E-01	54.400	91	90	90
S5WLJ9_conserved	Q8GPN1_conserved	9.609E-01	9.305E-01	9.404E-01	51.100	91	90	90
S5WLJ9_conserved	A0A0H3YDR5_conserved	9.600E-01	9.296E-01	9.395E-01	50.000	91	90	90
S5WLJ9_conserved	AF-A0A844TY23-F1-model_v4_conserved	9.598E-01	9.295E-01	9.394E-01	53.300	91	90	90
S5WLJ9_conserved	AF-A0A191Z3S9-F1-model_v4_conserved	9.596E-01	9.293E-01	9.392E-01	48.800	91	90	90
S5WLJ9_conserved	Q8GPN2_conserved	9.593E-01	9.289E-01	9.388E-01	48.800	91	90	90
S5WLJ9_conserved	Q840P9_conserved	9.579E-01	9.277E-01	9.376E-01	51.100	91	90	90
S5WLJ9_conserved	SPS-1_conserved	9.553E-01	9.253E-01	9.451E-01	47.700	91	90	89
S5WLJ9_conserved	AF-A0A7U3MVS9-F1-model_v4_conserved	9.577E-01	9.275E-01	9.373E-01	47.700	91	90	90
S5WLJ9_conserved	Q8GKX2_conserved	9.573E-01	9.272E-01	9.370E-01	50.000	91	90	90
S5WLJ9_conserved	Q2HY42_conserved	9.570E-01	9.269E-01	9.367E-01	51.100	91	90	90
S5WLJ9_conserved	Q9XAY4_conserved	9.564E-01	9.263E-01	9.361E-01	50.000	91	90	90
S5WLJ9_conserved	D2K7P0_conserved	9.486E-01	9.288E-01	9.386E-01	46.100	91	91	90
S5WLJ9_conserved	E5G503_conserved	9.562E-01	9.261E-01	9.359E-01	50.000	91	90	90
S5WLJ9_conserved	Q3YBY0_conserved	9.558E-01	9.258E-01	9.356E-01	50.000	91	90	90
S5WLJ9_conserved	B4YAJ7_conserved	9.541E-01	9.241E-01	9.339E-01	51.100	91	90	90
S5WLJ9_conserved	I3RJZ3_conserved	9.542E-01	9.243E-01	9.341E-01	51.100	91	90	90
S5WLJ9_conserved	Q9ETN2_conserved	9.526E-01	9.227E-01	9.325E-01	47.700	91	90	90
S5WLJ9_conserved	A7WPA3_conserved	9.528E-01	9.229E-01	9.327E-01	51.100	91	90	90
S5WLJ9_conserved	Q9F629_conserved	9.527E-01	9.228E-01	9.325E-01	51.100	91	90	90
S5WLJ9_conserved	Q08I33_conserved	9.510E-01	9.211E-01	9.309E-01	45.500	91	90	90
S5WLJ9_conserved	Q9EU43_conserved	9.420E-01	9.224E-01	9.321E-01	47.200	91	91	90
S5WLJ9_conserved	Q9F921_conserved	9.501E-01	9.203E-01	9.300E-01	47.700	91	90	90
S5WLJ9_conserved	Q9X482_conserved	9.424E-01	9.228E-01	9.325E-01	46.100	91	91	90
S5WLJ9_conserved	Q8VT48_conserved	9.499E-01	9.201E-01	9.298E-01	46.600	91	90	90
S5WLJ9_conserved	D2KCJ9_conserved	9.421E-01	9.225E-01	9.322E-01	45.000	91	91	90
S5WLJ9_conserved	A0A0N9HJI8_conserved	9.488E-01	9.190E-01	9.287E-01	50.000	91	90	90
S5WLJ9_conserved	E2GLP7_conserved	9.490E-01	9.193E-01	9.290E-01	46.600	91	90	90
S5WLJ9_conserved	AF-Q9RB01-F1-model_v4_conserved	9.479E-01	9.183E-01	9.280E-01	52.200	91	90	90
S5WLJ9_conserved	Q6JE29_conserved	9.476E-01	9.180E-01	9.277E-01	45.500	91	90	90
S5WLJ9_conserved	A0A077EG89_conserved	9.478E-01	9.182E-01	9.278E-01	51.100	91	90	90
S5WLJ9_conserved	Q8GQK7_conserved	9.451E-01	9.156E-01	9.252E-01	50.000	91	90	90
A0A097J9I0_conserved	A0A097J9I0_conserved	1.011E+00	1.000E+00	1.000E+00	100.000	91	91	91
A0A097J9I0_conserved	G4WB26_conserved	1.008E+00	9.974E-01	9.974E-01	92.300	91	91	91
A0A097J9I0_conserved	Q8VLM7_conserved	1.007E+00	9.957E-01	9.957E-01	93.400	91	91	91
A0A097J9I0_conserved	I7CP04_conserved	1.004E+00	9.934E-01	9.934E-01	92.300	91	91	91
A0A097J9I0_conserved	F8UQX1_conserved	1.005E+00	9.936E-01	9.936E-01	90.100	91	91	91
A0A097J9I0_conserved	Q79MP6_conserved	1.002E+00	9.914E-01	9.914E-01	92.300	91	91	91
A0A097J9I0_conserved	Q9AHY6_conserved	1.002E+00	9.907E-01	9.907E-01	93.400	91	91	91
A0A097J9I0_conserved	Q53CM3_conserved	1.001E+00	9.904E-01	9.904E-01	93.400	91	91	91
A0A097J9I0_conserved	Q70E85_conserved	1.002E+00	9.909E-01	9.909E-01	91.200	91	91	91
A0A097J9I0_conserved	B2ZTD9_conserved	1.002E+00	9.913E-01	9.913E-01	90.100	91	91	91
A0A097J9I0_conserved	F5ANL2_conserved	1.001E+00	9.897E-01	9.897E-01	92.300	91	91	91
A0A097J9I0_conserved	G9JKG5_conserved	1.001E+00	9.898E-01	9.898E-01	94.500	91	91	91
A0A097J9I0_conserved	S5WLJ9_conserved	1.000E+00	9.892E-01	9.892E-01	92.300	91	91	91
A0A097J9I0_conserved	A0A0S2MTX2_conserved	9.998E-01	9.888E-01	9.888E-01	91.200	91	91	91
A0A097J9I0_conserved	A0A0D5ZZW5_conserved	9.997E-01	9.887E-01	9.887E-01	92.300	91	91	91
A0A097J9I0_conserved	A0A0H4IUK3_conserved	1.010E+00	9.874E-01	9.874E-01	96.600	91	90	91
A0A097J9I0_conserved	Q8GIW8_conserved	9.993E-01	9.884E-01	9.884E-01	92.300	91	91	91
A0A097J9I0_conserved	A8QUY6_conserved	1.009E+00	9.865E-01	9.865E-01	94.400	91	90	91
A0A097J9I0_conserved	Q7WYA8_conserved	9.985E-01	9.876E-01	9.876E-01	93.400	91	91	91
A0A097J9I0_conserved	Q9F6Z8_conserved	1.009E+00	9.865E-01	9.865E-01	92.200	91	90	91
A0A097J9I0_conserved	B0FWK3_conserved	1.009E+00	9.864E-01	9.864E-01	87.700	91	90	91
A0A097J9I0_conserved	Q1A2Z1_conserved	1.008E+00	9.863E-01	9.863E-01	92.200	91	90	91
A0A097J9I0_conserved	AF-A0A1B2F003-F1-model_v4_conserved	1.008E+00	9.856E-01	9.856E-01	90.000	91	90	91
A0A097J9I0_conserved	A0A161H7D8_conserved	1.006E+00	9.838E-01	9.838E-01	83.300	91	90	91
A0A097J9I0_conserved	A8R403_conserved	1.005E+00	9.831E-01	9.831E-01	83.300	91	90	91
A0A097J9I0_conserved	L7X1X1_conserved	9.899E-01	9.793E-01	9.793E-01	74.700	91	91	91
A0A097J9I0_conserved	AF-A0A7Y3W177-F1-model_v4_conserved	9.871E-01	9.765E-01	9.765E-01	78.000	91	91	91
A0A097J9I0_conserved	L0N4W6_conserved	9.931E-01	9.715E-01	9.715E-01	76.600	91	90	91
A0A097J9I0_conserved	AF-C5BSS3-F1-model_v4_conserved	9.923E-01	9.708E-01	9.708E-01	76.600	91	90	91
A0A097J9I0_conserved	SHD-1_conserved	9.923E-01	9.708E-01	9.708E-01	74.400	91	90	91
A0A097J9I0_conserved	Q704V1_conserved	9.922E-01	9.707E-01	9.707E-01	75.500	91	90	91
A0A097J9I0_conserved	A0A650AXL4_conserved	9.922E-01	9.708E-01	9.708E-01	68.800	91	90	91
A0A097J9I0_conserved	AF-A0A1L6K5Z3-F1-model_v4_conserved	9.949E-01	9.625E-01	9.731E-01	76.600	91	90	90
A0A097J9I0_conserved	AF-A0A6M4NN58-F1-model_v4_conserved	9.901E-01	9.687E-01	9.687E-01	67.700	91	90	91
A0A097J9I0_conserved	Q53BU0_conserved	9.848E-01	9.636E-01	9.740E-01	65.500	91	90	90
A0A097J9I0_conserved	AF-Q12JE6-F1-model_v4_conserved	9.845E-01	9.633E-01	9.633E-01	68.800	91	90	91
A0A097J9I0_conserved	Q53BU1_conserved	9.794E-01	9.584E-01	9.688E-01	67.700	91	90	90
A0A097J9I0_conserved	K7SA42_conserved	9.782E-01	9.572E-01	9.572E-01	53.300	91	90	91
A0A097J9I0_conserved	AF-A0A1L6K5Y5-F1-model_v4_conserved	9.803E-01	9.488E-01	9.591E-01	57.700	91	90	90
A0A097J9I0_conserved	AF-A0A3G5BD68-F1-model_v4_conserved	9.749E-01	9.542E-01	9.542E-01	52.200	91	90	91
A0A097J9I0_conserved	A0A3G3C0Q6_conserved	9.746E-01	9.538E-01	9.538E-01	52.200	91	90	91
A0A097J9I0_conserved	AF-A0A8E7DAJ6-F1-model_v6_conserved	9.743E-01	9.536E-01	9.536E-01	53.300	91	90	91
A0A097J9I0_conserved	A0A1P8VH15_conserved	9.743E-01	9.535E-01	9.535E-01	52.200	91	90	91
A0A097J9I0_conserved	A0A1Z3FWF5_conserved	9.741E-01	9.534E-01	9.534E-01	52.200	91	90	91
A0A097J9I0_conserved	S5ZIP8_conserved	9.741E-01	9.534E-01	9.534E-01	52.200	91	90	91
A0A097J9I0_conserved	A0A0B5ECY2_conserved	9.741E-01	9.534E-01	9.534E-01	52.200	91	90	91
A0A097J9I0_conserved	STA-1_conserved	9.734E-01	9.527E-01	9.527E-01	52.200	91	90	91
A0A097J9I0_conserved	ALI-2_conserved	9.705E-01	9.497E-01	9.497E-01	54.900	91	91	91
A0A097J9I0_conserved	A0A1P8C735_conserved	9.737E-01	9.530E-01	9.530E-01	53.300	91	90	91
A0A097J9I0_conserved	ALI-1_conserved	9.699E-01	9.492E-01	9.492E-01	58.200	91	91	91
A0A097J9I0_conserved	AF-A0A4Y8LBX5-F1-model_v4_conserved	9.721E-01	9.514E-01	9.514E-01	60.000	91	90	91
A0A097J9I0_conserved	AF-Q1DF71-F1-model_v4_conserved	9.717E-01	9.510E-01	9.510E-01	50.000	91	90	91
A0A097J9I0_conserved	A0A0C5L398_conserved	9.726E-01	9.416E-01	9.517E-01	48.800	91	90	90
A0A097J9I0_conserved	AF-G0L217-F1-model_v4_conserved	9.714E-01	9.404E-01	9.505E-01	51.100	91	90	90
A0A097J9I0_conserved	AF-A0A7T8ZCD9-F1-model_v4_conserved	9.709E-01	9.399E-01	9.500E-01	51.100	91	90	90
A0A097J9I0_conserved	ECV-1_conserved	9.713E-01	9.404E-01	9.505E-01	51.100	91	90	90
A0A097J9I0_conserved	AF-A0A6B7ELH8-F1-model_v4_conserved	9.710E-01	9.401E-01	9.502E-01	57.700	91	90	90
A0A097J9I0_conserved	ORR-1_conserved	9.704E-01	9.395E-01	9.496E-01	52.200	91	90	90
A0A097J9I0_conserved	Q6SPY5_conserved	9.694E-01	9.386E-01	9.487E-01	55.500	91	90	90
A0A097J9I0_conserved	BMHC-1_conserved	9.692E-01	9.384E-01	9.484E-01	51.100	91	90	90
A0A097J9I0_conserved	P14488_conserved	9.691E-01	9.383E-01	9.484E-01	56.600	91	90	90
A0A097J9I0_conserved	ANA-1_conserved	9.639E-01	9.435E-01	9.435E-01	53.300	91	90	91
A0A097J9I0_conserved	AF-I0KEZ6-F1-model_v4_conserved	9.678E-01	9.370E-01	9.471E-01	53.300	91	90	90
A0A097J9I0_conserved	Q8G9Q0_conserved	9.669E-01	9.362E-01	9.462E-01	52.200	91	90	90
A0A097J9I0_conserved	Q8RMB8_conserved	9.649E-01	9.343E-01	9.442E-01	47.700	91	90	90
A0A097J9I0_conserved	A0A2R4PHC7_conserved	9.646E-01	9.340E-01	9.440E-01	57.700	91	90	90
A0A097J9I0_conserved	Q8GPN1_conserved	9.632E-01	9.327E-01	9.427E-01	51.100	91	90	90
A0A097J9I0_conserved	AF-A0A844TY23-F1-model_v4_conserved	9.622E-01	9.317E-01	9.417E-01	53.300	91	90	90
A0A097J9I0_conserved	P25910_conserved	9.589E-01	9.387E-01	9.387E-01	53.300	91	90	91
A0A097J9I0_conserved	AF-A0A191Z3S9-F1-model_v4_conserved	9.620E-01	9.315E-01	9.414E-01	48.800	91	90	90
A0A097J9I0_conserved	A0A0H3YDR5_conserved	9.620E-01	9.315E-01	9.415E-01	50.000	91	90	90
A0A097J9I0_conserved	Q8GPN2_conserved	9.612E-01	9.308E-01	9.407E-01	48.800	91	90	90
A0A097J9I0_conserved	AF-A0A0U3H0V9-F1-model_v4_conserved	9.570E-01	9.267E-01	9.467E-01	54.400	91	90	89
A0A097J9I0_conserved	Q840P9_conserved	9.594E-01	9.291E-01	9.390E-01	53.300	91	90	90
A0A097J9I0_conserved	Q8GKX2_conserved	9.590E-01	9.287E-01	9.386E-01	52.200	91	90	90
A0A097J9I0_conserved	SPS-1_conserved	9.559E-01	9.259E-01	9.457E-01	47.700	91	90	89
A0A097J9I0_conserved	Q2HY42_conserved	9.586E-01	9.283E-01	9.382E-01	53.300	91	90	90
A0A097J9I0_conserved	Q9XAY4_conserved	9.581E-01	9.279E-01	9.377E-01	52.200	91	90	90
A0A097J9I0_conserved	E5G503_conserved	9.578E-01	9.276E-01	9.374E-01	52.200	91	90	90
A0A097J9I0_conserved	Q3YBY0_conserved	9.574E-01	9.273E-01	9.371E-01	52.200	91	90	90
A0A097J9I0_conserved	AF-A0A7U3MVS9-F1-model_v4_conserved	9.574E-01	9.272E-01	9.370E-01	46.600	91	90	90
A0A097J9I0_conserved	Q9ETN2_conserved	9.462E-01	9.264E-01	9.362E-01	49.400	91	91	90
A0A097J9I0_conserved	B4YAJ7_conserved	9.557E-01	9.256E-01	9.355E-01	51.100	91	90	90
A0A097J9I0_conserved	I3RJZ3_conserved	9.558E-01	9.257E-01	9.355E-01	51.100	91	90	90
A0A097J9I0_conserved	Q9F629_conserved	9.542E-01	9.242E-01	9.340E-01	51.100	91	90	90
A0A097J9I0_conserved	A7WPA3_conserved	9.542E-01	9.243E-01	9.341E-01	51.100	91	90	90
A0A097J9I0_conserved	Q08I33_conserved	9.529E-01	9.230E-01	9.328E-01	46.600	91	90	90
A0A097J9I0_conserved	Q9EU43_conserved	9.452E-01	9.255E-01	9.352E-01	48.300	91	91	90
A0A097J9I0_conserved	D2K7P0_conserved	9.441E-01	9.244E-01	9.342E-01	47.200	91	91	90
A0A097J9I0_conserved	Q9F921_conserved	9.520E-01	9.221E-01	9.319E-01	48.800	91	90	90
A0A097J9I0_conserved	Q8VT48_conserved	9.519E-01	9.221E-01	9.318E-01	47.700	91	90	90
A0A097J9I0_conserved	A0A0N9HJI8_conserved	9.505E-01	9.206E-01	9.303E-01	48.800	91	90	90
A0A097J9I0_conserved	E2GLP7_conserved	9.509E-01	9.211E-01	9.308E-01	47.700	91	90	90
A0A097J9I0_conserved	AF-Q9RB01-F1-model_v4_conserved	9.506E-01	9.209E-01	9.306E-01	50.000	91	90	90
A0A097J9I0_conserved	Q9X482_conserved	9.412E-01	9.216E-01	9.313E-01	47.200	91	91	90
A0A097J9I0_conserved	A0A077EG89_conserved	9.503E-01	9.205E-01	9.302E-01	48.800	91	90	90
A0A097J9I0_conserved	Q6JE29_conserved	9.495E-01	9.198E-01	9.295E-01	46.600	91	90	90
A0A097J9I0_conserved	D2KCJ9_conserved	9.397E-01	9.202E-01	9.298E-01	46.100	91	91	90
A0A097J9I0_conserved	Q8GQK7_conserved	9.472E-01	9.175E-01	9.272E-01	48.800	91	90	90
A0A0B5ECY2_conserved	A0A0B5ECY2_conserved	1.011E+00	1.000E+00	1.000E+00	100.000	91	91	91
A0A0B5ECY2_conserved	A0A1Z3FWF5_conserved	1.005E+00	9.939E-01	9.939E-01	100.000	91	91	91
A0A0B5ECY2_conserved	S5ZIP8_conserved	1.002E+00	9.905E-01	9.905E-01	100.000	91	91	91
A0A0B5ECY2_conserved	AF-A0A8E7DAJ6-F1-model_v6_conserved	1.011E+00	9.889E-01	9.889E-01	98.800	91	90	91
A0A0B5ECY2_conserved	A0A1P8C735_conserved	1.011E+00	9.889E-01	9.889E-01	98.800	91	90	91
A0A0B5ECY2_conserved	A0A1P8VH15_conserved	1.011E+00	9.889E-01	9.889E-01	100.000	91	90	91
A0A0B5ECY2_conserved	A0A3G3C0Q6_conserved	1.011E+00	9.889E-01	9.889E-01	100.000	91	90	91
A0A0B5ECY2_conserved	AF-A0A3G5BD68-F1-model_v4_conserved	1.010E+00	9.883E-01	9.883E-01	96.600	91	90	91
A0A0B5ECY2_conserved	K7SA42_conserved	9.892E-01	9.679E-01	9.679E-01	73.300	91	90	91
A0A0B5ECY2_conserved	Q53BU1_conserved	9.817E-01	9.607E-01	9.711E-01	48.800	91	90	90
A0A0B5ECY2_conserved	Q704V1_conserved	9.849E-01	9.638E-01	9.638E-01	48.800	91	90	91
A0A0B5ECY2_conserved	Q53BU0_conserved	9.802E-01	9.593E-01	9.696E-01	50.000	91	90	90
A0A0B5ECY2_conserved	L7X1X1_conserved	9.837E-01	9.627E-01	9.627E-01	55.500	91	90	91
A0A0B5ECY2_conserved	AF-C5BSS3-F1-model_v4_conserved	9.835E-01	9.624E-01	9.624E-01	54.400	91	90	91
A0A0B5ECY2_conserved	L0N4W6_conserved	9.829E-01	9.619E-01	9.619E-01	54.400	91	90	91
A0A0B5ECY2_conserved	AF-A0A7Y3W177-F1-model_v4_conserved	9.823E-01	9.612E-01	9.612E-01	50.000	91	90	91
A0A0B5ECY2_conserved	AF-Q12JE6-F1-model_v4_conserved	9.816E-01	9.606E-01	9.606E-01	51.100	91	90	91
A0A0B5ECY2_conserved	SHD-1_conserved	9.815E-01	9.605E-01	9.605E-01	51.100	91	90	91
A0A0B5ECY2_conserved	AF-Q1DF71-F1-model_v4_conserved	9.812E-01	9.602E-01	9.602E-01	53.300	91	90	91
A0A0B5ECY2_conserved	A0A650AXL4_conserved	9.807E-01	9.598E-01	9.598E-01	53.300	91	90	91
A0A0B5ECY2_conserved	AF-A0A6M4NN58-F1-model_v4_conserved	9.798E-01	9.589E-01	9.589E-01	51.100	91	90	91
A0A0B5ECY2_conserved	AF-A0A1L6K5Z3-F1-model_v4_conserved	9.834E-01	9.517E-01	9.621E-01	54.400	91	90	90
A0A0B5ECY2_conserved	STA-1_conserved	9.796E-01	9.587E-01	9.587E-01	50.000	91	90	91
A0A0B5ECY2_conserved	A8R403_conserved	9.784E-01	9.575E-01	9.575E-01	53.300	91	90	91
A0A0B5ECY2_conserved	A0A161H7D8_conserved	9.781E-01	9.572E-01	9.572E-01	52.200	91	90	91
A0A0B5ECY2_conserved	F8UQX1_conserved	9.773E-01	9.565E-01	9.565E-01	54.400	91	90	91
A0A0B5ECY2_conserved	G4WB26_conserved	9.763E-01	9.555E-01	9.555E-01	53.300	91	90	91
A0A0B5ECY2_conserved	AF-A0A1L6K5Y5-F1-model_v4_conserved	9.803E-01	9.488E-01	9.591E-01	50.000	91	90	90
A0A0B5ECY2_conserved	Q53CM3_conserved	9.758E-01	9.550E-01	9.550E-01	53.300	91	90	91
A0A0B5ECY2_conserved	A0A0D5ZZW5_conserved	9.756E-01	9.549E-01	9.549E-01	52.200	91	90	91
A0A0B5ECY2_conserved	AF-A0A6B7ELH8-F1-model_v4_conserved	9.803E-01	9.489E-01	9.591E-01	45.500	91	90	90
A0A0B5ECY2_conserved	Q70E85_conserved	9.756E-01	9.549E-01	9.549E-01	53.300	91	90	91
A0A0B5ECY2_conserved	I7CP04_conserved	9.756E-01	9.548E-01	9.548E-01	53.300	91	90	91
A0A0B5ECY2_conserved	B0FWK3_conserved	9.756E-01	9.548E-01	9.548E-01	48.800	91	90	91
A0A0B5ECY2_conserved	Q8VLM7_conserved	9.755E-01	9.547E-01	9.547E-01	54.400	91	90	91
A0A0B5ECY2_conserved	Q9AHY6_conserved	9.754E-01	9.547E-01	9.547E-01	53.300	91	90	91
A0A0B5ECY2_conserved	A0A0H4IUK3_conserved	9.753E-01	9.545E-01	9.545E-01	53.300	91	90	91
A0A0B5ECY2_conserved	S5WLJ9_conserved	9.752E-01	9.544E-01	9.544E-01	53.300	91	90	91
A0A0B5ECY2_conserved	F5ANL2_conserved	9.751E-01	9.544E-01	9.544E-01	53.300	91	90	91
A0A0B5ECY2_conserved	A8QUY6_conserved	9.751E-01	9.543E-01	9.543E-01	54.400	91	90	91
A0A0B5ECY2_conserved	Q8GIW8_conserved	9.750E-01	9.543E-01	9.543E-01	54.400	91	90	91
A0A0B5ECY2_conserved	ECV-1_conserved	9.793E-01	9.479E-01	9.581E-01	46.600	91	90	90
A0A0B5ECY2_conserved	Q9F6Z8_conserved	9.747E-01	9.540E-01	9.540E-01	55.500	91	90	91
A0A0B5ECY2_conserved	Q7WYA8_conserved	9.747E-01	9.540E-01	9.540E-01	55.500	91	90	91
A0A0B5ECY2_conserved	G9JKG5_conserved	9.747E-01	9.540E-01	9.540E-01	54.400	91	90	91
A0A0B5ECY2_conserved	BMHC-1_conserved	9.793E-01	9.479E-01	9.582E-01	47.700	91	90	90
A0A0B5ECY2_conserved	Q1A2Z1_conserved	9.746E-01	9.539E-01	9.539E-01	53.300	91	90	91
A0A0B5ECY2_conserved	A0A0S2MTX2_conserved	9.745E-01	9.538E-01	9.538E-01	54.400	91	90	91
A0A0B5ECY2_conserved	Q79MP6_conserved	9.745E-01	9.538E-01	9.538E-01	55.500	91	90	91
A0A0B5ECY2_conserved	AF-G0L217-F1-model_v4_conserved	9.788E-01	9.475E-01	9.577E-01	41.100	91	90	90
A0A0B5ECY2_conserved	B2ZTD9_conserved	9.744E-01	9.536E-01	9.536E-01	54.400	91	90	91
A0A0B5ECY2_conserved	A0A097J9I0_conserved	9.741E-01	9.534E-01	9.534E-01	52.200	91	90	91
A0A0B5ECY2_conserved	ANA-1_conserved	9.739E-01	9.532E-01	9.532E-01	50.000	91	90	91
A0A0B5ECY2_conserved	AF-A0A4Y8LBX5-F1-model_v4_conserved	9.746E-01	9.539E-01	9.539E-01	60.000	91	90	91
A0A0B5ECY2_conserved	AF-A0A7T8ZCD9-F1-model_v4_conserved	9.779E-01	9.466E-01	9.568E-01	44.400	91	90	90
A0A0B5ECY2_conserved	ORR-1_conserved	9.768E-01	9.456E-01	9.558E-01	46.600	91	90	90
A0A0B5ECY2_conserved	P14488_conserved	9.764E-01	9.452E-01	9.554E-01	52.200	91	90	90
A0A0B5ECY2_conserved	AF-A0A1B2F003-F1-model_v4_conserved	9.717E-01	9.510E-01	9.510E-01	51.100	91	90	91
A0A0B5ECY2_conserved	Q6SPY5_conserved	9.759E-01	9.448E-01	9.549E-01	51.100	91	90	90
A0A0B5ECY2_conserved	AF-I0KEZ6-F1-model_v4_conserved	9.746E-01	9.435E-01	9.536E-01	50.000	91	90	90
A0A0B5ECY2_conserved	Q8GKX2_conserved	9.726E-01	9.416E-01	9.517E-01	52.200	91	90	90
A0A0B5ECY2_conserved	Q9XAY4_conserved	9.724E-01	9.415E-01	9.516E-01	52.200	91	90	90
A0A0B5ECY2_conserved	Q2HY42_conserved	9.724E-01	9.415E-01	9.516E-01	51.100	91	90	90
A0A0B5ECY2_conserved	Q840P9_conserved	9.721E-01	9.412E-01	9.513E-01	46.600	91	90	90
A0A0B5ECY2_conserved	P25910_conserved	9.686E-01	9.481E-01	9.481E-01	50.000	91	90	91
A0A0B5ECY2_conserved	Q3YBY0_conserved	9.712E-01	9.403E-01	9.504E-01	52.200	91	90	90
A0A0B5ECY2_conserved	E5G503_conserved	9.710E-01	9.402E-01	9.502E-01	52.200	91	90	90
A0A0B5ECY2_conserved	AF-A0A0U3H0V9-F1-model_v4_conserved	9.661E-01	9.354E-01	9.556E-01	41.100	91	90	89
A0A0B5ECY2_conserved	A0A0C5L398_conserved	9.703E-01	9.394E-01	9.495E-01	44.400	91	90	90
A0A0B5ECY2_conserved	B4YAJ7_conserved	9.697E-01	9.389E-01	9.489E-01	53.300	91	90	90
A0A0B5ECY2_conserved	I3RJZ3_conserved	9.695E-01	9.387E-01	9.487E-01	53.300	91	90	90
A0A0B5ECY2_conserved	ALI-2_conserved	9.624E-01	9.420E-01	9.420E-01	47.200	91	91	91
A0A0B5ECY2_conserved	ALI-1_conserved	9.623E-01	9.419E-01	9.419E-01	43.900	91	91	91
A0A0B5ECY2_conserved	A7WPA3_conserved	9.683E-01	9.376E-01	9.476E-01	53.300	91	90	90
A0A0B5ECY2_conserved	Q9F629_conserved	9.681E-01	9.374E-01	9.474E-01	53.300	91	90	90
A0A0B5ECY2_conserved	AF-A0A7U3MVS9-F1-model_v4_conserved	9.665E-01	9.359E-01	9.459E-01	38.800	91	90	90
A0A0B5ECY2_conserved	Q8G9Q0_conserved	9.639E-01	9.334E-01	9.434E-01	40.000	91	90	90
A0A0B5ECY2_conserved	A0A2R4PHC7_conserved	9.623E-01	9.319E-01	9.418E-01	48.800	91	90	90
A0A0B5ECY2_conserved	SPS-1_conserved	9.572E-01	9.271E-01	9.470E-01	36.600	91	90	89
A0A0B5ECY2_conserved	AF-A0A844TY23-F1-model_v4_conserved	9.590E-01	9.288E-01	9.386E-01	46.600	91	90	90
A0A0B5ECY2_conserved	Q8GPN1_conserved	9.589E-01	9.287E-01	9.386E-01	43.300	91	90	90
A0A0B5ECY2_conserved	AF-A0A191Z3S9-F1-model_v4_conserved	9.585E-01	9.283E-01	9.382E-01	36.600	91	90	90
A0A0B5ECY2_conserved	Q8RMB8_conserved	9.572E-01	9.271E-01	9.369E-01	43.300	91	90	90
A0A0B5ECY2_conserved	A0A0H3YDR5_conserved	9.565E-01	9.264E-01	9.362E-01	41.100	91	90	90
A0A0B5ECY2_conserved	Q8GPN2_conserved	9.564E-01	9.264E-01	9.362E-01	42.200	91	90	90
A0A0B5ECY2_conserved	A0A077EG89_conserved	9.508E-01	9.211E-01	9.308E-01	42.200	91	90	90
A0A0B5ECY2_conserved	AF-Q9RB01-F1-model_v4_conserved	9.496E-01	9.200E-01	9.297E-01	41.100	91	90	90
A0A0B5ECY2_conserved	A0A0N9HJI8_conserved	9.461E-01	9.165E-01	9.262E-01	35.500	91	90	90
A0A0B5ECY2_conserved	Q9ETN2_conserved	9.464E-01	9.169E-01	9.265E-01	37.700	91	90	90
A0A0B5ECY2_conserved	Q08I33_conserved	9.463E-01	9.168E-01	9.265E-01	37.700	91	90	90
A0A0B5ECY2_conserved	Q8VT48_conserved	9.441E-01	9.148E-01	9.244E-01	38.800	91	90	90
A0A0B5ECY2_conserved	Q9F921_conserved	9.430E-01	9.137E-01	9.232E-01	37.700	91	90	90
A0A0B5ECY2_conserved	Q8GQK7_conserved	9.420E-01	9.127E-01	9.222E-01	35.500	91	90	90
A0A0B5ECY2_conserved	D2K7P0_conserved	9.426E-01	9.134E-01	9.229E-01	37.700	91	90	90
A0A0B5ECY2_conserved	D2KCJ9_conserved	9.414E-01	9.122E-01	9.217E-01	36.600	91	90	90
A0A0B5ECY2_conserved	E2GLP7_conserved	9.415E-01	9.123E-01	9.219E-01	36.600	91	90	90
A0A0B5ECY2_conserved	Q9EU43_conserved	9.408E-01	9.117E-01	9.212E-01	36.600	91	90	90
A0A0B5ECY2_conserved	Q6JE29_conserved	9.403E-01	9.112E-01	9.207E-01	37.700	91	90	90
A0A0B5ECY2_conserved	Q9X482_conserved	9.401E-01	9.110E-01	9.205E-01	37.700	91	90	90
A0A0D5ZZW5_conserved	A0A0D5ZZW5_conserved	1.011E+00	1.000E+00	1.000E+00	100.000	91	91	91
A0A0D5ZZW5_conserved	Q7WYA8_conserved	1.010E+00	9.988E-01	9.988E-01	94.500	91	91	91
A0A0D5ZZW5_conserved	F5ANL2_conserved	1.010E+00	9.988E-01	9.988E-01	97.800	91	91	91
A0A0D5ZZW5_conserved	Q53CM3_conserved	1.009E+00	9.979E-01	9.979E-01	96.700	91	91	91
A0A0D5ZZW5_conserved	B0FWK3_conserved	1.006E+00	9.952E-01	9.952E-01	95.600	91	91	91
A0A0D5ZZW5_conserved	A8QUY6_conserved	1.005E+00	9.937E-01	9.937E-01	95.600	91	91	91
A0A0D5ZZW5_conserved	Q9AHY6_conserved	1.004E+00	9.932E-01	9.932E-01	98.900	91	91	91
A0A0D5ZZW5_conserved	Q79MP6_conserved	1.003E+00	9.922E-01	9.922E-01	95.600	91	91	91
A0A0D5ZZW5_conserved	Q8GIW8_conserved	1.004E+00	9.927E-01	9.927E-01	95.600	91	91	91
A0A0D5ZZW5_conserved	Q8VLM7_conserved	1.003E+00	9.922E-01	9.922E-01	96.700	91	91	91
A0A0D5ZZW5_conserved	G9JKG5_conserved	1.003E+00	9.923E-01	9.923E-01	95.600	91	91	91
A0A0D5ZZW5_conserved	Q1A2Z1_conserved	1.003E+00	9.920E-01	9.920E-01	95.600	91	91	91
A0A0D5ZZW5_conserved	G4WB26_conserved	1.002E+00	9.909E-01	9.909E-01	97.800	91	91	91
A0A0D5ZZW5_conserved	Q9F6Z8_conserved	1.002E+00	9.907E-01	9.907E-01	95.600	91	91	91
A0A0D5ZZW5_conserved	B2ZTD9_conserved	1.003E+00	9.916E-01	9.916E-01	89.000	91	91	91
A0A0D5ZZW5_conserved	F8UQX1_conserved	1.001E+00	9.901E-01	9.901E-01	93.400	91	91	91
A0A0D5ZZW5_conserved	I7CP04_conserved	1.001E+00	9.900E-01	9.900E-01	91.200	91	91	91
A0A0D5ZZW5_conserved	A0A0S2MTX2_conserved	1.010E+00	9.882E-01	9.882E-01	93.300	91	90	91
A0A0D5ZZW5_conserved	Q70E85_conserved	1.010E+00	9.881E-01	9.881E-01	94.400	91	90	91
A0A0D5ZZW5_conserved	S5WLJ9_conserved	1.010E+00	9.880E-01	9.880E-01	91.100	91	90	91
A0A0D5ZZW5_conserved	A0A097J9I0_conserved	9.997E-01	9.887E-01	9.887E-01	92.300	91	91	91
A0A0D5ZZW5_conserved	A0A0H4IUK3_conserved	1.009E+00	9.867E-01	9.867E-01	93.300	91	90	91
A0A0D5ZZW5_conserved	AF-A0A1B2F003-F1-model_v4_conserved	1.009E+00	9.867E-01	9.867E-01	87.700	91	90	91
A0A0D5ZZW5_conserved	A0A161H7D8_conserved	9.980E-01	9.871E-01	9.871E-01	85.700	91	91	91
A0A0D5ZZW5_conserved	A8R403_conserved	1.007E+00	9.853E-01	9.853E-01	86.600	91	90	91
A0A0D5ZZW5_conserved	AF-A0A7Y3W177-F1-model_v4_conserved	9.963E-01	9.746E-01	9.746E-01	80.000	91	90	91
A0A0D5ZZW5_conserved	L0N4W6_conserved	9.963E-01	9.746E-01	9.746E-01	75.500	91	90	91
A0A0D5ZZW5_conserved	L7X1X1_conserved	9.864E-01	9.757E-01	9.757E-01	73.600	91	91	91
A0A0D5ZZW5_conserved	AF-C5BSS3-F1-model_v4_conserved	9.947E-01	9.731E-01	9.731E-01	75.500	91	90	91
A0A0D5ZZW5_conserved	SHD-1_conserved	9.938E-01	9.722E-01	9.722E-01	73.300	91	90	91
A0A0D5ZZW5_conserved	A0A650AXL4_conserved	9.937E-01	9.721E-01	9.721E-01	70.000	91	90	91
A0A0D5ZZW5_conserved	Q704V1_conserved	9.930E-01	9.715E-01	9.715E-01	74.400	91	90	91
A0A0D5ZZW5_conserved	AF-A0A1L6K5Z3-F1-model_v4_conserved	9.952E-01	9.628E-01	9.734E-01	76.600	91	90	90
A0A0D5ZZW5_conserved	AF-A0A6M4NN58-F1-model_v4_conserved	9.910E-01	9.696E-01	9.696E-01	70.000	91	90	91
A0A0D5ZZW5_conserved	Q53BU0_conserved	9.863E-01	9.651E-01	9.756E-01	66.600	91	90	90
A0A0D5ZZW5_conserved	AF-Q12JE6-F1-model_v4_conserved	9.881E-01	9.668E-01	9.668E-01	73.300	91	90	91
A0A0D5ZZW5_conserved	Q53BU1_conserved	9.819E-01	9.608E-01	9.713E-01	68.800	91	90	90
A0A0D5ZZW5_conserved	K7SA42_conserved	9.797E-01	9.587E-01	9.587E-01	54.400	91	90	91
A0A0D5ZZW5_conserved	AF-A0A3G5BD68-F1-model_v4_conserved	9.768E-01	9.559E-01	9.559E-01	52.200	91	90	91
A0A0D5ZZW5_conserved	STA-1_conserved	9.766E-01	9.558E-01	9.558E-01	55.500	91	90	91
A0A0D5ZZW5_conserved	AF-A0A1L6K5Y5-F1-model_v4_conserved	9.801E-01	9.487E-01	9.589E-01	62.200	91	90	90
A0A0D5ZZW5_conserved	A0A3G3C0Q6_conserved	9.761E-01	9.553E-01	9.553E-01	52.200	91	90	91
A0A0D5ZZW5_conserved	AF-A0A8E7DAJ6-F1-model_v6_conserved	9.759E-01	9.551E-01	9.551E-01	53.300	91	90	91
A0A0D5ZZW5_conserved	A0A1P8VH15_conserved	9.758E-01	9.550E-01	9.550E-01	52.200	91	90	91
A0A0D5ZZW5_conserved	A0A1Z3FWF5_conserved	9.758E-01	9.550E-01	9.550E-01	52.200	91	90	91
A0A0D5ZZW5_conserved	A0A0B5ECY2_conserved	9.756E-01	9.549E-01	9.549E-01	52.200	91	90	91
A0A0D5ZZW5_conserved	S5ZIP8_conserved	9.756E-01	9.549E-01	9.549E-01	52.200	91	90	91
A0A0D5ZZW5_conserved	AF-Q1DF71-F1-model_v4_conserved	9.752E-01	9.544E-01	9.544E-01	55.500	91	90	91
A0A0D5ZZW5_conserved	A0A1P8C735_conserved	9.754E-01	9.546E-01	9.546E-01	53.300	91	90	91
A0A0D5ZZW5_conserved	AF-A0A4Y8LBX5-F1-model_v4_conserved	9.746E-01	9.538E-01	9.538E-01	63.300	91	90	91
A0A0D5ZZW5_conserved	ALI-2_conserved	9.712E-01	9.504E-01	9.504E-01	58.200	91	91	91
A0A0D5ZZW5_conserved	ALI-1_conserved	9.711E-01	9.503E-01	9.503E-01	63.700	91	91	91
A0A0D5ZZW5_conserved	AF-G0L217-F1-model_v4_conserved	9.759E-01	9.447E-01	9.549E-01	54.400	91	90	90
A0A0D5ZZW5_conserved	AF-A0A7T8ZCD9-F1-model_v4_conserved	9.754E-01	9.442E-01	9.544E-01	52.200	91	90	90
A0A0D5ZZW5_conserved	ECV-1_conserved	9.756E-01	9.444E-01	9.546E-01	56.600	91	90	90
A0A0D5ZZW5_conserved	AF-A0A6B7ELH8-F1-model_v4_conserved	9.752E-01	9.441E-01	9.542E-01	58.800	91	90	90
A0A0D5ZZW5_conserved	ORR-1_conserved	9.743E-01	9.432E-01	9.534E-01	57.700	91	90	90
A0A0D5ZZW5_conserved	BMHC-1_conserved	9.743E-01	9.432E-01	9.534E-01	52.200	91	90	90
A0A0D5ZZW5_conserved	A0A0C5L398_conserved	9.712E-01	9.402E-01	9.503E-01	50.000	91	90	90
A0A0D5ZZW5_conserved	ANA-1_conserved	9.660E-01	9.455E-01	9.455E-01	58.800	91	90	91
A0A0D5ZZW5_conserved	Q6SPY5_conserved	9.688E-01	9.380E-01	9.480E-01	58.800	91	90	90
A0A0D5ZZW5_conserved	P14488_conserved	9.688E-01	9.380E-01	9.480E-01	58.800	91	90	90
A0A0D5ZZW5_conserved	AF-I0KEZ6-F1-model_v4_conserved	9.670E-01	9.363E-01	9.463E-01	53.300	91	90	90
A0A0D5ZZW5_conserved	Q8G9Q0_conserved	9.676E-01	9.369E-01	9.469E-01	53.300	91	90	90
A0A0D5ZZW5_conserved	AF-A0A0U3H0V9-F1-model_v4_conserved	9.616E-01	9.311E-01	9.512E-01	56.600	91	90	89
A0A0D5ZZW5_conserved	P25910_conserved	9.624E-01	9.421E-01	9.421E-01	57.700	91	90	91
A0A0D5ZZW5_conserved	Q8RMB8_conserved	9.637E-01	9.332E-01	9.431E-01	45.500	91	90	90
A0A0D5ZZW5_conserved	A0A2R4PHC7_conserved	9.627E-01	9.322E-01	9.422E-01	58.800	91	90	90
A0A0D5ZZW5_conserved	Q8GPN1_conserved	9.611E-01	9.307E-01	9.407E-01	53.300	91	90	90
A0A0D5ZZW5_conserved	AF-A0A844TY23-F1-model_v4_conserved	9.602E-01	9.298E-01	9.397E-01	55.500	91	90	90
A0A0D5ZZW5_conserved	A0A0H3YDR5_conserved	9.600E-01	9.297E-01	9.396E-01	54.400	91	90	90
A0A0D5ZZW5_conserved	AF-A0A191Z3S9-F1-model_v4_conserved	9.598E-01	9.295E-01	9.394E-01	51.100	91	90	90
A0A0D5ZZW5_conserved	Q8GPN2_conserved	9.593E-01	9.290E-01	9.388E-01	53.300	91	90	90
A0A0D5ZZW5_conserved	Q9ETN2_conserved	9.517E-01	9.318E-01	9.416E-01	51.600	91	91	90
A0A0D5ZZW5_conserved	SPS-1_conserved	9.568E-01	9.267E-01	9.465E-01	50.000	91	90	89
A0A0D5ZZW5_conserved	Q840P9_conserved	9.585E-01	9.283E-01	9.381E-01	57.700	91	90	90
A0A0D5ZZW5_conserved	AF-A0A7U3MVS9-F1-model_v4_conserved	9.585E-01	9.283E-01	9.382E-01	48.800	91	90	90
A0A0D5ZZW5_conserved	Q8GKX2_conserved	9.577E-01	9.276E-01	9.374E-01	56.600	91	90	90
A0A0D5ZZW5_conserved	Q2HY42_conserved	9.574E-01	9.273E-01	9.371E-01	57.700	91	90	90
A0A0D5ZZW5_conserved	Q9XAY4_conserved	9.569E-01	9.267E-01	9.366E-01	56.600	91	90	90
A0A0D5ZZW5_conserved	E5G503_conserved	9.566E-01	9.265E-01	9.363E-01	56.600	91	90	90
A0A0D5ZZW5_conserved	Q3YBY0_conserved	9.563E-01	9.262E-01	9.360E-01	56.600	91	90	90
A0A0D5ZZW5_conserved	B4YAJ7_conserved	9.544E-01	9.244E-01	9.342E-01	55.500	91	90	90
A0A0D5ZZW5_conserved	I3RJZ3_conserved	9.546E-01	9.246E-01	9.344E-01	55.500	91	90	90
A0A0D5ZZW5_conserved	Q6JE29_conserved	9.460E-01	9.263E-01	9.361E-01	49.400	91	91	90
A0A0D5ZZW5_conserved	A7WPA3_conserved	9.530E-01	9.231E-01	9.328E-01	55.500	91	90	90
A0A0D5ZZW5_conserved	Q9F629_conserved	9.530E-01	9.231E-01	9.329E-01	55.500	91	90	90
A0A0D5ZZW5_conserved	Q08I33_conserved	9.431E-01	9.235E-01	9.332E-01	49.400	91	91	90
A0A0D5ZZW5_conserved	Q9F921_conserved	9.428E-01	9.231E-01	9.329E-01	51.600	91	91	90
A0A0D5ZZW5_conserved	E2GLP7_conserved	9.431E-01	9.235E-01	9.332E-01	50.500	91	91	90
A0A0D5ZZW5_conserved	Q9EU43_conserved	9.411E-01	9.215E-01	9.312E-01	50.500	91	91	90
A0A0D5ZZW5_conserved	Q8VT48_conserved	9.495E-01	9.198E-01	9.295E-01	47.700	91	90	90
A0A0D5ZZW5_conserved	A0A0N9HJI8_conserved	9.481E-01	9.184E-01	9.281E-01	51.100	91	90	90
A0A0D5ZZW5_conserved	D2K7P0_conserved	9.481E-01	9.184E-01	9.281E-01	48.800	91	90	90
A0A0D5ZZW5_conserved	AF-Q9RB01-F1-model_v4_conserved	9.480E-01	9.184E-01	9.280E-01	51.100	91	90	90
A0A0D5ZZW5_conserved	A0A077EG89_conserved	9.478E-01	9.182E-01	9.279E-01	50.000	91	90	90
A0A0D5ZZW5_conserved	Q9X482_conserved	9.467E-01	9.172E-01	9.268E-01	48.800	91	90	90
A0A0D5ZZW5_conserved	Q8GQK7_conserved	9.443E-01	9.148E-01	9.244E-01	51.100	91	90	90
A0A0D5ZZW5_conserved	D2KCJ9_conserved	9.434E-01	9.140E-01	9.236E-01	47.700	91	90	90
