B0FP98_Q75_lddt	B0FP98_Q75_lddt	1.011E+00	1.000E+00	1.000E+00	100.000	89	89	89
B0FP98_Q75_lddt	H2ERK9_Q75_lddt	1.011E+00	9.998E-01	9.998E-01	98.800	89	89	89
B0FP98_Q75_lddt	Q8VP67_Q75_lddt	1.011E+00	9.995E-01	9.995E-01	98.800	89	89	89
B0FP98_Q75_lddt	Q939H5_Q75_lddt	1.011E+00	9.995E-01	9.995E-01	97.700	89	89	89
B0FP98_Q75_lddt	S4TWB0_Q75_lddt	1.011E+00	9.995E-01	9.995E-01	98.800	89	89	89
B0FP98_Q75_lddt	E5Q900_Q75_lddt	1.011E+00	9.995E-01	9.995E-01	98.800	89	89	89
B0FP98_Q75_lddt	B9U2I6_Q75_lddt	1.011E+00	9.994E-01	9.994E-01	98.800	89	89	89
B0FP98_Q75_lddt	J7HZA4_Q75_lddt	1.011E+00	9.994E-01	9.994E-01	97.700	89	89	89
B0FP98_Q75_lddt	A0A2P9E069_Q75_lddt	1.011E+00	9.994E-01	9.994E-01	98.800	89	89	89
B0FP98_Q75_lddt	A0ZX91_Q75_lddt	1.011E+00	9.994E-01	9.994E-01	98.800	89	89	89
B0FP98_Q75_lddt	D5LGB4_Q75_lddt	1.011E+00	9.994E-01	9.994E-01	98.800	89	89	89
B0FP98_Q75_lddt	A0ZX80_Q75_lddt	1.011E+00	9.994E-01	9.994E-01	98.800	89	89	89
B0FP98_Q75_lddt	Q8VP57_Q75_lddt	1.011E+00	9.994E-01	9.994E-01	98.800	89	89	89
B0FP98_Q75_lddt	Q8KRG7_Q75_lddt	1.011E+00	9.994E-01	9.994E-01	97.700	89	89	89
B0FP98_Q75_lddt	A3FFR2_Q75_lddt	1.011E+00	9.993E-01	9.993E-01	98.800	89	89	89
B0FP98_Q75_lddt	Q0PGR7_Q75_lddt	1.011E+00	9.992E-01	9.992E-01	97.700	89	89	89
B0FP98_Q75_lddt	A0A097BQY7_Q75_lddt	1.010E+00	9.990E-01	9.990E-01	98.800	89	89	89
B0FP98_Q75_lddt	Q2MJC2_Q75_lddt	1.010E+00	9.989E-01	9.989E-01	98.800	89	89	89
B0FP98_Q75_lddt	F8SQ10_Q75_lddt	1.010E+00	9.988E-01	9.988E-01	98.800	89	89	89
B0FP98_Q75_lddt	Q939H3_Q75_lddt	1.010E+00	9.987E-01	9.987E-01	91.000	89	89	89
B0FP98_Q75_lddt	E5G517_Q75_lddt	1.005E+00	9.939E-01	9.939E-01	97.700	89	89	89
B0FP98_Q75_lddt	AF-A0A867XYA1-F1-model_v4_Q75_lddt	1.009E+00	9.861E-01	9.973E-01	87.600	89	89	88
B0FP98_Q75_lddt	AF-P18251-F1-model_v4_Q75_lddt	1.007E+00	9.844E-01	9.956E-01	94.300	89	89	88
B0FP98_Q75_lddt	Q6ZY74_Q75_lddt	1.011E+00	9.767E-01	9.992E-01	93.100	89	87	87
B0FP98_Q75_lddt	A0A0P0IGT7_Q75_lddt	1.011E+00	9.767E-01	9.991E-01	91.900	89	87	87
B0FP98_Q75_lddt	Q6R5M7_Q75_lddt	1.011E+00	9.767E-01	9.991E-01	93.100	89	87	87
B0FP98_Q75_lddt	Q2YHX6_Q75_lddt	1.011E+00	9.767E-01	9.991E-01	94.200	89	87	87
B0FP98_Q75_lddt	Q5I6D4_Q75_lddt	1.011E+00	9.766E-01	9.991E-01	94.200	89	87	87
B0FP98_Q75_lddt	B5D612_Q75_lddt	1.011E+00	9.766E-01	9.990E-01	91.900	89	87	87
B0FP98_Q75_lddt	B8YHZ8_Q75_lddt	1.011E+00	9.766E-01	9.990E-01	93.100	89	87	87
B0FP98_Q75_lddt	Q2YHX8_Q75_lddt	1.011E+00	9.766E-01	9.990E-01	94.200	89	87	87
B0FP98_Q75_lddt	B5D620_Q75_lddt	1.011E+00	9.766E-01	9.990E-01	93.100	89	87	87
B0FP98_Q75_lddt	E9NST5_Q75_lddt	1.011E+00	9.766E-01	9.990E-01	89.600	89	87	87
B0FP98_Q75_lddt	A0A455LP07_Q75_lddt	1.011E+00	9.766E-01	9.990E-01	91.900	89	87	87
B0FP98_Q75_lddt	A0A455LP13_Q75_lddt	1.011E+00	9.765E-01	9.990E-01	91.900	89	87	87
B0FP98_Q75_lddt	A0A455LP02_Q75_lddt	1.011E+00	9.765E-01	9.989E-01	91.900	89	87	87
B0FP98_Q75_lddt	R4ISB3_Q75_lddt	1.011E+00	9.765E-01	9.989E-01	91.900	89	87	87
B0FP98_Q75_lddt	Q6ZY77_Q75_lddt	1.010E+00	9.764E-01	9.988E-01	91.900	89	87	87
B0FP98_Q75_lddt	Q5PU78_Q75_lddt	1.010E+00	9.764E-01	9.988E-01	93.100	89	87	87
B0FP98_Q75_lddt	Q2YHZ2_Q75_lddt	1.010E+00	9.764E-01	9.988E-01	93.100	89	87	87
B0FP98_Q75_lddt	Q2YHZ5_Q75_lddt	1.010E+00	9.764E-01	9.988E-01	93.100	89	87	87
B0FP98_Q75_lddt	A0A455LS80_Q75_lddt	1.010E+00	9.763E-01	9.988E-01	93.100	89	87	87
B0FP98_Q75_lddt	Q2YHZ0_Q75_lddt	1.010E+00	9.763E-01	9.987E-01	93.100	89	87	87
B0FP98_Q75_lddt	Q2YHZ3_Q75_lddt	1.010E+00	9.763E-01	9.987E-01	93.100	89	87	87
B0FP98_Q75_lddt	Q6ZY58_Q75_lddt	1.010E+00	9.762E-01	9.986E-01	91.900	89	87	87
B0FP98_Q75_lddt	Q84H48_Q75_lddt	1.010E+00	9.760E-01	9.984E-01	90.800	89	87	87
B0FP98_Q75_lddt	Q84H47_Q75_lddt	1.010E+00	9.756E-01	9.980E-01	90.800	89	87	87
B0FP98_Q75_lddt	Q2YHY7_Q75_lddt	1.010E+00	9.756E-01	9.979E-01	93.100	89	87	87
B0FP98_Q75_lddt	Q8GHI3_Q75_lddt	1.009E+00	9.755E-01	9.979E-01	79.300	89	87	87
B0FP98_Q75_lddt	Q9R429_Q75_lddt	1.009E+00	9.755E-01	9.978E-01	80.400	89	87	87
B0FP98_Q75_lddt	Q8VQV7_Q75_lddt	1.009E+00	9.753E-01	9.977E-01	90.800	89	87	87
B0FP98_Q75_lddt	H9AXM1_Q75_lddt	1.009E+00	9.751E-01	9.975E-01	77.000	89	87	87
B0FP98_Q75_lddt	AF-Q6W7F0-F1-model_v4_Q75_lddt	1.009E+00	9.749E-01	9.972E-01	82.700	89	87	87
B0FP98_Q75_lddt	OKP-D-1_Q75_lddt	1.008E+00	9.737E-01	9.960E-01	90.800	89	87	87
B0FP98_Q75_lddt	OKP-C-1_Q75_lddt	1.010E+00	9.643E-01	9.979E-01	95.400	89	87	86
B0FP98_Q75_lddt	C0LSK3_Q75_lddt	1.009E+00	9.637E-01	9.972E-01	93.000	89	86	86
B0FP98_Q75_lddt	C8CE60_Q75_lddt	1.011E+00	9.544E-01	9.992E-01	96.500	89	87	85
B0FP98_Q75_lddt	C8CE59_Q75_lddt	1.011E+00	9.543E-01	9.992E-01	96.500	89	87	85
B0FP98_Q75_lddt	O33677_Q75_lddt	1.003E+00	9.583E-01	9.915E-01	78.100	89	87	86
B0FP98_Q75_lddt	B7FDD9_Q75_lddt	1.010E+00	9.190E-01	9.973E-01	94.200	89	87	82
B0FP98_Q75_lddt	P14171_Q75_lddt	9.911E-01	9.364E-01	9.796E-01	56.300	89	87	85
B0FP98_Q75_lddt	Q3SAW3_Q75_lddt	9.928E-01	9.270E-01	9.812E-01	56.300	89	87	84
B0FP98_Q75_lddt	C5HUY1_Q75_lddt	9.929E-01	9.272E-01	9.813E-01	49.400	89	87	84
B0FP98_Q75_lddt	A0A097ZLX5_Q75_lddt	9.929E-01	9.271E-01	9.813E-01	49.400	89	87	84
B0FP98_Q75_lddt	C6GC02_Q75_lddt	9.929E-01	9.271E-01	9.813E-01	48.200	89	87	84
B0FP98_Q75_lddt	AF-A0A1J0HSJ3-F1-model_v4_Q75_lddt	9.999E-01	9.110E-01	9.878E-01	52.800	89	87	82
B0FP98_Q75_lddt	GES-44_Q75_lddt	9.912E-01	9.257E-01	9.796E-01	49.400	89	87	84
B0FP98_Q75_lddt	GES-41_Q75_lddt	9.910E-01	9.255E-01	9.794E-01	49.400	89	87	84
B0FP98_Q75_lddt	AF-A0A3G1JAD7-F1-model_v4_Q75_lddt	9.990E-01	9.103E-01	9.870E-01	54.000	89	87	82
B0FP98_Q75_lddt	SGM-3_Q75_lddt	9.928E-01	9.270E-01	9.699E-01	54.000	89	87	85
B0FP98_Q75_lddt	SGM-2_Q75_lddt	9.925E-01	9.268E-01	9.696E-01	54.000	89	87	85
B0FP98_Q75_lddt	PER-16_Q75_lddt	9.842E-01	9.195E-01	9.728E-01	41.300	89	87	84
B0FP98_Q75_lddt	AF-E2D9D5-F1-model_v4_Q75_lddt	9.840E-01	9.194E-01	9.726E-01	31.000	89	87	84
B0FP98_Q75_lddt	AF-A0A886X7X6-F1-model_v6_Q75_lddt	9.869E-01	9.218E-01	9.642E-01	32.100	89	87	85
B0FP98_Q75_lddt	Q9AMJ7_Q75_lddt	9.863E-01	9.105E-01	9.747E-01	31.000	89	87	83
B0FP98_Q75_lddt	A0A1W5QH29_Q75_lddt	9.773E-01	9.241E-01	9.662E-01	36.700	89	87	85
B0FP98_Q75_lddt	A1YTM5_Q75_lddt	9.858E-01	9.101E-01	9.742E-01	31.000	89	87	83
B0FP98_Q75_lddt	A0A1W5QCF3_Q75_lddt	9.763E-01	9.232E-01	9.652E-01	36.700	89	87	85
B0FP98_Q75_lddt	RAA-1_Q75_lddt	9.849E-01	9.093E-01	9.733E-01	33.300	89	87	83
B0FP98_Q75_lddt	SGM-5_Q75_lddt	9.844E-01	9.197E-01	9.618E-01	50.500	89	87	85
B0FP98_Q75_lddt	A0A2Z2Z6H0_Q75_lddt	9.796E-01	9.155E-01	9.683E-01	47.100	89	87	84
B0FP98_Q75_lddt	A0A3Q8G682_Q75_lddt	9.681E-01	9.259E-01	9.572E-01	52.800	89	87	86
B0FP98_Q75_lddt	D5HSX5_Q75_lddt	9.831E-01	9.078E-01	9.716E-01	41.300	89	87	83
B0FP98_Q75_lddt	AF-Q1NAL0-F1-model_v4_Q75_lddt	9.830E-01	9.184E-01	9.605E-01	54.000	89	87	85
B0FP98_Q75_lddt	A0A1W5QG57_Q75_lddt	9.739E-01	9.210E-01	9.628E-01	36.700	89	87	85
B0FP98_Q75_lddt	F8T7L4_Q75_lddt	9.820E-01	9.068E-01	9.705E-01	37.900	89	87	83
B0FP98_Q75_lddt	Q5XQD3_Q75_lddt	9.818E-01	9.067E-01	9.703E-01	37.900	89	87	83
B0FP98_Q75_lddt	Q9XBM2_Q75_lddt	9.668E-01	9.248E-01	9.560E-01	41.300	89	87	86
B0FP98_Q75_lddt	P74842_Q75_lddt	9.814E-01	9.063E-01	9.699E-01	39.000	89	87	83
B0FP98_Q75_lddt	Q8VT49_Q75_lddt	9.816E-01	9.065E-01	9.701E-01	31.000	89	87	83
B0FP98_Q75_lddt	Q5W3A6_Q75_lddt	9.770E-01	9.132E-01	9.658E-01	34.400	89	87	84
B0FP98_Q75_lddt	AF-A0A0D0F642-F1-model_v4_Q75_lddt	9.805E-01	9.056E-01	9.690E-01	32.100	89	87	83
B0FP98_Q75_lddt	AF-E4WMC5-F1-model_v6_Q75_lddt	9.775E-01	9.029E-01	9.661E-01	35.600	89	87	83
B0FP98_Q75_lddt	G9MB50_Q75_lddt	9.776E-01	9.031E-01	9.662E-01	31.000	89	87	83
B0FP98_Q75_lddt	G9M9P7_Q75_lddt	9.770E-01	9.026E-01	9.657E-01	29.800	89	87	83
B0FP98_Q75_lddt	A0A0E0SR47_Q75_lddt	9.683E-01	9.160E-01	9.574E-01	39.000	89	87	85
B0FP98_Q75_lddt	G9MB49_Q75_lddt	9.768E-01	9.024E-01	9.654E-01	31.000	89	87	83
B0FP98_Q75_lddt	AF-A0A8E9ZWD0-F1-model_v6_Q75_lddt	9.746E-01	9.111E-01	9.525E-01	31.000	89	87	85
B0FP98_Q75_lddt	AF-J9QX37-F1-model_v4_Q75_lddt	9.810E-01	8.845E-01	9.693E-01	28.700	89	87	81
B0FP98_Q75_lddt	AF-F4NA56-F1-model_v4_Q75_lddt	9.632E-01	9.114E-01	9.524E-01	36.700	89	87	85
B0FP98_Q75_lddt	Q9X6W1_Q75_lddt	9.700E-01	8.962E-01	9.587E-01	32.100	89	87	83
B0FP98_Q75_lddt	Q9RAZ9_Q75_lddt	9.754E-01	8.906E-01	9.640E-01	31.000	89	87	82
B0FP98_Q75_lddt	B5L5W7_Q75_lddt	9.669E-01	9.145E-01	9.348E-01	37.900	89	87	87
B0FP98_Q75_lddt	A0A0B6VPP7_Q75_lddt	9.668E-01	8.935E-01	9.556E-01	31.000	89	87	83
B0FP98_Q75_lddt	AF-A0A127SQY3-F1-model_v6_Q75_lddt	9.545E-01	8.829E-01	9.435E-01	25.200	89	87	83
B0FP98_Q75_lddt	C8C0I2_Q75_lddt	9.467E-01	8.759E-01	9.359E-01	32.100	89	87	83
B0FP98_Q75_lddt	Q57509_Q75_lddt	9.488E-01	8.773E-01	9.272E-01	28.400	89	88	84
B0FP98_Q75_lddt	C8C0D8_Q75_lddt	9.165E-01	8.777E-01	9.065E-01	25.800	89	89	86
B0FP98_Q75_lddt	Q9X4S7_Q75_lddt	9.143E-01	8.756E-01	9.043E-01	28.000	89	89	86
B9U2I6_Q75_lddt	B9U2I6_Q75_lddt	1.011E+00	1.000E+00	1.000E+00	100.000	89	89	89
B9U2I6_Q75_lddt	A0ZX91_Q75_lddt	1.011E+00	1.000E+00	1.000E+00	100.000	89	89	89
B9U2I6_Q75_lddt	S4TWB0_Q75_lddt	1.011E+00	9.999E-01	9.999E-01	100.000	89	89	89
B9U2I6_Q75_lddt	A0A2P9E069_Q75_lddt	1.011E+00	9.999E-01	9.999E-01	100.000	89	89	89
B9U2I6_Q75_lddt	Q8VP57_Q75_lddt	1.011E+00	9.999E-01	9.999E-01	100.000	89	89	89
B9U2I6_Q75_lddt	A0ZX80_Q75_lddt	1.011E+00	9.999E-01	9.999E-01	100.000	89	89	89
B9U2I6_Q75_lddt	E5Q900_Q75_lddt	1.011E+00	9.999E-01	9.999E-01	100.000	89	89	89
B9U2I6_Q75_lddt	D5LGB4_Q75_lddt	1.011E+00	9.999E-01	9.999E-01	100.000	89	89	89
B9U2I6_Q75_lddt	A3FFR2_Q75_lddt	1.011E+00	9.998E-01	9.998E-01	100.000	89	89	89
B9U2I6_Q75_lddt	Q0PGR7_Q75_lddt	1.011E+00	9.998E-01	9.998E-01	98.800	89	89	89
B9U2I6_Q75_lddt	H2ERK9_Q75_lddt	1.011E+00	9.996E-01	9.996E-01	100.000	89	89	89
B9U2I6_Q75_lddt	B0FP98_Q75_lddt	1.011E+00	9.994E-01	9.994E-01	98.800	89	89	89
B9U2I6_Q75_lddt	Q939H5_Q75_lddt	1.011E+00	9.994E-01	9.994E-01	98.800	89	89	89
B9U2I6_Q75_lddt	Q2MJC2_Q75_lddt	1.011E+00	9.992E-01	9.992E-01	100.000	89	89	89
B9U2I6_Q75_lddt	A0A097BQY7_Q75_lddt	1.011E+00	9.992E-01	9.992E-01	100.000	89	89	89
B9U2I6_Q75_lddt	F8SQ10_Q75_lddt	1.011E+00	9.992E-01	9.992E-01	100.000	89	89	89
B9U2I6_Q75_lddt	Q939H3_Q75_lddt	1.011E+00	9.992E-01	9.992E-01	92.100	89	89	89
B9U2I6_Q75_lddt	Q8VP67_Q75_lddt	1.010E+00	9.991E-01	9.991E-01	100.000	89	89	89
B9U2I6_Q75_lddt	J7HZA4_Q75_lddt	1.010E+00	9.991E-01	9.991E-01	98.800	89	89	89
B9U2I6_Q75_lddt	Q8KRG7_Q75_lddt	1.010E+00	9.989E-01	9.989E-01	98.800	89	89	89
B9U2I6_Q75_lddt	E5G517_Q75_lddt	1.006E+00	9.943E-01	9.943E-01	98.800	89	89	89
B9U2I6_Q75_lddt	AF-A0A867XYA1-F1-model_v4_Q75_lddt	1.009E+00	9.861E-01	9.972E-01	88.700	89	89	88
B9U2I6_Q75_lddt	AF-P18251-F1-model_v4_Q75_lddt	1.008E+00	9.853E-01	9.965E-01	95.500	89	89	88
B9U2I6_Q75_lddt	B8YHZ8_Q75_lddt	1.011E+00	9.772E-01	9.997E-01	94.200	89	87	87
B9U2I6_Q75_lddt	Q5I6D4_Q75_lddt	1.011E+00	9.772E-01	9.997E-01	95.400	89	87	87
B9U2I6_Q75_lddt	Q2YHX6_Q75_lddt	1.011E+00	9.772E-01	9.997E-01	95.400	89	87	87
B9U2I6_Q75_lddt	Q2YHX8_Q75_lddt	1.011E+00	9.772E-01	9.996E-01	95.400	89	87	87
B9U2I6_Q75_lddt	B5D620_Q75_lddt	1.011E+00	9.772E-01	9.996E-01	94.200	89	87	87
B9U2I6_Q75_lddt	B5D612_Q75_lddt	1.011E+00	9.772E-01	9.996E-01	93.100	89	87	87
B9U2I6_Q75_lddt	A0A455LP07_Q75_lddt	1.011E+00	9.771E-01	9.996E-01	93.100	89	87	87
B9U2I6_Q75_lddt	A0A455LP13_Q75_lddt	1.011E+00	9.771E-01	9.995E-01	93.100	89	87	87
B9U2I6_Q75_lddt	A0A0P0IGT7_Q75_lddt	1.011E+00	9.771E-01	9.995E-01	93.100	89	87	87
B9U2I6_Q75_lddt	A0A455LP02_Q75_lddt	1.011E+00	9.771E-01	9.995E-01	93.100	89	87	87
B9U2I6_Q75_lddt	E9NST5_Q75_lddt	1.011E+00	9.771E-01	9.995E-01	90.800	89	87	87
B9U2I6_Q75_lddt	R4ISB3_Q75_lddt	1.011E+00	9.770E-01	9.995E-01	93.100	89	87	87
B9U2I6_Q75_lddt	Q2YHZ5_Q75_lddt	1.011E+00	9.768E-01	9.993E-01	94.200	89	87	87
B9U2I6_Q75_lddt	Q84H48_Q75_lddt	1.011E+00	9.768E-01	9.993E-01	91.900	89	87	87
B9U2I6_Q75_lddt	Q2YHZ2_Q75_lddt	1.011E+00	9.768E-01	9.992E-01	94.200	89	87	87
B9U2I6_Q75_lddt	Q5PU78_Q75_lddt	1.011E+00	9.768E-01	9.992E-01	94.200	89	87	87
B9U2I6_Q75_lddt	Q6ZY74_Q75_lddt	1.011E+00	9.768E-01	9.992E-01	94.200	89	87	87
B9U2I6_Q75_lddt	Q6ZY77_Q75_lddt	1.011E+00	9.767E-01	9.992E-01	93.100	89	87	87
B9U2I6_Q75_lddt	Q2YHZ0_Q75_lddt	1.011E+00	9.767E-01	9.992E-01	94.200	89	87	87
B9U2I6_Q75_lddt	Q2YHZ3_Q75_lddt	1.011E+00	9.767E-01	9.992E-01	94.200	89	87	87
B9U2I6_Q75_lddt	Q6R5M7_Q75_lddt	1.011E+00	9.767E-01	9.991E-01	94.200	89	87	87
B9U2I6_Q75_lddt	A0A455LS80_Q75_lddt	1.011E+00	9.767E-01	9.991E-01	94.200	89	87	87
B9U2I6_Q75_lddt	Q9R429_Q75_lddt	1.011E+00	9.766E-01	9.990E-01	81.600	89	87	87
B9U2I6_Q75_lddt	Q8GHI3_Q75_lddt	1.011E+00	9.766E-01	9.990E-01	80.400	89	87	87
B9U2I6_Q75_lddt	Q6ZY58_Q75_lddt	1.010E+00	9.764E-01	9.988E-01	93.100	89	87	87
B9U2I6_Q75_lddt	Q2YHY7_Q75_lddt	1.010E+00	9.763E-01	9.987E-01	94.200	89	87	87
B9U2I6_Q75_lddt	Q84H47_Q75_lddt	1.010E+00	9.763E-01	9.987E-01	91.900	89	87	87
B9U2I6_Q75_lddt	H9AXM1_Q75_lddt	1.010E+00	9.762E-01	9.986E-01	78.100	89	87	87
B9U2I6_Q75_lddt	AF-Q6W7F0-F1-model_v4_Q75_lddt	1.010E+00	9.760E-01	9.984E-01	83.900	89	87	87
B9U2I6_Q75_lddt	Q8VQV7_Q75_lddt	1.010E+00	9.760E-01	9.984E-01	91.900	89	87	87
B9U2I6_Q75_lddt	OKP-D-1_Q75_lddt	1.008E+00	9.744E-01	9.967E-01	91.900	89	87	87
B9U2I6_Q75_lddt	OKP-C-1_Q75_lddt	1.010E+00	9.650E-01	9.986E-01	96.500	89	87	86
B9U2I6_Q75_lddt	C0LSK3_Q75_lddt	1.010E+00	9.646E-01	9.982E-01	94.100	89	86	86
B9U2I6_Q75_lddt	C8CE59_Q75_lddt	1.011E+00	9.544E-01	9.992E-01	97.700	89	87	85
B9U2I6_Q75_lddt	C8CE60_Q75_lddt	1.011E+00	9.542E-01	9.991E-01	97.700	89	87	85
B9U2I6_Q75_lddt	O33677_Q75_lddt	1.005E+00	9.596E-01	9.929E-01	79.300	89	87	86
B9U2I6_Q75_lddt	B7FDD9_Q75_lddt	1.010E+00	9.195E-01	9.978E-01	94.200	89	87	82
B9U2I6_Q75_lddt	P14171_Q75_lddt	9.920E-01	9.372E-01	9.805E-01	56.300	89	87	85
B9U2I6_Q75_lddt	Q3SAW3_Q75_lddt	9.953E-01	9.292E-01	9.837E-01	56.300	89	87	84
B9U2I6_Q75_lddt	C5HUY1_Q75_lddt	9.946E-01	9.286E-01	9.830E-01	49.400	89	87	84
B9U2I6_Q75_lddt	C6GC02_Q75_lddt	9.945E-01	9.285E-01	9.829E-01	48.200	89	87	84
B9U2I6_Q75_lddt	A0A097ZLX5_Q75_lddt	9.945E-01	9.285E-01	9.829E-01	49.400	89	87	84
B9U2I6_Q75_lddt	AF-A0A1J0HSJ3-F1-model_v4_Q75_lddt	1.002E+00	9.124E-01	9.894E-01	52.800	89	87	82
B9U2I6_Q75_lddt	GES-44_Q75_lddt	9.931E-01	9.273E-01	9.815E-01	49.400	89	87	84
B9U2I6_Q75_lddt	AF-A0A3G1JAD7-F1-model_v4_Q75_lddt	1.001E+00	9.119E-01	9.889E-01	54.000	89	87	82
B9U2I6_Q75_lddt	GES-41_Q75_lddt	9.928E-01	9.270E-01	9.812E-01	49.400	89	87	84
B9U2I6_Q75_lddt	SGM-3_Q75_lddt	9.942E-01	9.282E-01	9.712E-01	54.000	89	87	85
B9U2I6_Q75_lddt	SGM-2_Q75_lddt	9.939E-01	9.280E-01	9.709E-01	54.000	89	87	85
B9U2I6_Q75_lddt	PER-16_Q75_lddt	9.869E-01	9.219E-01	9.755E-01	41.300	89	87	84
B9U2I6_Q75_lddt	AF-E2D9D5-F1-model_v4_Q75_lddt	9.859E-01	9.210E-01	9.745E-01	31.000	89	87	84
B9U2I6_Q75_lddt	AF-A0A886X7X6-F1-model_v6_Q75_lddt	9.886E-01	9.234E-01	9.658E-01	32.100	89	87	85
B9U2I6_Q75_lddt	Q9AMJ7_Q75_lddt	9.883E-01	9.122E-01	9.767E-01	31.000	89	87	83
B9U2I6_Q75_lddt	A1YTM5_Q75_lddt	9.878E-01	9.118E-01	9.762E-01	31.000	89	87	83
B9U2I6_Q75_lddt	A0A1W5QH29_Q75_lddt	9.784E-01	9.250E-01	9.672E-01	37.900	89	87	85
B9U2I6_Q75_lddt	RAA-1_Q75_lddt	9.868E-01	9.109E-01	9.752E-01	33.300	89	87	83
B9U2I6_Q75_lddt	A0A2Z2Z6H0_Q75_lddt	9.820E-01	9.176E-01	9.707E-01	47.100	89	87	84
B9U2I6_Q75_lddt	SGM-5_Q75_lddt	9.861E-01	9.211E-01	9.634E-01	50.500	89	87	85
B9U2I6_Q75_lddt	D5HSX5_Q75_lddt	9.860E-01	9.102E-01	9.744E-01	41.300	89	87	83
B9U2I6_Q75_lddt	A0A1W5QCF3_Q75_lddt	9.774E-01	9.242E-01	9.663E-01	37.900	89	87	85
B9U2I6_Q75_lddt	AF-Q1NAL0-F1-model_v4_Q75_lddt	9.848E-01	9.200E-01	9.622E-01	54.000	89	87	85
B9U2I6_Q75_lddt	F8T7L4_Q75_lddt	9.848E-01	9.092E-01	9.732E-01	37.900	89	87	83
B9U2I6_Q75_lddt	Q5XQD3_Q75_lddt	9.846E-01	9.091E-01	9.731E-01	37.900	89	87	83
B9U2I6_Q75_lddt	A0A3Q8G682_Q75_lddt	9.692E-01	9.270E-01	9.583E-01	54.000	89	87	86
B9U2I6_Q75_lddt	P74842_Q75_lddt	9.843E-01	9.088E-01	9.728E-01	39.000	89	87	83
B9U2I6_Q75_lddt	Q8VT49_Q75_lddt	9.833E-01	9.080E-01	9.718E-01	31.000	89	87	83
B9U2I6_Q75_lddt	Q9XBM2_Q75_lddt	9.682E-01	9.260E-01	9.573E-01	42.500	89	87	86
B9U2I6_Q75_lddt	A0A1W5QG57_Q75_lddt	9.745E-01	9.216E-01	9.634E-01	37.900	89	87	85
B9U2I6_Q75_lddt	Q5W3A6_Q75_lddt	9.787E-01	9.147E-01	9.675E-01	34.400	89	87	84
B9U2I6_Q75_lddt	AF-A0A0D0F642-F1-model_v4_Q75_lddt	9.826E-01	9.073E-01	9.711E-01	32.100	89	87	83
B9U2I6_Q75_lddt	AF-E4WMC5-F1-model_v6_Q75_lddt	9.793E-01	9.045E-01	9.679E-01	35.600	89	87	83
B9U2I6_Q75_lddt	G9MB50_Q75_lddt	9.790E-01	9.043E-01	9.676E-01	31.000	89	87	83
B9U2I6_Q75_lddt	A0A0E0SR47_Q75_lddt	9.702E-01	9.177E-01	9.592E-01	40.200	89	87	85
B9U2I6_Q75_lddt	G9M9P7_Q75_lddt	9.784E-01	9.038E-01	9.670E-01	29.800	89	87	83
B9U2I6_Q75_lddt	G9MB49_Q75_lddt	9.782E-01	9.036E-01	9.668E-01	31.000	89	87	83
B9U2I6_Q75_lddt	AF-A0A8E9ZWD0-F1-model_v6_Q75_lddt	9.761E-01	9.124E-01	9.539E-01	31.000	89	87	85
B9U2I6_Q75_lddt	AF-J9QX37-F1-model_v4_Q75_lddt	9.829E-01	8.861E-01	9.711E-01	28.700	89	87	81
B9U2I6_Q75_lddt	Q9X6W1_Q75_lddt	9.722E-01	8.981E-01	9.609E-01	32.100	89	87	83
B9U2I6_Q75_lddt	AF-F4NA56-F1-model_v4_Q75_lddt	9.652E-01	9.132E-01	9.543E-01	37.900	89	87	85
B9U2I6_Q75_lddt	Q9RAZ9_Q75_lddt	9.777E-01	8.925E-01	9.661E-01	31.000	89	87	82
B9U2I6_Q75_lddt	A0A0B6VPP7_Q75_lddt	9.690E-01	8.954E-01	9.577E-01	31.000	89	87	83
B9U2I6_Q75_lddt	B5L5W7_Q75_lddt	9.682E-01	9.157E-01	9.360E-01	37.900	89	87	87
B9U2I6_Q75_lddt	AF-A0A127SQY3-F1-model_v6_Q75_lddt	9.557E-01	8.839E-01	9.447E-01	25.200	89	87	83
B9U2I6_Q75_lddt	Q57509_Q75_lddt	9.507E-01	8.789E-01	9.290E-01	28.400	89	88	84
B9U2I6_Q75_lddt	C8C0I2_Q75_lddt	9.482E-01	8.771E-01	9.373E-01	32.100	89	87	83
B9U2I6_Q75_lddt	C8C0D8_Q75_lddt	9.184E-01	8.794E-01	9.084E-01	25.800	89	89	86
B9U2I6_Q75_lddt	Q9X4S7_Q75_lddt	9.164E-01	8.776E-01	9.064E-01	28.000	89	89	86
E5Q900_Q75_lddt	E5Q900_Q75_lddt	1.011E+00	1.000E+00	1.000E+00	100.000	89	89	89
E5Q900_Q75_lddt	B9U2I6_Q75_lddt	1.011E+00	9.999E-01	9.999E-01	100.000	89	89	89
E5Q900_Q75_lddt	A0ZX91_Q75_lddt	1.011E+00	9.999E-01	9.999E-01	100.000	89	89	89
E5Q900_Q75_lddt	A0A2P9E069_Q75_lddt	1.011E+00	9.999E-01	9.999E-01	100.000	89	89	89
E5Q900_Q75_lddt	S4TWB0_Q75_lddt	1.011E+00	9.999E-01	9.999E-01	100.000	89	89	89
E5Q900_Q75_lddt	Q8VP57_Q75_lddt	1.011E+00	9.999E-01	9.999E-01	100.000	89	89	89
E5Q900_Q75_lddt	A0ZX80_Q75_lddt	1.011E+00	9.999E-01	9.999E-01	100.000	89	89	89
E5Q900_Q75_lddt	D5LGB4_Q75_lddt	1.011E+00	9.999E-01	9.999E-01	100.000	89	89	89
E5Q900_Q75_lddt	A3FFR2_Q75_lddt	1.011E+00	9.998E-01	9.998E-01	100.000	89	89	89
E5Q900_Q75_lddt	Q0PGR7_Q75_lddt	1.011E+00	9.997E-01	9.997E-01	98.800	89	89	89
E5Q900_Q75_lddt	H2ERK9_Q75_lddt	1.011E+00	9.996E-01	9.996E-01	100.000	89	89	89
E5Q900_Q75_lddt	B0FP98_Q75_lddt	1.011E+00	9.995E-01	9.995E-01	98.800	89	89	89
E5Q900_Q75_lddt	Q939H5_Q75_lddt	1.011E+00	9.994E-01	9.994E-01	98.800	89	89	89
E5Q900_Q75_lddt	A0A097BQY7_Q75_lddt	1.011E+00	9.993E-01	9.993E-01	100.000	89	89	89
E5Q900_Q75_lddt	Q2MJC2_Q75_lddt	1.011E+00	9.992E-01	9.992E-01	100.000	89	89	89
E5Q900_Q75_lddt	Q8VP67_Q75_lddt	1.011E+00	9.992E-01	9.992E-01	100.000	89	89	89
E5Q900_Q75_lddt	Q939H3_Q75_lddt	1.011E+00	9.992E-01	9.992E-01	92.100	89	89	89
E5Q900_Q75_lddt	J7HZA4_Q75_lddt	1.011E+00	9.992E-01	9.992E-01	98.800	89	89	89
E5Q900_Q75_lddt	F8SQ10_Q75_lddt	1.010E+00	9.990E-01	9.990E-01	100.000	89	89	89
E5Q900_Q75_lddt	Q8KRG7_Q75_lddt	1.010E+00	9.990E-01	9.990E-01	98.800	89	89	89
E5Q900_Q75_lddt	E5G517_Q75_lddt	1.005E+00	9.942E-01	9.942E-01	98.800	89	89	89
E5Q900_Q75_lddt	AF-A0A867XYA1-F1-model_v4_Q75_lddt	1.009E+00	9.862E-01	9.974E-01	88.700	89	89	88
E5Q900_Q75_lddt	AF-P18251-F1-model_v4_Q75_lddt	1.008E+00	9.855E-01	9.966E-01	95.500	89	89	88
E5Q900_Q75_lddt	Q2YHX6_Q75_lddt	1.011E+00	9.772E-01	9.996E-01	95.400	89	87	87
E5Q900_Q75_lddt	B8YHZ8_Q75_lddt	1.011E+00	9.772E-01	9.996E-01	94.200	89	87	87
E5Q900_Q75_lddt	Q5I6D4_Q75_lddt	1.011E+00	9.772E-01	9.996E-01	95.400	89	87	87
E5Q900_Q75_lddt	Q2YHX8_Q75_lddt	1.011E+00	9.772E-01	9.996E-01	95.400	89	87	87
E5Q900_Q75_lddt	B5D620_Q75_lddt	1.011E+00	9.772E-01	9.996E-01	94.200	89	87	87
E5Q900_Q75_lddt	B5D612_Q75_lddt	1.011E+00	9.771E-01	9.996E-01	93.100	89	87	87
E5Q900_Q75_lddt	A0A455LP07_Q75_lddt	1.011E+00	9.771E-01	9.995E-01	93.100	89	87	87
E5Q900_Q75_lddt	A0A0P0IGT7_Q75_lddt	1.011E+00	9.771E-01	9.995E-01	93.100	89	87	87
E5Q900_Q75_lddt	A0A455LP13_Q75_lddt	1.011E+00	9.770E-01	9.995E-01	93.100	89	87	87
E5Q900_Q75_lddt	A0A455LP02_Q75_lddt	1.011E+00	9.770E-01	9.995E-01	93.100	89	87	87
E5Q900_Q75_lddt	E9NST5_Q75_lddt	1.011E+00	9.770E-01	9.995E-01	90.800	89	87	87
E5Q900_Q75_lddt	R4ISB3_Q75_lddt	1.011E+00	9.770E-01	9.995E-01	93.100	89	87	87
E5Q900_Q75_lddt	Q2YHZ5_Q75_lddt	1.011E+00	9.769E-01	9.993E-01	94.200	89	87	87
E5Q900_Q75_lddt	Q2YHZ2_Q75_lddt	1.011E+00	9.768E-01	9.993E-01	94.200	89	87	87
E5Q900_Q75_lddt	Q5PU78_Q75_lddt	1.011E+00	9.768E-01	9.993E-01	94.200	89	87	87
E5Q900_Q75_lddt	Q6ZY74_Q75_lddt	1.011E+00	9.768E-01	9.993E-01	94.200	89	87	87
E5Q900_Q75_lddt	Q6ZY77_Q75_lddt	1.011E+00	9.768E-01	9.992E-01	93.100	89	87	87
E5Q900_Q75_lddt	Q2YHZ0_Q75_lddt	1.011E+00	9.768E-01	9.992E-01	94.200	89	87	87
E5Q900_Q75_lddt	Q2YHZ3_Q75_lddt	1.011E+00	9.768E-01	9.992E-01	94.200	89	87	87
E5Q900_Q75_lddt	Q6R5M7_Q75_lddt	1.011E+00	9.768E-01	9.992E-01	94.200	89	87	87
E5Q900_Q75_lddt	Q84H48_Q75_lddt	1.011E+00	9.767E-01	9.992E-01	91.900	89	87	87
E5Q900_Q75_lddt	A0A455LS80_Q75_lddt	1.011E+00	9.767E-01	9.991E-01	94.200	89	87	87
E5Q900_Q75_lddt	Q9R429_Q75_lddt	1.011E+00	9.765E-01	9.989E-01	81.600	89	87	87
E5Q900_Q75_lddt	Q8GHI3_Q75_lddt	1.011E+00	9.765E-01	9.989E-01	80.400	89	87	87
E5Q900_Q75_lddt	Q6ZY58_Q75_lddt	1.010E+00	9.764E-01	9.988E-01	93.100	89	87	87
E5Q900_Q75_lddt	Q2YHY7_Q75_lddt	1.010E+00	9.763E-01	9.987E-01	94.200	89	87	87
E5Q900_Q75_lddt	Q84H47_Q75_lddt	1.010E+00	9.763E-01	9.987E-01	91.900	89	87	87
E5Q900_Q75_lddt	H9AXM1_Q75_lddt	1.010E+00	9.761E-01	9.986E-01	78.100	89	87	87
E5Q900_Q75_lddt	Q8VQV7_Q75_lddt	1.010E+00	9.760E-01	9.984E-01	91.900	89	87	87
E5Q900_Q75_lddt	AF-Q6W7F0-F1-model_v4_Q75_lddt	1.010E+00	9.759E-01	9.983E-01	83.900	89	87	87
E5Q900_Q75_lddt	OKP-D-1_Q75_lddt	1.008E+00	9.743E-01	9.966E-01	91.900	89	87	87
E5Q900_Q75_lddt	OKP-C-1_Q75_lddt	1.010E+00	9.649E-01	9.985E-01	96.500	89	87	86
E5Q900_Q75_lddt	C0LSK3_Q75_lddt	1.010E+00	9.646E-01	9.982E-01	94.100	89	86	86
E5Q900_Q75_lddt	C8CE59_Q75_lddt	1.011E+00	9.544E-01	9.993E-01	97.700	89	87	85
E5Q900_Q75_lddt	C8CE60_Q75_lddt	1.011E+00	9.543E-01	9.992E-01	97.700	89	87	85
E5Q900_Q75_lddt	O33677_Q75_lddt	1.005E+00	9.596E-01	9.929E-01	79.300	89	87	86
E5Q900_Q75_lddt	B7FDD9_Q75_lddt	1.010E+00	9.195E-01	9.979E-01	94.200	89	87	82
E5Q900_Q75_lddt	P14171_Q75_lddt	9.917E-01	9.370E-01	9.803E-01	56.300	89	87	85
E5Q900_Q75_lddt	Q3SAW3_Q75_lddt	9.947E-01	9.287E-01	9.830E-01	56.300	89	87	84
E5Q900_Q75_lddt	C5HUY1_Q75_lddt	9.941E-01	9.282E-01	9.825E-01	49.400	89	87	84
E5Q900_Q75_lddt	C6GC02_Q75_lddt	9.940E-01	9.281E-01	9.824E-01	48.200	89	87	84
E5Q900_Q75_lddt	A0A097ZLX5_Q75_lddt	9.940E-01	9.281E-01	9.824E-01	49.400	89	87	84
E5Q900_Q75_lddt	AF-A0A1J0HSJ3-F1-model_v4_Q75_lddt	1.001E+00	9.122E-01	9.893E-01	52.800	89	87	82
E5Q900_Q75_lddt	AF-A0A3G1JAD7-F1-model_v4_Q75_lddt	1.001E+00	9.117E-01	9.887E-01	54.000	89	87	82
E5Q900_Q75_lddt	GES-44_Q75_lddt	9.925E-01	9.268E-01	9.809E-01	49.400	89	87	84
E5Q900_Q75_lddt	GES-41_Q75_lddt	9.922E-01	9.266E-01	9.807E-01	49.400	89	87	84
E5Q900_Q75_lddt	SGM-3_Q75_lddt	9.940E-01	9.281E-01	9.710E-01	54.000	89	87	85
E5Q900_Q75_lddt	SGM-2_Q75_lddt	9.938E-01	9.279E-01	9.708E-01	54.000	89	87	85
E5Q900_Q75_lddt	PER-16_Q75_lddt	9.865E-01	9.215E-01	9.751E-01	41.300	89	87	84
E5Q900_Q75_lddt	AF-E2D9D5-F1-model_v4_Q75_lddt	9.856E-01	9.207E-01	9.741E-01	31.000	89	87	84
E5Q900_Q75_lddt	AF-A0A886X7X6-F1-model_v6_Q75_lddt	9.882E-01	9.230E-01	9.654E-01	32.100	89	87	85
E5Q900_Q75_lddt	Q9AMJ7_Q75_lddt	9.880E-01	9.120E-01	9.764E-01	31.000	89	87	83
E5Q900_Q75_lddt	A1YTM5_Q75_lddt	9.875E-01	9.116E-01	9.759E-01	31.000	89	87	83
E5Q900_Q75_lddt	A0A1W5QH29_Q75_lddt	9.784E-01	9.251E-01	9.673E-01	37.900	89	87	85
E5Q900_Q75_lddt	RAA-1_Q75_lddt	9.863E-01	9.105E-01	9.747E-01	33.300	89	87	83
E5Q900_Q75_lddt	SGM-5_Q75_lddt	9.859E-01	9.210E-01	9.633E-01	50.500	89	87	85
E5Q900_Q75_lddt	A0A1W5QCF3_Q75_lddt	9.775E-01	9.243E-01	9.664E-01	37.900	89	87	85
E5Q900_Q75_lddt	D5HSX5_Q75_lddt	9.855E-01	9.098E-01	9.739E-01	41.300	89	87	83
E5Q900_Q75_lddt	A0A2Z2Z6H0_Q75_lddt	9.813E-01	9.169E-01	9.699E-01	47.100	89	87	84
E5Q900_Q75_lddt	AF-Q1NAL0-F1-model_v4_Q75_lddt	9.846E-01	9.198E-01	9.620E-01	54.000	89	87	85
E5Q900_Q75_lddt	A0A3Q8G682_Q75_lddt	9.693E-01	9.271E-01	9.584E-01	54.000	89	87	86
E5Q900_Q75_lddt	F8T7L4_Q75_lddt	9.842E-01	9.087E-01	9.727E-01	37.900	89	87	83
E5Q900_Q75_lddt	Q5XQD3_Q75_lddt	9.841E-01	9.086E-01	9.726E-01	37.900	89	87	83
E5Q900_Q75_lddt	P74842_Q75_lddt	9.838E-01	9.083E-01	9.722E-01	39.000	89	87	83
E5Q900_Q75_lddt	Q9XBM2_Q75_lddt	9.680E-01	9.258E-01	9.571E-01	42.500	89	87	86
E5Q900_Q75_lddt	Q8VT49_Q75_lddt	9.830E-01	9.077E-01	9.715E-01	31.000	89	87	83
E5Q900_Q75_lddt	A0A1W5QG57_Q75_lddt	9.745E-01	9.216E-01	9.635E-01	37.900	89	87	85
E5Q900_Q75_lddt	Q5W3A6_Q75_lddt	9.783E-01	9.143E-01	9.670E-01	34.400	89	87	84
E5Q900_Q75_lddt	AF-A0A0D0F642-F1-model_v4_Q75_lddt	9.821E-01	9.070E-01	9.707E-01	32.100	89	87	83
E5Q900_Q75_lddt	AF-E4WMC5-F1-model_v6_Q75_lddt	9.789E-01	9.041E-01	9.675E-01	35.600	89	87	83
E5Q900_Q75_lddt	G9MB50_Q75_lddt	9.788E-01	9.041E-01	9.674E-01	31.000	89	87	83
E5Q900_Q75_lddt	A0A0E0SR47_Q75_lddt	9.699E-01	9.174E-01	9.589E-01	40.200	89	87	85
E5Q900_Q75_lddt	G9M9P7_Q75_lddt	9.782E-01	9.036E-01	9.668E-01	29.800	89	87	83
E5Q900_Q75_lddt	G9MB49_Q75_lddt	9.780E-01	9.034E-01	9.666E-01	31.000	89	87	83
E5Q900_Q75_lddt	AF-A0A8E9ZWD0-F1-model_v6_Q75_lddt	9.758E-01	9.121E-01	9.536E-01	31.000	89	87	85
E5Q900_Q75_lddt	AF-J9QX37-F1-model_v4_Q75_lddt	9.825E-01	8.858E-01	9.707E-01	28.700	89	87	81
E5Q900_Q75_lddt	AF-F4NA56-F1-model_v4_Q75_lddt	9.650E-01	9.130E-01	9.541E-01	37.900	89	87	85
E5Q900_Q75_lddt	Q9X6W1_Q75_lddt	9.718E-01	8.978E-01	9.605E-01	32.100	89	87	83
E5Q900_Q75_lddt	Q9RAZ9_Q75_lddt	9.773E-01	8.922E-01	9.658E-01	31.000	89	87	82
E5Q900_Q75_lddt	A0A0B6VPP7_Q75_lddt	9.686E-01	8.950E-01	9.573E-01	31.000	89	87	83
E5Q900_Q75_lddt	B5L5W7_Q75_lddt	9.680E-01	9.155E-01	9.358E-01	37.900	89	87	87
E5Q900_Q75_lddt	AF-A0A127SQY3-F1-model_v6_Q75_lddt	9.555E-01	8.838E-01	9.446E-01	25.200	89	87	83
E5Q900_Q75_lddt	Q57509_Q75_lddt	9.505E-01	8.787E-01	9.288E-01	28.400	89	88	84
E5Q900_Q75_lddt	C8C0I2_Q75_lddt	9.479E-01	8.768E-01	9.370E-01	32.100	89	87	83
E5Q900_Q75_lddt	C8C0D8_Q75_lddt	9.183E-01	8.793E-01	9.082E-01	25.800	89	89	86
E5Q900_Q75_lddt	Q9X4S7_Q75_lddt	9.162E-01	8.773E-01	9.061E-01	28.000	89	89	86
J7HZA4_Q75_lddt	J7HZA4_Q75_lddt	1.011E+00	1.000E+00	1.000E+00	100.000	89	89	89
J7HZA4_Q75_lddt	Q8VP67_Q75_lddt	1.011E+00	9.999E-01	9.999E-01	98.800	89	89	89
J7HZA4_Q75_lddt	Q8KRG7_Q75_lddt	1.011E+00	9.998E-01	9.998E-01	97.700	89	89	89
J7HZA4_Q75_lddt	H2ERK9_Q75_lddt	1.011E+00	9.995E-01	9.995E-01	98.800	89	89	89
J7HZA4_Q75_lddt	A0A097BQY7_Q75_lddt	1.011E+00	9.995E-01	9.995E-01	98.800	89	89	89
J7HZA4_Q75_lddt	Q2MJC2_Q75_lddt	1.011E+00	9.995E-01	9.995E-01	98.800	89	89	89
J7HZA4_Q75_lddt	B0FP98_Q75_lddt	1.011E+00	9.994E-01	9.994E-01	97.700	89	89	89
J7HZA4_Q75_lddt	A0ZX80_Q75_lddt	1.011E+00	9.992E-01	9.992E-01	98.800	89	89	89
J7HZA4_Q75_lddt	Q939H5_Q75_lddt	1.011E+00	9.992E-01	9.992E-01	97.700	89	89	89
J7HZA4_Q75_lddt	A0A2P9E069_Q75_lddt	1.011E+00	9.992E-01	9.992E-01	98.800	89	89	89
J7HZA4_Q75_lddt	S4TWB0_Q75_lddt	1.011E+00	9.992E-01	9.992E-01	98.800	89	89	89
J7HZA4_Q75_lddt	E5Q900_Q75_lddt	1.011E+00	9.992E-01	9.992E-01	98.800	89	89	89
J7HZA4_Q75_lddt	A0ZX91_Q75_lddt	1.010E+00	9.991E-01	9.991E-01	98.800	89	89	89
J7HZA4_Q75_lddt	D5LGB4_Q75_lddt	1.010E+00	9.991E-01	9.991E-01	98.800	89	89	89
J7HZA4_Q75_lddt	B9U2I6_Q75_lddt	1.010E+00	9.991E-01	9.991E-01	98.800	89	89	89
J7HZA4_Q75_lddt	Q8VP57_Q75_lddt	1.010E+00	9.991E-01	9.991E-01	98.800	89	89	89
J7HZA4_Q75_lddt	A3FFR2_Q75_lddt	1.010E+00	9.990E-01	9.990E-01	98.800	89	89	89
J7HZA4_Q75_lddt	Q0PGR7_Q75_lddt	1.010E+00	9.989E-01	9.989E-01	97.700	89	89	89
J7HZA4_Q75_lddt	F8SQ10_Q75_lddt	1.010E+00	9.984E-01	9.984E-01	98.800	89	89	89
J7HZA4_Q75_lddt	Q939H3_Q75_lddt	1.010E+00	9.982E-01	9.982E-01	91.000	89	89	89
J7HZA4_Q75_lddt	E5G517_Q75_lddt	1.006E+00	9.944E-01	9.944E-01	97.700	89	89	89
J7HZA4_Q75_lddt	AF-A0A867XYA1-F1-model_v4_Q75_lddt	1.008E+00	9.858E-01	9.970E-01	87.600	89	89	88
J7HZA4_Q75_lddt	Q6R5M7_Q75_lddt	1.011E+00	9.771E-01	9.995E-01	93.100	89	87	87
J7HZA4_Q75_lddt	Q6ZY74_Q75_lddt	1.011E+00	9.770E-01	9.995E-01	93.100	89	87	87
J7HZA4_Q75_lddt	Q5PU78_Q75_lddt	1.011E+00	9.767E-01	9.992E-01	93.100	89	87	87
J7HZA4_Q75_lddt	Q2YHZ2_Q75_lddt	1.011E+00	9.767E-01	9.992E-01	93.100	89	87	87
J7HZA4_Q75_lddt	Q6ZY77_Q75_lddt	1.011E+00	9.767E-01	9.991E-01	91.900	89	87	87
J7HZA4_Q75_lddt	Q2YHZ5_Q75_lddt	1.011E+00	9.766E-01	9.991E-01	93.100	89	87	87
J7HZA4_Q75_lddt	Q2YHZ3_Q75_lddt	1.011E+00	9.766E-01	9.991E-01	93.100	89	87	87
J7HZA4_Q75_lddt	Q2YHZ0_Q75_lddt	1.011E+00	9.766E-01	9.990E-01	93.100	89	87	87
J7HZA4_Q75_lddt	AF-P18251-F1-model_v4_Q75_lddt	1.007E+00	9.841E-01	9.952E-01	94.300	89	89	88
J7HZA4_Q75_lddt	Q6ZY58_Q75_lddt	1.011E+00	9.765E-01	9.989E-01	91.900	89	87	87
J7HZA4_Q75_lddt	Q2YHX6_Q75_lddt	1.011E+00	9.765E-01	9.989E-01	94.200	89	87	87
J7HZA4_Q75_lddt	A0A455LS80_Q75_lddt	1.010E+00	9.765E-01	9.989E-01	93.100	89	87	87
J7HZA4_Q75_lddt	Q5I6D4_Q75_lddt	1.010E+00	9.764E-01	9.989E-01	94.200	89	87	87
J7HZA4_Q75_lddt	Q2YHX8_Q75_lddt	1.010E+00	9.764E-01	9.989E-01	94.200	89	87	87
J7HZA4_Q75_lddt	B5D620_Q75_lddt	1.010E+00	9.764E-01	9.988E-01	93.100	89	87	87
J7HZA4_Q75_lddt	A0A0P0IGT7_Q75_lddt	1.010E+00	9.764E-01	9.988E-01	91.900	89	87	87
J7HZA4_Q75_lddt	B8YHZ8_Q75_lddt	1.010E+00	9.763E-01	9.987E-01	93.100	89	87	87
J7HZA4_Q75_lddt	B5D612_Q75_lddt	1.010E+00	9.763E-01	9.987E-01	91.900	89	87	87
J7HZA4_Q75_lddt	E9NST5_Q75_lddt	1.010E+00	9.762E-01	9.987E-01	89.600	89	87	87
J7HZA4_Q75_lddt	A0A455LP07_Q75_lddt	1.010E+00	9.762E-01	9.987E-01	91.900	89	87	87
J7HZA4_Q75_lddt	A0A455LP13_Q75_lddt	1.010E+00	9.762E-01	9.986E-01	91.900	89	87	87
J7HZA4_Q75_lddt	A0A455LP02_Q75_lddt	1.010E+00	9.762E-01	9.986E-01	91.900	89	87	87
J7HZA4_Q75_lddt	R4ISB3_Q75_lddt	1.010E+00	9.761E-01	9.986E-01	91.900	89	87	87
J7HZA4_Q75_lddt	Q2YHY7_Q75_lddt	1.010E+00	9.756E-01	9.980E-01	93.100	89	87	87
J7HZA4_Q75_lddt	Q84H47_Q75_lddt	1.010E+00	9.756E-01	9.980E-01	90.800	89	87	87
J7HZA4_Q75_lddt	Q8GHI3_Q75_lddt	1.010E+00	9.756E-01	9.979E-01	79.300	89	87	87
J7HZA4_Q75_lddt	Q9R429_Q75_lddt	1.009E+00	9.755E-01	9.979E-01	80.400	89	87	87
J7HZA4_Q75_lddt	Q84H48_Q75_lddt	1.009E+00	9.755E-01	9.979E-01	90.800	89	87	87
J7HZA4_Q75_lddt	H9AXM1_Q75_lddt	1.009E+00	9.754E-01	9.978E-01	77.000	89	87	87
J7HZA4_Q75_lddt	Q8VQV7_Q75_lddt	1.009E+00	9.753E-01	9.977E-01	90.800	89	87	87
J7HZA4_Q75_lddt	AF-Q6W7F0-F1-model_v4_Q75_lddt	1.009E+00	9.747E-01	9.970E-01	82.700	89	87	87
J7HZA4_Q75_lddt	OKP-D-1_Q75_lddt	1.007E+00	9.731E-01	9.953E-01	90.800	89	87	87
J7HZA4_Q75_lddt	OKP-C-1_Q75_lddt	1.009E+00	9.638E-01	9.973E-01	95.400	89	87	86
J7HZA4_Q75_lddt	C0LSK3_Q75_lddt	1.009E+00	9.637E-01	9.972E-01	93.000	89	86	86
J7HZA4_Q75_lddt	C8CE60_Q75_lddt	1.012E+00	9.547E-01	9.996E-01	96.500	89	87	85
J7HZA4_Q75_lddt	C8CE59_Q75_lddt	1.011E+00	9.547E-01	9.996E-01	96.500	89	87	85
J7HZA4_Q75_lddt	O33677_Q75_lddt	1.003E+00	9.586E-01	9.918E-01	78.100	89	87	86
J7HZA4_Q75_lddt	B7FDD9_Q75_lddt	1.009E+00	9.190E-01	9.972E-01	93.100	89	87	82
J7HZA4_Q75_lddt	P14171_Q75_lddt	9.906E-01	9.359E-01	9.792E-01	55.100	89	87	85
J7HZA4_Q75_lddt	C5HUY1_Q75_lddt	9.919E-01	9.263E-01	9.803E-01	48.200	89	87	84
J7HZA4_Q75_lddt	C6GC02_Q75_lddt	9.919E-01	9.263E-01	9.803E-01	47.100	89	87	84
J7HZA4_Q75_lddt	A0A097ZLX5_Q75_lddt	9.919E-01	9.262E-01	9.803E-01	48.200	89	87	84
J7HZA4_Q75_lddt	Q3SAW3_Q75_lddt	9.909E-01	9.253E-01	9.793E-01	55.100	89	87	84
J7HZA4_Q75_lddt	AF-A0A1J0HSJ3-F1-model_v4_Q75_lddt	9.994E-01	9.106E-01	9.873E-01	52.800	89	87	82
J7HZA4_Q75_lddt	AF-A0A3G1JAD7-F1-model_v4_Q75_lddt	9.988E-01	9.101E-01	9.867E-01	54.000	89	87	82
J7HZA4_Q75_lddt	GES-44_Q75_lddt	9.892E-01	9.239E-01	9.777E-01	48.200	89	87	84
J7HZA4_Q75_lddt	GES-41_Q75_lddt	9.892E-01	9.239E-01	9.776E-01	48.200	89	87	84
J7HZA4_Q75_lddt	SGM-3_Q75_lddt	9.926E-01	9.269E-01	9.697E-01	52.800	89	87	85
J7HZA4_Q75_lddt	SGM-2_Q75_lddt	9.922E-01	9.265E-01	9.693E-01	52.800	89	87	85
J7HZA4_Q75_lddt	AF-E2D9D5-F1-model_v4_Q75_lddt	9.835E-01	9.190E-01	9.722E-01	31.000	89	87	84
J7HZA4_Q75_lddt	AF-A0A886X7X6-F1-model_v6_Q75_lddt	9.868E-01	9.218E-01	9.642E-01	32.100	89	87	85
J7HZA4_Q75_lddt	PER-16_Q75_lddt	9.825E-01	9.180E-01	9.711E-01	41.300	89	87	84
J7HZA4_Q75_lddt	Q9AMJ7_Q75_lddt	9.861E-01	9.104E-01	9.746E-01	31.000	89	87	83
J7HZA4_Q75_lddt	A1YTM5_Q75_lddt	9.856E-01	9.099E-01	9.740E-01	31.000	89	87	83
J7HZA4_Q75_lddt	A0A1W5QH29_Q75_lddt	9.768E-01	9.236E-01	9.657E-01	36.700	89	87	85
J7HZA4_Q75_lddt	A0A1W5QCF3_Q75_lddt	9.757E-01	9.227E-01	9.646E-01	36.700	89	87	85
J7HZA4_Q75_lddt	SGM-5_Q75_lddt	9.837E-01	9.191E-01	9.612E-01	49.400	89	87	85
J7HZA4_Q75_lddt	RAA-1_Q75_lddt	9.840E-01	9.086E-01	9.725E-01	33.300	89	87	83
J7HZA4_Q75_lddt	A0A3Q8G682_Q75_lddt	9.680E-01	9.259E-01	9.571E-01	52.800	89	87	86
J7HZA4_Q75_lddt	AF-Q1NAL0-F1-model_v4_Q75_lddt	9.820E-01	9.175E-01	9.595E-01	52.800	89	87	85
J7HZA4_Q75_lddt	A0A1W5QG57_Q75_lddt	9.735E-01	9.206E-01	9.624E-01	36.700	89	87	85
J7HZA4_Q75_lddt	D5HSX5_Q75_lddt	9.813E-01	9.063E-01	9.699E-01	41.300	89	87	83
J7HZA4_Q75_lddt	Q8VT49_Q75_lddt	9.814E-01	9.063E-01	9.699E-01	31.000	89	87	83
J7HZA4_Q75_lddt	A0A2Z2Z6H0_Q75_lddt	9.765E-01	9.127E-01	9.653E-01	45.900	89	87	84
J7HZA4_Q75_lddt	Q5W3A6_Q75_lddt	9.765E-01	9.128E-01	9.653E-01	34.400	89	87	84
J7HZA4_Q75_lddt	F8T7L4_Q75_lddt	9.801E-01	9.052E-01	9.686E-01	37.900	89	87	83
J7HZA4_Q75_lddt	Q5XQD3_Q75_lddt	9.799E-01	9.050E-01	9.685E-01	37.900	89	87	83
J7HZA4_Q75_lddt	Q9XBM2_Q75_lddt	9.651E-01	9.232E-01	9.542E-01	41.300	89	87	86
J7HZA4_Q75_lddt	AF-A0A0D0F642-F1-model_v4_Q75_lddt	9.799E-01	9.051E-01	9.685E-01	32.100	89	87	83
J7HZA4_Q75_lddt	P74842_Q75_lddt	9.795E-01	9.047E-01	9.681E-01	39.000	89	87	83
J7HZA4_Q75_lddt	G9MB50_Q75_lddt	9.783E-01	9.037E-01	9.669E-01	31.000	89	87	83
J7HZA4_Q75_lddt	G9M9P7_Q75_lddt	9.778E-01	9.033E-01	9.664E-01	29.800	89	87	83
J7HZA4_Q75_lddt	G9MB49_Q75_lddt	9.776E-01	9.031E-01	9.662E-01	31.000	89	87	83
J7HZA4_Q75_lddt	AF-E4WMC5-F1-model_v6_Q75_lddt	9.761E-01	9.018E-01	9.648E-01	35.600	89	87	83
J7HZA4_Q75_lddt	A0A0E0SR47_Q75_lddt	9.665E-01	9.143E-01	9.556E-01	39.000	89	87	85
J7HZA4_Q75_lddt	AF-A0A8E9ZWD0-F1-model_v6_Q75_lddt	9.735E-01	9.102E-01	9.515E-01	31.000	89	87	85
J7HZA4_Q75_lddt	AF-J9QX37-F1-model_v4_Q75_lddt	9.807E-01	8.843E-01	9.690E-01	27.500	89	87	81
J7HZA4_Q75_lddt	Q9X6W1_Q75_lddt	9.699E-01	8.962E-01	9.586E-01	31.000	89	87	83
J7HZA4_Q75_lddt	Q9RAZ9_Q75_lddt	9.754E-01	8.906E-01	9.639E-01	31.000	89	87	82
J7HZA4_Q75_lddt	B5L5W7_Q75_lddt	9.682E-01	9.157E-01	9.360E-01	37.900	89	87	87
J7HZA4_Q75_lddt	AF-F4NA56-F1-model_v4_Q75_lddt	9.612E-01	9.096E-01	9.504E-01	36.700	89	87	85
J7HZA4_Q75_lddt	A0A0B6VPP7_Q75_lddt	9.668E-01	8.935E-01	9.556E-01	29.800	89	87	83
J7HZA4_Q75_lddt	AF-A0A127SQY3-F1-model_v6_Q75_lddt	9.549E-01	8.832E-01	9.440E-01	25.200	89	87	83
J7HZA4_Q75_lddt	C8C0I2_Q75_lddt	9.467E-01	8.759E-01	9.359E-01	32.100	89	87	83
J7HZA4_Q75_lddt	Q57509_Q75_lddt	9.491E-01	8.775E-01	9.275E-01	28.400	89	88	84
J7HZA4_Q75_lddt	C8C0D8_Q75_lddt	9.168E-01	8.779E-01	9.067E-01	25.800	89	89	86
J7HZA4_Q75_lddt	Q9X4S7_Q75_lddt	9.145E-01	8.758E-01	9.045E-01	28.000	89	89	86
Q2YHZ5_Q75_lddt	Q2YHZ5_Q75_lddt	1.012E+00	1.000E+00	1.000E+00	100.000	87	87	87
Q2YHZ5_Q75_lddt	Q2YHZ3_Q75_lddt	1.012E+00	9.999E-01	9.999E-01	100.000	87	87	87
Q2YHZ5_Q75_lddt	Q2YHZ0_Q75_lddt	1.012E+00	9.999E-01	9.999E-01	100.000	87	87	87
Q2YHZ5_Q75_lddt	Q6ZY77_Q75_lddt	1.012E+00	9.999E-01	9.999E-01	98.800	87	87	87
Q2YHZ5_Q75_lddt	Q2YHZ2_Q75_lddt	1.012E+00	9.999E-01	9.999E-01	100.000	87	87	87
Q2YHZ5_Q75_lddt	Q6ZY74_Q75_lddt	1.011E+00	9.998E-01	9.998E-01	100.000	87	87	87
Q2YHZ5_Q75_lddt	Q5PU78_Q75_lddt	1.011E+00	9.998E-01	9.998E-01	97.700	87	87	87
Q2YHZ5_Q75_lddt	Q2YHX8_Q75_lddt	1.011E+00	9.997E-01	9.997E-01	98.800	87	87	87
Q2YHZ5_Q75_lddt	B5D620_Q75_lddt	1.011E+00	9.997E-01	9.997E-01	100.000	87	87	87
Q2YHZ5_Q75_lddt	Q5I6D4_Q75_lddt	1.011E+00	9.997E-01	9.997E-01	98.800	87	87	87
Q2YHZ5_Q75_lddt	B8YHZ8_Q75_lddt	1.011E+00	9.997E-01	9.997E-01	100.000	87	87	87
Q2YHZ5_Q75_lddt	Q6R5M7_Q75_lddt	1.011E+00	9.996E-01	9.996E-01	97.700	87	87	87
Q2YHZ5_Q75_lddt	Q2YHX6_Q75_lddt	1.011E+00	9.996E-01	9.996E-01	98.800	87	87	87
Q2YHZ5_Q75_lddt	Q2YHY7_Q75_lddt	1.011E+00	9.996E-01	9.996E-01	100.000	87	87	87
Q2YHZ5_Q75_lddt	Q6ZY58_Q75_lddt	1.011E+00	9.995E-01	9.995E-01	98.800	87	87	87
Q2YHZ5_Q75_lddt	A0A455LS80_Q75_lddt	1.011E+00	9.995E-01	9.995E-01	95.400	87	87	87
Q2YHZ5_Q75_lddt	B5D612_Q75_lddt	1.011E+00	9.994E-01	9.994E-01	94.200	87	87	87
Q2YHZ5_Q75_lddt	E9NST5_Q75_lddt	1.011E+00	9.993E-01	9.993E-01	91.900	87	87	87
Q2YHZ5_Q75_lddt	A0A455LP07_Q75_lddt	1.011E+00	9.993E-01	9.993E-01	94.200	87	87	87
Q2YHZ5_Q75_lddt	A0A455LP02_Q75_lddt	1.011E+00	9.993E-01	9.993E-01	94.200	87	87	87
Q2YHZ5_Q75_lddt	A0A455LP13_Q75_lddt	1.011E+00	9.993E-01	9.993E-01	94.200	87	87	87
Q2YHZ5_Q75_lddt	A0A0P0IGT7_Q75_lddt	1.011E+00	9.992E-01	9.992E-01	94.200	87	87	87
Q2YHZ5_Q75_lddt	R4ISB3_Q75_lddt	1.011E+00	9.992E-01	9.992E-01	94.200	87	87	87
Q2YHZ5_Q75_lddt	Q84H47_Q75_lddt	1.011E+00	9.992E-01	9.992E-01	93.100	87	87	87
Q2YHZ5_Q75_lddt	Q84H48_Q75_lddt	1.011E+00	9.990E-01	9.990E-01	93.100	87	87	87
Q2YHZ5_Q75_lddt	Q8VQV7_Q75_lddt	1.011E+00	9.990E-01	9.990E-01	93.100	87	87	87
Q2YHZ5_Q75_lddt	Q9R429_Q75_lddt	1.010E+00	9.986E-01	9.986E-01	80.400	87	87	87
Q2YHZ5_Q75_lddt	Q8GHI3_Q75_lddt	1.010E+00	9.986E-01	9.986E-01	79.300	87	87	87
Q2YHZ5_Q75_lddt	AF-Q6W7F0-F1-model_v4_Q75_lddt	1.010E+00	9.986E-01	9.986E-01	83.900	87	87	87
Q2YHZ5_Q75_lddt	H9AXM1_Q75_lddt	1.010E+00	9.985E-01	9.985E-01	77.000	87	87	87
Q2YHZ5_Q75_lddt	OKP-D-1_Q75_lddt	1.008E+00	9.968E-01	9.968E-01	95.400	87	87	87
Q2YHZ5_Q75_lddt	C0LSK3_Q75_lddt	1.011E+00	9.876E-01	9.990E-01	100.000	87	86	86
Q2YHZ5_Q75_lddt	OKP-C-1_Q75_lddt	1.010E+00	9.868E-01	9.983E-01	93.100	87	87	86
Q2YHZ5_Q75_lddt	Q2MJC2_Q75_lddt	1.011E+00	9.995E-01	9.770E-01	94.200	87	87	89
Q2YHZ5_Q75_lddt	A0A097BQY7_Q75_lddt	1.011E+00	9.995E-01	9.770E-01	94.200	87	87	89
Q2YHZ5_Q75_lddt	A0ZX80_Q75_lddt	1.011E+00	9.994E-01	9.769E-01	94.200	87	87	89
Q2YHZ5_Q75_lddt	D5LGB4_Q75_lddt	1.011E+00	9.993E-01	9.769E-01	94.200	87	87	89
Q2YHZ5_Q75_lddt	A0A2P9E069_Q75_lddt	1.011E+00	9.993E-01	9.769E-01	94.200	87	87	89
Q2YHZ5_Q75_lddt	E5Q900_Q75_lddt	1.011E+00	9.993E-01	9.769E-01	94.200	87	87	89
Q2YHZ5_Q75_lddt	A0ZX91_Q75_lddt	1.011E+00	9.993E-01	9.768E-01	94.200	87	87	89
Q2YHZ5_Q75_lddt	S4TWB0_Q75_lddt	1.011E+00	9.993E-01	9.768E-01	94.200	87	87	89
Q2YHZ5_Q75_lddt	B9U2I6_Q75_lddt	1.011E+00	9.993E-01	9.768E-01	94.200	87	87	89
Q2YHZ5_Q75_lddt	A3FFR2_Q75_lddt	1.011E+00	9.992E-01	9.768E-01	94.200	87	87	89
Q2YHZ5_Q75_lddt	Q939H3_Q75_lddt	1.011E+00	9.992E-01	9.767E-01	93.100	87	87	89
Q2YHZ5_Q75_lddt	Q8VP57_Q75_lddt	1.011E+00	9.992E-01	9.767E-01	94.200	87	87	89
Q2YHZ5_Q75_lddt	Q8VP67_Q75_lddt	1.011E+00	9.991E-01	9.767E-01	94.200	87	87	89
Q2YHZ5_Q75_lddt	Q0PGR7_Q75_lddt	1.011E+00	9.991E-01	9.767E-01	93.100	87	87	89
Q2YHZ5_Q75_lddt	C8CE59_Q75_lddt	1.011E+00	9.763E-01	9.993E-01	91.900	87	87	85
Q2YHZ5_Q75_lddt	J7HZA4_Q75_lddt	1.011E+00	9.991E-01	9.766E-01	93.100	87	87	89
Q2YHZ5_Q75_lddt	C8CE60_Q75_lddt	1.011E+00	9.762E-01	9.992E-01	91.900	87	87	85
Q2YHZ5_Q75_lddt	Q8KRG7_Q75_lddt	1.011E+00	9.989E-01	9.765E-01	93.100	87	87	89
Q2YHZ5_Q75_lddt	H2ERK9_Q75_lddt	1.011E+00	9.989E-01	9.765E-01	94.200	87	87	89
Q2YHZ5_Q75_lddt	B0FP98_Q75_lddt	1.010E+00	9.988E-01	9.764E-01	93.100	87	87	89
Q2YHZ5_Q75_lddt	Q939H5_Q75_lddt	1.010E+00	9.987E-01	9.763E-01	93.100	87	87	89
Q2YHZ5_Q75_lddt	F8SQ10_Q75_lddt	1.010E+00	9.985E-01	9.761E-01	94.200	87	87	89
Q2YHZ5_Q75_lddt	O33677_Q75_lddt	1.005E+00	9.816E-01	9.930E-01	78.100	87	87	86
Q2YHZ5_Q75_lddt	E5G517_Q75_lddt	1.006E+00	9.942E-01	9.720E-01	93.100	87	87	89
Q2YHZ5_Q75_lddt	AF-A0A867XYA1-F1-model_v4_Q75_lddt	1.010E+00	9.871E-01	9.759E-01	85.000	87	87	88
Q2YHZ5_Q75_lddt	AF-P18251-F1-model_v4_Q75_lddt	1.009E+00	9.861E-01	9.750E-01	89.600	87	87	88
Q2YHZ5_Q75_lddt	B7FDD9_Q75_lddt	1.011E+00	9.411E-01	9.983E-01	88.500	87	87	82
Q2YHZ5_Q75_lddt	P14171_Q75_lddt	9.921E-01	9.585E-01	9.807E-01	54.000	87	87	85
Q2YHZ5_Q75_lddt	Q3SAW3_Q75_lddt	9.939E-01	9.490E-01	9.823E-01	52.800	87	87	84
Q2YHZ5_Q75_lddt	C5HUY1_Q75_lddt	9.941E-01	9.492E-01	9.825E-01	49.400	87	87	84
Q2YHZ5_Q75_lddt	C6GC02_Q75_lddt	9.941E-01	9.491E-01	9.824E-01	48.200	87	87	84
Q2YHZ5_Q75_lddt	A0A097ZLX5_Q75_lddt	9.941E-01	9.491E-01	9.824E-01	49.400	87	87	84
Q2YHZ5_Q75_lddt	AF-A0A1J0HSJ3-F1-model_v4_Q75_lddt	1.002E+00	9.335E-01	9.898E-01	54.000	87	87	82
Q2YHZ5_Q75_lddt	AF-A0A3G1JAD7-F1-model_v4_Q75_lddt	1.001E+00	9.330E-01	9.893E-01	54.000	87	87	82
Q2YHZ5_Q75_lddt	GES-44_Q75_lddt	9.913E-01	9.466E-01	9.798E-01	49.400	87	87	84
Q2YHZ5_Q75_lddt	GES-41_Q75_lddt	9.913E-01	9.466E-01	9.797E-01	49.400	87	87	84
Q2YHZ5_Q75_lddt	SGM-3_Q75_lddt	9.948E-01	9.498E-01	9.718E-01	50.500	87	87	85
Q2YHZ5_Q75_lddt	SGM-2_Q75_lddt	9.944E-01	9.494E-01	9.714E-01	50.500	87	87	85
Q2YHZ5_Q75_lddt	PER-16_Q75_lddt	9.854E-01	9.412E-01	9.739E-01	40.200	87	87	84
Q2YHZ5_Q75_lddt	AF-E2D9D5-F1-model_v4_Q75_lddt	9.844E-01	9.403E-01	9.730E-01	28.700	87	87	84
Q2YHZ5_Q75_lddt	AF-A0A886X7X6-F1-model_v6_Q75_lddt	9.876E-01	9.433E-01	9.649E-01	31.000	87	87	85
Q2YHZ5_Q75_lddt	Q9AMJ7_Q75_lddt	9.878E-01	9.323E-01	9.762E-01	27.500	87	87	83
Q2YHZ5_Q75_lddt	A1YTM5_Q75_lddt	9.873E-01	9.319E-01	9.757E-01	27.500	87	87	83
Q2YHZ5_Q75_lddt	SGM-5_Q75_lddt	9.866E-01	9.423E-01	9.640E-01	49.400	87	87	85
Q2YHZ5_Q75_lddt	A0A1W5QH29_Q75_lddt	9.776E-01	9.449E-01	9.664E-01	37.900	87	87	85
Q2YHZ5_Q75_lddt	A0A1W5QCF3_Q75_lddt	9.767E-01	9.441E-01	9.656E-01	37.900	87	87	85
Q2YHZ5_Q75_lddt	AF-Q1NAL0-F1-model_v4_Q75_lddt	9.848E-01	9.406E-01	9.622E-01	50.500	87	87	85
Q2YHZ5_Q75_lddt	A0A3Q8G682_Q75_lddt	9.694E-01	9.478E-01	9.585E-01	54.000	87	87	86
Q2YHZ5_Q75_lddt	D5HSX5_Q75_lddt	9.842E-01	9.291E-01	9.727E-01	40.200	87	87	83
Q2YHZ5_Q75_lddt	RAA-1_Q75_lddt	9.844E-01	9.293E-01	9.729E-01	29.800	87	87	83
Q2YHZ5_Q75_lddt	A0A2Z2Z6H0_Q75_lddt	9.794E-01	9.357E-01	9.681E-01	45.900	87	87	84
Q2YHZ5_Q75_lddt	F8T7L4_Q75_lddt	9.829E-01	9.279E-01	9.713E-01	36.700	87	87	83
Q2YHZ5_Q75_lddt	Q5XQD3_Q75_lddt	9.828E-01	9.278E-01	9.713E-01	36.700	87	87	83
Q2YHZ5_Q75_lddt	P74842_Q75_lddt	9.825E-01	9.276E-01	9.710E-01	37.900	87	87	83
Q2YHZ5_Q75_lddt	Q8VT49_Q75_lddt	9.825E-01	9.275E-01	9.710E-01	29.800	87	87	83
Q2YHZ5_Q75_lddt	A0A1W5QG57_Q75_lddt	9.738E-01	9.414E-01	9.628E-01	37.900	87	87	85
Q2YHZ5_Q75_lddt	AF-A0A0D0F642-F1-model_v4_Q75_lddt	9.808E-01	9.260E-01	9.693E-01	31.000	87	87	83
Q2YHZ5_Q75_lddt	Q5W3A6_Q75_lddt	9.768E-01	9.333E-01	9.655E-01	33.300	87	87	84
Q2YHZ5_Q75_lddt	Q9XBM2_Q75_lddt	9.650E-01	9.436E-01	9.541E-01	41.300	87	87	86
Q2YHZ5_Q75_lddt	G9MB50_Q75_lddt	9.785E-01	9.240E-01	9.671E-01	31.000	87	87	83
Q2YHZ5_Q75_lddt	AF-E4WMC5-F1-model_v6_Q75_lddt	9.775E-01	9.231E-01	9.661E-01	36.700	87	87	83
Q2YHZ5_Q75_lddt	G9M9P7_Q75_lddt	9.779E-01	9.235E-01	9.665E-01	31.000	87	87	83
Q2YHZ5_Q75_lddt	G9MB49_Q75_lddt	9.777E-01	9.233E-01	9.663E-01	32.100	87	87	83
Q2YHZ5_Q75_lddt	A0A0E0SR47_Q75_lddt	9.666E-01	9.347E-01	9.557E-01	39.000	87	87	85
Q2YHZ5_Q75_lddt	AF-J9QX37-F1-model_v4_Q75_lddt	9.821E-01	9.052E-01	9.703E-01	29.800	87	87	81
Q2YHZ5_Q75_lddt	AF-A0A8E9ZWD0-F1-model_v6_Q75_lddt	9.736E-01	9.305E-01	9.516E-01	29.800	87	87	85
Q2YHZ5_Q75_lddt	Q9X6W1_Q75_lddt	9.710E-01	9.170E-01	9.597E-01	31.000	87	87	83
Q2YHZ5_Q75_lddt	Q9RAZ9_Q75_lddt	9.768E-01	9.116E-01	9.653E-01	29.800	87	87	82
Q2YHZ5_Q75_lddt	B5L5W7_Q75_lddt	9.700E-01	9.377E-01	9.377E-01	39.000	87	87	87
Q2YHZ5_Q75_lddt	AF-F4NA56-F1-model_v4_Q75_lddt	9.618E-01	9.301E-01	9.510E-01	37.900	87	87	85
Q2YHZ5_Q75_lddt	A0A0B6VPP7_Q75_lddt	9.677E-01	9.141E-01	9.565E-01	29.800	87	87	83
Q2YHZ5_Q75_lddt	AF-A0A127SQY3-F1-model_v6_Q75_lddt	9.541E-01	9.018E-01	9.431E-01	26.400	87	87	83
Q2YHZ5_Q75_lddt	Q57509_Q75_lddt	9.503E-01	8.979E-01	9.286E-01	28.400	87	88	84
Q2YHZ5_Q75_lddt	C8C0I2_Q75_lddt	9.460E-01	8.943E-01	9.352E-01	34.400	87	87	83
Q2YHZ5_Q75_lddt	C8C0D8_Q75_lddt	9.173E-01	8.974E-01	9.072E-01	25.800	87	89	86
Q2YHZ5_Q75_lddt	Q9X4S7_Q75_lddt	9.146E-01	8.948E-01	9.046E-01	28.000	87	89	86
Q5XQD3_Q75_lddt	Q5XQD3_Q75_lddt	1.012E+00	1.000E+00	1.000E+00	100.000	83	83	83
Q5XQD3_Q75_lddt	F8T7L4_Q75_lddt	1.012E+00	9.999E-01	9.999E-01	98.700	83	83	83
Q5XQD3_Q75_lddt	P74842_Q75_lddt	1.012E+00	9.994E-01	9.994E-01	89.100	83	83	83
Q5XQD3_Q75_lddt	D5HSX5_Q75_lddt	1.012E+00	9.993E-01	9.993E-01	89.100	83	83	83
Q5XQD3_Q75_lddt	PER-16_Q75_lddt	1.010E+00	9.980E-01	9.861E-01	92.800	83	84	84
Q5XQD3_Q75_lddt	Q9AMJ7_Q75_lddt	9.979E-01	9.860E-01	9.860E-01	49.300	83	83	83
Q5XQD3_Q75_lddt	A1YTM5_Q75_lddt	9.977E-01	9.858E-01	9.858E-01	49.300	83	83	83
Q5XQD3_Q75_lddt	AF-A0A0D0F642-F1-model_v4_Q75_lddt	9.936E-01	9.818E-01	9.818E-01	56.600	83	83	83
Q5XQD3_Q75_lddt	RAA-1_Q75_lddt	9.899E-01	9.783E-01	9.783E-01	45.700	83	83	83
Q5XQD3_Q75_lddt	AF-E2D9D5-F1-model_v4_Q75_lddt	9.934E-01	9.817E-01	9.702E-01	45.200	83	84	84
Q5XQD3_Q75_lddt	AF-E4WMC5-F1-model_v6_Q75_lddt	9.892E-01	9.775E-01	9.775E-01	55.400	83	83	83
Q5XQD3_Q75_lddt	Q9X6W1_Q75_lddt	9.851E-01	9.735E-01	9.735E-01	44.500	83	83	83
Q5XQD3_Q75_lddt	Q3SAW3_Q75_lddt	9.903E-01	9.786E-01	9.672E-01	39.200	83	84	84
Q5XQD3_Q75_lddt	Q8VT49_Q75_lddt	9.862E-01	9.746E-01	9.746E-01	46.900	83	83	83
Q5XQD3_Q75_lddt	AF-A0A886X7X6-F1-model_v6_Q75_lddt	9.930E-01	9.813E-01	9.586E-01	54.700	83	84	85
Q5XQD3_Q75_lddt	AF-A0A3G1JAD7-F1-model_v4_Q75_lddt	9.879E-01	9.647E-01	9.762E-01	36.100	83	83	82
Q5XQD3_Q75_lddt	A0A0B6VPP7_Q75_lddt	9.814E-01	9.699E-01	9.699E-01	43.300	83	83	83
Q5XQD3_Q75_lddt	AF-A0A1J0HSJ3-F1-model_v4_Q75_lddt	9.876E-01	9.643E-01	9.758E-01	40.900	83	83	82
Q5XQD3_Q75_lddt	Q9RAZ9_Q75_lddt	9.875E-01	9.643E-01	9.758E-01	43.300	83	83	82
Q5XQD3_Q75_lddt	GES-44_Q75_lddt	9.870E-01	9.754E-01	9.641E-01	35.700	83	84	84
Q5XQD3_Q75_lddt	G9MB50_Q75_lddt	9.815E-01	9.700E-01	9.700E-01	46.900	83	83	83
Q5XQD3_Q75_lddt	GES-41_Q75_lddt	9.857E-01	9.741E-01	9.628E-01	35.700	83	84	84
Q5XQD3_Q75_lddt	Q5W3A6_Q75_lddt	9.846E-01	9.731E-01	9.618E-01	42.800	83	84	84
Q5XQD3_Q75_lddt	G9MB49_Q75_lddt	9.800E-01	9.686E-01	9.686E-01	46.900	83	83	83
Q5XQD3_Q75_lddt	G9M9P7_Q75_lddt	9.799E-01	9.684E-01	9.684E-01	45.700	83	83	83
Q5XQD3_Q75_lddt	SGM-2_Q75_lddt	9.875E-01	9.759E-01	9.534E-01	45.200	83	84	85
Q5XQD3_Q75_lddt	SGM-3_Q75_lddt	9.870E-01	9.754E-01	9.530E-01	45.200	83	84	85
Q5XQD3_Q75_lddt	B7FDD9_Q75_lddt	9.835E-01	9.604E-01	9.718E-01	38.500	83	83	82
Q5XQD3_Q75_lddt	A0A097ZLX5_Q75_lddt	9.832E-01	9.717E-01	9.604E-01	35.700	83	84	84
Q5XQD3_Q75_lddt	C5HUY1_Q75_lddt	9.831E-01	9.716E-01	9.603E-01	35.700	83	84	84
Q5XQD3_Q75_lddt	AF-J9QX37-F1-model_v4_Q75_lddt	9.871E-01	9.523E-01	9.752E-01	30.100	83	83	81
Q5XQD3_Q75_lddt	C6GC02_Q75_lddt	9.826E-01	9.711E-01	9.598E-01	34.500	83	84	84
Q5XQD3_Q75_lddt	AF-A0A8E9ZWD0-F1-model_v6_Q75_lddt	9.850E-01	9.734E-01	9.511E-01	50.000	83	84	85
Q5XQD3_Q75_lddt	A0A2Z2Z6H0_Q75_lddt	9.806E-01	9.691E-01	9.579E-01	41.600	83	84	84
Q5XQD3_Q75_lddt	AF-Q1NAL0-F1-model_v4_Q75_lddt	9.840E-01	9.725E-01	9.502E-01	44.000	83	84	85
Q5XQD3_Q75_lddt	SGM-5_Q75_lddt	9.819E-01	9.704E-01	9.482E-01	45.200	83	84	85
Q5XQD3_Q75_lddt	C8CE59_Q75_lddt	9.819E-01	9.704E-01	9.482E-01	38.800	83	85	85
Q5XQD3_Q75_lddt	C8CE60_Q75_lddt	9.807E-01	9.692E-01	9.471E-01	38.800	83	85	85
Q5XQD3_Q75_lddt	OKP-C-1_Q75_lddt	9.838E-01	9.722E-01	9.392E-01	38.300	83	86	86
Q5XQD3_Q75_lddt	Q9R429_Q75_lddt	9.870E-01	9.754E-01	9.315E-01	35.600	83	87	87
Q5XQD3_Q75_lddt	Q8GHI3_Q75_lddt	9.868E-01	9.752E-01	9.314E-01	35.600	83	87	87
Q5XQD3_Q75_lddt	AF-Q6W7F0-F1-model_v4_Q75_lddt	9.865E-01	9.749E-01	9.312E-01	39.000	83	87	87
Q5XQD3_Q75_lddt	H9AXM1_Q75_lddt	9.858E-01	9.742E-01	9.305E-01	35.600	83	87	87
Q5XQD3_Q75_lddt	Q84H48_Q75_lddt	9.855E-01	9.739E-01	9.302E-01	37.900	83	87	87
Q5XQD3_Q75_lddt	B8YHZ8_Q75_lddt	9.846E-01	9.730E-01	9.294E-01	36.700	83	87	87
Q5XQD3_Q75_lddt	Q2YHY7_Q75_lddt	9.843E-01	9.727E-01	9.291E-01	36.700	83	87	87
Q5XQD3_Q75_lddt	B5D620_Q75_lddt	9.843E-01	9.727E-01	9.291E-01	36.700	83	87	87
Q5XQD3_Q75_lddt	AF-A0A127SQY3-F1-model_v6_Q75_lddt	9.660E-01	9.547E-01	9.547E-01	32.500	83	83	83
Q5XQD3_Q75_lddt	Q5I6D4_Q75_lddt	9.841E-01	9.726E-01	9.290E-01	36.700	83	87	87
Q5XQD3_Q75_lddt	Q84H47_Q75_lddt	9.840E-01	9.725E-01	9.289E-01	37.900	83	87	87
Q5XQD3_Q75_lddt	Q2YHX8_Q75_lddt	9.840E-01	9.724E-01	9.289E-01	36.700	83	87	87
Q5XQD3_Q75_lddt	B5D612_Q75_lddt	9.840E-01	9.724E-01	9.289E-01	39.000	83	87	87
Q5XQD3_Q75_lddt	Q2YHX6_Q75_lddt	9.840E-01	9.724E-01	9.289E-01	36.700	83	87	87
Q5XQD3_Q75_lddt	E9NST5_Q75_lddt	9.839E-01	9.724E-01	9.288E-01	37.900	83	87	87
Q5XQD3_Q75_lddt	Q8VQV7_Q75_lddt	9.839E-01	9.724E-01	9.288E-01	37.900	83	87	87
Q5XQD3_Q75_lddt	A0A455LP07_Q75_lddt	9.839E-01	9.723E-01	9.288E-01	36.700	83	87	87
Q5XQD3_Q75_lddt	A0A455LP02_Q75_lddt	9.839E-01	9.723E-01	9.288E-01	36.700	83	87	87
Q5XQD3_Q75_lddt	R4ISB3_Q75_lddt	9.835E-01	9.720E-01	9.285E-01	36.700	83	87	87
Q5XQD3_Q75_lddt	A0A455LP13_Q75_lddt	9.835E-01	9.720E-01	9.284E-01	36.700	83	87	87
Q5XQD3_Q75_lddt	A0A0P0IGT7_Q75_lddt	9.834E-01	9.718E-01	9.283E-01	39.000	83	87	87
Q5XQD3_Q75_lddt	Q2YHZ3_Q75_lddt	9.828E-01	9.713E-01	9.278E-01	36.700	83	87	87
Q5XQD3_Q75_lddt	Q2YHZ5_Q75_lddt	9.828E-01	9.713E-01	9.278E-01	36.700	83	87	87
Q5XQD3_Q75_lddt	Q2YHZ0_Q75_lddt	9.827E-01	9.712E-01	9.278E-01	36.700	83	87	87
Q5XQD3_Q75_lddt	Q2YHZ2_Q75_lddt	9.827E-01	9.711E-01	9.277E-01	36.700	83	87	87
Q5XQD3_Q75_lddt	Q6ZY77_Q75_lddt	9.826E-01	9.711E-01	9.276E-01	36.700	83	87	87
Q5XQD3_Q75_lddt	Q5PU78_Q75_lddt	9.823E-01	9.708E-01	9.274E-01	36.700	83	87	87
Q5XQD3_Q75_lddt	A0A455LS80_Q75_lddt	9.823E-01	9.708E-01	9.274E-01	37.900	83	87	87
Q5XQD3_Q75_lddt	OKP-D-1_Q75_lddt	9.819E-01	9.704E-01	9.270E-01	36.700	83	87	87
Q5XQD3_Q75_lddt	Q6ZY74_Q75_lddt	9.816E-01	9.702E-01	9.268E-01	36.700	83	87	87
Q5XQD3_Q75_lddt	AF-P18251-F1-model_v4_Q75_lddt	9.848E-01	9.732E-01	9.193E-01	37.200	83	86	88
Q5XQD3_Q75_lddt	Q6R5M7_Q75_lddt	9.812E-01	9.697E-01	9.264E-01	36.700	83	87	87
Q5XQD3_Q75_lddt	Q6ZY58_Q75_lddt	9.806E-01	9.691E-01	9.258E-01	36.700	83	87	87
Q5XQD3_Q75_lddt	P14171_Q75_lddt	9.723E-01	9.610E-01	9.392E-01	32.900	83	85	85
Q5XQD3_Q75_lddt	C0LSK3_Q75_lddt	9.845E-01	9.614E-01	9.287E-01	36.000	83	86	86
Q5XQD3_Q75_lddt	AF-A0A867XYA1-F1-model_v4_Q75_lddt	9.817E-01	9.702E-01	9.166E-01	33.700	83	86	88
Q5XQD3_Q75_lddt	C8C0I2_Q75_lddt	9.561E-01	9.449E-01	9.449E-01	44.000	83	84	83
Q5XQD3_Q75_lddt	B9U2I6_Q75_lddt	9.846E-01	9.731E-01	9.091E-01	37.900	83	87	89
Q5XQD3_Q75_lddt	Q8VP57_Q75_lddt	9.846E-01	9.730E-01	9.090E-01	37.900	83	87	89
Q5XQD3_Q75_lddt	A0ZX91_Q75_lddt	9.846E-01	9.730E-01	9.090E-01	37.900	83	87	89
Q5XQD3_Q75_lddt	A3FFR2_Q75_lddt	9.845E-01	9.729E-01	9.089E-01	37.900	83	87	89
Q5XQD3_Q75_lddt	D5LGB4_Q75_lddt	9.844E-01	9.729E-01	9.089E-01	37.900	83	87	89
Q5XQD3_Q75_lddt	A0ZX80_Q75_lddt	9.844E-01	9.728E-01	9.089E-01	37.900	83	87	89
Q5XQD3_Q75_lddt	S4TWB0_Q75_lddt	9.844E-01	9.728E-01	9.089E-01	37.900	83	87	89
Q5XQD3_Q75_lddt	A0A2P9E069_Q75_lddt	9.843E-01	9.728E-01	9.088E-01	37.900	83	87	89
Q5XQD3_Q75_lddt	E5Q900_Q75_lddt	9.841E-01	9.726E-01	9.086E-01	37.900	83	87	89
Q5XQD3_Q75_lddt	O33677_Q75_lddt	9.693E-01	9.580E-01	9.255E-01	34.400	83	87	86
Q5XQD3_Q75_lddt	F8SQ10_Q75_lddt	9.840E-01	9.724E-01	9.085E-01	37.900	83	87	89
Q5XQD3_Q75_lddt	Q939H3_Q75_lddt	9.839E-01	9.724E-01	9.085E-01	37.900	83	87	89
Q5XQD3_Q75_lddt	Q0PGR7_Q75_lddt	9.839E-01	9.723E-01	9.084E-01	37.900	83	87	89
Q5XQD3_Q75_lddt	Q57509_Q75_lddt	9.600E-01	9.489E-01	9.379E-01	42.800	83	84	84
Q5XQD3_Q75_lddt	Q939H5_Q75_lddt	9.834E-01	9.719E-01	9.080E-01	37.900	83	87	89
Q5XQD3_Q75_lddt	E5G517_Q75_lddt	9.828E-01	9.713E-01	9.075E-01	37.900	83	87	89
Q5XQD3_Q75_lddt	H2ERK9_Q75_lddt	9.822E-01	9.707E-01	9.070E-01	37.900	83	87	89
Q5XQD3_Q75_lddt	Q2MJC2_Q75_lddt	9.821E-01	9.706E-01	9.069E-01	37.900	83	87	89
Q5XQD3_Q75_lddt	B0FP98_Q75_lddt	9.818E-01	9.703E-01	9.067E-01	37.900	83	87	89
Q5XQD3_Q75_lddt	A0A097BQY7_Q75_lddt	9.816E-01	9.701E-01	9.065E-01	37.900	83	87	89
Q5XQD3_Q75_lddt	Q8VP67_Q75_lddt	9.804E-01	9.690E-01	9.055E-01	37.900	83	87	89
Q5XQD3_Q75_lddt	Q8KRG7_Q75_lddt	9.800E-01	9.686E-01	9.051E-01	37.900	83	87	89
Q5XQD3_Q75_lddt	J7HZA4_Q75_lddt	9.799E-01	9.685E-01	9.050E-01	37.900	83	87	89
Q5XQD3_Q75_lddt	B5L5W7_Q75_lddt	9.622E-01	9.511E-01	9.090E-01	42.300	83	85	87
Q5XQD3_Q75_lddt	A0A0E0SR47_Q75_lddt	9.503E-01	9.393E-01	9.180E-01	31.000	83	87	85
Q5XQD3_Q75_lddt	Q9XBM2_Q75_lddt	9.540E-01	9.429E-01	9.112E-01	29.800	83	87	86
Q5XQD3_Q75_lddt	AF-F4NA56-F1-model_v4_Q75_lddt	9.476E-01	9.366E-01	9.154E-01	25.200	83	87	85
Q5XQD3_Q75_lddt	C8C0D8_Q75_lddt	9.500E-01	9.390E-01	9.075E-01	36.700	83	87	86
Q5XQD3_Q75_lddt	A0A1W5QH29_Q75_lddt	9.438E-01	9.329E-01	9.119E-01	32.100	83	87	85
Q5XQD3_Q75_lddt	A0A1W5QCF3_Q75_lddt	9.432E-01	9.323E-01	9.113E-01	32.100	83	87	85
Q5XQD3_Q75_lddt	Q9X4S7_Q75_lddt	9.459E-01	9.350E-01	9.037E-01	36.700	83	87	86
Q5XQD3_Q75_lddt	A0A3Q8G682_Q75_lddt	9.467E-01	9.358E-01	9.046E-01	36.700	83	87	86
Q5XQD3_Q75_lddt	A0A1W5QG57_Q75_lddt	9.391E-01	9.283E-01	9.075E-01	32.100	83	87	85
Q9RAZ9_Q75_lddt	Q9RAZ9_Q75_lddt	1.012E+00	1.000E+00	1.000E+00	100.000	82	82	82
Q9RAZ9_Q75_lddt	Q8VT49_Q75_lddt	1.006E+00	9.937E-01	9.818E-01	72.200	82	83	83
Q9RAZ9_Q75_lddt	AF-A0A0D0F642-F1-model_v4_Q75_lddt	1.005E+00	9.927E-01	9.808E-01	60.200	82	83	83
Q9RAZ9_Q75_lddt	G9MB50_Q75_lddt	1.005E+00	9.926E-01	9.807E-01	60.200	82	83	83
Q9RAZ9_Q75_lddt	G9MB49_Q75_lddt	1.004E+00	9.921E-01	9.803E-01	61.400	82	83	83
Q9RAZ9_Q75_lddt	G9M9P7_Q75_lddt	1.004E+00	9.919E-01	9.800E-01	61.400	82	83	83
Q9RAZ9_Q75_lddt	AF-E2D9D5-F1-model_v4_Q75_lddt	1.007E+00	9.950E-01	9.714E-01	67.800	82	84	84
Q9RAZ9_Q75_lddt	RAA-1_Q75_lddt	1.003E+00	9.907E-01	9.789E-01	71.000	82	83	83
Q9RAZ9_Q75_lddt	Q9AMJ7_Q75_lddt	1.003E+00	9.907E-01	9.789E-01	55.400	82	83	83
Q9RAZ9_Q75_lddt	A1YTM5_Q75_lddt	1.003E+00	9.906E-01	9.787E-01	55.400	82	83	83
Q9RAZ9_Q75_lddt	Q5W3A6_Q75_lddt	1.002E+00	9.904E-01	9.670E-01	59.500	82	84	84
Q9RAZ9_Q75_lddt	AF-J9QX37-F1-model_v4_Q75_lddt	9.937E-01	9.699E-01	9.817E-01	45.100	82	82	81
Q9RAZ9_Q75_lddt	Q9X6W1_Q75_lddt	9.911E-01	9.792E-01	9.676E-01	49.300	82	83	83
Q9RAZ9_Q75_lddt	AF-A0A886X7X6-F1-model_v6_Q75_lddt	1.001E+00	9.885E-01	9.539E-01	44.000	82	84	85
Q9RAZ9_Q75_lddt	A0A0B6VPP7_Q75_lddt	9.898E-01	9.779E-01	9.664E-01	51.800	82	83	83
Q9RAZ9_Q75_lddt	AF-E4WMC5-F1-model_v6_Q75_lddt	9.890E-01	9.773E-01	9.657E-01	38.500	82	83	83
Q9RAZ9_Q75_lddt	D5HSX5_Q75_lddt	9.880E-01	9.763E-01	9.648E-01	42.100	82	83	83
Q9RAZ9_Q75_lddt	Q5XQD3_Q75_lddt	9.875E-01	9.758E-01	9.643E-01	43.300	82	83	83
Q9RAZ9_Q75_lddt	F8T7L4_Q75_lddt	9.874E-01	9.756E-01	9.642E-01	43.300	82	83	83
Q9RAZ9_Q75_lddt	C8C0I2_Q75_lddt	9.854E-01	9.737E-01	9.622E-01	48.100	82	83	83
Q9RAZ9_Q75_lddt	PER-16_Q75_lddt	9.912E-01	9.794E-01	9.565E-01	42.800	82	84	84
Q9RAZ9_Q75_lddt	P74842_Q75_lddt	9.873E-01	9.755E-01	9.641E-01	43.300	82	83	83
Q9RAZ9_Q75_lddt	AF-A0A8E9ZWD0-F1-model_v6_Q75_lddt	9.909E-01	9.790E-01	9.452E-01	42.800	82	84	85
Q9RAZ9_Q75_lddt	AF-A0A127SQY3-F1-model_v6_Q75_lddt	9.802E-01	9.685E-01	9.572E-01	39.700	82	83	83
Q9RAZ9_Q75_lddt	AF-A0A1J0HSJ3-F1-model_v4_Q75_lddt	9.773E-01	9.658E-01	9.658E-01	30.400	82	82	82
Q9RAZ9_Q75_lddt	AF-A0A3G1JAD7-F1-model_v4_Q75_lddt	9.767E-01	9.652E-01	9.652E-01	32.900	82	82	82
Q9RAZ9_Q75_lddt	Q57509_Q75_lddt	9.820E-01	9.704E-01	9.478E-01	40.900	82	83	84
Q9RAZ9_Q75_lddt	B7FDD9_Q75_lddt	9.760E-01	9.645E-01	9.645E-01	32.900	82	82	82
Q9RAZ9_Q75_lddt	C8CE59_Q75_lddt	9.766E-01	9.651E-01	9.322E-01	31.700	82	85	85
Q9RAZ9_Q75_lddt	Q3SAW3_Q75_lddt	9.714E-01	9.600E-01	9.380E-01	33.300	82	84	84
Q9RAZ9_Q75_lddt	C8CE60_Q75_lddt	9.747E-01	9.633E-01	9.305E-01	31.700	82	85	85
Q9RAZ9_Q75_lddt	SGM-3_Q75_lddt	9.729E-01	9.615E-01	9.288E-01	30.900	82	84	85
Q9RAZ9_Q75_lddt	SGM-2_Q75_lddt	9.728E-01	9.614E-01	9.287E-01	30.900	82	84	85
Q9RAZ9_Q75_lddt	Q9R429_Q75_lddt	9.804E-01	9.688E-01	9.147E-01	28.700	82	87	87
Q9RAZ9_Q75_lddt	Q8GHI3_Q75_lddt	9.800E-01	9.684E-01	9.144E-01	27.500	82	87	87
Q9RAZ9_Q75_lddt	H9AXM1_Q75_lddt	9.799E-01	9.683E-01	9.143E-01	26.400	82	87	87
Q9RAZ9_Q75_lddt	OKP-C-1_Q75_lddt	9.754E-01	9.640E-01	9.206E-01	31.300	82	86	86
Q9RAZ9_Q75_lddt	AF-Q6W7F0-F1-model_v4_Q75_lddt	9.789E-01	9.673E-01	9.134E-01	29.800	82	87	87
Q9RAZ9_Q75_lddt	C8C0D8_Q75_lddt	9.715E-01	9.600E-01	9.167E-01	37.200	82	86	86
Q9RAZ9_Q75_lddt	Q84H48_Q75_lddt	9.781E-01	9.666E-01	9.127E-01	31.000	82	87	87
Q9RAZ9_Q75_lddt	Q84H47_Q75_lddt	9.781E-01	9.666E-01	9.127E-01	31.000	82	87	87
Q9RAZ9_Q75_lddt	A0A455LS80_Q75_lddt	9.781E-01	9.666E-01	9.128E-01	31.000	82	87	87
Q9RAZ9_Q75_lddt	Q8VQV7_Q75_lddt	9.780E-01	9.665E-01	9.127E-01	31.000	82	87	87
Q9RAZ9_Q75_lddt	Q2YHX6_Q75_lddt	9.780E-01	9.665E-01	9.127E-01	29.800	82	87	87
Q9RAZ9_Q75_lddt	Q9X4S7_Q75_lddt	9.710E-01	9.596E-01	9.163E-01	34.800	82	86	86
Q9RAZ9_Q75_lddt	A0A455LP07_Q75_lddt	9.779E-01	9.664E-01	9.126E-01	31.000	82	87	87
Q9RAZ9_Q75_lddt	Q2YHZ2_Q75_lddt	9.778E-01	9.663E-01	9.125E-01	29.800	82	87	87
Q9RAZ9_Q75_lddt	A0A455LP02_Q75_lddt	9.778E-01	9.663E-01	9.125E-01	31.000	82	87	87
Q9RAZ9_Q75_lddt	B5D612_Q75_lddt	9.778E-01	9.663E-01	9.125E-01	31.000	82	87	87
Q9RAZ9_Q75_lddt	A0A455LP13_Q75_lddt	9.777E-01	9.662E-01	9.124E-01	31.000	82	87	87
Q9RAZ9_Q75_lddt	Q5PU78_Q75_lddt	9.777E-01	9.662E-01	9.124E-01	29.800	82	87	87
Q9RAZ9_Q75_lddt	Q2YHY7_Q75_lddt	9.776E-01	9.661E-01	9.123E-01	29.800	82	87	87
Q9RAZ9_Q75_lddt	E9NST5_Q75_lddt	9.776E-01	9.661E-01	9.123E-01	31.000	82	87	87
Q9RAZ9_Q75_lddt	B5D620_Q75_lddt	9.775E-01	9.660E-01	9.122E-01	29.800	82	87	87
Q9RAZ9_Q75_lddt	Q5I6D4_Q75_lddt	9.773E-01	9.658E-01	9.121E-01	29.800	82	87	87
Q9RAZ9_Q75_lddt	A0A0P0IGT7_Q75_lddt	9.773E-01	9.658E-01	9.121E-01	31.000	82	87	87
Q9RAZ9_Q75_lddt	Q2YHX8_Q75_lddt	9.773E-01	9.658E-01	9.120E-01	29.800	82	87	87
Q9RAZ9_Q75_lddt	R4ISB3_Q75_lddt	9.772E-01	9.657E-01	9.120E-01	31.000	82	87	87
Q9RAZ9_Q75_lddt	B8YHZ8_Q75_lddt	9.771E-01	9.656E-01	9.119E-01	29.800	82	87	87
Q9RAZ9_Q75_lddt	Q2YHZ3_Q75_lddt	9.768E-01	9.653E-01	9.116E-01	29.800	82	87	87
Q9RAZ9_Q75_lddt	Q2YHZ5_Q75_lddt	9.768E-01	9.653E-01	9.116E-01	29.800	82	87	87
Q9RAZ9_Q75_lddt	Q2YHZ0_Q75_lddt	9.765E-01	9.650E-01	9.114E-01	29.800	82	87	87
Q9RAZ9_Q75_lddt	Q6R5M7_Q75_lddt	9.765E-01	9.650E-01	9.114E-01	29.800	82	87	87
Q9RAZ9_Q75_lddt	Q6ZY77_Q75_lddt	9.765E-01	9.650E-01	9.113E-01	29.800	82	87	87
Q9RAZ9_Q75_lddt	Q6ZY74_Q75_lddt	9.760E-01	9.645E-01	9.109E-01	29.800	82	87	87
Q9RAZ9_Q75_lddt	GES-44_Q75_lddt	9.646E-01	9.534E-01	9.317E-01	32.100	82	84	84
Q9RAZ9_Q75_lddt	A0A097ZLX5_Q75_lddt	9.634E-01	9.522E-01	9.306E-01	32.100	82	84	84
Q9RAZ9_Q75_lddt	C5HUY1_Q75_lddt	9.634E-01	9.522E-01	9.306E-01	32.100	82	84	84
Q9RAZ9_Q75_lddt	C6GC02_Q75_lddt	9.631E-01	9.519E-01	9.303E-01	30.900	82	84	84
Q9RAZ9_Q75_lddt	GES-41_Q75_lddt	9.629E-01	9.517E-01	9.301E-01	32.100	82	84	84
Q9RAZ9_Q75_lddt	Q6ZY58_Q75_lddt	9.739E-01	9.625E-01	9.091E-01	29.800	82	87	87
Q9RAZ9_Q75_lddt	AF-P18251-F1-model_v4_Q75_lddt	9.766E-01	9.651E-01	9.014E-01	30.200	82	86	88
Q9RAZ9_Q75_lddt	C0LSK3_Q75_lddt	9.769E-01	9.539E-01	9.109E-01	30.200	82	86	86
Q9RAZ9_Q75_lddt	AF-Q1NAL0-F1-model_v4_Q75_lddt	9.636E-01	9.524E-01	9.203E-01	32.100	82	84	85
Q9RAZ9_Q75_lddt	OKP-D-1_Q75_lddt	9.711E-01	9.597E-01	9.066E-01	29.800	82	87	87
Q9RAZ9_Q75_lddt	O33677_Q75_lddt	9.639E-01	9.526E-01	9.097E-01	27.500	82	87	86
Q9RAZ9_Q75_lddt	A0ZX91_Q75_lddt	9.779E-01	9.664E-01	8.927E-01	31.000	82	87	89
Q9RAZ9_Q75_lddt	E5G517_Q75_lddt	9.779E-01	9.664E-01	8.927E-01	31.000	82	87	89
Q9RAZ9_Q75_lddt	D5LGB4_Q75_lddt	9.778E-01	9.663E-01	8.926E-01	31.000	82	87	89
Q9RAZ9_Q75_lddt	Q8VP57_Q75_lddt	9.777E-01	9.662E-01	8.926E-01	31.000	82	87	89
Q9RAZ9_Q75_lddt	Q939H3_Q75_lddt	9.777E-01	9.662E-01	8.926E-01	31.000	82	87	89
Q9RAZ9_Q75_lddt	A0ZX80_Q75_lddt	9.777E-01	9.662E-01	8.925E-01	31.000	82	87	89
Q9RAZ9_Q75_lddt	B9U2I6_Q75_lddt	9.777E-01	9.661E-01	8.925E-01	31.000	82	87	89
Q9RAZ9_Q75_lddt	S4TWB0_Q75_lddt	9.777E-01	9.661E-01	8.925E-01	31.000	82	87	89
Q9RAZ9_Q75_lddt	AF-A0A867XYA1-F1-model_v4_Q75_lddt	9.742E-01	9.628E-01	8.994E-01	27.900	82	86	88
Q9RAZ9_Q75_lddt	A0A2P9E069_Q75_lddt	9.776E-01	9.660E-01	8.924E-01	31.000	82	87	89
Q9RAZ9_Q75_lddt	Q0PGR7_Q75_lddt	9.775E-01	9.660E-01	8.924E-01	31.000	82	87	89
Q9RAZ9_Q75_lddt	P14171_Q75_lddt	9.620E-01	9.508E-01	9.187E-01	24.700	82	85	85
Q9RAZ9_Q75_lddt	E5Q900_Q75_lddt	9.773E-01	9.658E-01	8.922E-01	31.000	82	87	89
Q9RAZ9_Q75_lddt	Q2MJC2_Q75_lddt	9.772E-01	9.657E-01	8.921E-01	31.000	82	87	89
Q9RAZ9_Q75_lddt	F8SQ10_Q75_lddt	9.771E-01	9.656E-01	8.920E-01	31.000	82	87	89
Q9RAZ9_Q75_lddt	Q939H5_Q75_lddt	9.769E-01	9.654E-01	8.919E-01	31.000	82	87	89
Q9RAZ9_Q75_lddt	A3FFR2_Q75_lddt	9.768E-01	9.653E-01	8.918E-01	31.000	82	87	89
Q9RAZ9_Q75_lddt	A0A2Z2Z6H0_Q75_lddt	9.572E-01	9.461E-01	9.247E-01	32.100	82	84	84
Q9RAZ9_Q75_lddt	A0A097BQY7_Q75_lddt	9.761E-01	9.646E-01	8.912E-01	31.000	82	87	89
Q9RAZ9_Q75_lddt	H2ERK9_Q75_lddt	9.758E-01	9.643E-01	8.909E-01	31.000	82	87	89
Q9RAZ9_Q75_lddt	Q8VP67_Q75_lddt	9.756E-01	9.641E-01	8.908E-01	31.000	82	87	89
Q9RAZ9_Q75_lddt	B0FP98_Q75_lddt	9.754E-01	9.640E-01	8.906E-01	31.000	82	87	89
Q9RAZ9_Q75_lddt	J7HZA4_Q75_lddt	9.754E-01	9.639E-01	8.906E-01	31.000	82	87	89
Q9RAZ9_Q75_lddt	Q8KRG7_Q75_lddt	9.752E-01	9.638E-01	8.905E-01	31.000	82	87	89
Q9RAZ9_Q75_lddt	SGM-5_Q75_lddt	9.601E-01	9.490E-01	9.170E-01	32.100	82	84	85
Q9RAZ9_Q75_lddt	B5L5W7_Q75_lddt	9.599E-01	9.487E-01	8.965E-01	30.500	82	85	87
Q9RAZ9_Q75_lddt	Q9XBM2_Q75_lddt	9.469E-01	9.358E-01	8.941E-01	25.200	82	87	86
Q9RAZ9_Q75_lddt	A0A3Q8G682_Q75_lddt	9.346E-01	9.238E-01	8.831E-01	25.200	82	87	86
Q9RAZ9_Q75_lddt	A0A0E0SR47_Q75_lddt	9.295E-01	9.188E-01	8.881E-01	31.000	82	87	85
Q9RAZ9_Q75_lddt	A0A1W5QH29_Q75_lddt	9.231E-01	9.125E-01	8.823E-01	29.800	82	87	85
Q9RAZ9_Q75_lddt	AF-F4NA56-F1-model_v4_Q75_lddt	9.223E-01	9.117E-01	8.815E-01	28.700	82	87	85
Q9RAZ9_Q75_lddt	A0A1W5QCF3_Q75_lddt	9.220E-01	9.115E-01	8.813E-01	28.700	82	87	85
Q9RAZ9_Q75_lddt	A0A1W5QG57_Q75_lddt	9.185E-01	9.081E-01	8.781E-01	29.800	82	87	85
RAA-1_Q75_lddt	RAA-1_Q75_lddt	1.012E+00	1.000E+00	1.000E+00	100.000	83	83	83
RAA-1_Q75_lddt	Q8VT49_Q75_lddt	1.005E+00	9.930E-01	9.930E-01	74.600	83	83	83
RAA-1_Q75_lddt	AF-E2D9D5-F1-model_v4_Q75_lddt	1.007E+00	9.953E-01	9.835E-01	67.800	83	84	84
RAA-1_Q75_lddt	AF-A0A0D0F642-F1-model_v4_Q75_lddt	1.003E+00	9.913E-01	9.913E-01	59.000	83	83	83
RAA-1_Q75_lddt	G9MB50_Q75_lddt	1.001E+00	9.893E-01	9.893E-01	65.000	83	83	83
RAA-1_Q75_lddt	G9M9P7_Q75_lddt	1.001E+00	9.887E-01	9.887E-01	66.200	83	83	83
RAA-1_Q75_lddt	G9MB49_Q75_lddt	1.001E+00	9.887E-01	9.887E-01	65.000	83	83	83
RAA-1_Q75_lddt	Q9AMJ7_Q75_lddt	1.000E+00	9.881E-01	9.881E-01	57.800	83	83	83
RAA-1_Q75_lddt	A1YTM5_Q75_lddt	9.998E-01	9.879E-01	9.879E-01	57.800	83	83	83
RAA-1_Q75_lddt	Q5W3A6_Q75_lddt	1.003E+00	9.911E-01	9.794E-01	58.300	83	84	84
RAA-1_Q75_lddt	Q9RAZ9_Q75_lddt	1.003E+00	9.789E-01	9.907E-01	71.000	83	83	82
RAA-1_Q75_lddt	AF-A0A886X7X6-F1-model_v6_Q75_lddt	1.000E+00	9.885E-01	9.655E-01	48.800	83	84	85
RAA-1_Q75_lddt	Q9X6W1_Q75_lddt	9.905E-01	9.788E-01	9.788E-01	53.000	83	83	83
RAA-1_Q75_lddt	AF-E4WMC5-F1-model_v6_Q75_lddt	9.916E-01	9.799E-01	9.799E-01	42.100	83	83	83
RAA-1_Q75_lddt	A0A0B6VPP7_Q75_lddt	9.889E-01	9.772E-01	9.772E-01	53.000	83	83	83
RAA-1_Q75_lddt	D5HSX5_Q75_lddt	9.906E-01	9.789E-01	9.789E-01	45.700	83	83	83
RAA-1_Q75_lddt	P74842_Q75_lddt	9.903E-01	9.787E-01	9.787E-01	46.900	83	83	83
RAA-1_Q75_lddt	F8T7L4_Q75_lddt	9.900E-01	9.783E-01	9.783E-01	45.700	83	83	83
RAA-1_Q75_lddt	Q5XQD3_Q75_lddt	9.899E-01	9.783E-01	9.783E-01	45.700	83	83	83
RAA-1_Q75_lddt	PER-16_Q75_lddt	9.934E-01	9.816E-01	9.702E-01	46.400	83	84	84
RAA-1_Q75_lddt	AF-J9QX37-F1-model_v4_Q75_lddt	9.967E-01	9.612E-01	9.845E-01	49.300	83	83	81
RAA-1_Q75_lddt	AF-A0A8E9ZWD0-F1-model_v6_Q75_lddt	9.900E-01	9.784E-01	9.558E-01	44.000	83	84	85
RAA-1_Q75_lddt	AF-A0A127SQY3-F1-model_v6_Q75_lddt	9.785E-01	9.670E-01	9.670E-01	44.500	83	83	83
RAA-1_Q75_lddt	Q3SAW3_Q75_lddt	9.824E-01	9.709E-01	9.597E-01	36.900	83	84	84
RAA-1_Q75_lddt	AF-A0A1J0HSJ3-F1-model_v4_Q75_lddt	9.830E-01	9.599E-01	9.713E-01	32.500	83	83	82
RAA-1_Q75_lddt	AF-A0A3G1JAD7-F1-model_v4_Q75_lddt	9.826E-01	9.596E-01	9.710E-01	34.900	83	83	82
RAA-1_Q75_lddt	C8C0I2_Q75_lddt	9.726E-01	9.611E-01	9.611E-01	47.600	83	84	83
RAA-1_Q75_lddt	B7FDD9_Q75_lddt	9.817E-01	9.587E-01	9.701E-01	33.700	83	83	82
RAA-1_Q75_lddt	C8CE59_Q75_lddt	9.848E-01	9.732E-01	9.509E-01	34.100	83	85	85
RAA-1_Q75_lddt	C8CE60_Q75_lddt	9.832E-01	9.717E-01	9.495E-01	34.100	83	85	85
RAA-1_Q75_lddt	Q8GHI3_Q75_lddt	9.885E-01	9.768E-01	9.329E-01	27.500	83	87	87
RAA-1_Q75_lddt	Q9R429_Q75_lddt	9.885E-01	9.768E-01	9.329E-01	28.700	83	87	87
RAA-1_Q75_lddt	OKP-C-1_Q75_lddt	9.843E-01	9.728E-01	9.397E-01	32.500	83	86	86
RAA-1_Q75_lddt	C5HUY1_Q75_lddt	9.767E-01	9.653E-01	9.542E-01	33.300	83	84	84
RAA-1_Q75_lddt	A0A097ZLX5_Q75_lddt	9.766E-01	9.652E-01	9.541E-01	33.300	83	84	84
RAA-1_Q75_lddt	H9AXM1_Q75_lddt	9.877E-01	9.761E-01	9.323E-01	27.500	83	87	87
RAA-1_Q75_lddt	GES-44_Q75_lddt	9.765E-01	9.651E-01	9.540E-01	33.300	83	84	84
RAA-1_Q75_lddt	C6GC02_Q75_lddt	9.764E-01	9.650E-01	9.539E-01	32.100	83	84	84
RAA-1_Q75_lddt	Q2YHX6_Q75_lddt	9.865E-01	9.749E-01	9.312E-01	29.800	83	87	87
RAA-1_Q75_lddt	AF-Q6W7F0-F1-model_v4_Q75_lddt	9.862E-01	9.746E-01	9.309E-01	29.800	83	87	87
RAA-1_Q75_lddt	A0A455LP07_Q75_lddt	9.862E-01	9.746E-01	9.309E-01	31.000	83	87	87
RAA-1_Q75_lddt	Q84H48_Q75_lddt	9.862E-01	9.746E-01	9.309E-01	31.000	83	87	87
RAA-1_Q75_lddt	A0A455LP13_Q75_lddt	9.861E-01	9.745E-01	9.308E-01	31.000	83	87	87
RAA-1_Q75_lddt	A0A455LP02_Q75_lddt	9.861E-01	9.745E-01	9.308E-01	31.000	83	87	87
RAA-1_Q75_lddt	E9NST5_Q75_lddt	9.861E-01	9.745E-01	9.308E-01	31.000	83	87	87
RAA-1_Q75_lddt	B5D612_Q75_lddt	9.861E-01	9.745E-01	9.308E-01	31.000	83	87	87
RAA-1_Q75_lddt	Q5I6D4_Q75_lddt	9.860E-01	9.744E-01	9.307E-01	29.800	83	87	87
RAA-1_Q75_lddt	B5D620_Q75_lddt	9.859E-01	9.744E-01	9.307E-01	29.800	83	87	87
RAA-1_Q75_lddt	Q2YHX8_Q75_lddt	9.859E-01	9.743E-01	9.306E-01	29.800	83	87	87
RAA-1_Q75_lddt	A0A0P0IGT7_Q75_lddt	9.859E-01	9.744E-01	9.306E-01	31.000	83	87	87
RAA-1_Q75_lddt	R4ISB3_Q75_lddt	9.858E-01	9.742E-01	9.305E-01	31.000	83	87	87
RAA-1_Q75_lddt	GES-41_Q75_lddt	9.746E-01	9.633E-01	9.522E-01	33.300	83	84	84
RAA-1_Q75_lddt	Q57509_Q75_lddt	9.686E-01	9.572E-01	9.461E-01	45.200	83	84	84
RAA-1_Q75_lddt	B8YHZ8_Q75_lddt	9.857E-01	9.741E-01	9.304E-01	29.800	83	87	87
RAA-1_Q75_lddt	A0A455LS80_Q75_lddt	9.855E-01	9.739E-01	9.302E-01	31.000	83	87	87
RAA-1_Q75_lddt	Q5PU78_Q75_lddt	9.855E-01	9.739E-01	9.302E-01	29.800	83	87	87
RAA-1_Q75_lddt	Q2YHZ2_Q75_lddt	9.853E-01	9.737E-01	9.300E-01	29.800	83	87	87
RAA-1_Q75_lddt	Q2YHY7_Q75_lddt	9.848E-01	9.732E-01	9.296E-01	29.800	83	87	87
RAA-1_Q75_lddt	Q84H47_Q75_lddt	9.846E-01	9.731E-01	9.295E-01	31.000	83	87	87
RAA-1_Q75_lddt	Q6R5M7_Q75_lddt	9.846E-01	9.731E-01	9.295E-01	29.800	83	87	87
RAA-1_Q75_lddt	Q2YHZ5_Q75_lddt	9.844E-01	9.729E-01	9.293E-01	29.800	83	87	87
RAA-1_Q75_lddt	Q2YHZ3_Q75_lddt	9.844E-01	9.729E-01	9.293E-01	29.800	83	87	87
RAA-1_Q75_lddt	Q8VQV7_Q75_lddt	9.841E-01	9.726E-01	9.290E-01	31.000	83	87	87
RAA-1_Q75_lddt	Q6ZY77_Q75_lddt	9.841E-01	9.726E-01	9.290E-01	29.800	83	87	87
RAA-1_Q75_lddt	Q2YHZ0_Q75_lddt	9.841E-01	9.725E-01	9.290E-01	29.800	83	87	87
RAA-1_Q75_lddt	Q6ZY74_Q75_lddt	9.838E-01	9.723E-01	9.288E-01	29.800	83	87	87
RAA-1_Q75_lddt	SGM-3_Q75_lddt	9.757E-01	9.644E-01	9.425E-01	38.000	83	84	85
RAA-1_Q75_lddt	SGM-2_Q75_lddt	9.757E-01	9.643E-01	9.424E-01	38.000	83	84	85
RAA-1_Q75_lddt	Q6ZY58_Q75_lddt	9.825E-01	9.711E-01	9.276E-01	29.800	83	87	87
RAA-1_Q75_lddt	A0A2Z2Z6H0_Q75_lddt	9.692E-01	9.580E-01	9.471E-01	32.100	83	84	84
RAA-1_Q75_lddt	F8SQ10_Q75_lddt	9.870E-01	9.754E-01	9.111E-01	33.300	83	87	89
RAA-1_Q75_lddt	Q8VP57_Q75_lddt	9.869E-01	9.753E-01	9.110E-01	33.300	83	87	89
RAA-1_Q75_lddt	B9U2I6_Q75_lddt	9.868E-01	9.752E-01	9.109E-01	33.300	83	87	89
RAA-1_Q75_lddt	A0ZX91_Q75_lddt	9.867E-01	9.751E-01	9.109E-01	33.300	83	87	89
RAA-1_Q75_lddt	AF-P18251-F1-model_v4_Q75_lddt	9.830E-01	9.715E-01	9.177E-01	32.500	83	86	88
RAA-1_Q75_lddt	S4TWB0_Q75_lddt	9.866E-01	9.750E-01	9.108E-01	33.300	83	87	89
RAA-1_Q75_lddt	OKP-D-1_Q75_lddt	9.793E-01	9.679E-01	9.247E-01	29.800	83	87	87
RAA-1_Q75_lddt	D5LGB4_Q75_lddt	9.865E-01	9.749E-01	9.107E-01	33.300	83	87	89
RAA-1_Q75_lddt	A0ZX80_Q75_lddt	9.865E-01	9.749E-01	9.107E-01	33.300	83	87	89
RAA-1_Q75_lddt	A0A2P9E069_Q75_lddt	9.864E-01	9.748E-01	9.106E-01	33.300	83	87	89
RAA-1_Q75_lddt	Q939H5_Q75_lddt	9.864E-01	9.748E-01	9.106E-01	33.300	83	87	89
RAA-1_Q75_lddt	E5Q900_Q75_lddt	9.863E-01	9.747E-01	9.105E-01	33.300	83	87	89
RAA-1_Q75_lddt	Q0PGR7_Q75_lddt	9.862E-01	9.746E-01	9.104E-01	33.300	83	87	89
RAA-1_Q75_lddt	Q939H3_Q75_lddt	9.861E-01	9.745E-01	9.104E-01	31.000	83	87	89
RAA-1_Q75_lddt	C0LSK3_Q75_lddt	9.832E-01	9.602E-01	9.276E-01	29.000	83	86	86
RAA-1_Q75_lddt	A3FFR2_Q75_lddt	9.860E-01	9.745E-01	9.103E-01	33.300	83	87	89
RAA-1_Q75_lddt	E5G517_Q75_lddt	9.856E-01	9.741E-01	9.100E-01	33.300	83	87	89
RAA-1_Q75_lddt	H2ERK9_Q75_lddt	9.853E-01	9.738E-01	9.097E-01	33.300	83	87	89
RAA-1_Q75_lddt	O33677_Q75_lddt	9.705E-01	9.592E-01	9.266E-01	27.500	83	87	86
RAA-1_Q75_lddt	AF-A0A867XYA1-F1-model_v4_Q75_lddt	9.816E-01	9.702E-01	9.166E-01	29.000	83	86	88
RAA-1_Q75_lddt	Q2MJC2_Q75_lddt	9.849E-01	9.734E-01	9.094E-01	33.300	83	87	89
RAA-1_Q75_lddt	B0FP98_Q75_lddt	9.849E-01	9.733E-01	9.093E-01	33.300	83	87	89
RAA-1_Q75_lddt	P14171_Q75_lddt	9.697E-01	9.585E-01	9.368E-01	27.000	83	85	85
RAA-1_Q75_lddt	Q8VP67_Q75_lddt	9.841E-01	9.725E-01	9.086E-01	33.300	83	87	89
RAA-1_Q75_lddt	J7HZA4_Q75_lddt	9.840E-01	9.725E-01	9.086E-01	33.300	83	87	89
RAA-1_Q75_lddt	A0A097BQY7_Q75_lddt	9.838E-01	9.723E-01	9.084E-01	33.300	83	87	89
RAA-1_Q75_lddt	Q8KRG7_Q75_lddt	9.836E-01	9.721E-01	9.082E-01	33.300	83	87	89
RAA-1_Q75_lddt	AF-Q1NAL0-F1-model_v4_Q75_lddt	9.679E-01	9.567E-01	9.352E-01	39.200	83	84	85
RAA-1_Q75_lddt	SGM-5_Q75_lddt	9.639E-01	9.528E-01	9.314E-01	35.700	83	84	85
RAA-1_Q75_lddt	Q9X4S7_Q75_lddt	9.571E-01	9.460E-01	9.141E-01	33.300	83	87	86
RAA-1_Q75_lddt	C8C0D8_Q75_lddt	9.564E-01	9.453E-01	9.134E-01	35.600	83	87	86
RAA-1_Q75_lddt	B5L5W7_Q75_lddt	9.582E-01	9.472E-01	9.056E-01	34.100	83	85	87
RAA-1_Q75_lddt	Q9XBM2_Q75_lddt	9.497E-01	9.387E-01	9.072E-01	26.400	83	87	86
RAA-1_Q75_lddt	A0A0E0SR47_Q75_lddt	9.382E-01	9.275E-01	9.067E-01	34.400	83	87	85
RAA-1_Q75_lddt	A0A3Q8G682_Q75_lddt	9.372E-01	9.265E-01	8.959E-01	28.700	83	87	86
RAA-1_Q75_lddt	AF-F4NA56-F1-model_v4_Q75_lddt	9.311E-01	9.205E-01	9.000E-01	29.800	83	87	85
RAA-1_Q75_lddt	A0A1W5QH29_Q75_lddt	9.308E-01	9.202E-01	8.997E-01	31.000	83	87	85
RAA-1_Q75_lddt	A0A1W5QCF3_Q75_lddt	9.298E-01	9.192E-01	8.988E-01	29.800	83	87	85
RAA-1_Q75_lddt	A0A1W5QG57_Q75_lddt	9.266E-01	9.161E-01	8.958E-01	31.000	83	87	85
A0A2P9E069_Q75_lddt	A0A2P9E069_Q75_lddt	1.011E+00	1.000E+00	1.000E+00	100.000	89	89	89
A0A2P9E069_Q75_lddt	S4TWB0_Q75_lddt	1.011E+00	9.999E-01	9.999E-01	100.000	89	89	89
A0A2P9E069_Q75_lddt	A0ZX91_Q75_lddt	1.011E+00	9.999E-01	9.999E-01	100.000	89	89	89
A0A2P9E069_Q75_lddt	A0ZX80_Q75_lddt	1.011E+00	9.999E-01	9.999E-01	100.000	89	89	89
A0A2P9E069_Q75_lddt	B9U2I6_Q75_lddt	1.011E+00	9.999E-01	9.999E-01	100.000	89	89	89
A0A2P9E069_Q75_lddt	D5LGB4_Q75_lddt	1.011E+00	9.999E-01	9.999E-01	100.000	89	89	89
A0A2P9E069_Q75_lddt	Q8VP57_Q75_lddt	1.011E+00	9.999E-01	9.999E-01	100.000	89	89	89
A0A2P9E069_Q75_lddt	E5Q900_Q75_lddt	1.011E+00	9.999E-01	9.999E-01	100.000	89	89	89
A0A2P9E069_Q75_lddt	A3FFR2_Q75_lddt	1.011E+00	9.998E-01	9.998E-01	100.000	89	89	89
A0A2P9E069_Q75_lddt	Q0PGR7_Q75_lddt	1.011E+00	9.998E-01	9.998E-01	98.800	89	89	89
A0A2P9E069_Q75_lddt	H2ERK9_Q75_lddt	1.011E+00	9.996E-01	9.996E-01	100.000	89	89	89
A0A2P9E069_Q75_lddt	B0FP98_Q75_lddt	1.011E+00	9.994E-01	9.994E-01	98.800	89	89	89
A0A2P9E069_Q75_lddt	Q2MJC2_Q75_lddt	1.011E+00	9.994E-01	9.994E-01	100.000	89	89	89
A0A2P9E069_Q75_lddt	Q939H5_Q75_lddt	1.011E+00	9.993E-01	9.993E-01	98.800	89	89	89
A0A2P9E069_Q75_lddt	A0A097BQY7_Q75_lddt	1.011E+00	9.993E-01	9.993E-01	100.000	89	89	89
A0A2P9E069_Q75_lddt	F8SQ10_Q75_lddt	1.011E+00	9.992E-01	9.992E-01	100.000	89	89	89
A0A2P9E069_Q75_lddt	J7HZA4_Q75_lddt	1.011E+00	9.992E-01	9.992E-01	98.800	89	89	89
A0A2P9E069_Q75_lddt	Q8VP67_Q75_lddt	1.011E+00	9.992E-01	9.992E-01	100.000	89	89	89
A0A2P9E069_Q75_lddt	Q939H3_Q75_lddt	1.010E+00	9.991E-01	9.991E-01	92.100	89	89	89
A0A2P9E069_Q75_lddt	Q8KRG7_Q75_lddt	1.010E+00	9.989E-01	9.989E-01	98.800	89	89	89
A0A2P9E069_Q75_lddt	E5G517_Q75_lddt	1.006E+00	9.944E-01	9.944E-01	98.800	89	89	89
A0A2P9E069_Q75_lddt	AF-A0A867XYA1-F1-model_v4_Q75_lddt	1.009E+00	9.860E-01	9.971E-01	88.700	89	89	88
A0A2P9E069_Q75_lddt	AF-P18251-F1-model_v4_Q75_lddt	1.008E+00	9.853E-01	9.964E-01	95.500	89	89	88
A0A2P9E069_Q75_lddt	Q5I6D4_Q75_lddt	1.011E+00	9.772E-01	9.997E-01	95.400	89	87	87
A0A2P9E069_Q75_lddt	B8YHZ8_Q75_lddt	1.011E+00	9.772E-01	9.997E-01	94.200	89	87	87
A0A2P9E069_Q75_lddt	Q2YHX8_Q75_lddt	1.011E+00	9.772E-01	9.997E-01	95.400	89	87	87
A0A2P9E069_Q75_lddt	Q2YHX6_Q75_lddt	1.011E+00	9.772E-01	9.996E-01	95.400	89	87	87
A0A2P9E069_Q75_lddt	B5D612_Q75_lddt	1.011E+00	9.772E-01	9.996E-01	93.100	89	87	87
A0A2P9E069_Q75_lddt	B5D620_Q75_lddt	1.011E+00	9.772E-01	9.996E-01	94.200	89	87	87
A0A2P9E069_Q75_lddt	A0A455LP07_Q75_lddt	1.011E+00	9.771E-01	9.995E-01	93.100	89	87	87
A0A2P9E069_Q75_lddt	A0A0P0IGT7_Q75_lddt	1.011E+00	9.771E-01	9.995E-01	93.100	89	87	87
A0A2P9E069_Q75_lddt	A0A455LP13_Q75_lddt	1.011E+00	9.771E-01	9.995E-01	93.100	89	87	87
A0A2P9E069_Q75_lddt	E9NST5_Q75_lddt	1.011E+00	9.771E-01	9.995E-01	90.800	89	87	87
A0A2P9E069_Q75_lddt	A0A455LP02_Q75_lddt	1.011E+00	9.771E-01	9.995E-01	93.100	89	87	87
A0A2P9E069_Q75_lddt	R4ISB3_Q75_lddt	1.011E+00	9.770E-01	9.995E-01	93.100	89	87	87
A0A2P9E069_Q75_lddt	Q2YHZ5_Q75_lddt	1.011E+00	9.769E-01	9.993E-01	94.200	89	87	87
A0A2P9E069_Q75_lddt	Q2YHZ2_Q75_lddt	1.011E+00	9.768E-01	9.993E-01	94.200	89	87	87
A0A2P9E069_Q75_lddt	Q5PU78_Q75_lddt	1.011E+00	9.768E-01	9.993E-01	94.200	89	87	87
A0A2P9E069_Q75_lddt	Q6ZY77_Q75_lddt	1.011E+00	9.768E-01	9.993E-01	93.100	89	87	87
A0A2P9E069_Q75_lddt	Q2YHZ0_Q75_lddt	1.011E+00	9.768E-01	9.992E-01	94.200	89	87	87
A0A2P9E069_Q75_lddt	Q6ZY74_Q75_lddt	1.011E+00	9.768E-01	9.992E-01	94.200	89	87	87
A0A2P9E069_Q75_lddt	Q2YHZ3_Q75_lddt	1.011E+00	9.768E-01	9.992E-01	94.200	89	87	87
A0A2P9E069_Q75_lddt	Q84H48_Q75_lddt	1.011E+00	9.768E-01	9.992E-01	91.900	89	87	87
A0A2P9E069_Q75_lddt	Q6R5M7_Q75_lddt	1.011E+00	9.768E-01	9.992E-01	94.200	89	87	87
A0A2P9E069_Q75_lddt	A0A455LS80_Q75_lddt	1.011E+00	9.767E-01	9.992E-01	94.200	89	87	87
A0A2P9E069_Q75_lddt	Q9R429_Q75_lddt	1.011E+00	9.766E-01	9.990E-01	81.600	89	87	87
A0A2P9E069_Q75_lddt	Q8GHI3_Q75_lddt	1.011E+00	9.766E-01	9.990E-01	80.400	89	87	87
A0A2P9E069_Q75_lddt	Q6ZY58_Q75_lddt	1.010E+00	9.764E-01	9.988E-01	93.100	89	87	87
A0A2P9E069_Q75_lddt	Q2YHY7_Q75_lddt	1.010E+00	9.763E-01	9.987E-01	94.200	89	87	87
A0A2P9E069_Q75_lddt	Q84H47_Q75_lddt	1.010E+00	9.763E-01	9.987E-01	91.900	89	87	87
A0A2P9E069_Q75_lddt	H9AXM1_Q75_lddt	1.010E+00	9.762E-01	9.986E-01	78.100	89	87	87
A0A2P9E069_Q75_lddt	Q8VQV7_Q75_lddt	1.010E+00	9.760E-01	9.984E-01	91.900	89	87	87
A0A2P9E069_Q75_lddt	AF-Q6W7F0-F1-model_v4_Q75_lddt	1.010E+00	9.760E-01	9.984E-01	83.900	89	87	87
A0A2P9E069_Q75_lddt	OKP-D-1_Q75_lddt	1.008E+00	9.743E-01	9.966E-01	91.900	89	87	87
A0A2P9E069_Q75_lddt	OKP-C-1_Q75_lddt	1.010E+00	9.648E-01	9.984E-01	96.500	89	87	86
A0A2P9E069_Q75_lddt	C0LSK3_Q75_lddt	1.010E+00	9.646E-01	9.982E-01	94.100	89	86	86
A0A2P9E069_Q75_lddt	C8CE59_Q75_lddt	1.011E+00	9.544E-01	9.993E-01	97.700	89	87	85
A0A2P9E069_Q75_lddt	C8CE60_Q75_lddt	1.011E+00	9.543E-01	9.992E-01	97.700	89	87	85
A0A2P9E069_Q75_lddt	O33677_Q75_lddt	1.005E+00	9.599E-01	9.932E-01	79.300	89	87	86
A0A2P9E069_Q75_lddt	B7FDD9_Q75_lddt	1.010E+00	9.196E-01	9.979E-01	94.200	89	87	82
A0A2P9E069_Q75_lddt	P14171_Q75_lddt	9.918E-01	9.370E-01	9.803E-01	56.300	89	87	85
A0A2P9E069_Q75_lddt	Q3SAW3_Q75_lddt	9.949E-01	9.288E-01	9.832E-01	56.300	89	87	84
A0A2P9E069_Q75_lddt	C5HUY1_Q75_lddt	9.944E-01	9.284E-01	9.827E-01	49.400	89	87	84
A0A2P9E069_Q75_lddt	C6GC02_Q75_lddt	9.943E-01	9.283E-01	9.826E-01	48.200	89	87	84
A0A2P9E069_Q75_lddt	A0A097ZLX5_Q75_lddt	9.943E-01	9.283E-01	9.826E-01	49.400	89	87	84
A0A2P9E069_Q75_lddt	AF-A0A1J0HSJ3-F1-model_v4_Q75_lddt	1.001E+00	9.122E-01	9.893E-01	52.800	89	87	82
A0A2P9E069_Q75_lddt	GES-44_Q75_lddt	9.927E-01	9.270E-01	9.811E-01	49.400	89	87	84
A0A2P9E069_Q75_lddt	AF-A0A3G1JAD7-F1-model_v4_Q75_lddt	1.001E+00	9.119E-01	9.888E-01	54.000	89	87	82
A0A2P9E069_Q75_lddt	GES-41_Q75_lddt	9.925E-01	9.268E-01	9.809E-01	49.400	89	87	84
A0A2P9E069_Q75_lddt	SGM-3_Q75_lddt	9.941E-01	9.282E-01	9.711E-01	54.000	89	87	85
A0A2P9E069_Q75_lddt	SGM-2_Q75_lddt	9.938E-01	9.279E-01	9.709E-01	54.000	89	87	85
A0A2P9E069_Q75_lddt	PER-16_Q75_lddt	9.867E-01	9.217E-01	9.753E-01	41.300	89	87	84
A0A2P9E069_Q75_lddt	AF-E2D9D5-F1-model_v4_Q75_lddt	9.857E-01	9.208E-01	9.743E-01	31.000	89	87	84
A0A2P9E069_Q75_lddt	AF-A0A886X7X6-F1-model_v6_Q75_lddt	9.883E-01	9.231E-01	9.656E-01	32.100	89	87	85
A0A2P9E069_Q75_lddt	Q9AMJ7_Q75_lddt	9.881E-01	9.121E-01	9.765E-01	31.000	89	87	83
A0A2P9E069_Q75_lddt	A1YTM5_Q75_lddt	9.876E-01	9.117E-01	9.760E-01	31.000	89	87	83
A0A2P9E069_Q75_lddt	A0A1W5QH29_Q75_lddt	9.785E-01	9.251E-01	9.673E-01	37.900	89	87	85
A0A2P9E069_Q75_lddt	RAA-1_Q75_lddt	9.864E-01	9.106E-01	9.748E-01	33.300	89	87	83
A0A2P9E069_Q75_lddt	SGM-5_Q75_lddt	9.861E-01	9.211E-01	9.634E-01	50.500	89	87	85
A0A2P9E069_Q75_lddt	A0A1W5QCF3_Q75_lddt	9.776E-01	9.243E-01	9.664E-01	37.900	89	87	85
A0A2P9E069_Q75_lddt	D5HSX5_Q75_lddt	9.856E-01	9.099E-01	9.741E-01	41.300	89	87	83
A0A2P9E069_Q75_lddt	A0A2Z2Z6H0_Q75_lddt	9.814E-01	9.171E-01	9.701E-01	47.100	89	87	84
A0A2P9E069_Q75_lddt	AF-Q1NAL0-F1-model_v4_Q75_lddt	9.848E-01	9.200E-01	9.622E-01	54.000	89	87	85
A0A2P9E069_Q75_lddt	A0A3Q8G682_Q75_lddt	9.696E-01	9.274E-01	9.587E-01	54.000	89	87	86
A0A2P9E069_Q75_lddt	F8T7L4_Q75_lddt	9.845E-01	9.089E-01	9.729E-01	37.900	89	87	83
A0A2P9E069_Q75_lddt	Q5XQD3_Q75_lddt	9.843E-01	9.088E-01	9.728E-01	37.900	89	87	83
A0A2P9E069_Q75_lddt	P74842_Q75_lddt	9.840E-01	9.085E-01	9.724E-01	39.000	89	87	83
A0A2P9E069_Q75_lddt	Q9XBM2_Q75_lddt	9.681E-01	9.260E-01	9.572E-01	42.500	89	87	86
A0A2P9E069_Q75_lddt	Q8VT49_Q75_lddt	9.831E-01	9.078E-01	9.716E-01	31.000	89	87	83
A0A2P9E069_Q75_lddt	A0A1W5QG57_Q75_lddt	9.746E-01	9.217E-01	9.635E-01	37.900	89	87	85
A0A2P9E069_Q75_lddt	Q5W3A6_Q75_lddt	9.784E-01	9.145E-01	9.671E-01	34.400	89	87	84
A0A2P9E069_Q75_lddt	AF-A0A0D0F642-F1-model_v4_Q75_lddt	9.824E-01	9.072E-01	9.709E-01	32.100	89	87	83
A0A2P9E069_Q75_lddt	AF-E4WMC5-F1-model_v6_Q75_lddt	9.791E-01	9.043E-01	9.677E-01	35.600	89	87	83
A0A2P9E069_Q75_lddt	G9MB50_Q75_lddt	9.789E-01	9.042E-01	9.675E-01	31.000	89	87	83
A0A2P9E069_Q75_lddt	A0A0E0SR47_Q75_lddt	9.701E-01	9.176E-01	9.591E-01	40.200	89	87	85
A0A2P9E069_Q75_lddt	G9M9P7_Q75_lddt	9.783E-01	9.037E-01	9.669E-01	29.800	89	87	83
A0A2P9E069_Q75_lddt	G9MB49_Q75_lddt	9.781E-01	9.035E-01	9.667E-01	31.000	89	87	83
A0A2P9E069_Q75_lddt	AF-A0A8E9ZWD0-F1-model_v6_Q75_lddt	9.761E-01	9.124E-01	9.539E-01	31.000	89	87	85
A0A2P9E069_Q75_lddt	AF-J9QX37-F1-model_v4_Q75_lddt	9.826E-01	8.858E-01	9.708E-01	28.700	89	87	81
A0A2P9E069_Q75_lddt	AF-F4NA56-F1-model_v4_Q75_lddt	9.652E-01	9.132E-01	9.543E-01	37.900	89	87	85
A0A2P9E069_Q75_lddt	Q9X6W1_Q75_lddt	9.720E-01	8.979E-01	9.607E-01	32.100	89	87	83
A0A2P9E069_Q75_lddt	Q9RAZ9_Q75_lddt	9.776E-01	8.924E-01	9.660E-01	31.000	89	87	82
A0A2P9E069_Q75_lddt	A0A0B6VPP7_Q75_lddt	9.688E-01	8.952E-01	9.575E-01	31.000	89	87	83
A0A2P9E069_Q75_lddt	B5L5W7_Q75_lddt	9.682E-01	9.157E-01	9.360E-01	37.900	89	87	87
A0A2P9E069_Q75_lddt	AF-A0A127SQY3-F1-model_v6_Q75_lddt	9.557E-01	8.839E-01	9.447E-01	25.200	89	87	83
A0A2P9E069_Q75_lddt	Q57509_Q75_lddt	9.507E-01	8.789E-01	9.290E-01	28.400	89	88	84
A0A2P9E069_Q75_lddt	C8C0I2_Q75_lddt	9.481E-01	8.771E-01	9.373E-01	32.100	89	87	83
A0A2P9E069_Q75_lddt	C8C0D8_Q75_lddt	9.183E-01	8.793E-01	9.082E-01	25.800	89	89	86
A0A2P9E069_Q75_lddt	Q9X4S7_Q75_lddt	9.162E-01	8.774E-01	9.062E-01	28.000	89	89	86
A0A455LS80_Q75_lddt	A0A455LS80_Q75_lddt	1.012E+00	1.000E+00	1.000E+00	100.000	87	87	87
A0A455LS80_Q75_lddt	A0A455LP13_Q75_lddt	1.011E+00	9.996E-01	9.996E-01	98.800	87	87	87
A0A455LS80_Q75_lddt	A0A455LP02_Q75_lddt	1.011E+00	9.996E-01	9.996E-01	98.800	87	87	87
A0A455LS80_Q75_lddt	A0A455LP07_Q75_lddt	1.011E+00	9.996E-01	9.996E-01	98.800	87	87	87
A0A455LS80_Q75_lddt	B5D612_Q75_lddt	1.011E+00	9.995E-01	9.995E-01	97.700	87	87	87
A0A455LS80_Q75_lddt	R4ISB3_Q75_lddt	1.011E+00	9.995E-01	9.995E-01	98.800	87	87	87
A0A455LS80_Q75_lddt	E9NST5_Q75_lddt	1.011E+00	9.995E-01	9.995E-01	95.400	87	87	87
A0A455LS80_Q75_lddt	Q5PU78_Q75_lddt	1.011E+00	9.995E-01	9.995E-01	95.400	87	87	87
A0A455LS80_Q75_lddt	A0A0P0IGT7_Q75_lddt	1.011E+00	9.995E-01	9.995E-01	97.700	87	87	87
A0A455LS80_Q75_lddt	Q2YHZ5_Q75_lddt	1.011E+00	9.995E-01	9.995E-01	95.400	87	87	87
A0A455LS80_Q75_lddt	Q2YHZ3_Q75_lddt	1.011E+00	9.994E-01	9.994E-01	95.400	87	87	87
A0A455LS80_Q75_lddt	Q6ZY77_Q75_lddt	1.011E+00	9.994E-01	9.994E-01	94.200	87	87	87
A0A455LS80_Q75_lddt	Q84H47_Q75_lddt	1.011E+00	9.994E-01	9.994E-01	96.500	87	87	87
A0A455LS80_Q75_lddt	Q6R5M7_Q75_lddt	1.011E+00	9.994E-01	9.994E-01	95.400	87	87	87
A0A455LS80_Q75_lddt	Q2YHZ2_Q75_lddt	1.011E+00	9.994E-01	9.994E-01	95.400	87	87	87
A0A455LS80_Q75_lddt	Q6ZY74_Q75_lddt	1.011E+00	9.994E-01	9.994E-01	95.400	87	87	87
A0A455LS80_Q75_lddt	Q2YHZ0_Q75_lddt	1.011E+00	9.994E-01	9.994E-01	95.400	87	87	87
A0A455LS80_Q75_lddt	Q2YHX6_Q75_lddt	1.011E+00	9.993E-01	9.993E-01	96.500	87	87	87
A0A455LS80_Q75_lddt	Q2YHX8_Q75_lddt	1.011E+00	9.993E-01	9.993E-01	96.500	87	87	87
A0A455LS80_Q75_lddt	Q5I6D4_Q75_lddt	1.011E+00	9.993E-01	9.993E-01	96.500	87	87	87
A0A455LS80_Q75_lddt	B8YHZ8_Q75_lddt	1.011E+00	9.993E-01	9.993E-01	95.400	87	87	87
A0A455LS80_Q75_lddt	B5D620_Q75_lddt	1.011E+00	9.993E-01	9.993E-01	95.400	87	87	87
A0A455LS80_Q75_lddt	Q8VQV7_Q75_lddt	1.011E+00	9.992E-01	9.992E-01	96.500	87	87	87
A0A455LS80_Q75_lddt	Q84H48_Q75_lddt	1.011E+00	9.992E-01	9.992E-01	96.500	87	87	87
A0A455LS80_Q75_lddt	Q2YHY7_Q75_lddt	1.011E+00	9.991E-01	9.991E-01	95.400	87	87	87
A0A455LS80_Q75_lddt	Q6ZY58_Q75_lddt	1.010E+00	9.989E-01	9.989E-01	94.200	87	87	87
A0A455LS80_Q75_lddt	Q9R429_Q75_lddt	1.010E+00	9.983E-01	9.983E-01	80.400	87	87	87
A0A455LS80_Q75_lddt	Q8GHI3_Q75_lddt	1.010E+00	9.983E-01	9.983E-01	79.300	87	87	87
A0A455LS80_Q75_lddt	H9AXM1_Q75_lddt	1.010E+00	9.982E-01	9.982E-01	77.000	87	87	87
A0A455LS80_Q75_lddt	AF-Q6W7F0-F1-model_v4_Q75_lddt	1.010E+00	9.982E-01	9.982E-01	83.900	87	87	87
A0A455LS80_Q75_lddt	OKP-D-1_Q75_lddt	1.009E+00	9.971E-01	9.971E-01	96.500	87	87	87
A0A455LS80_Q75_lddt	C0LSK3_Q75_lddt	1.010E+00	9.871E-01	9.985E-01	95.300	87	86	86
A0A455LS80_Q75_lddt	OKP-C-1_Q75_lddt	1.010E+00	9.868E-01	9.983E-01	93.100	87	87	86
A0A455LS80_Q75_lddt	Q939H3_Q75_lddt	1.011E+00	9.995E-01	9.770E-01	97.700	87	87	89
A0A455LS80_Q75_lddt	Q0PGR7_Q75_lddt	1.011E+00	9.993E-01	9.769E-01	94.200	87	87	89
A0A455LS80_Q75_lddt	Q2MJC2_Q75_lddt	1.011E+00	9.993E-01	9.769E-01	94.200	87	87	89
A0A455LS80_Q75_lddt	A0ZX80_Q75_lddt	1.011E+00	9.992E-01	9.768E-01	94.200	87	87	89
A0A455LS80_Q75_lddt	A0A097BQY7_Q75_lddt	1.011E+00	9.992E-01	9.768E-01	94.200	87	87	89
A0A455LS80_Q75_lddt	D5LGB4_Q75_lddt	1.011E+00	9.992E-01	9.768E-01	94.200	87	87	89
A0A455LS80_Q75_lddt	A0A2P9E069_Q75_lddt	1.011E+00	9.992E-01	9.767E-01	94.200	87	87	89
A0A455LS80_Q75_lddt	S4TWB0_Q75_lddt	1.011E+00	9.992E-01	9.767E-01	94.200	87	87	89
A0A455LS80_Q75_lddt	A0ZX91_Q75_lddt	1.011E+00	9.991E-01	9.767E-01	94.200	87	87	89
A0A455LS80_Q75_lddt	E5Q900_Q75_lddt	1.011E+00	9.991E-01	9.767E-01	94.200	87	87	89
A0A455LS80_Q75_lddt	Q8VP57_Q75_lddt	1.011E+00	9.991E-01	9.767E-01	94.200	87	87	89
A0A455LS80_Q75_lddt	B9U2I6_Q75_lddt	1.011E+00	9.991E-01	9.767E-01	94.200	87	87	89
A0A455LS80_Q75_lddt	A3FFR2_Q75_lddt	1.011E+00	9.990E-01	9.766E-01	94.200	87	87	89
A0A455LS80_Q75_lddt	Q8VP67_Q75_lddt	1.011E+00	9.990E-01	9.765E-01	94.200	87	87	89
A0A455LS80_Q75_lddt	J7HZA4_Q75_lddt	1.010E+00	9.989E-01	9.765E-01	93.100	87	87	89
A0A455LS80_Q75_lddt	C8CE59_Q75_lddt	1.011E+00	9.761E-01	9.991E-01	91.900	87	87	85
A0A455LS80_Q75_lddt	H2ERK9_Q75_lddt	1.010E+00	9.988E-01	9.764E-01	94.200	87	87	89
A0A455LS80_Q75_lddt	C8CE60_Q75_lddt	1.011E+00	9.760E-01	9.989E-01	91.900	87	87	85
A0A455LS80_Q75_lddt	B0FP98_Q75_lddt	1.010E+00	9.988E-01	9.763E-01	93.100	87	87	89
A0A455LS80_Q75_lddt	Q8KRG7_Q75_lddt	1.010E+00	9.987E-01	9.763E-01	93.100	87	87	89
A0A455LS80_Q75_lddt	Q939H5_Q75_lddt	1.010E+00	9.985E-01	9.761E-01	93.100	87	87	89
A0A455LS80_Q75_lddt	F8SQ10_Q75_lddt	1.010E+00	9.985E-01	9.761E-01	94.200	87	87	89
A0A455LS80_Q75_lddt	O33677_Q75_lddt	1.004E+00	9.812E-01	9.925E-01	78.100	87	87	86
A0A455LS80_Q75_lddt	E5G517_Q75_lddt	1.006E+00	9.941E-01	9.719E-01	93.100	87	87	89
A0A455LS80_Q75_lddt	AF-A0A867XYA1-F1-model_v4_Q75_lddt	1.010E+00	9.867E-01	9.755E-01	83.900	87	87	88
A0A455LS80_Q75_lddt	AF-P18251-F1-model_v4_Q75_lddt	1.009E+00	9.861E-01	9.750E-01	89.600	87	87	88
A0A455LS80_Q75_lddt	B7FDD9_Q75_lddt	1.011E+00	9.412E-01	9.985E-01	88.500	87	87	82
A0A455LS80_Q75_lddt	P14171_Q75_lddt	9.924E-01	9.587E-01	9.809E-01	55.100	87	87	85
A0A455LS80_Q75_lddt	C5HUY1_Q75_lddt	9.945E-01	9.495E-01	9.829E-01	49.400	87	87	84
A0A455LS80_Q75_lddt	C6GC02_Q75_lddt	9.945E-01	9.495E-01	9.829E-01	48.200	87	87	84
A0A455LS80_Q75_lddt	A0A097ZLX5_Q75_lddt	9.944E-01	9.494E-01	9.828E-01	49.400	87	87	84
A0A455LS80_Q75_lddt	Q3SAW3_Q75_lddt	9.938E-01	9.489E-01	9.822E-01	52.800	87	87	84
A0A455LS80_Q75_lddt	AF-A0A1J0HSJ3-F1-model_v4_Q75_lddt	1.002E+00	9.336E-01	9.900E-01	55.100	87	87	82
A0A455LS80_Q75_lddt	AF-A0A3G1JAD7-F1-model_v4_Q75_lddt	1.001E+00	9.328E-01	9.891E-01	55.100	87	87	82
A0A455LS80_Q75_lddt	GES-44_Q75_lddt	9.918E-01	9.471E-01	9.803E-01	49.400	87	87	84
A0A455LS80_Q75_lddt	GES-41_Q75_lddt	9.918E-01	9.470E-01	9.802E-01	49.400	87	87	84
A0A455LS80_Q75_lddt	SGM-3_Q75_lddt	9.945E-01	9.495E-01	9.715E-01	51.700	87	87	85
A0A455LS80_Q75_lddt	SGM-2_Q75_lddt	9.942E-01	9.493E-01	9.712E-01	51.700	87	87	85
A0A455LS80_Q75_lddt	PER-16_Q75_lddt	9.852E-01	9.410E-01	9.737E-01	41.300	87	87	84
A0A455LS80_Q75_lddt	AF-E2D9D5-F1-model_v4_Q75_lddt	9.853E-01	9.412E-01	9.739E-01	29.800	87	87	84
A0A455LS80_Q75_lddt	AF-A0A886X7X6-F1-model_v6_Q75_lddt	9.884E-01	9.439E-01	9.656E-01	32.100	87	87	85
A0A455LS80_Q75_lddt	Q9AMJ7_Q75_lddt	9.877E-01	9.322E-01	9.761E-01	28.700	87	87	83
A0A455LS80_Q75_lddt	A1YTM5_Q75_lddt	9.872E-01	9.318E-01	9.756E-01	28.700	87	87	83
A0A455LS80_Q75_lddt	SGM-5_Q75_lddt	9.862E-01	9.419E-01	9.635E-01	50.500	87	87	85
A0A455LS80_Q75_lddt	A0A1W5QH29_Q75_lddt	9.773E-01	9.446E-01	9.662E-01	37.900	87	87	85
A0A455LS80_Q75_lddt	A0A3Q8G682_Q75_lddt	9.702E-01	9.485E-01	9.592E-01	54.000	87	87	86
A0A455LS80_Q75_lddt	RAA-1_Q75_lddt	9.855E-01	9.302E-01	9.739E-01	31.000	87	87	83
A0A455LS80_Q75_lddt	AF-Q1NAL0-F1-model_v4_Q75_lddt	9.845E-01	9.404E-01	9.619E-01	51.700	87	87	85
A0A455LS80_Q75_lddt	A0A1W5QCF3_Q75_lddt	9.763E-01	9.437E-01	9.652E-01	37.900	87	87	85
A0A455LS80_Q75_lddt	D5HSX5_Q75_lddt	9.838E-01	9.287E-01	9.723E-01	41.300	87	87	83
A0A455LS80_Q75_lddt	A0A2Z2Z6H0_Q75_lddt	9.794E-01	9.357E-01	9.681E-01	47.100	87	87	84
A0A455LS80_Q75_lddt	Q8VT49_Q75_lddt	9.836E-01	9.286E-01	9.721E-01	31.000	87	87	83
A0A455LS80_Q75_lddt	F8T7L4_Q75_lddt	9.824E-01	9.275E-01	9.709E-01	37.900	87	87	83
A0A455LS80_Q75_lddt	Q5XQD3_Q75_lddt	9.823E-01	9.274E-01	9.708E-01	37.900	87	87	83
A0A455LS80_Q75_lddt	P74842_Q75_lddt	9.820E-01	9.271E-01	9.705E-01	39.000	87	87	83
A0A455LS80_Q75_lddt	Q5W3A6_Q75_lddt	9.781E-01	9.346E-01	9.669E-01	33.300	87	87	84
A0A455LS80_Q75_lddt	AF-A0A0D0F642-F1-model_v4_Q75_lddt	9.821E-01	9.272E-01	9.706E-01	32.100	87	87	83
A0A455LS80_Q75_lddt	A0A1W5QG57_Q75_lddt	9.735E-01	9.411E-01	9.624E-01	37.900	87	87	85
A0A455LS80_Q75_lddt	Q9XBM2_Q75_lddt	9.658E-01	9.444E-01	9.550E-01	41.300	87	87	86
A0A455LS80_Q75_lddt	G9MB50_Q75_lddt	9.798E-01	9.252E-01	9.684E-01	29.800	87	87	83
A0A455LS80_Q75_lddt	G9M9P7_Q75_lddt	9.794E-01	9.248E-01	9.679E-01	29.800	87	87	83
A0A455LS80_Q75_lddt	G9MB49_Q75_lddt	9.791E-01	9.245E-01	9.677E-01	31.000	87	87	83
A0A455LS80_Q75_lddt	AF-E4WMC5-F1-model_v6_Q75_lddt	9.780E-01	9.235E-01	9.666E-01	37.900	87	87	83
A0A455LS80_Q75_lddt	A0A0E0SR47_Q75_lddt	9.666E-01	9.346E-01	9.557E-01	39.000	87	87	85
A0A455LS80_Q75_lddt	AF-A0A8E9ZWD0-F1-model_v6_Q75_lddt	9.746E-01	9.313E-01	9.524E-01	31.000	87	87	85
A0A455LS80_Q75_lddt	AF-J9QX37-F1-model_v4_Q75_lddt	9.821E-01	9.053E-01	9.704E-01	28.700	87	87	81
A0A455LS80_Q75_lddt	Q9RAZ9_Q75_lddt	9.781E-01	9.128E-01	9.666E-01	31.000	87	87	82
A0A455LS80_Q75_lddt	Q9X6W1_Q75_lddt	9.714E-01	9.175E-01	9.601E-01	32.100	87	87	83
A0A455LS80_Q75_lddt	B5L5W7_Q75_lddt	9.690E-01	9.368E-01	9.368E-01	37.900	87	87	87
A0A455LS80_Q75_lddt	A0A0B6VPP7_Q75_lddt	9.684E-01	9.147E-01	9.571E-01	31.000	87	87	83
A0A455LS80_Q75_lddt	AF-F4NA56-F1-model_v4_Q75_lddt	9.614E-01	9.297E-01	9.506E-01	37.900	87	87	85
A0A455LS80_Q75_lddt	AF-A0A127SQY3-F1-model_v6_Q75_lddt	9.551E-01	9.028E-01	9.441E-01	25.200	87	87	83
A0A455LS80_Q75_lddt	Q57509_Q75_lddt	9.510E-01	8.985E-01	9.293E-01	27.200	87	88	84
A0A455LS80_Q75_lddt	C8C0I2_Q75_lddt	9.475E-01	8.957E-01	9.367E-01	33.300	87	87	83
A0A455LS80_Q75_lddt	C8C0D8_Q75_lddt	9.178E-01	8.979E-01	9.078E-01	25.800	87	89	86
A0A455LS80_Q75_lddt	Q9X4S7_Q75_lddt	9.154E-01	8.956E-01	9.054E-01	28.000	87	89	86
B7FDD9_Q75_lddt	B7FDD9_Q75_lddt	1.012E+00	1.000E+00	1.000E+00	100.000	82	82	82
B7FDD9_Q75_lddt	AF-A0A1J0HSJ3-F1-model_v4_Q75_lddt	1.005E+00	9.925E-01	9.925E-01	56.000	82	82	82
B7FDD9_Q75_lddt	AF-A0A3G1JAD7-F1-model_v4_Q75_lddt	1.004E+00	9.919E-01	9.919E-01	57.300	82	82	82
B7FDD9_Q75_lddt	C8CE59_Q75_lddt	1.010E+00	9.980E-01	9.628E-01	96.400	82	85	85
B7FDD9_Q75_lddt	C8CE60_Q75_lddt	1.010E+00	9.978E-01	9.626E-01	96.400	82	85	85
B7FDD9_Q75_lddt	OKP-C-1_Q75_lddt	1.011E+00	9.985E-01	9.521E-01	93.000	82	86	86
B7FDD9_Q75_lddt	Q8VQV7_Q75_lddt	1.011E+00	9.991E-01	9.417E-01	86.200	82	87	87
B7FDD9_Q75_lddt	Q84H47_Q75_lddt	1.011E+00	9.990E-01	9.416E-01	86.200	82	87	87
B7FDD9_Q75_lddt	Q2YHY7_Q75_lddt	1.011E+00	9.988E-01	9.414E-01	88.500	82	87	87
B7FDD9_Q75_lddt	A0A455LS80_Q75_lddt	1.011E+00	9.985E-01	9.412E-01	88.500	82	87	87
B7FDD9_Q75_lddt	Q6ZY77_Q75_lddt	1.011E+00	9.984E-01	9.411E-01	87.300	82	87	87
B7FDD9_Q75_lddt	Q2YHZ3_Q75_lddt	1.011E+00	9.984E-01	9.411E-01	88.500	82	87	87
B7FDD9_Q75_lddt	Q2YHZ0_Q75_lddt	1.011E+00	9.984E-01	9.411E-01	88.500	82	87	87
B7FDD9_Q75_lddt	Q2YHZ5_Q75_lddt	1.011E+00	9.983E-01	9.411E-01	88.500	82	87	87
B7FDD9_Q75_lddt	Q84H48_Q75_lddt	1.011E+00	9.983E-01	9.410E-01	86.200	82	87	87
B7FDD9_Q75_lddt	Q2YHZ2_Q75_lddt	1.011E+00	9.982E-01	9.410E-01	88.500	82	87	87
B7FDD9_Q75_lddt	A0A0P0IGT7_Q75_lddt	1.011E+00	9.982E-01	9.410E-01	87.300	82	87	87
B7FDD9_Q75_lddt	B5D612_Q75_lddt	1.011E+00	9.982E-01	9.409E-01	87.300	82	87	87
B7FDD9_Q75_lddt	AF-Q6W7F0-F1-model_v4_Q75_lddt	1.010E+00	9.982E-01	9.409E-01	78.100	82	87	87
B7FDD9_Q75_lddt	B8YHZ8_Q75_lddt	1.010E+00	9.981E-01	9.409E-01	88.500	82	87	87
B7FDD9_Q75_lddt	E9NST5_Q75_lddt	1.010E+00	9.981E-01	9.408E-01	85.000	82	87	87
B7FDD9_Q75_lddt	B5D620_Q75_lddt	1.010E+00	9.981E-01	9.408E-01	88.500	82	87	87
B7FDD9_Q75_lddt	Q6ZY74_Q75_lddt	1.010E+00	9.981E-01	9.408E-01	88.500	82	87	87
B7FDD9_Q75_lddt	Q2YHX8_Q75_lddt	1.010E+00	9.980E-01	9.408E-01	89.600	82	87	87
B7FDD9_Q75_lddt	Q5I6D4_Q75_lddt	1.010E+00	9.980E-01	9.408E-01	89.600	82	87	87
B7FDD9_Q75_lddt	Q5PU78_Q75_lddt	1.010E+00	9.980E-01	9.408E-01	88.500	82	87	87
B7FDD9_Q75_lddt	A0A455LP02_Q75_lddt	1.010E+00	9.980E-01	9.407E-01	87.300	82	87	87
B7FDD9_Q75_lddt	A0A455LP07_Q75_lddt	1.010E+00	9.980E-01	9.407E-01	87.300	82	87	87
B7FDD9_Q75_lddt	R4ISB3_Q75_lddt	1.010E+00	9.979E-01	9.407E-01	87.300	82	87	87
B7FDD9_Q75_lddt	A0A455LP13_Q75_lddt	1.010E+00	9.979E-01	9.406E-01	87.300	82	87	87
B7FDD9_Q75_lddt	Q2YHX6_Q75_lddt	1.010E+00	9.978E-01	9.406E-01	89.600	82	87	87
B7FDD9_Q75_lddt	Q6ZY58_Q75_lddt	1.010E+00	9.978E-01	9.406E-01	87.300	82	87	87
B7FDD9_Q75_lddt	OKP-D-1_Q75_lddt	1.010E+00	9.977E-01	9.405E-01	86.200	82	87	87
B7FDD9_Q75_lddt	Q6R5M7_Q75_lddt	1.010E+00	9.977E-01	9.405E-01	88.500	82	87	87
B7FDD9_Q75_lddt	H9AXM1_Q75_lddt	1.009E+00	9.971E-01	9.399E-01	73.500	82	87	87
B7FDD9_Q75_lddt	Q9R429_Q75_lddt	1.009E+00	9.971E-01	9.399E-01	75.800	82	87	87
B7FDD9_Q75_lddt	Q8GHI3_Q75_lddt	1.009E+00	9.970E-01	9.399E-01	74.700	82	87	87
B7FDD9_Q75_lddt	C5HUY1_Q75_lddt	9.966E-01	9.847E-01	9.616E-01	50.000	82	84	84
B7FDD9_Q75_lddt	A0A097ZLX5_Q75_lddt	9.966E-01	9.846E-01	9.615E-01	50.000	82	84	84
B7FDD9_Q75_lddt	C6GC02_Q75_lddt	9.966E-01	9.846E-01	9.615E-01	48.800	82	84	84
B7FDD9_Q75_lddt	Q3SAW3_Q75_lddt	9.958E-01	9.839E-01	9.608E-01	57.100	82	84	84
B7FDD9_Q75_lddt	AF-P18251-F1-model_v4_Q75_lddt	1.011E+00	9.988E-01	9.308E-01	91.800	82	86	88
B7FDD9_Q75_lddt	C0LSK3_Q75_lddt	1.011E+00	9.868E-01	9.410E-01	88.300	82	86	86
B7FDD9_Q75_lddt	SGM-3_Q75_lddt	9.988E-01	9.868E-01	9.524E-01	54.700	82	84	85
B7FDD9_Q75_lddt	SGM-2_Q75_lddt	9.987E-01	9.867E-01	9.523E-01	54.700	82	84	85
B7FDD9_Q75_lddt	AF-A0A867XYA1-F1-model_v4_Q75_lddt	1.010E+00	9.976E-01	9.298E-01	86.000	82	86	88
B7FDD9_Q75_lddt	GES-41_Q75_lddt	9.947E-01	9.828E-01	9.598E-01	50.000	82	84	84
B7FDD9_Q75_lddt	GES-44_Q75_lddt	9.944E-01	9.825E-01	9.595E-01	50.000	82	84	84
B7FDD9_Q75_lddt	A0A097BQY7_Q75_lddt	1.010E+00	9.982E-01	9.198E-01	94.200	82	87	89
B7FDD9_Q75_lddt	A3FFR2_Q75_lddt	1.010E+00	9.982E-01	9.198E-01	94.200	82	87	89
B7FDD9_Q75_lddt	Q2MJC2_Q75_lddt	1.010E+00	9.981E-01	9.197E-01	94.200	82	87	89
B7FDD9_Q75_lddt	D5LGB4_Q75_lddt	1.010E+00	9.980E-01	9.196E-01	94.200	82	87	89
B7FDD9_Q75_lddt	Q939H3_Q75_lddt	1.010E+00	9.980E-01	9.196E-01	86.200	82	87	89
B7FDD9_Q75_lddt	E5G517_Q75_lddt	1.010E+00	9.979E-01	9.196E-01	94.200	82	87	89
B7FDD9_Q75_lddt	A0ZX80_Q75_lddt	1.010E+00	9.979E-01	9.196E-01	94.200	82	87	89
B7FDD9_Q75_lddt	A0A2P9E069_Q75_lddt	1.010E+00	9.979E-01	9.196E-01	94.200	82	87	89
B7FDD9_Q75_lddt	E5Q900_Q75_lddt	1.010E+00	9.979E-01	9.195E-01	94.200	82	87	89
B7FDD9_Q75_lddt	A0ZX91_Q75_lddt	1.010E+00	9.978E-01	9.195E-01	94.200	82	87	89
B7FDD9_Q75_lddt	B9U2I6_Q75_lddt	1.010E+00	9.978E-01	9.195E-01	94.200	82	87	89
B7FDD9_Q75_lddt	Q0PGR7_Q75_lddt	1.010E+00	9.978E-01	9.195E-01	93.100	82	87	89
B7FDD9_Q75_lddt	S4TWB0_Q75_lddt	1.010E+00	9.978E-01	9.195E-01	94.200	82	87	89
B7FDD9_Q75_lddt	Q8VP57_Q75_lddt	1.010E+00	9.977E-01	9.194E-01	94.200	82	87	89
B7FDD9_Q75_lddt	Q8VP67_Q75_lddt	1.010E+00	9.973E-01	9.191E-01	94.200	82	87	89
B7FDD9_Q75_lddt	B0FP98_Q75_lddt	1.010E+00	9.973E-01	9.190E-01	94.200	82	87	89
B7FDD9_Q75_lddt	Q8KRG7_Q75_lddt	1.010E+00	9.972E-01	9.190E-01	93.100	82	87	89
B7FDD9_Q75_lddt	Q939H5_Q75_lddt	1.010E+00	9.972E-01	9.190E-01	93.100	82	87	89
B7FDD9_Q75_lddt	J7HZA4_Q75_lddt	1.009E+00	9.972E-01	9.190E-01	93.100	82	87	89
B7FDD9_Q75_lddt	H2ERK9_Q75_lddt	1.009E+00	9.971E-01	9.189E-01	94.200	82	87	89
B7FDD9_Q75_lddt	F8SQ10_Q75_lddt	1.009E+00	9.970E-01	9.188E-01	94.200	82	87	89
B7FDD9_Q75_lddt	Q9AMJ7_Q75_lddt	9.866E-01	9.749E-01	9.634E-01	31.300	82	83	83
B7FDD9_Q75_lddt	A1YTM5_Q75_lddt	9.860E-01	9.743E-01	9.629E-01	31.300	82	83	83
B7FDD9_Q75_lddt	P14171_Q75_lddt	9.924E-01	9.805E-01	9.465E-01	55.200	82	85	85
B7FDD9_Q75_lddt	D5HSX5_Q75_lddt	9.850E-01	9.733E-01	9.619E-01	42.100	82	83	83
B7FDD9_Q75_lddt	SGM-5_Q75_lddt	9.924E-01	9.806E-01	9.466E-01	51.100	82	84	85
B7FDD9_Q75_lddt	O33677_Q75_lddt	9.918E-01	9.798E-01	9.345E-01	73.500	82	87	86
B7FDD9_Q75_lddt	F8T7L4_Q75_lddt	9.836E-01	9.719E-01	9.605E-01	38.500	82	83	83
B7FDD9_Q75_lddt	Q5XQD3_Q75_lddt	9.835E-01	9.718E-01	9.604E-01	38.500	82	83	83
B7FDD9_Q75_lddt	P74842_Q75_lddt	9.832E-01	9.715E-01	9.602E-01	39.700	82	83	83
B7FDD9_Q75_lddt	AF-Q1NAL0-F1-model_v4_Q75_lddt	9.899E-01	9.781E-01	9.443E-01	54.700	82	84	85
B7FDD9_Q75_lddt	PER-16_Q75_lddt	9.858E-01	9.741E-01	9.515E-01	41.600	82	84	84
B7FDD9_Q75_lddt	RAA-1_Q75_lddt	9.817E-01	9.701E-01	9.587E-01	33.700	82	83	83
B7FDD9_Q75_lddt	AF-J9QX37-F1-model_v4_Q75_lddt	9.817E-01	9.584E-01	9.699E-01	30.400	82	82	81
B7FDD9_Q75_lddt	Q8VT49_Q75_lddt	9.807E-01	9.691E-01	9.578E-01	31.300	82	83	83
B7FDD9_Q75_lddt	AF-A0A0D0F642-F1-model_v4_Q75_lddt	9.804E-01	9.688E-01	9.575E-01	32.500	82	83	83
B7FDD9_Q75_lddt	Q9RAZ9_Q75_lddt	9.760E-01	9.645E-01	9.645E-01	32.900	82	82	82
B7FDD9_Q75_lddt	AF-A0A886X7X6-F1-model_v6_Q75_lddt	9.869E-01	9.751E-01	9.415E-01	32.100	82	84	85
B7FDD9_Q75_lddt	AF-E2D9D5-F1-model_v4_Q75_lddt	9.828E-01	9.711E-01	9.487E-01	30.900	82	84	84
B7FDD9_Q75_lddt	A0A2Z2Z6H0_Q75_lddt	9.819E-01	9.703E-01	9.478E-01	47.600	82	84	84
B7FDD9_Q75_lddt	AF-E4WMC5-F1-model_v6_Q75_lddt	9.766E-01	9.651E-01	9.538E-01	36.100	82	83	83
B7FDD9_Q75_lddt	G9MB50_Q75_lddt	9.761E-01	9.647E-01	9.534E-01	31.300	82	83	83
B7FDD9_Q75_lddt	G9M9P7_Q75_lddt	9.754E-01	9.640E-01	9.528E-01	30.100	82	83	83
B7FDD9_Q75_lddt	G9MB49_Q75_lddt	9.753E-01	9.638E-01	9.526E-01	31.300	82	83	83
B7FDD9_Q75_lddt	Q9X6W1_Q75_lddt	9.697E-01	9.583E-01	9.472E-01	32.500	82	83	83
B7FDD9_Q75_lddt	Q5W3A6_Q75_lddt	9.748E-01	9.634E-01	9.412E-01	34.500	82	84	84
B7FDD9_Q75_lddt	A0A0B6VPP7_Q75_lddt	9.662E-01	9.549E-01	9.438E-01	31.300	82	83	83
B7FDD9_Q75_lddt	AF-A0A8E9ZWD0-F1-model_v6_Q75_lddt	9.719E-01	9.605E-01	9.279E-01	30.900	82	84	85
B7FDD9_Q75_lddt	B5L5W7_Q75_lddt	9.722E-01	9.608E-01	9.073E-01	36.400	82	85	87
B7FDD9_Q75_lddt	Q57509_Q75_lddt	9.609E-01	9.497E-01	9.280E-01	30.100	82	83	84
B7FDD9_Q75_lddt	A0A1W5QH29_Q75_lddt	9.575E-01	9.462E-01	9.137E-01	34.400	82	87	85
B7FDD9_Q75_lddt	A0A1W5QCF3_Q75_lddt	9.564E-01	9.451E-01	9.127E-01	34.400	82	87	85
B7FDD9_Q75_lddt	A0A3Q8G682_Q75_lddt	9.602E-01	9.488E-01	9.059E-01	48.200	82	87	86
B7FDD9_Q75_lddt	AF-A0A127SQY3-F1-model_v6_Q75_lddt	9.534E-01	9.424E-01	9.316E-01	25.300	82	83	83
B7FDD9_Q75_lddt	C8C0I2_Q75_lddt	9.521E-01	9.411E-01	9.303E-01	33.700	82	83	83
B7FDD9_Q75_lddt	A0A1W5QG57_Q75_lddt	9.545E-01	9.432E-01	9.109E-01	34.400	82	87	85
B7FDD9_Q75_lddt	Q9XBM2_Q75_lddt	9.526E-01	9.414E-01	8.991E-01	37.900	82	87	86
B7FDD9_Q75_lddt	A0A0E0SR47_Q75_lddt	9.467E-01	9.356E-01	9.038E-01	35.600	82	87	85
B7FDD9_Q75_lddt	AF-F4NA56-F1-model_v4_Q75_lddt	9.439E-01	9.329E-01	9.013E-01	33.300	82	87	85
B7FDD9_Q75_lddt	C8C0D8_Q75_lddt	9.468E-01	9.359E-01	8.946E-01	26.700	82	86	86
B7FDD9_Q75_lddt	Q9X4S7_Q75_lddt	9.435E-01	9.327E-01	8.917E-01	29.000	82	86	86
OKP-D-1_Q75_lddt	OKP-D-1_Q75_lddt	1.012E+00	1.000E+00	1.000E+00	100.000	87	87	87
OKP-D-1_Q75_lddt	Q84H47_Q75_lddt	1.009E+00	9.976E-01	9.976E-01	93.100	87	87	87
OKP-D-1_Q75_lddt	Q8VQV7_Q75_lddt	1.009E+00	9.976E-01	9.976E-01	93.100	87	87	87
OKP-D-1_Q75_lddt	Q2YHY7_Q75_lddt	1.009E+00	9.976E-01	9.976E-01	95.400	87	87	87
OKP-D-1_Q75_lddt	Q84H48_Q75_lddt	1.009E+00	9.975E-01	9.975E-01	93.100	87	87	87
OKP-D-1_Q75_lddt	B8YHZ8_Q75_lddt	1.009E+00	9.974E-01	9.974E-01	95.400	87	87	87
OKP-D-1_Q75_lddt	R4ISB3_Q75_lddt	1.009E+00	9.973E-01	9.973E-01	95.400	87	87	87
OKP-D-1_Q75_lddt	A0A455LP02_Q75_lddt	1.009E+00	9.972E-01	9.972E-01	95.400	87	87	87
OKP-D-1_Q75_lddt	B5D620_Q75_lddt	1.009E+00	9.972E-01	9.972E-01	95.400	87	87	87
OKP-D-1_Q75_lddt	Q2YHX6_Q75_lddt	1.009E+00	9.972E-01	9.972E-01	96.500	87	87	87
OKP-D-1_Q75_lddt	A0A455LP07_Q75_lddt	1.009E+00	9.971E-01	9.971E-01	95.400	87	87	87
OKP-D-1_Q75_lddt	Q2YHX8_Q75_lddt	1.009E+00	9.971E-01	9.971E-01	96.500	87	87	87
OKP-D-1_Q75_lddt	Q5I6D4_Q75_lddt	1.009E+00	9.971E-01	9.971E-01	96.500	87	87	87
OKP-D-1_Q75_lddt	A0A455LP13_Q75_lddt	1.009E+00	9.971E-01	9.971E-01	95.400	87	87	87
OKP-D-1_Q75_lddt	A0A455LS80_Q75_lddt	1.009E+00	9.971E-01	9.971E-01	96.500	87	87	87
OKP-D-1_Q75_lddt	A0A0P0IGT7_Q75_lddt	1.009E+00	9.971E-01	9.971E-01	94.200	87	87	87
OKP-D-1_Q75_lddt	Q6ZY77_Q75_lddt	1.009E+00	9.971E-01	9.971E-01	94.200	87	87	87
OKP-D-1_Q75_lddt	B5D612_Q75_lddt	1.009E+00	9.971E-01	9.971E-01	94.200	87	87	87
OKP-D-1_Q75_lddt	AF-Q6W7F0-F1-model_v4_Q75_lddt	1.009E+00	9.970E-01	9.970E-01	82.700	87	87	87
OKP-D-1_Q75_lddt	E9NST5_Q75_lddt	1.009E+00	9.970E-01	9.970E-01	91.900	87	87	87
OKP-D-1_Q75_lddt	Q6ZY58_Q75_lddt	1.008E+00	9.969E-01	9.969E-01	94.200	87	87	87
OKP-D-1_Q75_lddt	Q2YHZ0_Q75_lddt	1.008E+00	9.969E-01	9.969E-01	95.400	87	87	87
OKP-D-1_Q75_lddt	Q2YHZ5_Q75_lddt	1.008E+00	9.968E-01	9.968E-01	95.400	87	87	87
OKP-D-1_Q75_lddt	Q2YHZ3_Q75_lddt	1.008E+00	9.968E-01	9.968E-01	95.400	87	87	87
OKP-D-1_Q75_lddt	Q5PU78_Q75_lddt	1.008E+00	9.968E-01	9.968E-01	95.400	87	87	87
OKP-D-1_Q75_lddt	Q6ZY74_Q75_lddt	1.008E+00	9.966E-01	9.966E-01	95.400	87	87	87
OKP-D-1_Q75_lddt	Q2YHZ2_Q75_lddt	1.008E+00	9.966E-01	9.966E-01	95.400	87	87	87
OKP-D-1_Q75_lddt	Q6R5M7_Q75_lddt	1.008E+00	9.964E-01	9.964E-01	95.400	87	87	87
OKP-D-1_Q75_lddt	H9AXM1_Q75_lddt	1.007E+00	9.959E-01	9.959E-01	75.800	87	87	87
OKP-D-1_Q75_lddt	Q9R429_Q75_lddt	1.007E+00	9.958E-01	9.958E-01	79.300	87	87	87
OKP-D-1_Q75_lddt	Q8GHI3_Q75_lddt	1.007E+00	9.958E-01	9.958E-01	78.100	87	87	87
OKP-D-1_Q75_lddt	OKP-C-1_Q75_lddt	1.010E+00	9.869E-01	9.984E-01	90.800	87	87	86
OKP-D-1_Q75_lddt	C0LSK3_Q75_lddt	1.010E+00	9.867E-01	9.982E-01	95.300	87	86	86
OKP-D-1_Q75_lddt	Q939H3_Q75_lddt	1.009E+00	9.972E-01	9.749E-01	94.200	87	87	89
OKP-D-1_Q75_lddt	A3FFR2_Q75_lddt	1.009E+00	9.970E-01	9.746E-01	91.900	87	87	89
OKP-D-1_Q75_lddt	B9U2I6_Q75_lddt	1.008E+00	9.967E-01	9.744E-01	91.900	87	87	89
OKP-D-1_Q75_lddt	A0ZX80_Q75_lddt	1.008E+00	9.967E-01	9.743E-01	91.900	87	87	89
OKP-D-1_Q75_lddt	Q8VP57_Q75_lddt	1.008E+00	9.967E-01	9.743E-01	91.900	87	87	89
OKP-D-1_Q75_lddt	A0ZX91_Q75_lddt	1.008E+00	9.966E-01	9.743E-01	91.900	87	87	89
OKP-D-1_Q75_lddt	E5Q900_Q75_lddt	1.008E+00	9.966E-01	9.743E-01	91.900	87	87	89
OKP-D-1_Q75_lddt	S4TWB0_Q75_lddt	1.008E+00	9.966E-01	9.743E-01	91.900	87	87	89
OKP-D-1_Q75_lddt	D5LGB4_Q75_lddt	1.008E+00	9.966E-01	9.743E-01	91.900	87	87	89
OKP-D-1_Q75_lddt	A0A2P9E069_Q75_lddt	1.008E+00	9.966E-01	9.743E-01	91.900	87	87	89
OKP-D-1_Q75_lddt	Q0PGR7_Q75_lddt	1.008E+00	9.966E-01	9.742E-01	91.900	87	87	89
OKP-D-1_Q75_lddt	A0A097BQY7_Q75_lddt	1.008E+00	9.962E-01	9.739E-01	91.900	87	87	89
OKP-D-1_Q75_lddt	Q2MJC2_Q75_lddt	1.008E+00	9.962E-01	9.739E-01	91.900	87	87	89
OKP-D-1_Q75_lddt	B0FP98_Q75_lddt	1.008E+00	9.960E-01	9.737E-01	90.800	87	87	89
OKP-D-1_Q75_lddt	F8SQ10_Q75_lddt	1.008E+00	9.960E-01	9.737E-01	91.900	87	87	89
OKP-D-1_Q75_lddt	C8CE60_Q75_lddt	1.008E+00	9.733E-01	9.961E-01	89.600	87	87	85
OKP-D-1_Q75_lddt	H2ERK9_Q75_lddt	1.007E+00	9.959E-01	9.736E-01	91.900	87	87	89
OKP-D-1_Q75_lddt	C8CE59_Q75_lddt	1.008E+00	9.732E-01	9.960E-01	89.600	87	87	85
OKP-D-1_Q75_lddt	Q939H5_Q75_lddt	1.007E+00	9.958E-01	9.735E-01	90.800	87	87	89
OKP-D-1_Q75_lddt	Q8VP67_Q75_lddt	1.007E+00	9.956E-01	9.733E-01	91.900	87	87	89
OKP-D-1_Q75_lddt	Q8KRG7_Q75_lddt	1.007E+00	9.954E-01	9.732E-01	90.800	87	87	89
OKP-D-1_Q75_lddt	J7HZA4_Q75_lddt	1.007E+00	9.953E-01	9.731E-01	90.800	87	87	89
OKP-D-1_Q75_lddt	O33677_Q75_lddt	1.002E+00	9.789E-01	9.902E-01	77.000	87	87	86
OKP-D-1_Q75_lddt	AF-P18251-F1-model_v4_Q75_lddt	1.009E+00	9.858E-01	9.747E-01	87.300	87	87	88
OKP-D-1_Q75_lddt	AF-A0A867XYA1-F1-model_v4_Q75_lddt	1.008E+00	9.845E-01	9.733E-01	82.700	87	87	88
OKP-D-1_Q75_lddt	E5G517_Q75_lddt	1.002E+00	9.910E-01	9.688E-01	90.800	87	87	89
OKP-D-1_Q75_lddt	B7FDD9_Q75_lddt	1.010E+00	9.405E-01	9.977E-01	86.200	87	87	82
OKP-D-1_Q75_lddt	P14171_Q75_lddt	9.950E-01	9.612E-01	9.835E-01	54.000	87	87	85
OKP-D-1_Q75_lddt	C5HUY1_Q75_lddt	9.971E-01	9.519E-01	9.854E-01	48.200	87	87	84
OKP-D-1_Q75_lddt	C6GC02_Q75_lddt	9.970E-01	9.518E-01	9.853E-01	47.100	87	87	84
OKP-D-1_Q75_lddt	A0A097ZLX5_Q75_lddt	9.970E-01	9.518E-01	9.853E-01	48.200	87	87	84
OKP-D-1_Q75_lddt	GES-41_Q75_lddt	9.962E-01	9.510E-01	9.845E-01	48.200	87	87	84
OKP-D-1_Q75_lddt	Q3SAW3_Q75_lddt	9.960E-01	9.509E-01	9.843E-01	51.700	87	87	84
OKP-D-1_Q75_lddt	GES-44_Q75_lddt	9.960E-01	9.509E-01	9.843E-01	48.200	87	87	84
OKP-D-1_Q75_lddt	AF-A0A1J0HSJ3-F1-model_v4_Q75_lddt	1.003E+00	9.342E-01	9.906E-01	54.000	87	87	82
OKP-D-1_Q75_lddt	AF-A0A3G1JAD7-F1-model_v4_Q75_lddt	1.001E+00	9.331E-01	9.894E-01	54.000	87	87	82
OKP-D-1_Q75_lddt	SGM-2_Q75_lddt	9.959E-01	9.508E-01	9.728E-01	50.500	87	87	85
OKP-D-1_Q75_lddt	SGM-3_Q75_lddt	9.956E-01	9.505E-01	9.726E-01	50.500	87	87	85
OKP-D-1_Q75_lddt	SGM-5_Q75_lddt	9.907E-01	9.460E-01	9.679E-01	49.400	87	87	85
OKP-D-1_Q75_lddt	A0A1W5QH29_Q75_lddt	9.811E-01	9.482E-01	9.699E-01	37.900	87	87	85
OKP-D-1_Q75_lddt	PER-16_Q75_lddt	9.848E-01	9.407E-01	9.734E-01	40.200	87	87	84
OKP-D-1_Q75_lddt	A0A1W5QCF3_Q75_lddt	9.802E-01	9.474E-01	9.690E-01	37.900	87	87	85
OKP-D-1_Q75_lddt	AF-Q1NAL0-F1-model_v4_Q75_lddt	9.879E-01	9.435E-01	9.652E-01	50.500	87	87	85
OKP-D-1_Q75_lddt	A0A2Z2Z6H0_Q75_lddt	9.836E-01	9.396E-01	9.722E-01	45.900	87	87	84
OKP-D-1_Q75_lddt	A0A3Q8G682_Q75_lddt	9.720E-01	9.503E-01	9.611E-01	54.000	87	87	86
OKP-D-1_Q75_lddt	A0A1W5QG57_Q75_lddt	9.773E-01	9.446E-01	9.662E-01	37.900	87	87	85
OKP-D-1_Q75_lddt	AF-E2D9D5-F1-model_v4_Q75_lddt	9.800E-01	9.363E-01	9.687E-01	28.700	87	87	84
OKP-D-1_Q75_lddt	AF-A0A886X7X6-F1-model_v6_Q75_lddt	9.836E-01	9.396E-01	9.611E-01	31.000	87	87	85
OKP-D-1_Q75_lddt	D5HSX5_Q75_lddt	9.835E-01	9.285E-01	9.720E-01	40.200	87	87	83
OKP-D-1_Q75_lddt	Q9AMJ7_Q75_lddt	9.831E-01	9.281E-01	9.716E-01	27.500	87	87	83
OKP-D-1_Q75_lddt	A1YTM5_Q75_lddt	9.826E-01	9.277E-01	9.711E-01	27.500	87	87	83
OKP-D-1_Q75_lddt	F8T7L4_Q75_lddt	9.820E-01	9.271E-01	9.705E-01	36.700	87	87	83
OKP-D-1_Q75_lddt	Q5XQD3_Q75_lddt	9.819E-01	9.270E-01	9.704E-01	36.700	87	87	83
OKP-D-1_Q75_lddt	P74842_Q75_lddt	9.816E-01	9.267E-01	9.701E-01	37.900	87	87	83
OKP-D-1_Q75_lddt	Q9XBM2_Q75_lddt	9.654E-01	9.440E-01	9.546E-01	41.300	87	87	86
OKP-D-1_Q75_lddt	RAA-1_Q75_lddt	9.793E-01	9.247E-01	9.679E-01	29.800	87	87	83
OKP-D-1_Q75_lddt	A0A0E0SR47_Q75_lddt	9.692E-01	9.371E-01	9.582E-01	37.900	87	87	85
OKP-D-1_Q75_lddt	Q8VT49_Q75_lddt	9.775E-01	9.231E-01	9.661E-01	29.800	87	87	83
OKP-D-1_Q75_lddt	AF-A0A0D0F642-F1-model_v4_Q75_lddt	9.775E-01	9.231E-01	9.661E-01	31.000	87	87	83
OKP-D-1_Q75_lddt	Q5W3A6_Q75_lddt	9.724E-01	9.293E-01	9.613E-01	32.100	87	87	84
OKP-D-1_Q75_lddt	AF-F4NA56-F1-model_v4_Q75_lddt	9.661E-01	9.342E-01	9.552E-01	36.700	87	87	85
OKP-D-1_Q75_lddt	AF-E4WMC5-F1-model_v6_Q75_lddt	9.733E-01	9.193E-01	9.620E-01	35.600	87	87	83
OKP-D-1_Q75_lddt	G9MB50_Q75_lddt	9.725E-01	9.187E-01	9.613E-01	31.000	87	87	83
OKP-D-1_Q75_lddt	G9M9P7_Q75_lddt	9.719E-01	9.180E-01	9.606E-01	31.000	87	87	83
OKP-D-1_Q75_lddt	G9MB49_Q75_lddt	9.716E-01	9.178E-01	9.604E-01	32.100	87	87	83
OKP-D-1_Q75_lddt	AF-J9QX37-F1-model_v4_Q75_lddt	9.779E-01	9.017E-01	9.663E-01	29.800	87	87	81
OKP-D-1_Q75_lddt	AF-A0A8E9ZWD0-F1-model_v6_Q75_lddt	9.692E-01	9.264E-01	9.473E-01	29.800	87	87	85
OKP-D-1_Q75_lddt	B5L5W7_Q75_lddt	9.673E-01	9.351E-01	9.351E-01	37.900	87	87	87
OKP-D-1_Q75_lddt	Q9X6W1_Q75_lddt	9.664E-01	9.129E-01	9.552E-01	29.800	87	87	83
OKP-D-1_Q75_lddt	Q9RAZ9_Q75_lddt	9.711E-01	9.066E-01	9.597E-01	29.800	87	87	82
OKP-D-1_Q75_lddt	A0A0B6VPP7_Q75_lddt	9.630E-01	9.098E-01	9.518E-01	28.700	87	87	83
OKP-D-1_Q75_lddt	AF-A0A127SQY3-F1-model_v6_Q75_lddt	9.488E-01	8.970E-01	9.380E-01	25.200	87	87	83
OKP-D-1_Q75_lddt	Q57509_Q75_lddt	9.452E-01	8.933E-01	9.237E-01	26.100	87	88	84
OKP-D-1_Q75_lddt	C8C0I2_Q75_lddt	9.401E-01	8.890E-01	9.294E-01	34.400	87	87	83
OKP-D-1_Q75_lddt	C8C0D8_Q75_lddt	9.114E-01	8.917E-01	9.014E-01	24.700	87	89	86
OKP-D-1_Q75_lddt	Q9X4S7_Q75_lddt	9.087E-01	8.891E-01	8.988E-01	26.900	87	89	86
Q2YHX8_Q75_lddt	Q2YHX8_Q75_lddt	1.012E+00	1.000E+00	1.000E+00	100.000	87	87	87
Q2YHX8_Q75_lddt	Q5I6D4_Q75_lddt	1.012E+00	1.000E+00	1.000E+00	100.000	87	87	87
Q2YHX8_Q75_lddt	B5D620_Q75_lddt	1.012E+00	1.000E+00	1.000E+00	98.800	87	87	87
Q2YHX8_Q75_lddt	B8YHZ8_Q75_lddt	1.012E+00	9.999E-01	9.999E-01	98.800	87	87	87
Q2YHX8_Q75_lddt	Q2YHX6_Q75_lddt	1.012E+00	9.999E-01	9.999E-01	100.000	87	87	87
Q2YHX8_Q75_lddt	Q2YHZ5_Q75_lddt	1.011E+00	9.997E-01	9.997E-01	98.800	87	87	87
Q2YHX8_Q75_lddt	Q6ZY77_Q75_lddt	1.011E+00	9.997E-01	9.997E-01	97.700	87	87	87
Q2YHX8_Q75_lddt	Q2YHZ0_Q75_lddt	1.011E+00	9.996E-01	9.996E-01	98.800	87	87	87
Q2YHX8_Q75_lddt	Q2YHZ3_Q75_lddt	1.011E+00	9.996E-01	9.996E-01	98.800	87	87	87
Q2YHX8_Q75_lddt	Q5PU78_Q75_lddt	1.011E+00	9.996E-01	9.996E-01	98.800	87	87	87
Q2YHX8_Q75_lddt	B5D612_Q75_lddt	1.011E+00	9.996E-01	9.996E-01	95.400	87	87	87
Q2YHX8_Q75_lddt	Q2YHZ2_Q75_lddt	1.011E+00	9.996E-01	9.996E-01	98.800	87	87	87
Q2YHX8_Q75_lddt	A0A455LP07_Q75_lddt	1.011E+00	9.995E-01	9.995E-01	95.400	87	87	87
Q2YHX8_Q75_lddt	A0A455LP13_Q75_lddt	1.011E+00	9.995E-01	9.995E-01	95.400	87	87	87
Q2YHX8_Q75_lddt	Q6ZY74_Q75_lddt	1.011E+00	9.995E-01	9.995E-01	98.800	87	87	87
Q2YHX8_Q75_lddt	E9NST5_Q75_lddt	1.011E+00	9.995E-01	9.995E-01	93.100	87	87	87
Q2YHX8_Q75_lddt	A0A455LP02_Q75_lddt	1.011E+00	9.995E-01	9.995E-01	95.400	87	87	87
Q2YHX8_Q75_lddt	R4ISB3_Q75_lddt	1.011E+00	9.995E-01	9.995E-01	95.400	87	87	87
Q2YHX8_Q75_lddt	A0A0P0IGT7_Q75_lddt	1.011E+00	9.995E-01	9.995E-01	95.400	87	87	87
Q2YHX8_Q75_lddt	Q6R5M7_Q75_lddt	1.011E+00	9.995E-01	9.995E-01	98.800	87	87	87
Q2YHX8_Q75_lddt	Q2YHY7_Q75_lddt	1.011E+00	9.994E-01	9.994E-01	98.800	87	87	87
Q2YHX8_Q75_lddt	A0A455LS80_Q75_lddt	1.011E+00	9.993E-01	9.993E-01	96.500	87	87	87
Q2YHX8_Q75_lddt	Q84H48_Q75_lddt	1.011E+00	9.993E-01	9.993E-01	94.200	87	87	87
Q2YHX8_Q75_lddt	Q6ZY58_Q75_lddt	1.011E+00	9.993E-01	9.993E-01	97.700	87	87	87
Q2YHX8_Q75_lddt	Q84H47_Q75_lddt	1.011E+00	9.989E-01	9.989E-01	94.200	87	87	87
Q2YHX8_Q75_lddt	Q9R429_Q75_lddt	1.010E+00	9.989E-01	9.989E-01	80.400	87	87	87
Q2YHX8_Q75_lddt	Q8GHI3_Q75_lddt	1.010E+00	9.988E-01	9.988E-01	79.300	87	87	87
Q2YHX8_Q75_lddt	AF-Q6W7F0-F1-model_v4_Q75_lddt	1.010E+00	9.987E-01	9.987E-01	83.900	87	87	87
Q2YHX8_Q75_lddt	Q8VQV7_Q75_lddt	1.010E+00	9.986E-01	9.986E-01	94.200	87	87	87
Q2YHX8_Q75_lddt	H9AXM1_Q75_lddt	1.010E+00	9.985E-01	9.985E-01	77.000	87	87	87
Q2YHX8_Q75_lddt	OKP-D-1_Q75_lddt	1.009E+00	9.971E-01	9.971E-01	96.500	87	87	87
Q2YHX8_Q75_lddt	C0LSK3_Q75_lddt	1.011E+00	9.874E-01	9.988E-01	98.800	87	86	86
Q2YHX8_Q75_lddt	OKP-C-1_Q75_lddt	1.010E+00	9.871E-01	9.986E-01	94.200	87	87	86
Q2YHX8_Q75_lddt	A0ZX80_Q75_lddt	1.011E+00	9.997E-01	9.772E-01	95.400	87	87	89
Q2YHX8_Q75_lddt	A0ZX91_Q75_lddt	1.011E+00	9.997E-01	9.772E-01	95.400	87	87	89
Q2YHX8_Q75_lddt	S4TWB0_Q75_lddt	1.011E+00	9.997E-01	9.772E-01	95.400	87	87	89
Q2YHX8_Q75_lddt	A0A2P9E069_Q75_lddt	1.011E+00	9.997E-01	9.772E-01	95.400	87	87	89
Q2YHX8_Q75_lddt	B9U2I6_Q75_lddt	1.011E+00	9.996E-01	9.772E-01	95.400	87	87	89
Q2YHX8_Q75_lddt	D5LGB4_Q75_lddt	1.011E+00	9.996E-01	9.772E-01	95.400	87	87	89
Q2YHX8_Q75_lddt	E5Q900_Q75_lddt	1.011E+00	9.996E-01	9.772E-01	95.400	87	87	89
Q2YHX8_Q75_lddt	Q8VP57_Q75_lddt	1.011E+00	9.996E-01	9.771E-01	95.400	87	87	89
Q2YHX8_Q75_lddt	A3FFR2_Q75_lddt	1.011E+00	9.996E-01	9.771E-01	95.400	87	87	89
Q2YHX8_Q75_lddt	Q939H3_Q75_lddt	1.011E+00	9.995E-01	9.770E-01	94.200	87	87	89
Q2YHX8_Q75_lddt	Q0PGR7_Q75_lddt	1.011E+00	9.995E-01	9.770E-01	94.200	87	87	89
Q2YHX8_Q75_lddt	Q2MJC2_Q75_lddt	1.011E+00	9.993E-01	9.769E-01	95.400	87	87	89
Q2YHX8_Q75_lddt	H2ERK9_Q75_lddt	1.011E+00	9.992E-01	9.767E-01	95.400	87	87	89
Q2YHX8_Q75_lddt	A0A097BQY7_Q75_lddt	1.011E+00	9.992E-01	9.767E-01	95.400	87	87	89
Q2YHX8_Q75_lddt	F8SQ10_Q75_lddt	1.011E+00	9.991E-01	9.767E-01	95.400	87	87	89
Q2YHX8_Q75_lddt	B0FP98_Q75_lddt	1.011E+00	9.990E-01	9.766E-01	94.200	87	87	89
Q2YHX8_Q75_lddt	Q939H5_Q75_lddt	1.011E+00	9.990E-01	9.765E-01	94.200	87	87	89
Q2YHX8_Q75_lddt	Q8VP67_Q75_lddt	1.011E+00	9.989E-01	9.765E-01	95.400	87	87	89
Q2YHX8_Q75_lddt	C8CE59_Q75_lddt	1.011E+00	9.762E-01	9.991E-01	93.100	87	87	85
Q2YHX8_Q75_lddt	J7HZA4_Q75_lddt	1.010E+00	9.989E-01	9.764E-01	94.200	87	87	89
Q2YHX8_Q75_lddt	C8CE60_Q75_lddt	1.011E+00	9.760E-01	9.989E-01	93.100	87	87	85
Q2YHX8_Q75_lddt	Q8KRG7_Q75_lddt	1.010E+00	9.987E-01	9.762E-01	94.200	87	87	89
Q2YHX8_Q75_lddt	O33677_Q75_lddt	1.004E+00	9.815E-01	9.929E-01	78.100	87	87	86
Q2YHX8_Q75_lddt	E5G517_Q75_lddt	1.006E+00	9.942E-01	9.719E-01	94.200	87	87	89
Q2YHX8_Q75_lddt	AF-A0A867XYA1-F1-model_v4_Q75_lddt	1.010E+00	9.870E-01	9.758E-01	86.200	87	87	88
Q2YHX8_Q75_lddt	AF-P18251-F1-model_v4_Q75_lddt	1.009E+00	9.861E-01	9.749E-01	90.800	87	87	88
Q2YHX8_Q75_lddt	B7FDD9_Q75_lddt	1.010E+00	9.408E-01	9.980E-01	89.600	87	87	82
Q2YHX8_Q75_lddt	P14171_Q75_lddt	9.923E-01	9.587E-01	9.808E-01	54.000	87	87	85
Q2YHX8_Q75_lddt	Q3SAW3_Q75_lddt	9.952E-01	9.501E-01	9.835E-01	51.700	87	87	84
Q2YHX8_Q75_lddt	C5HUY1_Q75_lddt	9.948E-01	9.498E-01	9.832E-01	48.200	87	87	84
Q2YHX8_Q75_lddt	C6GC02_Q75_lddt	9.947E-01	9.497E-01	9.831E-01	47.100	87	87	84
Q2YHX8_Q75_lddt	A0A097ZLX5_Q75_lddt	9.947E-01	9.497E-01	9.830E-01	48.200	87	87	84
Q2YHX8_Q75_lddt	AF-A0A1J0HSJ3-F1-model_v4_Q75_lddt	1.002E+00	9.336E-01	9.899E-01	54.000	87	87	82
Q2YHX8_Q75_lddt	AF-A0A3G1JAD7-F1-model_v4_Q75_lddt	1.001E+00	9.330E-01	9.893E-01	54.000	87	87	82
Q2YHX8_Q75_lddt	GES-44_Q75_lddt	9.927E-01	9.479E-01	9.811E-01	48.200	87	87	84
Q2YHX8_Q75_lddt	GES-41_Q75_lddt	9.925E-01	9.477E-01	9.809E-01	48.200	87	87	84
Q2YHX8_Q75_lddt	SGM-3_Q75_lddt	9.945E-01	9.495E-01	9.715E-01	50.500	87	87	85
Q2YHX8_Q75_lddt	SGM-2_Q75_lddt	9.941E-01	9.492E-01	9.711E-01	50.500	87	87	85
Q2YHX8_Q75_lddt	PER-16_Q75_lddt	9.864E-01	9.422E-01	9.750E-01	40.200	87	87	84
Q2YHX8_Q75_lddt	AF-E2D9D5-F1-model_v4_Q75_lddt	9.854E-01	9.412E-01	9.739E-01	28.700	87	87	84
Q2YHX8_Q75_lddt	AF-A0A886X7X6-F1-model_v6_Q75_lddt	9.881E-01	9.437E-01	9.654E-01	31.000	87	87	85
Q2YHX8_Q75_lddt	Q9AMJ7_Q75_lddt	9.881E-01	9.326E-01	9.765E-01	27.500	87	87	83
Q2YHX8_Q75_lddt	A1YTM5_Q75_lddt	9.876E-01	9.321E-01	9.760E-01	27.500	87	87	83
Q2YHX8_Q75_lddt	SGM-5_Q75_lddt	9.863E-01	9.421E-01	9.637E-01	49.400	87	87	85
Q2YHX8_Q75_lddt	A0A1W5QH29_Q75_lddt	9.775E-01	9.448E-01	9.663E-01	37.900	87	87	85
Q2YHX8_Q75_lddt	RAA-1_Q75_lddt	9.859E-01	9.306E-01	9.743E-01	29.800	87	87	83
Q2YHX8_Q75_lddt	D5HSX5_Q75_lddt	9.853E-01	9.301E-01	9.738E-01	40.200	87	87	83
Q2YHX8_Q75_lddt	A0A2Z2Z6H0_Q75_lddt	9.812E-01	9.374E-01	9.699E-01	45.900	87	87	84
Q2YHX8_Q75_lddt	AF-Q1NAL0-F1-model_v4_Q75_lddt	9.850E-01	9.408E-01	9.624E-01	50.500	87	87	85
Q2YHX8_Q75_lddt	A0A1W5QCF3_Q75_lddt	9.765E-01	9.439E-01	9.654E-01	37.900	87	87	85
Q2YHX8_Q75_lddt	A0A3Q8G682_Q75_lddt	9.692E-01	9.476E-01	9.583E-01	54.000	87	87	86
Q2YHX8_Q75_lddt	F8T7L4_Q75_lddt	9.841E-01	9.290E-01	9.725E-01	36.700	87	87	83
Q2YHX8_Q75_lddt	Q5XQD3_Q75_lddt	9.840E-01	9.289E-01	9.724E-01	36.700	87	87	83
Q2YHX8_Q75_lddt	P74842_Q75_lddt	9.837E-01	9.286E-01	9.721E-01	37.900	87	87	83
Q2YHX8_Q75_lddt	Q8VT49_Q75_lddt	9.832E-01	9.282E-01	9.716E-01	29.800	87	87	83
Q2YHX8_Q75_lddt	A0A1W5QG57_Q75_lddt	9.734E-01	9.410E-01	9.624E-01	37.900	87	87	85
Q2YHX8_Q75_lddt	Q5W3A6_Q75_lddt	9.778E-01	9.342E-01	9.665E-01	33.300	87	87	84
Q2YHX8_Q75_lddt	AF-A0A0D0F642-F1-model_v4_Q75_lddt	9.817E-01	9.268E-01	9.702E-01	31.000	87	87	83
Q2YHX8_Q75_lddt	Q9XBM2_Q75_lddt	9.665E-01	9.451E-01	9.557E-01	41.300	87	87	86
Q2YHX8_Q75_lddt	AF-E4WMC5-F1-model_v6_Q75_lddt	9.787E-01	9.241E-01	9.672E-01	36.700	87	87	83
Q2YHX8_Q75_lddt	G9MB50_Q75_lddt	9.788E-01	9.243E-01	9.674E-01	31.000	87	87	83
Q2YHX8_Q75_lddt	G9M9P7_Q75_lddt	9.782E-01	9.237E-01	9.668E-01	31.000	87	87	83
Q2YHX8_Q75_lddt	G9MB49_Q75_lddt	9.780E-01	9.235E-01	9.666E-01	32.100	87	87	83
Q2YHX8_Q75_lddt	A0A0E0SR47_Q75_lddt	9.677E-01	9.357E-01	9.568E-01	39.000	87	87	85
Q2YHX8_Q75_lddt	AF-A0A8E9ZWD0-F1-model_v6_Q75_lddt	9.752E-01	9.319E-01	9.531E-01	29.800	87	87	85
Q2YHX8_Q75_lddt	AF-J9QX37-F1-model_v4_Q75_lddt	9.825E-01	9.056E-01	9.707E-01	29.800	87	87	81
Q2YHX8_Q75_lddt	Q9X6W1_Q75_lddt	9.715E-01	9.175E-01	9.602E-01	31.000	87	87	83
Q2YHX8_Q75_lddt	Q9RAZ9_Q75_lddt	9.773E-01	9.120E-01	9.658E-01	29.800	87	87	82
Q2YHX8_Q75_lddt	AF-F4NA56-F1-model_v4_Q75_lddt	9.627E-01	9.310E-01	9.519E-01	37.900	87	87	85
Q2YHX8_Q75_lddt	B5L5W7_Q75_lddt	9.688E-01	9.366E-01	9.366E-01	39.000	87	87	87
Q2YHX8_Q75_lddt	A0A0B6VPP7_Q75_lddt	9.683E-01	9.146E-01	9.570E-01	29.800	87	87	83
Q2YHX8_Q75_lddt	AF-A0A127SQY3-F1-model_v6_Q75_lddt	9.545E-01	9.022E-01	9.436E-01	26.400	87	87	83
Q2YHX8_Q75_lddt	Q57509_Q75_lddt	9.504E-01	8.980E-01	9.287E-01	27.200	87	88	84
Q2YHX8_Q75_lddt	C8C0I2_Q75_lddt	9.470E-01	8.952E-01	9.361E-01	34.400	87	87	83
Q2YHX8_Q75_lddt	C8C0D8_Q75_lddt	9.175E-01	8.976E-01	9.075E-01	25.800	87	89	86
Q2YHX8_Q75_lddt	Q9X4S7_Q75_lddt	9.153E-01	8.955E-01	9.053E-01	28.000	87	89	86
Q6ZY77_Q75_lddt	Q6ZY77_Q75_lddt	1.012E+00	1.000E+00	1.000E+00	100.000	87	87	87
Q6ZY77_Q75_lddt	Q2YHZ5_Q75_lddt	1.012E+00	9.999E-01	9.999E-01	98.800	87	87	87
Q6ZY77_Q75_lddt	Q2YHZ3_Q75_lddt	1.011E+00	9.999E-01	9.999E-01	98.800	87	87	87
Q6ZY77_Q75_lddt	Q2YHZ0_Q75_lddt	1.011E+00	9.999E-01	9.999E-01	98.800	87	87	87
Q6ZY77_Q75_lddt	Q6ZY74_Q75_lddt	1.011E+00	9.998E-01	9.998E-01	98.800	87	87	87
Q6ZY77_Q75_lddt	Q5PU78_Q75_lddt	1.011E+00	9.998E-01	9.998E-01	96.500	87	87	87
Q6ZY77_Q75_lddt	Q2YHZ2_Q75_lddt	1.011E+00	9.998E-01	9.998E-01	98.800	87	87	87
Q6ZY77_Q75_lddt	Q6R5M7_Q75_lddt	1.011E+00	9.997E-01	9.997E-01	96.500	87	87	87
Q6ZY77_Q75_lddt	Q2YHX8_Q75_lddt	1.011E+00	9.997E-01	9.997E-01	97.700	87	87	87
Q6ZY77_Q75_lddt	B5D620_Q75_lddt	1.011E+00	9.997E-01	9.997E-01	98.800	87	87	87
Q6ZY77_Q75_lddt	Q5I6D4_Q75_lddt	1.011E+00	9.996E-01	9.996E-01	97.700	87	87	87
Q6ZY77_Q75_lddt	B8YHZ8_Q75_lddt	1.011E+00	9.996E-01	9.996E-01	98.800	87	87	87
Q6ZY77_Q75_lddt	Q2YHX6_Q75_lddt	1.011E+00	9.996E-01	9.996E-01	97.700	87	87	87
Q6ZY77_Q75_lddt	Q6ZY58_Q75_lddt	1.011E+00	9.995E-01	9.995E-01	97.700	87	87	87
Q6ZY77_Q75_lddt	Q2YHY7_Q75_lddt	1.011E+00	9.995E-01	9.995E-01	98.800	87	87	87
Q6ZY77_Q75_lddt	A0A455LS80_Q75_lddt	1.011E+00	9.994E-01	9.994E-01	94.200	87	87	87
Q6ZY77_Q75_lddt	B5D612_Q75_lddt	1.011E+00	9.993E-01	9.993E-01	93.100	87	87	87
Q6ZY77_Q75_lddt	A0A0P0IGT7_Q75_lddt	1.011E+00	9.992E-01	9.992E-01	93.100	87	87	87
Q6ZY77_Q75_lddt	E9NST5_Q75_lddt	1.011E+00	9.992E-01	9.992E-01	90.800	87	87	87
Q6ZY77_Q75_lddt	A0A455LP07_Q75_lddt	1.011E+00	9.992E-01	9.992E-01	93.100	87	87	87
Q6ZY77_Q75_lddt	A0A455LP02_Q75_lddt	1.011E+00	9.992E-01	9.992E-01	93.100	87	87	87
Q6ZY77_Q75_lddt	A0A455LP13_Q75_lddt	1.011E+00	9.992E-01	9.992E-01	93.100	87	87	87
Q6ZY77_Q75_lddt	Q84H47_Q75_lddt	1.011E+00	9.991E-01	9.991E-01	91.900	87	87	87
Q6ZY77_Q75_lddt	R4ISB3_Q75_lddt	1.011E+00	9.991E-01	9.991E-01	93.100	87	87	87
Q6ZY77_Q75_lddt	Q8VQV7_Q75_lddt	1.010E+00	9.989E-01	9.989E-01	91.900	87	87	87
Q6ZY77_Q75_lddt	Q84H48_Q75_lddt	1.010E+00	9.989E-01	9.989E-01	91.900	87	87	87
Q6ZY77_Q75_lddt	Q8GHI3_Q75_lddt	1.010E+00	9.985E-01	9.985E-01	78.100	87	87	87
Q6ZY77_Q75_lddt	Q9R429_Q75_lddt	1.010E+00	9.985E-01	9.985E-01	79.300	87	87	87
Q6ZY77_Q75_lddt	AF-Q6W7F0-F1-model_v4_Q75_lddt	1.010E+00	9.984E-01	9.984E-01	82.700	87	87	87
Q6ZY77_Q75_lddt	H9AXM1_Q75_lddt	1.010E+00	9.984E-01	9.984E-01	75.800	87	87	87
Q6ZY77_Q75_lddt	OKP-D-1_Q75_lddt	1.009E+00	9.971E-01	9.971E-01	94.200	87	87	87
Q6ZY77_Q75_lddt	C0LSK3_Q75_lddt	1.011E+00	9.876E-01	9.990E-01	98.800	87	86	86
Q6ZY77_Q75_lddt	OKP-C-1_Q75_lddt	1.010E+00	9.869E-01	9.983E-01	91.900	87	87	86
Q6ZY77_Q75_lddt	Q2MJC2_Q75_lddt	1.011E+00	9.995E-01	9.771E-01	93.100	87	87	89
Q6ZY77_Q75_lddt	A0A097BQY7_Q75_lddt	1.011E+00	9.995E-01	9.770E-01	93.100	87	87	89
Q6ZY77_Q75_lddt	A0ZX80_Q75_lddt	1.011E+00	9.993E-01	9.769E-01	93.100	87	87	89
Q6ZY77_Q75_lddt	A0A2P9E069_Q75_lddt	1.011E+00	9.993E-01	9.768E-01	93.100	87	87	89
Q6ZY77_Q75_lddt	D5LGB4_Q75_lddt	1.011E+00	9.992E-01	9.768E-01	93.100	87	87	89
Q6ZY77_Q75_lddt	E5Q900_Q75_lddt	1.011E+00	9.992E-01	9.768E-01	93.100	87	87	89
Q6ZY77_Q75_lddt	S4TWB0_Q75_lddt	1.011E+00	9.992E-01	9.768E-01	93.100	87	87	89
Q6ZY77_Q75_lddt	Q8VP67_Q75_lddt	1.011E+00	9.992E-01	9.768E-01	93.100	87	87	89
Q6ZY77_Q75_lddt	A0ZX91_Q75_lddt	1.011E+00	9.992E-01	9.768E-01	93.100	87	87	89
Q6ZY77_Q75_lddt	A3FFR2_Q75_lddt	1.011E+00	9.992E-01	9.767E-01	93.100	87	87	89
Q6ZY77_Q75_lddt	B9U2I6_Q75_lddt	1.011E+00	9.992E-01	9.767E-01	93.100	87	87	89
Q6ZY77_Q75_lddt	C8CE59_Q75_lddt	1.011E+00	9.764E-01	9.993E-01	90.800	87	87	85
Q6ZY77_Q75_lddt	J7HZA4_Q75_lddt	1.011E+00	9.991E-01	9.767E-01	91.900	87	87	89
Q6ZY77_Q75_lddt	Q8VP57_Q75_lddt	1.011E+00	9.991E-01	9.767E-01	93.100	87	87	89
Q6ZY77_Q75_lddt	Q939H3_Q75_lddt	1.011E+00	9.991E-01	9.766E-01	91.900	87	87	89
Q6ZY77_Q75_lddt	C8CE60_Q75_lddt	1.011E+00	9.763E-01	9.992E-01	90.800	87	87	85
Q6ZY77_Q75_lddt	Q8KRG7_Q75_lddt	1.011E+00	9.990E-01	9.766E-01	91.900	87	87	89
Q6ZY77_Q75_lddt	Q0PGR7_Q75_lddt	1.011E+00	9.990E-01	9.766E-01	91.900	87	87	89
Q6ZY77_Q75_lddt	H2ERK9_Q75_lddt	1.011E+00	9.989E-01	9.765E-01	93.100	87	87	89
Q6ZY77_Q75_lddt	B0FP98_Q75_lddt	1.010E+00	9.988E-01	9.764E-01	91.900	87	87	89
Q6ZY77_Q75_lddt	Q939H5_Q75_lddt	1.010E+00	9.987E-01	9.763E-01	91.900	87	87	89
Q6ZY77_Q75_lddt	F8SQ10_Q75_lddt	1.010E+00	9.984E-01	9.760E-01	93.100	87	87	89
Q6ZY77_Q75_lddt	O33677_Q75_lddt	1.004E+00	9.813E-01	9.927E-01	77.000	87	87	86
Q6ZY77_Q75_lddt	E5G517_Q75_lddt	1.006E+00	9.943E-01	9.720E-01	91.900	87	87	89
Q6ZY77_Q75_lddt	AF-A0A867XYA1-F1-model_v4_Q75_lddt	1.010E+00	9.871E-01	9.759E-01	83.900	87	87	88
Q6ZY77_Q75_lddt	AF-P18251-F1-model_v4_Q75_lddt	1.009E+00	9.863E-01	9.751E-01	88.500	87	87	88
Q6ZY77_Q75_lddt	B7FDD9_Q75_lddt	1.011E+00	9.411E-01	9.984E-01	87.300	87	87	82
Q6ZY77_Q75_lddt	P14171_Q75_lddt	9.923E-01	9.586E-01	9.808E-01	52.800	87	87	85
Q6ZY77_Q75_lddt	C5HUY1_Q75_lddt	9.941E-01	9.492E-01	9.825E-01	50.500	87	87	84
Q6ZY77_Q75_lddt	C6GC02_Q75_lddt	9.940E-01	9.491E-01	9.824E-01	49.400	87	87	84
Q6ZY77_Q75_lddt	A0A097ZLX5_Q75_lddt	9.940E-01	9.491E-01	9.824E-01	50.500	87	87	84
Q6ZY77_Q75_lddt	Q3SAW3_Q75_lddt	9.937E-01	9.488E-01	9.821E-01	51.700	87	87	84
Q6ZY77_Q75_lddt	AF-A0A1J0HSJ3-F1-model_v4_Q75_lddt	1.002E+00	9.335E-01	9.899E-01	52.800	87	87	82
Q6ZY77_Q75_lddt	AF-A0A3G1JAD7-F1-model_v4_Q75_lddt	1.001E+00	9.329E-01	9.892E-01	55.100	87	87	82
Q6ZY77_Q75_lddt	GES-41_Q75_lddt	9.913E-01	9.466E-01	9.798E-01	50.500	87	87	84
Q6ZY77_Q75_lddt	GES-44_Q75_lddt	9.913E-01	9.466E-01	9.798E-01	50.500	87	87	84
Q6ZY77_Q75_lddt	SGM-3_Q75_lddt	9.950E-01	9.500E-01	9.720E-01	50.500	87	87	85
Q6ZY77_Q75_lddt	SGM-2_Q75_lddt	9.947E-01	9.497E-01	9.716E-01	50.500	87	87	85
Q6ZY77_Q75_lddt	PER-16_Q75_lddt	9.852E-01	9.410E-01	9.737E-01	40.200	87	87	84
Q6ZY77_Q75_lddt	AF-E2D9D5-F1-model_v4_Q75_lddt	9.842E-01	9.402E-01	9.728E-01	28.700	87	87	84
Q6ZY77_Q75_lddt	AF-A0A886X7X6-F1-model_v6_Q75_lddt	9.876E-01	9.432E-01	9.649E-01	31.000	87	87	85
Q6ZY77_Q75_lddt	Q9AMJ7_Q75_lddt	9.877E-01	9.323E-01	9.761E-01	27.500	87	87	83
Q6ZY77_Q75_lddt	A1YTM5_Q75_lddt	9.872E-01	9.318E-01	9.756E-01	27.500	87	87	83
Q6ZY77_Q75_lddt	SGM-5_Q75_lddt	9.869E-01	9.425E-01	9.642E-01	49.400	87	87	85
Q6ZY77_Q75_lddt	A0A1W5QH29_Q75_lddt	9.781E-01	9.454E-01	9.670E-01	36.700	87	87	85
Q6ZY77_Q75_lddt	A0A1W5QCF3_Q75_lddt	9.772E-01	9.445E-01	9.660E-01	36.700	87	87	85
Q6ZY77_Q75_lddt	A0A3Q8G682_Q75_lddt	9.698E-01	9.482E-01	9.589E-01	52.800	87	87	86
Q6ZY77_Q75_lddt	AF-Q1NAL0-F1-model_v4_Q75_lddt	9.849E-01	9.408E-01	9.624E-01	50.500	87	87	85
Q6ZY77_Q75_lddt	D5HSX5_Q75_lddt	9.840E-01	9.289E-01	9.725E-01	40.200	87	87	83
Q6ZY77_Q75_lddt	RAA-1_Q75_lddt	9.841E-01	9.290E-01	9.726E-01	29.800	87	87	83
Q6ZY77_Q75_lddt	A0A2Z2Z6H0_Q75_lddt	9.789E-01	9.353E-01	9.677E-01	44.800	87	87	84
Q6ZY77_Q75_lddt	F8T7L4_Q75_lddt	9.826E-01	9.277E-01	9.711E-01	36.700	87	87	83
Q6ZY77_Q75_lddt	A0A1W5QG57_Q75_lddt	9.744E-01	9.419E-01	9.633E-01	36.700	87	87	85
Q6ZY77_Q75_lddt	Q5XQD3_Q75_lddt	9.826E-01	9.276E-01	9.711E-01	36.700	87	87	83
Q6ZY77_Q75_lddt	P74842_Q75_lddt	9.823E-01	9.273E-01	9.708E-01	37.900	87	87	83
Q6ZY77_Q75_lddt	Q8VT49_Q75_lddt	9.823E-01	9.274E-01	9.708E-01	29.800	87	87	83
Q6ZY77_Q75_lddt	AF-A0A0D0F642-F1-model_v4_Q75_lddt	9.807E-01	9.260E-01	9.693E-01	31.000	87	87	83
Q6ZY77_Q75_lddt	Q5W3A6_Q75_lddt	9.766E-01	9.332E-01	9.653E-01	33.300	87	87	84
Q6ZY77_Q75_lddt	Q9XBM2_Q75_lddt	9.652E-01	9.438E-01	9.544E-01	40.200	87	87	86
Q6ZY77_Q75_lddt	G9MB50_Q75_lddt	9.784E-01	9.240E-01	9.670E-01	31.000	87	87	83
Q6ZY77_Q75_lddt	G9M9P7_Q75_lddt	9.779E-01	9.234E-01	9.665E-01	31.000	87	87	83
Q6ZY77_Q75_lddt	G9MB49_Q75_lddt	9.777E-01	9.232E-01	9.663E-01	32.100	87	87	83
Q6ZY77_Q75_lddt	AF-E4WMC5-F1-model_v6_Q75_lddt	9.771E-01	9.227E-01	9.657E-01	36.700	87	87	83
Q6ZY77_Q75_lddt	A0A0E0SR47_Q75_lddt	9.670E-01	9.350E-01	9.561E-01	37.900	87	87	85
Q6ZY77_Q75_lddt	AF-A0A8E9ZWD0-F1-model_v6_Q75_lddt	9.735E-01	9.304E-01	9.514E-01	29.800	87	87	85
Q6ZY77_Q75_lddt	AF-J9QX37-F1-model_v4_Q75_lddt	9.816E-01	9.048E-01	9.699E-01	29.800	87	87	81
Q6ZY77_Q75_lddt	Q9X6W1_Q75_lddt	9.710E-01	9.170E-01	9.597E-01	31.000	87	87	83
Q6ZY77_Q75_lddt	B5L5W7_Q75_lddt	9.704E-01	9.381E-01	9.381E-01	37.900	87	87	87
Q6ZY77_Q75_lddt	Q9RAZ9_Q75_lddt	9.765E-01	9.113E-01	9.650E-01	29.800	87	87	82
Q6ZY77_Q75_lddt	AF-F4NA56-F1-model_v4_Q75_lddt	9.622E-01	9.305E-01	9.514E-01	36.700	87	87	85
Q6ZY77_Q75_lddt	A0A0B6VPP7_Q75_lddt	9.678E-01	9.142E-01	9.566E-01	29.800	87	87	83
Q6ZY77_Q75_lddt	AF-A0A127SQY3-F1-model_v6_Q75_lddt	9.543E-01	9.020E-01	9.434E-01	26.400	87	87	83
Q6ZY77_Q75_lddt	Q57509_Q75_lddt	9.504E-01	8.980E-01	9.287E-01	28.400	87	88	84
Q6ZY77_Q75_lddt	C8C0I2_Q75_lddt	9.461E-01	8.944E-01	9.353E-01	34.400	87	87	83
Q6ZY77_Q75_lddt	C8C0D8_Q75_lddt	9.173E-01	8.974E-01	9.073E-01	25.800	87	89	86
Q6ZY77_Q75_lddt	Q9X4S7_Q75_lddt	9.146E-01	8.948E-01	9.046E-01	28.000	87	89	86
Q8VP67_Q75_lddt	Q8VP67_Q75_lddt	1.011E+00	1.000E+00	1.000E+00	100.000	89	89	89
Q8VP67_Q75_lddt	J7HZA4_Q75_lddt	1.011E+00	9.999E-01	9.999E-01	98.800	89	89	89
Q8VP67_Q75_lddt	Q8KRG7_Q75_lddt	1.011E+00	9.998E-01	9.998E-01	98.800	89	89	89
Q8VP67_Q75_lddt	H2ERK9_Q75_lddt	1.011E+00	9.996E-01	9.996E-01	100.000	89	89	89
Q8VP67_Q75_lddt	A0A097BQY7_Q75_lddt	1.011E+00	9.995E-01	9.995E-01	100.000	89	89	89
Q8VP67_Q75_lddt	B0FP98_Q75_lddt	1.011E+00	9.995E-01	9.995E-01	98.800	89	89	89
Q8VP67_Q75_lddt	Q2MJC2_Q75_lddt	1.011E+00	9.994E-01	9.994E-01	100.000	89	89	89
Q8VP67_Q75_lddt	E5Q900_Q75_lddt	1.011E+00	9.992E-01	9.992E-01	100.000	89	89	89
Q8VP67_Q75_lddt	Q939H5_Q75_lddt	1.011E+00	9.992E-01	9.992E-01	98.800	89	89	89
Q8VP67_Q75_lddt	A0ZX80_Q75_lddt	1.011E+00	9.992E-01	9.992E-01	100.000	89	89	89
Q8VP67_Q75_lddt	A0ZX91_Q75_lddt	1.011E+00	9.992E-01	9.992E-01	100.000	89	89	89
Q8VP67_Q75_lddt	A0A2P9E069_Q75_lddt	1.011E+00	9.992E-01	9.992E-01	100.000	89	89	89
Q8VP67_Q75_lddt	S4TWB0_Q75_lddt	1.010E+00	9.992E-01	9.992E-01	100.000	89	89	89
Q8VP67_Q75_lddt	B9U2I6_Q75_lddt	1.010E+00	9.991E-01	9.991E-01	100.000	89	89	89
Q8VP67_Q75_lddt	D5LGB4_Q75_lddt	1.010E+00	9.991E-01	9.991E-01	100.000	89	89	89
Q8VP67_Q75_lddt	Q8VP57_Q75_lddt	1.010E+00	9.990E-01	9.990E-01	100.000	89	89	89
Q8VP67_Q75_lddt	A3FFR2_Q75_lddt	1.010E+00	9.990E-01	9.990E-01	100.000	89	89	89
Q8VP67_Q75_lddt	Q0PGR7_Q75_lddt	1.010E+00	9.989E-01	9.989E-01	98.800	89	89	89
Q8VP67_Q75_lddt	Q939H3_Q75_lddt	1.010E+00	9.985E-01	9.985E-01	92.100	89	89	89
Q8VP67_Q75_lddt	F8SQ10_Q75_lddt	1.010E+00	9.982E-01	9.982E-01	100.000	89	89	89
Q8VP67_Q75_lddt	E5G517_Q75_lddt	1.006E+00	9.944E-01	9.944E-01	98.800	89	89	89
Q8VP67_Q75_lddt	AF-A0A867XYA1-F1-model_v4_Q75_lddt	1.009E+00	9.863E-01	9.975E-01	88.700	89	89	88
Q8VP67_Q75_lddt	AF-P18251-F1-model_v4_Q75_lddt	1.007E+00	9.847E-01	9.959E-01	95.500	89	89	88
Q8VP67_Q75_lddt	Q6ZY74_Q75_lddt	1.011E+00	9.771E-01	9.995E-01	94.200	89	87	87
Q8VP67_Q75_lddt	Q6R5M7_Q75_lddt	1.011E+00	9.771E-01	9.995E-01	94.200	89	87	87
Q8VP67_Q75_lddt	Q6ZY77_Q75_lddt	1.011E+00	9.768E-01	9.992E-01	93.100	89	87	87
Q8VP67_Q75_lddt	Q2YHZ2_Q75_lddt	1.011E+00	9.768E-01	9.992E-01	94.200	89	87	87
Q8VP67_Q75_lddt	Q5PU78_Q75_lddt	1.011E+00	9.768E-01	9.992E-01	94.200	89	87	87
Q8VP67_Q75_lddt	Q2YHZ5_Q75_lddt	1.011E+00	9.767E-01	9.991E-01	94.200	89	87	87
Q8VP67_Q75_lddt	Q2YHZ3_Q75_lddt	1.011E+00	9.767E-01	9.991E-01	94.200	89	87	87
Q8VP67_Q75_lddt	Q2YHZ0_Q75_lddt	1.011E+00	9.767E-01	9.991E-01	94.200	89	87	87
Q8VP67_Q75_lddt	Q2YHX6_Q75_lddt	1.011E+00	9.766E-01	9.990E-01	95.400	89	87	87
Q8VP67_Q75_lddt	Q5I6D4_Q75_lddt	1.011E+00	9.765E-01	9.990E-01	95.400	89	87	87
Q8VP67_Q75_lddt	A0A455LS80_Q75_lddt	1.011E+00	9.765E-01	9.990E-01	94.200	89	87	87
Q8VP67_Q75_lddt	Q6ZY58_Q75_lddt	1.011E+00	9.765E-01	9.990E-01	93.100	89	87	87
Q8VP67_Q75_lddt	Q2YHX8_Q75_lddt	1.011E+00	9.765E-01	9.989E-01	95.400	89	87	87
Q8VP67_Q75_lddt	B5D620_Q75_lddt	1.011E+00	9.765E-01	9.989E-01	94.200	89	87	87
Q8VP67_Q75_lddt	B8YHZ8_Q75_lddt	1.010E+00	9.764E-01	9.989E-01	94.200	89	87	87
Q8VP67_Q75_lddt	A0A0P0IGT7_Q75_lddt	1.010E+00	9.764E-01	9.988E-01	93.100	89	87	87
Q8VP67_Q75_lddt	B5D612_Q75_lddt	1.010E+00	9.764E-01	9.988E-01	93.100	89	87	87
Q8VP67_Q75_lddt	E9NST5_Q75_lddt	1.010E+00	9.763E-01	9.987E-01	90.800	89	87	87
Q8VP67_Q75_lddt	A0A455LP07_Q75_lddt	1.010E+00	9.763E-01	9.987E-01	93.100	89	87	87
Q8VP67_Q75_lddt	A0A455LP13_Q75_lddt	1.010E+00	9.763E-01	9.987E-01	93.100	89	87	87
Q8VP67_Q75_lddt	A0A455LP02_Q75_lddt	1.010E+00	9.763E-01	9.987E-01	93.100	89	87	87
Q8VP67_Q75_lddt	R4ISB3_Q75_lddt	1.010E+00	9.762E-01	9.986E-01	93.100	89	87	87
Q8VP67_Q75_lddt	Q2YHY7_Q75_lddt	1.010E+00	9.758E-01	9.982E-01	94.200	89	87	87
Q8VP67_Q75_lddt	Q84H47_Q75_lddt	1.010E+00	9.757E-01	9.981E-01	91.900	89	87	87
Q8VP67_Q75_lddt	Q8GHI3_Q75_lddt	1.010E+00	9.756E-01	9.980E-01	80.400	89	87	87
Q8VP67_Q75_lddt	Q84H48_Q75_lddt	1.010E+00	9.756E-01	9.980E-01	91.900	89	87	87
Q8VP67_Q75_lddt	Q9R429_Q75_lddt	1.009E+00	9.755E-01	9.979E-01	81.600	89	87	87
Q8VP67_Q75_lddt	H9AXM1_Q75_lddt	1.009E+00	9.755E-01	9.979E-01	78.100	89	87	87
Q8VP67_Q75_lddt	Q8VQV7_Q75_lddt	1.009E+00	9.754E-01	9.978E-01	91.900	89	87	87
Q8VP67_Q75_lddt	AF-Q6W7F0-F1-model_v4_Q75_lddt	1.009E+00	9.748E-01	9.972E-01	83.900	89	87	87
Q8VP67_Q75_lddt	OKP-D-1_Q75_lddt	1.007E+00	9.733E-01	9.956E-01	91.900	89	87	87
Q8VP67_Q75_lddt	OKP-C-1_Q75_lddt	1.009E+00	9.639E-01	9.975E-01	96.500	89	87	86
Q8VP67_Q75_lddt	C0LSK3_Q75_lddt	1.009E+00	9.639E-01	9.974E-01	94.100	89	86	86
Q8VP67_Q75_lddt	C8CE60_Q75_lddt	1.012E+00	9.547E-01	9.996E-01	97.700	89	87	85
Q8VP67_Q75_lddt	C8CE59_Q75_lddt	1.011E+00	9.547E-01	9.996E-01	97.700	89	87	85
Q8VP67_Q75_lddt	O33677_Q75_lddt	1.003E+00	9.586E-01	9.918E-01	79.300	89	87	86
Q8VP67_Q75_lddt	B7FDD9_Q75_lddt	1.010E+00	9.191E-01	9.973E-01	94.200	89	87	82
Q8VP67_Q75_lddt	P14171_Q75_lddt	9.908E-01	9.361E-01	9.794E-01	56.300	89	87	85
Q8VP67_Q75_lddt	C5HUY1_Q75_lddt	9.920E-01	9.263E-01	9.804E-01	49.400	89	87	84
Q8VP67_Q75_lddt	C6GC02_Q75_lddt	9.920E-01	9.263E-01	9.804E-01	48.200	89	87	84
Q8VP67_Q75_lddt	A0A097ZLX5_Q75_lddt	9.920E-01	9.263E-01	9.804E-01	49.400	89	87	84
Q8VP67_Q75_lddt	AF-A0A1J0HSJ3-F1-model_v4_Q75_lddt	9.995E-01	9.107E-01	9.875E-01	52.800	89	87	82
Q8VP67_Q75_lddt	Q3SAW3_Q75_lddt	9.909E-01	9.254E-01	9.794E-01	56.300	89	87	84
Q8VP67_Q75_lddt	AF-A0A3G1JAD7-F1-model_v4_Q75_lddt	9.989E-01	9.102E-01	9.869E-01	54.000	89	87	82
Q8VP67_Q75_lddt	GES-44_Q75_lddt	9.894E-01	9.240E-01	9.778E-01	49.400	89	87	84
Q8VP67_Q75_lddt	GES-41_Q75_lddt	9.893E-01	9.240E-01	9.778E-01	49.400	89	87	84
Q8VP67_Q75_lddt	SGM-3_Q75_lddt	9.930E-01	9.272E-01	9.701E-01	54.000	89	87	85
Q8VP67_Q75_lddt	SGM-2_Q75_lddt	9.927E-01	9.269E-01	9.697E-01	54.000	89	87	85
Q8VP67_Q75_lddt	AF-E2D9D5-F1-model_v4_Q75_lddt	9.837E-01	9.191E-01	9.723E-01	31.000	89	87	84
Q8VP67_Q75_lddt	AF-A0A886X7X6-F1-model_v6_Q75_lddt	9.870E-01	9.220E-01	9.644E-01	32.100	89	87	85
Q8VP67_Q75_lddt	PER-16_Q75_lddt	9.830E-01	9.185E-01	9.716E-01	41.300	89	87	84
Q8VP67_Q75_lddt	Q9AMJ7_Q75_lddt	9.865E-01	9.107E-01	9.749E-01	31.000	89	87	83
Q8VP67_Q75_lddt	A1YTM5_Q75_lddt	9.860E-01	9.103E-01	9.744E-01	31.000	89	87	83
Q8VP67_Q75_lddt	A0A1W5QH29_Q75_lddt	9.770E-01	9.238E-01	9.659E-01	37.900	89	87	85
Q8VP67_Q75_lddt	A0A1W5QCF3_Q75_lddt	9.760E-01	9.229E-01	9.649E-01	37.900	89	87	85
Q8VP67_Q75_lddt	SGM-5_Q75_lddt	9.842E-01	9.195E-01	9.616E-01	50.500	89	87	85
Q8VP67_Q75_lddt	RAA-1_Q75_lddt	9.841E-01	9.086E-01	9.725E-01	33.300	89	87	83
Q8VP67_Q75_lddt	A0A3Q8G682_Q75_lddt	9.682E-01	9.260E-01	9.573E-01	54.000	89	87	86
Q8VP67_Q75_lddt	AF-Q1NAL0-F1-model_v4_Q75_lddt	9.825E-01	9.180E-01	9.600E-01	54.000	89	87	85
Q8VP67_Q75_lddt	A0A1W5QG57_Q75_lddt	9.737E-01	9.208E-01	9.626E-01	37.900	89	87	85
Q8VP67_Q75_lddt	D5HSX5_Q75_lddt	9.818E-01	9.066E-01	9.703E-01	41.300	89	87	83
Q8VP67_Q75_lddt	Q8VT49_Q75_lddt	9.816E-01	9.065E-01	9.702E-01	31.000	89	87	83
Q8VP67_Q75_lddt	A0A2Z2Z6H0_Q75_lddt	9.766E-01	9.128E-01	9.653E-01	47.100	89	87	84
Q8VP67_Q75_lddt	F8T7L4_Q75_lddt	9.806E-01	9.056E-01	9.691E-01	37.900	89	87	83
Q8VP67_Q75_lddt	Q5XQD3_Q75_lddt	9.804E-01	9.055E-01	9.690E-01	37.900	89	87	83
Q8VP67_Q75_lddt	Q5W3A6_Q75_lddt	9.766E-01	9.129E-01	9.654E-01	34.400	89	87	84
Q8VP67_Q75_lddt	P74842_Q75_lddt	9.800E-01	9.051E-01	9.686E-01	39.000	89	87	83
Q8VP67_Q75_lddt	Q9XBM2_Q75_lddt	9.652E-01	9.233E-01	9.544E-01	42.500	89	87	86
Q8VP67_Q75_lddt	AF-A0A0D0F642-F1-model_v4_Q75_lddt	9.801E-01	9.052E-01	9.687E-01	32.100	89	87	83
Q8VP67_Q75_lddt	G9MB50_Q75_lddt	9.785E-01	9.039E-01	9.671E-01	31.000	89	87	83
Q8VP67_Q75_lddt	G9M9P7_Q75_lddt	9.780E-01	9.035E-01	9.666E-01	29.800	89	87	83
Q8VP67_Q75_lddt	G9MB49_Q75_lddt	9.778E-01	9.033E-01	9.664E-01	31.000	89	87	83
Q8VP67_Q75_lddt	AF-E4WMC5-F1-model_v6_Q75_lddt	9.765E-01	9.021E-01	9.651E-01	35.600	89	87	83
Q8VP67_Q75_lddt	A0A0E0SR47_Q75_lddt	9.667E-01	9.145E-01	9.558E-01	40.200	89	87	85
Q8VP67_Q75_lddt	AF-A0A8E9ZWD0-F1-model_v6_Q75_lddt	9.739E-01	9.105E-01	9.518E-01	31.000	89	87	85
Q8VP67_Q75_lddt	AF-J9QX37-F1-model_v4_Q75_lddt	9.807E-01	8.843E-01	9.690E-01	28.700	89	87	81
Q8VP67_Q75_lddt	Q9X6W1_Q75_lddt	9.702E-01	8.964E-01	9.589E-01	32.100	89	87	83
Q8VP67_Q75_lddt	Q9RAZ9_Q75_lddt	9.756E-01	8.908E-01	9.641E-01	31.000	89	87	82
Q8VP67_Q75_lddt	B5L5W7_Q75_lddt	9.684E-01	9.159E-01	9.362E-01	37.900	89	87	87
Q8VP67_Q75_lddt	AF-F4NA56-F1-model_v4_Q75_lddt	9.614E-01	9.097E-01	9.506E-01	37.900	89	87	85
Q8VP67_Q75_lddt	A0A0B6VPP7_Q75_lddt	9.672E-01	8.938E-01	9.560E-01	31.000	89	87	83
Q8VP67_Q75_lddt	AF-A0A127SQY3-F1-model_v6_Q75_lddt	9.549E-01	8.833E-01	9.440E-01	25.200	89	87	83
Q8VP67_Q75_lddt	Q57509_Q75_lddt	9.495E-01	8.779E-01	9.279E-01	28.400	89	88	84
Q8VP67_Q75_lddt	C8C0I2_Q75_lddt	9.470E-01	8.761E-01	9.361E-01	32.100	89	87	83
Q8VP67_Q75_lddt	C8C0D8_Q75_lddt	9.171E-01	8.782E-01	9.070E-01	25.800	89	89	86
Q8VP67_Q75_lddt	Q9X4S7_Q75_lddt	9.147E-01	8.760E-01	9.047E-01	28.000	89	89	86
Q9R429_Q75_lddt	Q9R429_Q75_lddt	1.012E+00	1.000E+00	1.000E+00	100.000	87	87	87
Q9R429_Q75_lddt	Q8GHI3_Q75_lddt	1.012E+00	9.999E-01	9.999E-01	98.800	87	87	87
Q9R429_Q75_lddt	H9AXM1_Q75_lddt	1.011E+00	9.996E-01	9.996E-01	96.500	87	87	87
Q9R429_Q75_lddt	B8YHZ8_Q75_lddt	1.010E+00	9.989E-01	9.989E-01	80.400	87	87	87
Q9R429_Q75_lddt	Q5I6D4_Q75_lddt	1.010E+00	9.989E-01	9.989E-01	80.400	87	87	87
Q9R429_Q75_lddt	Q2YHX8_Q75_lddt	1.010E+00	9.989E-01	9.989E-01	80.400	87	87	87
Q9R429_Q75_lddt	Q84H48_Q75_lddt	1.010E+00	9.988E-01	9.988E-01	78.100	87	87	87
Q9R429_Q75_lddt	B5D620_Q75_lddt	1.010E+00	9.988E-01	9.988E-01	80.400	87	87	87
Q9R429_Q75_lddt	A0A455LP07_Q75_lddt	1.010E+00	9.988E-01	9.988E-01	79.300	87	87	87
Q9R429_Q75_lddt	Q2YHX6_Q75_lddt	1.010E+00	9.988E-01	9.988E-01	80.400	87	87	87
Q9R429_Q75_lddt	B5D612_Q75_lddt	1.010E+00	9.988E-01	9.988E-01	79.300	87	87	87
Q9R429_Q75_lddt	A0A455LP02_Q75_lddt	1.010E+00	9.987E-01	9.987E-01	79.300	87	87	87
Q9R429_Q75_lddt	R4ISB3_Q75_lddt	1.010E+00	9.987E-01	9.987E-01	79.300	87	87	87
Q9R429_Q75_lddt	A0A455LP13_Q75_lddt	1.010E+00	9.987E-01	9.987E-01	79.300	87	87	87
Q9R429_Q75_lddt	Q2YHZ2_Q75_lddt	1.010E+00	9.987E-01	9.987E-01	80.400	87	87	87
Q9R429_Q75_lddt	E9NST5_Q75_lddt	1.010E+00	9.987E-01	9.987E-01	77.000	87	87	87
Q9R429_Q75_lddt	Q2YHZ5_Q75_lddt	1.010E+00	9.986E-01	9.986E-01	80.400	87	87	87
Q9R429_Q75_lddt	Q2YHZ3_Q75_lddt	1.010E+00	9.986E-01	9.986E-01	80.400	87	87	87
Q9R429_Q75_lddt	Q2YHZ0_Q75_lddt	1.010E+00	9.986E-01	9.986E-01	80.400	87	87	87
Q9R429_Q75_lddt	A0A0P0IGT7_Q75_lddt	1.010E+00	9.985E-01	9.985E-01	79.300	87	87	87
Q9R429_Q75_lddt	Q5PU78_Q75_lddt	1.010E+00	9.985E-01	9.985E-01	81.600	87	87	87
Q9R429_Q75_lddt	Q6ZY77_Q75_lddt	1.010E+00	9.985E-01	9.985E-01	79.300	87	87	87
Q9R429_Q75_lddt	Q84H47_Q75_lddt	1.010E+00	9.985E-01	9.985E-01	78.100	87	87	87
Q9R429_Q75_lddt	Q2YHY7_Q75_lddt	1.010E+00	9.984E-01	9.984E-01	80.400	87	87	87
Q9R429_Q75_lddt	A0A455LS80_Q75_lddt	1.010E+00	9.983E-01	9.983E-01	80.400	87	87	87
Q9R429_Q75_lddt	AF-Q6W7F0-F1-model_v4_Q75_lddt	1.010E+00	9.983E-01	9.983E-01	85.000	87	87	87
Q9R429_Q75_lddt	Q8VQV7_Q75_lddt	1.010E+00	9.982E-01	9.982E-01	78.100	87	87	87
Q9R429_Q75_lddt	Q6ZY74_Q75_lddt	1.010E+00	9.982E-01	9.982E-01	80.400	87	87	87
Q9R429_Q75_lddt	Q6ZY58_Q75_lddt	1.010E+00	9.981E-01	9.981E-01	79.300	87	87	87
Q9R429_Q75_lddt	Q6R5M7_Q75_lddt	1.010E+00	9.981E-01	9.981E-01	81.600	87	87	87
Q9R429_Q75_lddt	OKP-D-1_Q75_lddt	1.007E+00	9.958E-01	9.958E-01	79.300	87	87	87
Q9R429_Q75_lddt	C0LSK3_Q75_lddt	1.010E+00	9.866E-01	9.980E-01	80.200	87	86	86
Q9R429_Q75_lddt	OKP-C-1_Q75_lddt	1.009E+00	9.863E-01	9.977E-01	81.600	87	87	86
Q9R429_Q75_lddt	A0A2P9E069_Q75_lddt	1.011E+00	9.990E-01	9.766E-01	81.600	87	87	89
Q9R429_Q75_lddt	A0ZX91_Q75_lddt	1.011E+00	9.990E-01	9.766E-01	81.600	87	87	89
Q9R429_Q75_lddt	B9U2I6_Q75_lddt	1.011E+00	9.990E-01	9.766E-01	81.600	87	87	89
Q9R429_Q75_lddt	D5LGB4_Q75_lddt	1.011E+00	9.990E-01	9.766E-01	81.600	87	87	89
Q9R429_Q75_lddt	A0ZX80_Q75_lddt	1.011E+00	9.990E-01	9.766E-01	81.600	87	87	89
Q9R429_Q75_lddt	S4TWB0_Q75_lddt	1.011E+00	9.990E-01	9.765E-01	81.600	87	87	89
Q9R429_Q75_lddt	Q8VP57_Q75_lddt	1.011E+00	9.990E-01	9.765E-01	81.600	87	87	89
Q9R429_Q75_lddt	E5Q900_Q75_lddt	1.011E+00	9.989E-01	9.765E-01	81.600	87	87	89
Q9R429_Q75_lddt	A3FFR2_Q75_lddt	1.010E+00	9.988E-01	9.764E-01	81.600	87	87	89
Q9R429_Q75_lddt	Q0PGR7_Q75_lddt	1.010E+00	9.988E-01	9.764E-01	80.400	87	87	89
Q9R429_Q75_lddt	Q939H3_Q75_lddt	1.010E+00	9.987E-01	9.763E-01	78.100	87	87	89
Q9R429_Q75_lddt	Q2MJC2_Q75_lddt	1.010E+00	9.986E-01	9.762E-01	81.600	87	87	89
Q9R429_Q75_lddt	A0A097BQY7_Q75_lddt	1.010E+00	9.985E-01	9.761E-01	81.600	87	87	89
Q9R429_Q75_lddt	O33677_Q75_lddt	1.006E+00	9.830E-01	9.943E-01	96.500	87	87	86
Q9R429_Q75_lddt	F8SQ10_Q75_lddt	1.010E+00	9.982E-01	9.758E-01	81.600	87	87	89
Q9R429_Q75_lddt	H2ERK9_Q75_lddt	1.010E+00	9.981E-01	9.757E-01	81.600	87	87	89
Q9R429_Q75_lddt	C8CE59_Q75_lddt	1.010E+00	9.754E-01	9.983E-01	79.300	87	87	85
Q9R429_Q75_lddt	Q939H5_Q75_lddt	1.010E+00	9.981E-01	9.757E-01	80.400	87	87	89
Q9R429_Q75_lddt	C8CE60_Q75_lddt	1.010E+00	9.752E-01	9.981E-01	79.300	87	87	85
Q9R429_Q75_lddt	Q8VP67_Q75_lddt	1.009E+00	9.979E-01	9.755E-01	81.600	87	87	89
Q9R429_Q75_lddt	J7HZA4_Q75_lddt	1.009E+00	9.979E-01	9.755E-01	80.400	87	87	89
Q9R429_Q75_lddt	B0FP98_Q75_lddt	1.009E+00	9.978E-01	9.755E-01	80.400	87	87	89
Q9R429_Q75_lddt	Q8KRG7_Q75_lddt	1.009E+00	9.976E-01	9.752E-01	80.400	87	87	89
Q9R429_Q75_lddt	E5G517_Q75_lddt	1.005E+00	9.933E-01	9.711E-01	80.400	87	87	89
Q9R429_Q75_lddt	AF-A0A867XYA1-F1-model_v4_Q75_lddt	1.009E+00	9.856E-01	9.745E-01	71.200	87	87	88
Q9R429_Q75_lddt	AF-P18251-F1-model_v4_Q75_lddt	1.009E+00	9.855E-01	9.744E-01	77.000	87	87	88
Q9R429_Q75_lddt	B7FDD9_Q75_lddt	1.009E+00	9.399E-01	9.971E-01	75.800	87	87	82
Q9R429_Q75_lddt	P14171_Q75_lddt	9.923E-01	9.586E-01	9.808E-01	55.100	87	87	85
Q9R429_Q75_lddt	Q3SAW3_Q75_lddt	9.964E-01	9.512E-01	9.847E-01	50.500	87	87	84
Q9R429_Q75_lddt	C5HUY1_Q75_lddt	9.952E-01	9.501E-01	9.835E-01	48.200	87	87	84
Q9R429_Q75_lddt	A0A097ZLX5_Q75_lddt	9.951E-01	9.501E-01	9.834E-01	48.200	87	87	84
Q9R429_Q75_lddt	C6GC02_Q75_lddt	9.951E-01	9.500E-01	9.834E-01	47.100	87	87	84
Q9R429_Q75_lddt	AF-A0A3G1JAD7-F1-model_v4_Q75_lddt	1.002E+00	9.336E-01	9.899E-01	54.000	87	87	82
Q9R429_Q75_lddt	AF-A0A1J0HSJ3-F1-model_v4_Q75_lddt	1.002E+00	9.335E-01	9.898E-01	52.800	87	87	82
Q9R429_Q75_lddt	GES-44_Q75_lddt	9.932E-01	9.483E-01	9.816E-01	48.200	87	87	84
Q9R429_Q75_lddt	GES-41_Q75_lddt	9.929E-01	9.480E-01	9.813E-01	48.200	87	87	84
Q9R429_Q75_lddt	SGM-3_Q75_lddt	9.945E-01	9.495E-01	9.715E-01	48.200	87	87	85
Q9R429_Q75_lddt	SGM-2_Q75_lddt	9.942E-01	9.493E-01	9.712E-01	48.200	87	87	85
Q9R429_Q75_lddt	PER-16_Q75_lddt	9.897E-01	9.452E-01	9.782E-01	37.900	87	87	84
Q9R429_Q75_lddt	AF-E2D9D5-F1-model_v4_Q75_lddt	9.879E-01	9.435E-01	9.764E-01	29.800	87	87	84
Q9R429_Q75_lddt	AF-A0A886X7X6-F1-model_v6_Q75_lddt	9.907E-01	9.461E-01	9.679E-01	34.400	87	87	85
Q9R429_Q75_lddt	Q9AMJ7_Q75_lddt	9.903E-01	9.345E-01	9.786E-01	28.700	87	87	83
Q9R429_Q75_lddt	A1YTM5_Q75_lddt	9.898E-01	9.341E-01	9.782E-01	28.700	87	87	83
Q9R429_Q75_lddt	D5HSX5_Q75_lddt	9.882E-01	9.326E-01	9.766E-01	41.300	87	87	83
Q9R429_Q75_lddt	RAA-1_Q75_lddt	9.885E-01	9.329E-01	9.768E-01	28.700	87	87	83
Q9R429_Q75_lddt	F8T7L4_Q75_lddt	9.871E-01	9.317E-01	9.755E-01	35.600	87	87	83
Q9R429_Q75_lddt	Q5XQD3_Q75_lddt	9.870E-01	9.315E-01	9.754E-01	35.600	87	87	83
Q9R429_Q75_lddt	A0A2Z2Z6H0_Q75_lddt	9.827E-01	9.387E-01	9.713E-01	48.200	87	87	84
Q9R429_Q75_lddt	P74842_Q75_lddt	9.867E-01	9.313E-01	9.751E-01	37.900	87	87	83
Q9R429_Q75_lddt	SGM-5_Q75_lddt	9.866E-01	9.423E-01	9.639E-01	48.200	87	87	85
Q9R429_Q75_lddt	A0A1W5QH29_Q75_lddt	9.776E-01	9.449E-01	9.665E-01	42.500	87	87	85
Q9R429_Q75_lddt	AF-Q1NAL0-F1-model_v4_Q75_lddt	9.853E-01	9.411E-01	9.627E-01	50.500	87	87	85
Q9R429_Q75_lddt	Q8VT49_Q75_lddt	9.856E-01	9.303E-01	9.740E-01	28.700	87	87	83
Q9R429_Q75_lddt	A0A3Q8G682_Q75_lddt	9.699E-01	9.483E-01	9.590E-01	54.000	87	87	86
Q9R429_Q75_lddt	A0A1W5QCF3_Q75_lddt	9.767E-01	9.441E-01	9.656E-01	42.500	87	87	85
Q9R429_Q75_lddt	AF-A0A0D0F642-F1-model_v4_Q75_lddt	9.850E-01	9.298E-01	9.734E-01	34.400	87	87	83
Q9R429_Q75_lddt	Q5W3A6_Q75_lddt	9.806E-01	9.368E-01	9.693E-01	32.100	87	87	84
Q9R429_Q75_lddt	Q9XBM2_Q75_lddt	9.680E-01	9.464E-01	9.571E-01	48.200	87	87	86
Q9R429_Q75_lddt	A0A1W5QG57_Q75_lddt	9.734E-01	9.410E-01	9.624E-01	43.600	87	87	85
Q9R429_Q75_lddt	G9MB50_Q75_lddt	9.813E-01	9.265E-01	9.698E-01	28.700	87	87	83
Q9R429_Q75_lddt	G9M9P7_Q75_lddt	9.808E-01	9.260E-01	9.693E-01	26.400	87	87	83
Q9R429_Q75_lddt	G9MB49_Q75_lddt	9.805E-01	9.258E-01	9.691E-01	27.500	87	87	83
Q9R429_Q75_lddt	AF-E4WMC5-F1-model_v6_Q75_lddt	9.800E-01	9.253E-01	9.686E-01	35.600	87	87	83
Q9R429_Q75_lddt	A0A0E0SR47_Q75_lddt	9.703E-01	9.381E-01	9.593E-01	42.500	87	87	85
Q9R429_Q75_lddt	AF-A0A8E9ZWD0-F1-model_v6_Q75_lddt	9.774E-01	9.339E-01	9.552E-01	34.400	87	87	85
Q9R429_Q75_lddt	AF-J9QX37-F1-model_v4_Q75_lddt	9.855E-01	9.081E-01	9.736E-01	26.400	87	87	81
Q9R429_Q75_lddt	Q9X6W1_Q75_lddt	9.748E-01	9.204E-01	9.634E-01	31.000	87	87	83
Q9R429_Q75_lddt	Q9RAZ9_Q75_lddt	9.804E-01	9.147E-01	9.688E-01	28.700	87	87	82
Q9R429_Q75_lddt	AF-F4NA56-F1-model_v4_Q75_lddt	9.657E-01	9.338E-01	9.548E-01	39.000	87	87	85
Q9R429_Q75_lddt	A0A0B6VPP7_Q75_lddt	9.717E-01	9.176E-01	9.603E-01	29.800	87	87	83
Q9R429_Q75_lddt	B5L5W7_Q75_lddt	9.701E-01	9.378E-01	9.378E-01	33.300	87	87	87
Q9R429_Q75_lddt	AF-A0A127SQY3-F1-model_v6_Q75_lddt	9.574E-01	9.047E-01	9.464E-01	25.200	87	87	83
Q9R429_Q75_lddt	Q57509_Q75_lddt	9.534E-01	9.007E-01	9.316E-01	28.400	87	88	84
Q9R429_Q75_lddt	C8C0I2_Q75_lddt	9.505E-01	8.983E-01	9.396E-01	32.100	87	87	83
Q9R429_Q75_lddt	C8C0D8_Q75_lddt	9.209E-01	9.009E-01	9.108E-01	25.800	87	89	86
Q9R429_Q75_lddt	Q9X4S7_Q75_lddt	9.184E-01	8.985E-01	9.083E-01	28.000	87	89	86
A0A3Q8G682_Q75_lddt	A0A3Q8G682_Q75_lddt	1.012E+00	1.000E+00	1.000E+00	100.000	86	86	86
A0A3Q8G682_Q75_lddt	Q9XBM2_Q75_lddt	9.874E-01	9.762E-01	9.762E-01	53.400	86	86	86
A0A3Q8G682_Q75_lddt	A0A1W5QH29_Q75_lddt	9.861E-01	9.637E-01	9.748E-01	53.400	86	86	85
A0A3Q8G682_Q75_lddt	A0A1W5QCF3_Q75_lddt	9.851E-01	9.627E-01	9.738E-01	53.400	86	86	85
A0A3Q8G682_Q75_lddt	A0A1W5QG57_Q75_lddt	9.838E-01	9.615E-01	9.725E-01	53.400	86	86	85
A0A3Q8G682_Q75_lddt	AF-Q6W7F0-F1-model_v4_Q75_lddt	9.724E-01	9.614E-01	9.507E-01	52.800	86	87	87
A0A3Q8G682_Q75_lddt	Q8VQV7_Q75_lddt	9.722E-01	9.612E-01	9.505E-01	55.100	86	87	87
A0A3Q8G682_Q75_lddt	OKP-D-1_Q75_lddt	9.720E-01	9.611E-01	9.503E-01	54.000	86	87	87
A0A3Q8G682_Q75_lddt	Q84H47_Q75_lddt	9.716E-01	9.607E-01	9.499E-01	55.100	86	87	87
A0A3Q8G682_Q75_lddt	A0A0E0SR47_Q75_lddt	9.748E-01	9.529E-01	9.637E-01	45.300	86	86	85
A0A3Q8G682_Q75_lddt	Q2YHY7_Q75_lddt	9.706E-01	9.596E-01	9.489E-01	54.000	86	87	87
A0A3Q8G682_Q75_lddt	H9AXM1_Q75_lddt	9.704E-01	9.595E-01	9.488E-01	50.500	86	87	87
A0A3Q8G682_Q75_lddt	Q84H48_Q75_lddt	9.704E-01	9.594E-01	9.487E-01	55.100	86	87	87
A0A3Q8G682_Q75_lddt	A0A455LS80_Q75_lddt	9.702E-01	9.592E-01	9.485E-01	54.000	86	87	87
A0A3Q8G682_Q75_lddt	Q6ZY77_Q75_lddt	9.698E-01	9.589E-01	9.482E-01	52.800	86	87	87
A0A3Q8G682_Q75_lddt	Q9R429_Q75_lddt	9.699E-01	9.590E-01	9.483E-01	54.000	86	87	87
A0A3Q8G682_Q75_lddt	A0A0P0IGT7_Q75_lddt	9.698E-01	9.589E-01	9.482E-01	54.000	86	87	87
A0A3Q8G682_Q75_lddt	Q8GHI3_Q75_lddt	9.699E-01	9.589E-01	9.483E-01	52.800	86	87	87
A0A3Q8G682_Q75_lddt	Q2YHZ3_Q75_lddt	9.696E-01	9.586E-01	9.479E-01	54.000	86	87	87
A0A3Q8G682_Q75_lddt	B5D612_Q75_lddt	9.696E-01	9.587E-01	9.480E-01	54.000	86	87	87
A0A3Q8G682_Q75_lddt	R4ISB3_Q75_lddt	9.696E-01	9.586E-01	9.479E-01	55.100	86	87	87
A0A3Q8G682_Q75_lddt	A0A455LP02_Q75_lddt	9.695E-01	9.586E-01	9.479E-01	55.100	86	87	87
A0A3Q8G682_Q75_lddt	Q2YHZ0_Q75_lddt	9.695E-01	9.585E-01	9.479E-01	54.000	86	87	87
A0A3Q8G682_Q75_lddt	Q2YHZ5_Q75_lddt	9.694E-01	9.585E-01	9.478E-01	54.000	86	87	87
A0A3Q8G682_Q75_lddt	Q5PU78_Q75_lddt	9.693E-01	9.584E-01	9.477E-01	52.800	86	87	87
A0A3Q8G682_Q75_lddt	B8YHZ8_Q75_lddt	9.695E-01	9.585E-01	9.479E-01	54.000	86	87	87
A0A3Q8G682_Q75_lddt	A0A455LP13_Q75_lddt	9.694E-01	9.585E-01	9.478E-01	55.100	86	87	87
A0A3Q8G682_Q75_lddt	Q2YHZ2_Q75_lddt	9.693E-01	9.584E-01	9.477E-01	54.000	86	87	87
A0A3Q8G682_Q75_lddt	A0A455LP07_Q75_lddt	9.693E-01	9.584E-01	9.478E-01	55.100	86	87	87
A0A3Q8G682_Q75_lddt	E9NST5_Q75_lddt	9.692E-01	9.583E-01	9.476E-01	54.000	86	87	87
A0A3Q8G682_Q75_lddt	Q6ZY74_Q75_lddt	9.691E-01	9.582E-01	9.475E-01	54.000	86	87	87
A0A3Q8G682_Q75_lddt	Q2YHX8_Q75_lddt	9.692E-01	9.583E-01	9.476E-01	54.000	86	87	87
A0A3Q8G682_Q75_lddt	B5D620_Q75_lddt	9.692E-01	9.583E-01	9.476E-01	54.000	86	87	87
A0A3Q8G682_Q75_lddt	Q5I6D4_Q75_lddt	9.691E-01	9.582E-01	9.475E-01	54.000	86	87	87
A0A3Q8G682_Q75_lddt	Q2YHX6_Q75_lddt	9.690E-01	9.581E-01	9.474E-01	54.000	86	87	87
A0A3Q8G682_Q75_lddt	Q6ZY58_Q75_lddt	9.687E-01	9.578E-01	9.471E-01	54.000	86	87	87
A0A3Q8G682_Q75_lddt	Q6R5M7_Q75_lddt	9.686E-01	9.577E-01	9.470E-01	52.800	86	87	87
A0A3Q8G682_Q75_lddt	C0LSK3_Q75_lddt	9.715E-01	9.496E-01	9.496E-01	53.400	86	86	86
A0A3Q8G682_Q75_lddt	OKP-C-1_Q75_lddt	9.602E-01	9.494E-01	9.494E-01	52.800	86	87	86
A0A3Q8G682_Q75_lddt	O33677_Q75_lddt	9.602E-01	9.494E-01	9.494E-01	52.800	86	87	86
A0A3Q8G682_Q75_lddt	AF-F4NA56-F1-model_v4_Q75_lddt	9.702E-01	9.485E-01	9.593E-01	45.300	86	86	85
A0A3Q8G682_Q75_lddt	Q2MJC2_Q75_lddt	9.698E-01	9.589E-01	9.275E-01	54.000	86	87	89
A0A3Q8G682_Q75_lddt	A0A097BQY7_Q75_lddt	9.696E-01	9.587E-01	9.273E-01	54.000	86	87	89
A0A3Q8G682_Q75_lddt	D5LGB4_Q75_lddt	9.697E-01	9.587E-01	9.274E-01	54.000	86	87	89
A0A3Q8G682_Q75_lddt	A0A2P9E069_Q75_lddt	9.696E-01	9.587E-01	9.274E-01	54.000	86	87	89
A0A3Q8G682_Q75_lddt	Q939H3_Q75_lddt	9.696E-01	9.587E-01	9.274E-01	55.100	86	87	89
A0A3Q8G682_Q75_lddt	A3FFR2_Q75_lddt	9.696E-01	9.586E-01	9.273E-01	54.000	86	87	89
A0A3Q8G682_Q75_lddt	Q8VP57_Q75_lddt	9.696E-01	9.586E-01	9.273E-01	54.000	86	87	89
A0A3Q8G682_Q75_lddt	A0ZX80_Q75_lddt	9.694E-01	9.585E-01	9.272E-01	54.000	86	87	89
A0A3Q8G682_Q75_lddt	S4TWB0_Q75_lddt	9.693E-01	9.584E-01	9.271E-01	54.000	86	87	89
A0A3Q8G682_Q75_lddt	E5Q900_Q75_lddt	9.693E-01	9.584E-01	9.271E-01	54.000	86	87	89
A0A3Q8G682_Q75_lddt	A0ZX91_Q75_lddt	9.693E-01	9.584E-01	9.271E-01	54.000	86	87	89
A0A3Q8G682_Q75_lddt	Q0PGR7_Q75_lddt	9.693E-01	9.583E-01	9.270E-01	54.000	86	87	89
A0A3Q8G682_Q75_lddt	B9U2I6_Q75_lddt	9.692E-01	9.583E-01	9.270E-01	54.000	86	87	89
A0A3Q8G682_Q75_lddt	AF-P18251-F1-model_v4_Q75_lddt	9.622E-01	9.514E-01	9.303E-01	49.400	86	87	88
A0A3Q8G682_Q75_lddt	Q939H5_Q75_lddt	9.686E-01	9.577E-01	9.264E-01	52.800	86	87	89
A0A3Q8G682_Q75_lddt	Q8KRG7_Q75_lddt	9.682E-01	9.573E-01	9.260E-01	54.000	86	87	89
A0A3Q8G682_Q75_lddt	Q8VP67_Q75_lddt	9.682E-01	9.573E-01	9.260E-01	54.000	86	87	89
A0A3Q8G682_Q75_lddt	C8CE59_Q75_lddt	9.578E-01	9.362E-01	9.468E-01	51.700	86	87	85
A0A3Q8G682_Q75_lddt	J7HZA4_Q75_lddt	9.680E-01	9.571E-01	9.259E-01	52.800	86	87	89
A0A3Q8G682_Q75_lddt	B0FP98_Q75_lddt	9.681E-01	9.572E-01	9.259E-01	52.800	86	87	89
A0A3Q8G682_Q75_lddt	F8SQ10_Q75_lddt	9.680E-01	9.571E-01	9.258E-01	54.000	86	87	89
A0A3Q8G682_Q75_lddt	H2ERK9_Q75_lddt	9.679E-01	9.570E-01	9.258E-01	54.000	86	87	89
A0A3Q8G682_Q75_lddt	C8CE60_Q75_lddt	9.567E-01	9.352E-01	9.458E-01	51.700	86	87	85
A0A3Q8G682_Q75_lddt	P14171_Q75_lddt	9.552E-01	9.337E-01	9.443E-01	39.000	86	87	85
A0A3Q8G682_Q75_lddt	E5G517_Q75_lddt	9.649E-01	9.541E-01	9.230E-01	52.800	86	87	89
A0A3Q8G682_Q75_lddt	AF-A0A867XYA1-F1-model_v4_Q75_lddt	9.577E-01	9.469E-01	9.260E-01	47.100	86	87	88
A0A3Q8G682_Q75_lddt	SGM-5_Q75_lddt	9.618E-01	9.292E-01	9.398E-01	47.100	86	87	85
A0A3Q8G682_Q75_lddt	SGM-2_Q75_lddt	9.613E-01	9.287E-01	9.393E-01	48.200	86	87	85
A0A3Q8G682_Q75_lddt	SGM-3_Q75_lddt	9.608E-01	9.282E-01	9.388E-01	48.200	86	87	85
A0A3Q8G682_Q75_lddt	Q3SAW3_Q75_lddt	9.568E-01	9.245E-01	9.458E-01	44.800	86	87	84
A0A3Q8G682_Q75_lddt	GES-44_Q75_lddt	9.560E-01	9.238E-01	9.451E-01	47.100	86	87	84
A0A3Q8G682_Q75_lddt	AF-Q1NAL0-F1-model_v4_Q75_lddt	9.597E-01	9.272E-01	9.378E-01	48.200	86	87	85
A0A3Q8G682_Q75_lddt	C5HUY1_Q75_lddt	9.557E-01	9.235E-01	9.448E-01	47.100	86	87	84
A0A3Q8G682_Q75_lddt	GES-41_Q75_lddt	9.556E-01	9.234E-01	9.447E-01	47.100	86	87	84
A0A3Q8G682_Q75_lddt	C6GC02_Q75_lddt	9.555E-01	9.233E-01	9.445E-01	45.900	86	87	84
A0A3Q8G682_Q75_lddt	A0A097ZLX5_Q75_lddt	9.554E-01	9.232E-01	9.444E-01	47.100	86	87	84
A0A3Q8G682_Q75_lddt	B7FDD9_Q75_lddt	9.602E-01	9.059E-01	9.488E-01	48.200	86	87	82
A0A3Q8G682_Q75_lddt	AF-A0A3G1JAD7-F1-model_v4_Q75_lddt	9.601E-01	9.058E-01	9.487E-01	48.200	86	87	82
A0A3Q8G682_Q75_lddt	AF-A0A1J0HSJ3-F1-model_v4_Q75_lddt	9.563E-01	9.025E-01	9.451E-01	47.100	86	87	82
A0A3Q8G682_Q75_lddt	PER-16_Q75_lddt	9.474E-01	9.157E-01	9.366E-01	39.000	86	87	84
A0A3Q8G682_Q75_lddt	A0A2Z2Z6H0_Q75_lddt	9.460E-01	9.144E-01	9.352E-01	43.600	86	87	84
A0A3Q8G682_Q75_lddt	AF-A0A886X7X6-F1-model_v6_Q75_lddt	9.483E-01	9.166E-01	9.269E-01	32.100	86	87	85
A0A3Q8G682_Q75_lddt	D5HSX5_Q75_lddt	9.478E-01	9.055E-01	9.369E-01	40.200	86	87	83
A0A3Q8G682_Q75_lddt	F8T7L4_Q75_lddt	9.469E-01	9.047E-01	9.360E-01	36.700	86	87	83
A0A3Q8G682_Q75_lddt	P74842_Q75_lddt	9.468E-01	9.046E-01	9.359E-01	35.600	86	87	83
A0A3Q8G682_Q75_lddt	Q5XQD3_Q75_lddt	9.467E-01	9.046E-01	9.358E-01	36.700	86	87	83
A0A3Q8G682_Q75_lddt	AF-E2D9D5-F1-model_v4_Q75_lddt	9.425E-01	9.112E-01	9.318E-01	27.500	86	87	84
A0A3Q8G682_Q75_lddt	Q9AMJ7_Q75_lddt	9.459E-01	9.038E-01	9.350E-01	31.000	86	87	83
A0A3Q8G682_Q75_lddt	A1YTM5_Q75_lddt	9.457E-01	9.036E-01	9.349E-01	31.000	86	87	83
A0A3Q8G682_Q75_lddt	Q9X6W1_Q75_lddt	9.449E-01	9.029E-01	9.340E-01	32.100	86	87	83
A0A3Q8G682_Q75_lddt	Q5W3A6_Q75_lddt	9.388E-01	9.077E-01	9.282E-01	31.000	86	87	84
A0A3Q8G682_Q75_lddt	AF-E4WMC5-F1-model_v6_Q75_lddt	9.424E-01	9.006E-01	9.316E-01	29.800	86	87	83
A0A3Q8G682_Q75_lddt	AF-A0A0D0F642-F1-model_v4_Q75_lddt	9.417E-01	9.000E-01	9.310E-01	28.700	86	87	83
A0A3Q8G682_Q75_lddt	A0A0B6VPP7_Q75_lddt	9.413E-01	8.996E-01	9.305E-01	29.800	86	87	83
A0A3Q8G682_Q75_lddt	AF-A0A8E9ZWD0-F1-model_v6_Q75_lddt	9.397E-01	9.086E-01	9.187E-01	32.100	86	87	85
A0A3Q8G682_Q75_lddt	B5L5W7_Q75_lddt	9.368E-01	9.161E-01	9.060E-01	35.600	86	87	87
A0A3Q8G682_Q75_lddt	Q8VT49_Q75_lddt	9.383E-01	8.968E-01	9.275E-01	28.700	86	87	83
A0A3Q8G682_Q75_lddt	RAA-1_Q75_lddt	9.372E-01	8.959E-01	9.265E-01	28.700	86	87	83
A0A3Q8G682_Q75_lddt	AF-A0A127SQY3-F1-model_v6_Q75_lddt	9.351E-01	8.939E-01	9.244E-01	24.100	86	87	83
A0A3Q8G682_Q75_lddt	G9MB50_Q75_lddt	9.328E-01	8.918E-01	9.222E-01	27.500	86	87	83
A0A3Q8G682_Q75_lddt	G9M9P7_Q75_lddt	9.320E-01	8.910E-01	9.214E-01	26.400	86	87	83
A0A3Q8G682_Q75_lddt	G9MB49_Q75_lddt	9.319E-01	8.910E-01	9.213E-01	27.500	86	87	83
A0A3Q8G682_Q75_lddt	Q9RAZ9_Q75_lddt	9.346E-01	8.831E-01	9.238E-01	25.200	86	87	82
A0A3Q8G682_Q75_lddt	AF-J9QX37-F1-model_v4_Q75_lddt	9.370E-01	8.750E-01	9.261E-01	25.200	86	87	81
A0A3Q8G682_Q75_lddt	Q57509_Q75_lddt	9.286E-01	8.875E-01	9.076E-01	27.200	86	88	84
A0A3Q8G682_Q75_lddt	C8C0I2_Q75_lddt	9.203E-01	8.802E-01	9.100E-01	32.100	86	87	83
A0A3Q8G682_Q75_lddt	C8C0D8_Q75_lddt	8.958E-01	8.861E-01	8.861E-01	23.500	86	89	86
A0A3Q8G682_Q75_lddt	Q9X4S7_Q75_lddt	8.956E-01	8.859E-01	8.859E-01	25.800	86	89	86
A0ZX80_Q75_lddt	A0ZX80_Q75_lddt	1.011E+00	1.000E+00	1.000E+00	100.000	89	89	89
A0ZX80_Q75_lddt	S4TWB0_Q75_lddt	1.011E+00	9.999E-01	9.999E-01	100.000	89	89	89
A0ZX80_Q75_lddt	A0ZX91_Q75_lddt	1.011E+00	9.999E-01	9.999E-01	100.000	89	89	89
A0ZX80_Q75_lddt	A0A2P9E069_Q75_lddt	1.011E+00	9.999E-01	9.999E-01	100.000	89	89	89
A0ZX80_Q75_lddt	B9U2I6_Q75_lddt	1.011E+00	9.999E-01	9.999E-01	100.000	89	89	89
A0ZX80_Q75_lddt	Q8VP57_Q75_lddt	1.011E+00	9.999E-01	9.999E-01	100.000	89	89	89
A0ZX80_Q75_lddt	E5Q900_Q75_lddt	1.011E+00	9.999E-01	9.999E-01	100.000	89	89	89
A0ZX80_Q75_lddt	D5LGB4_Q75_lddt	1.011E+00	9.999E-01	9.999E-01	100.000	89	89	89
A0ZX80_Q75_lddt	A3FFR2_Q75_lddt	1.011E+00	9.999E-01	9.999E-01	100.000	89	89	89
A0ZX80_Q75_lddt	Q0PGR7_Q75_lddt	1.011E+00	9.997E-01	9.997E-01	98.800	89	89	89
A0ZX80_Q75_lddt	H2ERK9_Q75_lddt	1.011E+00	9.996E-01	9.996E-01	100.000	89	89	89
A0ZX80_Q75_lddt	Q2MJC2_Q75_lddt	1.011E+00	9.994E-01	9.994E-01	100.000	89	89	89
A0ZX80_Q75_lddt	B0FP98_Q75_lddt	1.011E+00	9.994E-01	9.994E-01	98.800	89	89	89
A0ZX80_Q75_lddt	A0A097BQY7_Q75_lddt	1.011E+00	9.994E-01	9.994E-01	100.000	89	89	89
A0ZX80_Q75_lddt	Q939H5_Q75_lddt	1.011E+00	9.993E-01	9.993E-01	98.800	89	89	89
A0ZX80_Q75_lddt	F8SQ10_Q75_lddt	1.011E+00	9.993E-01	9.993E-01	100.000	89	89	89
A0ZX80_Q75_lddt	J7HZA4_Q75_lddt	1.011E+00	9.992E-01	9.992E-01	98.800	89	89	89
A0ZX80_Q75_lddt	Q8VP67_Q75_lddt	1.011E+00	9.992E-01	9.992E-01	100.000	89	89	89
A0ZX80_Q75_lddt	Q939H3_Q75_lddt	1.010E+00	9.990E-01	9.990E-01	92.100	89	89	89
A0ZX80_Q75_lddt	Q8KRG7_Q75_lddt	1.010E+00	9.990E-01	9.990E-01	98.800	89	89	89
A0ZX80_Q75_lddt	E5G517_Q75_lddt	1.006E+00	9.945E-01	9.945E-01	98.800	89	89	89
A0ZX80_Q75_lddt	AF-A0A867XYA1-F1-model_v4_Q75_lddt	1.008E+00	9.858E-01	9.970E-01	88.700	89	89	88
A0ZX80_Q75_lddt	AF-P18251-F1-model_v4_Q75_lddt	1.008E+00	9.851E-01	9.963E-01	95.500	89	89	88
A0ZX80_Q75_lddt	Q5I6D4_Q75_lddt	1.011E+00	9.773E-01	9.997E-01	95.400	89	87	87
A0ZX80_Q75_lddt	B8YHZ8_Q75_lddt	1.011E+00	9.773E-01	9.997E-01	94.200	89	87	87
A0ZX80_Q75_lddt	Q2YHX8_Q75_lddt	1.011E+00	9.772E-01	9.997E-01	95.400	89	87	87
A0ZX80_Q75_lddt	Q2YHX6_Q75_lddt	1.011E+00	9.772E-01	9.997E-01	95.400	89	87	87
A0ZX80_Q75_lddt	B5D620_Q75_lddt	1.011E+00	9.772E-01	9.997E-01	94.200	89	87	87
A0ZX80_Q75_lddt	B5D612_Q75_lddt	1.011E+00	9.772E-01	9.997E-01	93.100	89	87	87
A0ZX80_Q75_lddt	A0A455LP07_Q75_lddt	1.011E+00	9.771E-01	9.996E-01	93.100	89	87	87
A0ZX80_Q75_lddt	A0A0P0IGT7_Q75_lddt	1.011E+00	9.771E-01	9.996E-01	93.100	89	87	87
A0ZX80_Q75_lddt	A0A455LP13_Q75_lddt	1.011E+00	9.771E-01	9.996E-01	93.100	89	87	87
A0ZX80_Q75_lddt	E9NST5_Q75_lddt	1.011E+00	9.771E-01	9.996E-01	90.800	89	87	87
A0ZX80_Q75_lddt	A0A455LP02_Q75_lddt	1.011E+00	9.771E-01	9.995E-01	93.100	89	87	87
A0ZX80_Q75_lddt	R4ISB3_Q75_lddt	1.011E+00	9.771E-01	9.995E-01	93.100	89	87	87
A0ZX80_Q75_lddt	Q2YHZ5_Q75_lddt	1.011E+00	9.769E-01	9.994E-01	94.200	89	87	87
A0ZX80_Q75_lddt	Q2YHZ2_Q75_lddt	1.011E+00	9.769E-01	9.993E-01	94.200	89	87	87
A0ZX80_Q75_lddt	Q6ZY74_Q75_lddt	1.011E+00	9.769E-01	9.993E-01	94.200	89	87	87
A0ZX80_Q75_lddt	Q6ZY77_Q75_lddt	1.011E+00	9.769E-01	9.993E-01	93.100	89	87	87
A0ZX80_Q75_lddt	Q5PU78_Q75_lddt	1.011E+00	9.769E-01	9.993E-01	94.200	89	87	87
A0ZX80_Q75_lddt	Q2YHZ0_Q75_lddt	1.011E+00	9.769E-01	9.993E-01	94.200	89	87	87
A0ZX80_Q75_lddt	Q2YHZ3_Q75_lddt	1.011E+00	9.769E-01	9.993E-01	94.200	89	87	87
A0ZX80_Q75_lddt	Q84H48_Q75_lddt	1.011E+00	9.768E-01	9.993E-01	91.900	89	87	87
A0ZX80_Q75_lddt	Q6R5M7_Q75_lddt	1.011E+00	9.768E-01	9.992E-01	94.200	89	87	87
A0ZX80_Q75_lddt	A0A455LS80_Q75_lddt	1.011E+00	9.768E-01	9.992E-01	94.200	89	87	87
A0ZX80_Q75_lddt	Q9R429_Q75_lddt	1.011E+00	9.766E-01	9.990E-01	81.600	89	87	87
A0ZX80_Q75_lddt	Q8GHI3_Q75_lddt	1.011E+00	9.765E-01	9.990E-01	80.400	89	87	87
A0ZX80_Q75_lddt	Q6ZY58_Q75_lddt	1.010E+00	9.765E-01	9.989E-01	93.100	89	87	87
A0ZX80_Q75_lddt	Q2YHY7_Q75_lddt	1.010E+00	9.764E-01	9.988E-01	94.200	89	87	87
A0ZX80_Q75_lddt	Q84H47_Q75_lddt	1.010E+00	9.763E-01	9.988E-01	91.900	89	87	87
A0ZX80_Q75_lddt	H9AXM1_Q75_lddt	1.010E+00	9.762E-01	9.986E-01	78.100	89	87	87
A0ZX80_Q75_lddt	Q8VQV7_Q75_lddt	1.010E+00	9.761E-01	9.985E-01	91.900	89	87	87
A0ZX80_Q75_lddt	AF-Q6W7F0-F1-model_v4_Q75_lddt	1.010E+00	9.760E-01	9.984E-01	83.900	89	87	87
A0ZX80_Q75_lddt	OKP-D-1_Q75_lddt	1.008E+00	9.743E-01	9.967E-01	91.900	89	87	87
A0ZX80_Q75_lddt	OKP-C-1_Q75_lddt	1.010E+00	9.649E-01	9.985E-01	96.500	89	87	86
A0ZX80_Q75_lddt	C0LSK3_Q75_lddt	1.010E+00	9.647E-01	9.983E-01	94.100	89	86	86
A0ZX80_Q75_lddt	C8CE59_Q75_lddt	1.011E+00	9.545E-01	9.993E-01	97.700	89	87	85
A0ZX80_Q75_lddt	C8CE60_Q75_lddt	1.011E+00	9.543E-01	9.992E-01	97.700	89	87	85
A0ZX80_Q75_lddt	O33677_Q75_lddt	1.005E+00	9.596E-01	9.929E-01	79.300	89	87	86
A0ZX80_Q75_lddt	B7FDD9_Q75_lddt	1.010E+00	9.196E-01	9.979E-01	94.200	89	87	82
A0ZX80_Q75_lddt	P14171_Q75_lddt	9.920E-01	9.372E-01	9.805E-01	56.300	89	87	85
A0ZX80_Q75_lddt	Q3SAW3_Q75_lddt	9.949E-01	9.288E-01	9.832E-01	56.300	89	87	84
A0ZX80_Q75_lddt	C5HUY1_Q75_lddt	9.943E-01	9.283E-01	9.826E-01	49.400	89	87	84
A0ZX80_Q75_lddt	C6GC02_Q75_lddt	9.942E-01	9.282E-01	9.825E-01	48.200	89	87	84
A0ZX80_Q75_lddt	A0A097ZLX5_Q75_lddt	9.942E-01	9.282E-01	9.825E-01	49.400	89	87	84
A0ZX80_Q75_lddt	AF-A0A1J0HSJ3-F1-model_v4_Q75_lddt	1.002E+00	9.124E-01	9.895E-01	52.800	89	87	82
A0ZX80_Q75_lddt	AF-A0A3G1JAD7-F1-model_v4_Q75_lddt	1.001E+00	9.119E-01	9.889E-01	54.000	89	87	82
A0ZX80_Q75_lddt	GES-44_Q75_lddt	9.926E-01	9.269E-01	9.810E-01	49.400	89	87	84
A0ZX80_Q75_lddt	GES-41_Q75_lddt	9.924E-01	9.267E-01	9.808E-01	49.400	89	87	84
A0ZX80_Q75_lddt	SGM-3_Q75_lddt	9.943E-01	9.283E-01	9.713E-01	54.000	89	87	85
A0ZX80_Q75_lddt	SGM-2_Q75_lddt	9.940E-01	9.281E-01	9.710E-01	54.000	89	87	85
A0ZX80_Q75_lddt	PER-16_Q75_lddt	9.867E-01	9.217E-01	9.753E-01	41.300	89	87	84
A0ZX80_Q75_lddt	AF-E2D9D5-F1-model_v4_Q75_lddt	9.858E-01	9.209E-01	9.744E-01	31.000	89	87	84
A0ZX80_Q75_lddt	AF-A0A886X7X6-F1-model_v6_Q75_lddt	9.885E-01	9.233E-01	9.657E-01	32.100	89	87	85
A0ZX80_Q75_lddt	Q9AMJ7_Q75_lddt	9.883E-01	9.123E-01	9.767E-01	31.000	89	87	83
A0ZX80_Q75_lddt	A1YTM5_Q75_lddt	9.878E-01	9.118E-01	9.762E-01	31.000	89	87	83
A0ZX80_Q75_lddt	A0A1W5QH29_Q75_lddt	9.785E-01	9.251E-01	9.673E-01	37.900	89	87	85
A0ZX80_Q75_lddt	RAA-1_Q75_lddt	9.865E-01	9.107E-01	9.749E-01	33.300	89	87	83
A0ZX80_Q75_lddt	SGM-5_Q75_lddt	9.861E-01	9.211E-01	9.634E-01	50.500	89	87	85
A0ZX80_Q75_lddt	A0A1W5QCF3_Q75_lddt	9.775E-01	9.242E-01	9.664E-01	37.900	89	87	85
A0ZX80_Q75_lddt	D5HSX5_Q75_lddt	9.857E-01	9.100E-01	9.741E-01	41.300	89	87	83
A0ZX80_Q75_lddt	A0A2Z2Z6H0_Q75_lddt	9.814E-01	9.170E-01	9.701E-01	47.100	89	87	84
A0ZX80_Q75_lddt	AF-Q1NAL0-F1-model_v4_Q75_lddt	9.848E-01	9.200E-01	9.622E-01	54.000	89	87	85
A0ZX80_Q75_lddt	A0A3Q8G682_Q75_lddt	9.694E-01	9.272E-01	9.585E-01	54.000	89	87	86
A0ZX80_Q75_lddt	F8T7L4_Q75_lddt	9.845E-01	9.090E-01	9.730E-01	37.900	89	87	83
A0ZX80_Q75_lddt	Q5XQD3_Q75_lddt	9.844E-01	9.089E-01	9.728E-01	37.900	89	87	83
A0ZX80_Q75_lddt	P74842_Q75_lddt	9.841E-01	9.086E-01	9.725E-01	39.000	89	87	83
A0ZX80_Q75_lddt	Q8VT49_Q75_lddt	9.833E-01	9.079E-01	9.718E-01	31.000	89	87	83
A0ZX80_Q75_lddt	A0A1W5QG57_Q75_lddt	9.746E-01	9.217E-01	9.635E-01	37.900	89	87	85
A0ZX80_Q75_lddt	Q9XBM2_Q75_lddt	9.679E-01	9.258E-01	9.570E-01	42.500	89	87	86
A0ZX80_Q75_lddt	Q5W3A6_Q75_lddt	9.786E-01	9.146E-01	9.673E-01	34.400	89	87	84
A0ZX80_Q75_lddt	AF-A0A0D0F642-F1-model_v4_Q75_lddt	9.824E-01	9.072E-01	9.709E-01	32.100	89	87	83
A0ZX80_Q75_lddt	AF-E4WMC5-F1-model_v6_Q75_lddt	9.793E-01	9.044E-01	9.678E-01	35.600	89	87	83
A0ZX80_Q75_lddt	G9MB50_Q75_lddt	9.791E-01	9.043E-01	9.676E-01	31.000	89	87	83
A0ZX80_Q75_lddt	G9M9P7_Q75_lddt	9.785E-01	9.038E-01	9.671E-01	29.800	89	87	83
A0ZX80_Q75_lddt	A0A0E0SR47_Q75_lddt	9.698E-01	9.174E-01	9.589E-01	40.200	89	87	85
A0ZX80_Q75_lddt	G9MB49_Q75_lddt	9.782E-01	9.036E-01	9.668E-01	31.000	89	87	83
A0ZX80_Q75_lddt	AF-A0A8E9ZWD0-F1-model_v6_Q75_lddt	9.761E-01	9.124E-01	9.539E-01	31.000	89	87	85
A0ZX80_Q75_lddt	AF-J9QX37-F1-model_v4_Q75_lddt	9.828E-01	8.861E-01	9.711E-01	28.700	89	87	81
A0ZX80_Q75_lddt	Q9X6W1_Q75_lddt	9.721E-01	8.980E-01	9.607E-01	32.100	89	87	83
A0ZX80_Q75_lddt	Q9RAZ9_Q75_lddt	9.777E-01	8.925E-01	9.662E-01	31.000	89	87	82
A0ZX80_Q75_lddt	AF-F4NA56-F1-model_v4_Q75_lddt	9.649E-01	9.129E-01	9.540E-01	37.900	89	87	85
A0ZX80_Q75_lddt	A0A0B6VPP7_Q75_lddt	9.689E-01	8.953E-01	9.576E-01	31.000	89	87	83
A0ZX80_Q75_lddt	B5L5W7_Q75_lddt	9.685E-01	9.160E-01	9.363E-01	37.900	89	87	87
A0ZX80_Q75_lddt	AF-A0A127SQY3-F1-model_v6_Q75_lddt	9.557E-01	8.839E-01	9.447E-01	25.200	89	87	83
A0ZX80_Q75_lddt	Q57509_Q75_lddt	9.509E-01	8.791E-01	9.292E-01	28.400	89	88	84
A0ZX80_Q75_lddt	C8C0I2_Q75_lddt	9.482E-01	8.771E-01	9.373E-01	32.100	89	87	83
A0ZX80_Q75_lddt	C8C0D8_Q75_lddt	9.185E-01	8.795E-01	9.084E-01	25.800	89	89	86
A0ZX80_Q75_lddt	Q9X4S7_Q75_lddt	9.164E-01	8.776E-01	9.064E-01	28.000	89	89	86
AF-A0A867XYA1-F1-model_v4_Q75_lddt	AF-A0A867XYA1-F1-model_v4_Q75_lddt	1.011E+00	1.000E+00	1.000E+00	100.000	88	88	88
AF-A0A867XYA1-F1-model_v4_Q75_lddt	AF-P18251-F1-model_v4_Q75_lddt	1.008E+00	9.965E-01	9.965E-01	86.300	88	88	88
AF-A0A867XYA1-F1-model_v4_Q75_lddt	Q939H3_Q75_lddt	1.009E+00	9.979E-01	9.868E-01	82.000	88	89	89
AF-A0A867XYA1-F1-model_v4_Q75_lddt	Q8VP67_Q75_lddt	1.009E+00	9.975E-01	9.863E-01	88.700	88	89	89
AF-A0A867XYA1-F1-model_v4_Q75_lddt	E5Q900_Q75_lddt	1.009E+00	9.974E-01	9.862E-01	88.700	88	89	89
AF-A0A867XYA1-F1-model_v4_Q75_lddt	Q8KRG7_Q75_lddt	1.009E+00	9.974E-01	9.862E-01	88.700	88	89	89
AF-A0A867XYA1-F1-model_v4_Q75_lddt	H2ERK9_Q75_lddt	1.009E+00	9.973E-01	9.861E-01	88.700	88	89	89
AF-A0A867XYA1-F1-model_v4_Q75_lddt	B0FP98_Q75_lddt	1.009E+00	9.973E-01	9.861E-01	87.600	88	89	89
AF-A0A867XYA1-F1-model_v4_Q75_lddt	B9U2I6_Q75_lddt	1.009E+00	9.972E-01	9.861E-01	88.700	88	89	89
AF-A0A867XYA1-F1-model_v4_Q75_lddt	A0ZX91_Q75_lddt	1.009E+00	9.972E-01	9.860E-01	88.700	88	89	89
AF-A0A867XYA1-F1-model_v4_Q75_lddt	A0A097BQY7_Q75_lddt	1.009E+00	9.972E-01	9.860E-01	88.700	88	89	89
AF-A0A867XYA1-F1-model_v4_Q75_lddt	D5LGB4_Q75_lddt	1.009E+00	9.972E-01	9.860E-01	88.700	88	89	89
AF-A0A867XYA1-F1-model_v4_Q75_lddt	Q939H5_Q75_lddt	1.009E+00	9.972E-01	9.860E-01	87.600	88	89	89
AF-A0A867XYA1-F1-model_v4_Q75_lddt	A0A2P9E069_Q75_lddt	1.009E+00	9.971E-01	9.860E-01	88.700	88	89	89
AF-A0A867XYA1-F1-model_v4_Q75_lddt	Q0PGR7_Q75_lddt	1.009E+00	9.971E-01	9.859E-01	87.600	88	89	89
AF-A0A867XYA1-F1-model_v4_Q75_lddt	S4TWB0_Q75_lddt	1.008E+00	9.970E-01	9.859E-01	88.700	88	89	89
AF-A0A867XYA1-F1-model_v4_Q75_lddt	J7HZA4_Q75_lddt	1.008E+00	9.970E-01	9.858E-01	87.600	88	89	89
AF-A0A867XYA1-F1-model_v4_Q75_lddt	A0ZX80_Q75_lddt	1.008E+00	9.970E-01	9.858E-01	88.700	88	89	89
AF-A0A867XYA1-F1-model_v4_Q75_lddt	A3FFR2_Q75_lddt	1.008E+00	9.968E-01	9.856E-01	88.700	88	89	89
AF-A0A867XYA1-F1-model_v4_Q75_lddt	Q8VP57_Q75_lddt	1.008E+00	9.968E-01	9.856E-01	88.700	88	89	89
AF-A0A867XYA1-F1-model_v4_Q75_lddt	E5G517_Q75_lddt	1.008E+00	9.966E-01	9.855E-01	88.700	88	89	89
AF-A0A867XYA1-F1-model_v4_Q75_lddt	Q2MJC2_Q75_lddt	1.008E+00	9.966E-01	9.854E-01	88.700	88	89	89
AF-A0A867XYA1-F1-model_v4_Q75_lddt	F8SQ10_Q75_lddt	1.007E+00	9.953E-01	9.842E-01	88.700	88	89	89
AF-A0A867XYA1-F1-model_v4_Q75_lddt	OKP-C-1_Q75_lddt	1.009E+00	9.747E-01	9.973E-01	88.300	88	86	86
AF-A0A867XYA1-F1-model_v4_Q75_lddt	Q6ZY74_Q75_lddt	1.010E+00	9.760E-01	9.872E-01	85.000	88	87	87
AF-A0A867XYA1-F1-model_v4_Q75_lddt	B5D620_Q75_lddt	1.010E+00	9.759E-01	9.871E-01	85.000	88	87	87
AF-A0A867XYA1-F1-model_v4_Q75_lddt	B8YHZ8_Q75_lddt	1.010E+00	9.759E-01	9.871E-01	85.000	88	87	87
AF-A0A867XYA1-F1-model_v4_Q75_lddt	Q2YHZ5_Q75_lddt	1.010E+00	9.759E-01	9.871E-01	85.000	88	87	87
AF-A0A867XYA1-F1-model_v4_Q75_lddt	Q2YHZ3_Q75_lddt	1.010E+00	9.759E-01	9.871E-01	85.000	88	87	87
AF-A0A867XYA1-F1-model_v4_Q75_lddt	C8CE59_Q75_lddt	1.010E+00	9.645E-01	9.985E-01	89.500	88	86	85
AF-A0A867XYA1-F1-model_v4_Q75_lddt	Q2YHZ0_Q75_lddt	1.010E+00	9.759E-01	9.871E-01	85.000	88	87	87
AF-A0A867XYA1-F1-model_v4_Q75_lddt	A0A0P0IGT7_Q75_lddt	1.010E+00	9.759E-01	9.871E-01	83.900	88	87	87
AF-A0A867XYA1-F1-model_v4_Q75_lddt	Q6ZY77_Q75_lddt	1.010E+00	9.759E-01	9.871E-01	83.900	88	87	87
AF-A0A867XYA1-F1-model_v4_Q75_lddt	Q5I6D4_Q75_lddt	1.010E+00	9.758E-01	9.870E-01	86.200	88	87	87
AF-A0A867XYA1-F1-model_v4_Q75_lddt	Q2YHZ2_Q75_lddt	1.010E+00	9.758E-01	9.870E-01	85.000	88	87	87
AF-A0A867XYA1-F1-model_v4_Q75_lddt	Q2YHX8_Q75_lddt	1.010E+00	9.758E-01	9.870E-01	86.200	88	87	87
AF-A0A867XYA1-F1-model_v4_Q75_lddt	Q2YHX6_Q75_lddt	1.010E+00	9.758E-01	9.870E-01	86.200	88	87	87
AF-A0A867XYA1-F1-model_v4_Q75_lddt	Q6R5M7_Q75_lddt	1.010E+00	9.758E-01	9.870E-01	85.000	88	87	87
AF-A0A867XYA1-F1-model_v4_Q75_lddt	E9NST5_Q75_lddt	1.010E+00	9.758E-01	9.870E-01	82.700	88	87	87
AF-A0A867XYA1-F1-model_v4_Q75_lddt	B5D612_Q75_lddt	1.010E+00	9.757E-01	9.869E-01	83.900	88	87	87
AF-A0A867XYA1-F1-model_v4_Q75_lddt	C8CE60_Q75_lddt	1.010E+00	9.643E-01	9.983E-01	89.500	88	86	85
AF-A0A867XYA1-F1-model_v4_Q75_lddt	Q5PU78_Q75_lddt	1.010E+00	9.756E-01	9.868E-01	85.000	88	87	87
AF-A0A867XYA1-F1-model_v4_Q75_lddt	A0A455LP07_Q75_lddt	1.010E+00	9.756E-01	9.868E-01	82.700	88	87	87
AF-A0A867XYA1-F1-model_v4_Q75_lddt	A0A455LP02_Q75_lddt	1.010E+00	9.756E-01	9.868E-01	82.700	88	87	87
AF-A0A867XYA1-F1-model_v4_Q75_lddt	R4ISB3_Q75_lddt	1.010E+00	9.755E-01	9.867E-01	82.700	88	87	87
AF-A0A867XYA1-F1-model_v4_Q75_lddt	A0A455LP13_Q75_lddt	1.010E+00	9.755E-01	9.867E-01	82.700	88	87	87
AF-A0A867XYA1-F1-model_v4_Q75_lddt	A0A455LS80_Q75_lddt	1.010E+00	9.755E-01	9.867E-01	83.900	88	87	87
AF-A0A867XYA1-F1-model_v4_Q75_lddt	Q84H48_Q75_lddt	1.010E+00	9.754E-01	9.866E-01	82.700	88	87	87
AF-A0A867XYA1-F1-model_v4_Q75_lddt	Q6ZY58_Q75_lddt	1.010E+00	9.754E-01	9.866E-01	83.900	88	87	87
AF-A0A867XYA1-F1-model_v4_Q75_lddt	Q84H47_Q75_lddt	1.010E+00	9.754E-01	9.866E-01	82.700	88	87	87
AF-A0A867XYA1-F1-model_v4_Q75_lddt	Q2YHY7_Q75_lddt	1.010E+00	9.752E-01	9.864E-01	85.000	88	87	87
AF-A0A867XYA1-F1-model_v4_Q75_lddt	Q8VQV7_Q75_lddt	1.009E+00	9.751E-01	9.863E-01	82.700	88	87	87
AF-A0A867XYA1-F1-model_v4_Q75_lddt	AF-Q6W7F0-F1-model_v4_Q75_lddt	1.009E+00	9.747E-01	9.859E-01	74.700	88	87	87
AF-A0A867XYA1-F1-model_v4_Q75_lddt	Q9R429_Q75_lddt	1.009E+00	9.745E-01	9.856E-01	71.200	88	87	87
AF-A0A867XYA1-F1-model_v4_Q75_lddt	Q8GHI3_Q75_lddt	1.009E+00	9.745E-01	9.856E-01	70.100	88	87	87
AF-A0A867XYA1-F1-model_v4_Q75_lddt	H9AXM1_Q75_lddt	1.009E+00	9.744E-01	9.856E-01	68.900	88	87	87
AF-A0A867XYA1-F1-model_v4_Q75_lddt	OKP-D-1_Q75_lddt	1.008E+00	9.733E-01	9.845E-01	82.700	88	87	87
AF-A0A867XYA1-F1-model_v4_Q75_lddt	C0LSK3_Q75_lddt	1.009E+00	9.636E-01	9.860E-01	84.800	88	86	86
AF-A0A867XYA1-F1-model_v4_Q75_lddt	O33677_Q75_lddt	9.912E-01	9.576E-01	9.797E-01	68.900	88	87	86
AF-A0A867XYA1-F1-model_v4_Q75_lddt	B7FDD9_Q75_lddt	1.010E+00	9.298E-01	9.976E-01	86.000	88	86	82
AF-A0A867XYA1-F1-model_v4_Q75_lddt	P14171_Q75_lddt	9.922E-01	9.479E-01	9.808E-01	47.600	88	86	85
AF-A0A867XYA1-F1-model_v4_Q75_lddt	Q3SAW3_Q75_lddt	9.939E-01	9.384E-01	9.823E-01	48.800	88	86	84
AF-A0A867XYA1-F1-model_v4_Q75_lddt	C6GC02_Q75_lddt	9.935E-01	9.380E-01	9.819E-01	43.000	88	86	84
AF-A0A867XYA1-F1-model_v4_Q75_lddt	C5HUY1_Q75_lddt	9.935E-01	9.380E-01	9.819E-01	44.100	88	86	84
AF-A0A867XYA1-F1-model_v4_Q75_lddt	A0A097ZLX5_Q75_lddt	9.934E-01	9.380E-01	9.818E-01	44.100	88	86	84
AF-A0A867XYA1-F1-model_v4_Q75_lddt	AF-A0A1J0HSJ3-F1-model_v4_Q75_lddt	1.002E+00	9.227E-01	9.895E-01	45.300	88	86	82
AF-A0A867XYA1-F1-model_v4_Q75_lddt	AF-A0A3G1JAD7-F1-model_v4_Q75_lddt	1.000E+00	9.216E-01	9.882E-01	46.500	88	86	82
AF-A0A867XYA1-F1-model_v4_Q75_lddt	GES-41_Q75_lddt	9.917E-01	9.364E-01	9.802E-01	44.100	88	86	84
AF-A0A867XYA1-F1-model_v4_Q75_lddt	GES-44_Q75_lddt	9.917E-01	9.364E-01	9.801E-01	44.100	88	86	84
AF-A0A867XYA1-F1-model_v4_Q75_lddt	SGM-3_Q75_lddt	9.946E-01	9.390E-01	9.716E-01	47.600	88	86	85
AF-A0A867XYA1-F1-model_v4_Q75_lddt	SGM-2_Q75_lddt	9.943E-01	9.387E-01	9.713E-01	47.600	88	86	85
AF-A0A867XYA1-F1-model_v4_Q75_lddt	PER-16_Q75_lddt	9.834E-01	9.290E-01	9.720E-01	36.000	88	86	84
AF-A0A867XYA1-F1-model_v4_Q75_lddt	SGM-5_Q75_lddt	9.867E-01	9.319E-01	9.640E-01	45.300	88	86	85
AF-A0A867XYA1-F1-model_v4_Q75_lddt	AF-E2D9D5-F1-model_v4_Q75_lddt	9.825E-01	9.282E-01	9.711E-01	27.900	88	86	84
AF-A0A867XYA1-F1-model_v4_Q75_lddt	AF-A0A886X7X6-F1-model_v6_Q75_lddt	9.854E-01	9.308E-01	9.628E-01	26.700	88	86	85
AF-A0A867XYA1-F1-model_v4_Q75_lddt	AF-Q1NAL0-F1-model_v4_Q75_lddt	9.848E-01	9.302E-01	9.622E-01	47.600	88	86	85
AF-A0A867XYA1-F1-model_v4_Q75_lddt	Q9AMJ7_Q75_lddt	9.849E-01	9.194E-01	9.733E-01	25.500	88	86	83
AF-A0A867XYA1-F1-model_v4_Q75_lddt	A1YTM5_Q75_lddt	9.843E-01	9.189E-01	9.728E-01	25.500	88	86	83
AF-A0A867XYA1-F1-model_v4_Q75_lddt	A0A2Z2Z6H0_Q75_lddt	9.796E-01	9.256E-01	9.683E-01	41.800	88	86	84
AF-A0A867XYA1-F1-model_v4_Q75_lddt	D5HSX5_Q75_lddt	9.829E-01	9.176E-01	9.714E-01	34.800	88	86	83
AF-A0A867XYA1-F1-model_v4_Q75_lddt	F8T7L4_Q75_lddt	9.818E-01	9.167E-01	9.703E-01	33.700	88	86	83
AF-A0A867XYA1-F1-model_v4_Q75_lddt	Q5XQD3_Q75_lddt	9.817E-01	9.166E-01	9.702E-01	33.700	88	86	83
AF-A0A867XYA1-F1-model_v4_Q75_lddt	RAA-1_Q75_lddt	9.816E-01	9.166E-01	9.702E-01	29.000	88	86	83
AF-A0A867XYA1-F1-model_v4_Q75_lddt	P74842_Q75_lddt	9.813E-01	9.162E-01	9.698E-01	33.700	88	86	83
AF-A0A867XYA1-F1-model_v4_Q75_lddt	A0A1W5QH29_Q75_lddt	9.686E-01	9.258E-01	9.575E-01	32.100	88	87	85
AF-A0A867XYA1-F1-model_v4_Q75_lddt	A0A1W5QCF3_Q75_lddt	9.678E-01	9.251E-01	9.568E-01	32.100	88	87	85
AF-A0A867XYA1-F1-model_v4_Q75_lddt	Q8VT49_Q75_lddt	9.794E-01	9.146E-01	9.680E-01	27.900	88	86	83
AF-A0A867XYA1-F1-model_v4_Q75_lddt	Q5W3A6_Q75_lddt	9.750E-01	9.215E-01	9.639E-01	31.300	88	86	84
AF-A0A867XYA1-F1-model_v4_Q75_lddt	AF-A0A0D0F642-F1-model_v4_Q75_lddt	9.789E-01	9.141E-01	9.674E-01	29.000	88	86	83
AF-A0A867XYA1-F1-model_v4_Q75_lddt	AF-E4WMC5-F1-model_v6_Q75_lddt	9.766E-01	9.121E-01	9.652E-01	32.500	88	86	83
AF-A0A867XYA1-F1-model_v4_Q75_lddt	A0A1W5QG57_Q75_lddt	9.652E-01	9.227E-01	9.542E-01	32.100	88	87	85
AF-A0A867XYA1-F1-model_v4_Q75_lddt	A0A3Q8G682_Q75_lddt	9.577E-01	9.260E-01	9.469E-01	47.100	88	87	86
AF-A0A867XYA1-F1-model_v4_Q75_lddt	G9MB50_Q75_lddt	9.754E-01	9.111E-01	9.640E-01	26.700	88	86	83
AF-A0A867XYA1-F1-model_v4_Q75_lddt	G9M9P7_Q75_lddt	9.747E-01	9.105E-01	9.634E-01	26.700	88	86	83
AF-A0A867XYA1-F1-model_v4_Q75_lddt	G9MB49_Q75_lddt	9.745E-01	9.103E-01	9.632E-01	26.700	88	86	83
AF-A0A867XYA1-F1-model_v4_Q75_lddt	Q9XBM2_Q75_lddt	9.549E-01	9.235E-01	9.442E-01	36.700	88	87	86
AF-A0A867XYA1-F1-model_v4_Q75_lddt	AF-A0A8E9ZWD0-F1-model_v6_Q75_lddt	9.726E-01	9.194E-01	9.506E-01	27.900	88	86	85
AF-A0A867XYA1-F1-model_v4_Q75_lddt	AF-J9QX37-F1-model_v4_Q75_lddt	9.807E-01	8.941E-01	9.690E-01	25.500	88	86	81
AF-A0A867XYA1-F1-model_v4_Q75_lddt	B5L5W7_Q75_lddt	9.687E-01	9.262E-01	9.365E-01	33.700	88	86	87
AF-A0A867XYA1-F1-model_v4_Q75_lddt	Q9X6W1_Q75_lddt	9.685E-01	9.048E-01	9.573E-01	27.900	88	86	83
AF-A0A867XYA1-F1-model_v4_Q75_lddt	Q9RAZ9_Q75_lddt	9.742E-01	8.994E-01	9.628E-01	27.900	88	86	82
AF-A0A867XYA1-F1-model_v4_Q75_lddt	A0A0E0SR47_Q75_lddt	9.576E-01	9.157E-01	9.468E-01	35.600	88	87	85
AF-A0A867XYA1-F1-model_v4_Q75_lddt	A0A0B6VPP7_Q75_lddt	9.651E-01	9.018E-01	9.539E-01	26.700	88	86	83
AF-A0A867XYA1-F1-model_v4_Q75_lddt	AF-F4NA56-F1-model_v4_Q75_lddt	9.530E-01	9.116E-01	9.423E-01	32.100	88	87	85
AF-A0A867XYA1-F1-model_v4_Q75_lddt	AF-A0A127SQY3-F1-model_v6_Q75_lddt	9.519E-01	8.901E-01	9.410E-01	23.200	88	86	83
AF-A0A867XYA1-F1-model_v4_Q75_lddt	Q57509_Q75_lddt	9.474E-01	8.856E-01	9.259E-01	24.100	88	87	84
AF-A0A867XYA1-F1-model_v4_Q75_lddt	C8C0I2_Q75_lddt	9.437E-01	8.826E-01	9.329E-01	27.900	88	86	83
AF-A0A867XYA1-F1-model_v4_Q75_lddt	C8C0D8_Q75_lddt	9.154E-01	8.860E-01	9.053E-01	20.400	88	88	86
AF-A0A867XYA1-F1-model_v4_Q75_lddt	Q9X4S7_Q75_lddt	9.126E-01	8.834E-01	9.026E-01	22.700	88	88	86
AF-F4NA56-F1-model_v4_Q75_lddt	AF-F4NA56-F1-model_v4_Q75_lddt	1.012E+00	1.000E+00	1.000E+00	100.000	85	85	85
AF-F4NA56-F1-model_v4_Q75_lddt	A0A0E0SR47_Q75_lddt	1.009E+00	9.968E-01	9.968E-01	76.400	85	85	85
AF-F4NA56-F1-model_v4_Q75_lddt	A0A1W5QCF3_Q75_lddt	9.960E-01	9.844E-01	9.844E-01	65.800	85	85	85
AF-F4NA56-F1-model_v4_Q75_lddt	A0A1W5QH29_Q75_lddt	9.957E-01	9.842E-01	9.842E-01	65.800	85	85	85
AF-F4NA56-F1-model_v4_Q75_lddt	A0A1W5QG57_Q75_lddt	9.938E-01	9.823E-01	9.823E-01	64.700	85	85	85
AF-F4NA56-F1-model_v4_Q75_lddt	Q9XBM2_Q75_lddt	9.768E-01	9.657E-01	9.548E-01	48.800	85	86	86
AF-F4NA56-F1-model_v4_Q75_lddt	A0A3Q8G682_Q75_lddt	9.702E-01	9.593E-01	9.485E-01	45.300	85	86	86
AF-F4NA56-F1-model_v4_Q75_lddt	OKP-D-1_Q75_lddt	9.661E-01	9.552E-01	9.342E-01	36.700	85	87	87
AF-F4NA56-F1-model_v4_Q75_lddt	Q8GHI3_Q75_lddt	9.659E-01	9.550E-01	9.339E-01	37.900	85	87	87
AF-F4NA56-F1-model_v4_Q75_lddt	H9AXM1_Q75_lddt	9.657E-01	9.549E-01	9.338E-01	36.700	85	87	87
AF-F4NA56-F1-model_v4_Q75_lddt	Q84H48_Q75_lddt	9.658E-01	9.549E-01	9.339E-01	37.900	85	87	87
AF-F4NA56-F1-model_v4_Q75_lddt	Q9R429_Q75_lddt	9.657E-01	9.548E-01	9.338E-01	39.000	85	87	87
AF-F4NA56-F1-model_v4_Q75_lddt	Q8VQV7_Q75_lddt	9.647E-01	9.539E-01	9.329E-01	37.900	85	87	87
AF-F4NA56-F1-model_v4_Q75_lddt	AF-Q6W7F0-F1-model_v4_Q75_lddt	9.645E-01	9.536E-01	9.327E-01	39.000	85	87	87
AF-F4NA56-F1-model_v4_Q75_lddt	Q84H47_Q75_lddt	9.644E-01	9.536E-01	9.326E-01	37.900	85	87	87
AF-F4NA56-F1-model_v4_Q75_lddt	Q3SAW3_Q75_lddt	9.543E-01	9.326E-01	9.433E-01	34.400	85	87	84
AF-F4NA56-F1-model_v4_Q75_lddt	A0A0P0IGT7_Q75_lddt	9.643E-01	9.535E-01	9.325E-01	37.900	85	87	87
AF-F4NA56-F1-model_v4_Q75_lddt	B8YHZ8_Q75_lddt	9.641E-01	9.533E-01	9.323E-01	37.900	85	87	87
AF-F4NA56-F1-model_v4_Q75_lddt	B5D612_Q75_lddt	9.641E-01	9.533E-01	9.323E-01	37.900	85	87	87
AF-F4NA56-F1-model_v4_Q75_lddt	E9NST5_Q75_lddt	9.641E-01	9.533E-01	9.323E-01	36.700	85	87	87
AF-F4NA56-F1-model_v4_Q75_lddt	R4ISB3_Q75_lddt	9.640E-01	9.531E-01	9.322E-01	37.900	85	87	87
AF-F4NA56-F1-model_v4_Q75_lddt	A0A455LP02_Q75_lddt	9.639E-01	9.531E-01	9.321E-01	37.900	85	87	87
AF-F4NA56-F1-model_v4_Q75_lddt	A0A455LP07_Q75_lddt	9.637E-01	9.529E-01	9.319E-01	37.900	85	87	87
AF-F4NA56-F1-model_v4_Q75_lddt	A0A455LP13_Q75_lddt	9.635E-01	9.527E-01	9.317E-01	37.900	85	87	87
AF-F4NA56-F1-model_v4_Q75_lddt	B5D620_Q75_lddt	9.631E-01	9.523E-01	9.313E-01	37.900	85	87	87
AF-F4NA56-F1-model_v4_Q75_lddt	Q5I6D4_Q75_lddt	9.629E-01	9.520E-01	9.311E-01	37.900	85	87	87
AF-F4NA56-F1-model_v4_Q75_lddt	Q2YHX6_Q75_lddt	9.628E-01	9.520E-01	9.311E-01	37.900	85	87	87
AF-F4NA56-F1-model_v4_Q75_lddt	Q2YHX8_Q75_lddt	9.627E-01	9.519E-01	9.310E-01	37.900	85	87	87
AF-F4NA56-F1-model_v4_Q75_lddt	Q2YHY7_Q75_lddt	9.625E-01	9.517E-01	9.308E-01	37.900	85	87	87
AF-F4NA56-F1-model_v4_Q75_lddt	Q6ZY77_Q75_lddt	9.622E-01	9.514E-01	9.305E-01	36.700	85	87	87
AF-F4NA56-F1-model_v4_Q75_lddt	Q2YHZ3_Q75_lddt	9.620E-01	9.512E-01	9.303E-01	37.900	85	87	87
AF-F4NA56-F1-model_v4_Q75_lddt	Q2YHZ0_Q75_lddt	9.618E-01	9.510E-01	9.302E-01	37.900	85	87	87
AF-F4NA56-F1-model_v4_Q75_lddt	Q2YHZ5_Q75_lddt	9.618E-01	9.510E-01	9.301E-01	37.900	85	87	87
AF-F4NA56-F1-model_v4_Q75_lddt	Q6ZY74_Q75_lddt	9.615E-01	9.507E-01	9.299E-01	37.900	85	87	87
AF-F4NA56-F1-model_v4_Q75_lddt	Q2YHZ2_Q75_lddt	9.615E-01	9.507E-01	9.298E-01	37.900	85	87	87
AF-F4NA56-F1-model_v4_Q75_lddt	A0A455LS80_Q75_lddt	9.614E-01	9.506E-01	9.297E-01	37.900	85	87	87
AF-F4NA56-F1-model_v4_Q75_lddt	Q5PU78_Q75_lddt	9.612E-01	9.504E-01	9.296E-01	39.000	85	87	87
AF-F4NA56-F1-model_v4_Q75_lddt	Q6ZY58_Q75_lddt	9.608E-01	9.500E-01	9.291E-01	39.000	85	87	87
AF-F4NA56-F1-model_v4_Q75_lddt	GES-44_Q75_lddt	9.511E-01	9.295E-01	9.402E-01	33.300	85	87	84
AF-F4NA56-F1-model_v4_Q75_lddt	OKP-C-1_Q75_lddt	9.539E-01	9.432E-01	9.327E-01	35.600	85	87	86
AF-F4NA56-F1-model_v4_Q75_lddt	Q6R5M7_Q75_lddt	9.605E-01	9.497E-01	9.289E-01	39.000	85	87	87
AF-F4NA56-F1-model_v4_Q75_lddt	C0LSK3_Q75_lddt	9.643E-01	9.426E-01	9.321E-01	37.200	85	86	86
AF-F4NA56-F1-model_v4_Q75_lddt	GES-41_Q75_lddt	9.499E-01	9.283E-01	9.390E-01	33.300	85	87	84
AF-F4NA56-F1-model_v4_Q75_lddt	O33677_Q75_lddt	9.522E-01	9.415E-01	9.310E-01	37.900	85	87	86
AF-F4NA56-F1-model_v4_Q75_lddt	A3FFR2_Q75_lddt	9.658E-01	9.550E-01	9.138E-01	37.900	85	87	89
AF-F4NA56-F1-model_v4_Q75_lddt	B9U2I6_Q75_lddt	9.652E-01	9.543E-01	9.132E-01	37.900	85	87	89
AF-F4NA56-F1-model_v4_Q75_lddt	A0A2P9E069_Q75_lddt	9.652E-01	9.543E-01	9.132E-01	37.900	85	87	89
AF-F4NA56-F1-model_v4_Q75_lddt	Q8VP57_Q75_lddt	9.651E-01	9.542E-01	9.131E-01	37.900	85	87	89
AF-F4NA56-F1-model_v4_Q75_lddt	S4TWB0_Q75_lddt	9.651E-01	9.542E-01	9.131E-01	37.900	85	87	89
AF-F4NA56-F1-model_v4_Q75_lddt	D5LGB4_Q75_lddt	9.651E-01	9.542E-01	9.131E-01	37.900	85	87	89
AF-F4NA56-F1-model_v4_Q75_lddt	A0ZX91_Q75_lddt	9.651E-01	9.542E-01	9.131E-01	37.900	85	87	89
AF-F4NA56-F1-model_v4_Q75_lddt	E5Q900_Q75_lddt	9.650E-01	9.541E-01	9.130E-01	37.900	85	87	89
AF-F4NA56-F1-model_v4_Q75_lddt	A0ZX80_Q75_lddt	9.649E-01	9.540E-01	9.129E-01	37.900	85	87	89
AF-F4NA56-F1-model_v4_Q75_lddt	Q939H5_Q75_lddt	9.643E-01	9.535E-01	9.124E-01	37.900	85	87	89
AF-F4NA56-F1-model_v4_Q75_lddt	Q939H3_Q75_lddt	9.644E-01	9.536E-01	9.125E-01	37.900	85	87	89
AF-F4NA56-F1-model_v4_Q75_lddt	Q0PGR7_Q75_lddt	9.644E-01	9.535E-01	9.125E-01	37.900	85	87	89
AF-F4NA56-F1-model_v4_Q75_lddt	F8SQ10_Q75_lddt	9.639E-01	9.531E-01	9.121E-01	37.900	85	87	89
AF-F4NA56-F1-model_v4_Q75_lddt	A0A2Z2Z6H0_Q75_lddt	9.472E-01	9.257E-01	9.363E-01	35.600	85	87	84
AF-F4NA56-F1-model_v4_Q75_lddt	AF-Q1NAL0-F1-model_v4_Q75_lddt	9.507E-01	9.292E-01	9.292E-01	34.400	85	87	85
AF-F4NA56-F1-model_v4_Q75_lddt	A0A097BQY7_Q75_lddt	9.636E-01	9.528E-01	9.118E-01	37.900	85	87	89
AF-F4NA56-F1-model_v4_Q75_lddt	SGM-5_Q75_lddt	9.508E-01	9.292E-01	9.292E-01	34.400	85	87	85
AF-F4NA56-F1-model_v4_Q75_lddt	Q2MJC2_Q75_lddt	9.634E-01	9.526E-01	9.116E-01	37.900	85	87	89
AF-F4NA56-F1-model_v4_Q75_lddt	B0FP98_Q75_lddt	9.632E-01	9.524E-01	9.114E-01	36.700	85	87	89
AF-F4NA56-F1-model_v4_Q75_lddt	H2ERK9_Q75_lddt	9.632E-01	9.524E-01	9.114E-01	37.900	85	87	89
AF-F4NA56-F1-model_v4_Q75_lddt	A0A097ZLX5_Q75_lddt	9.464E-01	9.250E-01	9.356E-01	33.300	85	87	84
AF-F4NA56-F1-model_v4_Q75_lddt	C5HUY1_Q75_lddt	9.464E-01	9.250E-01	9.356E-01	33.300	85	87	84
AF-F4NA56-F1-model_v4_Q75_lddt	C6GC02_Q75_lddt	9.463E-01	9.250E-01	9.355E-01	32.100	85	87	84
AF-F4NA56-F1-model_v4_Q75_lddt	PER-16_Q75_lddt	9.453E-01	9.239E-01	9.345E-01	26.400	85	87	84
AF-F4NA56-F1-model_v4_Q75_lddt	Q8KRG7_Q75_lddt	9.617E-01	9.509E-01	9.101E-01	37.900	85	87	89
AF-F4NA56-F1-model_v4_Q75_lddt	Q8VP67_Q75_lddt	9.614E-01	9.506E-01	9.097E-01	37.900	85	87	89
AF-F4NA56-F1-model_v4_Q75_lddt	J7HZA4_Q75_lddt	9.612E-01	9.504E-01	9.096E-01	36.700	85	87	89
AF-F4NA56-F1-model_v4_Q75_lddt	C8CE59_Q75_lddt	9.403E-01	9.297E-01	9.297E-01	36.700	85	87	85
AF-F4NA56-F1-model_v4_Q75_lddt	C8CE60_Q75_lddt	9.398E-01	9.293E-01	9.293E-01	36.700	85	87	85
AF-F4NA56-F1-model_v4_Q75_lddt	D5HSX5_Q75_lddt	9.477E-01	9.155E-01	9.367E-01	29.800	85	87	83
AF-F4NA56-F1-model_v4_Q75_lddt	Q5XQD3_Q75_lddt	9.476E-01	9.154E-01	9.366E-01	25.200	85	87	83
AF-F4NA56-F1-model_v4_Q75_lddt	F8T7L4_Q75_lddt	9.476E-01	9.154E-01	9.366E-01	25.200	85	87	83
AF-F4NA56-F1-model_v4_Q75_lddt	P74842_Q75_lddt	9.471E-01	9.150E-01	9.362E-01	26.400	85	87	83
AF-F4NA56-F1-model_v4_Q75_lddt	AF-P18251-F1-model_v4_Q75_lddt	9.533E-01	9.426E-01	9.118E-01	35.600	85	87	88
AF-F4NA56-F1-model_v4_Q75_lddt	SGM-2_Q75_lddt	9.471E-01	9.257E-01	9.257E-01	32.100	85	87	85
AF-F4NA56-F1-model_v4_Q75_lddt	AF-A0A867XYA1-F1-model_v4_Q75_lddt	9.530E-01	9.423E-01	9.116E-01	32.100	85	87	88
AF-F4NA56-F1-model_v4_Q75_lddt	E5G517_Q75_lddt	9.576E-01	9.469E-01	9.063E-01	36.700	85	87	89
AF-F4NA56-F1-model_v4_Q75_lddt	SGM-3_Q75_lddt	9.454E-01	9.240E-01	9.240E-01	32.100	85	87	85
AF-F4NA56-F1-model_v4_Q75_lddt	AF-A0A3G1JAD7-F1-model_v4_Q75_lddt	9.471E-01	9.042E-01	9.360E-01	37.900	85	87	82
AF-F4NA56-F1-model_v4_Q75_lddt	P14171_Q75_lddt	9.344E-01	9.240E-01	9.240E-01	35.600	85	87	85
AF-F4NA56-F1-model_v4_Q75_lddt	AF-A0A1J0HSJ3-F1-model_v4_Q75_lddt	9.453E-01	9.026E-01	9.343E-01	36.700	85	87	82
AF-F4NA56-F1-model_v4_Q75_lddt	B7FDD9_Q75_lddt	9.439E-01	9.013E-01	9.329E-01	33.300	85	87	82
AF-F4NA56-F1-model_v4_Q75_lddt	AF-E4WMC5-F1-model_v6_Q75_lddt	9.397E-01	9.080E-01	9.289E-01	29.800	85	87	83
AF-F4NA56-F1-model_v4_Q75_lddt	AF-A0A8E9ZWD0-F1-model_v6_Q75_lddt	9.368E-01	9.158E-01	9.158E-01	32.100	85	87	85
AF-F4NA56-F1-model_v4_Q75_lddt	AF-E2D9D5-F1-model_v4_Q75_lddt	9.319E-01	9.111E-01	9.214E-01	29.800	85	87	84
AF-F4NA56-F1-model_v4_Q75_lddt	Q9X6W1_Q75_lddt	9.351E-01	9.038E-01	9.244E-01	31.000	85	87	83
AF-F4NA56-F1-model_v4_Q75_lddt	Q5W3A6_Q75_lddt	9.314E-01	9.106E-01	9.209E-01	36.700	85	87	84
AF-F4NA56-F1-model_v4_Q75_lddt	Q9AMJ7_Q75_lddt	9.349E-01	9.036E-01	9.242E-01	28.700	85	87	83
AF-F4NA56-F1-model_v4_Q75_lddt	A1YTM5_Q75_lddt	9.345E-01	9.032E-01	9.238E-01	28.700	85	87	83
AF-F4NA56-F1-model_v4_Q75_lddt	AF-A0A886X7X6-F1-model_v6_Q75_lddt	9.317E-01	9.110E-01	9.110E-01	33.300	85	87	85
AF-F4NA56-F1-model_v4_Q75_lddt	RAA-1_Q75_lddt	9.311E-01	9.000E-01	9.205E-01	29.800	85	87	83
AF-F4NA56-F1-model_v4_Q75_lddt	A0A0B6VPP7_Q75_lddt	9.306E-01	8.996E-01	9.200E-01	32.100	85	87	83
AF-F4NA56-F1-model_v4_Q75_lddt	AF-J9QX37-F1-model_v4_Q75_lddt	9.383E-01	8.856E-01	9.273E-01	25.200	85	87	81
AF-F4NA56-F1-model_v4_Q75_lddt	AF-A0A0D0F642-F1-model_v4_Q75_lddt	9.303E-01	8.992E-01	9.197E-01	32.100	85	87	83
AF-F4NA56-F1-model_v4_Q75_lddt	AF-A0A127SQY3-F1-model_v6_Q75_lddt	9.209E-01	8.903E-01	9.104E-01	29.800	85	87	83
AF-F4NA56-F1-model_v4_Q75_lddt	Q8VT49_Q75_lddt	9.213E-01	8.908E-01	9.109E-01	31.000	85	87	83
AF-F4NA56-F1-model_v4_Q75_lddt	B5L5W7_Q75_lddt	9.163E-01	9.062E-01	8.866E-01	32.100	85	87	87
AF-F4NA56-F1-model_v4_Q75_lddt	Q9RAZ9_Q75_lddt	9.223E-01	8.815E-01	9.117E-01	28.700	85	87	82
AF-F4NA56-F1-model_v4_Q75_lddt	C8C0I2_Q75_lddt	9.117E-01	8.816E-01	9.015E-01	34.400	85	87	83
AF-F4NA56-F1-model_v4_Q75_lddt	G9MB50_Q75_lddt	9.135E-01	8.835E-01	9.033E-01	27.500	85	87	83
AF-F4NA56-F1-model_v4_Q75_lddt	Q57509_Q75_lddt	9.127E-01	8.824E-01	8.923E-01	26.100	85	88	84
AF-F4NA56-F1-model_v4_Q75_lddt	G9MB49_Q75_lddt	9.117E-01	8.818E-01	9.015E-01	28.700	85	87	83
AF-F4NA56-F1-model_v4_Q75_lddt	G9M9P7_Q75_lddt	9.116E-01	8.817E-01	9.014E-01	29.800	85	87	83
AF-F4NA56-F1-model_v4_Q75_lddt	C8C0D8_Q75_lddt	8.885E-01	8.789E-01	8.694E-01	28.000	85	89	86
AF-F4NA56-F1-model_v4_Q75_lddt	Q9X4S7_Q75_lddt	8.879E-01	8.783E-01	8.689E-01	28.000	85	89	86
A0A455LP13_Q75_lddt	A0A455LP13_Q75_lddt	1.012E+00	1.000E+00	1.000E+00	100.000	87	87	87
A0A455LP13_Q75_lddt	A0A455LP07_Q75_lddt	1.012E+00	1.000E+00	1.000E+00	100.000	87	87	87
A0A455LP13_Q75_lddt	R4ISB3_Q75_lddt	1.012E+00	1.000E+00	1.000E+00	100.000	87	87	87
A0A455LP13_Q75_lddt	A0A455LP02_Q75_lddt	1.012E+00	1.000E+00	1.000E+00	100.000	87	87	87
A0A455LP13_Q75_lddt	E9NST5_Q75_lddt	1.011E+00	9.999E-01	9.999E-01	96.500	87	87	87
A0A455LP13_Q75_lddt	B5D612_Q75_lddt	1.011E+00	9.998E-01	9.998E-01	96.500	87	87	87
A0A455LP13_Q75_lddt	A0A0P0IGT7_Q75_lddt	1.011E+00	9.997E-01	9.997E-01	96.500	87	87	87
A0A455LP13_Q75_lddt	Q84H48_Q75_lddt	1.011E+00	9.996E-01	9.996E-01	97.700	87	87	87
A0A455LP13_Q75_lddt	B8YHZ8_Q75_lddt	1.011E+00	9.996E-01	9.996E-01	94.200	87	87	87
A0A455LP13_Q75_lddt	A0A455LS80_Q75_lddt	1.011E+00	9.996E-01	9.996E-01	98.800	87	87	87
A0A455LP13_Q75_lddt	Q2YHX8_Q75_lddt	1.011E+00	9.995E-01	9.995E-01	95.400	87	87	87
A0A455LP13_Q75_lddt	Q5I6D4_Q75_lddt	1.011E+00	9.995E-01	9.995E-01	95.400	87	87	87
A0A455LP13_Q75_lddt	Q2YHX6_Q75_lddt	1.011E+00	9.995E-01	9.995E-01	95.400	87	87	87
A0A455LP13_Q75_lddt	B5D620_Q75_lddt	1.011E+00	9.995E-01	9.995E-01	94.200	87	87	87
A0A455LP13_Q75_lddt	Q2YHZ5_Q75_lddt	1.011E+00	9.993E-01	9.993E-01	94.200	87	87	87
A0A455LP13_Q75_lddt	Q84H47_Q75_lddt	1.011E+00	9.992E-01	9.992E-01	97.700	87	87	87
A0A455LP13_Q75_lddt	Q5PU78_Q75_lddt	1.011E+00	9.992E-01	9.992E-01	94.200	87	87	87
A0A455LP13_Q75_lddt	Q6ZY77_Q75_lddt	1.011E+00	9.992E-01	9.992E-01	93.100	87	87	87
A0A455LP13_Q75_lddt	Q2YHZ0_Q75_lddt	1.011E+00	9.991E-01	9.991E-01	94.200	87	87	87
A0A455LP13_Q75_lddt	Q2YHZ3_Q75_lddt	1.011E+00	9.991E-01	9.991E-01	94.200	87	87	87
A0A455LP13_Q75_lddt	Q2YHZ2_Q75_lddt	1.011E+00	9.991E-01	9.991E-01	94.200	87	87	87
A0A455LP13_Q75_lddt	Q6ZY74_Q75_lddt	1.011E+00	9.991E-01	9.991E-01	94.200	87	87	87
A0A455LP13_Q75_lddt	Q6R5M7_Q75_lddt	1.011E+00	9.990E-01	9.990E-01	94.200	87	87	87
A0A455LP13_Q75_lddt	Q8VQV7_Q75_lddt	1.011E+00	9.990E-01	9.990E-01	97.700	87	87	87
A0A455LP13_Q75_lddt	Q2YHY7_Q75_lddt	1.010E+00	9.988E-01	9.988E-01	94.200	87	87	87
A0A455LP13_Q75_lddt	Q6ZY58_Q75_lddt	1.010E+00	9.987E-01	9.987E-01	93.100	87	87	87
A0A455LP13_Q75_lddt	Q9R429_Q75_lddt	1.010E+00	9.987E-01	9.987E-01	79.300	87	87	87
A0A455LP13_Q75_lddt	Q8GHI3_Q75_lddt	1.010E+00	9.987E-01	9.987E-01	78.100	87	87	87
A0A455LP13_Q75_lddt	H9AXM1_Q75_lddt	1.010E+00	9.984E-01	9.984E-01	75.800	87	87	87
A0A455LP13_Q75_lddt	AF-Q6W7F0-F1-model_v4_Q75_lddt	1.010E+00	9.983E-01	9.983E-01	82.700	87	87	87
A0A455LP13_Q75_lddt	OKP-D-1_Q75_lddt	1.009E+00	9.971E-01	9.971E-01	95.400	87	87	87
A0A455LP13_Q75_lddt	OKP-C-1_Q75_lddt	1.010E+00	9.870E-01	9.985E-01	91.900	87	87	86
A0A455LP13_Q75_lddt	C0LSK3_Q75_lddt	1.010E+00	9.868E-01	9.983E-01	94.100	87	86	86
A0A455LP13_Q75_lddt	Q939H3_Q75_lddt	1.012E+00	9.999E-01	9.774E-01	98.800	87	87	89
A0A455LP13_Q75_lddt	Q0PGR7_Q75_lddt	1.011E+00	9.997E-01	9.772E-01	93.100	87	87	89
A0A455LP13_Q75_lddt	A0ZX80_Q75_lddt	1.011E+00	9.996E-01	9.771E-01	93.100	87	87	89
A0A455LP13_Q75_lddt	Q8VP57_Q75_lddt	1.011E+00	9.995E-01	9.771E-01	93.100	87	87	89
A0A455LP13_Q75_lddt	A0ZX91_Q75_lddt	1.011E+00	9.995E-01	9.771E-01	93.100	87	87	89
A0A455LP13_Q75_lddt	D5LGB4_Q75_lddt	1.011E+00	9.995E-01	9.771E-01	93.100	87	87	89
A0A455LP13_Q75_lddt	S4TWB0_Q75_lddt	1.011E+00	9.995E-01	9.771E-01	93.100	87	87	89
A0A455LP13_Q75_lddt	B9U2I6_Q75_lddt	1.011E+00	9.995E-01	9.771E-01	93.100	87	87	89
A0A455LP13_Q75_lddt	A0A2P9E069_Q75_lddt	1.011E+00	9.995E-01	9.771E-01	93.100	87	87	89
A0A455LP13_Q75_lddt	E5Q900_Q75_lddt	1.011E+00	9.995E-01	9.770E-01	93.100	87	87	89
A0A455LP13_Q75_lddt	A3FFR2_Q75_lddt	1.011E+00	9.994E-01	9.769E-01	93.100	87	87	89
A0A455LP13_Q75_lddt	Q2MJC2_Q75_lddt	1.011E+00	9.991E-01	9.767E-01	93.100	87	87	89
A0A455LP13_Q75_lddt	H2ERK9_Q75_lddt	1.011E+00	9.991E-01	9.766E-01	93.100	87	87	89
A0A455LP13_Q75_lddt	F8SQ10_Q75_lddt	1.011E+00	9.990E-01	9.766E-01	93.100	87	87	89
A0A455LP13_Q75_lddt	B0FP98_Q75_lddt	1.011E+00	9.990E-01	9.765E-01	91.900	87	87	89
A0A455LP13_Q75_lddt	A0A097BQY7_Q75_lddt	1.011E+00	9.990E-01	9.765E-01	93.100	87	87	89
A0A455LP13_Q75_lddt	Q939H5_Q75_lddt	1.010E+00	9.988E-01	9.764E-01	91.900	87	87	89
A0A455LP13_Q75_lddt	C8CE59_Q75_lddt	1.011E+00	9.760E-01	9.989E-01	90.800	87	87	85
A0A455LP13_Q75_lddt	Q8VP67_Q75_lddt	1.010E+00	9.987E-01	9.763E-01	93.100	87	87	89
A0A455LP13_Q75_lddt	C8CE60_Q75_lddt	1.011E+00	9.759E-01	9.988E-01	90.800	87	87	85
A0A455LP13_Q75_lddt	J7HZA4_Q75_lddt	1.010E+00	9.986E-01	9.762E-01	91.900	87	87	89
A0A455LP13_Q75_lddt	Q8KRG7_Q75_lddt	1.010E+00	9.984E-01	9.760E-01	91.900	87	87	89
A0A455LP13_Q75_lddt	O33677_Q75_lddt	1.004E+00	9.814E-01	9.927E-01	77.000	87	87	86
A0A455LP13_Q75_lddt	E5G517_Q75_lddt	1.005E+00	9.939E-01	9.717E-01	91.900	87	87	89
A0A455LP13_Q75_lddt	AF-A0A867XYA1-F1-model_v4_Q75_lddt	1.010E+00	9.867E-01	9.755E-01	82.700	87	87	88
A0A455LP13_Q75_lddt	AF-P18251-F1-model_v4_Q75_lddt	1.009E+00	9.857E-01	9.746E-01	88.500	87	87	88
A0A455LP13_Q75_lddt	B7FDD9_Q75_lddt	1.010E+00	9.406E-01	9.979E-01	87.300	87	87	82
A0A455LP13_Q75_lddt	P14171_Q75_lddt	9.926E-01	9.590E-01	9.811E-01	55.100	87	87	85
A0A455LP13_Q75_lddt	Q3SAW3_Q75_lddt	9.952E-01	9.502E-01	9.836E-01	51.700	87	87	84
A0A455LP13_Q75_lddt	C5HUY1_Q75_lddt	9.943E-01	9.494E-01	9.827E-01	48.200	87	87	84
A0A455LP13_Q75_lddt	C6GC02_Q75_lddt	9.943E-01	9.493E-01	9.827E-01	47.100	87	87	84
A0A455LP13_Q75_lddt	A0A097ZLX5_Q75_lddt	9.942E-01	9.492E-01	9.825E-01	48.200	87	87	84
A0A455LP13_Q75_lddt	AF-A0A1J0HSJ3-F1-model_v4_Q75_lddt	1.002E+00	9.335E-01	9.898E-01	55.100	87	87	82
A0A455LP13_Q75_lddt	GES-44_Q75_lddt	9.926E-01	9.477E-01	9.810E-01	48.200	87	87	84
A0A455LP13_Q75_lddt	AF-A0A3G1JAD7-F1-model_v4_Q75_lddt	1.001E+00	9.325E-01	9.887E-01	55.100	87	87	82
A0A455LP13_Q75_lddt	GES-41_Q75_lddt	9.924E-01	9.476E-01	9.808E-01	48.200	87	87	84
A0A455LP13_Q75_lddt	SGM-3_Q75_lddt	9.939E-01	9.490E-01	9.709E-01	51.700	87	87	85
A0A455LP13_Q75_lddt	SGM-2_Q75_lddt	9.936E-01	9.487E-01	9.706E-01	51.700	87	87	85
A0A455LP13_Q75_lddt	PER-16_Q75_lddt	9.861E-01	9.418E-01	9.746E-01	40.200	87	87	84
A0A455LP13_Q75_lddt	AF-E2D9D5-F1-model_v4_Q75_lddt	9.854E-01	9.412E-01	9.740E-01	29.800	87	87	84
A0A455LP13_Q75_lddt	AF-A0A886X7X6-F1-model_v6_Q75_lddt	9.881E-01	9.437E-01	9.654E-01	33.300	87	87	85
A0A455LP13_Q75_lddt	Q9AMJ7_Q75_lddt	9.876E-01	9.321E-01	9.760E-01	29.800	87	87	83
A0A455LP13_Q75_lddt	A1YTM5_Q75_lddt	9.871E-01	9.317E-01	9.755E-01	29.800	87	87	83
A0A455LP13_Q75_lddt	A0A1W5QH29_Q75_lddt	9.778E-01	9.451E-01	9.666E-01	37.900	87	87	85
A0A455LP13_Q75_lddt	RAA-1_Q75_lddt	9.861E-01	9.308E-01	9.745E-01	31.000	87	87	83
A0A455LP13_Q75_lddt	SGM-5_Q75_lddt	9.856E-01	9.414E-01	9.630E-01	50.500	87	87	85
A0A455LP13_Q75_lddt	A0A2Z2Z6H0_Q75_lddt	9.814E-01	9.376E-01	9.701E-01	45.900	87	87	84
A0A455LP13_Q75_lddt	A0A1W5QCF3_Q75_lddt	9.768E-01	9.442E-01	9.657E-01	37.900	87	87	85
A0A455LP13_Q75_lddt	D5HSX5_Q75_lddt	9.848E-01	9.296E-01	9.732E-01	40.200	87	87	83
A0A455LP13_Q75_lddt	A0A3Q8G682_Q75_lddt	9.694E-01	9.478E-01	9.585E-01	55.100	87	87	86
A0A455LP13_Q75_lddt	AF-Q1NAL0-F1-model_v4_Q75_lddt	9.843E-01	9.402E-01	9.617E-01	51.700	87	87	85
A0A455LP13_Q75_lddt	F8T7L4_Q75_lddt	9.836E-01	9.286E-01	9.721E-01	36.700	87	87	83
A0A455LP13_Q75_lddt	Q5XQD3_Q75_lddt	9.835E-01	9.284E-01	9.720E-01	36.700	87	87	83
A0A455LP13_Q75_lddt	P74842_Q75_lddt	9.832E-01	9.282E-01	9.717E-01	37.900	87	87	83
A0A455LP13_Q75_lddt	Q8VT49_Q75_lddt	9.831E-01	9.281E-01	9.716E-01	31.000	87	87	83
A0A455LP13_Q75_lddt	Q5W3A6_Q75_lddt	9.783E-01	9.347E-01	9.670E-01	33.300	87	87	84
A0A455LP13_Q75_lddt	Q9XBM2_Q75_lddt	9.672E-01	9.457E-01	9.563E-01	41.300	87	87	86
A0A455LP13_Q75_lddt	A0A1W5QG57_Q75_lddt	9.738E-01	9.414E-01	9.627E-01	37.900	87	87	85
A0A455LP13_Q75_lddt	AF-A0A0D0F642-F1-model_v4_Q75_lddt	9.821E-01	9.272E-01	9.706E-01	32.100	87	87	83
A0A455LP13_Q75_lddt	AF-E4WMC5-F1-model_v6_Q75_lddt	9.787E-01	9.241E-01	9.673E-01	36.700	87	87	83
A0A455LP13_Q75_lddt	G9MB50_Q75_lddt	9.789E-01	9.244E-01	9.675E-01	29.800	87	87	83
A0A455LP13_Q75_lddt	G9M9P7_Q75_lddt	9.784E-01	9.239E-01	9.670E-01	29.800	87	87	83
A0A455LP13_Q75_lddt	G9MB49_Q75_lddt	9.781E-01	9.237E-01	9.667E-01	31.000	87	87	83
A0A455LP13_Q75_lddt	A0A0E0SR47_Q75_lddt	9.687E-01	9.366E-01	9.578E-01	39.000	87	87	85
A0A455LP13_Q75_lddt	AF-A0A8E9ZWD0-F1-model_v6_Q75_lddt	9.753E-01	9.320E-01	9.532E-01	31.000	87	87	85
A0A455LP13_Q75_lddt	AF-J9QX37-F1-model_v4_Q75_lddt	9.823E-01	9.055E-01	9.706E-01	28.700	87	87	81
A0A455LP13_Q75_lddt	Q9RAZ9_Q75_lddt	9.777E-01	9.124E-01	9.662E-01	31.000	87	87	82
A0A455LP13_Q75_lddt	Q9X6W1_Q75_lddt	9.715E-01	9.175E-01	9.602E-01	33.300	87	87	83
A0A455LP13_Q75_lddt	AF-F4NA56-F1-model_v4_Q75_lddt	9.635E-01	9.317E-01	9.527E-01	37.900	87	87	85
A0A455LP13_Q75_lddt	A0A0B6VPP7_Q75_lddt	9.685E-01	9.149E-01	9.573E-01	31.000	87	87	83
A0A455LP13_Q75_lddt	B5L5W7_Q75_lddt	9.676E-01	9.355E-01	9.355E-01	36.700	87	87	87
A0A455LP13_Q75_lddt	AF-A0A127SQY3-F1-model_v6_Q75_lddt	9.548E-01	9.025E-01	9.438E-01	25.200	87	87	83
A0A455LP13_Q75_lddt	Q57509_Q75_lddt	9.508E-01	8.984E-01	9.292E-01	28.400	87	88	84
A0A455LP13_Q75_lddt	C8C0I2_Q75_lddt	9.478E-01	8.960E-01	9.370E-01	33.300	87	87	83
A0A455LP13_Q75_lddt	C8C0D8_Q75_lddt	9.178E-01	8.979E-01	9.078E-01	24.700	87	89	86
A0A455LP13_Q75_lddt	Q9X4S7_Q75_lddt	9.156E-01	8.958E-01	9.056E-01	26.900	87	89	86
C6GC02_Q75_lddt	C6GC02_Q75_lddt	1.012E+00	1.000E+00	1.000E+00	100.000	84	84	84
C6GC02_Q75_lddt	C5HUY1_Q75_lddt	1.012E+00	9.999E-01	9.999E-01	98.800	84	84	84
C6GC02_Q75_lddt	A0A097ZLX5_Q75_lddt	1.012E+00	9.999E-01	9.999E-01	98.800	84	84	84
C6GC02_Q75_lddt	GES-41_Q75_lddt	1.009E+00	9.974E-01	9.974E-01	98.800	84	84	84
C6GC02_Q75_lddt	GES-44_Q75_lddt	1.009E+00	9.973E-01	9.973E-01	98.800	84	84	84
C6GC02_Q75_lddt	Q3SAW3_Q75_lddt	1.002E+00	9.901E-01	9.901E-01	70.200	84	84	84
C6GC02_Q75_lddt	SGM-5_Q75_lddt	9.976E-01	9.859E-01	9.744E-01	57.100	84	84	85
C6GC02_Q75_lddt	SGM-2_Q75_lddt	9.975E-01	9.858E-01	9.744E-01	53.500	84	84	85
C6GC02_Q75_lddt	AF-Q1NAL0-F1-model_v4_Q75_lddt	9.973E-01	9.856E-01	9.741E-01	54.700	84	84	85
C6GC02_Q75_lddt	SGM-3_Q75_lddt	9.973E-01	9.856E-01	9.741E-01	53.500	84	84	85
C6GC02_Q75_lddt	AF-A0A3G1JAD7-F1-model_v4_Q75_lddt	1.001E+00	9.657E-01	9.890E-01	52.300	84	84	82
C6GC02_Q75_lddt	A0A2Z2Z6H0_Q75_lddt	9.919E-01	9.803E-01	9.803E-01	67.800	84	84	84
C6GC02_Q75_lddt	AF-A0A1J0HSJ3-F1-model_v4_Q75_lddt	9.996E-01	9.643E-01	9.875E-01	50.000	84	84	82
C6GC02_Q75_lddt	OKP-C-1_Q75_lddt	9.973E-01	9.856E-01	9.630E-01	47.600	84	86	86
C6GC02_Q75_lddt	B7FDD9_Q75_lddt	9.966E-01	9.615E-01	9.846E-01	48.800	84	84	82
C6GC02_Q75_lddt	OKP-D-1_Q75_lddt	9.970E-01	9.853E-01	9.518E-01	47.100	84	87	87
C6GC02_Q75_lddt	AF-Q6W7F0-F1-model_v4_Q75_lddt	9.966E-01	9.849E-01	9.514E-01	54.000	84	87	87
C6GC02_Q75_lddt	Q2YHY7_Q75_lddt	9.960E-01	9.843E-01	9.509E-01	48.200	84	87	87
C6GC02_Q75_lddt	Q84H48_Q75_lddt	9.958E-01	9.841E-01	9.507E-01	48.200	84	87	87
C6GC02_Q75_lddt	Q84H47_Q75_lddt	9.954E-01	9.838E-01	9.504E-01	48.200	84	87	87
C6GC02_Q75_lddt	Q8VQV7_Q75_lddt	9.954E-01	9.837E-01	9.504E-01	48.200	84	87	87
C6GC02_Q75_lddt	Q8GHI3_Q75_lddt	9.952E-01	9.835E-01	9.501E-01	45.900	84	87	87
C6GC02_Q75_lddt	Q9R429_Q75_lddt	9.951E-01	9.834E-01	9.500E-01	47.100	84	87	87
C6GC02_Q75_lddt	B8YHZ8_Q75_lddt	9.948E-01	9.832E-01	9.498E-01	48.200	84	87	87
C6GC02_Q75_lddt	Q2YHX8_Q75_lddt	9.947E-01	9.831E-01	9.497E-01	47.100	84	87	87
C6GC02_Q75_lddt	H9AXM1_Q75_lddt	9.947E-01	9.830E-01	9.497E-01	44.800	84	87	87
C6GC02_Q75_lddt	B5D620_Q75_lddt	9.946E-01	9.830E-01	9.497E-01	48.200	84	87	87
C6GC02_Q75_lddt	PER-16_Q75_lddt	9.834E-01	9.720E-01	9.720E-01	36.900	84	84	84
C6GC02_Q75_lddt	R4ISB3_Q75_lddt	9.946E-01	9.829E-01	9.496E-01	47.100	84	87	87
C6GC02_Q75_lddt	Q5I6D4_Q75_lddt	9.945E-01	9.829E-01	9.496E-01	47.100	84	87	87
C6GC02_Q75_lddt	A0A455LS80_Q75_lddt	9.945E-01	9.829E-01	9.495E-01	48.200	84	87	87
C6GC02_Q75_lddt	A0A455LP02_Q75_lddt	9.945E-01	9.828E-01	9.495E-01	47.100	84	87	87
C6GC02_Q75_lddt	E9NST5_Q75_lddt	9.943E-01	9.827E-01	9.494E-01	47.100	84	87	87
C6GC02_Q75_lddt	Q2YHX6_Q75_lddt	9.943E-01	9.827E-01	9.494E-01	47.100	84	87	87
C6GC02_Q75_lddt	A0A455LP07_Q75_lddt	9.943E-01	9.827E-01	9.494E-01	47.100	84	87	87
C6GC02_Q75_lddt	A0A0P0IGT7_Q75_lddt	9.943E-01	9.827E-01	9.494E-01	49.400	84	87	87
C6GC02_Q75_lddt	A0A455LP13_Q75_lddt	9.943E-01	9.827E-01	9.493E-01	47.100	84	87	87
C6GC02_Q75_lddt	B5D612_Q75_lddt	9.943E-01	9.826E-01	9.493E-01	49.400	84	87	87
C6GC02_Q75_lddt	Q2YHZ3_Q75_lddt	9.941E-01	9.825E-01	9.491E-01	48.200	84	87	87
C6GC02_Q75_lddt	Q2YHZ5_Q75_lddt	9.941E-01	9.824E-01	9.491E-01	48.200	84	87	87
C6GC02_Q75_lddt	Q6ZY77_Q75_lddt	9.940E-01	9.824E-01	9.491E-01	49.400	84	87	87
C6GC02_Q75_lddt	AF-P18251-F1-model_v4_Q75_lddt	9.978E-01	9.860E-01	9.418E-01	46.500	84	86	88
C6GC02_Q75_lddt	Q2YHZ0_Q75_lddt	9.939E-01	9.823E-01	9.490E-01	48.200	84	87	87
C6GC02_Q75_lddt	Q6ZY58_Q75_lddt	9.938E-01	9.822E-01	9.489E-01	48.200	84	87	87
C6GC02_Q75_lddt	Q2YHZ2_Q75_lddt	9.935E-01	9.819E-01	9.486E-01	48.200	84	87	87
C6GC02_Q75_lddt	Q5PU78_Q75_lddt	9.935E-01	9.819E-01	9.486E-01	47.100	84	87	87
C6GC02_Q75_lddt	Q6ZY74_Q75_lddt	9.931E-01	9.815E-01	9.482E-01	48.200	84	87	87
C6GC02_Q75_lddt	Q6R5M7_Q75_lddt	9.930E-01	9.814E-01	9.481E-01	47.100	84	87	87
C6GC02_Q75_lddt	C8CE59_Q75_lddt	9.812E-01	9.698E-01	9.585E-01	48.800	84	86	85
C6GC02_Q75_lddt	C8CE60_Q75_lddt	9.808E-01	9.694E-01	9.582E-01	48.800	84	86	85
C6GC02_Q75_lddt	C0LSK3_Q75_lddt	9.961E-01	9.728E-01	9.505E-01	47.600	84	86	86
C6GC02_Q75_lddt	D5HSX5_Q75_lddt	9.840E-01	9.612E-01	9.725E-01	38.000	84	84	83
C6GC02_Q75_lddt	P14171_Q75_lddt	9.831E-01	9.717E-01	9.606E-01	40.000	84	85	85
C6GC02_Q75_lddt	F8T7L4_Q75_lddt	9.828E-01	9.601E-01	9.713E-01	33.300	84	84	83
C6GC02_Q75_lddt	AF-A0A867XYA1-F1-model_v4_Q75_lddt	9.935E-01	9.819E-01	9.380E-01	43.000	84	86	88
C6GC02_Q75_lddt	Q5XQD3_Q75_lddt	9.826E-01	9.598E-01	9.711E-01	34.500	84	84	83
C6GC02_Q75_lddt	P74842_Q75_lddt	9.825E-01	9.598E-01	9.710E-01	35.700	84	84	83
C6GC02_Q75_lddt	A3FFR2_Q75_lddt	9.952E-01	9.835E-01	9.291E-01	48.200	84	87	89
C6GC02_Q75_lddt	B9U2I6_Q75_lddt	9.945E-01	9.829E-01	9.285E-01	48.200	84	87	89
C6GC02_Q75_lddt	F8SQ10_Q75_lddt	9.944E-01	9.827E-01	9.284E-01	48.200	84	87	89
C6GC02_Q75_lddt	Q939H3_Q75_lddt	9.944E-01	9.828E-01	9.284E-01	48.200	84	87	89
C6GC02_Q75_lddt	S4TWB0_Q75_lddt	9.943E-01	9.827E-01	9.284E-01	48.200	84	87	89
C6GC02_Q75_lddt	A0ZX91_Q75_lddt	9.943E-01	9.827E-01	9.284E-01	48.200	84	87	89
C6GC02_Q75_lddt	D5LGB4_Q75_lddt	9.943E-01	9.827E-01	9.284E-01	48.200	84	87	89
C6GC02_Q75_lddt	Q8VP57_Q75_lddt	9.943E-01	9.827E-01	9.284E-01	48.200	84	87	89
C6GC02_Q75_lddt	A0A2P9E069_Q75_lddt	9.943E-01	9.826E-01	9.283E-01	48.200	84	87	89
C6GC02_Q75_lddt	A0ZX80_Q75_lddt	9.942E-01	9.825E-01	9.282E-01	48.200	84	87	89
C6GC02_Q75_lddt	Q0PGR7_Q75_lddt	9.941E-01	9.824E-01	9.281E-01	48.200	84	87	89
C6GC02_Q75_lddt	E5Q900_Q75_lddt	9.940E-01	9.824E-01	9.281E-01	48.200	84	87	89
C6GC02_Q75_lddt	Q939H5_Q75_lddt	9.940E-01	9.824E-01	9.281E-01	47.100	84	87	89
C6GC02_Q75_lddt	AF-E2D9D5-F1-model_v4_Q75_lddt	9.750E-01	9.638E-01	9.638E-01	32.100	84	84	84
C6GC02_Q75_lddt	E5G517_Q75_lddt	9.931E-01	9.815E-01	9.273E-01	48.200	84	87	89
C6GC02_Q75_lddt	A0A097BQY7_Q75_lddt	9.930E-01	9.814E-01	9.272E-01	48.200	84	87	89
C6GC02_Q75_lddt	Q2MJC2_Q75_lddt	9.929E-01	9.813E-01	9.272E-01	48.200	84	87	89
C6GC02_Q75_lddt	B0FP98_Q75_lddt	9.929E-01	9.813E-01	9.271E-01	48.200	84	87	89
C6GC02_Q75_lddt	H2ERK9_Q75_lddt	9.929E-01	9.813E-01	9.271E-01	48.200	84	87	89
C6GC02_Q75_lddt	O33677_Q75_lddt	9.776E-01	9.662E-01	9.442E-01	44.800	84	87	86
C6GC02_Q75_lddt	AF-A0A886X7X6-F1-model_v6_Q75_lddt	9.774E-01	9.661E-01	9.552E-01	39.200	84	84	85
C6GC02_Q75_lddt	Q8VP67_Q75_lddt	9.920E-01	9.804E-01	9.263E-01	48.200	84	87	89
C6GC02_Q75_lddt	J7HZA4_Q75_lddt	9.919E-01	9.803E-01	9.263E-01	47.100	84	87	89
C6GC02_Q75_lddt	Q8KRG7_Q75_lddt	9.919E-01	9.803E-01	9.262E-01	48.200	84	87	89
C6GC02_Q75_lddt	RAA-1_Q75_lddt	9.764E-01	9.539E-01	9.650E-01	32.100	84	84	83
C6GC02_Q75_lddt	Q9AMJ7_Q75_lddt	9.748E-01	9.524E-01	9.635E-01	35.700	84	84	83
C6GC02_Q75_lddt	A1YTM5_Q75_lddt	9.742E-01	9.519E-01	9.629E-01	35.700	84	84	83
C6GC02_Q75_lddt	AF-J9QX37-F1-model_v4_Q75_lddt	9.801E-01	9.348E-01	9.683E-01	25.000	84	84	81
C6GC02_Q75_lddt	AF-A0A0D0F642-F1-model_v4_Q75_lddt	9.717E-01	9.494E-01	9.604E-01	35.700	84	84	83
C6GC02_Q75_lddt	Q5W3A6_Q75_lddt	9.651E-01	9.542E-01	9.542E-01	30.900	84	84	84
C6GC02_Q75_lddt	Q8VT49_Q75_lddt	9.689E-01	9.468E-01	9.577E-01	32.100	84	84	83
C6GC02_Q75_lddt	AF-E4WMC5-F1-model_v6_Q75_lddt	9.685E-01	9.463E-01	9.573E-01	32.100	84	84	83
C6GC02_Q75_lddt	G9MB50_Q75_lddt	9.657E-01	9.437E-01	9.546E-01	30.900	84	84	83
C6GC02_Q75_lddt	G9M9P7_Q75_lddt	9.646E-01	9.427E-01	9.535E-01	33.300	84	84	83
C6GC02_Q75_lddt	G9MB49_Q75_lddt	9.646E-01	9.426E-01	9.535E-01	33.300	84	84	83
C6GC02_Q75_lddt	Q9X6W1_Q75_lddt	9.618E-01	9.399E-01	9.507E-01	38.000	84	84	83
C6GC02_Q75_lddt	AF-A0A8E9ZWD0-F1-model_v6_Q75_lddt	9.625E-01	9.516E-01	9.409E-01	35.700	84	84	85
C6GC02_Q75_lddt	A0A1W5QH29_Q75_lddt	9.547E-01	9.437E-01	9.330E-01	32.100	84	87	85
C6GC02_Q75_lddt	A0A1W5QCF3_Q75_lddt	9.540E-01	9.431E-01	9.323E-01	32.100	84	87	85
C6GC02_Q75_lddt	A0A1W5QG57_Q75_lddt	9.530E-01	9.420E-01	9.313E-01	31.000	84	87	85
C6GC02_Q75_lddt	Q9RAZ9_Q75_lddt	9.631E-01	9.303E-01	9.519E-01	30.900	84	84	82
C6GC02_Q75_lddt	A0A3Q8G682_Q75_lddt	9.555E-01	9.445E-01	9.233E-01	45.900	84	87	86
C6GC02_Q75_lddt	A0A0B6VPP7_Q75_lddt	9.567E-01	9.350E-01	9.457E-01	36.900	84	84	83
C6GC02_Q75_lddt	A0A0E0SR47_Q75_lddt	9.477E-01	9.368E-01	9.262E-01	31.000	84	87	85
C6GC02_Q75_lddt	B5L5W7_Q75_lddt	9.601E-01	9.492E-01	9.179E-01	32.900	84	85	87
C6GC02_Q75_lddt	AF-F4NA56-F1-model_v4_Q75_lddt	9.463E-01	9.355E-01	9.250E-01	32.100	84	87	85
C6GC02_Q75_lddt	Q9XBM2_Q75_lddt	9.426E-01	9.319E-01	9.113E-01	35.600	84	87	86
C6GC02_Q75_lddt	AF-A0A127SQY3-F1-model_v6_Q75_lddt	9.400E-01	9.190E-01	9.294E-01	26.100	84	84	83
C6GC02_Q75_lddt	Q57509_Q75_lddt	9.351E-01	9.141E-01	9.141E-01	32.900	84	85	84
C6GC02_Q75_lddt	C8C0I2_Q75_lddt	9.270E-01	9.063E-01	9.166E-01	34.100	84	85	83
C6GC02_Q75_lddt	C8C0D8_Q75_lddt	9.138E-01	9.036E-01	8.839E-01	26.100	84	88	86
C6GC02_Q75_lddt	Q9X4S7_Q75_lddt	9.124E-01	9.022E-01	8.825E-01	27.200	84	88	86
D5LGB4_Q75_lddt	D5LGB4_Q75_lddt	1.011E+00	1.000E+00	1.000E+00	100.000	89	89	89
D5LGB4_Q75_lddt	A0A2P9E069_Q75_lddt	1.011E+00	9.999E-01	9.999E-01	100.000	89	89	89
D5LGB4_Q75_lddt	S4TWB0_Q75_lddt	1.011E+00	9.999E-01	9.999E-01	100.000	89	89	89
D5LGB4_Q75_lddt	B9U2I6_Q75_lddt	1.011E+00	9.999E-01	9.999E-01	100.000	89	89	89
D5LGB4_Q75_lddt	A0ZX91_Q75_lddt	1.011E+00	9.999E-01	9.999E-01	100.000	89	89	89
D5LGB4_Q75_lddt	A0ZX80_Q75_lddt	1.011E+00	9.999E-01	9.999E-01	100.000	89	89	89
D5LGB4_Q75_lddt	E5Q900_Q75_lddt	1.011E+00	9.999E-01	9.999E-01	100.000	89	89	89
D5LGB4_Q75_lddt	Q8VP57_Q75_lddt	1.011E+00	9.999E-01	9.999E-01	100.000	89	89	89
D5LGB4_Q75_lddt	Q0PGR7_Q75_lddt	1.011E+00	9.998E-01	9.998E-01	98.800	89	89	89
D5LGB4_Q75_lddt	A3FFR2_Q75_lddt	1.011E+00	9.998E-01	9.998E-01	100.000	89	89	89
D5LGB4_Q75_lddt	H2ERK9_Q75_lddt	1.011E+00	9.995E-01	9.995E-01	100.000	89	89	89
D5LGB4_Q75_lddt	B0FP98_Q75_lddt	1.011E+00	9.994E-01	9.994E-01	98.800	89	89	89
D5LGB4_Q75_lddt	Q939H5_Q75_lddt	1.011E+00	9.993E-01	9.993E-01	98.800	89	89	89
D5LGB4_Q75_lddt	Q2MJC2_Q75_lddt	1.011E+00	9.992E-01	9.992E-01	100.000	89	89	89
D5LGB4_Q75_lddt	A0A097BQY7_Q75_lddt	1.011E+00	9.992E-01	9.992E-01	100.000	89	89	89
D5LGB4_Q75_lddt	Q939H3_Q75_lddt	1.011E+00	9.992E-01	9.992E-01	92.100	89	89	89
D5LGB4_Q75_lddt	Q8VP67_Q75_lddt	1.010E+00	9.991E-01	9.991E-01	100.000	89	89	89
D5LGB4_Q75_lddt	J7HZA4_Q75_lddt	1.010E+00	9.991E-01	9.991E-01	98.800	89	89	89
D5LGB4_Q75_lddt	F8SQ10_Q75_lddt	1.010E+00	9.991E-01	9.991E-01	100.000	89	89	89
D5LGB4_Q75_lddt	Q8KRG7_Q75_lddt	1.010E+00	9.989E-01	9.989E-01	98.800	89	89	89
D5LGB4_Q75_lddt	E5G517_Q75_lddt	1.006E+00	9.944E-01	9.944E-01	98.800	89	89	89
D5LGB4_Q75_lddt	AF-A0A867XYA1-F1-model_v4_Q75_lddt	1.009E+00	9.860E-01	9.972E-01	88.700	89	89	88
D5LGB4_Q75_lddt	AF-P18251-F1-model_v4_Q75_lddt	1.008E+00	9.854E-01	9.965E-01	95.500	89	89	88
D5LGB4_Q75_lddt	Q5I6D4_Q75_lddt	1.011E+00	9.772E-01	9.997E-01	95.400	89	87	87
D5LGB4_Q75_lddt	B8YHZ8_Q75_lddt	1.011E+00	9.772E-01	9.996E-01	94.200	89	87	87
D5LGB4_Q75_lddt	Q2YHX8_Q75_lddt	1.011E+00	9.772E-01	9.996E-01	95.400	89	87	87
D5LGB4_Q75_lddt	B5D612_Q75_lddt	1.011E+00	9.772E-01	9.996E-01	93.100	89	87	87
D5LGB4_Q75_lddt	B5D620_Q75_lddt	1.011E+00	9.772E-01	9.996E-01	94.200	89	87	87
D5LGB4_Q75_lddt	Q2YHX6_Q75_lddt	1.011E+00	9.772E-01	9.996E-01	95.400	89	87	87
D5LGB4_Q75_lddt	A0A455LP07_Q75_lddt	1.011E+00	9.771E-01	9.996E-01	93.100	89	87	87
D5LGB4_Q75_lddt	A0A455LP13_Q75_lddt	1.011E+00	9.771E-01	9.995E-01	93.100	89	87	87
D5LGB4_Q75_lddt	E9NST5_Q75_lddt	1.011E+00	9.771E-01	9.995E-01	90.800	89	87	87
D5LGB4_Q75_lddt	A0A455LP02_Q75_lddt	1.011E+00	9.771E-01	9.995E-01	93.100	89	87	87
D5LGB4_Q75_lddt	A0A0P0IGT7_Q75_lddt	1.011E+00	9.771E-01	9.995E-01	93.100	89	87	87
D5LGB4_Q75_lddt	R4ISB3_Q75_lddt	1.011E+00	9.771E-01	9.995E-01	93.100	89	87	87
D5LGB4_Q75_lddt	Q2YHZ5_Q75_lddt	1.011E+00	9.769E-01	9.993E-01	94.200	89	87	87
D5LGB4_Q75_lddt	Q2YHZ2_Q75_lddt	1.011E+00	9.768E-01	9.993E-01	94.200	89	87	87
D5LGB4_Q75_lddt	Q6ZY77_Q75_lddt	1.011E+00	9.768E-01	9.992E-01	93.100	89	87	87
D5LGB4_Q75_lddt	Q5PU78_Q75_lddt	1.011E+00	9.768E-01	9.992E-01	94.200	89	87	87
D5LGB4_Q75_lddt	Q2YHZ3_Q75_lddt	1.011E+00	9.768E-01	9.992E-01	94.200	89	87	87
D5LGB4_Q75_lddt	Q2YHZ0_Q75_lddt	1.011E+00	9.768E-01	9.992E-01	94.200	89	87	87
D5LGB4_Q75_lddt	Q6ZY74_Q75_lddt	1.011E+00	9.768E-01	9.992E-01	94.200	89	87	87
D5LGB4_Q75_lddt	Q84H48_Q75_lddt	1.011E+00	9.768E-01	9.992E-01	91.900	89	87	87
D5LGB4_Q75_lddt	A0A455LS80_Q75_lddt	1.011E+00	9.768E-01	9.992E-01	94.200	89	87	87
D5LGB4_Q75_lddt	Q6R5M7_Q75_lddt	1.011E+00	9.767E-01	9.992E-01	94.200	89	87	87
D5LGB4_Q75_lddt	Q9R429_Q75_lddt	1.011E+00	9.766E-01	9.990E-01	81.600	89	87	87
D5LGB4_Q75_lddt	Q8GHI3_Q75_lddt	1.011E+00	9.765E-01	9.990E-01	80.400	89	87	87
D5LGB4_Q75_lddt	Q6ZY58_Q75_lddt	1.010E+00	9.764E-01	9.988E-01	93.100	89	87	87
D5LGB4_Q75_lddt	Q84H47_Q75_lddt	1.010E+00	9.763E-01	9.987E-01	91.900	89	87	87
D5LGB4_Q75_lddt	Q2YHY7_Q75_lddt	1.010E+00	9.763E-01	9.987E-01	94.200	89	87	87
D5LGB4_Q75_lddt	H9AXM1_Q75_lddt	1.010E+00	9.762E-01	9.986E-01	78.100	89	87	87
D5LGB4_Q75_lddt	AF-Q6W7F0-F1-model_v4_Q75_lddt	1.010E+00	9.760E-01	9.984E-01	83.900	89	87	87
D5LGB4_Q75_lddt	Q8VQV7_Q75_lddt	1.010E+00	9.760E-01	9.984E-01	91.900	89	87	87
D5LGB4_Q75_lddt	OKP-D-1_Q75_lddt	1.008E+00	9.743E-01	9.966E-01	91.900	89	87	87
D5LGB4_Q75_lddt	OKP-C-1_Q75_lddt	1.010E+00	9.649E-01	9.985E-01	96.500	89	87	86
D5LGB4_Q75_lddt	C0LSK3_Q75_lddt	1.010E+00	9.646E-01	9.982E-01	94.100	89	86	86
D5LGB4_Q75_lddt	C8CE59_Q75_lddt	1.011E+00	9.544E-01	9.993E-01	97.700	89	87	85
D5LGB4_Q75_lddt	C8CE60_Q75_lddt	1.011E+00	9.543E-01	9.992E-01	97.700	89	87	85
D5LGB4_Q75_lddt	O33677_Q75_lddt	1.005E+00	9.598E-01	9.931E-01	79.300	89	87	86
D5LGB4_Q75_lddt	B7FDD9_Q75_lddt	1.010E+00	9.196E-01	9.980E-01	94.200	89	87	82
D5LGB4_Q75_lddt	P14171_Q75_lddt	9.920E-01	9.372E-01	9.805E-01	56.300	89	87	85
D5LGB4_Q75_lddt	Q3SAW3_Q75_lddt	9.950E-01	9.290E-01	9.834E-01	56.300	89	87	84
D5LGB4_Q75_lddt	C5HUY1_Q75_lddt	9.944E-01	9.285E-01	9.828E-01	49.400	89	87	84
D5LGB4_Q75_lddt	C6GC02_Q75_lddt	9.943E-01	9.284E-01	9.827E-01	48.200	89	87	84
D5LGB4_Q75_lddt	A0A097ZLX5_Q75_lddt	9.943E-01	9.284E-01	9.827E-01	49.400	89	87	84
D5LGB4_Q75_lddt	AF-A0A1J0HSJ3-F1-model_v4_Q75_lddt	1.002E+00	9.124E-01	9.895E-01	52.800	89	87	82
D5LGB4_Q75_lddt	AF-A0A3G1JAD7-F1-model_v4_Q75_lddt	1.001E+00	9.120E-01	9.891E-01	54.000	89	87	82
D5LGB4_Q75_lddt	GES-44_Q75_lddt	9.928E-01	9.270E-01	9.812E-01	49.400	89	87	84
D5LGB4_Q75_lddt	GES-41_Q75_lddt	9.925E-01	9.268E-01	9.809E-01	49.400	89	87	84
D5LGB4_Q75_lddt	SGM-3_Q75_lddt	9.943E-01	9.283E-01	9.713E-01	54.000	89	87	85
D5LGB4_Q75_lddt	SGM-2_Q75_lddt	9.940E-01	9.281E-01	9.710E-01	54.000	89	87	85
D5LGB4_Q75_lddt	PER-16_Q75_lddt	9.868E-01	9.217E-01	9.753E-01	41.300	89	87	84
D5LGB4_Q75_lddt	AF-E2D9D5-F1-model_v4_Q75_lddt	9.859E-01	9.211E-01	9.745E-01	31.000	89	87	84
D5LGB4_Q75_lddt	AF-A0A886X7X6-F1-model_v6_Q75_lddt	9.885E-01	9.233E-01	9.658E-01	32.100	89	87	85
D5LGB4_Q75_lddt	Q9AMJ7_Q75_lddt	9.883E-01	9.123E-01	9.767E-01	31.000	89	87	83
D5LGB4_Q75_lddt	A1YTM5_Q75_lddt	9.878E-01	9.118E-01	9.762E-01	31.000	89	87	83
D5LGB4_Q75_lddt	A0A1W5QH29_Q75_lddt	9.784E-01	9.251E-01	9.673E-01	37.900	89	87	85
D5LGB4_Q75_lddt	RAA-1_Q75_lddt	9.865E-01	9.107E-01	9.749E-01	33.300	89	87	83
D5LGB4_Q75_lddt	SGM-5_Q75_lddt	9.862E-01	9.213E-01	9.636E-01	50.500	89	87	85
D5LGB4_Q75_lddt	D5HSX5_Q75_lddt	9.858E-01	9.100E-01	9.742E-01	41.300	89	87	83
D5LGB4_Q75_lddt	A0A1W5QCF3_Q75_lddt	9.775E-01	9.243E-01	9.664E-01	37.900	89	87	85
D5LGB4_Q75_lddt	A0A2Z2Z6H0_Q75_lddt	9.815E-01	9.171E-01	9.701E-01	47.100	89	87	84
D5LGB4_Q75_lddt	AF-Q1NAL0-F1-model_v4_Q75_lddt	9.849E-01	9.201E-01	9.623E-01	54.000	89	87	85
D5LGB4_Q75_lddt	A0A3Q8G682_Q75_lddt	9.697E-01	9.274E-01	9.587E-01	54.000	89	87	86
D5LGB4_Q75_lddt	F8T7L4_Q75_lddt	9.846E-01	9.090E-01	9.730E-01	37.900	89	87	83
D5LGB4_Q75_lddt	Q5XQD3_Q75_lddt	9.844E-01	9.089E-01	9.729E-01	37.900	89	87	83
D5LGB4_Q75_lddt	P74842_Q75_lddt	9.841E-01	9.086E-01	9.726E-01	39.000	89	87	83
D5LGB4_Q75_lddt	Q8VT49_Q75_lddt	9.833E-01	9.080E-01	9.718E-01	31.000	89	87	83
D5LGB4_Q75_lddt	Q9XBM2_Q75_lddt	9.681E-01	9.260E-01	9.572E-01	42.500	89	87	86
D5LGB4_Q75_lddt	A0A1W5QG57_Q75_lddt	9.745E-01	9.216E-01	9.635E-01	37.900	89	87	85
D5LGB4_Q75_lddt	Q5W3A6_Q75_lddt	9.785E-01	9.145E-01	9.672E-01	34.400	89	87	84
D5LGB4_Q75_lddt	AF-A0A0D0F642-F1-model_v4_Q75_lddt	9.824E-01	9.072E-01	9.709E-01	32.100	89	87	83
D5LGB4_Q75_lddt	AF-E4WMC5-F1-model_v6_Q75_lddt	9.793E-01	9.045E-01	9.679E-01	35.600	89	87	83
D5LGB4_Q75_lddt	G9MB50_Q75_lddt	9.790E-01	9.043E-01	9.676E-01	31.000	89	87	83
D5LGB4_Q75_lddt	A0A0E0SR47_Q75_lddt	9.700E-01	9.175E-01	9.591E-01	40.200	89	87	85
D5LGB4_Q75_lddt	G9M9P7_Q75_lddt	9.784E-01	9.038E-01	9.670E-01	29.800	89	87	83
D5LGB4_Q75_lddt	G9MB49_Q75_lddt	9.782E-01	9.036E-01	9.668E-01	31.000	89	87	83
D5LGB4_Q75_lddt	AF-A0A8E9ZWD0-F1-model_v6_Q75_lddt	9.762E-01	9.126E-01	9.540E-01	31.000	89	87	85
D5LGB4_Q75_lddt	AF-J9QX37-F1-model_v4_Q75_lddt	9.827E-01	8.859E-01	9.709E-01	28.700	89	87	81
D5LGB4_Q75_lddt	Q9RAZ9_Q75_lddt	9.778E-01	8.926E-01	9.663E-01	31.000	89	87	82
D5LGB4_Q75_lddt	Q9X6W1_Q75_lddt	9.721E-01	8.980E-01	9.608E-01	32.100	89	87	83
D5LGB4_Q75_lddt	AF-F4NA56-F1-model_v4_Q75_lddt	9.651E-01	9.131E-01	9.542E-01	37.900	89	87	85
D5LGB4_Q75_lddt	A0A0B6VPP7_Q75_lddt	9.688E-01	8.952E-01	9.576E-01	31.000	89	87	83
D5LGB4_Q75_lddt	B5L5W7_Q75_lddt	9.684E-01	9.159E-01	9.362E-01	37.900	89	87	87
D5LGB4_Q75_lddt	AF-A0A127SQY3-F1-model_v6_Q75_lddt	9.556E-01	8.838E-01	9.446E-01	25.200	89	87	83
D5LGB4_Q75_lddt	Q57509_Q75_lddt	9.508E-01	8.790E-01	9.291E-01	28.400	89	88	84
D5LGB4_Q75_lddt	C8C0I2_Q75_lddt	9.480E-01	8.770E-01	9.372E-01	32.100	89	87	83
D5LGB4_Q75_lddt	C8C0D8_Q75_lddt	9.185E-01	8.794E-01	9.084E-01	25.800	89	89	86
D5LGB4_Q75_lddt	Q9X4S7_Q75_lddt	9.164E-01	8.775E-01	9.063E-01	28.000	89	89	86
G9M9P7_Q75_lddt	G9M9P7_Q75_lddt	1.012E+00	1.000E+00	1.000E+00	100.000	83	83	83
G9M9P7_Q75_lddt	G9MB49_Q75_lddt	1.012E+00	9.999E-01	9.999E-01	98.700	83	83	83
G9M9P7_Q75_lddt	G9MB50_Q75_lddt	1.012E+00	9.998E-01	9.998E-01	96.300	83	83	83
G9M9P7_Q75_lddt	Q8VT49_Q75_lddt	1.004E+00	9.920E-01	9.920E-01	62.600	83	83	83
G9M9P7_Q75_lddt	AF-A0A0D0F642-F1-model_v4_Q75_lddt	1.004E+00	9.917E-01	9.917E-01	57.800	83	83	83
G9M9P7_Q75_lddt	RAA-1_Q75_lddt	1.001E+00	9.887E-01	9.887E-01	66.200	83	83	83
G9M9P7_Q75_lddt	Q9RAZ9_Q75_lddt	1.004E+00	9.800E-01	9.919E-01	61.400	83	83	82
G9M9P7_Q75_lddt	AF-E2D9D5-F1-model_v4_Q75_lddt	1.003E+00	9.908E-01	9.791E-01	57.100	83	84	84
G9M9P7_Q75_lddt	Q9AMJ7_Q75_lddt	9.973E-01	9.855E-01	9.855E-01	50.600	83	83	83
G9M9P7_Q75_lddt	A1YTM5_Q75_lddt	9.971E-01	9.853E-01	9.853E-01	50.600	83	83	83
G9M9P7_Q75_lddt	Q5W3A6_Q75_lddt	9.987E-01	9.868E-01	9.752E-01	48.800	83	84	84
G9M9P7_Q75_lddt	A0A0B6VPP7_Q75_lddt	9.895E-01	9.778E-01	9.778E-01	51.800	83	83	83
G9M9P7_Q75_lddt	AF-A0A886X7X6-F1-model_v6_Q75_lddt	9.990E-01	9.871E-01	9.642E-01	47.600	83	84	85
G9M9P7_Q75_lddt	Q9X6W1_Q75_lddt	9.891E-01	9.774E-01	9.774E-01	49.300	83	83	83
G9M9P7_Q75_lddt	AF-A0A127SQY3-F1-model_v6_Q75_lddt	9.823E-01	9.707E-01	9.707E-01	45.700	83	83	83
G9M9P7_Q75_lddt	PER-16_Q75_lddt	9.849E-01	9.734E-01	9.621E-01	46.400	83	84	84
G9M9P7_Q75_lddt	D5HSX5_Q75_lddt	9.808E-01	9.694E-01	9.694E-01	46.900	83	83	83
G9M9P7_Q75_lddt	AF-J9QX37-F1-model_v4_Q75_lddt	9.897E-01	9.547E-01	9.778E-01	39.700	83	83	81
G9M9P7_Q75_lddt	AF-E4WMC5-F1-model_v6_Q75_lddt	9.806E-01	9.692E-01	9.692E-01	38.500	83	83	83
G9M9P7_Q75_lddt	P74842_Q75_lddt	9.801E-01	9.686E-01	9.686E-01	48.100	83	83	83
G9M9P7_Q75_lddt	Q5XQD3_Q75_lddt	9.799E-01	9.684E-01	9.684E-01	45.700	83	83	83
G9M9P7_Q75_lddt	F8T7L4_Q75_lddt	9.800E-01	9.685E-01	9.685E-01	45.700	83	83	83
G9M9P7_Q75_lddt	C8C0I2_Q75_lddt	9.739E-01	9.624E-01	9.624E-01	50.000	83	84	83
G9M9P7_Q75_lddt	AF-A0A8E9ZWD0-F1-model_v6_Q75_lddt	9.862E-01	9.747E-01	9.523E-01	42.800	83	84	85
G9M9P7_Q75_lddt	B7FDD9_Q75_lddt	9.754E-01	9.528E-01	9.640E-01	30.100	83	83	82
G9M9P7_Q75_lddt	AF-A0A3G1JAD7-F1-model_v4_Q75_lddt	9.744E-01	9.517E-01	9.629E-01	33.700	83	83	82
G9M9P7_Q75_lddt	AF-A0A1J0HSJ3-F1-model_v4_Q75_lddt	9.743E-01	9.517E-01	9.629E-01	34.900	83	83	82
G9M9P7_Q75_lddt	C8CE59_Q75_lddt	9.782E-01	9.668E-01	9.448E-01	30.500	83	85	85
G9M9P7_Q75_lddt	Q57509_Q75_lddt	9.687E-01	9.573E-01	9.462E-01	41.600	83	84	84
G9M9P7_Q75_lddt	C8CE60_Q75_lddt	9.766E-01	9.652E-01	9.433E-01	30.500	83	85	85
G9M9P7_Q75_lddt	Q9R429_Q75_lddt	9.808E-01	9.693E-01	9.260E-01	26.400	83	87	87
G9M9P7_Q75_lddt	H9AXM1_Q75_lddt	9.807E-01	9.693E-01	9.260E-01	26.400	83	87	87
G9M9P7_Q75_lddt	Q8GHI3_Q75_lddt	9.805E-01	9.691E-01	9.258E-01	26.400	83	87	87
G9M9P7_Q75_lddt	Q3SAW3_Q75_lddt	9.669E-01	9.557E-01	9.448E-01	32.100	83	84	84
G9M9P7_Q75_lddt	OKP-C-1_Q75_lddt	9.759E-01	9.646E-01	9.320E-01	30.200	83	86	86
G9M9P7_Q75_lddt	AF-Q6W7F0-F1-model_v4_Q75_lddt	9.794E-01	9.680E-01	9.248E-01	29.800	83	87	87
G9M9P7_Q75_lddt	A0A455LS80_Q75_lddt	9.794E-01	9.679E-01	9.248E-01	29.800	83	87	87
G9M9P7_Q75_lddt	Q5PU78_Q75_lddt	9.793E-01	9.679E-01	9.248E-01	31.000	83	87	87
G9M9P7_Q75_lddt	Q2YHX6_Q75_lddt	9.792E-01	9.678E-01	9.246E-01	31.000	83	87	87
G9M9P7_Q75_lddt	Q2YHZ2_Q75_lddt	9.792E-01	9.678E-01	9.247E-01	31.000	83	87	87
G9M9P7_Q75_lddt	SGM-3_Q75_lddt	9.706E-01	9.594E-01	9.377E-01	39.200	83	84	85
G9M9P7_Q75_lddt	Q84H47_Q75_lddt	9.785E-01	9.671E-01	9.240E-01	29.800	83	87	87
G9M9P7_Q75_lddt	Q2YHY7_Q75_lddt	9.784E-01	9.670E-01	9.239E-01	31.000	83	87	87
G9M9P7_Q75_lddt	A0A455LP07_Q75_lddt	9.784E-01	9.670E-01	9.239E-01	29.800	83	87	87
G9M9P7_Q75_lddt	A0A455LP13_Q75_lddt	9.784E-01	9.670E-01	9.239E-01	29.800	83	87	87
G9M9P7_Q75_lddt	Q6R5M7_Q75_lddt	9.786E-01	9.672E-01	9.241E-01	31.000	83	87	87
G9M9P7_Q75_lddt	Q5I6D4_Q75_lddt	9.783E-01	9.669E-01	9.238E-01	31.000	83	87	87
G9M9P7_Q75_lddt	A0A455LP02_Q75_lddt	9.783E-01	9.669E-01	9.238E-01	29.800	83	87	87
G9M9P7_Q75_lddt	Q8VQV7_Q75_lddt	9.782E-01	9.668E-01	9.237E-01	29.800	83	87	87
G9M9P7_Q75_lddt	Q2YHX8_Q75_lddt	9.782E-01	9.668E-01	9.237E-01	31.000	83	87	87
G9M9P7_Q75_lddt	B5D620_Q75_lddt	9.782E-01	9.668E-01	9.237E-01	31.000	83	87	87
G9M9P7_Q75_lddt	SGM-2_Q75_lddt	9.702E-01	9.590E-01	9.373E-01	39.200	83	84	85
G9M9P7_Q75_lddt	E9NST5_Q75_lddt	9.780E-01	9.666E-01	9.236E-01	29.800	83	87	87
G9M9P7_Q75_lddt	Q84H48_Q75_lddt	9.779E-01	9.665E-01	9.234E-01	29.800	83	87	87
G9M9P7_Q75_lddt	B5D612_Q75_lddt	9.780E-01	9.666E-01	9.236E-01	29.800	83	87	87
G9M9P7_Q75_lddt	R4ISB3_Q75_lddt	9.780E-01	9.666E-01	9.235E-01	29.800	83	87	87
G9M9P7_Q75_lddt	Q2YHZ5_Q75_lddt	9.779E-01	9.665E-01	9.235E-01	31.000	83	87	87
G9M9P7_Q75_lddt	Q2YHZ3_Q75_lddt	9.779E-01	9.665E-01	9.235E-01	31.000	83	87	87
G9M9P7_Q75_lddt	B8YHZ8_Q75_lddt	9.778E-01	9.664E-01	9.234E-01	31.000	83	87	87
G9M9P7_Q75_lddt	Q6ZY77_Q75_lddt	9.779E-01	9.665E-01	9.234E-01	31.000	83	87	87
G9M9P7_Q75_lddt	Q2YHZ0_Q75_lddt	9.776E-01	9.663E-01	9.232E-01	31.000	83	87	87
G9M9P7_Q75_lddt	A0A0P0IGT7_Q75_lddt	9.775E-01	9.662E-01	9.231E-01	29.800	83	87	87
G9M9P7_Q75_lddt	Q6ZY74_Q75_lddt	9.775E-01	9.662E-01	9.232E-01	31.000	83	87	87
G9M9P7_Q75_lddt	A0A097ZLX5_Q75_lddt	9.650E-01	9.538E-01	9.430E-01	34.500	83	84	84
G9M9P7_Q75_lddt	C5HUY1_Q75_lddt	9.649E-01	9.538E-01	9.429E-01	34.500	83	84	84
G9M9P7_Q75_lddt	GES-44_Q75_lddt	9.645E-01	9.534E-01	9.426E-01	34.500	83	84	84
G9M9P7_Q75_lddt	C6GC02_Q75_lddt	9.646E-01	9.535E-01	9.427E-01	33.300	83	84	84
G9M9P7_Q75_lddt	Q6ZY58_Q75_lddt	9.757E-01	9.643E-01	9.215E-01	31.000	83	87	87
G9M9P7_Q75_lddt	GES-41_Q75_lddt	9.635E-01	9.524E-01	9.415E-01	34.500	83	84	84
G9M9P7_Q75_lddt	AF-P18251-F1-model_v4_Q75_lddt	9.771E-01	9.657E-01	9.126E-01	29.000	83	86	88
G9M9P7_Q75_lddt	C0LSK3_Q75_lddt	9.767E-01	9.539E-01	9.217E-01	30.200	83	86	86
G9M9P7_Q75_lddt	OKP-D-1_Q75_lddt	9.719E-01	9.606E-01	9.180E-01	31.000	83	87	87
G9M9P7_Q75_lddt	E5G517_Q75_lddt	9.791E-01	9.677E-01	9.044E-01	29.800	83	87	89
G9M9P7_Q75_lddt	P14171_Q75_lddt	9.634E-01	9.523E-01	9.309E-01	24.700	83	85	85
G9M9P7_Q75_lddt	A0ZX91_Q75_lddt	9.787E-01	9.673E-01	9.040E-01	29.800	83	87	89
G9M9P7_Q75_lddt	Q2MJC2_Q75_lddt	9.787E-01	9.673E-01	9.041E-01	29.800	83	87	89
G9M9P7_Q75_lddt	Q8VP57_Q75_lddt	9.786E-01	9.672E-01	9.039E-01	29.800	83	87	89
G9M9P7_Q75_lddt	A0ZX80_Q75_lddt	9.785E-01	9.671E-01	9.038E-01	29.800	83	87	89
G9M9P7_Q75_lddt	B9U2I6_Q75_lddt	9.784E-01	9.670E-01	9.038E-01	29.800	83	87	89
G9M9P7_Q75_lddt	S4TWB0_Q75_lddt	9.784E-01	9.670E-01	9.038E-01	29.800	83	87	89
G9M9P7_Q75_lddt	D5LGB4_Q75_lddt	9.784E-01	9.670E-01	9.038E-01	29.800	83	87	89
G9M9P7_Q75_lddt	AF-A0A867XYA1-F1-model_v4_Q75_lddt	9.747E-01	9.634E-01	9.105E-01	26.700	83	86	88
G9M9P7_Q75_lddt	A0A2P9E069_Q75_lddt	9.783E-01	9.669E-01	9.037E-01	29.800	83	87	89
G9M9P7_Q75_lddt	E5Q900_Q75_lddt	9.782E-01	9.668E-01	9.036E-01	29.800	83	87	89
G9M9P7_Q75_lddt	Q939H3_Q75_lddt	9.780E-01	9.666E-01	9.034E-01	29.800	83	87	89
G9M9P7_Q75_lddt	C8C0D8_Q75_lddt	9.607E-01	9.495E-01	9.173E-01	29.800	83	87	86
G9M9P7_Q75_lddt	Q939H5_Q75_lddt	9.781E-01	9.667E-01	9.035E-01	29.800	83	87	89
G9M9P7_Q75_lddt	Q8VP67_Q75_lddt	9.780E-01	9.666E-01	9.035E-01	29.800	83	87	89
G9M9P7_Q75_lddt	Q0PGR7_Q75_lddt	9.779E-01	9.666E-01	9.034E-01	29.800	83	87	89
G9M9P7_Q75_lddt	F8SQ10_Q75_lddt	9.779E-01	9.665E-01	9.033E-01	29.800	83	87	89
G9M9P7_Q75_lddt	Q9X4S7_Q75_lddt	9.603E-01	9.491E-01	9.170E-01	29.800	83	87	86
G9M9P7_Q75_lddt	J7HZA4_Q75_lddt	9.778E-01	9.664E-01	9.033E-01	29.800	83	87	89
G9M9P7_Q75_lddt	A3FFR2_Q75_lddt	9.776E-01	9.662E-01	9.031E-01	29.800	83	87	89
G9M9P7_Q75_lddt	A0A097BQY7_Q75_lddt	9.775E-01	9.662E-01	9.030E-01	29.800	83	87	89
G9M9P7_Q75_lddt	O33677_Q75_lddt	9.629E-01	9.518E-01	9.197E-01	25.200	83	87	86
G9M9P7_Q75_lddt	H2ERK9_Q75_lddt	9.773E-01	9.659E-01	9.029E-01	29.800	83	87	89
G9M9P7_Q75_lddt	Q8KRG7_Q75_lddt	9.773E-01	9.659E-01	9.028E-01	29.800	83	87	89
G9M9P7_Q75_lddt	B0FP98_Q75_lddt	9.770E-01	9.657E-01	9.026E-01	29.800	83	87	89
G9M9P7_Q75_lddt	AF-Q1NAL0-F1-model_v4_Q75_lddt	9.604E-01	9.494E-01	9.281E-01	35.700	83	84	85
G9M9P7_Q75_lddt	SGM-5_Q75_lddt	9.573E-01	9.464E-01	9.252E-01	39.200	83	84	85
G9M9P7_Q75_lddt	A0A2Z2Z6H0_Q75_lddt	9.519E-01	9.410E-01	9.304E-01	32.100	83	84	84
G9M9P7_Q75_lddt	B5L5W7_Q75_lddt	9.601E-01	9.491E-01	9.073E-01	41.100	83	85	87
G9M9P7_Q75_lddt	Q9XBM2_Q75_lddt	9.403E-01	9.295E-01	8.986E-01	22.900	83	87	86
G9M9P7_Q75_lddt	A0A3Q8G682_Q75_lddt	9.320E-01	9.214E-01	8.910E-01	26.400	83	87	86
G9M9P7_Q75_lddt	A0A0E0SR47_Q75_lddt	9.193E-01	9.089E-01	8.889E-01	31.000	83	87	85
G9M9P7_Q75_lddt	A0A1W5QH29_Q75_lddt	9.168E-01	9.065E-01	8.866E-01	29.800	83	87	85
G9M9P7_Q75_lddt	A0A1W5QCF3_Q75_lddt	9.152E-01	9.049E-01	8.851E-01	29.800	83	87	85
G9M9P7_Q75_lddt	A0A1W5QG57_Q75_lddt	9.130E-01	9.028E-01	8.830E-01	31.000	83	87	85
G9M9P7_Q75_lddt	AF-F4NA56-F1-model_v4_Q75_lddt	9.116E-01	9.014E-01	8.817E-01	29.800	83	87	85
P14171_Q75_lddt	P14171_Q75_lddt	1.012E+00	1.000E+00	1.000E+00	100.000	85	85	85
P14171_Q75_lddt	OKP-C-1_Q75_lddt	9.933E-01	9.818E-01	9.706E-01	56.900	85	86	86
P14171_Q75_lddt	OKP-D-1_Q75_lddt	9.950E-01	9.835E-01	9.612E-01	54.000	85	87	87
P14171_Q75_lddt	AF-Q6W7F0-F1-model_v4_Q75_lddt	9.947E-01	9.832E-01	9.609E-01	55.100	85	87	87
P14171_Q75_lddt	Q6ZY58_Q75_lddt	9.937E-01	9.822E-01	9.600E-01	54.000	85	87	87
P14171_Q75_lddt	Q8VQV7_Q75_lddt	9.933E-01	9.818E-01	9.596E-01	54.000	85	87	87
P14171_Q75_lddt	Q84H47_Q75_lddt	9.932E-01	9.818E-01	9.595E-01	54.000	85	87	87
P14171_Q75_lddt	H9AXM1_Q75_lddt	9.931E-01	9.816E-01	9.594E-01	54.000	85	87	87
P14171_Q75_lddt	R4ISB3_Q75_lddt	9.931E-01	9.816E-01	9.594E-01	55.100	85	87	87
P14171_Q75_lddt	Q84H48_Q75_lddt	9.929E-01	9.815E-01	9.593E-01	54.000	85	87	87
P14171_Q75_lddt	Q2YHY7_Q75_lddt	9.929E-01	9.814E-01	9.592E-01	54.000	85	87	87
P14171_Q75_lddt	A0A455LP02_Q75_lddt	9.928E-01	9.813E-01	9.591E-01	55.100	85	87	87
P14171_Q75_lddt	A0A455LP07_Q75_lddt	9.928E-01	9.813E-01	9.591E-01	55.100	85	87	87
P14171_Q75_lddt	B5D620_Q75_lddt	9.927E-01	9.812E-01	9.590E-01	54.000	85	87	87
P14171_Q75_lddt	A0A455LP13_Q75_lddt	9.926E-01	9.811E-01	9.590E-01	55.100	85	87	87
P14171_Q75_lddt	B8YHZ8_Q75_lddt	9.925E-01	9.810E-01	9.589E-01	54.000	85	87	87
P14171_Q75_lddt	C8CE59_Q75_lddt	9.814E-01	9.700E-01	9.700E-01	56.900	85	86	85
P14171_Q75_lddt	Q2YHX6_Q75_lddt	9.926E-01	9.811E-01	9.589E-01	54.000	85	87	87
P14171_Q75_lddt	Q2YHZ3_Q75_lddt	9.924E-01	9.809E-01	9.587E-01	54.000	85	87	87
P14171_Q75_lddt	A0A0P0IGT7_Q75_lddt	9.924E-01	9.810E-01	9.588E-01	54.000	85	87	87
P14171_Q75_lddt	A0A455LS80_Q75_lddt	9.924E-01	9.809E-01	9.587E-01	55.100	85	87	87
P14171_Q75_lddt	Q2YHX8_Q75_lddt	9.923E-01	9.808E-01	9.587E-01	54.000	85	87	87
P14171_Q75_lddt	Q5I6D4_Q75_lddt	9.923E-01	9.808E-01	9.587E-01	54.000	85	87	87
P14171_Q75_lddt	E9NST5_Q75_lddt	9.923E-01	9.808E-01	9.587E-01	52.800	85	87	87
P14171_Q75_lddt	Q9R429_Q75_lddt	9.923E-01	9.808E-01	9.586E-01	55.100	85	87	87
P14171_Q75_lddt	Q6ZY77_Q75_lddt	9.923E-01	9.808E-01	9.586E-01	52.800	85	87	87
P14171_Q75_lddt	Q8GHI3_Q75_lddt	9.922E-01	9.807E-01	9.586E-01	55.100	85	87	87
P14171_Q75_lddt	Q2YHZ0_Q75_lddt	9.920E-01	9.805E-01	9.584E-01	54.000	85	87	87
P14171_Q75_lddt	B5D612_Q75_lddt	9.922E-01	9.807E-01	9.586E-01	54.000	85	87	87
P14171_Q75_lddt	Q2YHZ5_Q75_lddt	9.921E-01	9.807E-01	9.585E-01	54.000	85	87	87
P14171_Q75_lddt	C8CE60_Q75_lddt	9.810E-01	9.696E-01	9.696E-01	56.900	85	86	85
P14171_Q75_lddt	Q5PU78_Q75_lddt	9.921E-01	9.807E-01	9.585E-01	54.000	85	87	87
P14171_Q75_lddt	Q2YHZ2_Q75_lddt	9.918E-01	9.804E-01	9.582E-01	54.000	85	87	87
P14171_Q75_lddt	Q6ZY74_Q75_lddt	9.917E-01	9.803E-01	9.581E-01	54.000	85	87	87
P14171_Q75_lddt	Q3SAW3_Q75_lddt	9.886E-01	9.658E-01	9.771E-01	44.700	85	85	84
P14171_Q75_lddt	Q6R5M7_Q75_lddt	9.913E-01	9.799E-01	9.577E-01	54.000	85	87	87
P14171_Q75_lddt	AF-P18251-F1-model_v4_Q75_lddt	9.942E-01	9.826E-01	9.497E-01	55.800	85	86	88
P14171_Q75_lddt	C0LSK3_Q75_lddt	9.937E-01	9.707E-01	9.595E-01	53.400	85	86	86
P14171_Q75_lddt	AF-A0A867XYA1-F1-model_v4_Q75_lddt	9.922E-01	9.808E-01	9.479E-01	47.600	85	86	88
P14171_Q75_lddt	B7FDD9_Q75_lddt	9.924E-01	9.465E-01	9.805E-01	55.200	85	85	82
P14171_Q75_lddt	C5HUY1_Q75_lddt	9.833E-01	9.607E-01	9.719E-01	41.100	85	85	84
P14171_Q75_lddt	C6GC02_Q75_lddt	9.831E-01	9.606E-01	9.717E-01	40.000	85	85	84
P14171_Q75_lddt	AF-A0A1J0HSJ3-F1-model_v4_Q75_lddt	9.909E-01	9.451E-01	9.790E-01	48.200	85	85	82
P14171_Q75_lddt	A0A097ZLX5_Q75_lddt	9.828E-01	9.603E-01	9.714E-01	41.100	85	85	84
P14171_Q75_lddt	Q939H3_Q75_lddt	9.930E-01	9.815E-01	9.381E-01	54.000	85	87	89
P14171_Q75_lddt	GES-44_Q75_lddt	9.820E-01	9.596E-01	9.707E-01	41.100	85	85	84
P14171_Q75_lddt	GES-41_Q75_lddt	9.819E-01	9.595E-01	9.706E-01	41.100	85	85	84
P14171_Q75_lddt	E5G517_Q75_lddt	9.919E-01	9.805E-01	9.371E-01	56.300	85	87	89
P14171_Q75_lddt	A0ZX80_Q75_lddt	9.920E-01	9.805E-01	9.372E-01	56.300	85	87	89
P14171_Q75_lddt	A0ZX91_Q75_lddt	9.920E-01	9.805E-01	9.372E-01	56.300	85	87	89
P14171_Q75_lddt	B9U2I6_Q75_lddt	9.920E-01	9.805E-01	9.372E-01	56.300	85	87	89
P14171_Q75_lddt	D5LGB4_Q75_lddt	9.920E-01	9.805E-01	9.372E-01	56.300	85	87	89
P14171_Q75_lddt	A3FFR2_Q75_lddt	9.919E-01	9.805E-01	9.371E-01	56.300	85	87	89
P14171_Q75_lddt	S4TWB0_Q75_lddt	9.919E-01	9.804E-01	9.371E-01	56.300	85	87	89
P14171_Q75_lddt	Q8VP57_Q75_lddt	9.919E-01	9.804E-01	9.371E-01	56.300	85	87	89
P14171_Q75_lddt	A0A2P9E069_Q75_lddt	9.918E-01	9.803E-01	9.370E-01	56.300	85	87	89
P14171_Q75_lddt	E5Q900_Q75_lddt	9.917E-01	9.803E-01	9.370E-01	56.300	85	87	89
P14171_Q75_lddt	Q2MJC2_Q75_lddt	9.916E-01	9.801E-01	9.368E-01	56.300	85	87	89
P14171_Q75_lddt	Q0PGR7_Q75_lddt	9.915E-01	9.801E-01	9.368E-01	56.300	85	87	89
P14171_Q75_lddt	A0A097BQY7_Q75_lddt	9.912E-01	9.798E-01	9.365E-01	56.300	85	87	89
P14171_Q75_lddt	O33677_Q75_lddt	9.760E-01	9.648E-01	9.538E-01	54.000	85	87	86
P14171_Q75_lddt	F8SQ10_Q75_lddt	9.912E-01	9.797E-01	9.365E-01	56.300	85	87	89
P14171_Q75_lddt	B0FP98_Q75_lddt	9.911E-01	9.796E-01	9.364E-01	56.300	85	87	89
P14171_Q75_lddt	Q939H5_Q75_lddt	9.910E-01	9.796E-01	9.363E-01	55.100	85	87	89
P14171_Q75_lddt	Q8KRG7_Q75_lddt	9.909E-01	9.795E-01	9.362E-01	55.100	85	87	89
P14171_Q75_lddt	Q8VP67_Q75_lddt	9.908E-01	9.794E-01	9.361E-01	56.300	85	87	89
P14171_Q75_lddt	H2ERK9_Q75_lddt	9.908E-01	9.794E-01	9.361E-01	56.300	85	87	89
P14171_Q75_lddt	J7HZA4_Q75_lddt	9.906E-01	9.792E-01	9.359E-01	55.100	85	87	89
P14171_Q75_lddt	AF-A0A3G1JAD7-F1-model_v4_Q75_lddt	9.874E-01	9.420E-01	9.757E-01	45.800	85	85	82
P14171_Q75_lddt	SGM-2_Q75_lddt	9.827E-01	9.601E-01	9.601E-01	48.200	85	85	85
P14171_Q75_lddt	SGM-3_Q75_lddt	9.820E-01	9.595E-01	9.595E-01	48.200	85	85	85
P14171_Q75_lddt	PER-16_Q75_lddt	9.744E-01	9.523E-01	9.632E-01	32.900	85	85	84
P14171_Q75_lddt	AF-A0A886X7X6-F1-model_v6_Q75_lddt	9.770E-01	9.547E-01	9.547E-01	28.200	85	85	85
P14171_Q75_lddt	SGM-5_Q75_lddt	9.768E-01	9.545E-01	9.545E-01	44.700	85	85	85
P14171_Q75_lddt	AF-Q1NAL0-F1-model_v4_Q75_lddt	9.752E-01	9.530E-01	9.530E-01	44.700	85	85	85
P14171_Q75_lddt	AF-E2D9D5-F1-model_v4_Q75_lddt	9.710E-01	9.490E-01	9.599E-01	27.000	85	85	84
P14171_Q75_lddt	D5HSX5_Q75_lddt	9.736E-01	9.404E-01	9.623E-01	34.100	85	85	83
P14171_Q75_lddt	A0A2Z2Z6H0_Q75_lddt	9.700E-01	9.481E-01	9.589E-01	42.300	85	85	84
P14171_Q75_lddt	Q9AMJ7_Q75_lddt	9.725E-01	9.394E-01	9.612E-01	28.200	85	85	83
P14171_Q75_lddt	F8T7L4_Q75_lddt	9.724E-01	9.393E-01	9.611E-01	32.900	85	85	83
P14171_Q75_lddt	P74842_Q75_lddt	9.723E-01	9.392E-01	9.611E-01	32.900	85	85	83
P14171_Q75_lddt	Q5XQD3_Q75_lddt	9.723E-01	9.392E-01	9.610E-01	32.900	85	85	83
P14171_Q75_lddt	A1YTM5_Q75_lddt	9.722E-01	9.391E-01	9.609E-01	28.200	85	85	83
P14171_Q75_lddt	AF-A0A0D0F642-F1-model_v4_Q75_lddt	9.714E-01	9.383E-01	9.601E-01	29.400	85	85	83
P14171_Q75_lddt	Q5W3A6_Q75_lddt	9.669E-01	9.451E-01	9.559E-01	30.500	85	85	84
P14171_Q75_lddt	RAA-1_Q75_lddt	9.697E-01	9.368E-01	9.585E-01	27.000	85	85	83
P14171_Q75_lddt	Q8VT49_Q75_lddt	9.688E-01	9.359E-01	9.576E-01	24.700	85	85	83
P14171_Q75_lddt	AF-E4WMC5-F1-model_v6_Q75_lddt	9.662E-01	9.335E-01	9.550E-01	29.400	85	85	83
P14171_Q75_lddt	A0A3Q8G682_Q75_lddt	9.552E-01	9.443E-01	9.337E-01	39.000	85	87	86
P14171_Q75_lddt	G9MB50_Q75_lddt	9.636E-01	9.310E-01	9.525E-01	25.800	85	85	83
P14171_Q75_lddt	G9M9P7_Q75_lddt	9.634E-01	9.309E-01	9.523E-01	24.700	85	85	83
P14171_Q75_lddt	G9MB49_Q75_lddt	9.632E-01	9.307E-01	9.521E-01	25.800	85	85	83
P14171_Q75_lddt	A0A1W5QH29_Q75_lddt	9.477E-01	9.370E-01	9.370E-01	36.700	85	87	85
P14171_Q75_lddt	B5L5W7_Q75_lddt	9.600E-01	9.492E-01	9.283E-01	30.500	85	85	87
P14171_Q75_lddt	A0A1W5QCF3_Q75_lddt	9.473E-01	9.366E-01	9.366E-01	35.600	85	87	85
P14171_Q75_lddt	AF-J9QX37-F1-model_v4_Q75_lddt	9.701E-01	9.152E-01	9.586E-01	27.000	85	85	81
P14171_Q75_lddt	Q9X6W1_Q75_lddt	9.598E-01	9.274E-01	9.487E-01	25.800	85	85	83
P14171_Q75_lddt	Q9XBM2_Q75_lddt	9.488E-01	9.381E-01	9.276E-01	39.000	85	87	86
P14171_Q75_lddt	A0A0B6VPP7_Q75_lddt	9.573E-01	9.250E-01	9.463E-01	24.700	85	85	83
P14171_Q75_lddt	A0A1W5QG57_Q75_lddt	9.436E-01	9.330E-01	9.330E-01	36.700	85	87	85
P14171_Q75_lddt	Q9RAZ9_Q75_lddt	9.620E-01	9.187E-01	9.508E-01	24.700	85	85	82
P14171_Q75_lddt	AF-A0A8E9ZWD0-F1-model_v6_Q75_lddt	9.577E-01	9.363E-01	9.363E-01	28.200	85	85	85
P14171_Q75_lddt	A0A0E0SR47_Q75_lddt	9.384E-01	9.278E-01	9.278E-01	35.600	85	87	85
P14171_Q75_lddt	AF-F4NA56-F1-model_v4_Q75_lddt	9.344E-01	9.240E-01	9.240E-01	35.600	85	87	85
P14171_Q75_lddt	AF-A0A127SQY3-F1-model_v6_Q75_lddt	9.425E-01	9.111E-01	9.318E-01	20.000	85	85	83
P14171_Q75_lddt	Q57509_Q75_lddt	9.413E-01	9.097E-01	9.200E-01	24.400	85	86	84
P14171_Q75_lddt	C8C0I2_Q75_lddt	9.347E-01	9.037E-01	9.241E-01	32.900	85	85	83
P14171_Q75_lddt	C8C0D8_Q75_lddt	9.079E-01	8.979E-01	8.882E-01	23.800	85	88	86
P14171_Q75_lddt	Q9X4S7_Q75_lddt	9.058E-01	8.959E-01	8.862E-01	22.700	85	88	86
Q5W3A6_Q75_lddt	Q5W3A6_Q75_lddt	1.012E+00	1.000E+00	1.000E+00	100.000	84	84	84
Q5W3A6_Q75_lddt	AF-E2D9D5-F1-model_v4_Q75_lddt	1.005E+00	9.933E-01	9.933E-01	57.100	84	84	84
Q5W3A6_Q75_lddt	AF-A0A0D0F642-F1-model_v4_Q75_lddt	1.005E+00	9.812E-01	9.929E-01	64.200	84	84	83
Q5W3A6_Q75_lddt	Q8VT49_Q75_lddt	1.004E+00	9.804E-01	9.922E-01	66.600	84	84	83
Q5W3A6_Q75_lddt	RAA-1_Q75_lddt	1.003E+00	9.794E-01	9.911E-01	58.300	84	84	83
Q5W3A6_Q75_lddt	AF-A0A886X7X6-F1-model_v6_Q75_lddt	1.002E+00	9.903E-01	9.787E-01	47.600	84	84	85
Q5W3A6_Q75_lddt	G9MB50_Q75_lddt	9.989E-01	9.754E-01	9.870E-01	46.400	84	84	83
Q5W3A6_Q75_lddt	G9M9P7_Q75_lddt	9.987E-01	9.752E-01	9.868E-01	48.800	84	84	83
Q5W3A6_Q75_lddt	G9MB49_Q75_lddt	9.987E-01	9.752E-01	9.868E-01	47.600	84	84	83
Q5W3A6_Q75_lddt	Q9RAZ9_Q75_lddt	1.002E+00	9.670E-01	9.904E-01	59.500	84	84	82
Q5W3A6_Q75_lddt	Q9AMJ7_Q75_lddt	9.969E-01	9.735E-01	9.850E-01	48.800	84	84	83
Q5W3A6_Q75_lddt	A1YTM5_Q75_lddt	9.968E-01	9.735E-01	9.850E-01	48.800	84	84	83
Q5W3A6_Q75_lddt	AF-A0A8E9ZWD0-F1-model_v6_Q75_lddt	9.933E-01	9.817E-01	9.704E-01	46.400	84	84	85
Q5W3A6_Q75_lddt	Q9X6W1_Q75_lddt	9.913E-01	9.681E-01	9.795E-01	55.900	84	84	83
Q5W3A6_Q75_lddt	PER-16_Q75_lddt	9.890E-01	9.775E-01	9.775E-01	44.000	84	84	84
Q5W3A6_Q75_lddt	AF-E4WMC5-F1-model_v6_Q75_lddt	9.928E-01	9.696E-01	9.811E-01	47.600	84	84	83
Q5W3A6_Q75_lddt	A0A0B6VPP7_Q75_lddt	9.906E-01	9.674E-01	9.789E-01	55.900	84	84	83
Q5W3A6_Q75_lddt	AF-A0A127SQY3-F1-model_v6_Q75_lddt	9.850E-01	9.620E-01	9.733E-01	41.600	84	84	83
Q5W3A6_Q75_lddt	P74842_Q75_lddt	9.848E-01	9.619E-01	9.732E-01	42.800	84	84	83
Q5W3A6_Q75_lddt	Q5XQD3_Q75_lddt	9.846E-01	9.618E-01	9.731E-01	42.800	84	84	83
Q5W3A6_Q75_lddt	F8T7L4_Q75_lddt	9.846E-01	9.618E-01	9.731E-01	42.800	84	84	83
Q5W3A6_Q75_lddt	D5HSX5_Q75_lddt	9.846E-01	9.618E-01	9.730E-01	42.800	84	84	83
Q5W3A6_Q75_lddt	C8C0I2_Q75_lddt	9.777E-01	9.548E-01	9.661E-01	52.900	84	85	83
Q5W3A6_Q75_lddt	AF-J9QX37-F1-model_v4_Q75_lddt	9.901E-01	9.440E-01	9.782E-01	42.800	84	84	81
Q5W3A6_Q75_lddt	Q3SAW3_Q75_lddt	9.764E-01	9.652E-01	9.652E-01	34.500	84	84	84
Q5W3A6_Q75_lddt	OKP-C-1_Q75_lddt	9.769E-01	9.657E-01	9.440E-01	33.700	84	86	86
Q5W3A6_Q75_lddt	Q9R429_Q75_lddt	9.806E-01	9.693E-01	9.368E-01	32.100	84	87	87
Q5W3A6_Q75_lddt	Q8GHI3_Q75_lddt	9.804E-01	9.691E-01	9.367E-01	31.000	84	87	87
Q5W3A6_Q75_lddt	H9AXM1_Q75_lddt	9.803E-01	9.690E-01	9.366E-01	31.000	84	87	87
Q5W3A6_Q75_lddt	AF-A0A1J0HSJ3-F1-model_v4_Q75_lddt	9.767E-01	9.429E-01	9.652E-01	33.300	84	84	82
Q5W3A6_Q75_lddt	AF-Q6W7F0-F1-model_v4_Q75_lddt	9.794E-01	9.681E-01	9.358E-01	34.400	84	87	87
Q5W3A6_Q75_lddt	Q57509_Q75_lddt	9.698E-01	9.472E-01	9.472E-01	41.100	84	85	84
Q5W3A6_Q75_lddt	SGM-2_Q75_lddt	9.711E-01	9.600E-01	9.491E-01	29.700	84	84	85
Q5W3A6_Q75_lddt	Q2YHX6_Q75_lddt	9.788E-01	9.675E-01	9.351E-01	33.300	84	87	87
Q5W3A6_Q75_lddt	Q84H48_Q75_lddt	9.784E-01	9.672E-01	9.349E-01	33.300	84	87	87
Q5W3A6_Q75_lddt	SGM-3_Q75_lddt	9.708E-01	9.596E-01	9.488E-01	29.700	84	84	85
Q5W3A6_Q75_lddt	A0A455LP13_Q75_lddt	9.783E-01	9.670E-01	9.347E-01	33.300	84	87	87
Q5W3A6_Q75_lddt	A0A455LP07_Q75_lddt	9.783E-01	9.670E-01	9.347E-01	33.300	84	87	87
Q5W3A6_Q75_lddt	A0A455LP02_Q75_lddt	9.783E-01	9.670E-01	9.347E-01	33.300	84	87	87
Q5W3A6_Q75_lddt	A0A0P0IGT7_Q75_lddt	9.783E-01	9.670E-01	9.347E-01	33.300	84	87	87
Q5W3A6_Q75_lddt	E9NST5_Q75_lddt	9.782E-01	9.670E-01	9.347E-01	33.300	84	87	87
Q5W3A6_Q75_lddt	B5D612_Q75_lddt	9.782E-01	9.670E-01	9.347E-01	33.300	84	87	87
Q5W3A6_Q75_lddt	Q5PU78_Q75_lddt	9.782E-01	9.669E-01	9.346E-01	33.300	84	87	87
Q5W3A6_Q75_lddt	A0A455LS80_Q75_lddt	9.781E-01	9.669E-01	9.346E-01	33.300	84	87	87
Q5W3A6_Q75_lddt	Q84H47_Q75_lddt	9.780E-01	9.668E-01	9.345E-01	33.300	84	87	87
Q5W3A6_Q75_lddt	Q8VQV7_Q75_lddt	9.780E-01	9.667E-01	9.344E-01	33.300	84	87	87
Q5W3A6_Q75_lddt	B5D620_Q75_lddt	9.780E-01	9.667E-01	9.344E-01	33.300	84	87	87
Q5W3A6_Q75_lddt	R4ISB3_Q75_lddt	9.780E-01	9.667E-01	9.344E-01	33.300	84	87	87
Q5W3A6_Q75_lddt	Q2YHZ2_Q75_lddt	9.779E-01	9.667E-01	9.344E-01	33.300	84	87	87
Q5W3A6_Q75_lddt	Q5I6D4_Q75_lddt	9.779E-01	9.666E-01	9.343E-01	33.300	84	87	87
Q5W3A6_Q75_lddt	B7FDD9_Q75_lddt	9.748E-01	9.412E-01	9.634E-01	34.500	84	84	82
Q5W3A6_Q75_lddt	GES-44_Q75_lddt	9.665E-01	9.555E-01	9.555E-01	32.100	84	84	84
Q5W3A6_Q75_lddt	Q2YHX8_Q75_lddt	9.778E-01	9.665E-01	9.342E-01	33.300	84	87	87
Q5W3A6_Q75_lddt	B8YHZ8_Q75_lddt	9.777E-01	9.665E-01	9.342E-01	33.300	84	87	87
Q5W3A6_Q75_lddt	AF-A0A3G1JAD7-F1-model_v4_Q75_lddt	9.743E-01	9.407E-01	9.629E-01	35.700	84	84	82
Q5W3A6_Q75_lddt	Q2YHY7_Q75_lddt	9.775E-01	9.662E-01	9.339E-01	33.300	84	87	87
Q5W3A6_Q75_lddt	Q6R5M7_Q75_lddt	9.773E-01	9.661E-01	9.339E-01	33.300	84	87	87
Q5W3A6_Q75_lddt	Q2YHZ3_Q75_lddt	9.769E-01	9.656E-01	9.334E-01	33.300	84	87	87
Q5W3A6_Q75_lddt	A0A2Z2Z6H0_Q75_lddt	9.642E-01	9.532E-01	9.532E-01	29.700	84	84	84
Q5W3A6_Q75_lddt	Q2YHZ5_Q75_lddt	9.768E-01	9.655E-01	9.333E-01	33.300	84	87	87
Q5W3A6_Q75_lddt	C5HUY1_Q75_lddt	9.654E-01	9.544E-01	9.544E-01	32.100	84	84	84
Q5W3A6_Q75_lddt	C8CE59_Q75_lddt	9.658E-01	9.547E-01	9.438E-01	34.800	84	86	85
Q5W3A6_Q75_lddt	Q6ZY77_Q75_lddt	9.766E-01	9.653E-01	9.332E-01	33.300	84	87	87
Q5W3A6_Q75_lddt	Q6ZY74_Q75_lddt	9.766E-01	9.653E-01	9.331E-01	33.300	84	87	87
Q5W3A6_Q75_lddt	Q2YHZ0_Q75_lddt	9.765E-01	9.653E-01	9.331E-01	33.300	84	87	87
Q5W3A6_Q75_lddt	A0A097ZLX5_Q75_lddt	9.652E-01	9.543E-01	9.543E-01	32.100	84	84	84
Q5W3A6_Q75_lddt	C6GC02_Q75_lddt	9.651E-01	9.542E-01	9.542E-01	30.900	84	84	84
Q5W3A6_Q75_lddt	GES-41_Q75_lddt	9.646E-01	9.536E-01	9.536E-01	32.100	84	84	84
Q5W3A6_Q75_lddt	P14171_Q75_lddt	9.669E-01	9.559E-01	9.451E-01	30.500	84	85	85
Q5W3A6_Q75_lddt	Q6ZY58_Q75_lddt	9.745E-01	9.633E-01	9.312E-01	33.300	84	87	87
Q5W3A6_Q75_lddt	C8CE60_Q75_lddt	9.637E-01	9.526E-01	9.418E-01	34.800	84	86	85
Q5W3A6_Q75_lddt	OKP-D-1_Q75_lddt	9.724E-01	9.613E-01	9.293E-01	32.100	84	87	87
Q5W3A6_Q75_lddt	AF-P18251-F1-model_v4_Q75_lddt	9.760E-01	9.648E-01	9.224E-01	32.500	84	86	88
Q5W3A6_Q75_lddt	C0LSK3_Q75_lddt	9.764E-01	9.539E-01	9.325E-01	32.500	84	86	86
Q5W3A6_Q75_lddt	Q8VP57_Q75_lddt	9.789E-01	9.676E-01	9.149E-01	34.400	84	87	89
Q5W3A6_Q75_lddt	A0ZX91_Q75_lddt	9.788E-01	9.675E-01	9.148E-01	34.400	84	87	89
Q5W3A6_Q75_lddt	B9U2I6_Q75_lddt	9.787E-01	9.675E-01	9.147E-01	34.400	84	87	89
Q5W3A6_Q75_lddt	AF-Q1NAL0-F1-model_v4_Q75_lddt	9.638E-01	9.528E-01	9.421E-01	32.100	84	84	85
Q5W3A6_Q75_lddt	A0ZX80_Q75_lddt	9.786E-01	9.673E-01	9.146E-01	34.400	84	87	89
Q5W3A6_Q75_lddt	S4TWB0_Q75_lddt	9.785E-01	9.673E-01	9.146E-01	34.400	84	87	89
Q5W3A6_Q75_lddt	AF-A0A867XYA1-F1-model_v4_Q75_lddt	9.750E-01	9.639E-01	9.215E-01	31.300	84	86	88
Q5W3A6_Q75_lddt	D5LGB4_Q75_lddt	9.785E-01	9.672E-01	9.145E-01	34.400	84	87	89
Q5W3A6_Q75_lddt	Q939H3_Q75_lddt	9.784E-01	9.671E-01	9.145E-01	33.300	84	87	89
Q5W3A6_Q75_lddt	F8SQ10_Q75_lddt	9.784E-01	9.672E-01	9.145E-01	34.400	84	87	89
Q5W3A6_Q75_lddt	A0A2P9E069_Q75_lddt	9.784E-01	9.671E-01	9.145E-01	34.400	84	87	89
Q5W3A6_Q75_lddt	Q0PGR7_Q75_lddt	9.783E-01	9.671E-01	9.144E-01	33.300	84	87	89
Q5W3A6_Q75_lddt	E5Q900_Q75_lddt	9.783E-01	9.670E-01	9.143E-01	34.400	84	87	89
Q5W3A6_Q75_lddt	Q939H5_Q75_lddt	9.783E-01	9.670E-01	9.143E-01	34.400	84	87	89
Q5W3A6_Q75_lddt	E5G517_Q75_lddt	9.781E-01	9.669E-01	9.142E-01	34.400	84	87	89
Q5W3A6_Q75_lddt	O33677_Q75_lddt	9.635E-01	9.524E-01	9.311E-01	31.000	84	87	86
Q5W3A6_Q75_lddt	Q2MJC2_Q75_lddt	9.776E-01	9.663E-01	9.137E-01	34.400	84	87	89
Q5W3A6_Q75_lddt	A3FFR2_Q75_lddt	9.774E-01	9.662E-01	9.136E-01	34.400	84	87	89
Q5W3A6_Q75_lddt	H2ERK9_Q75_lddt	9.774E-01	9.662E-01	9.136E-01	34.400	84	87	89
Q5W3A6_Q75_lddt	B0FP98_Q75_lddt	9.770E-01	9.658E-01	9.132E-01	34.400	84	87	89
Q5W3A6_Q75_lddt	Q8VP67_Q75_lddt	9.766E-01	9.654E-01	9.129E-01	34.400	84	87	89
Q5W3A6_Q75_lddt	J7HZA4_Q75_lddt	9.765E-01	9.653E-01	9.128E-01	34.400	84	87	89
Q5W3A6_Q75_lddt	Q8KRG7_Q75_lddt	9.764E-01	9.652E-01	9.127E-01	34.400	84	87	89
Q5W3A6_Q75_lddt	A0A097BQY7_Q75_lddt	9.761E-01	9.649E-01	9.125E-01	34.400	84	87	89
Q5W3A6_Q75_lddt	SGM-5_Q75_lddt	9.594E-01	9.486E-01	9.380E-01	30.900	84	84	85
Q5W3A6_Q75_lddt	B5L5W7_Q75_lddt	9.603E-01	9.494E-01	9.180E-01	34.100	84	85	87
Q5W3A6_Q75_lddt	Q9XBM2_Q75_lddt	9.521E-01	9.412E-01	9.201E-01	28.700	84	87	86
Q5W3A6_Q75_lddt	Q9X4S7_Q75_lddt	9.473E-01	9.363E-01	9.152E-01	36.300	84	88	86
Q5W3A6_Q75_lddt	C8C0D8_Q75_lddt	9.448E-01	9.340E-01	9.130E-01	37.500	84	88	86
Q5W3A6_Q75_lddt	A0A0E0SR47_Q75_lddt	9.385E-01	9.279E-01	9.175E-01	35.600	84	87	85
Q5W3A6_Q75_lddt	A0A3Q8G682_Q75_lddt	9.388E-01	9.282E-01	9.077E-01	31.000	84	87	86
Q5W3A6_Q75_lddt	A0A1W5QH29_Q75_lddt	9.321E-01	9.216E-01	9.113E-01	32.100	84	87	85
Q5W3A6_Q75_lddt	AF-F4NA56-F1-model_v4_Q75_lddt	9.314E-01	9.209E-01	9.106E-01	36.700	84	87	85
Q5W3A6_Q75_lddt	A0A1W5QCF3_Q75_lddt	9.311E-01	9.206E-01	9.103E-01	31.000	84	87	85
Q5W3A6_Q75_lddt	A0A1W5QG57_Q75_lddt	9.280E-01	9.176E-01	9.074E-01	32.100	84	87	85
S4TWB0_Q75_lddt	S4TWB0_Q75_lddt	1.011E+00	1.000E+00	1.000E+00	100.000	89	89	89
S4TWB0_Q75_lddt	A0ZX91_Q75_lddt	1.011E+00	1.000E+00	1.000E+00	100.000	89	89	89
S4TWB0_Q75_lddt	A0A2P9E069_Q75_lddt	1.011E+00	9.999E-01	9.999E-01	100.000	89	89	89
S4TWB0_Q75_lddt	B9U2I6_Q75_lddt	1.011E+00	9.999E-01	9.999E-01	100.000	89	89	89
S4TWB0_Q75_lddt	A0ZX80_Q75_lddt	1.011E+00	9.999E-01	9.999E-01	100.000	89	89	89
S4TWB0_Q75_lddt	Q8VP57_Q75_lddt	1.011E+00	9.999E-01	9.999E-01	100.000	89	89	89
S4TWB0_Q75_lddt	D5LGB4_Q75_lddt	1.011E+00	9.999E-01	9.999E-01	100.000	89	89	89
S4TWB0_Q75_lddt	E5Q900_Q75_lddt	1.011E+00	9.999E-01	9.999E-01	100.000	89	89	89
S4TWB0_Q75_lddt	A3FFR2_Q75_lddt	1.011E+00	9.999E-01	9.999E-01	100.000	89	89	89
S4TWB0_Q75_lddt	Q0PGR7_Q75_lddt	1.011E+00	9.998E-01	9.998E-01	98.800	89	89	89
S4TWB0_Q75_lddt	H2ERK9_Q75_lddt	1.011E+00	9.996E-01	9.996E-01	100.000	89	89	89
S4TWB0_Q75_lddt	B0FP98_Q75_lddt	1.011E+00	9.995E-01	9.995E-01	98.800	89	89	89
S4TWB0_Q75_lddt	Q939H5_Q75_lddt	1.011E+00	9.994E-01	9.994E-01	98.800	89	89	89
S4TWB0_Q75_lddt	F8SQ10_Q75_lddt	1.011E+00	9.993E-01	9.993E-01	100.000	89	89	89
S4TWB0_Q75_lddt	Q2MJC2_Q75_lddt	1.011E+00	9.993E-01	9.993E-01	100.000	89	89	89
S4TWB0_Q75_lddt	A0A097BQY7_Q75_lddt	1.011E+00	9.992E-01	9.992E-01	100.000	89	89	89
S4TWB0_Q75_lddt	J7HZA4_Q75_lddt	1.011E+00	9.992E-01	9.992E-01	98.800	89	89	89
S4TWB0_Q75_lddt	Q8VP67_Q75_lddt	1.010E+00	9.992E-01	9.992E-01	100.000	89	89	89
S4TWB0_Q75_lddt	Q939H3_Q75_lddt	1.010E+00	9.991E-01	9.991E-01	92.100	89	89	89
S4TWB0_Q75_lddt	Q8KRG7_Q75_lddt	1.010E+00	9.990E-01	9.990E-01	98.800	89	89	89
S4TWB0_Q75_lddt	E5G517_Q75_lddt	1.006E+00	9.943E-01	9.943E-01	98.800	89	89	89
S4TWB0_Q75_lddt	AF-A0A867XYA1-F1-model_v4_Q75_lddt	1.008E+00	9.859E-01	9.970E-01	88.700	89	89	88
S4TWB0_Q75_lddt	AF-P18251-F1-model_v4_Q75_lddt	1.008E+00	9.852E-01	9.963E-01	95.500	89	89	88
S4TWB0_Q75_lddt	Q5I6D4_Q75_lddt	1.011E+00	9.772E-01	9.997E-01	95.400	89	87	87
S4TWB0_Q75_lddt	B8YHZ8_Q75_lddt	1.011E+00	9.772E-01	9.997E-01	94.200	89	87	87
S4TWB0_Q75_lddt	Q2YHX6_Q75_lddt	1.011E+00	9.772E-01	9.997E-01	95.400	89	87	87
S4TWB0_Q75_lddt	Q2YHX8_Q75_lddt	1.011E+00	9.772E-01	9.997E-01	95.400	89	87	87
S4TWB0_Q75_lddt	B5D620_Q75_lddt	1.011E+00	9.772E-01	9.996E-01	94.200	89	87	87
S4TWB0_Q75_lddt	B5D612_Q75_lddt	1.011E+00	9.772E-01	9.996E-01	93.100	89	87	87
S4TWB0_Q75_lddt	A0A455LP07_Q75_lddt	1.011E+00	9.771E-01	9.996E-01	93.100	89	87	87
S4TWB0_Q75_lddt	A0A455LP13_Q75_lddt	1.011E+00	9.771E-01	9.995E-01	93.100	89	87	87
S4TWB0_Q75_lddt	A0A0P0IGT7_Q75_lddt	1.011E+00	9.771E-01	9.995E-01	93.100	89	87	87
S4TWB0_Q75_lddt	E9NST5_Q75_lddt	1.011E+00	9.771E-01	9.995E-01	90.800	89	87	87
S4TWB0_Q75_lddt	A0A455LP02_Q75_lddt	1.011E+00	9.771E-01	9.995E-01	93.100	89	87	87
S4TWB0_Q75_lddt	R4ISB3_Q75_lddt	1.011E+00	9.771E-01	9.995E-01	93.100	89	87	87
S4TWB0_Q75_lddt	Q2YHZ5_Q75_lddt	1.011E+00	9.768E-01	9.993E-01	94.200	89	87	87
S4TWB0_Q75_lddt	Q2YHZ2_Q75_lddt	1.011E+00	9.768E-01	9.993E-01	94.200	89	87	87
S4TWB0_Q75_lddt	Q6ZY74_Q75_lddt	1.011E+00	9.768E-01	9.992E-01	94.200	89	87	87
S4TWB0_Q75_lddt	Q5PU78_Q75_lddt	1.011E+00	9.768E-01	9.992E-01	94.200	89	87	87
S4TWB0_Q75_lddt	Q6ZY77_Q75_lddt	1.011E+00	9.768E-01	9.992E-01	93.100	89	87	87
S4TWB0_Q75_lddt	Q84H48_Q75_lddt	1.011E+00	9.768E-01	9.992E-01	91.900	89	87	87
S4TWB0_Q75_lddt	Q2YHZ0_Q75_lddt	1.011E+00	9.768E-01	9.992E-01	94.200	89	87	87
S4TWB0_Q75_lddt	Q2YHZ3_Q75_lddt	1.011E+00	9.768E-01	9.992E-01	94.200	89	87	87
S4TWB0_Q75_lddt	Q6R5M7_Q75_lddt	1.011E+00	9.768E-01	9.992E-01	94.200	89	87	87
S4TWB0_Q75_lddt	A0A455LS80_Q75_lddt	1.011E+00	9.767E-01	9.992E-01	94.200	89	87	87
S4TWB0_Q75_lddt	Q9R429_Q75_lddt	1.011E+00	9.765E-01	9.990E-01	81.600	89	87	87
S4TWB0_Q75_lddt	Q8GHI3_Q75_lddt	1.011E+00	9.765E-01	9.989E-01	80.400	89	87	87
S4TWB0_Q75_lddt	Q6ZY58_Q75_lddt	1.010E+00	9.764E-01	9.988E-01	93.100	89	87	87
S4TWB0_Q75_lddt	Q2YHY7_Q75_lddt	1.010E+00	9.763E-01	9.987E-01	94.200	89	87	87
S4TWB0_Q75_lddt	Q84H47_Q75_lddt	1.010E+00	9.763E-01	9.987E-01	91.900	89	87	87
S4TWB0_Q75_lddt	H9AXM1_Q75_lddt	1.010E+00	9.761E-01	9.986E-01	78.100	89	87	87
S4TWB0_Q75_lddt	Q8VQV7_Q75_lddt	1.010E+00	9.760E-01	9.984E-01	91.900	89	87	87
S4TWB0_Q75_lddt	AF-Q6W7F0-F1-model_v4_Q75_lddt	1.010E+00	9.759E-01	9.983E-01	83.900	89	87	87
S4TWB0_Q75_lddt	OKP-D-1_Q75_lddt	1.008E+00	9.743E-01	9.966E-01	91.900	89	87	87
S4TWB0_Q75_lddt	OKP-C-1_Q75_lddt	1.010E+00	9.649E-01	9.985E-01	96.500	89	87	86
S4TWB0_Q75_lddt	C0LSK3_Q75_lddt	1.010E+00	9.646E-01	9.981E-01	94.100	89	86	86
S4TWB0_Q75_lddt	C8CE59_Q75_lddt	1.011E+00	9.544E-01	9.993E-01	97.700	89	87	85
S4TWB0_Q75_lddt	C8CE60_Q75_lddt	1.011E+00	9.543E-01	9.992E-01	97.700	89	87	85
S4TWB0_Q75_lddt	O33677_Q75_lddt	1.005E+00	9.596E-01	9.929E-01	79.300	89	87	86
S4TWB0_Q75_lddt	B7FDD9_Q75_lddt	1.010E+00	9.195E-01	9.978E-01	94.200	89	87	82
S4TWB0_Q75_lddt	P14171_Q75_lddt	9.919E-01	9.371E-01	9.804E-01	56.300	89	87	85
S4TWB0_Q75_lddt	Q3SAW3_Q75_lddt	9.949E-01	9.289E-01	9.833E-01	56.300	89	87	84
S4TWB0_Q75_lddt	C5HUY1_Q75_lddt	9.944E-01	9.285E-01	9.828E-01	49.400	89	87	84
S4TWB0_Q75_lddt	C6GC02_Q75_lddt	9.943E-01	9.284E-01	9.827E-01	48.200	89	87	84
S4TWB0_Q75_lddt	A0A097ZLX5_Q75_lddt	9.943E-01	9.284E-01	9.827E-01	49.400	89	87	84
S4TWB0_Q75_lddt	AF-A0A1J0HSJ3-F1-model_v4_Q75_lddt	1.001E+00	9.122E-01	9.893E-01	52.800	89	87	82
S4TWB0_Q75_lddt	GES-44_Q75_lddt	9.928E-01	9.270E-01	9.812E-01	49.400	89	87	84
S4TWB0_Q75_lddt	AF-A0A3G1JAD7-F1-model_v4_Q75_lddt	1.001E+00	9.118E-01	9.888E-01	54.000	89	87	82
S4TWB0_Q75_lddt	GES-41_Q75_lddt	9.925E-01	9.268E-01	9.809E-01	49.400	89	87	84
S4TWB0_Q75_lddt	SGM-3_Q75_lddt	9.941E-01	9.282E-01	9.711E-01	54.000	89	87	85
S4TWB0_Q75_lddt	SGM-2_Q75_lddt	9.938E-01	9.279E-01	9.709E-01	54.000	89	87	85
S4TWB0_Q75_lddt	PER-16_Q75_lddt	9.867E-01	9.217E-01	9.753E-01	41.300	89	87	84
S4TWB0_Q75_lddt	AF-E2D9D5-F1-model_v4_Q75_lddt	9.858E-01	9.209E-01	9.743E-01	31.000	89	87	84
S4TWB0_Q75_lddt	AF-A0A886X7X6-F1-model_v6_Q75_lddt	9.884E-01	9.232E-01	9.657E-01	32.100	89	87	85
S4TWB0_Q75_lddt	Q9AMJ7_Q75_lddt	9.882E-01	9.122E-01	9.766E-01	31.000	89	87	83
S4TWB0_Q75_lddt	A1YTM5_Q75_lddt	9.877E-01	9.118E-01	9.761E-01	31.000	89	87	83
S4TWB0_Q75_lddt	A0A1W5QH29_Q75_lddt	9.783E-01	9.250E-01	9.671E-01	37.900	89	87	85
S4TWB0_Q75_lddt	RAA-1_Q75_lddt	9.866E-01	9.108E-01	9.750E-01	33.300	89	87	83
S4TWB0_Q75_lddt	SGM-5_Q75_lddt	9.860E-01	9.211E-01	9.634E-01	50.500	89	87	85
S4TWB0_Q75_lddt	D5HSX5_Q75_lddt	9.858E-01	9.101E-01	9.742E-01	41.300	89	87	83
S4TWB0_Q75_lddt	A0A1W5QCF3_Q75_lddt	9.773E-01	9.241E-01	9.662E-01	37.900	89	87	85
S4TWB0_Q75_lddt	A0A2Z2Z6H0_Q75_lddt	9.816E-01	9.172E-01	9.702E-01	47.100	89	87	84
S4TWB0_Q75_lddt	AF-Q1NAL0-F1-model_v4_Q75_lddt	9.847E-01	9.199E-01	9.621E-01	54.000	89	87	85
S4TWB0_Q75_lddt	F8T7L4_Q75_lddt	9.845E-01	9.090E-01	9.730E-01	37.900	89	87	83
S4TWB0_Q75_lddt	A0A3Q8G682_Q75_lddt	9.693E-01	9.271E-01	9.584E-01	54.000	89	87	86
S4TWB0_Q75_lddt	Q5XQD3_Q75_lddt	9.844E-01	9.089E-01	9.728E-01	37.900	89	87	83
S4TWB0_Q75_lddt	P74842_Q75_lddt	9.841E-01	9.086E-01	9.726E-01	39.000	89	87	83
S4TWB0_Q75_lddt	Q8VT49_Q75_lddt	9.832E-01	9.079E-01	9.717E-01	31.000	89	87	83
S4TWB0_Q75_lddt	Q9XBM2_Q75_lddt	9.682E-01	9.260E-01	9.573E-01	42.500	89	87	86
S4TWB0_Q75_lddt	A0A1W5QG57_Q75_lddt	9.744E-01	9.215E-01	9.633E-01	37.900	89	87	85
S4TWB0_Q75_lddt	Q5W3A6_Q75_lddt	9.785E-01	9.146E-01	9.673E-01	34.400	89	87	84
S4TWB0_Q75_lddt	AF-A0A0D0F642-F1-model_v4_Q75_lddt	9.824E-01	9.072E-01	9.709E-01	32.100	89	87	83
S4TWB0_Q75_lddt	AF-E4WMC5-F1-model_v6_Q75_lddt	9.792E-01	9.044E-01	9.678E-01	35.600	89	87	83
S4TWB0_Q75_lddt	G9MB50_Q75_lddt	9.790E-01	9.043E-01	9.676E-01	31.000	89	87	83
S4TWB0_Q75_lddt	A0A0E0SR47_Q75_lddt	9.700E-01	9.175E-01	9.590E-01	40.200	89	87	85
S4TWB0_Q75_lddt	G9M9P7_Q75_lddt	9.784E-01	9.038E-01	9.670E-01	29.800	89	87	83
S4TWB0_Q75_lddt	G9MB49_Q75_lddt	9.782E-01	9.036E-01	9.668E-01	31.000	89	87	83
S4TWB0_Q75_lddt	AF-A0A8E9ZWD0-F1-model_v6_Q75_lddt	9.760E-01	9.123E-01	9.538E-01	31.000	89	87	85
S4TWB0_Q75_lddt	AF-J9QX37-F1-model_v4_Q75_lddt	9.828E-01	8.860E-01	9.710E-01	28.700	89	87	81
S4TWB0_Q75_lddt	Q9X6W1_Q75_lddt	9.721E-01	8.980E-01	9.608E-01	32.100	89	87	83
S4TWB0_Q75_lddt	AF-F4NA56-F1-model_v4_Q75_lddt	9.651E-01	9.131E-01	9.542E-01	37.900	89	87	85
S4TWB0_Q75_lddt	Q9RAZ9_Q75_lddt	9.777E-01	8.925E-01	9.661E-01	31.000	89	87	82
S4TWB0_Q75_lddt	A0A0B6VPP7_Q75_lddt	9.689E-01	8.953E-01	9.576E-01	31.000	89	87	83
S4TWB0_Q75_lddt	B5L5W7_Q75_lddt	9.681E-01	9.156E-01	9.359E-01	37.900	89	87	87
S4TWB0_Q75_lddt	AF-A0A127SQY3-F1-model_v6_Q75_lddt	9.556E-01	8.838E-01	9.446E-01	25.200	89	87	83
S4TWB0_Q75_lddt	Q57509_Q75_lddt	9.507E-01	8.789E-01	9.291E-01	28.400	89	88	84
S4TWB0_Q75_lddt	C8C0I2_Q75_lddt	9.481E-01	8.771E-01	9.373E-01	32.100	89	87	83
S4TWB0_Q75_lddt	C8C0D8_Q75_lddt	9.184E-01	8.794E-01	9.084E-01	25.800	89	89	86
S4TWB0_Q75_lddt	Q9X4S7_Q75_lddt	9.164E-01	8.775E-01	9.064E-01	28.000	89	89	86
AF-A0A0D0F642-F1-model_v4_Q75_lddt	AF-A0A0D0F642-F1-model_v4_Q75_lddt	1.012E+00	1.000E+00	1.000E+00	100.000	83	83	83
AF-A0A0D0F642-F1-model_v4_Q75_lddt	Q8VT49_Q75_lddt	1.005E+00	9.927E-01	9.927E-01	63.800	83	83	83
AF-A0A0D0F642-F1-model_v4_Q75_lddt	G9MB50_Q75_lddt	1.004E+00	9.923E-01	9.923E-01	55.400	83	83	83
AF-A0A0D0F642-F1-model_v4_Q75_lddt	G9MB49_Q75_lddt	1.004E+00	9.918E-01	9.918E-01	56.600	83	83	83
AF-A0A0D0F642-F1-model_v4_Q75_lddt	G9M9P7_Q75_lddt	1.004E+00	9.917E-01	9.917E-01	57.800	83	83	83
AF-A0A0D0F642-F1-model_v4_Q75_lddt	AF-E2D9D5-F1-model_v4_Q75_lddt	1.008E+00	9.955E-01	9.837E-01	65.400	83	84	84
AF-A0A0D0F642-F1-model_v4_Q75_lddt	RAA-1_Q75_lddt	1.003E+00	9.913E-01	9.913E-01	59.000	83	83	83
AF-A0A0D0F642-F1-model_v4_Q75_lddt	Q5W3A6_Q75_lddt	1.005E+00	9.929E-01	9.812E-01	64.200	83	84	84
AF-A0A0D0F642-F1-model_v4_Q75_lddt	Q9AMJ7_Q75_lddt	1.001E+00	9.888E-01	9.888E-01	59.000	83	83	83
AF-A0A0D0F642-F1-model_v4_Q75_lddt	Q9RAZ9_Q75_lddt	1.005E+00	9.808E-01	9.927E-01	60.200	83	83	82
AF-A0A0D0F642-F1-model_v4_Q75_lddt	A1YTM5_Q75_lddt	1.001E+00	9.886E-01	9.886E-01	59.000	83	83	83
AF-A0A0D0F642-F1-model_v4_Q75_lddt	Q9X6W1_Q75_lddt	9.962E-01	9.843E-01	9.843E-01	65.000	83	83	83
AF-A0A0D0F642-F1-model_v4_Q75_lddt	A0A0B6VPP7_Q75_lddt	9.953E-01	9.835E-01	9.835E-01	65.000	83	83	83
AF-A0A0D0F642-F1-model_v4_Q75_lddt	AF-A0A886X7X6-F1-model_v6_Q75_lddt	1.005E+00	9.928E-01	9.696E-01	58.300	83	84	85
AF-A0A0D0F642-F1-model_v4_Q75_lddt	D5HSX5_Q75_lddt	9.941E-01	9.823E-01	9.823E-01	57.800	83	83	83
AF-A0A0D0F642-F1-model_v4_Q75_lddt	P74842_Q75_lddt	9.938E-01	9.820E-01	9.820E-01	57.800	83	83	83
AF-A0A0D0F642-F1-model_v4_Q75_lddt	F8T7L4_Q75_lddt	9.936E-01	9.819E-01	9.819E-01	56.600	83	83	83
AF-A0A0D0F642-F1-model_v4_Q75_lddt	Q5XQD3_Q75_lddt	9.936E-01	9.818E-01	9.818E-01	56.600	83	83	83
AF-A0A0D0F642-F1-model_v4_Q75_lddt	PER-16_Q75_lddt	9.971E-01	9.852E-01	9.737E-01	55.900	83	84	84
AF-A0A0D0F642-F1-model_v4_Q75_lddt	AF-E4WMC5-F1-model_v6_Q75_lddt	9.907E-01	9.790E-01	9.790E-01	55.400	83	83	83
AF-A0A0D0F642-F1-model_v4_Q75_lddt	AF-A0A127SQY3-F1-model_v6_Q75_lddt	9.866E-01	9.749E-01	9.749E-01	42.100	83	83	83
AF-A0A0D0F642-F1-model_v4_Q75_lddt	AF-J9QX37-F1-model_v4_Q75_lddt	9.955E-01	9.601E-01	9.834E-01	38.500	83	83	81
AF-A0A0D0F642-F1-model_v4_Q75_lddt	AF-A0A8E9ZWD0-F1-model_v6_Q75_lddt	9.922E-01	9.805E-01	9.578E-01	48.800	83	84	85
AF-A0A0D0F642-F1-model_v4_Q75_lddt	C8C0I2_Q75_lddt	9.776E-01	9.660E-01	9.660E-01	53.500	83	84	83
AF-A0A0D0F642-F1-model_v4_Q75_lddt	AF-A0A1J0HSJ3-F1-model_v4_Q75_lddt	9.816E-01	9.586E-01	9.700E-01	32.500	83	83	82
AF-A0A0D0F642-F1-model_v4_Q75_lddt	AF-A0A3G1JAD7-F1-model_v4_Q75_lddt	9.807E-01	9.578E-01	9.691E-01	34.900	83	83	82
AF-A0A0D0F642-F1-model_v4_Q75_lddt	Q3SAW3_Q75_lddt	9.795E-01	9.680E-01	9.569E-01	32.100	83	84	84
AF-A0A0D0F642-F1-model_v4_Q75_lddt	B7FDD9_Q75_lddt	9.804E-01	9.575E-01	9.688E-01	32.500	83	83	82
AF-A0A0D0F642-F1-model_v4_Q75_lddt	Q57509_Q75_lddt	9.723E-01	9.609E-01	9.497E-01	55.900	83	84	84
AF-A0A0D0F642-F1-model_v4_Q75_lddt	C8CE59_Q75_lddt	9.814E-01	9.700E-01	9.478E-01	32.900	83	85	85
AF-A0A0D0F642-F1-model_v4_Q75_lddt	C8CE60_Q75_lddt	9.794E-01	9.679E-01	9.459E-01	32.900	83	85	85
AF-A0A0D0F642-F1-model_v4_Q75_lddt	SGM-2_Q75_lddt	9.789E-01	9.675E-01	9.454E-01	38.000	83	84	85
AF-A0A0D0F642-F1-model_v4_Q75_lddt	SGM-3_Q75_lddt	9.785E-01	9.671E-01	9.450E-01	38.000	83	84	85
AF-A0A0D0F642-F1-model_v4_Q75_lddt	GES-44_Q75_lddt	9.739E-01	9.625E-01	9.515E-01	36.900	83	84	84
AF-A0A0D0F642-F1-model_v4_Q75_lddt	Q9R429_Q75_lddt	9.850E-01	9.734E-01	9.298E-01	34.400	83	87	87
AF-A0A0D0F642-F1-model_v4_Q75_lddt	H9AXM1_Q75_lddt	9.848E-01	9.733E-01	9.297E-01	33.300	83	87	87
AF-A0A0D0F642-F1-model_v4_Q75_lddt	Q8GHI3_Q75_lddt	9.847E-01	9.731E-01	9.295E-01	33.300	83	87	87
AF-A0A0D0F642-F1-model_v4_Q75_lddt	OKP-C-1_Q75_lddt	9.809E-01	9.694E-01	9.366E-01	31.300	83	86	86
AF-A0A0D0F642-F1-model_v4_Q75_lddt	AF-Q6W7F0-F1-model_v4_Q75_lddt	9.840E-01	9.725E-01	9.289E-01	35.600	83	87	87
AF-A0A0D0F642-F1-model_v4_Q75_lddt	GES-41_Q75_lddt	9.723E-01	9.610E-01	9.500E-01	36.900	83	84	84
AF-A0A0D0F642-F1-model_v4_Q75_lddt	C5HUY1_Q75_lddt	9.721E-01	9.608E-01	9.498E-01	36.900	83	84	84
AF-A0A0D0F642-F1-model_v4_Q75_lddt	A0A097ZLX5_Q75_lddt	9.720E-01	9.607E-01	9.497E-01	36.900	83	84	84
AF-A0A0D0F642-F1-model_v4_Q75_lddt	C6GC02_Q75_lddt	9.717E-01	9.604E-01	9.494E-01	35.700	83	84	84
AF-A0A0D0F642-F1-model_v4_Q75_lddt	Q2YHX6_Q75_lddt	9.826E-01	9.711E-01	9.277E-01	31.000	83	87	87
AF-A0A0D0F642-F1-model_v4_Q75_lddt	Q84H48_Q75_lddt	9.825E-01	9.710E-01	9.275E-01	32.100	83	87	87
AF-A0A0D0F642-F1-model_v4_Q75_lddt	Q8VQV7_Q75_lddt	9.823E-01	9.708E-01	9.274E-01	32.100	83	87	87
AF-A0A0D0F642-F1-model_v4_Q75_lddt	Q84H47_Q75_lddt	9.823E-01	9.708E-01	9.274E-01	32.100	83	87	87
AF-A0A0D0F642-F1-model_v4_Q75_lddt	A0A455LP07_Q75_lddt	9.822E-01	9.707E-01	9.273E-01	32.100	83	87	87
AF-A0A0D0F642-F1-model_v4_Q75_lddt	A0A455LP02_Q75_lddt	9.821E-01	9.706E-01	9.272E-01	32.100	83	87	87
AF-A0A0D0F642-F1-model_v4_Q75_lddt	A0A455LP13_Q75_lddt	9.821E-01	9.706E-01	9.272E-01	32.100	83	87	87
AF-A0A0D0F642-F1-model_v4_Q75_lddt	B5D612_Q75_lddt	9.821E-01	9.706E-01	9.272E-01	32.100	83	87	87
AF-A0A0D0F642-F1-model_v4_Q75_lddt	A0A455LS80_Q75_lddt	9.821E-01	9.706E-01	9.272E-01	32.100	83	87	87
AF-A0A0D0F642-F1-model_v4_Q75_lddt	Q5PU78_Q75_lddt	9.820E-01	9.705E-01	9.271E-01	31.000	83	87	87
AF-A0A0D0F642-F1-model_v4_Q75_lddt	A0A0P0IGT7_Q75_lddt	9.820E-01	9.705E-01	9.271E-01	32.100	83	87	87
AF-A0A0D0F642-F1-model_v4_Q75_lddt	E9NST5_Q75_lddt	9.819E-01	9.704E-01	9.270E-01	32.100	83	87	87
AF-A0A0D0F642-F1-model_v4_Q75_lddt	Q2YHZ2_Q75_lddt	9.819E-01	9.704E-01	9.270E-01	31.000	83	87	87
AF-A0A0D0F642-F1-model_v4_Q75_lddt	Q5I6D4_Q75_lddt	9.819E-01	9.704E-01	9.270E-01	31.000	83	87	87
AF-A0A0D0F642-F1-model_v4_Q75_lddt	R4ISB3_Q75_lddt	9.818E-01	9.704E-01	9.270E-01	32.100	83	87	87
AF-A0A0D0F642-F1-model_v4_Q75_lddt	B5D620_Q75_lddt	9.818E-01	9.703E-01	9.270E-01	31.000	83	87	87
AF-A0A0D0F642-F1-model_v4_Q75_lddt	B8YHZ8_Q75_lddt	9.818E-01	9.703E-01	9.269E-01	31.000	83	87	87
AF-A0A0D0F642-F1-model_v4_Q75_lddt	Q2YHX8_Q75_lddt	9.817E-01	9.702E-01	9.268E-01	31.000	83	87	87
AF-A0A0D0F642-F1-model_v4_Q75_lddt	Q2YHY7_Q75_lddt	9.815E-01	9.701E-01	9.267E-01	31.000	83	87	87
AF-A0A0D0F642-F1-model_v4_Q75_lddt	Q6R5M7_Q75_lddt	9.809E-01	9.695E-01	9.262E-01	31.000	83	87	87
AF-A0A0D0F642-F1-model_v4_Q75_lddt	Q2YHZ3_Q75_lddt	9.808E-01	9.694E-01	9.261E-01	31.000	83	87	87
AF-A0A0D0F642-F1-model_v4_Q75_lddt	Q2YHZ5_Q75_lddt	9.808E-01	9.693E-01	9.260E-01	31.000	83	87	87
AF-A0A0D0F642-F1-model_v4_Q75_lddt	Q6ZY77_Q75_lddt	9.807E-01	9.693E-01	9.260E-01	31.000	83	87	87
AF-A0A0D0F642-F1-model_v4_Q75_lddt	Q2YHZ0_Q75_lddt	9.806E-01	9.691E-01	9.258E-01	31.000	83	87	87
AF-A0A0D0F642-F1-model_v4_Q75_lddt	Q6ZY74_Q75_lddt	9.802E-01	9.687E-01	9.255E-01	31.000	83	87	87
AF-A0A0D0F642-F1-model_v4_Q75_lddt	A0A2Z2Z6H0_Q75_lddt	9.672E-01	9.560E-01	9.451E-01	34.500	83	84	84
AF-A0A0D0F642-F1-model_v4_Q75_lddt	P14171_Q75_lddt	9.714E-01	9.601E-01	9.383E-01	29.400	83	85	85
AF-A0A0D0F642-F1-model_v4_Q75_lddt	Q6ZY58_Q75_lddt	9.785E-01	9.671E-01	9.240E-01	31.000	83	87	87
AF-A0A0D0F642-F1-model_v4_Q75_lddt	AF-Q1NAL0-F1-model_v4_Q75_lddt	9.706E-01	9.594E-01	9.377E-01	38.000	83	84	85
AF-A0A0D0F642-F1-model_v4_Q75_lddt	AF-P18251-F1-model_v4_Q75_lddt	9.817E-01	9.703E-01	9.166E-01	30.200	83	86	88
AF-A0A0D0F642-F1-model_v4_Q75_lddt	OKP-D-1_Q75_lddt	9.775E-01	9.661E-01	9.231E-01	31.000	83	87	87
AF-A0A0D0F642-F1-model_v4_Q75_lddt	C0LSK3_Q75_lddt	9.808E-01	9.579E-01	9.254E-01	30.200	83	86	86
AF-A0A0D0F642-F1-model_v4_Q75_lddt	O33677_Q75_lddt	9.684E-01	9.571E-01	9.247E-01	32.100	83	87	86
AF-A0A0D0F642-F1-model_v4_Q75_lddt	Q8VP57_Q75_lddt	9.828E-01	9.713E-01	9.075E-01	32.100	83	87	89
AF-A0A0D0F642-F1-model_v4_Q75_lddt	SGM-5_Q75_lddt	9.677E-01	9.565E-01	9.349E-01	36.900	83	84	85
AF-A0A0D0F642-F1-model_v4_Q75_lddt	A0ZX91_Q75_lddt	9.826E-01	9.711E-01	9.074E-01	32.100	83	87	89
AF-A0A0D0F642-F1-model_v4_Q75_lddt	B9U2I6_Q75_lddt	9.826E-01	9.711E-01	9.073E-01	32.100	83	87	89
AF-A0A0D0F642-F1-model_v4_Q75_lddt	S4TWB0_Q75_lddt	9.824E-01	9.709E-01	9.072E-01	32.100	83	87	89
AF-A0A0D0F642-F1-model_v4_Q75_lddt	A0ZX80_Q75_lddt	9.824E-01	9.709E-01	9.072E-01	32.100	83	87	89
AF-A0A0D0F642-F1-model_v4_Q75_lddt	D5LGB4_Q75_lddt	9.824E-01	9.709E-01	9.072E-01	32.100	83	87	89
AF-A0A0D0F642-F1-model_v4_Q75_lddt	AF-A0A867XYA1-F1-model_v4_Q75_lddt	9.789E-01	9.674E-01	9.141E-01	29.000	83	86	88
AF-A0A0D0F642-F1-model_v4_Q75_lddt	A0A2P9E069_Q75_lddt	9.824E-01	9.709E-01	9.072E-01	32.100	83	87	89
AF-A0A0D0F642-F1-model_v4_Q75_lddt	Q939H3_Q75_lddt	9.822E-01	9.707E-01	9.070E-01	32.100	83	87	89
AF-A0A0D0F642-F1-model_v4_Q75_lddt	E5Q900_Q75_lddt	9.821E-01	9.707E-01	9.070E-01	32.100	83	87	89
AF-A0A0D0F642-F1-model_v4_Q75_lddt	Q0PGR7_Q75_lddt	9.821E-01	9.707E-01	9.070E-01	32.100	83	87	89
AF-A0A0D0F642-F1-model_v4_Q75_lddt	F8SQ10_Q75_lddt	9.821E-01	9.706E-01	9.069E-01	32.100	83	87	89
AF-A0A0D0F642-F1-model_v4_Q75_lddt	E5G517_Q75_lddt	9.820E-01	9.705E-01	9.069E-01	32.100	83	87	89
AF-A0A0D0F642-F1-model_v4_Q75_lddt	Q939H5_Q75_lddt	9.818E-01	9.703E-01	9.067E-01	32.100	83	87	89
AF-A0A0D0F642-F1-model_v4_Q75_lddt	A3FFR2_Q75_lddt	9.817E-01	9.702E-01	9.066E-01	32.100	83	87	89
AF-A0A0D0F642-F1-model_v4_Q75_lddt	Q2MJC2_Q75_lddt	9.816E-01	9.701E-01	9.065E-01	32.100	83	87	89
AF-A0A0D0F642-F1-model_v4_Q75_lddt	H2ERK9_Q75_lddt	9.809E-01	9.694E-01	9.059E-01	32.100	83	87	89
AF-A0A0D0F642-F1-model_v4_Q75_lddt	B0FP98_Q75_lddt	9.805E-01	9.690E-01	9.056E-01	32.100	83	87	89
AF-A0A0D0F642-F1-model_v4_Q75_lddt	A0A097BQY7_Q75_lddt	9.803E-01	9.689E-01	9.054E-01	32.100	83	87	89
AF-A0A0D0F642-F1-model_v4_Q75_lddt	Q8VP67_Q75_lddt	9.801E-01	9.687E-01	9.052E-01	32.100	83	87	89
AF-A0A0D0F642-F1-model_v4_Q75_lddt	J7HZA4_Q75_lddt	9.799E-01	9.685E-01	9.051E-01	32.100	83	87	89
AF-A0A0D0F642-F1-model_v4_Q75_lddt	Q8KRG7_Q75_lddt	9.798E-01	9.683E-01	9.049E-01	32.100	83	87	89
AF-A0A0D0F642-F1-model_v4_Q75_lddt	C8C0D8_Q75_lddt	9.618E-01	9.505E-01	9.183E-01	40.200	83	87	86
AF-A0A0D0F642-F1-model_v4_Q75_lddt	Q9X4S7_Q75_lddt	9.610E-01	9.497E-01	9.175E-01	37.900	83	87	86
AF-A0A0D0F642-F1-model_v4_Q75_lddt	B5L5W7_Q75_lddt	9.650E-01	9.539E-01	9.117E-01	32.900	83	85	87
AF-A0A0D0F642-F1-model_v4_Q75_lddt	Q9XBM2_Q75_lddt	9.524E-01	9.414E-01	9.097E-01	28.700	83	87	86
AF-A0A0D0F642-F1-model_v4_Q75_lddt	A0A3Q8G682_Q75_lddt	9.417E-01	9.310E-01	9.000E-01	28.700	83	87	86
AF-A0A0D0F642-F1-model_v4_Q75_lddt	A0A0E0SR47_Q75_lddt	9.361E-01	9.254E-01	9.047E-01	33.300	83	87	85
AF-A0A0D0F642-F1-model_v4_Q75_lddt	AF-F4NA56-F1-model_v4_Q75_lddt	9.303E-01	9.197E-01	8.992E-01	32.100	83	87	85
AF-A0A0D0F642-F1-model_v4_Q75_lddt	A0A1W5QH29_Q75_lddt	9.302E-01	9.196E-01	8.991E-01	32.100	83	87	85
AF-A0A0D0F642-F1-model_v4_Q75_lddt	A0A1W5QCF3_Q75_lddt	9.292E-01	9.186E-01	8.982E-01	31.000	83	87	85
AF-A0A0D0F642-F1-model_v4_Q75_lddt	A0A1W5QG57_Q75_lddt	9.256E-01	9.152E-01	8.949E-01	32.100	83	87	85
AF-A0A886X7X6-F1-model_v6_Q75_lddt	AF-A0A886X7X6-F1-model_v6_Q75_lddt	1.012E+00	1.000E+00	1.000E+00	100.000	85	85	85
AF-A0A886X7X6-F1-model_v6_Q75_lddt	AF-E2D9D5-F1-model_v4_Q75_lddt	1.004E+00	9.806E-01	9.922E-01	47.600	85	84	84
AF-A0A886X7X6-F1-model_v6_Q75_lddt	Q5W3A6_Q75_lddt	1.002E+00	9.787E-01	9.903E-01	47.600	85	84	84
AF-A0A886X7X6-F1-model_v6_Q75_lddt	AF-A0A0D0F642-F1-model_v4_Q75_lddt	1.005E+00	9.696E-01	9.928E-01	58.300	85	84	83
AF-A0A886X7X6-F1-model_v6_Q75_lddt	Q8VT49_Q75_lddt	1.002E+00	9.670E-01	9.900E-01	51.100	85	84	83
AF-A0A886X7X6-F1-model_v6_Q75_lddt	Q9AMJ7_Q75_lddt	1.001E+00	9.660E-01	9.890E-01	63.000	85	84	83
AF-A0A886X7X6-F1-model_v6_Q75_lddt	A1YTM5_Q75_lddt	1.001E+00	9.658E-01	9.888E-01	63.000	85	84	83
AF-A0A886X7X6-F1-model_v6_Q75_lddt	PER-16_Q75_lddt	9.965E-01	9.734E-01	9.848E-01	57.100	85	84	84
AF-A0A886X7X6-F1-model_v6_Q75_lddt	RAA-1_Q75_lddt	1.000E+00	9.655E-01	9.885E-01	48.800	85	84	83
AF-A0A886X7X6-F1-model_v6_Q75_lddt	G9MB50_Q75_lddt	9.995E-01	9.646E-01	9.876E-01	45.200	85	84	83
AF-A0A886X7X6-F1-model_v6_Q75_lddt	G9MB49_Q75_lddt	9.991E-01	9.642E-01	9.872E-01	46.400	85	84	83
AF-A0A886X7X6-F1-model_v6_Q75_lddt	G9M9P7_Q75_lddt	9.990E-01	9.642E-01	9.871E-01	47.600	85	84	83
AF-A0A886X7X6-F1-model_v6_Q75_lddt	Q9RAZ9_Q75_lddt	1.001E+00	9.539E-01	9.885E-01	44.000	85	84	82
AF-A0A886X7X6-F1-model_v6_Q75_lddt	Q9X6W1_Q75_lddt	9.923E-01	9.578E-01	9.805E-01	48.800	85	84	83
AF-A0A886X7X6-F1-model_v6_Q75_lddt	AF-E4WMC5-F1-model_v6_Q75_lddt	9.935E-01	9.590E-01	9.818E-01	50.000	85	84	83
AF-A0A886X7X6-F1-model_v6_Q75_lddt	D5HSX5_Q75_lddt	9.936E-01	9.591E-01	9.818E-01	59.500	85	84	83
AF-A0A886X7X6-F1-model_v6_Q75_lddt	P74842_Q75_lddt	9.934E-01	9.590E-01	9.817E-01	58.300	85	84	83
AF-A0A886X7X6-F1-model_v6_Q75_lddt	F8T7L4_Q75_lddt	9.930E-01	9.586E-01	9.813E-01	55.900	85	84	83
AF-A0A886X7X6-F1-model_v6_Q75_lddt	Q5XQD3_Q75_lddt	9.930E-01	9.586E-01	9.813E-01	54.700	85	84	83
AF-A0A886X7X6-F1-model_v6_Q75_lddt	A0A0B6VPP7_Q75_lddt	9.909E-01	9.565E-01	9.792E-01	51.100	85	84	83
AF-A0A886X7X6-F1-model_v6_Q75_lddt	AF-A0A8E9ZWD0-F1-model_v6_Q75_lddt	9.901E-01	9.673E-01	9.673E-01	52.300	85	84	85
AF-A0A886X7X6-F1-model_v6_Q75_lddt	Q3SAW3_Q75_lddt	9.857E-01	9.631E-01	9.743E-01	36.900	85	84	84
AF-A0A886X7X6-F1-model_v6_Q75_lddt	SGM-3_Q75_lddt	9.847E-01	9.621E-01	9.621E-01	39.200	85	84	85
AF-A0A886X7X6-F1-model_v6_Q75_lddt	SGM-2_Q75_lddt	9.847E-01	9.621E-01	9.621E-01	39.200	85	84	85
AF-A0A886X7X6-F1-model_v6_Q75_lddt	OKP-C-1_Q75_lddt	9.877E-01	9.650E-01	9.540E-01	31.300	85	86	86
AF-A0A886X7X6-F1-model_v6_Q75_lddt	AF-A0A127SQY3-F1-model_v6_Q75_lddt	9.821E-01	9.482E-01	9.705E-01	42.800	85	84	83
AF-A0A886X7X6-F1-model_v6_Q75_lddt	AF-A0A1J0HSJ3-F1-model_v4_Q75_lddt	9.880E-01	9.426E-01	9.763E-01	34.500	85	84	82
AF-A0A886X7X6-F1-model_v6_Q75_lddt	Q9R429_Q75_lddt	9.907E-01	9.679E-01	9.461E-01	34.400	85	87	87
AF-A0A886X7X6-F1-model_v6_Q75_lddt	AF-J9QX37-F1-model_v4_Q75_lddt	9.916E-01	9.344E-01	9.796E-01	32.100	85	84	81
AF-A0A886X7X6-F1-model_v6_Q75_lddt	Q8GHI3_Q75_lddt	9.905E-01	9.676E-01	9.458E-01	33.300	85	87	87
AF-A0A886X7X6-F1-model_v6_Q75_lddt	H9AXM1_Q75_lddt	9.905E-01	9.676E-01	9.458E-01	33.300	85	87	87
AF-A0A886X7X6-F1-model_v6_Q75_lddt	B7FDD9_Q75_lddt	9.869E-01	9.415E-01	9.751E-01	32.100	85	84	82
AF-A0A886X7X6-F1-model_v6_Q75_lddt	AF-A0A3G1JAD7-F1-model_v4_Q75_lddt	9.868E-01	9.414E-01	9.750E-01	34.500	85	84	82
AF-A0A886X7X6-F1-model_v6_Q75_lddt	AF-Q6W7F0-F1-model_v4_Q75_lddt	9.898E-01	9.670E-01	9.452E-01	37.900	85	87	87
AF-A0A886X7X6-F1-model_v6_Q75_lddt	GES-44_Q75_lddt	9.780E-01	9.557E-01	9.667E-01	40.400	85	84	84
AF-A0A886X7X6-F1-model_v6_Q75_lddt	C5HUY1_Q75_lddt	9.777E-01	9.555E-01	9.665E-01	40.400	85	84	84
AF-A0A886X7X6-F1-model_v6_Q75_lddt	A0A097ZLX5_Q75_lddt	9.777E-01	9.554E-01	9.664E-01	40.400	85	84	84
AF-A0A886X7X6-F1-model_v6_Q75_lddt	Q2YHX6_Q75_lddt	9.886E-01	9.658E-01	9.441E-01	31.000	85	87	87
AF-A0A886X7X6-F1-model_v6_Q75_lddt	C6GC02_Q75_lddt	9.774E-01	9.552E-01	9.661E-01	39.200	85	84	84
AF-A0A886X7X6-F1-model_v6_Q75_lddt	Q2YHY7_Q75_lddt	9.884E-01	9.657E-01	9.440E-01	31.000	85	87	87
AF-A0A886X7X6-F1-model_v6_Q75_lddt	Q84H47_Q75_lddt	9.884E-01	9.656E-01	9.439E-01	33.300	85	87	87
AF-A0A886X7X6-F1-model_v6_Q75_lddt	Q8VQV7_Q75_lddt	9.884E-01	9.656E-01	9.439E-01	33.300	85	87	87
AF-A0A886X7X6-F1-model_v6_Q75_lddt	A0A455LS80_Q75_lddt	9.884E-01	9.656E-01	9.439E-01	32.100	85	87	87
AF-A0A886X7X6-F1-model_v6_Q75_lddt	Q84H48_Q75_lddt	9.883E-01	9.656E-01	9.439E-01	33.300	85	87	87
AF-A0A886X7X6-F1-model_v6_Q75_lddt	Q5I6D4_Q75_lddt	9.883E-01	9.656E-01	9.439E-01	31.000	85	87	87
AF-A0A886X7X6-F1-model_v6_Q75_lddt	Q2YHZ2_Q75_lddt	9.883E-01	9.656E-01	9.439E-01	31.000	85	87	87
AF-A0A886X7X6-F1-model_v6_Q75_lddt	Q5PU78_Q75_lddt	9.883E-01	9.656E-01	9.439E-01	32.100	85	87	87
AF-A0A886X7X6-F1-model_v6_Q75_lddt	B5D620_Q75_lddt	9.883E-01	9.656E-01	9.438E-01	31.000	85	87	87
AF-A0A886X7X6-F1-model_v6_Q75_lddt	A0A455LP07_Q75_lddt	9.882E-01	9.655E-01	9.437E-01	33.300	85	87	87
AF-A0A886X7X6-F1-model_v6_Q75_lddt	A0A455LP13_Q75_lddt	9.881E-01	9.654E-01	9.437E-01	33.300	85	87	87
AF-A0A886X7X6-F1-model_v6_Q75_lddt	Q2YHX8_Q75_lddt	9.881E-01	9.654E-01	9.437E-01	31.000	85	87	87
AF-A0A886X7X6-F1-model_v6_Q75_lddt	A0A455LP02_Q75_lddt	9.881E-01	9.654E-01	9.437E-01	33.300	85	87	87
AF-A0A886X7X6-F1-model_v6_Q75_lddt	B8YHZ8_Q75_lddt	9.880E-01	9.653E-01	9.436E-01	31.000	85	87	87
AF-A0A886X7X6-F1-model_v6_Q75_lddt	E9NST5_Q75_lddt	9.879E-01	9.652E-01	9.435E-01	32.100	85	87	87
AF-A0A886X7X6-F1-model_v6_Q75_lddt	B5D612_Q75_lddt	9.879E-01	9.651E-01	9.435E-01	32.100	85	87	87
AF-A0A886X7X6-F1-model_v6_Q75_lddt	GES-41_Q75_lddt	9.767E-01	9.545E-01	9.654E-01	40.400	85	84	84
AF-A0A886X7X6-F1-model_v6_Q75_lddt	R4ISB3_Q75_lddt	9.878E-01	9.650E-01	9.434E-01	33.300	85	87	87
AF-A0A886X7X6-F1-model_v6_Q75_lddt	A0A0P0IGT7_Q75_lddt	9.878E-01	9.651E-01	9.434E-01	32.100	85	87	87
AF-A0A886X7X6-F1-model_v6_Q75_lddt	Q2YHZ3_Q75_lddt	9.877E-01	9.650E-01	9.433E-01	31.000	85	87	87
AF-A0A886X7X6-F1-model_v6_Q75_lddt	Q2YHZ5_Q75_lddt	9.876E-01	9.649E-01	9.433E-01	31.000	85	87	87
AF-A0A886X7X6-F1-model_v6_Q75_lddt	Q6ZY77_Q75_lddt	9.876E-01	9.649E-01	9.432E-01	31.000	85	87	87
AF-A0A886X7X6-F1-model_v6_Q75_lddt	Q6R5M7_Q75_lddt	9.875E-01	9.648E-01	9.432E-01	32.100	85	87	87
AF-A0A886X7X6-F1-model_v6_Q75_lddt	Q2YHZ0_Q75_lddt	9.874E-01	9.647E-01	9.430E-01	31.000	85	87	87
AF-A0A886X7X6-F1-model_v6_Q75_lddt	Q6ZY74_Q75_lddt	9.873E-01	9.646E-01	9.429E-01	31.000	85	87	87
AF-A0A886X7X6-F1-model_v6_Q75_lddt	C8CE59_Q75_lddt	9.757E-01	9.533E-01	9.533E-01	32.500	85	86	85
AF-A0A886X7X6-F1-model_v6_Q75_lddt	P14171_Q75_lddt	9.770E-01	9.547E-01	9.547E-01	28.200	85	85	85
AF-A0A886X7X6-F1-model_v6_Q75_lddt	Q6ZY58_Q75_lddt	9.853E-01	9.627E-01	9.412E-01	31.000	85	87	87
AF-A0A886X7X6-F1-model_v6_Q75_lddt	C8CE60_Q75_lddt	9.741E-01	9.517E-01	9.517E-01	32.500	85	86	85
AF-A0A886X7X6-F1-model_v6_Q75_lddt	AF-P18251-F1-model_v4_Q75_lddt	9.884E-01	9.657E-01	9.335E-01	30.200	85	86	88
AF-A0A886X7X6-F1-model_v6_Q75_lddt	A0A2Z2Z6H0_Q75_lddt	9.727E-01	9.507E-01	9.616E-01	38.000	85	84	84
AF-A0A886X7X6-F1-model_v6_Q75_lddt	OKP-D-1_Q75_lddt	9.836E-01	9.611E-01	9.396E-01	31.000	85	87	87
AF-A0A886X7X6-F1-model_v6_Q75_lddt	C0LSK3_Q75_lddt	9.878E-01	9.538E-01	9.429E-01	30.200	85	86	86
AF-A0A886X7X6-F1-model_v6_Q75_lddt	C8C0I2_Q75_lddt	9.706E-01	9.371E-01	9.592E-01	51.700	85	85	83
AF-A0A886X7X6-F1-model_v6_Q75_lddt	AF-Q1NAL0-F1-model_v4_Q75_lddt	9.759E-01	9.537E-01	9.537E-01	38.000	85	84	85
AF-A0A886X7X6-F1-model_v6_Q75_lddt	AF-A0A867XYA1-F1-model_v4_Q75_lddt	9.854E-01	9.628E-01	9.308E-01	26.700	85	86	88
AF-A0A886X7X6-F1-model_v6_Q75_lddt	A0ZX91_Q75_lddt	9.886E-01	9.659E-01	9.234E-01	32.100	85	87	89
AF-A0A886X7X6-F1-model_v6_Q75_lddt	Q8VP57_Q75_lddt	9.886E-01	9.659E-01	9.234E-01	32.100	85	87	89
AF-A0A886X7X6-F1-model_v6_Q75_lddt	B9U2I6_Q75_lddt	9.886E-01	9.658E-01	9.234E-01	32.100	85	87	89
AF-A0A886X7X6-F1-model_v6_Q75_lddt	D5LGB4_Q75_lddt	9.885E-01	9.658E-01	9.233E-01	32.100	85	87	89
AF-A0A886X7X6-F1-model_v6_Q75_lddt	A0ZX80_Q75_lddt	9.885E-01	9.657E-01	9.233E-01	32.100	85	87	89
AF-A0A886X7X6-F1-model_v6_Q75_lddt	S4TWB0_Q75_lddt	9.884E-01	9.657E-01	9.232E-01	32.100	85	87	89
AF-A0A886X7X6-F1-model_v6_Q75_lddt	F8SQ10_Q75_lddt	9.884E-01	9.657E-01	9.232E-01	32.100	85	87	89
AF-A0A886X7X6-F1-model_v6_Q75_lddt	A0A2P9E069_Q75_lddt	9.883E-01	9.656E-01	9.231E-01	32.100	85	87	89
AF-A0A886X7X6-F1-model_v6_Q75_lddt	SGM-5_Q75_lddt	9.734E-01	9.514E-01	9.514E-01	39.200	85	84	85
AF-A0A886X7X6-F1-model_v6_Q75_lddt	E5G517_Q75_lddt	9.882E-01	9.655E-01	9.230E-01	32.100	85	87	89
AF-A0A886X7X6-F1-model_v6_Q75_lddt	E5Q900_Q75_lddt	9.882E-01	9.654E-01	9.230E-01	32.100	85	87	89
AF-A0A886X7X6-F1-model_v6_Q75_lddt	Q939H3_Q75_lddt	9.881E-01	9.653E-01	9.229E-01	33.300	85	87	89
AF-A0A886X7X6-F1-model_v6_Q75_lddt	Q0PGR7_Q75_lddt	9.880E-01	9.652E-01	9.228E-01	32.100	85	87	89
AF-A0A886X7X6-F1-model_v6_Q75_lddt	Q939H5_Q75_lddt	9.879E-01	9.652E-01	9.227E-01	32.100	85	87	89
AF-A0A886X7X6-F1-model_v6_Q75_lddt	A3FFR2_Q75_lddt	9.878E-01	9.651E-01	9.227E-01	32.100	85	87	89
AF-A0A886X7X6-F1-model_v6_Q75_lddt	Q2MJC2_Q75_lddt	9.877E-01	9.650E-01	9.226E-01	32.100	85	87	89
AF-A0A886X7X6-F1-model_v6_Q75_lddt	O33677_Q75_lddt	9.727E-01	9.504E-01	9.396E-01	32.100	85	87	86
AF-A0A886X7X6-F1-model_v6_Q75_lddt	Q57509_Q75_lddt	9.712E-01	9.377E-01	9.486E-01	47.000	85	85	84
AF-A0A886X7X6-F1-model_v6_Q75_lddt	H2ERK9_Q75_lddt	9.874E-01	9.647E-01	9.223E-01	32.100	85	87	89
AF-A0A886X7X6-F1-model_v6_Q75_lddt	Q8VP67_Q75_lddt	9.870E-01	9.644E-01	9.220E-01	32.100	85	87	89
AF-A0A886X7X6-F1-model_v6_Q75_lddt	B0FP98_Q75_lddt	9.869E-01	9.642E-01	9.218E-01	32.100	85	87	89
AF-A0A886X7X6-F1-model_v6_Q75_lddt	A0A097BQY7_Q75_lddt	9.868E-01	9.641E-01	9.218E-01	32.100	85	87	89
AF-A0A886X7X6-F1-model_v6_Q75_lddt	J7HZA4_Q75_lddt	9.868E-01	9.642E-01	9.218E-01	32.100	85	87	89
AF-A0A886X7X6-F1-model_v6_Q75_lddt	Q8KRG7_Q75_lddt	9.867E-01	9.641E-01	9.217E-01	32.100	85	87	89
AF-A0A886X7X6-F1-model_v6_Q75_lddt	B5L5W7_Q75_lddt	9.652E-01	9.542E-01	9.331E-01	37.200	85	86	87
AF-A0A886X7X6-F1-model_v6_Q75_lddt	Q9XBM2_Q75_lddt	9.532E-01	9.316E-01	9.212E-01	25.200	85	87	86
AF-A0A886X7X6-F1-model_v6_Q75_lddt	C8C0D8_Q75_lddt	9.493E-01	9.276E-01	9.171E-01	37.500	85	88	86
AF-A0A886X7X6-F1-model_v6_Q75_lddt	Q9X4S7_Q75_lddt	9.477E-01	9.261E-01	9.157E-01	37.500	85	88	86
AF-A0A886X7X6-F1-model_v6_Q75_lddt	A0A3Q8G682_Q75_lddt	9.483E-01	9.269E-01	9.166E-01	32.100	85	87	86
AF-A0A886X7X6-F1-model_v6_Q75_lddt	A0A0E0SR47_Q75_lddt	9.379E-01	9.168E-01	9.168E-01	34.400	85	87	85
AF-A0A886X7X6-F1-model_v6_Q75_lddt	A0A1W5QH29_Q75_lddt	9.363E-01	9.154E-01	9.154E-01	31.000	85	87	85
AF-A0A886X7X6-F1-model_v6_Q75_lddt	A0A1W5QCF3_Q75_lddt	9.355E-01	9.146E-01	9.146E-01	32.100	85	87	85
AF-A0A886X7X6-F1-model_v6_Q75_lddt	A0A1W5QG57_Q75_lddt	9.325E-01	9.117E-01	9.117E-01	31.000	85	87	85
AF-A0A886X7X6-F1-model_v6_Q75_lddt	AF-F4NA56-F1-model_v4_Q75_lddt	9.317E-01	9.110E-01	9.110E-01	33.300	85	87	85
AF-Q1NAL0-F1-model_v4_Q75_lddt	AF-Q1NAL0-F1-model_v4_Q75_lddt	1.012E+00	1.000E+00	1.000E+00	100.000	85	85	85
AF-Q1NAL0-F1-model_v4_Q75_lddt	SGM-5_Q75_lddt	1.009E+00	9.850E-01	9.850E-01	88.000	85	84	85
AF-Q1NAL0-F1-model_v4_Q75_lddt	SGM-2_Q75_lddt	1.007E+00	9.834E-01	9.834E-01	86.900	85	84	85
AF-Q1NAL0-F1-model_v4_Q75_lddt	SGM-3_Q75_lddt	1.007E+00	9.831E-01	9.831E-01	86.900	85	84	85
AF-Q1NAL0-F1-model_v4_Q75_lddt	GES-41_Q75_lddt	9.986E-01	9.754E-01	9.868E-01	55.900	85	84	84
AF-Q1NAL0-F1-model_v4_Q75_lddt	GES-44_Q75_lddt	9.986E-01	9.754E-01	9.868E-01	55.900	85	84	84
AF-Q1NAL0-F1-model_v4_Q75_lddt	A0A097ZLX5_Q75_lddt	9.975E-01	9.744E-01	9.858E-01	55.900	85	84	84
AF-Q1NAL0-F1-model_v4_Q75_lddt	C5HUY1_Q75_lddt	9.975E-01	9.743E-01	9.858E-01	55.900	85	84	84
AF-Q1NAL0-F1-model_v4_Q75_lddt	C6GC02_Q75_lddt	9.973E-01	9.741E-01	9.856E-01	54.700	85	84	84
AF-Q1NAL0-F1-model_v4_Q75_lddt	Q3SAW3_Q75_lddt	9.944E-01	9.714E-01	9.828E-01	61.900	85	84	84
AF-Q1NAL0-F1-model_v4_Q75_lddt	AF-A0A1J0HSJ3-F1-model_v4_Q75_lddt	9.978E-01	9.515E-01	9.858E-01	51.100	85	84	82
AF-Q1NAL0-F1-model_v4_Q75_lddt	AF-A0A3G1JAD7-F1-model_v4_Q75_lddt	9.978E-01	9.515E-01	9.858E-01	54.700	85	84	82
AF-Q1NAL0-F1-model_v4_Q75_lddt	A0A2Z2Z6H0_Q75_lddt	9.887E-01	9.660E-01	9.772E-01	58.300	85	84	84
AF-Q1NAL0-F1-model_v4_Q75_lddt	PER-16_Q75_lddt	9.838E-01	9.613E-01	9.724E-01	45.200	85	84	84
AF-Q1NAL0-F1-model_v4_Q75_lddt	B7FDD9_Q75_lddt	9.899E-01	9.443E-01	9.781E-01	54.700	85	84	82
AF-Q1NAL0-F1-model_v4_Q75_lddt	OKP-C-1_Q75_lddt	9.885E-01	9.657E-01	9.547E-01	54.600	85	86	86
AF-Q1NAL0-F1-model_v4_Q75_lddt	D5HSX5_Q75_lddt	9.843E-01	9.505E-01	9.728E-01	45.200	85	84	83
AF-Q1NAL0-F1-model_v4_Q75_lddt	Q5XQD3_Q75_lddt	9.840E-01	9.502E-01	9.725E-01	44.000	85	84	83
AF-Q1NAL0-F1-model_v4_Q75_lddt	F8T7L4_Q75_lddt	9.840E-01	9.501E-01	9.724E-01	44.000	85	84	83
AF-Q1NAL0-F1-model_v4_Q75_lddt	P74842_Q75_lddt	9.837E-01	9.499E-01	9.721E-01	42.800	85	84	83
AF-Q1NAL0-F1-model_v4_Q75_lddt	AF-Q6W7F0-F1-model_v4_Q75_lddt	9.881E-01	9.654E-01	9.436E-01	49.400	85	87	87
AF-Q1NAL0-F1-model_v4_Q75_lddt	OKP-D-1_Q75_lddt	9.879E-01	9.652E-01	9.435E-01	50.500	85	87	87
AF-Q1NAL0-F1-model_v4_Q75_lddt	AF-P18251-F1-model_v4_Q75_lddt	9.910E-01	9.681E-01	9.358E-01	52.300	85	86	88
AF-Q1NAL0-F1-model_v4_Q75_lddt	Q2YHY7_Q75_lddt	9.869E-01	9.643E-01	9.426E-01	50.500	85	87	87
AF-Q1NAL0-F1-model_v4_Q75_lddt	Q8VQV7_Q75_lddt	9.868E-01	9.642E-01	9.425E-01	51.700	85	87	87
AF-Q1NAL0-F1-model_v4_Q75_lddt	Q84H47_Q75_lddt	9.865E-01	9.638E-01	9.422E-01	51.700	85	87	87
AF-Q1NAL0-F1-model_v4_Q75_lddt	Q84H48_Q75_lddt	9.862E-01	9.636E-01	9.420E-01	51.700	85	87	87
AF-Q1NAL0-F1-model_v4_Q75_lddt	B8YHZ8_Q75_lddt	9.854E-01	9.628E-01	9.412E-01	50.500	85	87	87
AF-Q1NAL0-F1-model_v4_Q75_lddt	Q9R429_Q75_lddt	9.853E-01	9.627E-01	9.411E-01	50.500	85	87	87
AF-Q1NAL0-F1-model_v4_Q75_lddt	B5D620_Q75_lddt	9.852E-01	9.626E-01	9.410E-01	50.500	85	87	87
AF-Q1NAL0-F1-model_v4_Q75_lddt	H9AXM1_Q75_lddt	9.850E-01	9.624E-01	9.408E-01	48.200	85	87	87
AF-Q1NAL0-F1-model_v4_Q75_lddt	Q2YHX8_Q75_lddt	9.850E-01	9.624E-01	9.408E-01	50.500	85	87	87
AF-Q1NAL0-F1-model_v4_Q75_lddt	Q8GHI3_Q75_lddt	9.850E-01	9.624E-01	9.408E-01	49.400	85	87	87
AF-Q1NAL0-F1-model_v4_Q75_lddt	Q5I6D4_Q75_lddt	9.850E-01	9.624E-01	9.408E-01	50.500	85	87	87
AF-Q1NAL0-F1-model_v4_Q75_lddt	Q6ZY77_Q75_lddt	9.849E-01	9.624E-01	9.408E-01	50.500	85	87	87
AF-Q1NAL0-F1-model_v4_Q75_lddt	E9NST5_Q75_lddt	9.848E-01	9.622E-01	9.407E-01	51.700	85	87	87
AF-Q1NAL0-F1-model_v4_Q75_lddt	A0A0P0IGT7_Q75_lddt	9.848E-01	9.622E-01	9.407E-01	51.700	85	87	87
AF-Q1NAL0-F1-model_v4_Q75_lddt	B5D612_Q75_lddt	9.848E-01	9.622E-01	9.406E-01	51.700	85	87	87
AF-Q1NAL0-F1-model_v4_Q75_lddt	Q2YHZ5_Q75_lddt	9.848E-01	9.622E-01	9.406E-01	50.500	85	87	87
AF-Q1NAL0-F1-model_v4_Q75_lddt	Q2YHZ3_Q75_lddt	9.848E-01	9.622E-01	9.406E-01	50.500	85	87	87
AF-Q1NAL0-F1-model_v4_Q75_lddt	Q2YHZ0_Q75_lddt	9.847E-01	9.621E-01	9.405E-01	50.500	85	87	87
AF-Q1NAL0-F1-model_v4_Q75_lddt	A0A455LP02_Q75_lddt	9.845E-01	9.619E-01	9.404E-01	51.700	85	87	87
AF-Q1NAL0-F1-model_v4_Q75_lddt	Q2YHX6_Q75_lddt	9.844E-01	9.619E-01	9.403E-01	50.500	85	87	87
AF-Q1NAL0-F1-model_v4_Q75_lddt	A0A455LS80_Q75_lddt	9.845E-01	9.619E-01	9.404E-01	51.700	85	87	87
AF-Q1NAL0-F1-model_v4_Q75_lddt	A0A455LP07_Q75_lddt	9.844E-01	9.618E-01	9.403E-01	51.700	85	87	87
AF-Q1NAL0-F1-model_v4_Q75_lddt	R4ISB3_Q75_lddt	9.844E-01	9.618E-01	9.403E-01	51.700	85	87	87
AF-Q1NAL0-F1-model_v4_Q75_lddt	A0A455LP13_Q75_lddt	9.843E-01	9.617E-01	9.402E-01	51.700	85	87	87
AF-Q1NAL0-F1-model_v4_Q75_lddt	Q2YHZ2_Q75_lddt	9.843E-01	9.617E-01	9.402E-01	50.500	85	87	87
AF-Q1NAL0-F1-model_v4_Q75_lddt	Q6ZY74_Q75_lddt	9.839E-01	9.613E-01	9.398E-01	50.500	85	87	87
AF-Q1NAL0-F1-model_v4_Q75_lddt	Q9AMJ7_Q75_lddt	9.767E-01	9.434E-01	9.654E-01	35.700	85	84	83
AF-Q1NAL0-F1-model_v4_Q75_lddt	Q5PU78_Q75_lddt	9.837E-01	9.612E-01	9.397E-01	49.400	85	87	87
AF-Q1NAL0-F1-model_v4_Q75_lddt	AF-E2D9D5-F1-model_v4_Q75_lddt	9.724E-01	9.504E-01	9.613E-01	36.900	85	84	84
AF-Q1NAL0-F1-model_v4_Q75_lddt	Q6ZY58_Q75_lddt	9.833E-01	9.608E-01	9.393E-01	49.400	85	87	87
AF-Q1NAL0-F1-model_v4_Q75_lddt	P14171_Q75_lddt	9.752E-01	9.530E-01	9.530E-01	44.700	85	85	85
AF-Q1NAL0-F1-model_v4_Q75_lddt	C0LSK3_Q75_lddt	9.876E-01	9.535E-01	9.427E-01	50.000	85	86	86
AF-Q1NAL0-F1-model_v4_Q75_lddt	AF-A0A886X7X6-F1-model_v6_Q75_lddt	9.759E-01	9.537E-01	9.537E-01	38.000	85	84	85
AF-Q1NAL0-F1-model_v4_Q75_lddt	Q6R5M7_Q75_lddt	9.831E-01	9.606E-01	9.391E-01	49.400	85	87	87
AF-Q1NAL0-F1-model_v4_Q75_lddt	A1YTM5_Q75_lddt	9.761E-01	9.429E-01	9.648E-01	35.700	85	84	83
AF-Q1NAL0-F1-model_v4_Q75_lddt	C8CE59_Q75_lddt	9.719E-01	9.497E-01	9.497E-01	54.600	85	86	85
AF-Q1NAL0-F1-model_v4_Q75_lddt	C8CE60_Q75_lddt	9.709E-01	9.487E-01	9.487E-01	54.600	85	86	85
AF-Q1NAL0-F1-model_v4_Q75_lddt	AF-A0A867XYA1-F1-model_v4_Q75_lddt	9.848E-01	9.622E-01	9.302E-01	47.600	85	86	88
AF-Q1NAL0-F1-model_v4_Q75_lddt	AF-E4WMC5-F1-model_v6_Q75_lddt	9.726E-01	9.395E-01	9.613E-01	36.900	85	84	83
AF-Q1NAL0-F1-model_v4_Q75_lddt	A3FFR2_Q75_lddt	9.858E-01	9.632E-01	9.209E-01	54.000	85	87	89
AF-Q1NAL0-F1-model_v4_Q75_lddt	AF-A0A8E9ZWD0-F1-model_v6_Q75_lddt	9.707E-01	9.487E-01	9.487E-01	39.200	85	84	85
AF-Q1NAL0-F1-model_v4_Q75_lddt	AF-A0A0D0F642-F1-model_v4_Q75_lddt	9.706E-01	9.377E-01	9.594E-01	38.000	85	84	83
AF-Q1NAL0-F1-model_v4_Q75_lddt	F8SQ10_Q75_lddt	9.849E-01	9.623E-01	9.201E-01	54.000	85	87	89
AF-Q1NAL0-F1-model_v4_Q75_lddt	D5LGB4_Q75_lddt	9.849E-01	9.623E-01	9.201E-01	54.000	85	87	89
AF-Q1NAL0-F1-model_v4_Q75_lddt	B9U2I6_Q75_lddt	9.848E-01	9.622E-01	9.200E-01	54.000	85	87	89
AF-Q1NAL0-F1-model_v4_Q75_lddt	A0ZX91_Q75_lddt	9.848E-01	9.622E-01	9.200E-01	54.000	85	87	89
AF-Q1NAL0-F1-model_v4_Q75_lddt	A0A2P9E069_Q75_lddt	9.848E-01	9.622E-01	9.200E-01	54.000	85	87	89
AF-Q1NAL0-F1-model_v4_Q75_lddt	A0ZX80_Q75_lddt	9.848E-01	9.622E-01	9.200E-01	54.000	85	87	89
AF-Q1NAL0-F1-model_v4_Q75_lddt	S4TWB0_Q75_lddt	9.847E-01	9.621E-01	9.199E-01	54.000	85	87	89
AF-Q1NAL0-F1-model_v4_Q75_lddt	Q939H3_Q75_lddt	9.847E-01	9.621E-01	9.199E-01	51.700	85	87	89
AF-Q1NAL0-F1-model_v4_Q75_lddt	E5Q900_Q75_lddt	9.846E-01	9.620E-01	9.198E-01	54.000	85	87	89
AF-Q1NAL0-F1-model_v4_Q75_lddt	Q8VP57_Q75_lddt	9.845E-01	9.619E-01	9.198E-01	54.000	85	87	89
AF-Q1NAL0-F1-model_v4_Q75_lddt	Q939H5_Q75_lddt	9.842E-01	9.616E-01	9.195E-01	52.800	85	87	89
AF-Q1NAL0-F1-model_v4_Q75_lddt	E5G517_Q75_lddt	9.841E-01	9.616E-01	9.194E-01	54.000	85	87	89
AF-Q1NAL0-F1-model_v4_Q75_lddt	Q0PGR7_Q75_lddt	9.840E-01	9.615E-01	9.193E-01	54.000	85	87	89
AF-Q1NAL0-F1-model_v4_Q75_lddt	Q2MJC2_Q75_lddt	9.839E-01	9.613E-01	9.192E-01	54.000	85	87	89
AF-Q1NAL0-F1-model_v4_Q75_lddt	A0A097BQY7_Q75_lddt	9.837E-01	9.611E-01	9.190E-01	54.000	85	87	89
AF-Q1NAL0-F1-model_v4_Q75_lddt	O33677_Q75_lddt	9.685E-01	9.464E-01	9.357E-01	48.200	85	87	86
AF-Q1NAL0-F1-model_v4_Q75_lddt	H2ERK9_Q75_lddt	9.832E-01	9.607E-01	9.186E-01	54.000	85	87	89
AF-Q1NAL0-F1-model_v4_Q75_lddt	B0FP98_Q75_lddt	9.830E-01	9.605E-01	9.184E-01	54.000	85	87	89
AF-Q1NAL0-F1-model_v4_Q75_lddt	Q8KRG7_Q75_lddt	9.827E-01	9.602E-01	9.182E-01	55.100	85	87	89
AF-Q1NAL0-F1-model_v4_Q75_lddt	Q8VP67_Q75_lddt	9.825E-01	9.600E-01	9.180E-01	54.000	85	87	89
AF-Q1NAL0-F1-model_v4_Q75_lddt	Q5W3A6_Q75_lddt	9.638E-01	9.421E-01	9.528E-01	32.100	85	84	84
AF-Q1NAL0-F1-model_v4_Q75_lddt	RAA-1_Q75_lddt	9.679E-01	9.352E-01	9.567E-01	39.200	85	84	83
AF-Q1NAL0-F1-model_v4_Q75_lddt	J7HZA4_Q75_lddt	9.820E-01	9.595E-01	9.175E-01	52.800	85	87	89
AF-Q1NAL0-F1-model_v4_Q75_lddt	A0A1W5QH29_Q75_lddt	9.603E-01	9.383E-01	9.383E-01	40.200	85	87	85
AF-Q1NAL0-F1-model_v4_Q75_lddt	A0A1W5QCF3_Q75_lddt	9.596E-01	9.377E-01	9.377E-01	40.200	85	87	85
AF-Q1NAL0-F1-model_v4_Q75_lddt	A0A1W5QG57_Q75_lddt	9.593E-01	9.374E-01	9.374E-01	39.000	85	87	85
AF-Q1NAL0-F1-model_v4_Q75_lddt	Q8VT49_Q75_lddt	9.662E-01	9.336E-01	9.551E-01	34.500	85	84	83
AF-Q1NAL0-F1-model_v4_Q75_lddt	Q9X6W1_Q75_lddt	9.635E-01	9.308E-01	9.523E-01	38.000	85	84	83
AF-Q1NAL0-F1-model_v4_Q75_lddt	AF-J9QX37-F1-model_v4_Q75_lddt	9.718E-01	9.168E-01	9.603E-01	30.900	85	84	81
AF-Q1NAL0-F1-model_v4_Q75_lddt	A0A3Q8G682_Q75_lddt	9.597E-01	9.378E-01	9.272E-01	48.200	85	87	86
AF-Q1NAL0-F1-model_v4_Q75_lddt	G9MB50_Q75_lddt	9.617E-01	9.293E-01	9.506E-01	38.000	85	84	83
AF-Q1NAL0-F1-model_v4_Q75_lddt	A0A0B6VPP7_Q75_lddt	9.591E-01	9.267E-01	9.481E-01	36.900	85	84	83
AF-Q1NAL0-F1-model_v4_Q75_lddt	B5L5W7_Q75_lddt	9.664E-01	9.445E-01	9.236E-01	31.700	85	85	87
AF-Q1NAL0-F1-model_v4_Q75_lddt	G9MB49_Q75_lddt	9.606E-01	9.282E-01	9.495E-01	36.900	85	84	83
AF-Q1NAL0-F1-model_v4_Q75_lddt	G9M9P7_Q75_lddt	9.604E-01	9.281E-01	9.494E-01	35.700	85	84	83
AF-Q1NAL0-F1-model_v4_Q75_lddt	Q9RAZ9_Q75_lddt	9.636E-01	9.203E-01	9.524E-01	32.100	85	84	82
AF-Q1NAL0-F1-model_v4_Q75_lddt	AF-F4NA56-F1-model_v4_Q75_lddt	9.507E-01	9.292E-01	9.292E-01	34.400	85	87	85
AF-Q1NAL0-F1-model_v4_Q75_lddt	A0A0E0SR47_Q75_lddt	9.508E-01	9.292E-01	9.292E-01	36.700	85	87	85
AF-Q1NAL0-F1-model_v4_Q75_lddt	Q9XBM2_Q75_lddt	9.486E-01	9.272E-01	9.168E-01	42.500	85	87	86
AF-Q1NAL0-F1-model_v4_Q75_lddt	AF-A0A127SQY3-F1-model_v6_Q75_lddt	9.461E-01	9.144E-01	9.353E-01	27.300	85	84	83
AF-Q1NAL0-F1-model_v4_Q75_lddt	Q57509_Q75_lddt	9.355E-01	9.043E-01	9.145E-01	34.100	85	85	84
AF-Q1NAL0-F1-model_v4_Q75_lddt	C8C0I2_Q75_lddt	9.288E-01	8.979E-01	9.183E-01	34.100	85	85	83
AF-Q1NAL0-F1-model_v4_Q75_lddt	C8C0D8_Q75_lddt	9.178E-01	8.975E-01	8.876E-01	26.100	85	88	86
AF-Q1NAL0-F1-model_v4_Q75_lddt	Q9X4S7_Q75_lddt	9.138E-01	8.937E-01	8.839E-01	27.200	85	88	86
AF-A0A127SQY3-F1-model_v6_Q75_lddt	AF-A0A127SQY3-F1-model_v6_Q75_lddt	1.012E+00	1.000E+00	1.000E+00	100.000	83	83	83
AF-A0A127SQY3-F1-model_v6_Q75_lddt	A0A0B6VPP7_Q75_lddt	1.001E+00	9.890E-01	9.890E-01	48.100	83	83	83
AF-A0A127SQY3-F1-model_v6_Q75_lddt	Q9X6W1_Q75_lddt	9.989E-01	9.870E-01	9.870E-01	45.700	83	83	83
AF-A0A127SQY3-F1-model_v6_Q75_lddt	C8C0I2_Q75_lddt	9.924E-01	9.806E-01	9.806E-01	50.000	83	84	83
AF-A0A127SQY3-F1-model_v6_Q75_lddt	AF-A0A0D0F642-F1-model_v4_Q75_lddt	9.866E-01	9.749E-01	9.749E-01	42.100	83	83	83
AF-A0A127SQY3-F1-model_v6_Q75_lddt	G9MB49_Q75_lddt	9.825E-01	9.710E-01	9.710E-01	45.700	83	83	83
AF-A0A127SQY3-F1-model_v6_Q75_lddt	G9MB50_Q75_lddt	9.823E-01	9.708E-01	9.708E-01	44.500	83	83	83
AF-A0A127SQY3-F1-model_v6_Q75_lddt	G9M9P7_Q75_lddt	9.823E-01	9.707E-01	9.707E-01	45.700	83	83	83
AF-A0A127SQY3-F1-model_v6_Q75_lddt	Q5W3A6_Q75_lddt	9.850E-01	9.733E-01	9.620E-01	41.600	83	84	84
AF-A0A127SQY3-F1-model_v6_Q75_lddt	Q8VT49_Q75_lddt	9.800E-01	9.685E-01	9.685E-01	40.900	83	83	83
AF-A0A127SQY3-F1-model_v6_Q75_lddt	RAA-1_Q75_lddt	9.785E-01	9.670E-01	9.670E-01	44.500	83	83	83
AF-A0A127SQY3-F1-model_v6_Q75_lddt	A1YTM5_Q75_lddt	9.777E-01	9.662E-01	9.662E-01	40.900	83	83	83
AF-A0A127SQY3-F1-model_v6_Q75_lddt	Q9AMJ7_Q75_lddt	9.777E-01	9.662E-01	9.662E-01	40.900	83	83	83
AF-A0A127SQY3-F1-model_v6_Q75_lddt	AF-E2D9D5-F1-model_v4_Q75_lddt	9.822E-01	9.706E-01	9.594E-01	41.600	83	84	84
AF-A0A127SQY3-F1-model_v6_Q75_lddt	Q57509_Q75_lddt	9.784E-01	9.669E-01	9.556E-01	44.000	83	84	84
AF-A0A127SQY3-F1-model_v6_Q75_lddt	Q9RAZ9_Q75_lddt	9.802E-01	9.572E-01	9.685E-01	39.700	83	83	82
AF-A0A127SQY3-F1-model_v6_Q75_lddt	AF-A0A886X7X6-F1-model_v6_Q75_lddt	9.821E-01	9.705E-01	9.482E-01	42.800	83	84	85
AF-A0A127SQY3-F1-model_v6_Q75_lddt	AF-E4WMC5-F1-model_v6_Q75_lddt	9.685E-01	9.573E-01	9.573E-01	34.900	83	83	83
AF-A0A127SQY3-F1-model_v6_Q75_lddt	P74842_Q75_lddt	9.671E-01	9.559E-01	9.559E-01	36.100	83	83	83
AF-A0A127SQY3-F1-model_v6_Q75_lddt	D5HSX5_Q75_lddt	9.663E-01	9.550E-01	9.550E-01	36.100	83	83	83
AF-A0A127SQY3-F1-model_v6_Q75_lddt	F8T7L4_Q75_lddt	9.661E-01	9.549E-01	9.549E-01	32.500	83	83	83
AF-A0A127SQY3-F1-model_v6_Q75_lddt	Q5XQD3_Q75_lddt	9.660E-01	9.547E-01	9.547E-01	32.500	83	83	83
AF-A0A127SQY3-F1-model_v6_Q75_lddt	AF-A0A8E9ZWD0-F1-model_v6_Q75_lddt	9.743E-01	9.629E-01	9.409E-01	33.300	83	84	85
AF-A0A127SQY3-F1-model_v6_Q75_lddt	PER-16_Q75_lddt	9.686E-01	9.573E-01	9.463E-01	33.300	83	84	84
AF-A0A127SQY3-F1-model_v6_Q75_lddt	Q9X4S7_Q75_lddt	9.682E-01	9.569E-01	9.244E-01	31.000	83	87	86
AF-A0A127SQY3-F1-model_v6_Q75_lddt	C8C0D8_Q75_lddt	9.663E-01	9.550E-01	9.226E-01	33.300	83	87	86
AF-A0A127SQY3-F1-model_v6_Q75_lddt	AF-J9QX37-F1-model_v4_Q75_lddt	9.641E-01	9.307E-01	9.527E-01	28.900	83	83	81
AF-A0A127SQY3-F1-model_v6_Q75_lddt	AF-A0A1J0HSJ3-F1-model_v4_Q75_lddt	9.531E-01	9.312E-01	9.420E-01	24.000	83	83	82
AF-A0A127SQY3-F1-model_v6_Q75_lddt	B7FDD9_Q75_lddt	9.534E-01	9.316E-01	9.424E-01	25.300	83	83	82
AF-A0A127SQY3-F1-model_v6_Q75_lddt	AF-A0A3G1JAD7-F1-model_v4_Q75_lddt	9.523E-01	9.304E-01	9.412E-01	27.700	83	83	82
AF-A0A127SQY3-F1-model_v6_Q75_lddt	C8CE59_Q75_lddt	9.558E-01	9.448E-01	9.236E-01	25.800	83	85	85
AF-A0A127SQY3-F1-model_v6_Q75_lddt	Q3SAW3_Q75_lddt	9.500E-01	9.392E-01	9.285E-01	23.800	83	84	84
AF-A0A127SQY3-F1-model_v6_Q75_lddt	SGM-2_Q75_lddt	9.537E-01	9.428E-01	9.216E-01	27.300	83	84	85
AF-A0A127SQY3-F1-model_v6_Q75_lddt	SGM-3_Q75_lddt	9.535E-01	9.426E-01	9.214E-01	27.300	83	84	85
AF-A0A127SQY3-F1-model_v6_Q75_lddt	C8CE60_Q75_lddt	9.537E-01	9.427E-01	9.216E-01	25.800	83	85	85
AF-A0A127SQY3-F1-model_v6_Q75_lddt	H9AXM1_Q75_lddt	9.576E-01	9.466E-01	9.050E-01	24.100	83	87	87
AF-A0A127SQY3-F1-model_v6_Q75_lddt	Q9R429_Q75_lddt	9.574E-01	9.464E-01	9.047E-01	25.200	83	87	87
AF-A0A127SQY3-F1-model_v6_Q75_lddt	Q8GHI3_Q75_lddt	9.571E-01	9.461E-01	9.045E-01	24.100	83	87	87
AF-A0A127SQY3-F1-model_v6_Q75_lddt	OKP-C-1_Q75_lddt	9.525E-01	9.416E-01	9.103E-01	25.500	83	86	86
AF-A0A127SQY3-F1-model_v6_Q75_lddt	Q5PU78_Q75_lddt	9.560E-01	9.451E-01	9.036E-01	26.400	83	87	87
AF-A0A127SQY3-F1-model_v6_Q75_lddt	AF-Q6W7F0-F1-model_v4_Q75_lddt	9.555E-01	9.445E-01	9.031E-01	26.400	83	87	87
AF-A0A127SQY3-F1-model_v6_Q75_lddt	Q2YHX6_Q75_lddt	9.557E-01	9.447E-01	9.033E-01	26.400	83	87	87
AF-A0A127SQY3-F1-model_v6_Q75_lddt	Q2YHZ2_Q75_lddt	9.554E-01	9.445E-01	9.030E-01	26.400	83	87	87
AF-A0A127SQY3-F1-model_v6_Q75_lddt	Q84H47_Q75_lddt	9.550E-01	9.440E-01	9.026E-01	25.200	83	87	87
AF-A0A127SQY3-F1-model_v6_Q75_lddt	Q8VQV7_Q75_lddt	9.549E-01	9.439E-01	9.025E-01	25.200	83	87	87
AF-A0A127SQY3-F1-model_v6_Q75_lddt	Q6R5M7_Q75_lddt	9.553E-01	9.444E-01	9.030E-01	26.400	83	87	87
AF-A0A127SQY3-F1-model_v6_Q75_lddt	A0A0P0IGT7_Q75_lddt	9.551E-01	9.442E-01	9.028E-01	25.200	83	87	87
AF-A0A127SQY3-F1-model_v6_Q75_lddt	A0A455LS80_Q75_lddt	9.551E-01	9.441E-01	9.028E-01	25.200	83	87	87
AF-A0A127SQY3-F1-model_v6_Q75_lddt	B5D612_Q75_lddt	9.549E-01	9.440E-01	9.026E-01	25.200	83	87	87
AF-A0A127SQY3-F1-model_v6_Q75_lddt	GES-44_Q75_lddt	9.432E-01	9.325E-01	9.220E-01	27.300	83	84	84
AF-A0A127SQY3-F1-model_v6_Q75_lddt	E9NST5_Q75_lddt	9.548E-01	9.438E-01	9.024E-01	25.200	83	87	87
AF-A0A127SQY3-F1-model_v6_Q75_lddt	AF-Q1NAL0-F1-model_v4_Q75_lddt	9.461E-01	9.353E-01	9.144E-01	27.300	83	84	85
AF-A0A127SQY3-F1-model_v6_Q75_lddt	A0A455LP07_Q75_lddt	9.548E-01	9.438E-01	9.025E-01	25.200	83	87	87
AF-A0A127SQY3-F1-model_v6_Q75_lddt	A0A455LP13_Q75_lddt	9.548E-01	9.438E-01	9.025E-01	25.200	83	87	87
AF-A0A127SQY3-F1-model_v6_Q75_lddt	Q84H48_Q75_lddt	9.546E-01	9.436E-01	9.022E-01	25.200	83	87	87
AF-A0A127SQY3-F1-model_v6_Q75_lddt	Q5I6D4_Q75_lddt	9.547E-01	9.437E-01	9.024E-01	26.400	83	87	87
AF-A0A127SQY3-F1-model_v6_Q75_lddt	A0A455LP02_Q75_lddt	9.546E-01	9.437E-01	9.023E-01	25.200	83	87	87
AF-A0A127SQY3-F1-model_v6_Q75_lddt	B5D620_Q75_lddt	9.546E-01	9.436E-01	9.023E-01	26.400	83	87	87
AF-A0A127SQY3-F1-model_v6_Q75_lddt	Q2YHX8_Q75_lddt	9.545E-01	9.436E-01	9.022E-01	26.400	83	87	87
AF-A0A127SQY3-F1-model_v6_Q75_lddt	B8YHZ8_Q75_lddt	9.544E-01	9.435E-01	9.021E-01	26.400	83	87	87
AF-A0A127SQY3-F1-model_v6_Q75_lddt	Q9XBM2_Q75_lddt	9.471E-01	9.362E-01	9.049E-01	24.100	83	87	86
AF-A0A127SQY3-F1-model_v6_Q75_lddt	Q2YHY7_Q75_lddt	9.542E-01	9.432E-01	9.019E-01	26.400	83	87	87
AF-A0A127SQY3-F1-model_v6_Q75_lddt	R4ISB3_Q75_lddt	9.544E-01	9.435E-01	9.021E-01	25.200	83	87	87
AF-A0A127SQY3-F1-model_v6_Q75_lddt	Q6ZY77_Q75_lddt	9.543E-01	9.434E-01	9.020E-01	26.400	83	87	87
AF-A0A127SQY3-F1-model_v6_Q75_lddt	Q6ZY74_Q75_lddt	9.542E-01	9.433E-01	9.020E-01	26.400	83	87	87
AF-A0A127SQY3-F1-model_v6_Q75_lddt	Q2YHZ3_Q75_lddt	9.541E-01	9.432E-01	9.018E-01	26.400	83	87	87
AF-A0A127SQY3-F1-model_v6_Q75_lddt	Q2YHZ5_Q75_lddt	9.541E-01	9.431E-01	9.018E-01	26.400	83	87	87
AF-A0A127SQY3-F1-model_v6_Q75_lddt	Q2YHZ0_Q75_lddt	9.538E-01	9.429E-01	9.015E-01	26.400	83	87	87
AF-A0A127SQY3-F1-model_v6_Q75_lddt	GES-41_Q75_lddt	9.417E-01	9.310E-01	9.206E-01	27.300	83	84	84
AF-A0A127SQY3-F1-model_v6_Q75_lddt	A0A2Z2Z6H0_Q75_lddt	9.396E-01	9.289E-01	9.185E-01	28.500	83	84	84
AF-A0A127SQY3-F1-model_v6_Q75_lddt	SGM-5_Q75_lddt	9.435E-01	9.327E-01	9.119E-01	28.500	83	84	85
AF-A0A127SQY3-F1-model_v6_Q75_lddt	Q6ZY58_Q75_lddt	9.518E-01	9.409E-01	8.998E-01	26.400	83	87	87
AF-A0A127SQY3-F1-model_v6_Q75_lddt	C5HUY1_Q75_lddt	9.404E-01	9.297E-01	9.193E-01	27.300	83	84	84
AF-A0A127SQY3-F1-model_v6_Q75_lddt	A0A097ZLX5_Q75_lddt	9.403E-01	9.297E-01	9.193E-01	27.300	83	84	84
AF-A0A127SQY3-F1-model_v6_Q75_lddt	C6GC02_Q75_lddt	9.400E-01	9.294E-01	9.190E-01	26.100	83	84	84
AF-A0A127SQY3-F1-model_v6_Q75_lddt	AF-P18251-F1-model_v4_Q75_lddt	9.539E-01	9.430E-01	8.918E-01	24.400	83	86	88
AF-A0A127SQY3-F1-model_v6_Q75_lddt	P14171_Q75_lddt	9.425E-01	9.318E-01	9.111E-01	20.000	83	85	85
AF-A0A127SQY3-F1-model_v6_Q75_lddt	E5G517_Q75_lddt	9.566E-01	9.456E-01	8.846E-01	25.200	83	87	89
AF-A0A127SQY3-F1-model_v6_Q75_lddt	OKP-D-1_Q75_lddt	9.488E-01	9.380E-01	8.970E-01	25.200	83	87	87
AF-A0A127SQY3-F1-model_v6_Q75_lddt	Q2MJC2_Q75_lddt	9.560E-01	9.450E-01	8.842E-01	25.200	83	87	89
AF-A0A127SQY3-F1-model_v6_Q75_lddt	Q8VP57_Q75_lddt	9.559E-01	9.450E-01	8.841E-01	25.200	83	87	89
AF-A0A127SQY3-F1-model_v6_Q75_lddt	B5L5W7_Q75_lddt	9.460E-01	9.352E-01	8.942E-01	28.200	83	85	87
AF-A0A127SQY3-F1-model_v6_Q75_lddt	C0LSK3_Q75_lddt	9.526E-01	9.308E-01	8.999E-01	25.500	83	86	86
AF-A0A127SQY3-F1-model_v6_Q75_lddt	A0ZX91_Q75_lddt	9.558E-01	9.448E-01	8.839E-01	25.200	83	87	89
AF-A0A127SQY3-F1-model_v6_Q75_lddt	O33677_Q75_lddt	9.418E-01	9.311E-01	9.001E-01	24.100	83	87	86
AF-A0A127SQY3-F1-model_v6_Q75_lddt	B9U2I6_Q75_lddt	9.557E-01	9.447E-01	8.839E-01	25.200	83	87	89
AF-A0A127SQY3-F1-model_v6_Q75_lddt	A0A2P9E069_Q75_lddt	9.557E-01	9.447E-01	8.839E-01	25.200	83	87	89
AF-A0A127SQY3-F1-model_v6_Q75_lddt	A0ZX80_Q75_lddt	9.557E-01	9.447E-01	8.839E-01	25.200	83	87	89
AF-A0A127SQY3-F1-model_v6_Q75_lddt	F8SQ10_Q75_lddt	9.556E-01	9.447E-01	8.839E-01	25.200	83	87	89
AF-A0A127SQY3-F1-model_v6_Q75_lddt	Q939H5_Q75_lddt	9.557E-01	9.447E-01	8.839E-01	25.200	83	87	89
AF-A0A127SQY3-F1-model_v6_Q75_lddt	D5LGB4_Q75_lddt	9.556E-01	9.446E-01	8.838E-01	25.200	83	87	89
AF-A0A127SQY3-F1-model_v6_Q75_lddt	S4TWB0_Q75_lddt	9.556E-01	9.446E-01	8.838E-01	25.200	83	87	89
AF-A0A127SQY3-F1-model_v6_Q75_lddt	E5Q900_Q75_lddt	9.555E-01	9.446E-01	8.838E-01	25.200	83	87	89
AF-A0A127SQY3-F1-model_v6_Q75_lddt	AF-A0A867XYA1-F1-model_v4_Q75_lddt	9.519E-01	9.410E-01	8.901E-01	23.200	83	86	88
AF-A0A127SQY3-F1-model_v6_Q75_lddt	Q0PGR7_Q75_lddt	9.552E-01	9.443E-01	8.835E-01	24.100	83	87	89
AF-A0A127SQY3-F1-model_v6_Q75_lddt	A3FFR2_Q75_lddt	9.550E-01	9.440E-01	8.832E-01	25.200	83	87	89
AF-A0A127SQY3-F1-model_v6_Q75_lddt	H2ERK9_Q75_lddt	9.550E-01	9.441E-01	8.834E-01	25.200	83	87	89
AF-A0A127SQY3-F1-model_v6_Q75_lddt	Q8VP67_Q75_lddt	9.549E-01	9.440E-01	8.833E-01	25.200	83	87	89
AF-A0A127SQY3-F1-model_v6_Q75_lddt	J7HZA4_Q75_lddt	9.549E-01	9.440E-01	8.832E-01	25.200	83	87	89
AF-A0A127SQY3-F1-model_v6_Q75_lddt	Q939H3_Q75_lddt	9.546E-01	9.436E-01	8.829E-01	25.200	83	87	89
AF-A0A127SQY3-F1-model_v6_Q75_lddt	A0A097BQY7_Q75_lddt	9.546E-01	9.436E-01	8.829E-01	25.200	83	87	89
AF-A0A127SQY3-F1-model_v6_Q75_lddt	Q8KRG7_Q75_lddt	9.546E-01	9.436E-01	8.830E-01	25.200	83	87	89
AF-A0A127SQY3-F1-model_v6_Q75_lddt	B0FP98_Q75_lddt	9.545E-01	9.435E-01	8.829E-01	25.200	83	87	89
AF-A0A127SQY3-F1-model_v6_Q75_lddt	A0A3Q8G682_Q75_lddt	9.351E-01	9.244E-01	8.939E-01	24.100	83	87	86
AF-A0A127SQY3-F1-model_v6_Q75_lddt	A0A0E0SR47_Q75_lddt	9.276E-01	9.171E-01	8.967E-01	29.800	83	87	85
AF-A0A127SQY3-F1-model_v6_Q75_lddt	A0A1W5QH29_Q75_lddt	9.212E-01	9.108E-01	8.906E-01	29.800	83	87	85
AF-A0A127SQY3-F1-model_v6_Q75_lddt	A0A1W5QCF3_Q75_lddt	9.200E-01	9.096E-01	8.895E-01	29.800	83	87	85
AF-A0A127SQY3-F1-model_v6_Q75_lddt	AF-F4NA56-F1-model_v4_Q75_lddt	9.209E-01	9.104E-01	8.903E-01	29.800	83	87	85
AF-A0A127SQY3-F1-model_v6_Q75_lddt	A0A1W5QG57_Q75_lddt	9.183E-01	9.079E-01	8.878E-01	31.000	83	87	85
AF-E2D9D5-F1-model_v4_Q75_lddt	AF-E2D9D5-F1-model_v4_Q75_lddt	1.012E+00	1.000E+00	1.000E+00	100.000	84	84	84
AF-E2D9D5-F1-model_v4_Q75_lddt	Q5W3A6_Q75_lddt	1.005E+00	9.933E-01	9.933E-01	57.100	84	84	84
AF-E2D9D5-F1-model_v4_Q75_lddt	AF-A0A0D0F642-F1-model_v4_Q75_lddt	1.008E+00	9.837E-01	9.955E-01	65.400	84	84	83
AF-E2D9D5-F1-model_v4_Q75_lddt	RAA-1_Q75_lddt	1.007E+00	9.835E-01	9.953E-01	67.800	84	84	83
AF-E2D9D5-F1-model_v4_Q75_lddt	Q8VT49_Q75_lddt	1.007E+00	9.831E-01	9.949E-01	61.900	84	84	83
AF-E2D9D5-F1-model_v4_Q75_lddt	AF-A0A886X7X6-F1-model_v6_Q75_lddt	1.004E+00	9.922E-01	9.806E-01	47.600	84	84	85
AF-E2D9D5-F1-model_v4_Q75_lddt	Q9AMJ7_Q75_lddt	1.004E+00	9.798E-01	9.915E-01	57.100	84	84	83
AF-E2D9D5-F1-model_v4_Q75_lddt	G9MB50_Q75_lddt	1.004E+00	9.798E-01	9.916E-01	55.900	84	84	83
AF-E2D9D5-F1-model_v4_Q75_lddt	A1YTM5_Q75_lddt	1.003E+00	9.796E-01	9.913E-01	57.100	84	84	83
AF-E2D9D5-F1-model_v4_Q75_lddt	Q9RAZ9_Q75_lddt	1.007E+00	9.714E-01	9.950E-01	67.800	84	84	82
AF-E2D9D5-F1-model_v4_Q75_lddt	G9MB49_Q75_lddt	1.003E+00	9.792E-01	9.909E-01	55.900	84	84	83
AF-E2D9D5-F1-model_v4_Q75_lddt	G9M9P7_Q75_lddt	1.003E+00	9.791E-01	9.908E-01	57.100	84	84	83
AF-E2D9D5-F1-model_v4_Q75_lddt	PER-16_Q75_lddt	9.967E-01	9.850E-01	9.850E-01	46.400	84	84	84
AF-E2D9D5-F1-model_v4_Q75_lddt	AF-A0A8E9ZWD0-F1-model_v6_Q75_lddt	9.956E-01	9.840E-01	9.726E-01	47.600	84	84	85
AF-E2D9D5-F1-model_v4_Q75_lddt	Q9X6W1_Q75_lddt	9.931E-01	9.697E-01	9.813E-01	50.000	84	84	83
AF-E2D9D5-F1-model_v4_Q75_lddt	D5HSX5_Q75_lddt	9.938E-01	9.706E-01	9.820E-01	45.200	84	84	83
AF-E2D9D5-F1-model_v4_Q75_lddt	F8T7L4_Q75_lddt	9.935E-01	9.703E-01	9.817E-01	45.200	84	84	83
AF-E2D9D5-F1-model_v4_Q75_lddt	Q5XQD3_Q75_lddt	9.934E-01	9.702E-01	9.817E-01	45.200	84	84	83
AF-E2D9D5-F1-model_v4_Q75_lddt	P74842_Q75_lddt	9.934E-01	9.701E-01	9.816E-01	46.400	84	84	83
AF-E2D9D5-F1-model_v4_Q75_lddt	AF-E4WMC5-F1-model_v6_Q75_lddt	9.932E-01	9.699E-01	9.814E-01	39.200	84	84	83
AF-E2D9D5-F1-model_v4_Q75_lddt	A0A0B6VPP7_Q75_lddt	9.912E-01	9.679E-01	9.794E-01	52.300	84	84	83
AF-E2D9D5-F1-model_v4_Q75_lddt	AF-J9QX37-F1-model_v4_Q75_lddt	9.976E-01	9.507E-01	9.854E-01	44.000	84	84	81
AF-E2D9D5-F1-model_v4_Q75_lddt	Q3SAW3_Q75_lddt	9.808E-01	9.695E-01	9.695E-01	34.500	84	84	84
AF-E2D9D5-F1-model_v4_Q75_lddt	AF-A0A127SQY3-F1-model_v6_Q75_lddt	9.822E-01	9.594E-01	9.706E-01	41.600	84	84	83
AF-E2D9D5-F1-model_v4_Q75_lddt	GES-44_Q75_lddt	9.772E-01	9.659E-01	9.659E-01	33.300	84	84	84
AF-E2D9D5-F1-model_v4_Q75_lddt	Q9R429_Q75_lddt	9.879E-01	9.764E-01	9.435E-01	29.800	84	87	87
AF-E2D9D5-F1-model_v4_Q75_lddt	Q8GHI3_Q75_lddt	9.877E-01	9.763E-01	9.434E-01	28.700	84	87	87
AF-E2D9D5-F1-model_v4_Q75_lddt	SGM-3_Q75_lddt	9.800E-01	9.687E-01	9.576E-01	35.700	84	84	85
AF-E2D9D5-F1-model_v4_Q75_lddt	SGM-2_Q75_lddt	9.800E-01	9.687E-01	9.576E-01	35.700	84	84	85
AF-E2D9D5-F1-model_v4_Q75_lddt	OKP-C-1_Q75_lddt	9.839E-01	9.725E-01	9.504E-01	31.300	84	86	86
AF-E2D9D5-F1-model_v4_Q75_lddt	AF-A0A1J0HSJ3-F1-model_v4_Q75_lddt	9.841E-01	9.499E-01	9.724E-01	30.900	84	84	82
AF-E2D9D5-F1-model_v4_Q75_lddt	H9AXM1_Q75_lddt	9.873E-01	9.758E-01	9.429E-01	28.700	84	87	87
AF-E2D9D5-F1-model_v4_Q75_lddt	C8C0I2_Q75_lddt	9.738E-01	9.511E-01	9.623E-01	50.500	84	85	83
AF-E2D9D5-F1-model_v4_Q75_lddt	GES-41_Q75_lddt	9.755E-01	9.643E-01	9.643E-01	33.300	84	84	84
AF-E2D9D5-F1-model_v4_Q75_lddt	AF-Q6W7F0-F1-model_v4_Q75_lddt	9.867E-01	9.752E-01	9.424E-01	32.100	84	87	87
AF-E2D9D5-F1-model_v4_Q75_lddt	A0A097ZLX5_Q75_lddt	9.753E-01	9.641E-01	9.641E-01	33.300	84	84	84
AF-E2D9D5-F1-model_v4_Q75_lddt	C5HUY1_Q75_lddt	9.753E-01	9.641E-01	9.641E-01	33.300	84	84	84
AF-E2D9D5-F1-model_v4_Q75_lddt	C6GC02_Q75_lddt	9.750E-01	9.638E-01	9.638E-01	32.100	84	84	84
AF-E2D9D5-F1-model_v4_Q75_lddt	AF-A0A3G1JAD7-F1-model_v4_Q75_lddt	9.828E-01	9.487E-01	9.712E-01	33.300	84	84	82
AF-E2D9D5-F1-model_v4_Q75_lddt	Q2YHX6_Q75_lddt	9.861E-01	9.746E-01	9.418E-01	28.700	84	87	87
AF-E2D9D5-F1-model_v4_Q75_lddt	B7FDD9_Q75_lddt	9.828E-01	9.487E-01	9.711E-01	30.900	84	84	82
AF-E2D9D5-F1-model_v4_Q75_lddt	Q84H48_Q75_lddt	9.855E-01	9.741E-01	9.413E-01	29.800	84	87	87
AF-E2D9D5-F1-model_v4_Q75_lddt	A0A455LP07_Q75_lddt	9.855E-01	9.741E-01	9.413E-01	29.800	84	87	87
AF-E2D9D5-F1-model_v4_Q75_lddt	B5D620_Q75_lddt	9.855E-01	9.741E-01	9.413E-01	28.700	84	87	87
AF-E2D9D5-F1-model_v4_Q75_lddt	A0A455LP02_Q75_lddt	9.854E-01	9.740E-01	9.412E-01	29.800	84	87	87
AF-E2D9D5-F1-model_v4_Q75_lddt	A0A455LP13_Q75_lddt	9.854E-01	9.740E-01	9.412E-01	29.800	84	87	87
AF-E2D9D5-F1-model_v4_Q75_lddt	Q5PU78_Q75_lddt	9.854E-01	9.740E-01	9.412E-01	28.700	84	87	87
AF-E2D9D5-F1-model_v4_Q75_lddt	Q5I6D4_Q75_lddt	9.854E-01	9.739E-01	9.412E-01	28.700	84	87	87
AF-E2D9D5-F1-model_v4_Q75_lddt	B5D612_Q75_lddt	9.854E-01	9.739E-01	9.412E-01	29.800	84	87	87
AF-E2D9D5-F1-model_v4_Q75_lddt	Q2YHX8_Q75_lddt	9.854E-01	9.739E-01	9.412E-01	28.700	84	87	87
AF-E2D9D5-F1-model_v4_Q75_lddt	A0A455LS80_Q75_lddt	9.853E-01	9.739E-01	9.412E-01	29.800	84	87	87
AF-E2D9D5-F1-model_v4_Q75_lddt	B8YHZ8_Q75_lddt	9.852E-01	9.738E-01	9.411E-01	28.700	84	87	87
AF-E2D9D5-F1-model_v4_Q75_lddt	E9NST5_Q75_lddt	9.852E-01	9.738E-01	9.411E-01	29.800	84	87	87
AF-E2D9D5-F1-model_v4_Q75_lddt	Q2YHZ2_Q75_lddt	9.852E-01	9.738E-01	9.410E-01	28.700	84	87	87
AF-E2D9D5-F1-model_v4_Q75_lddt	A0A0P0IGT7_Q75_lddt	9.851E-01	9.737E-01	9.410E-01	29.800	84	87	87
AF-E2D9D5-F1-model_v4_Q75_lddt	R4ISB3_Q75_lddt	9.851E-01	9.736E-01	9.409E-01	29.800	84	87	87
AF-E2D9D5-F1-model_v4_Q75_lddt	Q84H47_Q75_lddt	9.850E-01	9.736E-01	9.409E-01	29.800	84	87	87
AF-E2D9D5-F1-model_v4_Q75_lddt	Q2YHY7_Q75_lddt	9.849E-01	9.735E-01	9.408E-01	28.700	84	87	87
AF-E2D9D5-F1-model_v4_Q75_lddt	Q8VQV7_Q75_lddt	9.848E-01	9.733E-01	9.406E-01	29.800	84	87	87
AF-E2D9D5-F1-model_v4_Q75_lddt	Q6R5M7_Q75_lddt	9.845E-01	9.731E-01	9.404E-01	28.700	84	87	87
AF-E2D9D5-F1-model_v4_Q75_lddt	Q2YHZ3_Q75_lddt	9.844E-01	9.730E-01	9.403E-01	28.700	84	87	87
AF-E2D9D5-F1-model_v4_Q75_lddt	Q2YHZ5_Q75_lddt	9.844E-01	9.730E-01	9.403E-01	28.700	84	87	87
AF-E2D9D5-F1-model_v4_Q75_lddt	Q6ZY77_Q75_lddt	9.842E-01	9.728E-01	9.402E-01	28.700	84	87	87
AF-E2D9D5-F1-model_v4_Q75_lddt	Q2YHZ0_Q75_lddt	9.842E-01	9.728E-01	9.401E-01	28.700	84	87	87
AF-E2D9D5-F1-model_v4_Q75_lddt	Q6ZY74_Q75_lddt	9.838E-01	9.724E-01	9.398E-01	28.700	84	87	87
AF-E2D9D5-F1-model_v4_Q75_lddt	C8CE59_Q75_lddt	9.727E-01	9.614E-01	9.504E-01	31.300	84	86	85
AF-E2D9D5-F1-model_v4_Q75_lddt	Q6ZY58_Q75_lddt	9.821E-01	9.707E-01	9.382E-01	28.700	84	87	87
AF-E2D9D5-F1-model_v4_Q75_lddt	C8CE60_Q75_lddt	9.709E-01	9.597E-01	9.487E-01	31.300	84	86	85
AF-E2D9D5-F1-model_v4_Q75_lddt	AF-P18251-F1-model_v4_Q75_lddt	9.840E-01	9.726E-01	9.296E-01	31.300	84	86	88
AF-E2D9D5-F1-model_v4_Q75_lddt	C0LSK3_Q75_lddt	9.843E-01	9.615E-01	9.397E-01	29.000	84	86	86
AF-E2D9D5-F1-model_v4_Q75_lddt	OKP-D-1_Q75_lddt	9.800E-01	9.687E-01	9.363E-01	28.700	84	87	87
AF-E2D9D5-F1-model_v4_Q75_lddt	AF-Q1NAL0-F1-model_v4_Q75_lddt	9.724E-01	9.613E-01	9.504E-01	36.900	84	84	85
AF-E2D9D5-F1-model_v4_Q75_lddt	Q57509_Q75_lddt	9.708E-01	9.482E-01	9.482E-01	45.800	84	85	84
AF-E2D9D5-F1-model_v4_Q75_lddt	A0A2Z2Z6H0_Q75_lddt	9.674E-01	9.564E-01	9.564E-01	30.900	84	84	84
AF-E2D9D5-F1-model_v4_Q75_lddt	P14171_Q75_lddt	9.710E-01	9.599E-01	9.490E-01	27.000	84	85	85
AF-E2D9D5-F1-model_v4_Q75_lddt	AF-A0A867XYA1-F1-model_v4_Q75_lddt	9.825E-01	9.711E-01	9.282E-01	27.900	84	86	88
AF-E2D9D5-F1-model_v4_Q75_lddt	Q8VP57_Q75_lddt	9.860E-01	9.746E-01	9.211E-01	31.000	84	87	89
AF-E2D9D5-F1-model_v4_Q75_lddt	A0ZX91_Q75_lddt	9.860E-01	9.745E-01	9.211E-01	31.000	84	87	89
AF-E2D9D5-F1-model_v4_Q75_lddt	D5LGB4_Q75_lddt	9.859E-01	9.745E-01	9.211E-01	31.000	84	87	89
AF-E2D9D5-F1-model_v4_Q75_lddt	B9U2I6_Q75_lddt	9.859E-01	9.745E-01	9.210E-01	31.000	84	87	89
AF-E2D9D5-F1-model_v4_Q75_lddt	A0ZX80_Q75_lddt	9.858E-01	9.744E-01	9.209E-01	31.000	84	87	89
AF-E2D9D5-F1-model_v4_Q75_lddt	S4TWB0_Q75_lddt	9.858E-01	9.743E-01	9.209E-01	31.000	84	87	89
AF-E2D9D5-F1-model_v4_Q75_lddt	A0A2P9E069_Q75_lddt	9.857E-01	9.743E-01	9.208E-01	31.000	84	87	89
AF-E2D9D5-F1-model_v4_Q75_lddt	F8SQ10_Q75_lddt	9.856E-01	9.742E-01	9.208E-01	31.000	84	87	89
AF-E2D9D5-F1-model_v4_Q75_lddt	E5Q900_Q75_lddt	9.856E-01	9.741E-01	9.207E-01	31.000	84	87	89
AF-E2D9D5-F1-model_v4_Q75_lddt	E5G517_Q75_lddt	9.855E-01	9.741E-01	9.207E-01	31.000	84	87	89
AF-E2D9D5-F1-model_v4_Q75_lddt	O33677_Q75_lddt	9.707E-01	9.595E-01	9.378E-01	28.700	84	87	86
AF-E2D9D5-F1-model_v4_Q75_lddt	Q939H5_Q75_lddt	9.855E-01	9.740E-01	9.206E-01	31.000	84	87	89
AF-E2D9D5-F1-model_v4_Q75_lddt	Q939H3_Q75_lddt	9.854E-01	9.740E-01	9.206E-01	29.800	84	87	89
AF-E2D9D5-F1-model_v4_Q75_lddt	Q0PGR7_Q75_lddt	9.854E-01	9.740E-01	9.206E-01	31.000	84	87	89
AF-E2D9D5-F1-model_v4_Q75_lddt	A3FFR2_Q75_lddt	9.851E-01	9.737E-01	9.203E-01	31.000	84	87	89
AF-E2D9D5-F1-model_v4_Q75_lddt	Q2MJC2_Q75_lddt	9.849E-01	9.735E-01	9.202E-01	31.000	84	87	89
AF-E2D9D5-F1-model_v4_Q75_lddt	H2ERK9_Q75_lddt	9.845E-01	9.730E-01	9.198E-01	31.000	84	87	89
AF-E2D9D5-F1-model_v4_Q75_lddt	B0FP98_Q75_lddt	9.840E-01	9.726E-01	9.194E-01	31.000	84	87	89
AF-E2D9D5-F1-model_v4_Q75_lddt	A0A097BQY7_Q75_lddt	9.838E-01	9.724E-01	9.191E-01	31.000	84	87	89
AF-E2D9D5-F1-model_v4_Q75_lddt	Q8VP67_Q75_lddt	9.837E-01	9.723E-01	9.191E-01	31.000	84	87	89
AF-E2D9D5-F1-model_v4_Q75_lddt	SGM-5_Q75_lddt	9.687E-01	9.577E-01	9.469E-01	33.300	84	84	85
AF-E2D9D5-F1-model_v4_Q75_lddt	J7HZA4_Q75_lddt	9.835E-01	9.722E-01	9.190E-01	31.000	84	87	89
AF-E2D9D5-F1-model_v4_Q75_lddt	Q8KRG7_Q75_lddt	9.833E-01	9.719E-01	9.188E-01	31.000	84	87	89
AF-E2D9D5-F1-model_v4_Q75_lddt	B5L5W7_Q75_lddt	9.661E-01	9.550E-01	9.233E-01	34.100	84	85	87
AF-E2D9D5-F1-model_v4_Q75_lddt	C8C0D8_Q75_lddt	9.519E-01	9.409E-01	9.196E-01	38.600	84	88	86
AF-E2D9D5-F1-model_v4_Q75_lddt	Q9X4S7_Q75_lddt	9.508E-01	9.398E-01	9.186E-01	37.500	84	88	86
AF-E2D9D5-F1-model_v4_Q75_lddt	Q9XBM2_Q75_lddt	9.528E-01	9.419E-01	9.208E-01	25.200	84	87	86
AF-E2D9D5-F1-model_v4_Q75_lddt	A0A0E0SR47_Q75_lddt	9.381E-01	9.275E-01	9.171E-01	33.300	84	87	85
AF-E2D9D5-F1-model_v4_Q75_lddt	A0A3Q8G682_Q75_lddt	9.425E-01	9.318E-01	9.112E-01	27.500	84	87	86
AF-E2D9D5-F1-model_v4_Q75_lddt	A0A1W5QH29_Q75_lddt	9.339E-01	9.233E-01	9.130E-01	32.100	84	87	85
AF-E2D9D5-F1-model_v4_Q75_lddt	A0A1W5QCF3_Q75_lddt	9.329E-01	9.224E-01	9.121E-01	31.000	84	87	85
AF-E2D9D5-F1-model_v4_Q75_lddt	AF-F4NA56-F1-model_v4_Q75_lddt	9.319E-01	9.214E-01	9.111E-01	29.800	84	87	85
AF-E2D9D5-F1-model_v4_Q75_lddt	A0A1W5QG57_Q75_lddt	9.297E-01	9.193E-01	9.091E-01	32.100	84	87	85
AF-Q6W7F0-F1-model_v4_Q75_lddt	AF-Q6W7F0-F1-model_v4_Q75_lddt	1.012E+00	1.000E+00	1.000E+00	100.000	87	87	87
AF-Q6W7F0-F1-model_v4_Q75_lddt	B5D620_Q75_lddt	1.010E+00	9.987E-01	9.987E-01	83.900	87	87	87
AF-Q6W7F0-F1-model_v4_Q75_lddt	Q2YHX8_Q75_lddt	1.010E+00	9.987E-01	9.987E-01	83.900	87	87	87
AF-Q6W7F0-F1-model_v4_Q75_lddt	B8YHZ8_Q75_lddt	1.010E+00	9.987E-01	9.987E-01	83.900	87	87	87
AF-Q6W7F0-F1-model_v4_Q75_lddt	Q2YHY7_Q75_lddt	1.010E+00	9.987E-01	9.987E-01	83.900	87	87	87
AF-Q6W7F0-F1-model_v4_Q75_lddt	Q84H48_Q75_lddt	1.010E+00	9.987E-01	9.987E-01	83.900	87	87	87
AF-Q6W7F0-F1-model_v4_Q75_lddt	Q5I6D4_Q75_lddt	1.010E+00	9.987E-01	9.987E-01	83.900	87	87	87
AF-Q6W7F0-F1-model_v4_Q75_lddt	Q84H47_Q75_lddt	1.010E+00	9.986E-01	9.986E-01	83.900	87	87	87
AF-Q6W7F0-F1-model_v4_Q75_lddt	Q2YHZ5_Q75_lddt	1.010E+00	9.986E-01	9.986E-01	83.900	87	87	87
AF-Q6W7F0-F1-model_v4_Q75_lddt	Q8VQV7_Q75_lddt	1.010E+00	9.985E-01	9.985E-01	83.900	87	87	87
AF-Q6W7F0-F1-model_v4_Q75_lddt	Q2YHX6_Q75_lddt	1.010E+00	9.985E-01	9.985E-01	83.900	87	87	87
AF-Q6W7F0-F1-model_v4_Q75_lddt	Q2YHZ3_Q75_lddt	1.010E+00	9.985E-01	9.985E-01	83.900	87	87	87
AF-Q6W7F0-F1-model_v4_Q75_lddt	B5D612_Q75_lddt	1.010E+00	9.985E-01	9.985E-01	85.000	87	87	87
AF-Q6W7F0-F1-model_v4_Q75_lddt	Q2YHZ2_Q75_lddt	1.010E+00	9.985E-01	9.985E-01	83.900	87	87	87
AF-Q6W7F0-F1-model_v4_Q75_lddt	Q2YHZ0_Q75_lddt	1.010E+00	9.984E-01	9.984E-01	83.900	87	87	87
AF-Q6W7F0-F1-model_v4_Q75_lddt	Q6ZY77_Q75_lddt	1.010E+00	9.984E-01	9.984E-01	82.700	87	87	87
AF-Q6W7F0-F1-model_v4_Q75_lddt	E9NST5_Q75_lddt	1.010E+00	9.984E-01	9.984E-01	82.700	87	87	87
AF-Q6W7F0-F1-model_v4_Q75_lddt	Q5PU78_Q75_lddt	1.010E+00	9.984E-01	9.984E-01	85.000	87	87	87
AF-Q6W7F0-F1-model_v4_Q75_lddt	R4ISB3_Q75_lddt	1.010E+00	9.984E-01	9.984E-01	82.700	87	87	87
AF-Q6W7F0-F1-model_v4_Q75_lddt	A0A0P0IGT7_Q75_lddt	1.010E+00	9.983E-01	9.983E-01	85.000	87	87	87
AF-Q6W7F0-F1-model_v4_Q75_lddt	Q9R429_Q75_lddt	1.010E+00	9.983E-01	9.983E-01	85.000	87	87	87
AF-Q6W7F0-F1-model_v4_Q75_lddt	A0A455LP02_Q75_lddt	1.010E+00	9.983E-01	9.983E-01	82.700	87	87	87
AF-Q6W7F0-F1-model_v4_Q75_lddt	A0A455LP07_Q75_lddt	1.010E+00	9.983E-01	9.983E-01	82.700	87	87	87
AF-Q6W7F0-F1-model_v4_Q75_lddt	A0A455LP13_Q75_lddt	1.010E+00	9.983E-01	9.983E-01	82.700	87	87	87
AF-Q6W7F0-F1-model_v4_Q75_lddt	Q8GHI3_Q75_lddt	1.010E+00	9.983E-01	9.983E-01	83.900	87	87	87
AF-Q6W7F0-F1-model_v4_Q75_lddt	A0A455LS80_Q75_lddt	1.010E+00	9.982E-01	9.982E-01	83.900	87	87	87
AF-Q6W7F0-F1-model_v4_Q75_lddt	H9AXM1_Q75_lddt	1.010E+00	9.982E-01	9.982E-01	81.600	87	87	87
AF-Q6W7F0-F1-model_v4_Q75_lddt	Q6ZY58_Q75_lddt	1.010E+00	9.980E-01	9.980E-01	85.000	87	87	87
AF-Q6W7F0-F1-model_v4_Q75_lddt	Q6ZY74_Q75_lddt	1.010E+00	9.979E-01	9.979E-01	83.900	87	87	87
AF-Q6W7F0-F1-model_v4_Q75_lddt	Q6R5M7_Q75_lddt	1.009E+00	9.978E-01	9.978E-01	85.000	87	87	87
AF-Q6W7F0-F1-model_v4_Q75_lddt	OKP-D-1_Q75_lddt	1.009E+00	9.970E-01	9.970E-01	82.700	87	87	87
AF-Q6W7F0-F1-model_v4_Q75_lddt	C0LSK3_Q75_lddt	1.010E+00	9.871E-01	9.986E-01	83.700	87	86	86
AF-Q6W7F0-F1-model_v4_Q75_lddt	OKP-C-1_Q75_lddt	1.010E+00	9.867E-01	9.981E-01	82.700	87	87	86
AF-Q6W7F0-F1-model_v4_Q75_lddt	D5LGB4_Q75_lddt	1.010E+00	9.984E-01	9.760E-01	83.900	87	87	89
AF-Q6W7F0-F1-model_v4_Q75_lddt	A0ZX91_Q75_lddt	1.010E+00	9.984E-01	9.760E-01	83.900	87	87	89
AF-Q6W7F0-F1-model_v4_Q75_lddt	B9U2I6_Q75_lddt	1.010E+00	9.984E-01	9.760E-01	83.900	87	87	89
AF-Q6W7F0-F1-model_v4_Q75_lddt	A0ZX80_Q75_lddt	1.010E+00	9.984E-01	9.760E-01	83.900	87	87	89
AF-Q6W7F0-F1-model_v4_Q75_lddt	A0A2P9E069_Q75_lddt	1.010E+00	9.984E-01	9.760E-01	83.900	87	87	89
AF-Q6W7F0-F1-model_v4_Q75_lddt	Q939H3_Q75_lddt	1.010E+00	9.984E-01	9.760E-01	83.900	87	87	89
AF-Q6W7F0-F1-model_v4_Q75_lddt	S4TWB0_Q75_lddt	1.010E+00	9.983E-01	9.759E-01	83.900	87	87	89
AF-Q6W7F0-F1-model_v4_Q75_lddt	Q8VP57_Q75_lddt	1.010E+00	9.983E-01	9.759E-01	83.900	87	87	89
AF-Q6W7F0-F1-model_v4_Q75_lddt	A3FFR2_Q75_lddt	1.010E+00	9.983E-01	9.759E-01	83.900	87	87	89
AF-Q6W7F0-F1-model_v4_Q75_lddt	E5Q900_Q75_lddt	1.010E+00	9.983E-01	9.759E-01	83.900	87	87	89
AF-Q6W7F0-F1-model_v4_Q75_lddt	Q0PGR7_Q75_lddt	1.010E+00	9.982E-01	9.758E-01	82.700	87	87	89
AF-Q6W7F0-F1-model_v4_Q75_lddt	Q2MJC2_Q75_lddt	1.010E+00	9.980E-01	9.756E-01	83.900	87	87	89
AF-Q6W7F0-F1-model_v4_Q75_lddt	A0A097BQY7_Q75_lddt	1.009E+00	9.978E-01	9.755E-01	83.900	87	87	89
AF-Q6W7F0-F1-model_v4_Q75_lddt	C8CE59_Q75_lddt	1.010E+00	9.751E-01	9.980E-01	81.600	87	87	85
AF-Q6W7F0-F1-model_v4_Q75_lddt	Q939H5_Q75_lddt	1.009E+00	9.974E-01	9.751E-01	82.700	87	87	89
AF-Q6W7F0-F1-model_v4_Q75_lddt	C8CE60_Q75_lddt	1.009E+00	9.746E-01	9.975E-01	81.600	87	87	85
AF-Q6W7F0-F1-model_v4_Q75_lddt	H2ERK9_Q75_lddt	1.009E+00	9.973E-01	9.750E-01	83.900	87	87	89
AF-Q6W7F0-F1-model_v4_Q75_lddt	F8SQ10_Q75_lddt	1.009E+00	9.973E-01	9.749E-01	83.900	87	87	89
AF-Q6W7F0-F1-model_v4_Q75_lddt	B0FP98_Q75_lddt	1.009E+00	9.972E-01	9.749E-01	82.700	87	87	89
AF-Q6W7F0-F1-model_v4_Q75_lddt	Q8VP67_Q75_lddt	1.009E+00	9.972E-01	9.748E-01	83.900	87	87	89
AF-Q6W7F0-F1-model_v4_Q75_lddt	J7HZA4_Q75_lddt	1.009E+00	9.970E-01	9.747E-01	82.700	87	87	89
AF-Q6W7F0-F1-model_v4_Q75_lddt	Q8KRG7_Q75_lddt	1.009E+00	9.970E-01	9.747E-01	83.900	87	87	89
AF-Q6W7F0-F1-model_v4_Q75_lddt	O33677_Q75_lddt	1.005E+00	9.816E-01	9.929E-01	82.700	87	87	86
AF-Q6W7F0-F1-model_v4_Q75_lddt	AF-P18251-F1-model_v4_Q75_lddt	1.010E+00	9.864E-01	9.752E-01	79.300	87	87	88
AF-Q6W7F0-F1-model_v4_Q75_lddt	E5G517_Q75_lddt	1.004E+00	9.929E-01	9.707E-01	82.700	87	87	89
AF-Q6W7F0-F1-model_v4_Q75_lddt	AF-A0A867XYA1-F1-model_v4_Q75_lddt	1.009E+00	9.859E-01	9.747E-01	74.700	87	87	88
AF-Q6W7F0-F1-model_v4_Q75_lddt	B7FDD9_Q75_lddt	1.010E+00	9.409E-01	9.982E-01	78.100	87	87	82
AF-Q6W7F0-F1-model_v4_Q75_lddt	P14171_Q75_lddt	9.947E-01	9.609E-01	9.832E-01	55.100	87	87	85
AF-Q6W7F0-F1-model_v4_Q75_lddt	Q3SAW3_Q75_lddt	9.972E-01	9.520E-01	9.855E-01	57.400	87	87	84
AF-Q6W7F0-F1-model_v4_Q75_lddt	C5HUY1_Q75_lddt	9.967E-01	9.516E-01	9.851E-01	55.100	87	87	84
AF-Q6W7F0-F1-model_v4_Q75_lddt	C6GC02_Q75_lddt	9.966E-01	9.514E-01	9.849E-01	54.000	87	87	84
AF-Q6W7F0-F1-model_v4_Q75_lddt	A0A097ZLX5_Q75_lddt	9.966E-01	9.514E-01	9.849E-01	55.100	87	87	84
AF-Q6W7F0-F1-model_v4_Q75_lddt	AF-A0A3G1JAD7-F1-model_v4_Q75_lddt	1.004E+00	9.352E-01	9.918E-01	56.300	87	87	82
AF-Q6W7F0-F1-model_v4_Q75_lddt	GES-44_Q75_lddt	9.948E-01	9.498E-01	9.831E-01	55.100	87	87	84
AF-Q6W7F0-F1-model_v4_Q75_lddt	AF-A0A1J0HSJ3-F1-model_v4_Q75_lddt	1.003E+00	9.343E-01	9.908E-01	56.300	87	87	82
AF-Q6W7F0-F1-model_v4_Q75_lddt	GES-41_Q75_lddt	9.946E-01	9.496E-01	9.829E-01	55.100	87	87	84
AF-Q6W7F0-F1-model_v4_Q75_lddt	SGM-3_Q75_lddt	9.963E-01	9.511E-01	9.732E-01	49.400	87	87	85
AF-Q6W7F0-F1-model_v4_Q75_lddt	SGM-2_Q75_lddt	9.961E-01	9.509E-01	9.730E-01	49.400	87	87	85
AF-Q6W7F0-F1-model_v4_Q75_lddt	PER-16_Q75_lddt	9.889E-01	9.444E-01	9.774E-01	40.200	87	87	84
AF-Q6W7F0-F1-model_v4_Q75_lddt	AF-E2D9D5-F1-model_v4_Q75_lddt	9.867E-01	9.424E-01	9.752E-01	32.100	87	87	84
AF-Q6W7F0-F1-model_v4_Q75_lddt	AF-A0A886X7X6-F1-model_v6_Q75_lddt	9.898E-01	9.452E-01	9.670E-01	37.900	87	87	85
AF-Q6W7F0-F1-model_v4_Q75_lddt	SGM-5_Q75_lddt	9.896E-01	9.450E-01	9.668E-01	48.200	87	87	85
AF-Q6W7F0-F1-model_v4_Q75_lddt	Q9AMJ7_Q75_lddt	9.895E-01	9.338E-01	9.778E-01	31.000	87	87	83
AF-Q6W7F0-F1-model_v4_Q75_lddt	A1YTM5_Q75_lddt	9.891E-01	9.334E-01	9.774E-01	31.000	87	87	83
AF-Q6W7F0-F1-model_v4_Q75_lddt	AF-Q1NAL0-F1-model_v4_Q75_lddt	9.881E-01	9.436E-01	9.654E-01	49.400	87	87	85
AF-Q6W7F0-F1-model_v4_Q75_lddt	D5HSX5_Q75_lddt	9.879E-01	9.324E-01	9.763E-01	42.500	87	87	83
AF-Q6W7F0-F1-model_v4_Q75_lddt	A0A3Q8G682_Q75_lddt	9.724E-01	9.507E-01	9.614E-01	52.800	87	87	86
AF-Q6W7F0-F1-model_v4_Q75_lddt	A0A2Z2Z6H0_Q75_lddt	9.830E-01	9.390E-01	9.716E-01	55.100	87	87	84
AF-Q6W7F0-F1-model_v4_Q75_lddt	A0A1W5QH29_Q75_lddt	9.787E-01	9.460E-01	9.676E-01	39.000	87	87	85
AF-Q6W7F0-F1-model_v4_Q75_lddt	F8T7L4_Q75_lddt	9.867E-01	9.313E-01	9.751E-01	37.900	87	87	83
AF-Q6W7F0-F1-model_v4_Q75_lddt	Q5XQD3_Q75_lddt	9.865E-01	9.312E-01	9.749E-01	39.000	87	87	83
AF-Q6W7F0-F1-model_v4_Q75_lddt	P74842_Q75_lddt	9.863E-01	9.309E-01	9.747E-01	40.200	87	87	83
AF-Q6W7F0-F1-model_v4_Q75_lddt	RAA-1_Q75_lddt	9.862E-01	9.309E-01	9.746E-01	29.800	87	87	83
AF-Q6W7F0-F1-model_v4_Q75_lddt	A0A1W5QCF3_Q75_lddt	9.779E-01	9.452E-01	9.667E-01	39.000	87	87	85
AF-Q6W7F0-F1-model_v4_Q75_lddt	Q8VT49_Q75_lddt	9.845E-01	9.294E-01	9.730E-01	31.000	87	87	83
AF-Q6W7F0-F1-model_v4_Q75_lddt	AF-A0A0D0F642-F1-model_v4_Q75_lddt	9.840E-01	9.289E-01	9.725E-01	35.600	87	87	83
AF-Q6W7F0-F1-model_v4_Q75_lddt	Q5W3A6_Q75_lddt	9.794E-01	9.358E-01	9.681E-01	34.400	87	87	84
AF-Q6W7F0-F1-model_v4_Q75_lddt	A0A1W5QG57_Q75_lddt	9.745E-01	9.420E-01	9.634E-01	40.200	87	87	85
AF-Q6W7F0-F1-model_v4_Q75_lddt	Q9XBM2_Q75_lddt	9.673E-01	9.458E-01	9.565E-01	42.500	87	87	86
AF-Q6W7F0-F1-model_v4_Q75_lddt	G9MB50_Q75_lddt	9.800E-01	9.253E-01	9.686E-01	29.800	87	87	83
AF-Q6W7F0-F1-model_v4_Q75_lddt	AF-E4WMC5-F1-model_v6_Q75_lddt	9.795E-01	9.249E-01	9.681E-01	36.700	87	87	83
AF-Q6W7F0-F1-model_v4_Q75_lddt	G9M9P7_Q75_lddt	9.794E-01	9.248E-01	9.680E-01	29.800	87	87	83
AF-Q6W7F0-F1-model_v4_Q75_lddt	G9MB49_Q75_lddt	9.792E-01	9.246E-01	9.678E-01	31.000	87	87	83
AF-Q6W7F0-F1-model_v4_Q75_lddt	A0A0E0SR47_Q75_lddt	9.690E-01	9.369E-01	9.581E-01	39.000	87	87	85
AF-Q6W7F0-F1-model_v4_Q75_lddt	AF-A0A8E9ZWD0-F1-model_v6_Q75_lddt	9.757E-01	9.324E-01	9.536E-01	35.600	87	87	85
AF-Q6W7F0-F1-model_v4_Q75_lddt	AF-J9QX37-F1-model_v4_Q75_lddt	9.839E-01	9.068E-01	9.721E-01	28.700	87	87	81
AF-Q6W7F0-F1-model_v4_Q75_lddt	Q9X6W1_Q75_lddt	9.732E-01	9.190E-01	9.619E-01	34.400	87	87	83
AF-Q6W7F0-F1-model_v4_Q75_lddt	Q9RAZ9_Q75_lddt	9.789E-01	9.134E-01	9.673E-01	29.800	87	87	82
AF-Q6W7F0-F1-model_v4_Q75_lddt	B5L5W7_Q75_lddt	9.709E-01	9.385E-01	9.385E-01	36.700	87	87	87
AF-Q6W7F0-F1-model_v4_Q75_lddt	AF-F4NA56-F1-model_v4_Q75_lddt	9.645E-01	9.327E-01	9.536E-01	39.000	87	87	85
AF-Q6W7F0-F1-model_v4_Q75_lddt	A0A0B6VPP7_Q75_lddt	9.699E-01	9.161E-01	9.587E-01	33.300	87	87	83
AF-Q6W7F0-F1-model_v4_Q75_lddt	AF-A0A127SQY3-F1-model_v6_Q75_lddt	9.555E-01	9.031E-01	9.445E-01	26.400	87	87	83
AF-Q6W7F0-F1-model_v4_Q75_lddt	Q57509_Q75_lddt	9.517E-01	8.992E-01	9.300E-01	30.600	87	88	84
AF-Q6W7F0-F1-model_v4_Q75_lddt	C8C0I2_Q75_lddt	9.474E-01	8.955E-01	9.366E-01	32.100	87	87	83
AF-Q6W7F0-F1-model_v4_Q75_lddt	C8C0D8_Q75_lddt	9.183E-01	8.984E-01	9.082E-01	28.000	87	89	86
AF-Q6W7F0-F1-model_v4_Q75_lddt	Q9X4S7_Q75_lddt	9.160E-01	8.962E-01	9.060E-01	30.300	87	89	86
B8YHZ8_Q75_lddt	B8YHZ8_Q75_lddt	1.012E+00	1.000E+00	1.000E+00	100.000	87	87	87
B8YHZ8_Q75_lddt	Q5I6D4_Q75_lddt	1.012E+00	9.999E-01	9.999E-01	98.800	87	87	87
B8YHZ8_Q75_lddt	B5D620_Q75_lddt	1.012E+00	9.999E-01	9.999E-01	100.000	87	87	87
B8YHZ8_Q75_lddt	Q2YHX8_Q75_lddt	1.012E+00	9.999E-01	9.999E-01	98.800	87	87	87
B8YHZ8_Q75_lddt	Q2YHX6_Q75_lddt	1.011E+00	9.999E-01	9.999E-01	98.800	87	87	87
B8YHZ8_Q75_lddt	B5D612_Q75_lddt	1.011E+00	9.997E-01	9.997E-01	94.200	87	87	87
B8YHZ8_Q75_lddt	Q2YHZ5_Q75_lddt	1.011E+00	9.997E-01	9.997E-01	100.000	87	87	87
B8YHZ8_Q75_lddt	A0A455LP07_Q75_lddt	1.011E+00	9.996E-01	9.996E-01	94.200	87	87	87
B8YHZ8_Q75_lddt	E9NST5_Q75_lddt	1.011E+00	9.996E-01	9.996E-01	91.900	87	87	87
B8YHZ8_Q75_lddt	Q6ZY77_Q75_lddt	1.011E+00	9.996E-01	9.996E-01	98.800	87	87	87
B8YHZ8_Q75_lddt	A0A455LP13_Q75_lddt	1.011E+00	9.996E-01	9.996E-01	94.200	87	87	87
B8YHZ8_Q75_lddt	A0A455LP02_Q75_lddt	1.011E+00	9.996E-01	9.996E-01	94.200	87	87	87
B8YHZ8_Q75_lddt	R4ISB3_Q75_lddt	1.011E+00	9.996E-01	9.996E-01	94.200	87	87	87
B8YHZ8_Q75_lddt	Q2YHZ0_Q75_lddt	1.011E+00	9.996E-01	9.996E-01	100.000	87	87	87
B8YHZ8_Q75_lddt	A0A0P0IGT7_Q75_lddt	1.011E+00	9.996E-01	9.996E-01	94.200	87	87	87
B8YHZ8_Q75_lddt	Q2YHZ3_Q75_lddt	1.011E+00	9.996E-01	9.996E-01	100.000	87	87	87
B8YHZ8_Q75_lddt	Q2YHZ2_Q75_lddt	1.011E+00	9.995E-01	9.995E-01	100.000	87	87	87
B8YHZ8_Q75_lddt	Q5PU78_Q75_lddt	1.011E+00	9.995E-01	9.995E-01	97.700	87	87	87
B8YHZ8_Q75_lddt	Q6ZY74_Q75_lddt	1.011E+00	9.995E-01	9.995E-01	100.000	87	87	87
B8YHZ8_Q75_lddt	Q84H48_Q75_lddt	1.011E+00	9.994E-01	9.994E-01	93.100	87	87	87
B8YHZ8_Q75_lddt	Q2YHY7_Q75_lddt	1.011E+00	9.993E-01	9.993E-01	100.000	87	87	87
B8YHZ8_Q75_lddt	Q6R5M7_Q75_lddt	1.011E+00	9.993E-01	9.993E-01	97.700	87	87	87
B8YHZ8_Q75_lddt	A0A455LS80_Q75_lddt	1.011E+00	9.993E-01	9.993E-01	95.400	87	87	87
B8YHZ8_Q75_lddt	Q6ZY58_Q75_lddt	1.011E+00	9.991E-01	9.991E-01	98.800	87	87	87
B8YHZ8_Q75_lddt	Q84H47_Q75_lddt	1.011E+00	9.990E-01	9.990E-01	93.100	87	87	87
B8YHZ8_Q75_lddt	Q9R429_Q75_lddt	1.010E+00	9.989E-01	9.989E-01	80.400	87	87	87
B8YHZ8_Q75_lddt	Q8GHI3_Q75_lddt	1.010E+00	9.988E-01	9.988E-01	79.300	87	87	87
B8YHZ8_Q75_lddt	Q8VQV7_Q75_lddt	1.010E+00	9.988E-01	9.988E-01	93.100	87	87	87
B8YHZ8_Q75_lddt	AF-Q6W7F0-F1-model_v4_Q75_lddt	1.010E+00	9.987E-01	9.987E-01	83.900	87	87	87
B8YHZ8_Q75_lddt	H9AXM1_Q75_lddt	1.010E+00	9.985E-01	9.985E-01	77.000	87	87	87
B8YHZ8_Q75_lddt	OKP-D-1_Q75_lddt	1.009E+00	9.974E-01	9.974E-01	95.400	87	87	87
B8YHZ8_Q75_lddt	C0LSK3_Q75_lddt	1.011E+00	9.875E-01	9.990E-01	100.000	87	86	86
B8YHZ8_Q75_lddt	OKP-C-1_Q75_lddt	1.010E+00	9.872E-01	9.987E-01	93.100	87	87	86
B8YHZ8_Q75_lddt	A0ZX80_Q75_lddt	1.011E+00	9.997E-01	9.773E-01	94.200	87	87	89
B8YHZ8_Q75_lddt	A0ZX91_Q75_lddt	1.011E+00	9.997E-01	9.772E-01	94.200	87	87	89
B8YHZ8_Q75_lddt	B9U2I6_Q75_lddt	1.011E+00	9.997E-01	9.772E-01	94.200	87	87	89
B8YHZ8_Q75_lddt	S4TWB0_Q75_lddt	1.011E+00	9.997E-01	9.772E-01	94.200	87	87	89
B8YHZ8_Q75_lddt	A0A2P9E069_Q75_lddt	1.011E+00	9.997E-01	9.772E-01	94.200	87	87	89
B8YHZ8_Q75_lddt	E5Q900_Q75_lddt	1.011E+00	9.996E-01	9.772E-01	94.200	87	87	89
B8YHZ8_Q75_lddt	D5LGB4_Q75_lddt	1.011E+00	9.996E-01	9.772E-01	94.200	87	87	89
B8YHZ8_Q75_lddt	A3FFR2_Q75_lddt	1.011E+00	9.996E-01	9.772E-01	94.200	87	87	89
B8YHZ8_Q75_lddt	Q8VP57_Q75_lddt	1.011E+00	9.996E-01	9.772E-01	94.200	87	87	89
B8YHZ8_Q75_lddt	Q939H3_Q75_lddt	1.011E+00	9.995E-01	9.771E-01	93.100	87	87	89
B8YHZ8_Q75_lddt	Q0PGR7_Q75_lddt	1.011E+00	9.995E-01	9.770E-01	93.100	87	87	89
B8YHZ8_Q75_lddt	Q2MJC2_Q75_lddt	1.011E+00	9.992E-01	9.768E-01	94.200	87	87	89
B8YHZ8_Q75_lddt	H2ERK9_Q75_lddt	1.011E+00	9.992E-01	9.767E-01	94.200	87	87	89
B8YHZ8_Q75_lddt	F8SQ10_Q75_lddt	1.011E+00	9.992E-01	9.767E-01	94.200	87	87	89
B8YHZ8_Q75_lddt	A0A097BQY7_Q75_lddt	1.011E+00	9.991E-01	9.767E-01	94.200	87	87	89
B8YHZ8_Q75_lddt	B0FP98_Q75_lddt	1.011E+00	9.990E-01	9.766E-01	93.100	87	87	89
B8YHZ8_Q75_lddt	Q939H5_Q75_lddt	1.011E+00	9.990E-01	9.765E-01	93.100	87	87	89
B8YHZ8_Q75_lddt	Q8VP67_Q75_lddt	1.010E+00	9.989E-01	9.764E-01	94.200	87	87	89
B8YHZ8_Q75_lddt	C8CE59_Q75_lddt	1.011E+00	9.761E-01	9.990E-01	91.900	87	87	85
B8YHZ8_Q75_lddt	J7HZA4_Q75_lddt	1.010E+00	9.987E-01	9.763E-01	93.100	87	87	89
B8YHZ8_Q75_lddt	C8CE60_Q75_lddt	1.011E+00	9.760E-01	9.989E-01	91.900	87	87	85
B8YHZ8_Q75_lddt	Q8KRG7_Q75_lddt	1.010E+00	9.986E-01	9.762E-01	93.100	87	87	89
B8YHZ8_Q75_lddt	O33677_Q75_lddt	1.005E+00	9.816E-01	9.929E-01	78.100	87	87	86
B8YHZ8_Q75_lddt	E5G517_Q75_lddt	1.006E+00	9.941E-01	9.718E-01	93.100	87	87	89
B8YHZ8_Q75_lddt	AF-A0A867XYA1-F1-model_v4_Q75_lddt	1.010E+00	9.871E-01	9.759E-01	85.000	87	87	88
B8YHZ8_Q75_lddt	AF-P18251-F1-model_v4_Q75_lddt	1.009E+00	9.862E-01	9.750E-01	89.600	87	87	88
B8YHZ8_Q75_lddt	B7FDD9_Q75_lddt	1.010E+00	9.409E-01	9.981E-01	88.500	87	87	82
B8YHZ8_Q75_lddt	P14171_Q75_lddt	9.925E-01	9.589E-01	9.810E-01	54.000	87	87	85
B8YHZ8_Q75_lddt	Q3SAW3_Q75_lddt	9.955E-01	9.504E-01	9.839E-01	52.800	87	87	84
B8YHZ8_Q75_lddt	C5HUY1_Q75_lddt	9.949E-01	9.499E-01	9.833E-01	49.400	87	87	84
B8YHZ8_Q75_lddt	C6GC02_Q75_lddt	9.948E-01	9.498E-01	9.832E-01	48.200	87	87	84
B8YHZ8_Q75_lddt	A0A097ZLX5_Q75_lddt	9.948E-01	9.498E-01	9.832E-01	49.400	87	87	84
B8YHZ8_Q75_lddt	AF-A0A1J0HSJ3-F1-model_v4_Q75_lddt	1.002E+00	9.338E-01	9.902E-01	54.000	87	87	82
B8YHZ8_Q75_lddt	AF-A0A3G1JAD7-F1-model_v4_Q75_lddt	1.001E+00	9.330E-01	9.893E-01	54.000	87	87	82
B8YHZ8_Q75_lddt	GES-44_Q75_lddt	9.931E-01	9.482E-01	9.815E-01	49.400	87	87	84
B8YHZ8_Q75_lddt	GES-41_Q75_lddt	9.929E-01	9.480E-01	9.813E-01	49.400	87	87	84
B8YHZ8_Q75_lddt	SGM-3_Q75_lddt	9.948E-01	9.498E-01	9.717E-01	50.500	87	87	85
B8YHZ8_Q75_lddt	SGM-2_Q75_lddt	9.945E-01	9.495E-01	9.715E-01	50.500	87	87	85
B8YHZ8_Q75_lddt	PER-16_Q75_lddt	9.869E-01	9.426E-01	9.754E-01	40.200	87	87	84
B8YHZ8_Q75_lddt	AF-E2D9D5-F1-model_v4_Q75_lddt	9.852E-01	9.411E-01	9.738E-01	28.700	87	87	84
B8YHZ8_Q75_lddt	AF-A0A886X7X6-F1-model_v6_Q75_lddt	9.880E-01	9.436E-01	9.653E-01	31.000	87	87	85
B8YHZ8_Q75_lddt	Q9AMJ7_Q75_lddt	9.881E-01	9.326E-01	9.765E-01	27.500	87	87	83
B8YHZ8_Q75_lddt	A1YTM5_Q75_lddt	9.876E-01	9.321E-01	9.760E-01	27.500	87	87	83
B8YHZ8_Q75_lddt	SGM-5_Q75_lddt	9.869E-01	9.425E-01	9.642E-01	49.400	87	87	85
B8YHZ8_Q75_lddt	A0A1W5QH29_Q75_lddt	9.783E-01	9.456E-01	9.672E-01	37.900	87	87	85
B8YHZ8_Q75_lddt	D5HSX5_Q75_lddt	9.859E-01	9.306E-01	9.743E-01	40.200	87	87	83
B8YHZ8_Q75_lddt	A0A2Z2Z6H0_Q75_lddt	9.818E-01	9.379E-01	9.705E-01	45.900	87	87	84
B8YHZ8_Q75_lddt	A0A1W5QCF3_Q75_lddt	9.774E-01	9.448E-01	9.663E-01	37.900	87	87	85
B8YHZ8_Q75_lddt	AF-Q1NAL0-F1-model_v4_Q75_lddt	9.854E-01	9.412E-01	9.628E-01	50.500	87	87	85
B8YHZ8_Q75_lddt	RAA-1_Q75_lddt	9.857E-01	9.304E-01	9.741E-01	29.800	87	87	83
B8YHZ8_Q75_lddt	F8T7L4_Q75_lddt	9.847E-01	9.295E-01	9.731E-01	36.700	87	87	83
B8YHZ8_Q75_lddt	A0A3Q8G682_Q75_lddt	9.695E-01	9.479E-01	9.585E-01	54.000	87	87	86
B8YHZ8_Q75_lddt	Q5XQD3_Q75_lddt	9.846E-01	9.294E-01	9.730E-01	36.700	87	87	83
B8YHZ8_Q75_lddt	P74842_Q75_lddt	9.843E-01	9.291E-01	9.727E-01	37.900	87	87	83
B8YHZ8_Q75_lddt	Q8VT49_Q75_lddt	9.828E-01	9.279E-01	9.713E-01	29.800	87	87	83
B8YHZ8_Q75_lddt	A0A1W5QG57_Q75_lddt	9.743E-01	9.419E-01	9.632E-01	37.900	87	87	85
B8YHZ8_Q75_lddt	Q9XBM2_Q75_lddt	9.673E-01	9.458E-01	9.564E-01	41.300	87	87	86
B8YHZ8_Q75_lddt	AF-A0A0D0F642-F1-model_v4_Q75_lddt	9.818E-01	9.269E-01	9.703E-01	31.000	87	87	83
B8YHZ8_Q75_lddt	Q5W3A6_Q75_lddt	9.777E-01	9.342E-01	9.665E-01	33.300	87	87	84
B8YHZ8_Q75_lddt	AF-E4WMC5-F1-model_v6_Q75_lddt	9.786E-01	9.240E-01	9.672E-01	36.700	87	87	83
B8YHZ8_Q75_lddt	G9MB50_Q75_lddt	9.784E-01	9.239E-01	9.670E-01	31.000	87	87	83
B8YHZ8_Q75_lddt	G9M9P7_Q75_lddt	9.778E-01	9.234E-01	9.664E-01	31.000	87	87	83
B8YHZ8_Q75_lddt	G9MB49_Q75_lddt	9.776E-01	9.232E-01	9.662E-01	32.100	87	87	83
B8YHZ8_Q75_lddt	A0A0E0SR47_Q75_lddt	9.689E-01	9.368E-01	9.580E-01	39.000	87	87	85
B8YHZ8_Q75_lddt	AF-A0A8E9ZWD0-F1-model_v6_Q75_lddt	9.752E-01	9.319E-01	9.530E-01	29.800	87	87	85
B8YHZ8_Q75_lddt	AF-J9QX37-F1-model_v4_Q75_lddt	9.825E-01	9.056E-01	9.707E-01	29.800	87	87	81
B8YHZ8_Q75_lddt	Q9X6W1_Q75_lddt	9.716E-01	9.176E-01	9.603E-01	31.000	87	87	83
B8YHZ8_Q75_lddt	Q9RAZ9_Q75_lddt	9.771E-01	9.119E-01	9.656E-01	29.800	87	87	82
B8YHZ8_Q75_lddt	AF-F4NA56-F1-model_v4_Q75_lddt	9.641E-01	9.323E-01	9.533E-01	37.900	87	87	85
B8YHZ8_Q75_lddt	B5L5W7_Q75_lddt	9.690E-01	9.368E-01	9.368E-01	39.000	87	87	87
B8YHZ8_Q75_lddt	A0A0B6VPP7_Q75_lddt	9.683E-01	9.147E-01	9.571E-01	29.800	87	87	83
B8YHZ8_Q75_lddt	AF-A0A127SQY3-F1-model_v6_Q75_lddt	9.544E-01	9.021E-01	9.435E-01	26.400	87	87	83
B8YHZ8_Q75_lddt	Q57509_Q75_lddt	9.504E-01	8.980E-01	9.287E-01	28.400	87	88	84
B8YHZ8_Q75_lddt	C8C0I2_Q75_lddt	9.469E-01	8.951E-01	9.360E-01	34.400	87	87	83
B8YHZ8_Q75_lddt	C8C0D8_Q75_lddt	9.176E-01	8.977E-01	9.076E-01	25.800	87	89	86
B8YHZ8_Q75_lddt	Q9X4S7_Q75_lddt	9.153E-01	8.955E-01	9.053E-01	28.000	87	89	86
C8C0D8_Q75_lddt	C8C0D8_Q75_lddt	1.012E+00	1.000E+00	1.000E+00	100.000	86	86	86
C8C0D8_Q75_lddt	Q9X4S7_Q75_lddt	1.009E+00	9.976E-01	9.976E-01	91.800	86	86	86
C8C0D8_Q75_lddt	Q57509_Q75_lddt	9.889E-01	9.438E-01	9.658E-01	53.400	86	86	84
C8C0D8_Q75_lddt	Q9X6W1_Q75_lddt	9.748E-01	9.304E-01	9.633E-01	35.600	86	87	83
C8C0D8_Q75_lddt	A0A0B6VPP7_Q75_lddt	9.731E-01	9.289E-01	9.617E-01	35.600	86	87	83
C8C0D8_Q75_lddt	C8C0I2_Q75_lddt	9.726E-01	9.288E-01	9.613E-01	39.500	86	86	83
C8C0D8_Q75_lddt	AF-A0A127SQY3-F1-model_v6_Q75_lddt	9.663E-01	9.226E-01	9.550E-01	33.300	86	87	83
C8C0D8_Q75_lddt	Q9RAZ9_Q75_lddt	9.715E-01	9.167E-01	9.600E-01	37.200	86	86	82
C8C0D8_Q75_lddt	A1YTM5_Q75_lddt	9.622E-01	9.187E-01	9.509E-01	36.700	86	87	83
C8C0D8_Q75_lddt	Q9AMJ7_Q75_lddt	9.622E-01	9.186E-01	9.509E-01	36.700	86	87	83
C8C0D8_Q75_lddt	AF-A0A0D0F642-F1-model_v4_Q75_lddt	9.618E-01	9.183E-01	9.505E-01	40.200	86	87	83
C8C0D8_Q75_lddt	G9MB50_Q75_lddt	9.614E-01	9.179E-01	9.501E-01	28.700	86	87	83
C8C0D8_Q75_lddt	G9MB49_Q75_lddt	9.612E-01	9.178E-01	9.500E-01	29.800	86	87	83
C8C0D8_Q75_lddt	G9M9P7_Q75_lddt	9.607E-01	9.173E-01	9.495E-01	29.800	86	87	83
C8C0D8_Q75_lddt	AF-E2D9D5-F1-model_v4_Q75_lddt	9.519E-01	9.196E-01	9.409E-01	38.600	86	88	84
C8C0D8_Q75_lddt	Q8VT49_Q75_lddt	9.594E-01	9.161E-01	9.482E-01	33.300	86	87	83
C8C0D8_Q75_lddt	RAA-1_Q75_lddt	9.564E-01	9.134E-01	9.453E-01	35.600	86	87	83
C8C0D8_Q75_lddt	AF-A0A886X7X6-F1-model_v6_Q75_lddt	9.493E-01	9.171E-01	9.276E-01	37.500	86	88	85
C8C0D8_Q75_lddt	Q5W3A6_Q75_lddt	9.448E-01	9.130E-01	9.340E-01	37.500	86	88	84
C8C0D8_Q75_lddt	P74842_Q75_lddt	9.509E-01	9.083E-01	9.399E-01	36.700	86	87	83
C8C0D8_Q75_lddt	D5HSX5_Q75_lddt	9.503E-01	9.078E-01	9.393E-01	37.900	86	87	83
C8C0D8_Q75_lddt	F8T7L4_Q75_lddt	9.501E-01	9.075E-01	9.391E-01	36.700	86	87	83
C8C0D8_Q75_lddt	Q5XQD3_Q75_lddt	9.500E-01	9.075E-01	9.390E-01	36.700	86	87	83
C8C0D8_Q75_lddt	PER-16_Q75_lddt	9.418E-01	9.101E-01	9.310E-01	37.500	86	88	84
C8C0D8_Q75_lddt	AF-J9QX37-F1-model_v4_Q75_lddt	9.607E-01	8.963E-01	9.493E-01	27.900	86	86	81
C8C0D8_Q75_lddt	AF-E4WMC5-F1-model_v6_Q75_lddt	9.474E-01	9.052E-01	9.365E-01	36.700	86	87	83
C8C0D8_Q75_lddt	AF-A0A8E9ZWD0-F1-model_v6_Q75_lddt	9.396E-01	9.081E-01	9.183E-01	32.900	86	88	85
C8C0D8_Q75_lddt	AF-A0A3G1JAD7-F1-model_v4_Q75_lddt	9.493E-01	8.969E-01	9.383E-01	29.000	86	86	82
C8C0D8_Q75_lddt	AF-A0A1J0HSJ3-F1-model_v4_Q75_lddt	9.485E-01	8.962E-01	9.376E-01	29.000	86	86	82
C8C0D8_Q75_lddt	B7FDD9_Q75_lddt	9.468E-01	8.946E-01	9.359E-01	26.700	86	86	82
C8C0D8_Q75_lddt	C8CE59_Q75_lddt	9.283E-01	9.079E-01	9.180E-01	26.400	86	87	85
C8C0D8_Q75_lddt	C8CE60_Q75_lddt	9.264E-01	9.061E-01	9.161E-01	26.400	86	87	85
C8C0D8_Q75_lddt	Q9R429_Q75_lddt	9.209E-01	9.108E-01	9.009E-01	25.800	86	89	87
C8C0D8_Q75_lddt	H9AXM1_Q75_lddt	9.207E-01	9.106E-01	9.007E-01	25.800	86	89	87
C8C0D8_Q75_lddt	Q8GHI3_Q75_lddt	9.203E-01	9.102E-01	9.003E-01	25.800	86	89	87
C8C0D8_Q75_lddt	OKP-C-1_Q75_lddt	9.159E-01	9.059E-01	9.059E-01	26.100	86	88	86
C8C0D8_Q75_lddt	AF-Q6W7F0-F1-model_v4_Q75_lddt	9.183E-01	9.082E-01	8.984E-01	28.000	86	89	87
C8C0D8_Q75_lddt	Q2YHZ2_Q75_lddt	9.182E-01	9.081E-01	8.982E-01	25.800	86	89	87
C8C0D8_Q75_lddt	SGM-3_Q75_lddt	9.273E-01	8.966E-01	9.066E-01	27.200	86	88	85
C8C0D8_Q75_lddt	Q2YHX6_Q75_lddt	9.180E-01	9.079E-01	8.980E-01	25.800	86	89	87
C8C0D8_Q75_lddt	A0A455LP07_Q75_lddt	9.181E-01	9.080E-01	8.982E-01	24.700	86	89	87
C8C0D8_Q75_lddt	B5D620_Q75_lddt	9.180E-01	9.080E-01	8.981E-01	25.800	86	89	87
C8C0D8_Q75_lddt	SGM-2_Q75_lddt	9.272E-01	8.965E-01	9.065E-01	27.200	86	88	85
C8C0D8_Q75_lddt	Q5I6D4_Q75_lddt	9.180E-01	9.079E-01	8.980E-01	25.800	86	89	87
C8C0D8_Q75_lddt	B5D612_Q75_lddt	9.182E-01	9.081E-01	8.983E-01	25.800	86	89	87
C8C0D8_Q75_lddt	Q5PU78_Q75_lddt	9.178E-01	9.077E-01	8.979E-01	25.800	86	89	87
C8C0D8_Q75_lddt	A0A455LP13_Q75_lddt	9.178E-01	9.078E-01	8.979E-01	24.700	86	89	87
C8C0D8_Q75_lddt	A0A455LP02_Q75_lddt	9.178E-01	9.077E-01	8.979E-01	24.700	86	89	87
C8C0D8_Q75_lddt	Q84H47_Q75_lddt	9.176E-01	9.076E-01	8.977E-01	24.700	86	89	87
C8C0D8_Q75_lddt	Q84H48_Q75_lddt	9.178E-01	9.078E-01	8.979E-01	24.700	86	89	87
C8C0D8_Q75_lddt	A0A455LS80_Q75_lddt	9.178E-01	9.078E-01	8.979E-01	25.800	86	89	87
C8C0D8_Q75_lddt	E9NST5_Q75_lddt	9.176E-01	9.075E-01	8.977E-01	23.500	86	89	87
C8C0D8_Q75_lddt	Q2YHX8_Q75_lddt	9.175E-01	9.075E-01	8.976E-01	25.800	86	89	87
C8C0D8_Q75_lddt	A0A0P0IGT7_Q75_lddt	9.178E-01	9.077E-01	8.979E-01	25.800	86	89	87
C8C0D8_Q75_lddt	B8YHZ8_Q75_lddt	9.176E-01	9.076E-01	8.977E-01	25.800	86	89	87
C8C0D8_Q75_lddt	Q2YHZ5_Q75_lddt	9.173E-01	9.072E-01	8.974E-01	25.800	86	89	87
C8C0D8_Q75_lddt	Q2YHZ3_Q75_lddt	9.173E-01	9.072E-01	8.974E-01	25.800	86	89	87
C8C0D8_Q75_lddt	Q6ZY77_Q75_lddt	9.173E-01	9.073E-01	8.974E-01	25.800	86	89	87
C8C0D8_Q75_lddt	Q2YHY7_Q75_lddt	9.171E-01	9.070E-01	8.972E-01	25.800	86	89	87
C8C0D8_Q75_lddt	Q8VQV7_Q75_lddt	9.173E-01	9.072E-01	8.974E-01	24.700	86	89	87
C8C0D8_Q75_lddt	R4ISB3_Q75_lddt	9.172E-01	9.071E-01	8.973E-01	24.700	86	89	87
C8C0D8_Q75_lddt	Q6R5M7_Q75_lddt	9.170E-01	9.070E-01	8.971E-01	25.800	86	89	87
C8C0D8_Q75_lddt	Q2YHZ0_Q75_lddt	9.170E-01	9.069E-01	8.971E-01	25.800	86	89	87
C8C0D8_Q75_lddt	Q6ZY74_Q75_lddt	9.171E-01	9.070E-01	8.972E-01	25.800	86	89	87
C8C0D8_Q75_lddt	AF-P18251-F1-model_v4_Q75_lddt	9.200E-01	9.099E-01	8.903E-01	25.000	86	88	88
C8C0D8_Q75_lddt	Q3SAW3_Q75_lddt	9.199E-01	8.896E-01	9.096E-01	26.100	86	88	84
C8C0D8_Q75_lddt	Q6ZY58_Q75_lddt	9.146E-01	9.046E-01	8.948E-01	25.800	86	89	87
C8C0D8_Q75_lddt	E5G517_Q75_lddt	9.196E-01	9.095E-01	8.805E-01	25.800	86	89	89
C8C0D8_Q75_lddt	C0LSK3_Q75_lddt	9.157E-01	8.957E-01	8.957E-01	25.000	86	88	86
C8C0D8_Q75_lddt	A0ZX91_Q75_lddt	9.187E-01	9.086E-01	8.796E-01	25.800	86	89	89
C8C0D8_Q75_lddt	AF-A0A867XYA1-F1-model_v4_Q75_lddt	9.154E-01	9.053E-01	8.860E-01	20.400	86	88	88
C8C0D8_Q75_lddt	B5L5W7_Q75_lddt	9.184E-01	8.981E-01	8.884E-01	26.100	86	88	87
C8C0D8_Q75_lddt	A0ZX80_Q75_lddt	9.185E-01	9.084E-01	8.795E-01	25.800	86	89	89
C8C0D8_Q75_lddt	B9U2I6_Q75_lddt	9.184E-01	9.084E-01	8.794E-01	25.800	86	89	89
C8C0D8_Q75_lddt	Q8VP57_Q75_lddt	9.185E-01	9.084E-01	8.795E-01	25.800	86	89	89
C8C0D8_Q75_lddt	S4TWB0_Q75_lddt	9.184E-01	9.084E-01	8.794E-01	25.800	86	89	89
C8C0D8_Q75_lddt	F8SQ10_Q75_lddt	9.185E-01	9.084E-01	8.795E-01	25.800	86	89	89
C8C0D8_Q75_lddt	Q2MJC2_Q75_lddt	9.186E-01	9.085E-01	8.796E-01	25.800	86	89	89
C8C0D8_Q75_lddt	D5LGB4_Q75_lddt	9.185E-01	9.084E-01	8.794E-01	25.800	86	89	89
C8C0D8_Q75_lddt	E5Q900_Q75_lddt	9.183E-01	9.082E-01	8.793E-01	25.800	86	89	89
C8C0D8_Q75_lddt	Q0PGR7_Q75_lddt	9.181E-01	9.080E-01	8.791E-01	24.700	86	89	89
C8C0D8_Q75_lddt	A0A2P9E069_Q75_lddt	9.183E-01	9.082E-01	8.793E-01	25.800	86	89	89
C8C0D8_Q75_lddt	A3FFR2_Q75_lddt	9.182E-01	9.081E-01	8.792E-01	25.800	86	89	89
C8C0D8_Q75_lddt	Q939H5_Q75_lddt	9.180E-01	9.079E-01	8.790E-01	25.800	86	89	89
C8C0D8_Q75_lddt	OKP-D-1_Q75_lddt	9.114E-01	9.014E-01	8.917E-01	24.700	86	89	87
C8C0D8_Q75_lddt	Q9XBM2_Q75_lddt	9.040E-01	8.941E-01	8.941E-01	21.300	86	89	86
C8C0D8_Q75_lddt	Q939H3_Q75_lddt	9.177E-01	9.076E-01	8.787E-01	24.700	86	89	89
C8C0D8_Q75_lddt	H2ERK9_Q75_lddt	9.173E-01	9.072E-01	8.784E-01	25.800	86	89	89
C8C0D8_Q75_lddt	A0A097BQY7_Q75_lddt	9.173E-01	9.072E-01	8.784E-01	25.800	86	89	89
C8C0D8_Q75_lddt	Q8VP67_Q75_lddt	9.171E-01	9.070E-01	8.782E-01	25.800	86	89	89
C8C0D8_Q75_lddt	GES-44_Q75_lddt	9.150E-01	8.850E-01	9.048E-01	27.200	86	88	84
C8C0D8_Q75_lddt	O33677_Q75_lddt	9.037E-01	8.938E-01	8.938E-01	25.800	86	89	86
C8C0D8_Q75_lddt	J7HZA4_Q75_lddt	9.168E-01	9.067E-01	8.779E-01	25.800	86	89	89
C8C0D8_Q75_lddt	B0FP98_Q75_lddt	9.165E-01	9.065E-01	8.777E-01	25.800	86	89	89
C8C0D8_Q75_lddt	Q8KRG7_Q75_lddt	9.166E-01	9.066E-01	8.778E-01	25.800	86	89	89
C8C0D8_Q75_lddt	GES-41_Q75_lddt	9.142E-01	8.843E-01	9.040E-01	27.200	86	88	84
C8C0D8_Q75_lddt	C5HUY1_Q75_lddt	9.142E-01	8.843E-01	9.040E-01	27.200	86	88	84
C8C0D8_Q75_lddt	A0A097ZLX5_Q75_lddt	9.142E-01	8.842E-01	9.040E-01	27.200	86	88	84
C8C0D8_Q75_lddt	AF-Q1NAL0-F1-model_v4_Q75_lddt	9.178E-01	8.876E-01	8.975E-01	26.100	86	88	85
C8C0D8_Q75_lddt	C6GC02_Q75_lddt	9.138E-01	8.839E-01	9.036E-01	26.100	86	88	84
C8C0D8_Q75_lddt	P14171_Q75_lddt	9.079E-01	8.882E-01	8.979E-01	23.800	86	88	85
C8C0D8_Q75_lddt	SGM-5_Q75_lddt	9.143E-01	8.844E-01	8.941E-01	28.400	86	88	85
C8C0D8_Q75_lddt	A0A3Q8G682_Q75_lddt	8.958E-01	8.861E-01	8.861E-01	23.500	86	89	86
C8C0D8_Q75_lddt	A0A2Z2Z6H0_Q75_lddt	9.023E-01	8.730E-01	8.923E-01	25.000	86	88	84
C8C0D8_Q75_lddt	A0A0E0SR47_Q75_lddt	8.957E-01	8.763E-01	8.859E-01	24.700	86	89	85
C8C0D8_Q75_lddt	A0A1W5QH29_Q75_lddt	8.898E-01	8.707E-01	8.802E-01	32.500	86	89	85
C8C0D8_Q75_lddt	AF-F4NA56-F1-model_v4_Q75_lddt	8.885E-01	8.694E-01	8.789E-01	28.000	86	89	85
C8C0D8_Q75_lddt	A0A1W5QCF3_Q75_lddt	8.884E-01	8.694E-01	8.788E-01	31.400	86	89	85
C8C0D8_Q75_lddt	A0A1W5QG57_Q75_lddt	8.852E-01	8.663E-01	8.757E-01	33.700	86	89	85
E5G517_Q75_lddt	E5G517_Q75_lddt	1.011E+00	1.000E+00	1.000E+00	100.000	89	89	89
E5G517_Q75_lddt	Q2MJC2_Q75_lddt	1.006E+00	9.949E-01	9.949E-01	98.800	89	89	89
E5G517_Q75_lddt	A0A097BQY7_Q75_lddt	1.006E+00	9.947E-01	9.947E-01	98.800	89	89	89
E5G517_Q75_lddt	A0ZX80_Q75_lddt	1.006E+00	9.945E-01	9.945E-01	98.800	89	89	89
E5G517_Q75_lddt	J7HZA4_Q75_lddt	1.006E+00	9.944E-01	9.944E-01	97.700	89	89	89
E5G517_Q75_lddt	Q8VP67_Q75_lddt	1.006E+00	9.944E-01	9.944E-01	98.800	89	89	89
E5G517_Q75_lddt	A0A2P9E069_Q75_lddt	1.006E+00	9.944E-01	9.944E-01	98.800	89	89	89
E5G517_Q75_lddt	A0ZX91_Q75_lddt	1.006E+00	9.944E-01	9.944E-01	98.800	89	89	89
E5G517_Q75_lddt	D5LGB4_Q75_lddt	1.006E+00	9.944E-01	9.944E-01	98.800	89	89	89
E5G517_Q75_lddt	A3FFR2_Q75_lddt	1.006E+00	9.944E-01	9.944E-01	98.800	89	89	89
E5G517_Q75_lddt	S4TWB0_Q75_lddt	1.006E+00	9.943E-01	9.943E-01	98.800	89	89	89
E5G517_Q75_lddt	B9U2I6_Q75_lddt	1.006E+00	9.943E-01	9.943E-01	98.800	89	89	89
E5G517_Q75_lddt	Q8KRG7_Q75_lddt	1.006E+00	9.943E-01	9.943E-01	97.700	89	89	89
E5G517_Q75_lddt	Q8VP57_Q75_lddt	1.006E+00	9.943E-01	9.943E-01	98.800	89	89	89
E5G517_Q75_lddt	E5Q900_Q75_lddt	1.005E+00	9.942E-01	9.942E-01	98.800	89	89	89
E5G517_Q75_lddt	H2ERK9_Q75_lddt	1.005E+00	9.940E-01	9.940E-01	98.800	89	89	89
E5G517_Q75_lddt	Q0PGR7_Q75_lddt	1.005E+00	9.940E-01	9.940E-01	97.700	89	89	89
E5G517_Q75_lddt	B0FP98_Q75_lddt	1.005E+00	9.939E-01	9.939E-01	97.700	89	89	89
E5G517_Q75_lddt	Q939H5_Q75_lddt	1.005E+00	9.938E-01	9.938E-01	97.700	89	89	89
E5G517_Q75_lddt	F8SQ10_Q75_lddt	1.005E+00	9.938E-01	9.938E-01	98.800	89	89	89
E5G517_Q75_lddt	Q939H3_Q75_lddt	1.005E+00	9.935E-01	9.935E-01	91.000	89	89	89
E5G517_Q75_lddt	AF-A0A867XYA1-F1-model_v4_Q75_lddt	1.008E+00	9.855E-01	9.966E-01	88.700	89	89	88
E5G517_Q75_lddt	AF-P18251-F1-model_v4_Q75_lddt	1.008E+00	9.850E-01	9.961E-01	95.500	89	89	88
E5G517_Q75_lddt	Q6ZY74_Q75_lddt	1.006E+00	9.721E-01	9.944E-01	93.100	89	87	87
E5G517_Q75_lddt	Q5PU78_Q75_lddt	1.006E+00	9.720E-01	9.943E-01	93.100	89	87	87
E5G517_Q75_lddt	Q6ZY77_Q75_lddt	1.006E+00	9.720E-01	9.943E-01	91.900	89	87	87
E5G517_Q75_lddt	Q2YHZ2_Q75_lddt	1.006E+00	9.720E-01	9.943E-01	93.100	89	87	87
E5G517_Q75_lddt	Q2YHZ3_Q75_lddt	1.006E+00	9.720E-01	9.943E-01	93.100	89	87	87
E5G517_Q75_lddt	Q6R5M7_Q75_lddt	1.006E+00	9.720E-01	9.942E-01	93.100	89	87	87
E5G517_Q75_lddt	Q2YHZ5_Q75_lddt	1.006E+00	9.720E-01	9.942E-01	93.100	89	87	87
E5G517_Q75_lddt	Q2YHZ0_Q75_lddt	1.006E+00	9.719E-01	9.942E-01	93.100	89	87	87
E5G517_Q75_lddt	B5D620_Q75_lddt	1.006E+00	9.719E-01	9.942E-01	93.100	89	87	87
E5G517_Q75_lddt	Q5I6D4_Q75_lddt	1.006E+00	9.719E-01	9.942E-01	94.200	89	87	87
E5G517_Q75_lddt	Q2YHX8_Q75_lddt	1.006E+00	9.719E-01	9.942E-01	94.200	89	87	87
E5G517_Q75_lddt	A0A455LS80_Q75_lddt	1.006E+00	9.719E-01	9.941E-01	93.100	89	87	87
E5G517_Q75_lddt	Q2YHX6_Q75_lddt	1.006E+00	9.719E-01	9.941E-01	94.200	89	87	87
E5G517_Q75_lddt	B8YHZ8_Q75_lddt	1.006E+00	9.718E-01	9.941E-01	93.100	89	87	87
E5G517_Q75_lddt	B5D612_Q75_lddt	1.006E+00	9.718E-01	9.941E-01	91.900	89	87	87
E5G517_Q75_lddt	A0A0P0IGT7_Q75_lddt	1.006E+00	9.718E-01	9.941E-01	91.900	89	87	87
E5G517_Q75_lddt	A0A455LP07_Q75_lddt	1.006E+00	9.718E-01	9.940E-01	91.900	89	87	87
E5G517_Q75_lddt	E9NST5_Q75_lddt	1.006E+00	9.717E-01	9.940E-01	89.600	89	87	87
E5G517_Q75_lddt	A0A455LP13_Q75_lddt	1.005E+00	9.717E-01	9.939E-01	91.900	89	87	87
E5G517_Q75_lddt	A0A455LP02_Q75_lddt	1.005E+00	9.717E-01	9.939E-01	91.900	89	87	87
E5G517_Q75_lddt	R4ISB3_Q75_lddt	1.005E+00	9.716E-01	9.939E-01	91.900	89	87	87
E5G517_Q75_lddt	Q6ZY58_Q75_lddt	1.005E+00	9.716E-01	9.938E-01	91.900	89	87	87
E5G517_Q75_lddt	Q2YHY7_Q75_lddt	1.005E+00	9.713E-01	9.935E-01	93.100	89	87	87
E5G517_Q75_lddt	Q84H47_Q75_lddt	1.005E+00	9.713E-01	9.935E-01	90.800	89	87	87
E5G517_Q75_lddt	Q8GHI3_Q75_lddt	1.005E+00	9.712E-01	9.934E-01	79.300	89	87	87
E5G517_Q75_lddt	Q84H48_Q75_lddt	1.005E+00	9.711E-01	9.934E-01	90.800	89	87	87
E5G517_Q75_lddt	Q9R429_Q75_lddt	1.005E+00	9.711E-01	9.933E-01	80.400	89	87	87
E5G517_Q75_lddt	H9AXM1_Q75_lddt	1.005E+00	9.710E-01	9.932E-01	78.100	89	87	87
E5G517_Q75_lddt	OKP-C-1_Q75_lddt	1.010E+00	9.643E-01	9.979E-01	96.500	89	87	86
E5G517_Q75_lddt	Q8VQV7_Q75_lddt	1.005E+00	9.709E-01	9.932E-01	90.800	89	87	87
E5G517_Q75_lddt	AF-Q6W7F0-F1-model_v4_Q75_lddt	1.004E+00	9.707E-01	9.929E-01	82.700	89	87	87
E5G517_Q75_lddt	C8CE59_Q75_lddt	1.011E+00	9.547E-01	9.996E-01	97.700	89	87	85
E5G517_Q75_lddt	OKP-D-1_Q75_lddt	1.002E+00	9.688E-01	9.910E-01	90.800	89	87	87
E5G517_Q75_lddt	C8CE60_Q75_lddt	1.011E+00	9.545E-01	9.994E-01	97.700	89	87	85
E5G517_Q75_lddt	C0LSK3_Q75_lddt	1.005E+00	9.596E-01	9.929E-01	93.000	89	86	86
E5G517_Q75_lddt	O33677_Q75_lddt	9.989E-01	9.544E-01	9.874E-01	78.100	89	87	86
E5G517_Q75_lddt	B7FDD9_Q75_lddt	1.010E+00	9.196E-01	9.979E-01	94.200	89	87	82
E5G517_Q75_lddt	P14171_Q75_lddt	9.919E-01	9.371E-01	9.805E-01	56.300	89	87	85
E5G517_Q75_lddt	C5HUY1_Q75_lddt	9.932E-01	9.274E-01	9.816E-01	49.400	89	87	84
E5G517_Q75_lddt	C6GC02_Q75_lddt	9.931E-01	9.273E-01	9.815E-01	48.200	89	87	84
E5G517_Q75_lddt	A0A097ZLX5_Q75_lddt	9.931E-01	9.273E-01	9.815E-01	49.400	89	87	84
E5G517_Q75_lddt	Q3SAW3_Q75_lddt	9.927E-01	9.269E-01	9.811E-01	56.300	89	87	84
E5G517_Q75_lddt	AF-A0A3G1JAD7-F1-model_v4_Q75_lddt	1.001E+00	9.119E-01	9.889E-01	54.000	89	87	82
E5G517_Q75_lddt	AF-A0A1J0HSJ3-F1-model_v4_Q75_lddt	1.001E+00	9.118E-01	9.888E-01	52.800	89	87	82
E5G517_Q75_lddt	GES-44_Q75_lddt	9.905E-01	9.251E-01	9.790E-01	49.400	89	87	84
E5G517_Q75_lddt	GES-41_Q75_lddt	9.905E-01	9.250E-01	9.789E-01	49.400	89	87	84
E5G517_Q75_lddt	SGM-3_Q75_lddt	9.944E-01	9.284E-01	9.714E-01	54.000	89	87	85
E5G517_Q75_lddt	SGM-2_Q75_lddt	9.942E-01	9.282E-01	9.712E-01	54.000	89	87	85
E5G517_Q75_lddt	PER-16_Q75_lddt	9.854E-01	9.206E-01	9.740E-01	41.300	89	87	84
E5G517_Q75_lddt	AF-E2D9D5-F1-model_v4_Q75_lddt	9.855E-01	9.207E-01	9.741E-01	31.000	89	87	84
E5G517_Q75_lddt	Q9AMJ7_Q75_lddt	9.885E-01	9.124E-01	9.769E-01	31.000	89	87	83
E5G517_Q75_lddt	AF-A0A886X7X6-F1-model_v6_Q75_lddt	9.882E-01	9.230E-01	9.655E-01	32.100	89	87	85
E5G517_Q75_lddt	A1YTM5_Q75_lddt	9.880E-01	9.120E-01	9.764E-01	31.000	89	87	83
E5G517_Q75_lddt	SGM-5_Q75_lddt	9.858E-01	9.209E-01	9.632E-01	50.500	89	87	85
E5G517_Q75_lddt	RAA-1_Q75_lddt	9.856E-01	9.100E-01	9.741E-01	33.300	89	87	83
E5G517_Q75_lddt	D5HSX5_Q75_lddt	9.843E-01	9.087E-01	9.727E-01	41.300	89	87	83
E5G517_Q75_lddt	AF-Q1NAL0-F1-model_v4_Q75_lddt	9.841E-01	9.194E-01	9.616E-01	54.000	89	87	85
E5G517_Q75_lddt	Q8VT49_Q75_lddt	9.835E-01	9.082E-01	9.720E-01	31.000	89	87	83
E5G517_Q75_lddt	F8T7L4_Q75_lddt	9.830E-01	9.076E-01	9.715E-01	37.900	89	87	83
E5G517_Q75_lddt	Q5XQD3_Q75_lddt	9.828E-01	9.075E-01	9.713E-01	37.900	89	87	83
E5G517_Q75_lddt	P74842_Q75_lddt	9.825E-01	9.073E-01	9.710E-01	39.000	89	87	83
E5G517_Q75_lddt	A0A1W5QH29_Q75_lddt	9.732E-01	9.203E-01	9.621E-01	36.700	89	87	85
E5G517_Q75_lddt	Q5W3A6_Q75_lddt	9.781E-01	9.142E-01	9.669E-01	34.400	89	87	84
E5G517_Q75_lddt	AF-A0A0D0F642-F1-model_v4_Q75_lddt	9.820E-01	9.069E-01	9.705E-01	32.100	89	87	83
E5G517_Q75_lddt	A0A2Z2Z6H0_Q75_lddt	9.776E-01	9.137E-01	9.663E-01	47.100	89	87	84
E5G517_Q75_lddt	A0A1W5QCF3_Q75_lddt	9.722E-01	9.194E-01	9.612E-01	36.700	89	87	85
E5G517_Q75_lddt	A0A3Q8G682_Q75_lddt	9.649E-01	9.230E-01	9.541E-01	52.800	89	87	86
E5G517_Q75_lddt	G9MB50_Q75_lddt	9.797E-01	9.049E-01	9.682E-01	31.000	89	87	83
E5G517_Q75_lddt	G9M9P7_Q75_lddt	9.791E-01	9.044E-01	9.677E-01	29.800	89	87	83
E5G517_Q75_lddt	G9MB49_Q75_lddt	9.789E-01	9.042E-01	9.675E-01	31.000	89	87	83
E5G517_Q75_lddt	A0A1W5QG57_Q75_lddt	9.694E-01	9.169E-01	9.584E-01	36.700	89	87	85
E5G517_Q75_lddt	AF-E4WMC5-F1-model_v6_Q75_lddt	9.780E-01	9.033E-01	9.666E-01	35.600	89	87	83
E5G517_Q75_lddt	Q9XBM2_Q75_lddt	9.622E-01	9.205E-01	9.514E-01	41.300	89	87	86
E5G517_Q75_lddt	AF-A0A8E9ZWD0-F1-model_v6_Q75_lddt	9.751E-01	9.115E-01	9.530E-01	31.000	89	87	85
E5G517_Q75_lddt	AF-J9QX37-F1-model_v4_Q75_lddt	9.825E-01	8.858E-01	9.707E-01	28.700	89	87	81
E5G517_Q75_lddt	Q9X6W1_Q75_lddt	9.723E-01	8.983E-01	9.610E-01	32.100	89	87	83
E5G517_Q75_lddt	Q9RAZ9_Q75_lddt	9.779E-01	8.927E-01	9.664E-01	31.000	89	87	82
E5G517_Q75_lddt	A0A0E0SR47_Q75_lddt	9.634E-01	9.115E-01	9.525E-01	39.000	89	87	85
E5G517_Q75_lddt	B5L5W7_Q75_lddt	9.700E-01	9.173E-01	9.377E-01	37.900	89	87	87
E5G517_Q75_lddt	A0A0B6VPP7_Q75_lddt	9.693E-01	8.956E-01	9.580E-01	31.000	89	87	83
E5G517_Q75_lddt	AF-F4NA56-F1-model_v4_Q75_lddt	9.576E-01	9.063E-01	9.469E-01	36.700	89	87	85
E5G517_Q75_lddt	AF-A0A127SQY3-F1-model_v6_Q75_lddt	9.566E-01	8.846E-01	9.456E-01	25.200	89	87	83
E5G517_Q75_lddt	Q57509_Q75_lddt	9.520E-01	8.801E-01	9.303E-01	28.400	89	88	84
E5G517_Q75_lddt	C8C0I2_Q75_lddt	9.486E-01	8.775E-01	9.377E-01	32.100	89	87	83
E5G517_Q75_lddt	C8C0D8_Q75_lddt	9.196E-01	8.805E-01	9.095E-01	25.800	89	89	86
E5G517_Q75_lddt	Q9X4S7_Q75_lddt	9.171E-01	8.782E-01	9.070E-01	28.000	89	89	86
G9MB49_Q75_lddt	G9MB49_Q75_lddt	1.012E+00	1.000E+00	1.000E+00	100.000	83	83	83
G9MB49_Q75_lddt	G9MB50_Q75_lddt	1.012E+00	9.999E-01	9.999E-01	97.500	83	83	83
G9MB49_Q75_lddt	G9M9P7_Q75_lddt	1.012E+00	9.999E-01	9.999E-01	98.700	83	83	83
G9MB49_Q75_lddt	Q8VT49_Q75_lddt	1.004E+00	9.920E-01	9.920E-01	61.400	83	83	83
G9MB49_Q75_lddt	AF-A0A0D0F642-F1-model_v4_Q75_lddt	1.004E+00	9.918E-01	9.918E-01	56.600	83	83	83
G9MB49_Q75_lddt	RAA-1_Q75_lddt	1.001E+00	9.887E-01	9.887E-01	65.000	83	83	83
G9MB49_Q75_lddt	Q9RAZ9_Q75_lddt	1.004E+00	9.803E-01	9.921E-01	61.400	83	83	82
G9MB49_Q75_lddt	AF-E2D9D5-F1-model_v4_Q75_lddt	1.003E+00	9.909E-01	9.792E-01	55.900	83	84	84
G9MB49_Q75_lddt	Q9AMJ7_Q75_lddt	9.976E-01	9.857E-01	9.857E-01	50.600	83	83	83
G9MB49_Q75_lddt	A1YTM5_Q75_lddt	9.974E-01	9.855E-01	9.855E-01	50.600	83	83	83
G9MB49_Q75_lddt	Q5W3A6_Q75_lddt	9.987E-01	9.868E-01	9.752E-01	47.600	83	84	84
G9MB49_Q75_lddt	A0A0B6VPP7_Q75_lddt	9.898E-01	9.781E-01	9.781E-01	51.800	83	83	83
G9MB49_Q75_lddt	Q9X6W1_Q75_lddt	9.894E-01	9.777E-01	9.777E-01	49.300	83	83	83
G9MB49_Q75_lddt	AF-A0A886X7X6-F1-model_v6_Q75_lddt	9.991E-01	9.872E-01	9.642E-01	46.400	83	84	85
G9MB49_Q75_lddt	AF-A0A127SQY3-F1-model_v6_Q75_lddt	9.825E-01	9.710E-01	9.710E-01	45.700	83	83	83
G9MB49_Q75_lddt	PER-16_Q75_lddt	9.851E-01	9.735E-01	9.622E-01	47.600	83	84	84
G9MB49_Q75_lddt	D5HSX5_Q75_lddt	9.810E-01	9.695E-01	9.695E-01	48.100	83	83	83
G9MB49_Q75_lddt	AF-J9QX37-F1-model_v4_Q75_lddt	9.899E-01	9.549E-01	9.779E-01	38.500	83	83	81
G9MB49_Q75_lddt	AF-E4WMC5-F1-model_v6_Q75_lddt	9.806E-01	9.692E-01	9.692E-01	38.500	83	83	83
G9MB49_Q75_lddt	P74842_Q75_lddt	9.802E-01	9.688E-01	9.688E-01	49.300	83	83	83
G9MB49_Q75_lddt	Q5XQD3_Q75_lddt	9.800E-01	9.686E-01	9.686E-01	46.900	83	83	83
G9MB49_Q75_lddt	F8T7L4_Q75_lddt	9.800E-01	9.685E-01	9.685E-01	46.900	83	83	83
G9MB49_Q75_lddt	C8C0I2_Q75_lddt	9.741E-01	9.626E-01	9.626E-01	50.000	83	84	83
G9MB49_Q75_lddt	AF-A0A8E9ZWD0-F1-model_v6_Q75_lddt	9.864E-01	9.748E-01	9.524E-01	44.000	83	84	85
G9MB49_Q75_lddt	B7FDD9_Q75_lddt	9.753E-01	9.526E-01	9.638E-01	31.300	83	83	82
G9MB49_Q75_lddt	AF-A0A3G1JAD7-F1-model_v4_Q75_lddt	9.745E-01	9.518E-01	9.630E-01	34.900	83	83	82
G9MB49_Q75_lddt	AF-A0A1J0HSJ3-F1-model_v4_Q75_lddt	9.743E-01	9.517E-01	9.629E-01	36.100	83	83	82
G9MB49_Q75_lddt	Q57509_Q75_lddt	9.689E-01	9.575E-01	9.464E-01	41.600	83	84	84
G9MB49_Q75_lddt	C8CE59_Q75_lddt	9.780E-01	9.666E-01	9.446E-01	31.700	83	85	85
G9MB49_Q75_lddt	C8CE60_Q75_lddt	9.764E-01	9.650E-01	9.431E-01	31.700	83	85	85
G9MB49_Q75_lddt	H9AXM1_Q75_lddt	9.805E-01	9.691E-01	9.258E-01	27.500	83	87	87
G9MB49_Q75_lddt	Q9R429_Q75_lddt	9.805E-01	9.691E-01	9.258E-01	27.500	83	87	87
G9MB49_Q75_lddt	Q8GHI3_Q75_lddt	9.803E-01	9.688E-01	9.256E-01	27.500	83	87	87
G9MB49_Q75_lddt	Q3SAW3_Q75_lddt	9.668E-01	9.556E-01	9.447E-01	33.300	83	84	84
G9MB49_Q75_lddt	OKP-C-1_Q75_lddt	9.757E-01	9.643E-01	9.318E-01	31.300	83	86	86
G9MB49_Q75_lddt	AF-Q6W7F0-F1-model_v4_Q75_lddt	9.792E-01	9.678E-01	9.246E-01	31.000	83	87	87
G9MB49_Q75_lddt	A0A455LS80_Q75_lddt	9.791E-01	9.677E-01	9.245E-01	31.000	83	87	87
G9MB49_Q75_lddt	Q5PU78_Q75_lddt	9.791E-01	9.677E-01	9.245E-01	32.100	83	87	87
G9MB49_Q75_lddt	Q2YHX6_Q75_lddt	9.790E-01	9.676E-01	9.244E-01	32.100	83	87	87
G9MB49_Q75_lddt	Q2YHZ2_Q75_lddt	9.790E-01	9.676E-01	9.245E-01	32.100	83	87	87
G9MB49_Q75_lddt	SGM-3_Q75_lddt	9.707E-01	9.595E-01	9.377E-01	40.400	83	84	85
G9MB49_Q75_lddt	Q84H47_Q75_lddt	9.783E-01	9.669E-01	9.238E-01	31.000	83	87	87
G9MB49_Q75_lddt	SGM-2_Q75_lddt	9.703E-01	9.591E-01	9.374E-01	40.400	83	84	85
G9MB49_Q75_lddt	Q2YHY7_Q75_lddt	9.782E-01	9.668E-01	9.237E-01	32.100	83	87	87
G9MB49_Q75_lddt	A0A455LP07_Q75_lddt	9.781E-01	9.668E-01	9.237E-01	31.000	83	87	87
G9MB49_Q75_lddt	Q6R5M7_Q75_lddt	9.783E-01	9.669E-01	9.239E-01	32.100	83	87	87
G9MB49_Q75_lddt	A0A455LP13_Q75_lddt	9.781E-01	9.667E-01	9.237E-01	31.000	83	87	87
G9MB49_Q75_lddt	Q5I6D4_Q75_lddt	9.781E-01	9.667E-01	9.236E-01	32.100	83	87	87
G9MB49_Q75_lddt	A0A455LP02_Q75_lddt	9.780E-01	9.666E-01	9.235E-01	31.000	83	87	87
G9MB49_Q75_lddt	Q2YHX8_Q75_lddt	9.780E-01	9.666E-01	9.235E-01	32.100	83	87	87
G9MB49_Q75_lddt	B5D620_Q75_lddt	9.780E-01	9.666E-01	9.235E-01	32.100	83	87	87
G9MB49_Q75_lddt	Q8VQV7_Q75_lddt	9.780E-01	9.666E-01	9.235E-01	31.000	83	87	87
G9MB49_Q75_lddt	E9NST5_Q75_lddt	9.777E-01	9.663E-01	9.233E-01	31.000	83	87	87
G9MB49_Q75_lddt	Q84H48_Q75_lddt	9.776E-01	9.662E-01	9.232E-01	31.000	83	87	87
G9MB49_Q75_lddt	B5D612_Q75_lddt	9.777E-01	9.664E-01	9.233E-01	31.000	83	87	87
G9MB49_Q75_lddt	Q2YHZ5_Q75_lddt	9.777E-01	9.663E-01	9.233E-01	32.100	83	87	87
G9MB49_Q75_lddt	R4ISB3_Q75_lddt	9.777E-01	9.663E-01	9.233E-01	31.000	83	87	87
G9MB49_Q75_lddt	Q2YHZ3_Q75_lddt	9.777E-01	9.663E-01	9.233E-01	32.100	83	87	87
G9MB49_Q75_lddt	Q6ZY77_Q75_lddt	9.777E-01	9.663E-01	9.232E-01	32.100	83	87	87
G9MB49_Q75_lddt	B8YHZ8_Q75_lddt	9.776E-01	9.662E-01	9.232E-01	32.100	83	87	87
G9MB49_Q75_lddt	Q2YHZ0_Q75_lddt	9.774E-01	9.660E-01	9.230E-01	32.100	83	87	87
G9MB49_Q75_lddt	A0A0P0IGT7_Q75_lddt	9.773E-01	9.659E-01	9.229E-01	31.000	83	87	87
G9MB49_Q75_lddt	Q6ZY74_Q75_lddt	9.773E-01	9.660E-01	9.230E-01	32.100	83	87	87
G9MB49_Q75_lddt	A0A097ZLX5_Q75_lddt	9.649E-01	9.538E-01	9.430E-01	34.500	83	84	84
G9MB49_Q75_lddt	C5HUY1_Q75_lddt	9.649E-01	9.538E-01	9.429E-01	34.500	83	84	84
G9MB49_Q75_lddt	GES-44_Q75_lddt	9.645E-01	9.534E-01	9.425E-01	34.500	83	84	84
G9MB49_Q75_lddt	C6GC02_Q75_lddt	9.646E-01	9.535E-01	9.426E-01	33.300	83	84	84
G9MB49_Q75_lddt	Q6ZY58_Q75_lddt	9.755E-01	9.641E-01	9.213E-01	32.100	83	87	87
G9MB49_Q75_lddt	GES-41_Q75_lddt	9.634E-01	9.523E-01	9.415E-01	34.500	83	84	84
G9MB49_Q75_lddt	AF-P18251-F1-model_v4_Q75_lddt	9.770E-01	9.656E-01	9.124E-01	30.200	83	86	88
G9MB49_Q75_lddt	C0LSK3_Q75_lddt	9.765E-01	9.537E-01	9.215E-01	31.300	83	86	86
G9MB49_Q75_lddt	OKP-D-1_Q75_lddt	9.716E-01	9.604E-01	9.178E-01	32.100	83	87	87
G9MB49_Q75_lddt	E5G517_Q75_lddt	9.789E-01	9.675E-01	9.042E-01	31.000	83	87	89
G9MB49_Q75_lddt	P14171_Q75_lddt	9.632E-01	9.521E-01	9.307E-01	25.800	83	85	85
G9MB49_Q75_lddt	C8C0D8_Q75_lddt	9.612E-01	9.500E-01	9.178E-01	29.800	83	87	86
G9MB49_Q75_lddt	A0ZX91_Q75_lddt	9.785E-01	9.671E-01	9.038E-01	31.000	83	87	89
G9MB49_Q75_lddt	Q2MJC2_Q75_lddt	9.785E-01	9.671E-01	9.039E-01	31.000	83	87	89
G9MB49_Q75_lddt	Q8VP57_Q75_lddt	9.783E-01	9.669E-01	9.037E-01	31.000	83	87	89
G9MB49_Q75_lddt	Q9X4S7_Q75_lddt	9.609E-01	9.496E-01	9.175E-01	29.800	83	87	86
G9MB49_Q75_lddt	A0ZX80_Q75_lddt	9.782E-01	9.668E-01	9.036E-01	31.000	83	87	89
G9MB49_Q75_lddt	S4TWB0_Q75_lddt	9.782E-01	9.668E-01	9.036E-01	31.000	83	87	89
G9MB49_Q75_lddt	B9U2I6_Q75_lddt	9.782E-01	9.668E-01	9.036E-01	31.000	83	87	89
G9MB49_Q75_lddt	D5LGB4_Q75_lddt	9.782E-01	9.668E-01	9.036E-01	31.000	83	87	89
G9MB49_Q75_lddt	AF-A0A867XYA1-F1-model_v4_Q75_lddt	9.745E-01	9.632E-01	9.103E-01	26.700	83	86	88
G9MB49_Q75_lddt	A0A2P9E069_Q75_lddt	9.781E-01	9.667E-01	9.035E-01	31.000	83	87	89
G9MB49_Q75_lddt	E5Q900_Q75_lddt	9.780E-01	9.666E-01	9.034E-01	31.000	83	87	89
G9MB49_Q75_lddt	Q939H5_Q75_lddt	9.779E-01	9.665E-01	9.033E-01	31.000	83	87	89
G9MB49_Q75_lddt	Q939H3_Q75_lddt	9.777E-01	9.663E-01	9.032E-01	31.000	83	87	89
G9MB49_Q75_lddt	F8SQ10_Q75_lddt	9.777E-01	9.663E-01	9.032E-01	31.000	83	87	89
G9MB49_Q75_lddt	Q8VP67_Q75_lddt	9.778E-01	9.664E-01	9.033E-01	31.000	83	87	89
G9MB49_Q75_lddt	Q0PGR7_Q75_lddt	9.777E-01	9.663E-01	9.031E-01	31.000	83	87	89
G9MB49_Q75_lddt	J7HZA4_Q75_lddt	9.776E-01	9.662E-01	9.031E-01	31.000	83	87	89
G9MB49_Q75_lddt	A3FFR2_Q75_lddt	9.774E-01	9.660E-01	9.029E-01	31.000	83	87	89
G9MB49_Q75_lddt	O33677_Q75_lddt	9.628E-01	9.517E-01	9.196E-01	26.400	83	87	86
G9MB49_Q75_lddt	A0A097BQY7_Q75_lddt	9.773E-01	9.659E-01	9.029E-01	31.000	83	87	89
G9MB49_Q75_lddt	H2ERK9_Q75_lddt	9.771E-01	9.657E-01	9.027E-01	31.000	83	87	89
G9MB49_Q75_lddt	Q8KRG7_Q75_lddt	9.771E-01	9.657E-01	9.027E-01	31.000	83	87	89
G9MB49_Q75_lddt	B0FP98_Q75_lddt	9.768E-01	9.654E-01	9.024E-01	31.000	83	87	89
G9MB49_Q75_lddt	AF-Q1NAL0-F1-model_v4_Q75_lddt	9.606E-01	9.495E-01	9.282E-01	36.900	83	84	85
G9MB49_Q75_lddt	SGM-5_Q75_lddt	9.577E-01	9.467E-01	9.255E-01	39.200	83	84	85
G9MB49_Q75_lddt	A0A2Z2Z6H0_Q75_lddt	9.518E-01	9.409E-01	9.302E-01	32.100	83	84	84
G9MB49_Q75_lddt	B5L5W7_Q75_lddt	9.601E-01	9.490E-01	9.073E-01	41.100	83	85	87
G9MB49_Q75_lddt	Q9XBM2_Q75_lddt	9.404E-01	9.296E-01	8.987E-01	22.900	83	87	86
G9MB49_Q75_lddt	A0A3Q8G682_Q75_lddt	9.319E-01	9.213E-01	8.910E-01	27.500	83	87	86
G9MB49_Q75_lddt	A0A0E0SR47_Q75_lddt	9.193E-01	9.089E-01	8.889E-01	29.800	83	87	85
G9MB49_Q75_lddt	A0A1W5QH29_Q75_lddt	9.167E-01	9.064E-01	8.865E-01	29.800	83	87	85
G9MB49_Q75_lddt	A0A1W5QCF3_Q75_lddt	9.151E-01	9.048E-01	8.850E-01	29.800	83	87	85
G9MB49_Q75_lddt	A0A1W5QG57_Q75_lddt	9.130E-01	9.027E-01	8.830E-01	31.000	83	87	85
G9MB49_Q75_lddt	AF-F4NA56-F1-model_v4_Q75_lddt	9.117E-01	9.015E-01	8.818E-01	28.700	83	87	85
H9AXM1_Q75_lddt	H9AXM1_Q75_lddt	1.012E+00	1.000E+00	1.000E+00	100.000	87	87	87
H9AXM1_Q75_lddt	Q8GHI3_Q75_lddt	1.011E+00	9.996E-01	9.996E-01	97.700	87	87	87
H9AXM1_Q75_lddt	Q9R429_Q75_lddt	1.011E+00	9.996E-01	9.996E-01	96.500	87	87	87
H9AXM1_Q75_lddt	Q2YHZ2_Q75_lddt	1.010E+00	9.986E-01	9.986E-01	77.000	87	87	87
H9AXM1_Q75_lddt	Q84H47_Q75_lddt	1.010E+00	9.985E-01	9.985E-01	74.700	87	87	87
H9AXM1_Q75_lddt	B8YHZ8_Q75_lddt	1.010E+00	9.985E-01	9.985E-01	77.000	87	87	87
H9AXM1_Q75_lddt	Q5I6D4_Q75_lddt	1.010E+00	9.985E-01	9.985E-01	77.000	87	87	87
H9AXM1_Q75_lddt	Q2YHZ3_Q75_lddt	1.010E+00	9.985E-01	9.985E-01	77.000	87	87	87
H9AXM1_Q75_lddt	Q84H48_Q75_lddt	1.010E+00	9.985E-01	9.985E-01	74.700	87	87	87
H9AXM1_Q75_lddt	Q2YHX8_Q75_lddt	1.010E+00	9.985E-01	9.985E-01	77.000	87	87	87
H9AXM1_Q75_lddt	Q2YHZ5_Q75_lddt	1.010E+00	9.985E-01	9.985E-01	77.000	87	87	87
H9AXM1_Q75_lddt	Q2YHX6_Q75_lddt	1.010E+00	9.985E-01	9.985E-01	77.000	87	87	87
H9AXM1_Q75_lddt	A0A455LP07_Q75_lddt	1.010E+00	9.985E-01	9.985E-01	75.800	87	87	87
H9AXM1_Q75_lddt	B5D620_Q75_lddt	1.010E+00	9.984E-01	9.984E-01	77.000	87	87	87
H9AXM1_Q75_lddt	Q2YHZ0_Q75_lddt	1.010E+00	9.984E-01	9.984E-01	77.000	87	87	87
H9AXM1_Q75_lddt	B5D612_Q75_lddt	1.010E+00	9.984E-01	9.984E-01	75.800	87	87	87
H9AXM1_Q75_lddt	R4ISB3_Q75_lddt	1.010E+00	9.984E-01	9.984E-01	75.800	87	87	87
H9AXM1_Q75_lddt	A0A455LP02_Q75_lddt	1.010E+00	9.984E-01	9.984E-01	75.800	87	87	87
H9AXM1_Q75_lddt	Q5PU78_Q75_lddt	1.010E+00	9.984E-01	9.984E-01	78.100	87	87	87
H9AXM1_Q75_lddt	A0A455LP13_Q75_lddt	1.010E+00	9.984E-01	9.984E-01	75.800	87	87	87
H9AXM1_Q75_lddt	Q6ZY77_Q75_lddt	1.010E+00	9.984E-01	9.984E-01	75.800	87	87	87
H9AXM1_Q75_lddt	Q2YHY7_Q75_lddt	1.010E+00	9.984E-01	9.984E-01	77.000	87	87	87
H9AXM1_Q75_lddt	E9NST5_Q75_lddt	1.010E+00	9.983E-01	9.983E-01	73.500	87	87	87
H9AXM1_Q75_lddt	Q8VQV7_Q75_lddt	1.010E+00	9.983E-01	9.983E-01	74.700	87	87	87
H9AXM1_Q75_lddt	A0A455LS80_Q75_lddt	1.010E+00	9.982E-01	9.982E-01	77.000	87	87	87
H9AXM1_Q75_lddt	AF-Q6W7F0-F1-model_v4_Q75_lddt	1.010E+00	9.982E-01	9.982E-01	81.600	87	87	87
H9AXM1_Q75_lddt	A0A0P0IGT7_Q75_lddt	1.010E+00	9.982E-01	9.982E-01	75.800	87	87	87
H9AXM1_Q75_lddt	Q6ZY74_Q75_lddt	1.010E+00	9.981E-01	9.981E-01	77.000	87	87	87
H9AXM1_Q75_lddt	Q6R5M7_Q75_lddt	1.010E+00	9.980E-01	9.980E-01	78.100	87	87	87
H9AXM1_Q75_lddt	Q6ZY58_Q75_lddt	1.010E+00	9.980E-01	9.980E-01	75.800	87	87	87
H9AXM1_Q75_lddt	OKP-D-1_Q75_lddt	1.007E+00	9.959E-01	9.959E-01	75.800	87	87	87
H9AXM1_Q75_lddt	C0LSK3_Q75_lddt	1.010E+00	9.866E-01	9.981E-01	76.700	87	86	86
H9AXM1_Q75_lddt	OKP-C-1_Q75_lddt	1.009E+00	9.861E-01	9.975E-01	79.300	87	87	86
H9AXM1_Q75_lddt	A0ZX91_Q75_lddt	1.010E+00	9.986E-01	9.762E-01	78.100	87	87	89
H9AXM1_Q75_lddt	B9U2I6_Q75_lddt	1.010E+00	9.986E-01	9.762E-01	78.100	87	87	89
H9AXM1_Q75_lddt	A0A2P9E069_Q75_lddt	1.010E+00	9.986E-01	9.762E-01	78.100	87	87	89
H9AXM1_Q75_lddt	A0ZX80_Q75_lddt	1.010E+00	9.986E-01	9.762E-01	78.100	87	87	89
H9AXM1_Q75_lddt	Q2MJC2_Q75_lddt	1.010E+00	9.986E-01	9.762E-01	78.100	87	87	89
H9AXM1_Q75_lddt	D5LGB4_Q75_lddt	1.010E+00	9.986E-01	9.762E-01	78.100	87	87	89
H9AXM1_Q75_lddt	S4TWB0_Q75_lddt	1.010E+00	9.986E-01	9.761E-01	78.100	87	87	89
H9AXM1_Q75_lddt	E5Q900_Q75_lddt	1.010E+00	9.986E-01	9.761E-01	78.100	87	87	89
H9AXM1_Q75_lddt	A0A097BQY7_Q75_lddt	1.010E+00	9.985E-01	9.761E-01	78.100	87	87	89
H9AXM1_Q75_lddt	Q8VP57_Q75_lddt	1.010E+00	9.985E-01	9.761E-01	78.100	87	87	89
H9AXM1_Q75_lddt	A3FFR2_Q75_lddt	1.010E+00	9.984E-01	9.760E-01	78.100	87	87	89
H9AXM1_Q75_lddt	O33677_Q75_lddt	1.006E+00	9.830E-01	9.944E-01	95.400	87	87	86
H9AXM1_Q75_lddt	Q0PGR7_Q75_lddt	1.010E+00	9.983E-01	9.759E-01	77.000	87	87	89
H9AXM1_Q75_lddt	Q939H3_Q75_lddt	1.010E+00	9.983E-01	9.759E-01	74.700	87	87	89
H9AXM1_Q75_lddt	C8CE59_Q75_lddt	1.010E+00	9.754E-01	9.983E-01	77.000	87	87	85
H9AXM1_Q75_lddt	C8CE60_Q75_lddt	1.010E+00	9.752E-01	9.981E-01	77.000	87	87	85
H9AXM1_Q75_lddt	Q8VP67_Q75_lddt	1.009E+00	9.979E-01	9.755E-01	78.100	87	87	89
H9AXM1_Q75_lddt	H2ERK9_Q75_lddt	1.009E+00	9.978E-01	9.754E-01	78.100	87	87	89
H9AXM1_Q75_lddt	J7HZA4_Q75_lddt	1.009E+00	9.978E-01	9.754E-01	77.000	87	87	89
H9AXM1_Q75_lddt	Q939H5_Q75_lddt	1.009E+00	9.977E-01	9.753E-01	77.000	87	87	89
H9AXM1_Q75_lddt	Q8KRG7_Q75_lddt	1.009E+00	9.976E-01	9.752E-01	77.000	87	87	89
H9AXM1_Q75_lddt	F8SQ10_Q75_lddt	1.009E+00	9.976E-01	9.752E-01	78.100	87	87	89
H9AXM1_Q75_lddt	B0FP98_Q75_lddt	1.009E+00	9.975E-01	9.751E-01	77.000	87	87	89
H9AXM1_Q75_lddt	E5G517_Q75_lddt	1.005E+00	9.932E-01	9.710E-01	78.100	87	87	89
H9AXM1_Q75_lddt	AF-P18251-F1-model_v4_Q75_lddt	1.009E+00	9.856E-01	9.745E-01	74.700	87	87	88
H9AXM1_Q75_lddt	AF-A0A867XYA1-F1-model_v4_Q75_lddt	1.009E+00	9.856E-01	9.744E-01	68.900	87	87	88
H9AXM1_Q75_lddt	B7FDD9_Q75_lddt	1.009E+00	9.399E-01	9.971E-01	73.500	87	87	82
H9AXM1_Q75_lddt	P14171_Q75_lddt	9.931E-01	9.594E-01	9.816E-01	54.000	87	87	85
H9AXM1_Q75_lddt	Q3SAW3_Q75_lddt	9.956E-01	9.505E-01	9.839E-01	48.200	87	87	84
H9AXM1_Q75_lddt	C5HUY1_Q75_lddt	9.948E-01	9.498E-01	9.831E-01	45.900	87	87	84
H9AXM1_Q75_lddt	C6GC02_Q75_lddt	9.947E-01	9.497E-01	9.830E-01	44.800	87	87	84
H9AXM1_Q75_lddt	A0A097ZLX5_Q75_lddt	9.947E-01	9.497E-01	9.830E-01	45.900	87	87	84
H9AXM1_Q75_lddt	AF-A0A3G1JAD7-F1-model_v4_Q75_lddt	1.002E+00	9.337E-01	9.900E-01	51.700	87	87	82
H9AXM1_Q75_lddt	AF-A0A1J0HSJ3-F1-model_v4_Q75_lddt	1.002E+00	9.335E-01	9.898E-01	51.700	87	87	82
H9AXM1_Q75_lddt	GES-44_Q75_lddt	9.925E-01	9.477E-01	9.809E-01	45.900	87	87	84
H9AXM1_Q75_lddt	GES-41_Q75_lddt	9.922E-01	9.474E-01	9.806E-01	45.900	87	87	84
H9AXM1_Q75_lddt	SGM-3_Q75_lddt	9.944E-01	9.494E-01	9.714E-01	47.100	87	87	85
H9AXM1_Q75_lddt	SGM-2_Q75_lddt	9.943E-01	9.493E-01	9.713E-01	47.100	87	87	85
H9AXM1_Q75_lddt	PER-16_Q75_lddt	9.888E-01	9.443E-01	9.773E-01	37.900	87	87	84
H9AXM1_Q75_lddt	AF-E2D9D5-F1-model_v4_Q75_lddt	9.873E-01	9.429E-01	9.758E-01	28.700	87	87	84
H9AXM1_Q75_lddt	AF-A0A886X7X6-F1-model_v6_Q75_lddt	9.905E-01	9.458E-01	9.676E-01	33.300	87	87	85
H9AXM1_Q75_lddt	Q9AMJ7_Q75_lddt	9.899E-01	9.342E-01	9.782E-01	26.400	87	87	83
H9AXM1_Q75_lddt	A1YTM5_Q75_lddt	9.894E-01	9.338E-01	9.778E-01	26.400	87	87	83
H9AXM1_Q75_lddt	RAA-1_Q75_lddt	9.877E-01	9.323E-01	9.761E-01	27.500	87	87	83
H9AXM1_Q75_lddt	D5HSX5_Q75_lddt	9.872E-01	9.317E-01	9.756E-01	41.300	87	87	83
H9AXM1_Q75_lddt	SGM-5_Q75_lddt	9.866E-01	9.423E-01	9.639E-01	47.100	87	87	85
H9AXM1_Q75_lddt	A0A1W5QH29_Q75_lddt	9.780E-01	9.453E-01	9.669E-01	40.200	87	87	85
H9AXM1_Q75_lddt	F8T7L4_Q75_lddt	9.859E-01	9.306E-01	9.743E-01	35.600	87	87	83
H9AXM1_Q75_lddt	Q5XQD3_Q75_lddt	9.858E-01	9.305E-01	9.742E-01	35.600	87	87	83
H9AXM1_Q75_lddt	P74842_Q75_lddt	9.856E-01	9.303E-01	9.740E-01	37.900	87	87	83
H9AXM1_Q75_lddt	A0A3Q8G682_Q75_lddt	9.704E-01	9.488E-01	9.595E-01	50.500	87	87	86
H9AXM1_Q75_lddt	A0A1W5QCF3_Q75_lddt	9.772E-01	9.445E-01	9.660E-01	40.200	87	87	85
H9AXM1_Q75_lddt	A0A2Z2Z6H0_Q75_lddt	9.812E-01	9.374E-01	9.699E-01	45.900	87	87	84
H9AXM1_Q75_lddt	AF-Q1NAL0-F1-model_v4_Q75_lddt	9.850E-01	9.408E-01	9.624E-01	48.200	87	87	85
H9AXM1_Q75_lddt	Q8VT49_Q75_lddt	9.851E-01	9.299E-01	9.735E-01	27.500	87	87	83
H9AXM1_Q75_lddt	AF-A0A0D0F642-F1-model_v4_Q75_lddt	9.848E-01	9.297E-01	9.733E-01	33.300	87	87	83
H9AXM1_Q75_lddt	Q5W3A6_Q75_lddt	9.803E-01	9.366E-01	9.690E-01	31.000	87	87	84
H9AXM1_Q75_lddt	Q9XBM2_Q75_lddt	9.675E-01	9.460E-01	9.566E-01	44.800	87	87	86
H9AXM1_Q75_lddt	A0A1W5QG57_Q75_lddt	9.738E-01	9.414E-01	9.627E-01	41.300	87	87	85
H9AXM1_Q75_lddt	G9MB50_Q75_lddt	9.812E-01	9.265E-01	9.698E-01	28.700	87	87	83
H9AXM1_Q75_lddt	G9M9P7_Q75_lddt	9.807E-01	9.260E-01	9.693E-01	26.400	87	87	83
H9AXM1_Q75_lddt	G9MB49_Q75_lddt	9.805E-01	9.258E-01	9.691E-01	27.500	87	87	83
H9AXM1_Q75_lddt	AF-E4WMC5-F1-model_v6_Q75_lddt	9.792E-01	9.246E-01	9.678E-01	35.600	87	87	83
H9AXM1_Q75_lddt	A0A0E0SR47_Q75_lddt	9.703E-01	9.381E-01	9.593E-01	40.200	87	87	85
H9AXM1_Q75_lddt	AF-J9QX37-F1-model_v4_Q75_lddt	9.853E-01	9.080E-01	9.735E-01	25.200	87	87	81
H9AXM1_Q75_lddt	Q9X6W1_Q75_lddt	9.750E-01	9.206E-01	9.636E-01	29.800	87	87	83
H9AXM1_Q75_lddt	AF-A0A8E9ZWD0-F1-model_v6_Q75_lddt	9.765E-01	9.331E-01	9.543E-01	33.300	87	87	85
H9AXM1_Q75_lddt	Q9RAZ9_Q75_lddt	9.799E-01	9.143E-01	9.683E-01	26.400	87	87	82
H9AXM1_Q75_lddt	AF-F4NA56-F1-model_v4_Q75_lddt	9.657E-01	9.338E-01	9.549E-01	36.700	87	87	85
H9AXM1_Q75_lddt	A0A0B6VPP7_Q75_lddt	9.720E-01	9.179E-01	9.607E-01	28.700	87	87	83
H9AXM1_Q75_lddt	B5L5W7_Q75_lddt	9.703E-01	9.380E-01	9.380E-01	33.300	87	87	87
H9AXM1_Q75_lddt	AF-A0A127SQY3-F1-model_v6_Q75_lddt	9.576E-01	9.050E-01	9.466E-01	24.100	87	87	83
H9AXM1_Q75_lddt	Q57509_Q75_lddt	9.538E-01	9.010E-01	9.320E-01	27.200	87	88	84
H9AXM1_Q75_lddt	C8C0I2_Q75_lddt	9.505E-01	8.984E-01	9.396E-01	29.800	87	87	83
H9AXM1_Q75_lddt	C8C0D8_Q75_lddt	9.207E-01	9.007E-01	9.106E-01	25.800	87	89	86
H9AXM1_Q75_lddt	Q9X4S7_Q75_lddt	9.181E-01	8.982E-01	9.080E-01	28.000	87	89	86
P74842_Q75_lddt	P74842_Q75_lddt	1.012E+00	1.000E+00	1.000E+00	100.000	83	83	83
P74842_Q75_lddt	D5HSX5_Q75_lddt	1.012E+00	9.995E-01	9.995E-01	92.700	83	83	83
P74842_Q75_lddt	Q5XQD3_Q75_lddt	1.012E+00	9.994E-01	9.994E-01	89.100	83	83	83
P74842_Q75_lddt	F8T7L4_Q75_lddt	1.012E+00	9.993E-01	9.993E-01	90.300	83	83	83
P74842_Q75_lddt	PER-16_Q75_lddt	1.010E+00	9.976E-01	9.858E-01	91.600	83	84	84
P74842_Q75_lddt	Q9AMJ7_Q75_lddt	9.977E-01	9.859E-01	9.859E-01	51.800	83	83	83
P74842_Q75_lddt	A1YTM5_Q75_lddt	9.976E-01	9.857E-01	9.857E-01	51.800	83	83	83
P74842_Q75_lddt	AF-A0A0D0F642-F1-model_v4_Q75_lddt	9.938E-01	9.820E-01	9.820E-01	57.800	83	83	83
P74842_Q75_lddt	RAA-1_Q75_lddt	9.903E-01	9.787E-01	9.787E-01	46.900	83	83	83
P74842_Q75_lddt	AF-E2D9D5-F1-model_v4_Q75_lddt	9.934E-01	9.816E-01	9.701E-01	46.400	83	84	84
P74842_Q75_lddt	AF-E4WMC5-F1-model_v6_Q75_lddt	9.882E-01	9.765E-01	9.765E-01	55.400	83	83	83
P74842_Q75_lddt	Q9X6W1_Q75_lddt	9.855E-01	9.739E-01	9.739E-01	46.900	83	83	83
P74842_Q75_lddt	Q3SAW3_Q75_lddt	9.902E-01	9.785E-01	9.671E-01	36.900	83	84	84
P74842_Q75_lddt	Q8VT49_Q75_lddt	9.862E-01	9.746E-01	9.746E-01	46.900	83	83	83
P74842_Q75_lddt	AF-A0A886X7X6-F1-model_v6_Q75_lddt	9.934E-01	9.817E-01	9.590E-01	58.300	83	84	85
P74842_Q75_lddt	A0A0B6VPP7_Q75_lddt	9.819E-01	9.704E-01	9.704E-01	46.900	83	83	83
P74842_Q75_lddt	AF-A0A3G1JAD7-F1-model_v4_Q75_lddt	9.878E-01	9.645E-01	9.760E-01	38.500	83	83	82
P74842_Q75_lddt	Q9RAZ9_Q75_lddt	9.873E-01	9.641E-01	9.755E-01	43.300	83	83	82
P74842_Q75_lddt	AF-A0A1J0HSJ3-F1-model_v4_Q75_lddt	9.872E-01	9.640E-01	9.755E-01	42.100	83	83	82
P74842_Q75_lddt	GES-44_Q75_lddt	9.867E-01	9.751E-01	9.638E-01	36.900	83	84	84
P74842_Q75_lddt	G9MB50_Q75_lddt	9.816E-01	9.702E-01	9.702E-01	49.300	83	83	83
P74842_Q75_lddt	GES-41_Q75_lddt	9.854E-01	9.738E-01	9.625E-01	36.900	83	84	84
P74842_Q75_lddt	Q5W3A6_Q75_lddt	9.848E-01	9.732E-01	9.619E-01	42.800	83	84	84
P74842_Q75_lddt	G9MB49_Q75_lddt	9.802E-01	9.688E-01	9.688E-01	49.300	83	83	83
P74842_Q75_lddt	G9M9P7_Q75_lddt	9.801E-01	9.686E-01	9.686E-01	48.100	83	83	83
P74842_Q75_lddt	SGM-2_Q75_lddt	9.874E-01	9.758E-01	9.533E-01	44.000	83	84	85
P74842_Q75_lddt	SGM-3_Q75_lddt	9.869E-01	9.753E-01	9.529E-01	44.000	83	84	85
P74842_Q75_lddt	AF-J9QX37-F1-model_v4_Q75_lddt	9.875E-01	9.526E-01	9.756E-01	31.300	83	83	81
P74842_Q75_lddt	B7FDD9_Q75_lddt	9.832E-01	9.602E-01	9.715E-01	39.700	83	83	82
P74842_Q75_lddt	A0A097ZLX5_Q75_lddt	9.831E-01	9.716E-01	9.603E-01	36.900	83	84	84
P74842_Q75_lddt	C5HUY1_Q75_lddt	9.830E-01	9.715E-01	9.602E-01	36.900	83	84	84
P74842_Q75_lddt	C6GC02_Q75_lddt	9.825E-01	9.710E-01	9.598E-01	35.700	83	84	84
P74842_Q75_lddt	A0A2Z2Z6H0_Q75_lddt	9.808E-01	9.694E-01	9.582E-01	41.600	83	84	84
P74842_Q75_lddt	AF-Q1NAL0-F1-model_v4_Q75_lddt	9.837E-01	9.721E-01	9.499E-01	42.800	83	84	85
P74842_Q75_lddt	AF-A0A8E9ZWD0-F1-model_v6_Q75_lddt	9.835E-01	9.720E-01	9.498E-01	51.100	83	84	85
P74842_Q75_lddt	SGM-5_Q75_lddt	9.818E-01	9.703E-01	9.481E-01	45.200	83	84	85
P74842_Q75_lddt	C8CE59_Q75_lddt	9.816E-01	9.701E-01	9.480E-01	40.000	83	85	85
P74842_Q75_lddt	C8CE60_Q75_lddt	9.804E-01	9.689E-01	9.468E-01	40.000	83	85	85
P74842_Q75_lddt	OKP-C-1_Q75_lddt	9.834E-01	9.719E-01	9.389E-01	39.500	83	86	86
P74842_Q75_lddt	Q9R429_Q75_lddt	9.867E-01	9.751E-01	9.313E-01	37.900	83	87	87
P74842_Q75_lddt	Q8GHI3_Q75_lddt	9.866E-01	9.750E-01	9.312E-01	37.900	83	87	87
P74842_Q75_lddt	AF-Q6W7F0-F1-model_v4_Q75_lddt	9.863E-01	9.747E-01	9.309E-01	40.200	83	87	87
P74842_Q75_lddt	H9AXM1_Q75_lddt	9.856E-01	9.740E-01	9.303E-01	37.900	83	87	87
P74842_Q75_lddt	AF-A0A127SQY3-F1-model_v6_Q75_lddt	9.671E-01	9.559E-01	9.559E-01	36.100	83	83	83
P74842_Q75_lddt	Q84H48_Q75_lddt	9.853E-01	9.737E-01	9.300E-01	37.900	83	87	87
P74842_Q75_lddt	B8YHZ8_Q75_lddt	9.843E-01	9.727E-01	9.291E-01	37.900	83	87	87
P74842_Q75_lddt	Q2YHY7_Q75_lddt	9.842E-01	9.726E-01	9.290E-01	37.900	83	87	87
P74842_Q75_lddt	B5D620_Q75_lddt	9.840E-01	9.724E-01	9.289E-01	37.900	83	87	87
P74842_Q75_lddt	Q5I6D4_Q75_lddt	9.839E-01	9.724E-01	9.288E-01	37.900	83	87	87
P74842_Q75_lddt	Q84H47_Q75_lddt	9.838E-01	9.723E-01	9.288E-01	37.900	83	87	87
P74842_Q75_lddt	Q8VQV7_Q75_lddt	9.837E-01	9.722E-01	9.287E-01	37.900	83	87	87
P74842_Q75_lddt	B5D612_Q75_lddt	9.837E-01	9.722E-01	9.286E-01	39.000	83	87	87
P74842_Q75_lddt	E9NST5_Q75_lddt	9.837E-01	9.722E-01	9.286E-01	39.000	83	87	87
P74842_Q75_lddt	Q2YHX8_Q75_lddt	9.837E-01	9.721E-01	9.286E-01	37.900	83	87	87
P74842_Q75_lddt	A0A455LP07_Q75_lddt	9.836E-01	9.721E-01	9.286E-01	37.900	83	87	87
P74842_Q75_lddt	Q2YHX6_Q75_lddt	9.837E-01	9.721E-01	9.286E-01	37.900	83	87	87
P74842_Q75_lddt	A0A455LP02_Q75_lddt	9.836E-01	9.721E-01	9.285E-01	37.900	83	87	87
P74842_Q75_lddt	R4ISB3_Q75_lddt	9.833E-01	9.718E-01	9.283E-01	37.900	83	87	87
P74842_Q75_lddt	A0A455LP13_Q75_lddt	9.832E-01	9.717E-01	9.282E-01	37.900	83	87	87
P74842_Q75_lddt	A0A0P0IGT7_Q75_lddt	9.831E-01	9.716E-01	9.281E-01	39.000	83	87	87
P74842_Q75_lddt	Q2YHZ3_Q75_lddt	9.826E-01	9.711E-01	9.276E-01	37.900	83	87	87
P74842_Q75_lddt	Q2YHZ5_Q75_lddt	9.825E-01	9.710E-01	9.276E-01	37.900	83	87	87
P74842_Q75_lddt	Q2YHZ0_Q75_lddt	9.825E-01	9.710E-01	9.275E-01	37.900	83	87	87
P74842_Q75_lddt	Q2YHZ2_Q75_lddt	9.824E-01	9.709E-01	9.275E-01	37.900	83	87	87
P74842_Q75_lddt	Q6ZY77_Q75_lddt	9.823E-01	9.708E-01	9.273E-01	37.900	83	87	87
P74842_Q75_lddt	A0A455LS80_Q75_lddt	9.820E-01	9.705E-01	9.271E-01	39.000	83	87	87
P74842_Q75_lddt	Q5PU78_Q75_lddt	9.820E-01	9.705E-01	9.271E-01	37.900	83	87	87
P74842_Q75_lddt	OKP-D-1_Q75_lddt	9.816E-01	9.701E-01	9.267E-01	37.900	83	87	87
P74842_Q75_lddt	Q6ZY74_Q75_lddt	9.813E-01	9.698E-01	9.265E-01	37.900	83	87	87
P74842_Q75_lddt	AF-P18251-F1-model_v4_Q75_lddt	9.847E-01	9.732E-01	9.192E-01	38.300	83	86	88
P74842_Q75_lddt	Q6R5M7_Q75_lddt	9.808E-01	9.693E-01	9.260E-01	37.900	83	87	87
P74842_Q75_lddt	Q6ZY58_Q75_lddt	9.803E-01	9.688E-01	9.256E-01	36.700	83	87	87
P74842_Q75_lddt	P14171_Q75_lddt	9.723E-01	9.611E-01	9.392E-01	32.900	83	85	85
P74842_Q75_lddt	C0LSK3_Q75_lddt	9.843E-01	9.613E-01	9.286E-01	37.200	83	86	86
P74842_Q75_lddt	C8C0I2_Q75_lddt	9.572E-01	9.460E-01	9.460E-01	46.400	83	84	83
P74842_Q75_lddt	Q57509_Q75_lddt	9.612E-01	9.500E-01	9.390E-01	45.200	83	84	84
P74842_Q75_lddt	AF-A0A867XYA1-F1-model_v4_Q75_lddt	9.813E-01	9.698E-01	9.162E-01	33.700	83	86	88
P74842_Q75_lddt	B9U2I6_Q75_lddt	9.843E-01	9.728E-01	9.088E-01	39.000	83	87	89
P74842_Q75_lddt	A0ZX91_Q75_lddt	9.843E-01	9.728E-01	9.088E-01	39.000	83	87	89
P74842_Q75_lddt	Q8VP57_Q75_lddt	9.843E-01	9.727E-01	9.088E-01	39.000	83	87	89
P74842_Q75_lddt	A3FFR2_Q75_lddt	9.842E-01	9.727E-01	9.087E-01	39.000	83	87	89
P74842_Q75_lddt	S4TWB0_Q75_lddt	9.841E-01	9.726E-01	9.086E-01	39.000	83	87	89
P74842_Q75_lddt	A0ZX80_Q75_lddt	9.841E-01	9.725E-01	9.086E-01	39.000	83	87	89
P74842_Q75_lddt	D5LGB4_Q75_lddt	9.841E-01	9.726E-01	9.086E-01	39.000	83	87	89
P74842_Q75_lddt	A0A2P9E069_Q75_lddt	9.840E-01	9.724E-01	9.085E-01	39.000	83	87	89
P74842_Q75_lddt	E5Q900_Q75_lddt	9.838E-01	9.722E-01	9.083E-01	39.000	83	87	89
P74842_Q75_lddt	F8SQ10_Q75_lddt	9.837E-01	9.721E-01	9.082E-01	39.000	83	87	89
P74842_Q75_lddt	O33677_Q75_lddt	9.690E-01	9.576E-01	9.252E-01	36.700	83	87	86
P74842_Q75_lddt	Q939H3_Q75_lddt	9.837E-01	9.722E-01	9.083E-01	37.900	83	87	89
P74842_Q75_lddt	Q0PGR7_Q75_lddt	9.836E-01	9.721E-01	9.082E-01	39.000	83	87	89
P74842_Q75_lddt	Q939H5_Q75_lddt	9.830E-01	9.715E-01	9.077E-01	39.000	83	87	89
P74842_Q75_lddt	E5G517_Q75_lddt	9.825E-01	9.710E-01	9.073E-01	39.000	83	87	89
P74842_Q75_lddt	H2ERK9_Q75_lddt	9.818E-01	9.703E-01	9.067E-01	39.000	83	87	89
P74842_Q75_lddt	Q2MJC2_Q75_lddt	9.818E-01	9.703E-01	9.066E-01	39.000	83	87	89
P74842_Q75_lddt	B0FP98_Q75_lddt	9.814E-01	9.699E-01	9.063E-01	39.000	83	87	89
P74842_Q75_lddt	A0A097BQY7_Q75_lddt	9.812E-01	9.697E-01	9.061E-01	39.000	83	87	89
P74842_Q75_lddt	Q8VP67_Q75_lddt	9.800E-01	9.686E-01	9.051E-01	39.000	83	87	89
P74842_Q75_lddt	Q8KRG7_Q75_lddt	9.796E-01	9.682E-01	9.048E-01	39.000	83	87	89
P74842_Q75_lddt	J7HZA4_Q75_lddt	9.795E-01	9.681E-01	9.047E-01	39.000	83	87	89
P74842_Q75_lddt	B5L5W7_Q75_lddt	9.623E-01	9.512E-01	9.091E-01	41.100	83	85	87
P74842_Q75_lddt	A0A0E0SR47_Q75_lddt	9.500E-01	9.389E-01	9.176E-01	33.300	83	87	85
P74842_Q75_lddt	Q9XBM2_Q75_lddt	9.533E-01	9.422E-01	9.105E-01	27.500	83	87	86
P74842_Q75_lddt	AF-F4NA56-F1-model_v4_Q75_lddt	9.471E-01	9.362E-01	9.150E-01	26.400	83	87	85
P74842_Q75_lddt	C8C0D8_Q75_lddt	9.509E-01	9.399E-01	9.083E-01	36.700	83	87	86
P74842_Q75_lddt	A0A1W5QH29_Q75_lddt	9.437E-01	9.328E-01	9.117E-01	32.100	83	87	85
P74842_Q75_lddt	Q9X4S7_Q75_lddt	9.468E-01	9.359E-01	9.045E-01	36.700	83	87	86
P74842_Q75_lddt	A0A1W5QCF3_Q75_lddt	9.431E-01	9.322E-01	9.112E-01	32.100	83	87	85
P74842_Q75_lddt	A0A3Q8G682_Q75_lddt	9.468E-01	9.359E-01	9.046E-01	35.600	83	87	86
P74842_Q75_lddt	A0A1W5QG57_Q75_lddt	9.390E-01	9.282E-01	9.074E-01	32.100	83	87	85
Q2YHY7_Q75_lddt	Q2YHY7_Q75_lddt	1.012E+00	1.000E+00	1.000E+00	100.000	87	87	87
Q2YHY7_Q75_lddt	Q2YHZ5_Q75_lddt	1.011E+00	9.996E-01	9.996E-01	100.000	87	87	87
Q2YHY7_Q75_lddt	Q2YHZ3_Q75_lddt	1.011E+00	9.996E-01	9.996E-01	100.000	87	87	87
Q2YHY7_Q75_lddt	Q2YHZ0_Q75_lddt	1.011E+00	9.996E-01	9.996E-01	100.000	87	87	87
Q2YHY7_Q75_lddt	Q2YHZ2_Q75_lddt	1.011E+00	9.995E-01	9.995E-01	100.000	87	87	87
Q2YHY7_Q75_lddt	Q6ZY77_Q75_lddt	1.011E+00	9.995E-01	9.995E-01	98.800	87	87	87
Q2YHY7_Q75_lddt	Q84H47_Q75_lddt	1.011E+00	9.994E-01	9.994E-01	93.100	87	87	87
Q2YHY7_Q75_lddt	Q2YHX8_Q75_lddt	1.011E+00	9.994E-01	9.994E-01	98.800	87	87	87
Q2YHY7_Q75_lddt	Q5I6D4_Q75_lddt	1.011E+00	9.993E-01	9.993E-01	98.800	87	87	87
Q2YHY7_Q75_lddt	B5D620_Q75_lddt	1.011E+00	9.993E-01	9.993E-01	100.000	87	87	87
Q2YHY7_Q75_lddt	B8YHZ8_Q75_lddt	1.011E+00	9.993E-01	9.993E-01	100.000	87	87	87
Q2YHY7_Q75_lddt	Q5PU78_Q75_lddt	1.011E+00	9.993E-01	9.993E-01	97.700	87	87	87
Q2YHY7_Q75_lddt	Q2YHX6_Q75_lddt	1.011E+00	9.992E-01	9.992E-01	98.800	87	87	87
Q2YHY7_Q75_lddt	Q8VQV7_Q75_lddt	1.011E+00	9.992E-01	9.992E-01	93.100	87	87	87
Q2YHY7_Q75_lddt	Q6ZY74_Q75_lddt	1.011E+00	9.992E-01	9.992E-01	100.000	87	87	87
Q2YHY7_Q75_lddt	A0A455LS80_Q75_lddt	1.011E+00	9.991E-01	9.991E-01	95.400	87	87	87
Q2YHY7_Q75_lddt	Q6ZY58_Q75_lddt	1.011E+00	9.991E-01	9.991E-01	98.800	87	87	87
Q2YHY7_Q75_lddt	Q84H48_Q75_lddt	1.011E+00	9.991E-01	9.991E-01	93.100	87	87	87
Q2YHY7_Q75_lddt	Q6R5M7_Q75_lddt	1.011E+00	9.990E-01	9.990E-01	97.700	87	87	87
Q2YHY7_Q75_lddt	B5D612_Q75_lddt	1.011E+00	9.990E-01	9.990E-01	94.200	87	87	87
Q2YHY7_Q75_lddt	A0A455LP07_Q75_lddt	1.011E+00	9.989E-01	9.989E-01	94.200	87	87	87
Q2YHY7_Q75_lddt	E9NST5_Q75_lddt	1.010E+00	9.989E-01	9.989E-01	91.900	87	87	87
Q2YHY7_Q75_lddt	A0A455LP02_Q75_lddt	1.010E+00	9.989E-01	9.989E-01	94.200	87	87	87
Q2YHY7_Q75_lddt	R4ISB3_Q75_lddt	1.010E+00	9.988E-01	9.988E-01	94.200	87	87	87
Q2YHY7_Q75_lddt	A0A455LP13_Q75_lddt	1.010E+00	9.988E-01	9.988E-01	94.200	87	87	87
Q2YHY7_Q75_lddt	A0A0P0IGT7_Q75_lddt	1.010E+00	9.988E-01	9.988E-01	94.200	87	87	87
Q2YHY7_Q75_lddt	AF-Q6W7F0-F1-model_v4_Q75_lddt	1.010E+00	9.987E-01	9.987E-01	83.900	87	87	87
Q2YHY7_Q75_lddt	Q9R429_Q75_lddt	1.010E+00	9.984E-01	9.984E-01	80.400	87	87	87
Q2YHY7_Q75_lddt	Q8GHI3_Q75_lddt	1.010E+00	9.984E-01	9.984E-01	79.300	87	87	87
Q2YHY7_Q75_lddt	H9AXM1_Q75_lddt	1.010E+00	9.984E-01	9.984E-01	77.000	87	87	87
Q2YHY7_Q75_lddt	OKP-D-1_Q75_lddt	1.009E+00	9.976E-01	9.976E-01	95.400	87	87	87
Q2YHY7_Q75_lddt	C0LSK3_Q75_lddt	1.011E+00	9.881E-01	9.996E-01	100.000	87	86	86
Q2YHY7_Q75_lddt	OKP-C-1_Q75_lddt	1.010E+00	9.871E-01	9.986E-01	93.100	87	87	86
Q2YHY7_Q75_lddt	A0ZX80_Q75_lddt	1.010E+00	9.988E-01	9.764E-01	94.200	87	87	89
Q2YHY7_Q75_lddt	A0A097BQY7_Q75_lddt	1.010E+00	9.988E-01	9.764E-01	94.200	87	87	89
Q2YHY7_Q75_lddt	A0ZX91_Q75_lddt	1.010E+00	9.988E-01	9.763E-01	94.200	87	87	89
Q2YHY7_Q75_lddt	Q939H3_Q75_lddt	1.010E+00	9.987E-01	9.763E-01	93.100	87	87	89
Q2YHY7_Q75_lddt	E5Q900_Q75_lddt	1.010E+00	9.987E-01	9.763E-01	94.200	87	87	89
Q2YHY7_Q75_lddt	A3FFR2_Q75_lddt	1.010E+00	9.987E-01	9.763E-01	94.200	87	87	89
Q2YHY7_Q75_lddt	Q2MJC2_Q75_lddt	1.010E+00	9.987E-01	9.763E-01	94.200	87	87	89
Q2YHY7_Q75_lddt	B9U2I6_Q75_lddt	1.010E+00	9.987E-01	9.763E-01	94.200	87	87	89
Q2YHY7_Q75_lddt	A0A2P9E069_Q75_lddt	1.010E+00	9.987E-01	9.763E-01	94.200	87	87	89
Q2YHY7_Q75_lddt	S4TWB0_Q75_lddt	1.010E+00	9.987E-01	9.763E-01	94.200	87	87	89
Q2YHY7_Q75_lddt	D5LGB4_Q75_lddt	1.010E+00	9.987E-01	9.763E-01	94.200	87	87	89
Q2YHY7_Q75_lddt	Q8VP57_Q75_lddt	1.010E+00	9.986E-01	9.762E-01	94.200	87	87	89
Q2YHY7_Q75_lddt	Q0PGR7_Q75_lddt	1.010E+00	9.985E-01	9.761E-01	93.100	87	87	89
Q2YHY7_Q75_lddt	C8CE59_Q75_lddt	1.010E+00	9.755E-01	9.984E-01	91.900	87	87	85
Q2YHY7_Q75_lddt	Q8VP67_Q75_lddt	1.010E+00	9.982E-01	9.758E-01	94.200	87	87	89
Q2YHY7_Q75_lddt	C8CE60_Q75_lddt	1.010E+00	9.754E-01	9.984E-01	91.900	87	87	85
Q2YHY7_Q75_lddt	Q939H5_Q75_lddt	1.010E+00	9.980E-01	9.756E-01	93.100	87	87	89
Q2YHY7_Q75_lddt	J7HZA4_Q75_lddt	1.010E+00	9.980E-01	9.756E-01	93.100	87	87	89
Q2YHY7_Q75_lddt	H2ERK9_Q75_lddt	1.010E+00	9.980E-01	9.756E-01	94.200	87	87	89
Q2YHY7_Q75_lddt	B0FP98_Q75_lddt	1.010E+00	9.979E-01	9.756E-01	93.100	87	87	89
Q2YHY7_Q75_lddt	F8SQ10_Q75_lddt	1.009E+00	9.979E-01	9.755E-01	94.200	87	87	89
Q2YHY7_Q75_lddt	Q8KRG7_Q75_lddt	1.009E+00	9.979E-01	9.755E-01	93.100	87	87	89
Q2YHY7_Q75_lddt	O33677_Q75_lddt	1.004E+00	9.813E-01	9.926E-01	78.100	87	87	86
Q2YHY7_Q75_lddt	E5G517_Q75_lddt	1.005E+00	9.935E-01	9.713E-01	93.100	87	87	89
Q2YHY7_Q75_lddt	AF-P18251-F1-model_v4_Q75_lddt	1.010E+00	9.867E-01	9.755E-01	89.600	87	87	88
Q2YHY7_Q75_lddt	AF-A0A867XYA1-F1-model_v4_Q75_lddt	1.010E+00	9.864E-01	9.752E-01	85.000	87	87	88
Q2YHY7_Q75_lddt	B7FDD9_Q75_lddt	1.011E+00	9.414E-01	9.988E-01	88.500	87	87	82
Q2YHY7_Q75_lddt	P14171_Q75_lddt	9.929E-01	9.592E-01	9.814E-01	54.000	87	87	85
Q2YHY7_Q75_lddt	C5HUY1_Q75_lddt	9.960E-01	9.509E-01	9.844E-01	49.400	87	87	84
Q2YHY7_Q75_lddt	A0A097ZLX5_Q75_lddt	9.960E-01	9.509E-01	9.843E-01	49.400	87	87	84
Q2YHY7_Q75_lddt	C6GC02_Q75_lddt	9.960E-01	9.509E-01	9.843E-01	48.200	87	87	84
Q2YHY7_Q75_lddt	Q3SAW3_Q75_lddt	9.957E-01	9.506E-01	9.840E-01	52.800	87	87	84
Q2YHY7_Q75_lddt	AF-A0A1J0HSJ3-F1-model_v4_Q75_lddt	1.003E+00	9.348E-01	9.913E-01	54.000	87	87	82
Q2YHY7_Q75_lddt	AF-A0A3G1JAD7-F1-model_v4_Q75_lddt	1.003E+00	9.342E-01	9.906E-01	54.000	87	87	82
Q2YHY7_Q75_lddt	GES-41_Q75_lddt	9.932E-01	9.484E-01	9.816E-01	49.400	87	87	84
Q2YHY7_Q75_lddt	GES-44_Q75_lddt	9.932E-01	9.483E-01	9.816E-01	49.400	87	87	84
Q2YHY7_Q75_lddt	SGM-3_Q75_lddt	9.963E-01	9.511E-01	9.732E-01	50.500	87	87	85
Q2YHY7_Q75_lddt	SGM-2_Q75_lddt	9.960E-01	9.508E-01	9.729E-01	50.500	87	87	85
Q2YHY7_Q75_lddt	PER-16_Q75_lddt	9.871E-01	9.428E-01	9.756E-01	40.200	87	87	84
Q2YHY7_Q75_lddt	SGM-5_Q75_lddt	9.889E-01	9.444E-01	9.661E-01	49.400	87	87	85
Q2YHY7_Q75_lddt	AF-E2D9D5-F1-model_v4_Q75_lddt	9.849E-01	9.408E-01	9.735E-01	28.700	87	87	84
Q2YHY7_Q75_lddt	Q9AMJ7_Q75_lddt	9.887E-01	9.332E-01	9.771E-01	27.500	87	87	83
Q2YHY7_Q75_lddt	AF-A0A886X7X6-F1-model_v6_Q75_lddt	9.884E-01	9.440E-01	9.657E-01	31.000	87	87	85
Q2YHY7_Q75_lddt	A1YTM5_Q75_lddt	9.883E-01	9.327E-01	9.766E-01	27.500	87	87	83
Q2YHY7_Q75_lddt	AF-Q1NAL0-F1-model_v4_Q75_lddt	9.869E-01	9.426E-01	9.643E-01	50.500	87	87	85
Q2YHY7_Q75_lddt	A0A1W5QH29_Q75_lddt	9.785E-01	9.458E-01	9.674E-01	37.900	87	87	85
Q2YHY7_Q75_lddt	A0A2Z2Z6H0_Q75_lddt	9.818E-01	9.379E-01	9.705E-01	45.900	87	87	84
Q2YHY7_Q75_lddt	A0A1W5QCF3_Q75_lddt	9.776E-01	9.449E-01	9.665E-01	37.900	87	87	85
Q2YHY7_Q75_lddt	A0A3Q8G682_Q75_lddt	9.706E-01	9.489E-01	9.596E-01	54.000	87	87	86
Q2YHY7_Q75_lddt	D5HSX5_Q75_lddt	9.859E-01	9.305E-01	9.743E-01	40.200	87	87	83
Q2YHY7_Q75_lddt	RAA-1_Q75_lddt	9.848E-01	9.296E-01	9.733E-01	29.800	87	87	83
Q2YHY7_Q75_lddt	F8T7L4_Q75_lddt	9.843E-01	9.292E-01	9.728E-01	36.700	87	87	83
Q2YHY7_Q75_lddt	Q5XQD3_Q75_lddt	9.843E-01	9.291E-01	9.727E-01	36.700	87	87	83
Q2YHY7_Q75_lddt	P74842_Q75_lddt	9.842E-01	9.290E-01	9.726E-01	37.900	87	87	83
Q2YHY7_Q75_lddt	Q8VT49_Q75_lddt	9.832E-01	9.282E-01	9.717E-01	29.800	87	87	83
Q2YHY7_Q75_lddt	A0A1W5QG57_Q75_lddt	9.746E-01	9.422E-01	9.636E-01	37.900	87	87	85
Q2YHY7_Q75_lddt	AF-A0A0D0F642-F1-model_v4_Q75_lddt	9.815E-01	9.267E-01	9.701E-01	31.000	87	87	83
Q2YHY7_Q75_lddt	Q5W3A6_Q75_lddt	9.775E-01	9.339E-01	9.662E-01	33.300	87	87	84
Q2YHY7_Q75_lddt	Q9XBM2_Q75_lddt	9.650E-01	9.436E-01	9.542E-01	41.300	87	87	86
Q2YHY7_Q75_lddt	G9MB50_Q75_lddt	9.790E-01	9.244E-01	9.676E-01	31.000	87	87	83
Q2YHY7_Q75_lddt	AF-E4WMC5-F1-model_v6_Q75_lddt	9.783E-01	9.237E-01	9.669E-01	36.700	87	87	83
Q2YHY7_Q75_lddt	G9M9P7_Q75_lddt	9.784E-01	9.239E-01	9.670E-01	31.000	87	87	83
Q2YHY7_Q75_lddt	G9MB49_Q75_lddt	9.782E-01	9.237E-01	9.668E-01	32.100	87	87	83
Q2YHY7_Q75_lddt	A0A0E0SR47_Q75_lddt	9.671E-01	9.351E-01	9.562E-01	39.000	87	87	85
Q2YHY7_Q75_lddt	AF-J9QX37-F1-model_v4_Q75_lddt	9.832E-01	9.062E-01	9.714E-01	29.800	87	87	81
Q2YHY7_Q75_lddt	Q9X6W1_Q75_lddt	9.718E-01	9.177E-01	9.604E-01	31.000	87	87	83
Q2YHY7_Q75_lddt	Q9RAZ9_Q75_lddt	9.776E-01	9.123E-01	9.661E-01	29.800	87	87	82
Q2YHY7_Q75_lddt	AF-A0A8E9ZWD0-F1-model_v6_Q75_lddt	9.732E-01	9.301E-01	9.511E-01	29.800	87	87	85
Q2YHY7_Q75_lddt	B5L5W7_Q75_lddt	9.705E-01	9.382E-01	9.382E-01	39.000	87	87	87
Q2YHY7_Q75_lddt	AF-F4NA56-F1-model_v4_Q75_lddt	9.625E-01	9.308E-01	9.517E-01	37.900	87	87	85
Q2YHY7_Q75_lddt	A0A0B6VPP7_Q75_lddt	9.684E-01	9.147E-01	9.572E-01	29.800	87	87	83
Q2YHY7_Q75_lddt	AF-A0A127SQY3-F1-model_v6_Q75_lddt	9.542E-01	9.019E-01	9.432E-01	26.400	87	87	83
Q2YHY7_Q75_lddt	Q57509_Q75_lddt	9.509E-01	8.985E-01	9.292E-01	28.400	87	88	84
Q2YHY7_Q75_lddt	C8C0I2_Q75_lddt	9.461E-01	8.944E-01	9.353E-01	34.400	87	87	83
Q2YHY7_Q75_lddt	C8C0D8_Q75_lddt	9.171E-01	8.972E-01	9.070E-01	25.800	87	89	86
Q2YHY7_Q75_lddt	Q9X4S7_Q75_lddt	9.145E-01	8.947E-01	9.045E-01	28.000	87	89	86
A3FFR2_Q75_lddt	A3FFR2_Q75_lddt	1.011E+00	1.000E+00	1.000E+00	100.000	89	89	89
A3FFR2_Q75_lddt	A0ZX80_Q75_lddt	1.011E+00	9.999E-01	9.999E-01	100.000	89	89	89
A3FFR2_Q75_lddt	S4TWB0_Q75_lddt	1.011E+00	9.999E-01	9.999E-01	100.000	89	89	89
A3FFR2_Q75_lddt	B9U2I6_Q75_lddt	1.011E+00	9.998E-01	9.998E-01	100.000	89	89	89
A3FFR2_Q75_lddt	A0ZX91_Q75_lddt	1.011E+00	9.998E-01	9.998E-01	100.000	89	89	89
A3FFR2_Q75_lddt	A0A2P9E069_Q75_lddt	1.011E+00	9.998E-01	9.998E-01	100.000	89	89	89
A3FFR2_Q75_lddt	Q8VP57_Q75_lddt	1.011E+00	9.998E-01	9.998E-01	100.000	89	89	89
A3FFR2_Q75_lddt	E5Q900_Q75_lddt	1.011E+00	9.998E-01	9.998E-01	100.000	89	89	89
A3FFR2_Q75_lddt	D5LGB4_Q75_lddt	1.011E+00	9.998E-01	9.998E-01	100.000	89	89	89
A3FFR2_Q75_lddt	Q0PGR7_Q75_lddt	1.011E+00	9.996E-01	9.996E-01	98.800	89	89	89
A3FFR2_Q75_lddt	H2ERK9_Q75_lddt	1.011E+00	9.994E-01	9.994E-01	100.000	89	89	89
A3FFR2_Q75_lddt	F8SQ10_Q75_lddt	1.011E+00	9.994E-01	9.994E-01	100.000	89	89	89
A3FFR2_Q75_lddt	B0FP98_Q75_lddt	1.011E+00	9.993E-01	9.993E-01	98.800	89	89	89
A3FFR2_Q75_lddt	Q939H5_Q75_lddt	1.011E+00	9.993E-01	9.993E-01	98.800	89	89	89
A3FFR2_Q75_lddt	Q2MJC2_Q75_lddt	1.011E+00	9.992E-01	9.992E-01	100.000	89	89	89
A3FFR2_Q75_lddt	A0A097BQY7_Q75_lddt	1.011E+00	9.992E-01	9.992E-01	100.000	89	89	89
A3FFR2_Q75_lddt	J7HZA4_Q75_lddt	1.010E+00	9.990E-01	9.990E-01	98.800	89	89	89
A3FFR2_Q75_lddt	Q8VP67_Q75_lddt	1.010E+00	9.990E-01	9.990E-01	100.000	89	89	89
A3FFR2_Q75_lddt	Q939H3_Q75_lddt	1.010E+00	9.988E-01	9.988E-01	92.100	89	89	89
A3FFR2_Q75_lddt	Q8KRG7_Q75_lddt	1.010E+00	9.988E-01	9.988E-01	98.800	89	89	89
A3FFR2_Q75_lddt	E5G517_Q75_lddt	1.006E+00	9.944E-01	9.944E-01	98.800	89	89	89
A3FFR2_Q75_lddt	AF-A0A867XYA1-F1-model_v4_Q75_lddt	1.008E+00	9.856E-01	9.968E-01	88.700	89	89	88
A3FFR2_Q75_lddt	AF-P18251-F1-model_v4_Q75_lddt	1.008E+00	9.853E-01	9.965E-01	95.500	89	89	88
A3FFR2_Q75_lddt	B8YHZ8_Q75_lddt	1.011E+00	9.772E-01	9.996E-01	94.200	89	87	87
A3FFR2_Q75_lddt	Q5I6D4_Q75_lddt	1.011E+00	9.772E-01	9.996E-01	95.400	89	87	87
A3FFR2_Q75_lddt	Q2YHX8_Q75_lddt	1.011E+00	9.771E-01	9.996E-01	95.400	89	87	87
A3FFR2_Q75_lddt	B5D620_Q75_lddt	1.011E+00	9.771E-01	9.996E-01	94.200	89	87	87
A3FFR2_Q75_lddt	Q2YHX6_Q75_lddt	1.011E+00	9.771E-01	9.995E-01	95.400	89	87	87
A3FFR2_Q75_lddt	B5D612_Q75_lddt	1.011E+00	9.771E-01	9.995E-01	93.100	89	87	87
A3FFR2_Q75_lddt	A0A0P0IGT7_Q75_lddt	1.011E+00	9.770E-01	9.995E-01	93.100	89	87	87
A3FFR2_Q75_lddt	E9NST5_Q75_lddt	1.011E+00	9.769E-01	9.994E-01	90.800	89	87	87
A3FFR2_Q75_lddt	A0A455LP07_Q75_lddt	1.011E+00	9.769E-01	9.994E-01	93.100	89	87	87
A3FFR2_Q75_lddt	A0A455LP13_Q75_lddt	1.011E+00	9.769E-01	9.994E-01	93.100	89	87	87
A3FFR2_Q75_lddt	A0A455LP02_Q75_lddt	1.011E+00	9.769E-01	9.993E-01	93.100	89	87	87
A3FFR2_Q75_lddt	R4ISB3_Q75_lddt	1.011E+00	9.769E-01	9.993E-01	93.100	89	87	87
A3FFR2_Q75_lddt	Q2YHZ5_Q75_lddt	1.011E+00	9.768E-01	9.992E-01	94.200	89	87	87
A3FFR2_Q75_lddt	Q6ZY77_Q75_lddt	1.011E+00	9.767E-01	9.992E-01	93.100	89	87	87
A3FFR2_Q75_lddt	Q84H48_Q75_lddt	1.011E+00	9.767E-01	9.992E-01	91.900	89	87	87
A3FFR2_Q75_lddt	Q6ZY74_Q75_lddt	1.011E+00	9.767E-01	9.991E-01	94.200	89	87	87
A3FFR2_Q75_lddt	Q2YHZ2_Q75_lddt	1.011E+00	9.767E-01	9.991E-01	94.200	89	87	87
A3FFR2_Q75_lddt	Q2YHZ0_Q75_lddt	1.011E+00	9.767E-01	9.991E-01	94.200	89	87	87
A3FFR2_Q75_lddt	Q2YHZ3_Q75_lddt	1.011E+00	9.767E-01	9.991E-01	94.200	89	87	87
A3FFR2_Q75_lddt	Q5PU78_Q75_lddt	1.011E+00	9.767E-01	9.991E-01	94.200	89	87	87
A3FFR2_Q75_lddt	Q6R5M7_Q75_lddt	1.011E+00	9.766E-01	9.990E-01	94.200	89	87	87
A3FFR2_Q75_lddt	A0A455LS80_Q75_lddt	1.011E+00	9.766E-01	9.990E-01	94.200	89	87	87
A3FFR2_Q75_lddt	Q9R429_Q75_lddt	1.010E+00	9.764E-01	9.988E-01	81.600	89	87	87
A3FFR2_Q75_lddt	Q8GHI3_Q75_lddt	1.010E+00	9.764E-01	9.988E-01	80.400	89	87	87
A3FFR2_Q75_lddt	Q6ZY58_Q75_lddt	1.010E+00	9.764E-01	9.988E-01	93.100	89	87	87
A3FFR2_Q75_lddt	Q2YHY7_Q75_lddt	1.010E+00	9.763E-01	9.987E-01	94.200	89	87	87
A3FFR2_Q75_lddt	Q84H47_Q75_lddt	1.010E+00	9.762E-01	9.986E-01	91.900	89	87	87
A3FFR2_Q75_lddt	H9AXM1_Q75_lddt	1.010E+00	9.760E-01	9.984E-01	78.100	89	87	87
A3FFR2_Q75_lddt	AF-Q6W7F0-F1-model_v4_Q75_lddt	1.010E+00	9.759E-01	9.983E-01	83.900	89	87	87
A3FFR2_Q75_lddt	Q8VQV7_Q75_lddt	1.010E+00	9.759E-01	9.983E-01	91.900	89	87	87
A3FFR2_Q75_lddt	OKP-D-1_Q75_lddt	1.009E+00	9.746E-01	9.970E-01	91.900	89	87	87
A3FFR2_Q75_lddt	OKP-C-1_Q75_lddt	1.010E+00	9.651E-01	9.987E-01	96.500	89	87	86
A3FFR2_Q75_lddt	C0LSK3_Q75_lddt	1.010E+00	9.647E-01	9.983E-01	94.100	89	86	86
A3FFR2_Q75_lddt	C8CE59_Q75_lddt	1.011E+00	9.543E-01	9.992E-01	97.700	89	87	85
A3FFR2_Q75_lddt	C8CE60_Q75_lddt	1.011E+00	9.542E-01	9.991E-01	97.700	89	87	85
A3FFR2_Q75_lddt	O33677_Q75_lddt	1.004E+00	9.594E-01	9.927E-01	79.300	89	87	86
A3FFR2_Q75_lddt	B7FDD9_Q75_lddt	1.010E+00	9.198E-01	9.982E-01	94.200	89	87	82
A3FFR2_Q75_lddt	P14171_Q75_lddt	9.919E-01	9.371E-01	9.805E-01	56.300	89	87	85
A3FFR2_Q75_lddt	Q3SAW3_Q75_lddt	9.956E-01	9.294E-01	9.839E-01	56.300	89	87	84
A3FFR2_Q75_lddt	C5HUY1_Q75_lddt	9.953E-01	9.292E-01	9.836E-01	49.400	89	87	84
A3FFR2_Q75_lddt	A0A097ZLX5_Q75_lddt	9.952E-01	9.291E-01	9.835E-01	49.400	89	87	84
A3FFR2_Q75_lddt	C6GC02_Q75_lddt	9.952E-01	9.291E-01	9.835E-01	48.200	89	87	84
A3FFR2_Q75_lddt	AF-A0A1J0HSJ3-F1-model_v4_Q75_lddt	1.002E+00	9.128E-01	9.899E-01	52.800	89	87	82
A3FFR2_Q75_lddt	GES-44_Q75_lddt	9.936E-01	9.277E-01	9.820E-01	49.400	89	87	84
A3FFR2_Q75_lddt	AF-A0A3G1JAD7-F1-model_v4_Q75_lddt	1.002E+00	9.126E-01	9.897E-01	54.000	89	87	82
A3FFR2_Q75_lddt	GES-41_Q75_lddt	9.934E-01	9.276E-01	9.818E-01	49.400	89	87	84
A3FFR2_Q75_lddt	SGM-3_Q75_lddt	9.950E-01	9.290E-01	9.720E-01	54.000	89	87	85
A3FFR2_Q75_lddt	SGM-2_Q75_lddt	9.948E-01	9.288E-01	9.718E-01	54.000	89	87	85
A3FFR2_Q75_lddt	PER-16_Q75_lddt	9.867E-01	9.217E-01	9.752E-01	41.300	89	87	84
A3FFR2_Q75_lddt	AF-E2D9D5-F1-model_v4_Q75_lddt	9.851E-01	9.203E-01	9.737E-01	31.000	89	87	84
A3FFR2_Q75_lddt	AF-A0A886X7X6-F1-model_v6_Q75_lddt	9.878E-01	9.227E-01	9.651E-01	32.100	89	87	85
A3FFR2_Q75_lddt	Q9AMJ7_Q75_lddt	9.878E-01	9.118E-01	9.762E-01	31.000	89	87	83
A3FFR2_Q75_lddt	A0A1W5QH29_Q75_lddt	9.793E-01	9.258E-01	9.681E-01	37.900	89	87	85
A3FFR2_Q75_lddt	SGM-5_Q75_lddt	9.874E-01	9.223E-01	9.647E-01	50.500	89	87	85
A3FFR2_Q75_lddt	A1YTM5_Q75_lddt	9.873E-01	9.114E-01	9.757E-01	31.000	89	87	83
A3FFR2_Q75_lddt	A0A1W5QCF3_Q75_lddt	9.783E-01	9.250E-01	9.672E-01	37.900	89	87	85
A3FFR2_Q75_lddt	A0A2Z2Z6H0_Q75_lddt	9.821E-01	9.177E-01	9.708E-01	47.100	89	87	84
A3FFR2_Q75_lddt	AF-Q1NAL0-F1-model_v4_Q75_lddt	9.858E-01	9.209E-01	9.632E-01	54.000	89	87	85
A3FFR2_Q75_lddt	D5HSX5_Q75_lddt	9.859E-01	9.102E-01	9.743E-01	41.300	89	87	83
A3FFR2_Q75_lddt	RAA-1_Q75_lddt	9.860E-01	9.103E-01	9.745E-01	33.300	89	87	83
A3FFR2_Q75_lddt	A0A3Q8G682_Q75_lddt	9.696E-01	9.273E-01	9.586E-01	54.000	89	87	86
A3FFR2_Q75_lddt	F8T7L4_Q75_lddt	9.846E-01	9.091E-01	9.731E-01	37.900	89	87	83
A3FFR2_Q75_lddt	Q5XQD3_Q75_lddt	9.845E-01	9.089E-01	9.729E-01	37.900	89	87	83
A3FFR2_Q75_lddt	P74842_Q75_lddt	9.842E-01	9.087E-01	9.727E-01	39.000	89	87	83
A3FFR2_Q75_lddt	A0A1W5QG57_Q75_lddt	9.754E-01	9.224E-01	9.643E-01	37.900	89	87	85
A3FFR2_Q75_lddt	Q9XBM2_Q75_lddt	9.681E-01	9.259E-01	9.572E-01	42.500	89	87	86
A3FFR2_Q75_lddt	Q8VT49_Q75_lddt	9.827E-01	9.074E-01	9.712E-01	31.000	89	87	83
A3FFR2_Q75_lddt	AF-A0A0D0F642-F1-model_v4_Q75_lddt	9.817E-01	9.066E-01	9.702E-01	32.100	89	87	83
A3FFR2_Q75_lddt	Q5W3A6_Q75_lddt	9.774E-01	9.136E-01	9.662E-01	34.400	89	87	84
A3FFR2_Q75_lddt	A0A0E0SR47_Q75_lddt	9.705E-01	9.179E-01	9.595E-01	40.200	89	87	85
A3FFR2_Q75_lddt	AF-E4WMC5-F1-model_v6_Q75_lddt	9.784E-01	9.037E-01	9.670E-01	35.600	89	87	83
A3FFR2_Q75_lddt	G9MB50_Q75_lddt	9.782E-01	9.036E-01	9.668E-01	31.000	89	87	83
A3FFR2_Q75_lddt	G9M9P7_Q75_lddt	9.776E-01	9.031E-01	9.662E-01	29.800	89	87	83
A3FFR2_Q75_lddt	G9MB49_Q75_lddt	9.774E-01	9.029E-01	9.660E-01	31.000	89	87	83
A3FFR2_Q75_lddt	AF-A0A8E9ZWD0-F1-model_v6_Q75_lddt	9.751E-01	9.116E-01	9.530E-01	31.000	89	87	85
A3FFR2_Q75_lddt	AF-J9QX37-F1-model_v4_Q75_lddt	9.826E-01	8.859E-01	9.708E-01	28.700	89	87	81
A3FFR2_Q75_lddt	AF-F4NA56-F1-model_v4_Q75_lddt	9.658E-01	9.138E-01	9.550E-01	37.900	89	87	85
A3FFR2_Q75_lddt	Q9X6W1_Q75_lddt	9.716E-01	8.976E-01	9.603E-01	32.100	89	87	83
A3FFR2_Q75_lddt	Q9RAZ9_Q75_lddt	9.768E-01	8.918E-01	9.653E-01	31.000	89	87	82
A3FFR2_Q75_lddt	B5L5W7_Q75_lddt	9.684E-01	9.159E-01	9.362E-01	37.900	89	87	87
A3FFR2_Q75_lddt	A0A0B6VPP7_Q75_lddt	9.683E-01	8.947E-01	9.570E-01	31.000	89	87	83
A3FFR2_Q75_lddt	AF-A0A127SQY3-F1-model_v6_Q75_lddt	9.550E-01	8.832E-01	9.440E-01	25.200	89	87	83
A3FFR2_Q75_lddt	Q57509_Q75_lddt	9.501E-01	8.784E-01	9.285E-01	28.400	89	88	84
A3FFR2_Q75_lddt	C8C0I2_Q75_lddt	9.471E-01	8.762E-01	9.363E-01	32.100	89	87	83
A3FFR2_Q75_lddt	C8C0D8_Q75_lddt	9.182E-01	8.792E-01	9.081E-01	25.800	89	89	86
A3FFR2_Q75_lddt	Q9X4S7_Q75_lddt	9.157E-01	8.769E-01	9.057E-01	28.000	89	89	86
AF-A0A3G1JAD7-F1-model_v4_Q75_lddt	AF-A0A3G1JAD7-F1-model_v4_Q75_lddt	1.012E+00	1.000E+00	1.000E+00	100.000	82	82	82
AF-A0A3G1JAD7-F1-model_v4_Q75_lddt	AF-A0A1J0HSJ3-F1-model_v4_Q75_lddt	1.007E+00	9.951E-01	9.951E-01	76.800	82	82	82
AF-A0A3G1JAD7-F1-model_v4_Q75_lddt	B7FDD9_Q75_lddt	1.004E+00	9.919E-01	9.919E-01	57.300	82	82	82
AF-A0A3G1JAD7-F1-model_v4_Q75_lddt	Q3SAW3_Q75_lddt	1.001E+00	9.891E-01	9.658E-01	55.900	82	84	84
AF-A0A3G1JAD7-F1-model_v4_Q75_lddt	C5HUY1_Q75_lddt	1.001E+00	9.890E-01	9.657E-01	53.500	82	84	84
AF-A0A3G1JAD7-F1-model_v4_Q75_lddt	C6GC02_Q75_lddt	1.001E+00	9.890E-01	9.657E-01	52.300	82	84	84
AF-A0A3G1JAD7-F1-model_v4_Q75_lddt	A0A097ZLX5_Q75_lddt	1.001E+00	9.890E-01	9.657E-01	53.500	82	84	84
AF-A0A3G1JAD7-F1-model_v4_Q75_lddt	SGM-2_Q75_lddt	1.004E+00	9.916E-01	9.569E-01	57.100	82	84	85
AF-A0A3G1JAD7-F1-model_v4_Q75_lddt	SGM-3_Q75_lddt	1.004E+00	9.916E-01	9.569E-01	57.100	82	84	85
AF-A0A3G1JAD7-F1-model_v4_Q75_lddt	GES-41_Q75_lddt	9.989E-01	9.869E-01	9.637E-01	53.500	82	84	84
AF-A0A3G1JAD7-F1-model_v4_Q75_lddt	GES-44_Q75_lddt	9.989E-01	9.869E-01	9.637E-01	53.500	82	84	84
AF-A0A3G1JAD7-F1-model_v4_Q75_lddt	C8CE59_Q75_lddt	1.001E+00	9.886E-01	9.541E-01	55.200	82	85	85
AF-A0A3G1JAD7-F1-model_v4_Q75_lddt	C8CE60_Q75_lddt	9.998E-01	9.878E-01	9.533E-01	55.200	82	85	85
AF-A0A3G1JAD7-F1-model_v4_Q75_lddt	SGM-5_Q75_lddt	9.999E-01	9.878E-01	9.534E-01	55.900	82	84	85
AF-A0A3G1JAD7-F1-model_v4_Q75_lddt	OKP-C-1_Q75_lddt	1.003E+00	9.913E-01	9.456E-01	55.800	82	86	86
AF-A0A3G1JAD7-F1-model_v4_Q75_lddt	AF-Q1NAL0-F1-model_v4_Q75_lddt	9.978E-01	9.858E-01	9.515E-01	54.700	82	84	85
AF-A0A3G1JAD7-F1-model_v4_Q75_lddt	D5HSX5_Q75_lddt	9.892E-01	9.774E-01	9.659E-01	39.700	82	83	83
AF-A0A3G1JAD7-F1-model_v4_Q75_lddt	AF-Q6W7F0-F1-model_v4_Q75_lddt	1.004E+00	9.918E-01	9.352E-01	56.300	82	87	87
AF-A0A3G1JAD7-F1-model_v4_Q75_lddt	F8T7L4_Q75_lddt	9.880E-01	9.762E-01	9.647E-01	36.100	82	83	83
AF-A0A3G1JAD7-F1-model_v4_Q75_lddt	Q5XQD3_Q75_lddt	9.879E-01	9.762E-01	9.647E-01	36.100	82	83	83
AF-A0A3G1JAD7-F1-model_v4_Q75_lddt	Q9AMJ7_Q75_lddt	9.881E-01	9.763E-01	9.648E-01	31.300	82	83	83
AF-A0A3G1JAD7-F1-model_v4_Q75_lddt	P74842_Q75_lddt	9.878E-01	9.760E-01	9.645E-01	38.500	82	83	83
AF-A0A3G1JAD7-F1-model_v4_Q75_lddt	Q2YHY7_Q75_lddt	1.003E+00	9.906E-01	9.342E-01	54.000	82	87	87
AF-A0A3G1JAD7-F1-model_v4_Q75_lddt	A1YTM5_Q75_lddt	9.875E-01	9.757E-01	9.643E-01	31.300	82	83	83
AF-A0A3G1JAD7-F1-model_v4_Q75_lddt	Q8VQV7_Q75_lddt	1.003E+00	9.905E-01	9.340E-01	55.100	82	87	87
AF-A0A3G1JAD7-F1-model_v4_Q75_lddt	Q84H47_Q75_lddt	1.002E+00	9.904E-01	9.340E-01	55.100	82	87	87
AF-A0A3G1JAD7-F1-model_v4_Q75_lddt	Q84H48_Q75_lddt	1.002E+00	9.902E-01	9.338E-01	55.100	82	87	87
AF-A0A3G1JAD7-F1-model_v4_Q75_lddt	H9AXM1_Q75_lddt	1.002E+00	9.900E-01	9.337E-01	51.700	82	87	87
AF-A0A3G1JAD7-F1-model_v4_Q75_lddt	Q8GHI3_Q75_lddt	1.002E+00	9.899E-01	9.336E-01	52.800	82	87	87
AF-A0A3G1JAD7-F1-model_v4_Q75_lddt	Q9R429_Q75_lddt	1.002E+00	9.899E-01	9.336E-01	54.000	82	87	87
AF-A0A3G1JAD7-F1-model_v4_Q75_lddt	Q2YHZ3_Q75_lddt	1.001E+00	9.894E-01	9.331E-01	54.000	82	87	87
AF-A0A3G1JAD7-F1-model_v4_Q75_lddt	OKP-D-1_Q75_lddt	1.001E+00	9.894E-01	9.331E-01	54.000	82	87	87
AF-A0A3G1JAD7-F1-model_v4_Q75_lddt	B5D620_Q75_lddt	1.001E+00	9.893E-01	9.330E-01	54.000	82	87	87
AF-A0A3G1JAD7-F1-model_v4_Q75_lddt	Q2YHZ5_Q75_lddt	1.001E+00	9.893E-01	9.330E-01	54.000	82	87	87
AF-A0A3G1JAD7-F1-model_v4_Q75_lddt	Q2YHZ0_Q75_lddt	1.001E+00	9.893E-01	9.330E-01	54.000	82	87	87
AF-A0A3G1JAD7-F1-model_v4_Q75_lddt	B8YHZ8_Q75_lddt	1.001E+00	9.893E-01	9.330E-01	54.000	82	87	87
AF-A0A3G1JAD7-F1-model_v4_Q75_lddt	Q2YHX8_Q75_lddt	1.001E+00	9.893E-01	9.330E-01	54.000	82	87	87
AF-A0A3G1JAD7-F1-model_v4_Q75_lddt	Q6ZY77_Q75_lddt	1.001E+00	9.892E-01	9.329E-01	55.100	82	87	87
AF-A0A3G1JAD7-F1-model_v4_Q75_lddt	B5D612_Q75_lddt	1.001E+00	9.891E-01	9.329E-01	55.100	82	87	87
AF-A0A3G1JAD7-F1-model_v4_Q75_lddt	Q5I6D4_Q75_lddt	1.001E+00	9.891E-01	9.329E-01	54.000	82	87	87
AF-A0A3G1JAD7-F1-model_v4_Q75_lddt	A0A455LS80_Q75_lddt	1.001E+00	9.891E-01	9.328E-01	55.100	82	87	87
AF-A0A3G1JAD7-F1-model_v4_Q75_lddt	Q2YHZ2_Q75_lddt	1.001E+00	9.890E-01	9.327E-01	54.000	82	87	87
AF-A0A3G1JAD7-F1-model_v4_Q75_lddt	E9NST5_Q75_lddt	1.001E+00	9.889E-01	9.327E-01	54.000	82	87	87
AF-A0A3G1JAD7-F1-model_v4_Q75_lddt	A0A0P0IGT7_Q75_lddt	1.001E+00	9.889E-01	9.327E-01	55.100	82	87	87
AF-A0A3G1JAD7-F1-model_v4_Q75_lddt	A0A455LP02_Q75_lddt	1.001E+00	9.889E-01	9.326E-01	55.100	82	87	87
AF-A0A3G1JAD7-F1-model_v4_Q75_lddt	AF-P18251-F1-model_v4_Q75_lddt	1.005E+00	9.925E-01	9.253E-01	52.300	82	86	88
AF-A0A3G1JAD7-F1-model_v4_Q75_lddt	A0A455LP07_Q75_lddt	1.001E+00	9.889E-01	9.326E-01	55.100	82	87	87
AF-A0A3G1JAD7-F1-model_v4_Q75_lddt	R4ISB3_Q75_lddt	1.001E+00	9.887E-01	9.325E-01	55.100	82	87	87
AF-A0A3G1JAD7-F1-model_v4_Q75_lddt	A0A455LP13_Q75_lddt	1.001E+00	9.887E-01	9.325E-01	55.100	82	87	87
AF-A0A3G1JAD7-F1-model_v4_Q75_lddt	Q2YHX6_Q75_lddt	1.001E+00	9.886E-01	9.324E-01	54.000	82	87	87
AF-A0A3G1JAD7-F1-model_v4_Q75_lddt	PER-16_Q75_lddt	9.892E-01	9.774E-01	9.547E-01	38.000	82	84	84
AF-A0A3G1JAD7-F1-model_v4_Q75_lddt	AF-J9QX37-F1-model_v4_Q75_lddt	9.857E-01	9.623E-01	9.738E-01	28.000	82	82	81
AF-A0A3G1JAD7-F1-model_v4_Q75_lddt	Q5PU78_Q75_lddt	1.000E+00	9.884E-01	9.322E-01	54.000	82	87	87
AF-A0A3G1JAD7-F1-model_v4_Q75_lddt	Q6ZY58_Q75_lddt	1.000E+00	9.883E-01	9.321E-01	54.000	82	87	87
AF-A0A3G1JAD7-F1-model_v4_Q75_lddt	Q6ZY74_Q75_lddt	1.000E+00	9.880E-01	9.319E-01	54.000	82	87	87
AF-A0A3G1JAD7-F1-model_v4_Q75_lddt	Q6R5M7_Q75_lddt	9.995E-01	9.875E-01	9.314E-01	54.000	82	87	87
AF-A0A3G1JAD7-F1-model_v4_Q75_lddt	A0A2Z2Z6H0_Q75_lddt	9.875E-01	9.758E-01	9.531E-01	54.700	82	84	84
AF-A0A3G1JAD7-F1-model_v4_Q75_lddt	C0LSK3_Q75_lddt	1.003E+00	9.787E-01	9.336E-01	53.400	82	86	86
AF-A0A3G1JAD7-F1-model_v4_Q75_lddt	RAA-1_Q75_lddt	9.826E-01	9.710E-01	9.596E-01	34.900	82	83	83
AF-A0A3G1JAD7-F1-model_v4_Q75_lddt	AF-A0A867XYA1-F1-model_v4_Q75_lddt	1.000E+00	9.882E-01	9.216E-01	46.500	82	86	88
AF-A0A3G1JAD7-F1-model_v4_Q75_lddt	AF-A0A0D0F642-F1-model_v4_Q75_lddt	9.807E-01	9.691E-01	9.578E-01	34.900	82	83	83
AF-A0A3G1JAD7-F1-model_v4_Q75_lddt	Q8VT49_Q75_lddt	9.807E-01	9.691E-01	9.577E-01	32.500	82	83	83
AF-A0A3G1JAD7-F1-model_v4_Q75_lddt	P14171_Q75_lddt	9.874E-01	9.757E-01	9.420E-01	45.800	82	85	85
AF-A0A3G1JAD7-F1-model_v4_Q75_lddt	Q9RAZ9_Q75_lddt	9.767E-01	9.652E-01	9.652E-01	32.900	82	82	82
AF-A0A3G1JAD7-F1-model_v4_Q75_lddt	A3FFR2_Q75_lddt	1.002E+00	9.897E-01	9.126E-01	54.000	82	87	89
AF-A0A3G1JAD7-F1-model_v4_Q75_lddt	AF-A0A886X7X6-F1-model_v6_Q75_lddt	9.868E-01	9.750E-01	9.414E-01	34.500	82	84	85
AF-A0A3G1JAD7-F1-model_v4_Q75_lddt	AF-E2D9D5-F1-model_v4_Q75_lddt	9.828E-01	9.712E-01	9.487E-01	33.300	82	84	84
AF-A0A3G1JAD7-F1-model_v4_Q75_lddt	D5LGB4_Q75_lddt	1.001E+00	9.891E-01	9.120E-01	54.000	82	87	89
AF-A0A3G1JAD7-F1-model_v4_Q75_lddt	B9U2I6_Q75_lddt	1.001E+00	9.889E-01	9.119E-01	54.000	82	87	89
AF-A0A3G1JAD7-F1-model_v4_Q75_lddt	A0ZX91_Q75_lddt	1.001E+00	9.889E-01	9.119E-01	54.000	82	87	89
AF-A0A3G1JAD7-F1-model_v4_Q75_lddt	A0ZX80_Q75_lddt	1.001E+00	9.889E-01	9.119E-01	54.000	82	87	89
AF-A0A3G1JAD7-F1-model_v4_Q75_lddt	E5G517_Q75_lddt	1.001E+00	9.889E-01	9.119E-01	54.000	82	87	89
AF-A0A3G1JAD7-F1-model_v4_Q75_lddt	A0A2P9E069_Q75_lddt	1.001E+00	9.888E-01	9.119E-01	54.000	82	87	89
AF-A0A3G1JAD7-F1-model_v4_Q75_lddt	Q939H3_Q75_lddt	1.001E+00	9.888E-01	9.119E-01	55.100	82	87	89
AF-A0A3G1JAD7-F1-model_v4_Q75_lddt	S4TWB0_Q75_lddt	1.001E+00	9.888E-01	9.118E-01	54.000	82	87	89
AF-A0A3G1JAD7-F1-model_v4_Q75_lddt	E5Q900_Q75_lddt	1.001E+00	9.887E-01	9.117E-01	54.000	82	87	89
AF-A0A3G1JAD7-F1-model_v4_Q75_lddt	Q0PGR7_Q75_lddt	1.001E+00	9.887E-01	9.117E-01	54.000	82	87	89
AF-A0A3G1JAD7-F1-model_v4_Q75_lddt	Q8VP57_Q75_lddt	1.001E+00	9.886E-01	9.117E-01	54.000	82	87	89
AF-A0A3G1JAD7-F1-model_v4_Q75_lddt	A0A097BQY7_Q75_lddt	1.001E+00	9.885E-01	9.116E-01	54.000	82	87	89
AF-A0A3G1JAD7-F1-model_v4_Q75_lddt	Q2MJC2_Q75_lddt	1.001E+00	9.885E-01	9.115E-01	54.000	82	87	89
AF-A0A3G1JAD7-F1-model_v4_Q75_lddt	Q939H5_Q75_lddt	1.000E+00	9.883E-01	9.114E-01	54.000	82	87	89
AF-A0A3G1JAD7-F1-model_v4_Q75_lddt	F8SQ10_Q75_lddt	1.000E+00	9.881E-01	9.112E-01	54.000	82	87	89
AF-A0A3G1JAD7-F1-model_v4_Q75_lddt	O33677_Q75_lddt	9.849E-01	9.730E-01	9.284E-01	51.700	82	87	86
AF-A0A3G1JAD7-F1-model_v4_Q75_lddt	AF-E4WMC5-F1-model_v6_Q75_lddt	9.772E-01	9.656E-01	9.544E-01	33.700	82	83	83
AF-A0A3G1JAD7-F1-model_v4_Q75_lddt	B0FP98_Q75_lddt	9.990E-01	9.870E-01	9.103E-01	54.000	82	87	89
AF-A0A3G1JAD7-F1-model_v4_Q75_lddt	H2ERK9_Q75_lddt	9.990E-01	9.870E-01	9.103E-01	54.000	82	87	89
AF-A0A3G1JAD7-F1-model_v4_Q75_lddt	Q8VP67_Q75_lddt	9.989E-01	9.869E-01	9.102E-01	54.000	82	87	89
AF-A0A3G1JAD7-F1-model_v4_Q75_lddt	Q8KRG7_Q75_lddt	9.988E-01	9.868E-01	9.101E-01	54.000	82	87	89
AF-A0A3G1JAD7-F1-model_v4_Q75_lddt	J7HZA4_Q75_lddt	9.988E-01	9.867E-01	9.101E-01	54.000	82	87	89
AF-A0A3G1JAD7-F1-model_v4_Q75_lddt	G9MB50_Q75_lddt	9.756E-01	9.641E-01	9.529E-01	36.100	82	83	83
AF-A0A3G1JAD7-F1-model_v4_Q75_lddt	G9MB49_Q75_lddt	9.745E-01	9.630E-01	9.518E-01	34.900	82	83	83
AF-A0A3G1JAD7-F1-model_v4_Q75_lddt	G9M9P7_Q75_lddt	9.744E-01	9.629E-01	9.517E-01	33.700	82	83	83
AF-A0A3G1JAD7-F1-model_v4_Q75_lddt	Q9X6W1_Q75_lddt	9.724E-01	9.609E-01	9.497E-01	33.700	82	83	83
AF-A0A3G1JAD7-F1-model_v4_Q75_lddt	Q5W3A6_Q75_lddt	9.743E-01	9.629E-01	9.407E-01	35.700	82	84	84
AF-A0A3G1JAD7-F1-model_v4_Q75_lddt	A0A0B6VPP7_Q75_lddt	9.678E-01	9.564E-01	9.453E-01	32.500	82	83	83
AF-A0A3G1JAD7-F1-model_v4_Q75_lddt	AF-A0A8E9ZWD0-F1-model_v6_Q75_lddt	9.721E-01	9.607E-01	9.281E-01	30.900	82	84	85
AF-A0A3G1JAD7-F1-model_v4_Q75_lddt	B5L5W7_Q75_lddt	9.721E-01	9.607E-01	9.072E-01	32.900	82	85	87
AF-A0A3G1JAD7-F1-model_v4_Q75_lddt	Q57509_Q75_lddt	9.606E-01	9.494E-01	9.278E-01	33.700	82	83	84
AF-A0A3G1JAD7-F1-model_v4_Q75_lddt	A0A1W5QH29_Q75_lddt	9.586E-01	9.472E-01	9.147E-01	36.700	82	87	85
AF-A0A3G1JAD7-F1-model_v4_Q75_lddt	A0A1W5QCF3_Q75_lddt	9.577E-01	9.464E-01	9.139E-01	36.700	82	87	85
AF-A0A3G1JAD7-F1-model_v4_Q75_lddt	A0A1W5QG57_Q75_lddt	9.565E-01	9.452E-01	9.128E-01	37.900	82	87	85
AF-A0A3G1JAD7-F1-model_v4_Q75_lddt	AF-A0A127SQY3-F1-model_v6_Q75_lddt	9.523E-01	9.412E-01	9.304E-01	27.700	82	83	83
AF-A0A3G1JAD7-F1-model_v4_Q75_lddt	A0A3Q8G682_Q75_lddt	9.601E-01	9.487E-01	9.058E-01	48.200	82	87	86
AF-A0A3G1JAD7-F1-model_v4_Q75_lddt	C8C0I2_Q75_lddt	9.516E-01	9.406E-01	9.298E-01	39.700	82	83	83
AF-A0A3G1JAD7-F1-model_v4_Q75_lddt	A0A0E0SR47_Q75_lddt	9.490E-01	9.378E-01	9.059E-01	35.600	82	87	85
AF-A0A3G1JAD7-F1-model_v4_Q75_lddt	Q9XBM2_Q75_lddt	9.511E-01	9.399E-01	8.978E-01	37.900	82	87	86
AF-A0A3G1JAD7-F1-model_v4_Q75_lddt	AF-F4NA56-F1-model_v4_Q75_lddt	9.471E-01	9.360E-01	9.042E-01	37.900	82	87	85
AF-A0A3G1JAD7-F1-model_v4_Q75_lddt	C8C0D8_Q75_lddt	9.493E-01	9.383E-01	8.969E-01	29.000	82	86	86
AF-A0A3G1JAD7-F1-model_v4_Q75_lddt	Q9X4S7_Q75_lddt	9.465E-01	9.355E-01	8.943E-01	31.300	82	86	86
AF-A0A8E9ZWD0-F1-model_v6_Q75_lddt	AF-A0A8E9ZWD0-F1-model_v6_Q75_lddt	1.012E+00	1.000E+00	1.000E+00	100.000	85	85	85
AF-A0A8E9ZWD0-F1-model_v6_Q75_lddt	AF-E2D9D5-F1-model_v4_Q75_lddt	9.956E-01	9.726E-01	9.840E-01	47.600	85	84	84
AF-A0A8E9ZWD0-F1-model_v6_Q75_lddt	Q5W3A6_Q75_lddt	9.933E-01	9.704E-01	9.817E-01	46.400	85	84	84
AF-A0A8E9ZWD0-F1-model_v6_Q75_lddt	AF-E4WMC5-F1-model_v6_Q75_lddt	9.936E-01	9.592E-01	9.819E-01	54.700	85	84	83
AF-A0A8E9ZWD0-F1-model_v6_Q75_lddt	Q9AMJ7_Q75_lddt	9.927E-01	9.583E-01	9.810E-01	48.800	85	84	83
AF-A0A8E9ZWD0-F1-model_v6_Q75_lddt	A1YTM5_Q75_lddt	9.922E-01	9.579E-01	9.805E-01	48.800	85	84	83
AF-A0A8E9ZWD0-F1-model_v6_Q75_lddt	AF-A0A0D0F642-F1-model_v4_Q75_lddt	9.922E-01	9.578E-01	9.805E-01	48.800	85	84	83
AF-A0A8E9ZWD0-F1-model_v6_Q75_lddt	PER-16_Q75_lddt	9.872E-01	9.646E-01	9.758E-01	51.100	85	84	84
AF-A0A8E9ZWD0-F1-model_v6_Q75_lddt	AF-A0A886X7X6-F1-model_v6_Q75_lddt	9.901E-01	9.673E-01	9.673E-01	52.300	85	84	85
AF-A0A8E9ZWD0-F1-model_v6_Q75_lddt	Q8VT49_Q75_lddt	9.902E-01	9.560E-01	9.785E-01	48.800	85	84	83
AF-A0A8E9ZWD0-F1-model_v6_Q75_lddt	RAA-1_Q75_lddt	9.900E-01	9.558E-01	9.784E-01	44.000	85	84	83
AF-A0A8E9ZWD0-F1-model_v6_Q75_lddt	G9MB50_Q75_lddt	9.873E-01	9.533E-01	9.757E-01	44.000	85	84	83
AF-A0A8E9ZWD0-F1-model_v6_Q75_lddt	Q9RAZ9_Q75_lddt	9.909E-01	9.452E-01	9.790E-01	42.800	85	84	82
AF-A0A8E9ZWD0-F1-model_v6_Q75_lddt	G9MB49_Q75_lddt	9.864E-01	9.524E-01	9.748E-01	44.000	85	84	83
AF-A0A8E9ZWD0-F1-model_v6_Q75_lddt	G9M9P7_Q75_lddt	9.862E-01	9.523E-01	9.747E-01	42.800	85	84	83
AF-A0A8E9ZWD0-F1-model_v6_Q75_lddt	F8T7L4_Q75_lddt	9.852E-01	9.513E-01	9.737E-01	50.000	85	84	83
AF-A0A8E9ZWD0-F1-model_v6_Q75_lddt	Q5XQD3_Q75_lddt	9.850E-01	9.511E-01	9.734E-01	50.000	85	84	83
AF-A0A8E9ZWD0-F1-model_v6_Q75_lddt	D5HSX5_Q75_lddt	9.842E-01	9.504E-01	9.727E-01	51.100	85	84	83
AF-A0A8E9ZWD0-F1-model_v6_Q75_lddt	P74842_Q75_lddt	9.835E-01	9.498E-01	9.720E-01	51.100	85	84	83
AF-A0A8E9ZWD0-F1-model_v6_Q75_lddt	Q9X6W1_Q75_lddt	9.808E-01	9.470E-01	9.693E-01	38.000	85	84	83
AF-A0A8E9ZWD0-F1-model_v6_Q75_lddt	A0A0B6VPP7_Q75_lddt	9.789E-01	9.452E-01	9.674E-01	39.200	85	84	83
AF-A0A8E9ZWD0-F1-model_v6_Q75_lddt	AF-A0A127SQY3-F1-model_v6_Q75_lddt	9.743E-01	9.409E-01	9.629E-01	33.300	85	84	83
AF-A0A8E9ZWD0-F1-model_v6_Q75_lddt	SGM-2_Q75_lddt	9.749E-01	9.528E-01	9.528E-01	39.200	85	84	85
AF-A0A8E9ZWD0-F1-model_v6_Q75_lddt	SGM-3_Q75_lddt	9.750E-01	9.528E-01	9.528E-01	39.200	85	84	85
AF-A0A8E9ZWD0-F1-model_v6_Q75_lddt	Q3SAW3_Q75_lddt	9.705E-01	9.486E-01	9.594E-01	35.700	85	84	84
AF-A0A8E9ZWD0-F1-model_v6_Q75_lddt	AF-J9QX37-F1-model_v4_Q75_lddt	9.811E-01	9.251E-01	9.694E-01	30.900	85	84	81
AF-A0A8E9ZWD0-F1-model_v6_Q75_lddt	GES-44_Q75_lddt	9.686E-01	9.467E-01	9.575E-01	36.900	85	84	84
AF-A0A8E9ZWD0-F1-model_v6_Q75_lddt	AF-Q1NAL0-F1-model_v4_Q75_lddt	9.707E-01	9.487E-01	9.487E-01	39.200	85	84	85
AF-A0A8E9ZWD0-F1-model_v6_Q75_lddt	GES-41_Q75_lddt	9.667E-01	9.449E-01	9.557E-01	36.900	85	84	84
AF-A0A8E9ZWD0-F1-model_v6_Q75_lddt	AF-A0A1J0HSJ3-F1-model_v4_Q75_lddt	9.744E-01	9.301E-01	9.629E-01	35.700	85	84	82
AF-A0A8E9ZWD0-F1-model_v6_Q75_lddt	Q9R429_Q75_lddt	9.774E-01	9.552E-01	9.339E-01	34.400	85	87	87
AF-A0A8E9ZWD0-F1-model_v6_Q75_lddt	Q8GHI3_Q75_lddt	9.769E-01	9.547E-01	9.335E-01	33.300	85	87	87
AF-A0A8E9ZWD0-F1-model_v6_Q75_lddt	C8C0I2_Q75_lddt	9.639E-01	9.308E-01	9.526E-01	37.600	85	85	83
AF-A0A8E9ZWD0-F1-model_v6_Q75_lddt	H9AXM1_Q75_lddt	9.765E-01	9.543E-01	9.331E-01	33.300	85	87	87
AF-A0A8E9ZWD0-F1-model_v6_Q75_lddt	OKP-C-1_Q75_lddt	9.727E-01	9.507E-01	9.400E-01	31.300	85	86	86
AF-A0A8E9ZWD0-F1-model_v6_Q75_lddt	Q2YHX6_Q75_lddt	9.760E-01	9.538E-01	9.326E-01	29.800	85	87	87
AF-A0A8E9ZWD0-F1-model_v6_Q75_lddt	AF-Q6W7F0-F1-model_v4_Q75_lddt	9.757E-01	9.536E-01	9.324E-01	35.600	85	87	87
AF-A0A8E9ZWD0-F1-model_v6_Q75_lddt	AF-A0A3G1JAD7-F1-model_v4_Q75_lddt	9.721E-01	9.281E-01	9.607E-01	30.900	85	84	82
AF-A0A8E9ZWD0-F1-model_v6_Q75_lddt	A0A455LP13_Q75_lddt	9.753E-01	9.532E-01	9.320E-01	31.000	85	87	87
AF-A0A8E9ZWD0-F1-model_v6_Q75_lddt	Q2YHX8_Q75_lddt	9.752E-01	9.531E-01	9.319E-01	29.800	85	87	87
AF-A0A8E9ZWD0-F1-model_v6_Q75_lddt	A0A455LP07_Q75_lddt	9.752E-01	9.531E-01	9.319E-01	31.000	85	87	87
AF-A0A8E9ZWD0-F1-model_v6_Q75_lddt	B5D612_Q75_lddt	9.752E-01	9.531E-01	9.319E-01	31.000	85	87	87
AF-A0A8E9ZWD0-F1-model_v6_Q75_lddt	B8YHZ8_Q75_lddt	9.752E-01	9.530E-01	9.319E-01	29.800	85	87	87
AF-A0A8E9ZWD0-F1-model_v6_Q75_lddt	Q5I6D4_Q75_lddt	9.752E-01	9.530E-01	9.319E-01	29.800	85	87	87
AF-A0A8E9ZWD0-F1-model_v6_Q75_lddt	B5D620_Q75_lddt	9.752E-01	9.530E-01	9.318E-01	29.800	85	87	87
AF-A0A8E9ZWD0-F1-model_v6_Q75_lddt	A0A455LP02_Q75_lddt	9.751E-01	9.530E-01	9.318E-01	31.000	85	87	87
AF-A0A8E9ZWD0-F1-model_v6_Q75_lddt	B7FDD9_Q75_lddt	9.719E-01	9.279E-01	9.605E-01	30.900	85	84	82
AF-A0A8E9ZWD0-F1-model_v6_Q75_lddt	E9NST5_Q75_lddt	9.751E-01	9.529E-01	9.318E-01	31.000	85	87	87
AF-A0A8E9ZWD0-F1-model_v6_Q75_lddt	Q5PU78_Q75_lddt	9.749E-01	9.527E-01	9.316E-01	31.000	85	87	87
AF-A0A8E9ZWD0-F1-model_v6_Q75_lddt	Q84H48_Q75_lddt	9.748E-01	9.527E-01	9.316E-01	31.000	85	87	87
AF-A0A8E9ZWD0-F1-model_v6_Q75_lddt	R4ISB3_Q75_lddt	9.749E-01	9.528E-01	9.316E-01	31.000	85	87	87
AF-A0A8E9ZWD0-F1-model_v6_Q75_lddt	A0A0P0IGT7_Q75_lddt	9.748E-01	9.526E-01	9.315E-01	31.000	85	87	87
AF-A0A8E9ZWD0-F1-model_v6_Q75_lddt	A0A455LS80_Q75_lddt	9.746E-01	9.524E-01	9.313E-01	31.000	85	87	87
AF-A0A8E9ZWD0-F1-model_v6_Q75_lddt	Q6R5M7_Q75_lddt	9.742E-01	9.521E-01	9.310E-01	31.000	85	87	87
AF-A0A8E9ZWD0-F1-model_v6_Q75_lddt	C5HUY1_Q75_lddt	9.632E-01	9.415E-01	9.522E-01	36.900	85	84	84
AF-A0A8E9ZWD0-F1-model_v6_Q75_lddt	A0A097ZLX5_Q75_lddt	9.631E-01	9.415E-01	9.522E-01	36.900	85	84	84
AF-A0A8E9ZWD0-F1-model_v6_Q75_lddt	Q2YHZ2_Q75_lddt	9.741E-01	9.520E-01	9.309E-01	29.800	85	87	87
AF-A0A8E9ZWD0-F1-model_v6_Q75_lddt	Q2YHZ5_Q75_lddt	9.736E-01	9.516E-01	9.305E-01	29.800	85	87	87
AF-A0A8E9ZWD0-F1-model_v6_Q75_lddt	Q84H47_Q75_lddt	9.736E-01	9.515E-01	9.304E-01	31.000	85	87	87
AF-A0A8E9ZWD0-F1-model_v6_Q75_lddt	Q6ZY77_Q75_lddt	9.735E-01	9.514E-01	9.304E-01	29.800	85	87	87
AF-A0A8E9ZWD0-F1-model_v6_Q75_lddt	C6GC02_Q75_lddt	9.625E-01	9.409E-01	9.516E-01	35.700	85	84	84
AF-A0A8E9ZWD0-F1-model_v6_Q75_lddt	Q6ZY74_Q75_lddt	9.735E-01	9.514E-01	9.303E-01	29.800	85	87	87
AF-A0A8E9ZWD0-F1-model_v6_Q75_lddt	SGM-5_Q75_lddt	9.653E-01	9.436E-01	9.436E-01	38.000	85	84	85
AF-A0A8E9ZWD0-F1-model_v6_Q75_lddt	C8CE59_Q75_lddt	9.626E-01	9.407E-01	9.407E-01	31.300	85	86	85
AF-A0A8E9ZWD0-F1-model_v6_Q75_lddt	Q8VQV7_Q75_lddt	9.733E-01	9.513E-01	9.302E-01	31.000	85	87	87
AF-A0A8E9ZWD0-F1-model_v6_Q75_lddt	Q2YHZ3_Q75_lddt	9.733E-01	9.513E-01	9.302E-01	29.800	85	87	87
AF-A0A8E9ZWD0-F1-model_v6_Q75_lddt	Q2YHY7_Q75_lddt	9.732E-01	9.511E-01	9.301E-01	29.800	85	87	87
AF-A0A8E9ZWD0-F1-model_v6_Q75_lddt	Q2YHZ0_Q75_lddt	9.731E-01	9.511E-01	9.300E-01	29.800	85	87	87
AF-A0A8E9ZWD0-F1-model_v6_Q75_lddt	C8CE60_Q75_lddt	9.607E-01	9.390E-01	9.390E-01	31.300	85	86	85
AF-A0A8E9ZWD0-F1-model_v6_Q75_lddt	Q6ZY58_Q75_lddt	9.708E-01	9.488E-01	9.278E-01	29.800	85	87	87
AF-A0A8E9ZWD0-F1-model_v6_Q75_lddt	A0A2Z2Z6H0_Q75_lddt	9.584E-01	9.369E-01	9.476E-01	34.500	85	84	84
AF-A0A8E9ZWD0-F1-model_v6_Q75_lddt	OKP-D-1_Q75_lddt	9.692E-01	9.473E-01	9.264E-01	29.800	85	87	87
AF-A0A8E9ZWD0-F1-model_v6_Q75_lddt	Q8VP57_Q75_lddt	9.763E-01	9.541E-01	9.126E-01	31.000	85	87	89
AF-A0A8E9ZWD0-F1-model_v6_Q75_lddt	A0ZX91_Q75_lddt	9.763E-01	9.541E-01	9.126E-01	31.000	85	87	89
AF-A0A8E9ZWD0-F1-model_v6_Q75_lddt	D5LGB4_Q75_lddt	9.762E-01	9.540E-01	9.126E-01	31.000	85	87	89
AF-A0A8E9ZWD0-F1-model_v6_Q75_lddt	AF-A0A867XYA1-F1-model_v4_Q75_lddt	9.726E-01	9.506E-01	9.194E-01	27.900	85	86	88
AF-A0A8E9ZWD0-F1-model_v6_Q75_lddt	F8SQ10_Q75_lddt	9.761E-01	9.539E-01	9.124E-01	31.000	85	87	89
AF-A0A8E9ZWD0-F1-model_v6_Q75_lddt	B9U2I6_Q75_lddt	9.761E-01	9.539E-01	9.124E-01	31.000	85	87	89
AF-A0A8E9ZWD0-F1-model_v6_Q75_lddt	A0A2P9E069_Q75_lddt	9.761E-01	9.539E-01	9.124E-01	31.000	85	87	89
AF-A0A8E9ZWD0-F1-model_v6_Q75_lddt	A0ZX80_Q75_lddt	9.761E-01	9.539E-01	9.124E-01	31.000	85	87	89
AF-A0A8E9ZWD0-F1-model_v6_Q75_lddt	S4TWB0_Q75_lddt	9.760E-01	9.538E-01	9.123E-01	31.000	85	87	89
AF-A0A8E9ZWD0-F1-model_v6_Q75_lddt	E5Q900_Q75_lddt	9.758E-01	9.536E-01	9.121E-01	31.000	85	87	89
AF-A0A8E9ZWD0-F1-model_v6_Q75_lddt	Q0PGR7_Q75_lddt	9.756E-01	9.535E-01	9.120E-01	31.000	85	87	89
AF-A0A8E9ZWD0-F1-model_v6_Q75_lddt	AF-P18251-F1-model_v4_Q75_lddt	9.718E-01	9.498E-01	9.186E-01	29.000	85	86	88
AF-A0A8E9ZWD0-F1-model_v6_Q75_lddt	C0LSK3_Q75_lddt	9.724E-01	9.394E-01	9.289E-01	29.000	85	86	86
AF-A0A8E9ZWD0-F1-model_v6_Q75_lddt	O33677_Q75_lddt	9.608E-01	9.390E-01	9.285E-01	32.100	85	87	86
AF-A0A8E9ZWD0-F1-model_v6_Q75_lddt	H2ERK9_Q75_lddt	9.752E-01	9.530E-01	9.116E-01	31.000	85	87	89
AF-A0A8E9ZWD0-F1-model_v6_Q75_lddt	A3FFR2_Q75_lddt	9.751E-01	9.530E-01	9.116E-01	31.000	85	87	89
AF-A0A8E9ZWD0-F1-model_v6_Q75_lddt	E5G517_Q75_lddt	9.751E-01	9.530E-01	9.115E-01	31.000	85	87	89
AF-A0A8E9ZWD0-F1-model_v6_Q75_lddt	Q939H3_Q75_lddt	9.751E-01	9.530E-01	9.116E-01	31.000	85	87	89
AF-A0A8E9ZWD0-F1-model_v6_Q75_lddt	Q939H5_Q75_lddt	9.750E-01	9.529E-01	9.115E-01	29.800	85	87	89
AF-A0A8E9ZWD0-F1-model_v6_Q75_lddt	Q2MJC2_Q75_lddt	9.749E-01	9.528E-01	9.114E-01	31.000	85	87	89
AF-A0A8E9ZWD0-F1-model_v6_Q75_lddt	B5L5W7_Q75_lddt	9.655E-01	9.437E-01	9.228E-01	35.200	85	85	87
AF-A0A8E9ZWD0-F1-model_v6_Q75_lddt	B0FP98_Q75_lddt	9.746E-01	9.525E-01	9.111E-01	31.000	85	87	89
AF-A0A8E9ZWD0-F1-model_v6_Q75_lddt	Q9XBM2_Q75_lddt	9.575E-01	9.357E-01	9.252E-01	29.800	85	87	86
AF-A0A8E9ZWD0-F1-model_v6_Q75_lddt	Q8VP67_Q75_lddt	9.739E-01	9.518E-01	9.105E-01	31.000	85	87	89
AF-A0A8E9ZWD0-F1-model_v6_Q75_lddt	A0A097BQY7_Q75_lddt	9.738E-01	9.517E-01	9.104E-01	31.000	85	87	89
AF-A0A8E9ZWD0-F1-model_v6_Q75_lddt	J7HZA4_Q75_lddt	9.735E-01	9.515E-01	9.102E-01	31.000	85	87	89
AF-A0A8E9ZWD0-F1-model_v6_Q75_lddt	Q8KRG7_Q75_lddt	9.733E-01	9.512E-01	9.100E-01	31.000	85	87	89
AF-A0A8E9ZWD0-F1-model_v6_Q75_lddt	P14171_Q75_lddt	9.577E-01	9.363E-01	9.363E-01	28.200	85	85	85
AF-A0A8E9ZWD0-F1-model_v6_Q75_lddt	Q57509_Q75_lddt	9.564E-01	9.239E-01	9.344E-01	40.000	85	85	84
AF-A0A8E9ZWD0-F1-model_v6_Q75_lddt	A0A0E0SR47_Q75_lddt	9.422E-01	9.210E-01	9.210E-01	36.700	85	87	85
AF-A0A8E9ZWD0-F1-model_v6_Q75_lddt	C8C0D8_Q75_lddt	9.396E-01	9.183E-01	9.081E-01	32.900	85	88	86
AF-A0A8E9ZWD0-F1-model_v6_Q75_lddt	A0A1W5QH29_Q75_lddt	9.370E-01	9.160E-01	9.160E-01	36.700	85	87	85
AF-A0A8E9ZWD0-F1-model_v6_Q75_lddt	AF-F4NA56-F1-model_v4_Q75_lddt	9.368E-01	9.158E-01	9.158E-01	32.100	85	87	85
AF-A0A8E9ZWD0-F1-model_v6_Q75_lddt	Q9X4S7_Q75_lddt	9.374E-01	9.162E-01	9.060E-01	31.800	85	88	86
AF-A0A8E9ZWD0-F1-model_v6_Q75_lddt	A0A1W5QCF3_Q75_lddt	9.357E-01	9.148E-01	9.148E-01	37.900	85	87	85
AF-A0A8E9ZWD0-F1-model_v6_Q75_lddt	A0A3Q8G682_Q75_lddt	9.397E-01	9.187E-01	9.086E-01	32.100	85	87	86
AF-A0A8E9ZWD0-F1-model_v6_Q75_lddt	A0A1W5QG57_Q75_lddt	9.335E-01	9.126E-01	9.126E-01	36.700	85	87	85
AF-P18251-F1-model_v4_Q75_lddt	AF-P18251-F1-model_v4_Q75_lddt	1.011E+00	1.000E+00	1.000E+00	100.000	88	88	88
AF-P18251-F1-model_v4_Q75_lddt	AF-A0A867XYA1-F1-model_v4_Q75_lddt	1.008E+00	9.965E-01	9.965E-01	86.300	88	88	88
AF-P18251-F1-model_v4_Q75_lddt	Q939H3_Q75_lddt	1.009E+00	9.971E-01	9.860E-01	87.600	88	89	89
AF-P18251-F1-model_v4_Q75_lddt	E5Q900_Q75_lddt	1.008E+00	9.966E-01	9.855E-01	95.500	88	89	89
AF-P18251-F1-model_v4_Q75_lddt	A0ZX91_Q75_lddt	1.008E+00	9.965E-01	9.854E-01	95.500	88	89	89
AF-P18251-F1-model_v4_Q75_lddt	D5LGB4_Q75_lddt	1.008E+00	9.965E-01	9.854E-01	95.500	88	89	89
AF-P18251-F1-model_v4_Q75_lddt	A3FFR2_Q75_lddt	1.008E+00	9.965E-01	9.853E-01	95.500	88	89	89
AF-P18251-F1-model_v4_Q75_lddt	B9U2I6_Q75_lddt	1.008E+00	9.965E-01	9.853E-01	95.500	88	89	89
AF-P18251-F1-model_v4_Q75_lddt	A0A2P9E069_Q75_lddt	1.008E+00	9.964E-01	9.853E-01	95.500	88	89	89
AF-P18251-F1-model_v4_Q75_lddt	S4TWB0_Q75_lddt	1.008E+00	9.963E-01	9.852E-01	95.500	88	89	89
AF-P18251-F1-model_v4_Q75_lddt	A0ZX80_Q75_lddt	1.008E+00	9.963E-01	9.851E-01	95.500	88	89	89
AF-P18251-F1-model_v4_Q75_lddt	A0A097BQY7_Q75_lddt	1.008E+00	9.962E-01	9.851E-01	95.500	88	89	89
AF-P18251-F1-model_v4_Q75_lddt	Q0PGR7_Q75_lddt	1.008E+00	9.962E-01	9.851E-01	94.300	88	89	89
AF-P18251-F1-model_v4_Q75_lddt	E5G517_Q75_lddt	1.008E+00	9.961E-01	9.850E-01	95.500	88	89	89
AF-P18251-F1-model_v4_Q75_lddt	Q8VP57_Q75_lddt	1.008E+00	9.961E-01	9.850E-01	95.500	88	89	89
AF-P18251-F1-model_v4_Q75_lddt	Q2MJC2_Q75_lddt	1.007E+00	9.959E-01	9.848E-01	95.500	88	89	89
AF-P18251-F1-model_v4_Q75_lddt	Q8VP67_Q75_lddt	1.007E+00	9.959E-01	9.847E-01	95.500	88	89	89
AF-P18251-F1-model_v4_Q75_lddt	B0FP98_Q75_lddt	1.007E+00	9.956E-01	9.844E-01	94.300	88	89	89
AF-P18251-F1-model_v4_Q75_lddt	Q939H5_Q75_lddt	1.007E+00	9.956E-01	9.844E-01	94.300	88	89	89
AF-P18251-F1-model_v4_Q75_lddt	H2ERK9_Q75_lddt	1.007E+00	9.956E-01	9.844E-01	95.500	88	89	89
AF-P18251-F1-model_v4_Q75_lddt	Q8KRG7_Q75_lddt	1.007E+00	9.955E-01	9.843E-01	94.300	88	89	89
AF-P18251-F1-model_v4_Q75_lddt	J7HZA4_Q75_lddt	1.007E+00	9.952E-01	9.841E-01	94.300	88	89	89
AF-P18251-F1-model_v4_Q75_lddt	F8SQ10_Q75_lddt	1.006E+00	9.946E-01	9.835E-01	95.500	88	89	89
AF-P18251-F1-model_v4_Q75_lddt	OKP-C-1_Q75_lddt	1.010E+00	9.755E-01	9.982E-01	94.100	88	86	86
AF-P18251-F1-model_v4_Q75_lddt	Q2YHY7_Q75_lddt	1.010E+00	9.755E-01	9.867E-01	89.600	88	87	87
AF-P18251-F1-model_v4_Q75_lddt	Q84H47_Q75_lddt	1.010E+00	9.754E-01	9.866E-01	87.300	88	87	87
AF-P18251-F1-model_v4_Q75_lddt	Q8VQV7_Q75_lddt	1.010E+00	9.754E-01	9.866E-01	87.300	88	87	87
AF-P18251-F1-model_v4_Q75_lddt	AF-Q6W7F0-F1-model_v4_Q75_lddt	1.010E+00	9.752E-01	9.864E-01	79.300	88	87	87
AF-P18251-F1-model_v4_Q75_lddt	Q6ZY77_Q75_lddt	1.009E+00	9.751E-01	9.863E-01	88.500	88	87	87
AF-P18251-F1-model_v4_Q75_lddt	B8YHZ8_Q75_lddt	1.009E+00	9.750E-01	9.862E-01	89.600	88	87	87
AF-P18251-F1-model_v4_Q75_lddt	Q84H48_Q75_lddt	1.009E+00	9.750E-01	9.862E-01	87.300	88	87	87
AF-P18251-F1-model_v4_Q75_lddt	Q2YHZ3_Q75_lddt	1.009E+00	9.750E-01	9.862E-01	89.600	88	87	87
AF-P18251-F1-model_v4_Q75_lddt	A0A455LS80_Q75_lddt	1.009E+00	9.750E-01	9.861E-01	89.600	88	87	87
AF-P18251-F1-model_v4_Q75_lddt	B5D620_Q75_lddt	1.009E+00	9.750E-01	9.861E-01	89.600	88	87	87
AF-P18251-F1-model_v4_Q75_lddt	Q2YHZ5_Q75_lddt	1.009E+00	9.750E-01	9.861E-01	89.600	88	87	87
AF-P18251-F1-model_v4_Q75_lddt	Q2YHZ0_Q75_lddt	1.009E+00	9.749E-01	9.861E-01	89.600	88	87	87
AF-P18251-F1-model_v4_Q75_lddt	Q5I6D4_Q75_lddt	1.009E+00	9.749E-01	9.861E-01	90.800	88	87	87
AF-P18251-F1-model_v4_Q75_lddt	Q2YHX8_Q75_lddt	1.009E+00	9.749E-01	9.861E-01	90.800	88	87	87
AF-P18251-F1-model_v4_Q75_lddt	B5D612_Q75_lddt	1.009E+00	9.748E-01	9.860E-01	88.500	88	87	87
AF-P18251-F1-model_v4_Q75_lddt	Q2YHZ2_Q75_lddt	1.009E+00	9.748E-01	9.860E-01	89.600	88	87	87
AF-P18251-F1-model_v4_Q75_lddt	A0A0P0IGT7_Q75_lddt	1.009E+00	9.747E-01	9.859E-01	88.500	88	87	87
AF-P18251-F1-model_v4_Q75_lddt	A0A455LP07_Q75_lddt	1.009E+00	9.747E-01	9.859E-01	88.500	88	87	87
AF-P18251-F1-model_v4_Q75_lddt	OKP-D-1_Q75_lddt	1.009E+00	9.747E-01	9.858E-01	87.300	88	87	87
AF-P18251-F1-model_v4_Q75_lddt	Q2YHX6_Q75_lddt	1.009E+00	9.747E-01	9.858E-01	90.800	88	87	87
AF-P18251-F1-model_v4_Q75_lddt	A0A455LP02_Q75_lddt	1.009E+00	9.747E-01	9.858E-01	88.500	88	87	87
AF-P18251-F1-model_v4_Q75_lddt	E9NST5_Q75_lddt	1.009E+00	9.747E-01	9.858E-01	86.200	88	87	87
AF-P18251-F1-model_v4_Q75_lddt	R4ISB3_Q75_lddt	1.009E+00	9.746E-01	9.858E-01	88.500	88	87	87
AF-P18251-F1-model_v4_Q75_lddt	Q5PU78_Q75_lddt	1.009E+00	9.746E-01	9.858E-01	89.600	88	87	87
AF-P18251-F1-model_v4_Q75_lddt	Q6ZY74_Q75_lddt	1.009E+00	9.746E-01	9.858E-01	89.600	88	87	87
AF-P18251-F1-model_v4_Q75_lddt	A0A455LP13_Q75_lddt	1.009E+00	9.746E-01	9.857E-01	88.500	88	87	87
AF-P18251-F1-model_v4_Q75_lddt	C8CE59_Q75_lddt	1.009E+00	9.632E-01	9.971E-01	95.300	88	86	85
AF-P18251-F1-model_v4_Q75_lddt	H9AXM1_Q75_lddt	1.009E+00	9.745E-01	9.856E-01	74.700	88	87	87
AF-P18251-F1-model_v4_Q75_lddt	Q9R429_Q75_lddt	1.009E+00	9.744E-01	9.855E-01	77.000	88	87	87
AF-P18251-F1-model_v4_Q75_lddt	Q6ZY58_Q75_lddt	1.009E+00	9.743E-01	9.855E-01	88.500	88	87	87
AF-P18251-F1-model_v4_Q75_lddt	Q8GHI3_Q75_lddt	1.009E+00	9.742E-01	9.854E-01	75.800	88	87	87
AF-P18251-F1-model_v4_Q75_lddt	Q6R5M7_Q75_lddt	1.008E+00	9.741E-01	9.853E-01	89.600	88	87	87
AF-P18251-F1-model_v4_Q75_lddt	C8CE60_Q75_lddt	1.008E+00	9.628E-01	9.967E-01	95.300	88	86	85
AF-P18251-F1-model_v4_Q75_lddt	C0LSK3_Q75_lddt	1.010E+00	9.646E-01	9.870E-01	89.500	88	86	86
AF-P18251-F1-model_v4_Q75_lddt	O33677_Q75_lddt	9.914E-01	9.579E-01	9.800E-01	74.700	88	87	86
AF-P18251-F1-model_v4_Q75_lddt	B7FDD9_Q75_lddt	1.011E+00	9.308E-01	9.988E-01	91.800	88	86	82
AF-P18251-F1-model_v4_Q75_lddt	P14171_Q75_lddt	9.942E-01	9.497E-01	9.826E-01	55.800	88	86	85
AF-P18251-F1-model_v4_Q75_lddt	C5HUY1_Q75_lddt	9.978E-01	9.419E-01	9.861E-01	47.600	88	86	84
AF-P18251-F1-model_v4_Q75_lddt	C6GC02_Q75_lddt	9.978E-01	9.418E-01	9.860E-01	46.500	88	86	84
AF-P18251-F1-model_v4_Q75_lddt	A0A097ZLX5_Q75_lddt	9.977E-01	9.418E-01	9.860E-01	47.600	88	86	84
AF-P18251-F1-model_v4_Q75_lddt	Q3SAW3_Q75_lddt	9.970E-01	9.411E-01	9.853E-01	54.600	88	86	84
AF-P18251-F1-model_v4_Q75_lddt	AF-A0A1J0HSJ3-F1-model_v4_Q75_lddt	1.005E+00	9.256E-01	9.929E-01	51.100	88	86	82
AF-P18251-F1-model_v4_Q75_lddt	AF-A0A3G1JAD7-F1-model_v4_Q75_lddt	1.005E+00	9.253E-01	9.925E-01	52.300	88	86	82
AF-P18251-F1-model_v4_Q75_lddt	SGM-2_Q75_lddt	9.998E-01	9.436E-01	9.766E-01	52.300	88	86	85
AF-P18251-F1-model_v4_Q75_lddt	SGM-3_Q75_lddt	9.998E-01	9.436E-01	9.765E-01	52.300	88	86	85
AF-P18251-F1-model_v4_Q75_lddt	GES-41_Q75_lddt	9.954E-01	9.397E-01	9.837E-01	47.600	88	86	84
AF-P18251-F1-model_v4_Q75_lddt	GES-44_Q75_lddt	9.951E-01	9.394E-01	9.834E-01	47.600	88	86	84
AF-P18251-F1-model_v4_Q75_lddt	SGM-5_Q75_lddt	9.933E-01	9.379E-01	9.704E-01	48.800	88	86	85
AF-P18251-F1-model_v4_Q75_lddt	PER-16_Q75_lddt	9.873E-01	9.325E-01	9.758E-01	40.600	88	86	84
AF-P18251-F1-model_v4_Q75_lddt	AF-Q1NAL0-F1-model_v4_Q75_lddt	9.910E-01	9.358E-01	9.681E-01	52.300	88	86	85
AF-P18251-F1-model_v4_Q75_lddt	AF-A0A886X7X6-F1-model_v6_Q75_lddt	9.884E-01	9.335E-01	9.657E-01	30.200	88	86	85
AF-P18251-F1-model_v4_Q75_lddt	AF-E2D9D5-F1-model_v4_Q75_lddt	9.840E-01	9.296E-01	9.726E-01	31.300	88	86	84
AF-P18251-F1-model_v4_Q75_lddt	Q9AMJ7_Q75_lddt	9.881E-01	9.222E-01	9.765E-01	29.000	88	86	83
AF-P18251-F1-model_v4_Q75_lddt	A1YTM5_Q75_lddt	9.876E-01	9.218E-01	9.760E-01	29.000	88	86	83
AF-P18251-F1-model_v4_Q75_lddt	A0A2Z2Z6H0_Q75_lddt	9.825E-01	9.282E-01	9.712E-01	46.500	88	86	84
AF-P18251-F1-model_v4_Q75_lddt	D5HSX5_Q75_lddt	9.864E-01	9.207E-01	9.748E-01	40.600	88	86	83
AF-P18251-F1-model_v4_Q75_lddt	F8T7L4_Q75_lddt	9.849E-01	9.194E-01	9.733E-01	37.200	88	86	83
AF-P18251-F1-model_v4_Q75_lddt	Q5XQD3_Q75_lddt	9.848E-01	9.193E-01	9.732E-01	37.200	88	86	83
AF-P18251-F1-model_v4_Q75_lddt	P74842_Q75_lddt	9.847E-01	9.192E-01	9.732E-01	38.300	88	86	83
AF-P18251-F1-model_v4_Q75_lddt	RAA-1_Q75_lddt	9.830E-01	9.177E-01	9.715E-01	32.500	88	86	83
AF-P18251-F1-model_v4_Q75_lddt	Q8VT49_Q75_lddt	9.824E-01	9.173E-01	9.709E-01	30.200	88	86	83
AF-P18251-F1-model_v4_Q75_lddt	A0A1W5QH29_Q75_lddt	9.702E-01	9.273E-01	9.592E-01	35.600	88	87	85
AF-P18251-F1-model_v4_Q75_lddt	AF-A0A0D0F642-F1-model_v4_Q75_lddt	9.817E-01	9.166E-01	9.703E-01	30.200	88	86	83
AF-P18251-F1-model_v4_Q75_lddt	A0A1W5QCF3_Q75_lddt	9.694E-01	9.266E-01	9.584E-01	35.600	88	87	85
AF-P18251-F1-model_v4_Q75_lddt	A0A3Q8G682_Q75_lddt	9.622E-01	9.303E-01	9.514E-01	49.400	88	87	86
AF-P18251-F1-model_v4_Q75_lddt	Q5W3A6_Q75_lddt	9.760E-01	9.224E-01	9.648E-01	32.500	88	86	84
AF-P18251-F1-model_v4_Q75_lddt	AF-E4WMC5-F1-model_v6_Q75_lddt	9.778E-01	9.132E-01	9.664E-01	33.700	88	86	83
AF-P18251-F1-model_v4_Q75_lddt	G9MB50_Q75_lddt	9.777E-01	9.131E-01	9.663E-01	30.200	88	86	83
AF-P18251-F1-model_v4_Q75_lddt	A0A1W5QG57_Q75_lddt	9.662E-01	9.236E-01	9.552E-01	35.600	88	87	85
AF-P18251-F1-model_v4_Q75_lddt	G9M9P7_Q75_lddt	9.771E-01	9.126E-01	9.657E-01	29.000	88	86	83
AF-P18251-F1-model_v4_Q75_lddt	G9MB49_Q75_lddt	9.770E-01	9.124E-01	9.656E-01	30.200	88	86	83
AF-P18251-F1-model_v4_Q75_lddt	B5L5W7_Q75_lddt	9.735E-01	9.306E-01	9.410E-01	38.300	88	86	87
AF-P18251-F1-model_v4_Q75_lddt	AF-J9QX37-F1-model_v4_Q75_lddt	9.820E-01	8.952E-01	9.703E-01	27.900	88	86	81
AF-P18251-F1-model_v4_Q75_lddt	Q9X6W1_Q75_lddt	9.716E-01	9.075E-01	9.603E-01	30.200	88	86	83
AF-P18251-F1-model_v4_Q75_lddt	Q9XBM2_Q75_lddt	9.545E-01	9.231E-01	9.438E-01	40.200	88	87	86
AF-P18251-F1-model_v4_Q75_lddt	Q9RAZ9_Q75_lddt	9.766E-01	9.014E-01	9.651E-01	30.200	88	86	82
AF-P18251-F1-model_v4_Q75_lddt	AF-A0A8E9ZWD0-F1-model_v6_Q75_lddt	9.718E-01	9.186E-01	9.498E-01	29.000	88	86	85
AF-P18251-F1-model_v4_Q75_lddt	A0A0B6VPP7_Q75_lddt	9.682E-01	9.045E-01	9.570E-01	29.000	88	86	83
AF-P18251-F1-model_v4_Q75_lddt	A0A0E0SR47_Q75_lddt	9.572E-01	9.154E-01	9.464E-01	37.900	88	87	85
AF-P18251-F1-model_v4_Q75_lddt	AF-F4NA56-F1-model_v4_Q75_lddt	9.533E-01	9.118E-01	9.426E-01	35.600	88	87	85
AF-P18251-F1-model_v4_Q75_lddt	AF-A0A127SQY3-F1-model_v6_Q75_lddt	9.539E-01	8.918E-01	9.430E-01	24.400	88	86	83
AF-P18251-F1-model_v4_Q75_lddt	Q57509_Q75_lddt	9.520E-01	8.896E-01	9.303E-01	27.500	88	87	84
AF-P18251-F1-model_v4_Q75_lddt	C8C0I2_Q75_lddt	9.451E-01	8.838E-01	9.343E-01	30.200	88	86	83
AF-P18251-F1-model_v4_Q75_lddt	C8C0D8_Q75_lddt	9.200E-01	8.903E-01	9.099E-01	25.000	88	88	86
AF-P18251-F1-model_v4_Q75_lddt	Q9X4S7_Q75_lddt	9.167E-01	8.872E-01	9.066E-01	27.200	88	88	86
B5L5W7_Q75_lddt	B5L5W7_Q75_lddt	1.012E+00	1.000E+00	1.000E+00	100.000	87	87	87
B5L5W7_Q75_lddt	SGM-2_Q75_lddt	9.765E-01	9.329E-01	9.542E-01	35.200	87	85	85
B5L5W7_Q75_lddt	SGM-3_Q75_lddt	9.765E-01	9.328E-01	9.542E-01	35.200	87	85	85
B5L5W7_Q75_lddt	Q9AMJ7_Q75_lddt	9.742E-01	9.199E-01	9.628E-01	35.200	87	85	83
B5L5W7_Q75_lddt	AF-A0A886X7X6-F1-model_v6_Q75_lddt	9.652E-01	9.331E-01	9.542E-01	37.200	87	86	85
B5L5W7_Q75_lddt	A1YTM5_Q75_lddt	9.737E-01	9.194E-01	9.623E-01	35.200	87	85	83
B5L5W7_Q75_lddt	OKP-C-1_Q75_lddt	9.685E-01	9.363E-01	9.468E-01	37.200	87	86	86
B5L5W7_Q75_lddt	Q8VQV7_Q75_lddt	9.713E-01	9.389E-01	9.389E-01	36.700	87	87	87
B5L5W7_Q75_lddt	SGM-5_Q75_lddt	9.709E-01	9.277E-01	9.488E-01	37.600	87	85	85
B5L5W7_Q75_lddt	AF-Q6W7F0-F1-model_v4_Q75_lddt	9.709E-01	9.385E-01	9.385E-01	36.700	87	87	87
B5L5W7_Q75_lddt	Q84H47_Q75_lddt	9.707E-01	9.383E-01	9.383E-01	36.700	87	87	87
B5L5W7_Q75_lddt	Q2YHY7_Q75_lddt	9.705E-01	9.382E-01	9.382E-01	39.000	87	87	87
B5L5W7_Q75_lddt	Q6ZY77_Q75_lddt	9.704E-01	9.381E-01	9.381E-01	37.900	87	87	87
B5L5W7_Q75_lddt	H9AXM1_Q75_lddt	9.703E-01	9.380E-01	9.380E-01	33.300	87	87	87
B5L5W7_Q75_lddt	Q8GHI3_Q75_lddt	9.703E-01	9.380E-01	9.380E-01	33.300	87	87	87
B5L5W7_Q75_lddt	Q2YHZ0_Q75_lddt	9.702E-01	9.379E-01	9.379E-01	39.000	87	87	87
B5L5W7_Q75_lddt	Q2YHZ3_Q75_lddt	9.701E-01	9.378E-01	9.378E-01	39.000	87	87	87
B5L5W7_Q75_lddt	Q9R429_Q75_lddt	9.701E-01	9.378E-01	9.378E-01	33.300	87	87	87
B5L5W7_Q75_lddt	Q2YHZ5_Q75_lddt	9.700E-01	9.377E-01	9.377E-01	39.000	87	87	87
B5L5W7_Q75_lddt	Q2YHZ2_Q75_lddt	9.699E-01	9.376E-01	9.376E-01	39.000	87	87	87
B5L5W7_Q75_lddt	AF-E2D9D5-F1-model_v4_Q75_lddt	9.661E-01	9.233E-01	9.550E-01	34.100	87	85	84
B5L5W7_Q75_lddt	Q5PU78_Q75_lddt	9.698E-01	9.375E-01	9.375E-01	40.200	87	87	87
B5L5W7_Q75_lddt	Q6ZY74_Q75_lddt	9.697E-01	9.374E-01	9.374E-01	39.000	87	87	87
B5L5W7_Q75_lddt	AF-P18251-F1-model_v4_Q75_lddt	9.735E-01	9.410E-01	9.306E-01	38.300	87	86	88
B5L5W7_Q75_lddt	AF-A0A1J0HSJ3-F1-model_v4_Q75_lddt	9.739E-01	9.088E-01	9.624E-01	38.800	87	85	82
B5L5W7_Q75_lddt	C8CE59_Q75_lddt	9.583E-01	9.264E-01	9.474E-01	38.300	87	86	85
B5L5W7_Q75_lddt	B5D620_Q75_lddt	9.690E-01	9.368E-01	9.368E-01	39.000	87	87	87
B5L5W7_Q75_lddt	B8YHZ8_Q75_lddt	9.690E-01	9.368E-01	9.368E-01	39.000	87	87	87
B5L5W7_Q75_lddt	A0A455LS80_Q75_lddt	9.690E-01	9.368E-01	9.368E-01	37.900	87	87	87
B5L5W7_Q75_lddt	Q6R5M7_Q75_lddt	9.689E-01	9.366E-01	9.366E-01	40.200	87	87	87
B5L5W7_Q75_lddt	Q5I6D4_Q75_lddt	9.689E-01	9.367E-01	9.367E-01	39.000	87	87	87
B5L5W7_Q75_lddt	PER-16_Q75_lddt	9.644E-01	9.217E-01	9.533E-01	44.700	87	85	84
B5L5W7_Q75_lddt	Q2YHX8_Q75_lddt	9.688E-01	9.366E-01	9.366E-01	39.000	87	87	87
B5L5W7_Q75_lddt	Q6ZY58_Q75_lddt	9.685E-01	9.363E-01	9.363E-01	39.000	87	87	87
B5L5W7_Q75_lddt	B5D612_Q75_lddt	9.685E-01	9.363E-01	9.363E-01	37.900	87	87	87
B5L5W7_Q75_lddt	Q84H48_Q75_lddt	9.685E-01	9.363E-01	9.363E-01	36.700	87	87	87
B5L5W7_Q75_lddt	A0A0P0IGT7_Q75_lddt	9.685E-01	9.363E-01	9.363E-01	37.900	87	87	87
B5L5W7_Q75_lddt	Q2YHX6_Q75_lddt	9.684E-01	9.362E-01	9.362E-01	39.000	87	87	87
B5L5W7_Q75_lddt	A0A455LP07_Q75_lddt	9.683E-01	9.361E-01	9.361E-01	36.700	87	87	87
B5L5W7_Q75_lddt	P14171_Q75_lddt	9.600E-01	9.283E-01	9.492E-01	30.500	87	85	85
B5L5W7_Q75_lddt	A0A455LP02_Q75_lddt	9.681E-01	9.359E-01	9.359E-01	36.700	87	87	87
B5L5W7_Q75_lddt	C0LSK3_Q75_lddt	9.720E-01	9.288E-01	9.392E-01	38.300	87	86	86
B5L5W7_Q75_lddt	E9NST5_Q75_lddt	9.679E-01	9.357E-01	9.357E-01	35.600	87	87	87
B5L5W7_Q75_lddt	B7FDD9_Q75_lddt	9.722E-01	9.073E-01	9.608E-01	36.400	87	85	82
B5L5W7_Q75_lddt	R4ISB3_Q75_lddt	9.678E-01	9.357E-01	9.357E-01	36.700	87	87	87
B5L5W7_Q75_lddt	AF-A0A3G1JAD7-F1-model_v4_Q75_lddt	9.721E-01	9.072E-01	9.607E-01	32.900	87	85	82
B5L5W7_Q75_lddt	C8CE60_Q75_lddt	9.567E-01	9.249E-01	9.459E-01	38.300	87	86	85
B5L5W7_Q75_lddt	A0A455LP13_Q75_lddt	9.676E-01	9.355E-01	9.355E-01	36.700	87	87	87
B5L5W7_Q75_lddt	OKP-D-1_Q75_lddt	9.673E-01	9.351E-01	9.351E-01	37.900	87	87	87
B5L5W7_Q75_lddt	Q3SAW3_Q75_lddt	9.634E-01	9.209E-01	9.524E-01	38.800	87	85	84
B5L5W7_Q75_lddt	AF-Q1NAL0-F1-model_v4_Q75_lddt	9.664E-01	9.236E-01	9.445E-01	31.700	87	85	85
B5L5W7_Q75_lddt	AF-A0A8E9ZWD0-F1-model_v6_Q75_lddt	9.655E-01	9.228E-01	9.437E-01	35.200	87	85	85
B5L5W7_Q75_lddt	AF-A0A867XYA1-F1-model_v4_Q75_lddt	9.687E-01	9.365E-01	9.262E-01	33.700	87	86	88
B5L5W7_Q75_lddt	D5HSX5_Q75_lddt	9.637E-01	9.103E-01	9.525E-01	41.100	87	85	83
B5L5W7_Q75_lddt	AF-A0A0D0F642-F1-model_v4_Q75_lddt	9.650E-01	9.117E-01	9.539E-01	32.900	87	85	83
B5L5W7_Q75_lddt	GES-41_Q75_lddt	9.605E-01	9.182E-01	9.496E-01	34.100	87	85	84
B5L5W7_Q75_lddt	A0A097ZLX5_Q75_lddt	9.604E-01	9.182E-01	9.495E-01	34.100	87	85	84
B5L5W7_Q75_lddt	C5HUY1_Q75_lddt	9.604E-01	9.182E-01	9.495E-01	34.100	87	85	84
B5L5W7_Q75_lddt	Q5W3A6_Q75_lddt	9.603E-01	9.180E-01	9.494E-01	34.100	87	85	84
B5L5W7_Q75_lddt	P74842_Q75_lddt	9.623E-01	9.091E-01	9.512E-01	41.100	87	85	83
B5L5W7_Q75_lddt	C6GC02_Q75_lddt	9.601E-01	9.179E-01	9.492E-01	32.900	87	85	84
B5L5W7_Q75_lddt	F8T7L4_Q75_lddt	9.622E-01	9.090E-01	9.511E-01	42.300	87	85	83
B5L5W7_Q75_lddt	GES-44_Q75_lddt	9.597E-01	9.175E-01	9.488E-01	34.100	87	85	84
B5L5W7_Q75_lddt	Q5XQD3_Q75_lddt	9.622E-01	9.090E-01	9.511E-01	42.300	87	85	83
B5L5W7_Q75_lddt	Q2MJC2_Q75_lddt	9.701E-01	9.378E-01	9.174E-01	37.900	87	87	89
B5L5W7_Q75_lddt	E5G517_Q75_lddt	9.700E-01	9.377E-01	9.173E-01	37.900	87	87	89
B5L5W7_Q75_lddt	AF-E4WMC5-F1-model_v6_Q75_lddt	9.629E-01	9.098E-01	9.518E-01	35.200	87	85	83
B5L5W7_Q75_lddt	A0A097BQY7_Q75_lddt	9.696E-01	9.373E-01	9.170E-01	37.900	87	87	89
B5L5W7_Q75_lddt	A0ZX80_Q75_lddt	9.685E-01	9.363E-01	9.160E-01	37.900	87	87	89
B5L5W7_Q75_lddt	Q8VP67_Q75_lddt	9.684E-01	9.362E-01	9.159E-01	37.900	87	87	89
B5L5W7_Q75_lddt	Q8KRG7_Q75_lddt	9.683E-01	9.361E-01	9.158E-01	37.900	87	87	89
B5L5W7_Q75_lddt	A3FFR2_Q75_lddt	9.684E-01	9.362E-01	9.159E-01	37.900	87	87	89
B5L5W7_Q75_lddt	D5LGB4_Q75_lddt	9.684E-01	9.362E-01	9.159E-01	37.900	87	87	89
B5L5W7_Q75_lddt	A0ZX91_Q75_lddt	9.683E-01	9.361E-01	9.158E-01	37.900	87	87	89
B5L5W7_Q75_lddt	O33677_Q75_lddt	9.538E-01	9.221E-01	9.324E-01	32.100	87	87	86
B5L5W7_Q75_lddt	J7HZA4_Q75_lddt	9.682E-01	9.360E-01	9.157E-01	37.900	87	87	89
B5L5W7_Q75_lddt	Q939H5_Q75_lddt	9.682E-01	9.360E-01	9.157E-01	37.900	87	87	89
B5L5W7_Q75_lddt	A0A2P9E069_Q75_lddt	9.682E-01	9.360E-01	9.157E-01	37.900	87	87	89
B5L5W7_Q75_lddt	B9U2I6_Q75_lddt	9.682E-01	9.360E-01	9.157E-01	37.900	87	87	89
B5L5W7_Q75_lddt	S4TWB0_Q75_lddt	9.681E-01	9.359E-01	9.156E-01	37.900	87	87	89
B5L5W7_Q75_lddt	E5Q900_Q75_lddt	9.680E-01	9.358E-01	9.155E-01	37.900	87	87	89
B5L5W7_Q75_lddt	Q939H3_Q75_lddt	9.679E-01	9.358E-01	9.155E-01	36.700	87	87	89
B5L5W7_Q75_lddt	Q8VP57_Q75_lddt	9.676E-01	9.355E-01	9.152E-01	37.900	87	87	89
B5L5W7_Q75_lddt	Q0PGR7_Q75_lddt	9.674E-01	9.352E-01	9.150E-01	37.900	87	87	89
B5L5W7_Q75_lddt	G9MB50_Q75_lddt	9.606E-01	9.078E-01	9.496E-01	40.000	87	85	83
B5L5W7_Q75_lddt	Q8VT49_Q75_lddt	9.605E-01	9.077E-01	9.495E-01	34.100	87	85	83
B5L5W7_Q75_lddt	H2ERK9_Q75_lddt	9.670E-01	9.349E-01	9.147E-01	37.900	87	87	89
B5L5W7_Q75_lddt	B0FP98_Q75_lddt	9.669E-01	9.348E-01	9.145E-01	37.900	87	87	89
B5L5W7_Q75_lddt	G9M9P7_Q75_lddt	9.601E-01	9.073E-01	9.491E-01	41.100	87	85	83
B5L5W7_Q75_lddt	G9MB49_Q75_lddt	9.601E-01	9.073E-01	9.490E-01	41.100	87	85	83
B5L5W7_Q75_lddt	F8SQ10_Q75_lddt	9.666E-01	9.345E-01	9.143E-01	37.900	87	87	89
B5L5W7_Q75_lddt	Q9X6W1_Q75_lddt	9.574E-01	9.045E-01	9.463E-01	32.900	87	85	83
B5L5W7_Q75_lddt	RAA-1_Q75_lddt	9.582E-01	9.056E-01	9.472E-01	34.100	87	85	83
B5L5W7_Q75_lddt	AF-J9QX37-F1-model_v4_Q75_lddt	9.662E-01	8.914E-01	9.547E-01	24.700	87	85	81
B5L5W7_Q75_lddt	Q9RAZ9_Q75_lddt	9.599E-01	8.965E-01	9.487E-01	30.500	87	85	82
B5L5W7_Q75_lddt	A0A0B6VPP7_Q75_lddt	9.535E-01	9.010E-01	9.425E-01	32.900	87	85	83
B5L5W7_Q75_lddt	A0A1W5QH29_Q75_lddt	9.378E-01	9.069E-01	9.273E-01	31.000	87	87	85
B5L5W7_Q75_lddt	A0A1W5QCF3_Q75_lddt	9.371E-01	9.062E-01	9.266E-01	31.000	87	87	85
B5L5W7_Q75_lddt	A0A1W5QG57_Q75_lddt	9.365E-01	9.056E-01	9.259E-01	31.000	87	87	85
B5L5W7_Q75_lddt	AF-A0A127SQY3-F1-model_v6_Q75_lddt	9.460E-01	8.942E-01	9.352E-01	28.200	87	85	83
B5L5W7_Q75_lddt	A0A3Q8G682_Q75_lddt	9.368E-01	9.060E-01	9.161E-01	35.600	87	87	86
B5L5W7_Q75_lddt	A0A2Z2Z6H0_Q75_lddt	9.420E-01	9.012E-01	9.315E-01	37.600	87	85	84
B5L5W7_Q75_lddt	Q57509_Q75_lddt	9.405E-01	8.889E-01	9.191E-01	25.500	87	86	84
B5L5W7_Q75_lddt	C8C0I2_Q75_lddt	9.310E-01	8.805E-01	9.205E-01	32.900	87	85	83
B5L5W7_Q75_lddt	A0A0E0SR47_Q75_lddt	9.198E-01	8.899E-01	9.096E-01	33.300	87	87	85
B5L5W7_Q75_lddt	Q9XBM2_Q75_lddt	9.219E-01	8.920E-01	9.018E-01	29.800	87	87	86
B5L5W7_Q75_lddt	C8C0D8_Q75_lddt	9.184E-01	8.884E-01	8.981E-01	26.100	87	88	86
B5L5W7_Q75_lddt	AF-F4NA56-F1-model_v4_Q75_lddt	9.163E-01	8.866E-01	9.062E-01	32.100	87	87	85
B5L5W7_Q75_lddt	Q9X4S7_Q75_lddt	9.137E-01	8.840E-01	8.937E-01	26.100	87	88	86
C5HUY1_Q75_lddt	C5HUY1_Q75_lddt	1.012E+00	1.000E+00	1.000E+00	100.000	84	84	84
C5HUY1_Q75_lddt	A0A097ZLX5_Q75_lddt	1.012E+00	9.999E-01	9.999E-01	100.000	84	84	84
C5HUY1_Q75_lddt	C6GC02_Q75_lddt	1.012E+00	9.999E-01	9.999E-01	98.800	84	84	84
C5HUY1_Q75_lddt	GES-41_Q75_lddt	1.010E+00	9.976E-01	9.976E-01	100.000	84	84	84
C5HUY1_Q75_lddt	GES-44_Q75_lddt	1.009E+00	9.974E-01	9.974E-01	100.000	84	84	84
C5HUY1_Q75_lddt	Q3SAW3_Q75_lddt	1.002E+00	9.902E-01	9.902E-01	71.400	84	84	84
C5HUY1_Q75_lddt	SGM-5_Q75_lddt	9.978E-01	9.861E-01	9.746E-01	58.300	84	84	85
C5HUY1_Q75_lddt	SGM-2_Q75_lddt	9.977E-01	9.860E-01	9.745E-01	54.700	84	84	85
C5HUY1_Q75_lddt	AF-Q1NAL0-F1-model_v4_Q75_lddt	9.975E-01	9.858E-01	9.743E-01	55.900	84	84	85
C5HUY1_Q75_lddt	SGM-3_Q75_lddt	9.975E-01	9.858E-01	9.743E-01	54.700	84	84	85
C5HUY1_Q75_lddt	AF-A0A3G1JAD7-F1-model_v4_Q75_lddt	1.001E+00	9.657E-01	9.890E-01	53.500	84	84	82
C5HUY1_Q75_lddt	A0A2Z2Z6H0_Q75_lddt	9.918E-01	9.802E-01	9.802E-01	69.000	84	84	84
C5HUY1_Q75_lddt	AF-A0A1J0HSJ3-F1-model_v4_Q75_lddt	9.996E-01	9.643E-01	9.876E-01	51.100	84	84	82
C5HUY1_Q75_lddt	OKP-C-1_Q75_lddt	9.974E-01	9.857E-01	9.631E-01	48.800	84	86	86
C5HUY1_Q75_lddt	B7FDD9_Q75_lddt	9.966E-01	9.616E-01	9.847E-01	50.000	84	84	82
C5HUY1_Q75_lddt	OKP-D-1_Q75_lddt	9.971E-01	9.854E-01	9.519E-01	48.200	84	87	87
C5HUY1_Q75_lddt	AF-Q6W7F0-F1-model_v4_Q75_lddt	9.967E-01	9.851E-01	9.516E-01	55.100	84	87	87
C5HUY1_Q75_lddt	Q2YHY7_Q75_lddt	9.960E-01	9.844E-01	9.509E-01	49.400	84	87	87
C5HUY1_Q75_lddt	Q84H48_Q75_lddt	9.959E-01	9.842E-01	9.508E-01	49.400	84	87	87
C5HUY1_Q75_lddt	Q84H47_Q75_lddt	9.955E-01	9.838E-01	9.504E-01	49.400	84	87	87
C5HUY1_Q75_lddt	Q8VQV7_Q75_lddt	9.954E-01	9.838E-01	9.504E-01	49.400	84	87	87
C5HUY1_Q75_lddt	Q8GHI3_Q75_lddt	9.953E-01	9.836E-01	9.502E-01	47.100	84	87	87
C5HUY1_Q75_lddt	Q9R429_Q75_lddt	9.952E-01	9.835E-01	9.501E-01	48.200	84	87	87
C5HUY1_Q75_lddt	PER-16_Q75_lddt	9.838E-01	9.724E-01	9.724E-01	38.000	84	84	84
C5HUY1_Q75_lddt	B8YHZ8_Q75_lddt	9.949E-01	9.833E-01	9.499E-01	49.400	84	87	87
C5HUY1_Q75_lddt	Q2YHX8_Q75_lddt	9.948E-01	9.832E-01	9.498E-01	48.200	84	87	87
C5HUY1_Q75_lddt	H9AXM1_Q75_lddt	9.948E-01	9.831E-01	9.498E-01	45.900	84	87	87
C5HUY1_Q75_lddt	B5D620_Q75_lddt	9.947E-01	9.831E-01	9.497E-01	49.400	84	87	87
C5HUY1_Q75_lddt	Q5I6D4_Q75_lddt	9.946E-01	9.830E-01	9.496E-01	48.200	84	87	87
C5HUY1_Q75_lddt	R4ISB3_Q75_lddt	9.946E-01	9.830E-01	9.496E-01	48.200	84	87	87
C5HUY1_Q75_lddt	A0A455LS80_Q75_lddt	9.945E-01	9.829E-01	9.495E-01	49.400	84	87	87
C5HUY1_Q75_lddt	A0A455LP02_Q75_lddt	9.945E-01	9.829E-01	9.495E-01	48.200	84	87	87
C5HUY1_Q75_lddt	Q2YHX6_Q75_lddt	9.944E-01	9.828E-01	9.495E-01	48.200	84	87	87
C5HUY1_Q75_lddt	E9NST5_Q75_lddt	9.944E-01	9.828E-01	9.494E-01	48.200	84	87	87
C5HUY1_Q75_lddt	A0A0P0IGT7_Q75_lddt	9.944E-01	9.827E-01	9.494E-01	50.500	84	87	87
C5HUY1_Q75_lddt	A0A455LP07_Q75_lddt	9.944E-01	9.827E-01	9.494E-01	48.200	84	87	87
C5HUY1_Q75_lddt	A0A455LP13_Q75_lddt	9.943E-01	9.827E-01	9.494E-01	48.200	84	87	87
C5HUY1_Q75_lddt	B5D612_Q75_lddt	9.943E-01	9.827E-01	9.494E-01	50.500	84	87	87
C5HUY1_Q75_lddt	Q2YHZ5_Q75_lddt	9.941E-01	9.825E-01	9.492E-01	49.400	84	87	87
C5HUY1_Q75_lddt	AF-P18251-F1-model_v4_Q75_lddt	9.978E-01	9.861E-01	9.419E-01	47.600	84	86	88
C5HUY1_Q75_lddt	Q2YHZ3_Q75_lddt	9.941E-01	9.825E-01	9.492E-01	49.400	84	87	87
C5HUY1_Q75_lddt	Q6ZY77_Q75_lddt	9.941E-01	9.825E-01	9.492E-01	50.500	84	87	87
C5HUY1_Q75_lddt	Q2YHZ0_Q75_lddt	9.939E-01	9.823E-01	9.490E-01	49.400	84	87	87
C5HUY1_Q75_lddt	Q6ZY58_Q75_lddt	9.938E-01	9.822E-01	9.489E-01	49.400	84	87	87
C5HUY1_Q75_lddt	Q5PU78_Q75_lddt	9.936E-01	9.820E-01	9.487E-01	48.200	84	87	87
C5HUY1_Q75_lddt	Q2YHZ2_Q75_lddt	9.936E-01	9.819E-01	9.487E-01	49.400	84	87	87
C5HUY1_Q75_lddt	Q6ZY74_Q75_lddt	9.931E-01	9.815E-01	9.483E-01	49.400	84	87	87
C5HUY1_Q75_lddt	Q6R5M7_Q75_lddt	9.930E-01	9.814E-01	9.482E-01	48.200	84	87	87
C5HUY1_Q75_lddt	C8CE59_Q75_lddt	9.813E-01	9.698E-01	9.586E-01	50.000	84	86	85
C5HUY1_Q75_lddt	C8CE60_Q75_lddt	9.809E-01	9.694E-01	9.582E-01	50.000	84	86	85
C5HUY1_Q75_lddt	C0LSK3_Q75_lddt	9.962E-01	9.728E-01	9.505E-01	48.800	84	86	86
C5HUY1_Q75_lddt	D5HSX5_Q75_lddt	9.845E-01	9.617E-01	9.730E-01	39.200	84	84	83
C5HUY1_Q75_lddt	P14171_Q75_lddt	9.833E-01	9.719E-01	9.607E-01	41.100	84	85	85
C5HUY1_Q75_lddt	F8T7L4_Q75_lddt	9.833E-01	9.605E-01	9.718E-01	34.500	84	84	83
C5HUY1_Q75_lddt	Q5XQD3_Q75_lddt	9.831E-01	9.603E-01	9.716E-01	35.700	84	84	83
C5HUY1_Q75_lddt	P74842_Q75_lddt	9.830E-01	9.602E-01	9.715E-01	36.900	84	84	83
C5HUY1_Q75_lddt	AF-A0A867XYA1-F1-model_v4_Q75_lddt	9.935E-01	9.819E-01	9.380E-01	44.100	84	86	88
C5HUY1_Q75_lddt	A3FFR2_Q75_lddt	9.953E-01	9.836E-01	9.292E-01	49.400	84	87	89
C5HUY1_Q75_lddt	B9U2I6_Q75_lddt	9.946E-01	9.830E-01	9.286E-01	49.400	84	87	89
C5HUY1_Q75_lddt	F8SQ10_Q75_lddt	9.945E-01	9.828E-01	9.285E-01	49.400	84	87	89
C5HUY1_Q75_lddt	Q939H3_Q75_lddt	9.945E-01	9.828E-01	9.285E-01	49.400	84	87	89
C5HUY1_Q75_lddt	A0ZX91_Q75_lddt	9.944E-01	9.828E-01	9.285E-01	49.400	84	87	89
C5HUY1_Q75_lddt	D5LGB4_Q75_lddt	9.944E-01	9.828E-01	9.285E-01	49.400	84	87	89
C5HUY1_Q75_lddt	S4TWB0_Q75_lddt	9.944E-01	9.828E-01	9.285E-01	49.400	84	87	89
C5HUY1_Q75_lddt	Q8VP57_Q75_lddt	9.944E-01	9.828E-01	9.284E-01	49.400	84	87	89
C5HUY1_Q75_lddt	A0A2P9E069_Q75_lddt	9.944E-01	9.827E-01	9.284E-01	49.400	84	87	89
C5HUY1_Q75_lddt	A0ZX80_Q75_lddt	9.943E-01	9.826E-01	9.283E-01	49.400	84	87	89
C5HUY1_Q75_lddt	E5Q900_Q75_lddt	9.941E-01	9.825E-01	9.282E-01	49.400	84	87	89
C5HUY1_Q75_lddt	Q0PGR7_Q75_lddt	9.941E-01	9.824E-01	9.282E-01	49.400	84	87	89
C5HUY1_Q75_lddt	Q939H5_Q75_lddt	9.940E-01	9.824E-01	9.281E-01	48.200	84	87	89
C5HUY1_Q75_lddt	AF-E2D9D5-F1-model_v4_Q75_lddt	9.753E-01	9.641E-01	9.641E-01	33.300	84	84	84
C5HUY1_Q75_lddt	E5G517_Q75_lddt	9.932E-01	9.816E-01	9.274E-01	49.400	84	87	89
C5HUY1_Q75_lddt	A0A097BQY7_Q75_lddt	9.930E-01	9.814E-01	9.272E-01	49.400	84	87	89
C5HUY1_Q75_lddt	Q2MJC2_Q75_lddt	9.930E-01	9.814E-01	9.272E-01	49.400	84	87	89
C5HUY1_Q75_lddt	B0FP98_Q75_lddt	9.929E-01	9.813E-01	9.272E-01	49.400	84	87	89
C5HUY1_Q75_lddt	H2ERK9_Q75_lddt	9.929E-01	9.813E-01	9.271E-01	49.400	84	87	89
C5HUY1_Q75_lddt	O33677_Q75_lddt	9.777E-01	9.663E-01	9.443E-01	45.900	84	87	86
C5HUY1_Q75_lddt	AF-A0A886X7X6-F1-model_v6_Q75_lddt	9.777E-01	9.665E-01	9.555E-01	40.400	84	84	85
C5HUY1_Q75_lddt	Q8VP67_Q75_lddt	9.920E-01	9.804E-01	9.263E-01	49.400	84	87	89
C5HUY1_Q75_lddt	J7HZA4_Q75_lddt	9.919E-01	9.803E-01	9.263E-01	48.200	84	87	89
C5HUY1_Q75_lddt	Q8KRG7_Q75_lddt	9.919E-01	9.803E-01	9.263E-01	49.400	84	87	89
C5HUY1_Q75_lddt	RAA-1_Q75_lddt	9.767E-01	9.542E-01	9.653E-01	33.300	84	84	83
C5HUY1_Q75_lddt	Q9AMJ7_Q75_lddt	9.753E-01	9.529E-01	9.640E-01	36.900	84	84	83
C5HUY1_Q75_lddt	A1YTM5_Q75_lddt	9.747E-01	9.523E-01	9.634E-01	36.900	84	84	83
C5HUY1_Q75_lddt	AF-A0A0D0F642-F1-model_v4_Q75_lddt	9.721E-01	9.498E-01	9.608E-01	36.900	84	84	83
C5HUY1_Q75_lddt	AF-J9QX37-F1-model_v4_Q75_lddt	9.799E-01	9.347E-01	9.682E-01	26.100	84	84	81
C5HUY1_Q75_lddt	Q5W3A6_Q75_lddt	9.654E-01	9.544E-01	9.544E-01	32.100	84	84	84
C5HUY1_Q75_lddt	Q8VT49_Q75_lddt	9.693E-01	9.471E-01	9.581E-01	33.300	84	84	83
C5HUY1_Q75_lddt	AF-E4WMC5-F1-model_v6_Q75_lddt	9.690E-01	9.469E-01	9.578E-01	33.300	84	84	83
C5HUY1_Q75_lddt	G9MB50_Q75_lddt	9.660E-01	9.440E-01	9.548E-01	32.100	84	84	83
C5HUY1_Q75_lddt	G9M9P7_Q75_lddt	9.649E-01	9.429E-01	9.538E-01	34.500	84	84	83
C5HUY1_Q75_lddt	G9MB49_Q75_lddt	9.649E-01	9.429E-01	9.538E-01	34.500	84	84	83
C5HUY1_Q75_lddt	Q9X6W1_Q75_lddt	9.621E-01	9.402E-01	9.510E-01	39.200	84	84	83
C5HUY1_Q75_lddt	AF-A0A8E9ZWD0-F1-model_v6_Q75_lddt	9.632E-01	9.522E-01	9.415E-01	36.900	84	84	85
C5HUY1_Q75_lddt	A0A1W5QH29_Q75_lddt	9.547E-01	9.437E-01	9.329E-01	33.300	84	87	85
C5HUY1_Q75_lddt	A0A1W5QCF3_Q75_lddt	9.539E-01	9.429E-01	9.322E-01	33.300	84	87	85
C5HUY1_Q75_lddt	A0A1W5QG57_Q75_lddt	9.528E-01	9.419E-01	9.312E-01	32.100	84	87	85
C5HUY1_Q75_lddt	Q9RAZ9_Q75_lddt	9.634E-01	9.306E-01	9.522E-01	32.100	84	84	82
C5HUY1_Q75_lddt	A0A3Q8G682_Q75_lddt	9.557E-01	9.448E-01	9.235E-01	47.100	84	87	86
C5HUY1_Q75_lddt	A0A0B6VPP7_Q75_lddt	9.570E-01	9.353E-01	9.460E-01	38.000	84	84	83
C5HUY1_Q75_lddt	B5L5W7_Q75_lddt	9.604E-01	9.495E-01	9.182E-01	34.100	84	85	87
C5HUY1_Q75_lddt	A0A0E0SR47_Q75_lddt	9.477E-01	9.368E-01	9.262E-01	32.100	84	87	85
C5HUY1_Q75_lddt	AF-F4NA56-F1-model_v4_Q75_lddt	9.464E-01	9.356E-01	9.250E-01	33.300	84	87	85
C5HUY1_Q75_lddt	Q9XBM2_Q75_lddt	9.430E-01	9.323E-01	9.116E-01	36.700	84	87	86
C5HUY1_Q75_lddt	AF-A0A127SQY3-F1-model_v6_Q75_lddt	9.404E-01	9.193E-01	9.297E-01	27.300	84	84	83
C5HUY1_Q75_lddt	Q57509_Q75_lddt	9.355E-01	9.144E-01	9.144E-01	34.100	84	85	84
C5HUY1_Q75_lddt	C8C0I2_Q75_lddt	9.274E-01	9.066E-01	9.169E-01	35.200	84	85	83
C5HUY1_Q75_lddt	C8C0D8_Q75_lddt	9.142E-01	9.040E-01	8.843E-01	27.200	84	88	86
C5HUY1_Q75_lddt	Q9X4S7_Q75_lddt	9.128E-01	9.026E-01	8.829E-01	28.400	84	88	86
C8CE60_Q75_lddt	C8CE60_Q75_lddt	1.012E+00	1.000E+00	1.000E+00	100.000	85	85	85
C8CE60_Q75_lddt	C8CE59_Q75_lddt	1.012E+00	9.998E-01	9.998E-01	100.000	85	85	85
C8CE60_Q75_lddt	OKP-C-1_Q75_lddt	1.010E+00	9.978E-01	9.862E-01	96.500	85	86	86
C8CE60_Q75_lddt	Q6ZY58_Q75_lddt	1.011E+00	9.994E-01	9.764E-01	90.800	85	87	87
C8CE60_Q75_lddt	Q6ZY74_Q75_lddt	1.011E+00	9.993E-01	9.764E-01	91.900	85	87	87
C8CE60_Q75_lddt	Q6ZY77_Q75_lddt	1.011E+00	9.992E-01	9.763E-01	90.800	85	87	87
C8CE60_Q75_lddt	Q2YHZ2_Q75_lddt	1.011E+00	9.992E-01	9.763E-01	91.900	85	87	87
C8CE60_Q75_lddt	Q2YHZ3_Q75_lddt	1.011E+00	9.992E-01	9.762E-01	91.900	85	87	87
C8CE60_Q75_lddt	Q2YHZ5_Q75_lddt	1.011E+00	9.992E-01	9.762E-01	91.900	85	87	87
C8CE60_Q75_lddt	Q6R5M7_Q75_lddt	1.011E+00	9.992E-01	9.762E-01	91.900	85	87	87
C8CE60_Q75_lddt	Q2YHZ0_Q75_lddt	1.011E+00	9.991E-01	9.762E-01	91.900	85	87	87
C8CE60_Q75_lddt	Q5PU78_Q75_lddt	1.011E+00	9.991E-01	9.761E-01	91.900	85	87	87
C8CE60_Q75_lddt	B5D612_Q75_lddt	1.011E+00	9.990E-01	9.760E-01	90.800	85	87	87
C8CE60_Q75_lddt	B5D620_Q75_lddt	1.011E+00	9.989E-01	9.760E-01	91.900	85	87	87
C8CE60_Q75_lddt	Q2YHX6_Q75_lddt	1.011E+00	9.989E-01	9.760E-01	93.100	85	87	87
C8CE60_Q75_lddt	Q2YHX8_Q75_lddt	1.011E+00	9.989E-01	9.760E-01	93.100	85	87	87
C8CE60_Q75_lddt	A0A455LS80_Q75_lddt	1.011E+00	9.989E-01	9.760E-01	91.900	85	87	87
C8CE60_Q75_lddt	Q5I6D4_Q75_lddt	1.011E+00	9.989E-01	9.760E-01	93.100	85	87	87
C8CE60_Q75_lddt	A0A0P0IGT7_Q75_lddt	1.011E+00	9.989E-01	9.760E-01	90.800	85	87	87
C8CE60_Q75_lddt	A0A455LP07_Q75_lddt	1.011E+00	9.989E-01	9.760E-01	90.800	85	87	87
C8CE60_Q75_lddt	B8YHZ8_Q75_lddt	1.011E+00	9.989E-01	9.760E-01	91.900	85	87	87
C8CE60_Q75_lddt	E9NST5_Q75_lddt	1.011E+00	9.989E-01	9.759E-01	88.500	85	87	87
C8CE60_Q75_lddt	R4ISB3_Q75_lddt	1.011E+00	9.989E-01	9.759E-01	90.800	85	87	87
C8CE60_Q75_lddt	A0A455LP13_Q75_lddt	1.011E+00	9.988E-01	9.759E-01	90.800	85	87	87
C8CE60_Q75_lddt	A0A455LP02_Q75_lddt	1.011E+00	9.988E-01	9.759E-01	90.800	85	87	87
C8CE60_Q75_lddt	Q84H47_Q75_lddt	1.010E+00	9.985E-01	9.756E-01	89.600	85	87	87
C8CE60_Q75_lddt	Q2YHY7_Q75_lddt	1.010E+00	9.984E-01	9.754E-01	91.900	85	87	87
C8CE60_Q75_lddt	Q84H48_Q75_lddt	1.010E+00	9.983E-01	9.754E-01	89.600	85	87	87
C8CE60_Q75_lddt	Q8GHI3_Q75_lddt	1.010E+00	9.982E-01	9.753E-01	78.100	85	87	87
C8CE60_Q75_lddt	Q8VQV7_Q75_lddt	1.010E+00	9.982E-01	9.753E-01	89.600	85	87	87
C8CE60_Q75_lddt	Q9R429_Q75_lddt	1.010E+00	9.981E-01	9.752E-01	79.300	85	87	87
C8CE60_Q75_lddt	H9AXM1_Q75_lddt	1.010E+00	9.981E-01	9.752E-01	77.000	85	87	87
C8CE60_Q75_lddt	AF-Q6W7F0-F1-model_v4_Q75_lddt	1.009E+00	9.975E-01	9.746E-01	81.600	85	87	87
C8CE60_Q75_lddt	OKP-D-1_Q75_lddt	1.008E+00	9.961E-01	9.733E-01	89.600	85	87	87
C8CE60_Q75_lddt	AF-A0A867XYA1-F1-model_v4_Q75_lddt	1.010E+00	9.983E-01	9.643E-01	89.500	85	86	88
C8CE60_Q75_lddt	C0LSK3_Q75_lddt	1.010E+00	9.861E-01	9.746E-01	91.800	85	86	86
C8CE60_Q75_lddt	B7FDD9_Q75_lddt	1.010E+00	9.626E-01	9.978E-01	96.400	85	85	82
C8CE60_Q75_lddt	AF-P18251-F1-model_v4_Q75_lddt	1.008E+00	9.967E-01	9.628E-01	95.300	85	86	88
C8CE60_Q75_lddt	A0A097BQY7_Q75_lddt	1.012E+00	9.996E-01	9.547E-01	97.700	85	87	89
C8CE60_Q75_lddt	Q8VP67_Q75_lddt	1.012E+00	9.996E-01	9.547E-01	97.700	85	87	89
C8CE60_Q75_lddt	J7HZA4_Q75_lddt	1.012E+00	9.996E-01	9.547E-01	96.500	85	87	89
C8CE60_Q75_lddt	Q2MJC2_Q75_lddt	1.011E+00	9.996E-01	9.547E-01	97.700	85	87	89
C8CE60_Q75_lddt	Q8KRG7_Q75_lddt	1.011E+00	9.995E-01	9.546E-01	96.500	85	87	89
C8CE60_Q75_lddt	E5G517_Q75_lddt	1.011E+00	9.994E-01	9.545E-01	97.700	85	87	89
C8CE60_Q75_lddt	B0FP98_Q75_lddt	1.011E+00	9.992E-01	9.544E-01	96.500	85	87	89
C8CE60_Q75_lddt	H2ERK9_Q75_lddt	1.011E+00	9.992E-01	9.543E-01	97.700	85	87	89
C8CE60_Q75_lddt	A0ZX80_Q75_lddt	1.011E+00	9.992E-01	9.543E-01	97.700	85	87	89
C8CE60_Q75_lddt	E5Q900_Q75_lddt	1.011E+00	9.992E-01	9.543E-01	97.700	85	87	89
C8CE60_Q75_lddt	D5LGB4_Q75_lddt	1.011E+00	9.992E-01	9.543E-01	97.700	85	87	89
C8CE60_Q75_lddt	S4TWB0_Q75_lddt	1.011E+00	9.992E-01	9.543E-01	97.700	85	87	89
C8CE60_Q75_lddt	A0A2P9E069_Q75_lddt	1.011E+00	9.992E-01	9.543E-01	97.700	85	87	89
C8CE60_Q75_lddt	A0ZX91_Q75_lddt	1.011E+00	9.991E-01	9.543E-01	97.700	85	87	89
C8CE60_Q75_lddt	B9U2I6_Q75_lddt	1.011E+00	9.991E-01	9.542E-01	97.700	85	87	89
C8CE60_Q75_lddt	A3FFR2_Q75_lddt	1.011E+00	9.991E-01	9.542E-01	97.700	85	87	89
C8CE60_Q75_lddt	Q8VP57_Q75_lddt	1.011E+00	9.990E-01	9.542E-01	97.700	85	87	89
C8CE60_Q75_lddt	Q939H5_Q75_lddt	1.011E+00	9.990E-01	9.541E-01	96.500	85	87	89
C8CE60_Q75_lddt	Q0PGR7_Q75_lddt	1.011E+00	9.989E-01	9.541E-01	96.500	85	87	89
C8CE60_Q75_lddt	Q939H3_Q75_lddt	1.011E+00	9.987E-01	9.539E-01	89.600	85	87	89
C8CE60_Q75_lddt	F8SQ10_Q75_lddt	1.010E+00	9.985E-01	9.537E-01	97.700	85	87	89
C8CE60_Q75_lddt	O33677_Q75_lddt	9.924E-01	9.808E-01	9.695E-01	77.000	85	87	86
C8CE60_Q75_lddt	AF-A0A1J0HSJ3-F1-model_v4_Q75_lddt	1.000E+00	9.536E-01	9.880E-01	54.100	85	85	82
C8CE60_Q75_lddt	AF-A0A3G1JAD7-F1-model_v4_Q75_lddt	9.998E-01	9.533E-01	9.878E-01	55.200	85	85	82
C8CE60_Q75_lddt	P14171_Q75_lddt	9.810E-01	9.696E-01	9.696E-01	56.900	85	86	85
C8CE60_Q75_lddt	C5HUY1_Q75_lddt	9.809E-01	9.582E-01	9.694E-01	50.000	85	86	84
C8CE60_Q75_lddt	C6GC02_Q75_lddt	9.808E-01	9.582E-01	9.694E-01	48.800	85	86	84
C8CE60_Q75_lddt	A0A097ZLX5_Q75_lddt	9.808E-01	9.581E-01	9.693E-01	50.000	85	86	84
C8CE60_Q75_lddt	Q3SAW3_Q75_lddt	9.801E-01	9.575E-01	9.686E-01	56.900	85	86	84
C8CE60_Q75_lddt	Q9AMJ7_Q75_lddt	9.861E-01	9.522E-01	9.745E-01	31.700	85	85	83
C8CE60_Q75_lddt	GES-44_Q75_lddt	9.782E-01	9.557E-01	9.668E-01	50.000	85	86	84
C8CE60_Q75_lddt	GES-41_Q75_lddt	9.782E-01	9.556E-01	9.668E-01	50.000	85	86	84
C8CE60_Q75_lddt	A1YTM5_Q75_lddt	9.856E-01	9.517E-01	9.740E-01	31.700	85	85	83
C8CE60_Q75_lddt	SGM-3_Q75_lddt	9.809E-01	9.583E-01	9.583E-01	54.600	85	86	85
C8CE60_Q75_lddt	SGM-2_Q75_lddt	9.806E-01	9.580E-01	9.580E-01	54.600	85	86	85
C8CE60_Q75_lddt	RAA-1_Q75_lddt	9.832E-01	9.495E-01	9.717E-01	34.100	85	85	83
C8CE60_Q75_lddt	D5HSX5_Q75_lddt	9.821E-01	9.484E-01	9.706E-01	42.300	85	85	83
C8CE60_Q75_lddt	F8T7L4_Q75_lddt	9.808E-01	9.472E-01	9.694E-01	38.800	85	85	83
C8CE60_Q75_lddt	Q5XQD3_Q75_lddt	9.807E-01	9.471E-01	9.692E-01	38.800	85	85	83
C8CE60_Q75_lddt	P74842_Q75_lddt	9.804E-01	9.468E-01	9.689E-01	40.000	85	85	83
C8CE60_Q75_lddt	Q8VT49_Q75_lddt	9.807E-01	9.471E-01	9.692E-01	31.700	85	85	83
C8CE60_Q75_lddt	AF-A0A0D0F642-F1-model_v4_Q75_lddt	9.794E-01	9.459E-01	9.679E-01	32.900	85	85	83
C8CE60_Q75_lddt	PER-16_Q75_lddt	9.714E-01	9.492E-01	9.602E-01	41.800	85	86	84
C8CE60_Q75_lddt	AF-E2D9D5-F1-model_v4_Q75_lddt	9.709E-01	9.487E-01	9.597E-01	31.300	85	86	84
C8CE60_Q75_lddt	AF-A0A886X7X6-F1-model_v6_Q75_lddt	9.741E-01	9.517E-01	9.517E-01	32.500	85	86	85
C8CE60_Q75_lddt	G9MB50_Q75_lddt	9.771E-01	9.437E-01	9.657E-01	31.700	85	85	83
C8CE60_Q75_lddt	SGM-5_Q75_lddt	9.728E-01	9.505E-01	9.505E-01	51.100	85	86	85
C8CE60_Q75_lddt	G9M9P7_Q75_lddt	9.766E-01	9.433E-01	9.652E-01	30.500	85	85	83
C8CE60_Q75_lddt	G9MB49_Q75_lddt	9.764E-01	9.431E-01	9.650E-01	31.700	85	85	83
C8CE60_Q75_lddt	AF-E4WMC5-F1-model_v6_Q75_lddt	9.757E-01	9.424E-01	9.644E-01	36.400	85	85	83
C8CE60_Q75_lddt	AF-Q1NAL0-F1-model_v4_Q75_lddt	9.709E-01	9.487E-01	9.487E-01	54.600	85	86	85
C8CE60_Q75_lddt	AF-J9QX37-F1-model_v4_Q75_lddt	9.815E-01	9.254E-01	9.697E-01	29.400	85	85	81
C8CE60_Q75_lddt	A0A2Z2Z6H0_Q75_lddt	9.652E-01	9.432E-01	9.541E-01	47.600	85	86	84
C8CE60_Q75_lddt	Q9X6W1_Q75_lddt	9.695E-01	9.365E-01	9.582E-01	32.900	85	85	83
C8CE60_Q75_lddt	Q5W3A6_Q75_lddt	9.637E-01	9.418E-01	9.526E-01	34.800	85	86	84
C8CE60_Q75_lddt	Q9RAZ9_Q75_lddt	9.747E-01	9.305E-01	9.633E-01	31.700	85	85	82
C8CE60_Q75_lddt	A0A1W5QH29_Q75_lddt	9.547E-01	9.438E-01	9.438E-01	36.700	85	87	85
C8CE60_Q75_lddt	A0A1W5QCF3_Q75_lddt	9.537E-01	9.428E-01	9.428E-01	36.700	85	87	85
C8CE60_Q75_lddt	A0A3Q8G682_Q75_lddt	9.567E-01	9.458E-01	9.352E-01	51.700	85	87	86
C8CE60_Q75_lddt	A0A0B6VPP7_Q75_lddt	9.664E-01	9.336E-01	9.552E-01	31.700	85	85	83
C8CE60_Q75_lddt	A0A1W5QG57_Q75_lddt	9.512E-01	9.404E-01	9.404E-01	36.700	85	87	85
C8CE60_Q75_lddt	AF-A0A8E9ZWD0-F1-model_v6_Q75_lddt	9.607E-01	9.390E-01	9.390E-01	31.300	85	86	85
C8CE60_Q75_lddt	Q9XBM2_Q75_lddt	9.528E-01	9.420E-01	9.314E-01	41.300	85	87	86
C8CE60_Q75_lddt	B5L5W7_Q75_lddt	9.567E-01	9.459E-01	9.249E-01	38.300	85	86	87
C8CE60_Q75_lddt	A0A0E0SR47_Q75_lddt	9.446E-01	9.340E-01	9.340E-01	39.000	85	87	85
C8CE60_Q75_lddt	AF-A0A127SQY3-F1-model_v6_Q75_lddt	9.537E-01	9.216E-01	9.427E-01	25.800	85	85	83
C8CE60_Q75_lddt	AF-F4NA56-F1-model_v4_Q75_lddt	9.398E-01	9.293E-01	9.293E-01	36.700	85	87	85
C8CE60_Q75_lddt	Q57509_Q75_lddt	9.494E-01	9.173E-01	9.278E-01	29.000	85	86	84
C8CE60_Q75_lddt	C8C0I2_Q75_lddt	9.457E-01	9.140E-01	9.349E-01	32.900	85	85	83
C8CE60_Q75_lddt	C8C0D8_Q75_lddt	9.264E-01	9.161E-01	9.061E-01	26.400	85	87	86
C8CE60_Q75_lddt	Q9X4S7_Q75_lddt	9.237E-01	9.135E-01	9.036E-01	28.700	85	87	86
F8T7L4_Q75_lddt	F8T7L4_Q75_lddt	1.012E+00	1.000E+00	1.000E+00	100.000	83	83	83
F8T7L4_Q75_lddt	Q5XQD3_Q75_lddt	1.012E+00	9.999E-01	9.999E-01	98.700	83	83	83
F8T7L4_Q75_lddt	D5HSX5_Q75_lddt	1.012E+00	9.994E-01	9.994E-01	90.300	83	83	83
F8T7L4_Q75_lddt	P74842_Q75_lddt	1.012E+00	9.993E-01	9.993E-01	90.300	83	83	83
F8T7L4_Q75_lddt	PER-16_Q75_lddt	1.010E+00	9.979E-01	9.861E-01	94.000	83	84	84
F8T7L4_Q75_lddt	Q9AMJ7_Q75_lddt	9.977E-01	9.859E-01	9.859E-01	49.300	83	83	83
F8T7L4_Q75_lddt	A1YTM5_Q75_lddt	9.976E-01	9.857E-01	9.857E-01	49.300	83	83	83
F8T7L4_Q75_lddt	AF-A0A0D0F642-F1-model_v4_Q75_lddt	9.936E-01	9.819E-01	9.819E-01	56.600	83	83	83
F8T7L4_Q75_lddt	RAA-1_Q75_lddt	9.900E-01	9.783E-01	9.783E-01	45.700	83	83	83
F8T7L4_Q75_lddt	AF-E2D9D5-F1-model_v4_Q75_lddt	9.935E-01	9.817E-01	9.703E-01	45.200	83	84	84
F8T7L4_Q75_lddt	AF-E4WMC5-F1-model_v6_Q75_lddt	9.891E-01	9.774E-01	9.774E-01	55.400	83	83	83
F8T7L4_Q75_lddt	Q9X6W1_Q75_lddt	9.850E-01	9.734E-01	9.734E-01	44.500	83	83	83
F8T7L4_Q75_lddt	Q3SAW3_Q75_lddt	9.904E-01	9.787E-01	9.673E-01	38.000	83	84	84
F8T7L4_Q75_lddt	Q8VT49_Q75_lddt	9.862E-01	9.746E-01	9.746E-01	46.900	83	83	83
F8T7L4_Q75_lddt	AF-A0A886X7X6-F1-model_v6_Q75_lddt	9.930E-01	9.813E-01	9.586E-01	55.900	83	84	85
F8T7L4_Q75_lddt	AF-A0A3G1JAD7-F1-model_v4_Q75_lddt	9.880E-01	9.647E-01	9.762E-01	36.100	83	83	82
F8T7L4_Q75_lddt	A0A0B6VPP7_Q75_lddt	9.814E-01	9.699E-01	9.699E-01	44.500	83	83	83
F8T7L4_Q75_lddt	AF-A0A1J0HSJ3-F1-model_v4_Q75_lddt	9.877E-01	9.644E-01	9.759E-01	40.900	83	83	82
F8T7L4_Q75_lddt	GES-44_Q75_lddt	9.873E-01	9.757E-01	9.644E-01	34.500	83	84	84
F8T7L4_Q75_lddt	Q9RAZ9_Q75_lddt	9.874E-01	9.642E-01	9.756E-01	43.300	83	83	82
F8T7L4_Q75_lddt	G9MB50_Q75_lddt	9.815E-01	9.700E-01	9.700E-01	46.900	83	83	83
F8T7L4_Q75_lddt	GES-41_Q75_lddt	9.860E-01	9.744E-01	9.631E-01	34.500	83	84	84
F8T7L4_Q75_lddt	Q5W3A6_Q75_lddt	9.846E-01	9.731E-01	9.618E-01	42.800	83	84	84
F8T7L4_Q75_lddt	G9MB49_Q75_lddt	9.800E-01	9.685E-01	9.685E-01	46.900	83	83	83
F8T7L4_Q75_lddt	G9M9P7_Q75_lddt	9.800E-01	9.685E-01	9.685E-01	45.700	83	83	83
F8T7L4_Q75_lddt	SGM-2_Q75_lddt	9.876E-01	9.759E-01	9.535E-01	45.200	83	84	85
F8T7L4_Q75_lddt	SGM-3_Q75_lddt	9.871E-01	9.755E-01	9.530E-01	45.200	83	84	85
F8T7L4_Q75_lddt	B7FDD9_Q75_lddt	9.836E-01	9.605E-01	9.719E-01	38.500	83	83	82
F8T7L4_Q75_lddt	A0A097ZLX5_Q75_lddt	9.834E-01	9.719E-01	9.606E-01	34.500	83	84	84
F8T7L4_Q75_lddt	C5HUY1_Q75_lddt	9.833E-01	9.718E-01	9.605E-01	34.500	83	84	84
F8T7L4_Q75_lddt	AF-J9QX37-F1-model_v4_Q75_lddt	9.872E-01	9.523E-01	9.753E-01	30.100	83	83	81
F8T7L4_Q75_lddt	C6GC02_Q75_lddt	9.828E-01	9.713E-01	9.601E-01	33.300	83	84	84
F8T7L4_Q75_lddt	AF-A0A8E9ZWD0-F1-model_v6_Q75_lddt	9.852E-01	9.737E-01	9.513E-01	50.000	83	84	85
F8T7L4_Q75_lddt	A0A2Z2Z6H0_Q75_lddt	9.806E-01	9.692E-01	9.580E-01	40.400	83	84	84
F8T7L4_Q75_lddt	AF-Q1NAL0-F1-model_v4_Q75_lddt	9.840E-01	9.724E-01	9.501E-01	44.000	83	84	85
F8T7L4_Q75_lddt	SGM-5_Q75_lddt	9.820E-01	9.705E-01	9.483E-01	45.200	83	84	85
F8T7L4_Q75_lddt	C8CE59_Q75_lddt	9.820E-01	9.705E-01	9.483E-01	38.800	83	85	85
F8T7L4_Q75_lddt	C8CE60_Q75_lddt	9.808E-01	9.694E-01	9.472E-01	38.800	83	85	85
F8T7L4_Q75_lddt	OKP-C-1_Q75_lddt	9.839E-01	9.723E-01	9.393E-01	38.300	83	86	86
F8T7L4_Q75_lddt	Q9R429_Q75_lddt	9.871E-01	9.755E-01	9.317E-01	35.600	83	87	87
F8T7L4_Q75_lddt	Q8GHI3_Q75_lddt	9.869E-01	9.753E-01	9.315E-01	35.600	83	87	87
F8T7L4_Q75_lddt	AF-Q6W7F0-F1-model_v4_Q75_lddt	9.867E-01	9.751E-01	9.313E-01	37.900	83	87	87
F8T7L4_Q75_lddt	H9AXM1_Q75_lddt	9.859E-01	9.743E-01	9.306E-01	35.600	83	87	87
F8T7L4_Q75_lddt	Q84H48_Q75_lddt	9.856E-01	9.740E-01	9.303E-01	36.700	83	87	87
F8T7L4_Q75_lddt	B8YHZ8_Q75_lddt	9.847E-01	9.731E-01	9.295E-01	36.700	83	87	87
F8T7L4_Q75_lddt	B5D620_Q75_lddt	9.844E-01	9.728E-01	9.292E-01	36.700	83	87	87
F8T7L4_Q75_lddt	AF-A0A127SQY3-F1-model_v6_Q75_lddt	9.661E-01	9.549E-01	9.549E-01	32.500	83	83	83
F8T7L4_Q75_lddt	Q2YHY7_Q75_lddt	9.843E-01	9.728E-01	9.292E-01	36.700	83	87	87
F8T7L4_Q75_lddt	Q5I6D4_Q75_lddt	9.843E-01	9.727E-01	9.291E-01	36.700	83	87	87
F8T7L4_Q75_lddt	B5D612_Q75_lddt	9.841E-01	9.726E-01	9.290E-01	37.900	83	87	87
F8T7L4_Q75_lddt	Q2YHX6_Q75_lddt	9.841E-01	9.726E-01	9.290E-01	36.700	83	87	87
F8T7L4_Q75_lddt	Q2YHX8_Q75_lddt	9.841E-01	9.725E-01	9.290E-01	36.700	83	87	87
F8T7L4_Q75_lddt	E9NST5_Q75_lddt	9.841E-01	9.725E-01	9.289E-01	36.700	83	87	87
F8T7L4_Q75_lddt	Q84H47_Q75_lddt	9.841E-01	9.725E-01	9.290E-01	36.700	83	87	87
F8T7L4_Q75_lddt	A0A455LP07_Q75_lddt	9.840E-01	9.725E-01	9.289E-01	36.700	83	87	87
F8T7L4_Q75_lddt	A0A455LP02_Q75_lddt	9.840E-01	9.724E-01	9.289E-01	36.700	83	87	87
F8T7L4_Q75_lddt	Q8VQV7_Q75_lddt	9.840E-01	9.725E-01	9.289E-01	36.700	83	87	87
F8T7L4_Q75_lddt	R4ISB3_Q75_lddt	9.837E-01	9.721E-01	9.286E-01	36.700	83	87	87
F8T7L4_Q75_lddt	A0A455LP13_Q75_lddt	9.836E-01	9.721E-01	9.286E-01	36.700	83	87	87
F8T7L4_Q75_lddt	A0A0P0IGT7_Q75_lddt	9.835E-01	9.720E-01	9.285E-01	37.900	83	87	87
F8T7L4_Q75_lddt	Q2YHZ3_Q75_lddt	9.829E-01	9.714E-01	9.279E-01	36.700	83	87	87
F8T7L4_Q75_lddt	Q2YHZ5_Q75_lddt	9.829E-01	9.713E-01	9.279E-01	36.700	83	87	87
F8T7L4_Q75_lddt	Q2YHZ0_Q75_lddt	9.828E-01	9.713E-01	9.278E-01	36.700	83	87	87
F8T7L4_Q75_lddt	Q2YHZ2_Q75_lddt	9.827E-01	9.712E-01	9.278E-01	36.700	83	87	87
F8T7L4_Q75_lddt	Q6ZY77_Q75_lddt	9.826E-01	9.711E-01	9.277E-01	36.700	83	87	87
F8T7L4_Q75_lddt	Q5PU78_Q75_lddt	9.825E-01	9.710E-01	9.275E-01	36.700	83	87	87
F8T7L4_Q75_lddt	A0A455LS80_Q75_lddt	9.824E-01	9.709E-01	9.275E-01	37.900	83	87	87
F8T7L4_Q75_lddt	OKP-D-1_Q75_lddt	9.820E-01	9.705E-01	9.271E-01	36.700	83	87	87
F8T7L4_Q75_lddt	Q6ZY74_Q75_lddt	9.817E-01	9.702E-01	9.269E-01	36.700	83	87	87
F8T7L4_Q75_lddt	Q6R5M7_Q75_lddt	9.813E-01	9.698E-01	9.265E-01	36.700	83	87	87
F8T7L4_Q75_lddt	AF-P18251-F1-model_v4_Q75_lddt	9.849E-01	9.733E-01	9.194E-01	37.200	83	86	88
F8T7L4_Q75_lddt	Q6ZY58_Q75_lddt	9.806E-01	9.692E-01	9.259E-01	36.700	83	87	87
F8T7L4_Q75_lddt	P14171_Q75_lddt	9.724E-01	9.611E-01	9.393E-01	32.900	83	85	85
F8T7L4_Q75_lddt	C0LSK3_Q75_lddt	9.846E-01	9.615E-01	9.288E-01	36.000	83	86	86
F8T7L4_Q75_lddt	AF-A0A867XYA1-F1-model_v4_Q75_lddt	9.818E-01	9.703E-01	9.167E-01	33.700	83	86	88
F8T7L4_Q75_lddt	B9U2I6_Q75_lddt	9.848E-01	9.732E-01	9.092E-01	37.900	83	87	89
F8T7L4_Q75_lddt	C8C0I2_Q75_lddt	9.561E-01	9.449E-01	9.449E-01	44.000	83	84	83
F8T7L4_Q75_lddt	Q8VP57_Q75_lddt	9.848E-01	9.732E-01	9.092E-01	37.900	83	87	89
F8T7L4_Q75_lddt	A0ZX91_Q75_lddt	9.847E-01	9.732E-01	9.092E-01	37.900	83	87	89
F8T7L4_Q75_lddt	A3FFR2_Q75_lddt	9.846E-01	9.731E-01	9.091E-01	37.900	83	87	89
F8T7L4_Q75_lddt	D5LGB4_Q75_lddt	9.846E-01	9.730E-01	9.090E-01	37.900	83	87	89
F8T7L4_Q75_lddt	A0ZX80_Q75_lddt	9.845E-01	9.730E-01	9.090E-01	37.900	83	87	89
F8T7L4_Q75_lddt	S4TWB0_Q75_lddt	9.845E-01	9.730E-01	9.090E-01	37.900	83	87	89
F8T7L4_Q75_lddt	A0A2P9E069_Q75_lddt	9.845E-01	9.729E-01	9.089E-01	37.900	83	87	89
F8T7L4_Q75_lddt	E5Q900_Q75_lddt	9.842E-01	9.727E-01	9.087E-01	37.900	83	87	89
F8T7L4_Q75_lddt	F8SQ10_Q75_lddt	9.841E-01	9.726E-01	9.086E-01	37.900	83	87	89
F8T7L4_Q75_lddt	O33677_Q75_lddt	9.694E-01	9.580E-01	9.255E-01	34.400	83	87	86
F8T7L4_Q75_lddt	Q939H3_Q75_lddt	9.840E-01	9.725E-01	9.086E-01	36.700	83	87	89
F8T7L4_Q75_lddt	Q0PGR7_Q75_lddt	9.840E-01	9.725E-01	9.085E-01	37.900	83	87	89
F8T7L4_Q75_lddt	Q57509_Q75_lddt	9.599E-01	9.487E-01	9.378E-01	42.800	83	84	84
F8T7L4_Q75_lddt	Q939H5_Q75_lddt	9.836E-01	9.721E-01	9.082E-01	37.900	83	87	89
F8T7L4_Q75_lddt	E5G517_Q75_lddt	9.830E-01	9.715E-01	9.076E-01	37.900	83	87	89
F8T7L4_Q75_lddt	H2ERK9_Q75_lddt	9.824E-01	9.709E-01	9.071E-01	37.900	83	87	89
F8T7L4_Q75_lddt	Q2MJC2_Q75_lddt	9.822E-01	9.707E-01	9.070E-01	37.900	83	87	89
F8T7L4_Q75_lddt	B0FP98_Q75_lddt	9.820E-01	9.705E-01	9.068E-01	37.900	83	87	89
F8T7L4_Q75_lddt	A0A097BQY7_Q75_lddt	9.817E-01	9.702E-01	9.066E-01	37.900	83	87	89
F8T7L4_Q75_lddt	Q8VP67_Q75_lddt	9.806E-01	9.691E-01	9.056E-01	37.900	83	87	89
F8T7L4_Q75_lddt	Q8KRG7_Q75_lddt	9.802E-01	9.687E-01	9.052E-01	37.900	83	87	89
F8T7L4_Q75_lddt	J7HZA4_Q75_lddt	9.801E-01	9.686E-01	9.052E-01	37.900	83	87	89
F8T7L4_Q75_lddt	B5L5W7_Q75_lddt	9.622E-01	9.511E-01	9.090E-01	42.300	83	85	87
F8T7L4_Q75_lddt	A0A0E0SR47_Q75_lddt	9.502E-01	9.392E-01	9.179E-01	31.000	83	87	85
F8T7L4_Q75_lddt	Q9XBM2_Q75_lddt	9.541E-01	9.431E-01	9.113E-01	29.800	83	87	86
F8T7L4_Q75_lddt	AF-F4NA56-F1-model_v4_Q75_lddt	9.476E-01	9.366E-01	9.154E-01	25.200	83	87	85
F8T7L4_Q75_lddt	C8C0D8_Q75_lddt	9.501E-01	9.391E-01	9.075E-01	36.700	83	87	86
F8T7L4_Q75_lddt	A0A1W5QH29_Q75_lddt	9.438E-01	9.329E-01	9.119E-01	32.100	83	87	85
F8T7L4_Q75_lddt	A0A1W5QCF3_Q75_lddt	9.433E-01	9.324E-01	9.114E-01	32.100	83	87	85
F8T7L4_Q75_lddt	Q9X4S7_Q75_lddt	9.460E-01	9.351E-01	9.038E-01	36.700	83	87	86
F8T7L4_Q75_lddt	A0A3Q8G682_Q75_lddt	9.469E-01	9.360E-01	9.047E-01	36.700	83	87	86
F8T7L4_Q75_lddt	A0A1W5QG57_Q75_lddt	9.392E-01	9.284E-01	9.076E-01	32.100	83	87	85
GES-44_Q75_lddt	GES-44_Q75_lddt	1.012E+00	1.000E+00	1.000E+00	100.000	84	84	84
GES-44_Q75_lddt	GES-41_Q75_lddt	1.012E+00	9.997E-01	9.997E-01	100.000	84	84	84
GES-44_Q75_lddt	A0A097ZLX5_Q75_lddt	1.009E+00	9.975E-01	9.975E-01	100.000	84	84	84
GES-44_Q75_lddt	C5HUY1_Q75_lddt	1.009E+00	9.974E-01	9.974E-01	100.000	84	84	84
GES-44_Q75_lddt	C6GC02_Q75_lddt	1.009E+00	9.973E-01	9.973E-01	98.800	84	84	84
GES-44_Q75_lddt	Q3SAW3_Q75_lddt	1.002E+00	9.898E-01	9.898E-01	71.400	84	84	84
GES-44_Q75_lddt	SGM-5_Q75_lddt	9.987E-01	9.870E-01	9.755E-01	58.300	84	84	85
GES-44_Q75_lddt	AF-Q1NAL0-F1-model_v4_Q75_lddt	9.986E-01	9.868E-01	9.754E-01	55.900	84	84	85
GES-44_Q75_lddt	A0A2Z2Z6H0_Q75_lddt	9.944E-01	9.827E-01	9.827E-01	69.000	84	84	84
GES-44_Q75_lddt	SGM-2_Q75_lddt	9.976E-01	9.859E-01	9.745E-01	54.700	84	84	85
GES-44_Q75_lddt	SGM-3_Q75_lddt	9.972E-01	9.855E-01	9.740E-01	54.700	84	84	85
GES-44_Q75_lddt	AF-A0A3G1JAD7-F1-model_v4_Q75_lddt	9.989E-01	9.637E-01	9.869E-01	53.500	84	84	82
GES-44_Q75_lddt	AF-A0A1J0HSJ3-F1-model_v4_Q75_lddt	9.987E-01	9.635E-01	9.867E-01	51.100	84	84	82
GES-44_Q75_lddt	OKP-C-1_Q75_lddt	9.958E-01	9.841E-01	9.616E-01	48.800	84	86	86
GES-44_Q75_lddt	PER-16_Q75_lddt	9.873E-01	9.759E-01	9.759E-01	38.000	84	84	84
GES-44_Q75_lddt	B7FDD9_Q75_lddt	9.944E-01	9.595E-01	9.825E-01	50.000	84	84	82
GES-44_Q75_lddt	OKP-D-1_Q75_lddt	9.960E-01	9.843E-01	9.509E-01	48.200	84	87	87
GES-44_Q75_lddt	D5HSX5_Q75_lddt	9.880E-01	9.650E-01	9.764E-01	39.200	84	84	83
GES-44_Q75_lddt	AF-Q6W7F0-F1-model_v4_Q75_lddt	9.948E-01	9.831E-01	9.498E-01	55.100	84	87	87
GES-44_Q75_lddt	F8T7L4_Q75_lddt	9.873E-01	9.644E-01	9.757E-01	34.500	84	84	83
GES-44_Q75_lddt	Q5XQD3_Q75_lddt	9.870E-01	9.641E-01	9.754E-01	35.700	84	84	83
GES-44_Q75_lddt	Q84H48_Q75_lddt	9.942E-01	9.826E-01	9.492E-01	49.400	84	87	87
GES-44_Q75_lddt	P74842_Q75_lddt	9.867E-01	9.638E-01	9.751E-01	36.900	84	84	83
GES-44_Q75_lddt	Q8GHI3_Q75_lddt	9.933E-01	9.817E-01	9.484E-01	47.100	84	87	87
GES-44_Q75_lddt	Q2YHY7_Q75_lddt	9.932E-01	9.816E-01	9.483E-01	49.400	84	87	87
GES-44_Q75_lddt	Q9R429_Q75_lddt	9.932E-01	9.816E-01	9.483E-01	48.200	84	87	87
GES-44_Q75_lddt	B8YHZ8_Q75_lddt	9.931E-01	9.815E-01	9.482E-01	49.400	84	87	87
GES-44_Q75_lddt	Q84H47_Q75_lddt	9.930E-01	9.814E-01	9.482E-01	49.400	84	87	87
GES-44_Q75_lddt	Q8VQV7_Q75_lddt	9.930E-01	9.814E-01	9.481E-01	49.400	84	87	87
GES-44_Q75_lddt	R4ISB3_Q75_lddt	9.928E-01	9.812E-01	9.480E-01	48.200	84	87	87
GES-44_Q75_lddt	A0A455LP02_Q75_lddt	9.927E-01	9.811E-01	9.479E-01	48.200	84	87	87
GES-44_Q75_lddt	Q2YHX8_Q75_lddt	9.927E-01	9.811E-01	9.479E-01	48.200	84	87	87
GES-44_Q75_lddt	B5D620_Q75_lddt	9.926E-01	9.810E-01	9.478E-01	49.400	84	87	87
GES-44_Q75_lddt	A0A455LP07_Q75_lddt	9.926E-01	9.810E-01	9.478E-01	48.200	84	87	87
GES-44_Q75_lddt	Q5I6D4_Q75_lddt	9.926E-01	9.810E-01	9.478E-01	48.200	84	87	87
GES-44_Q75_lddt	Q2YHX6_Q75_lddt	9.926E-01	9.810E-01	9.477E-01	48.200	84	87	87
GES-44_Q75_lddt	A0A455LP13_Q75_lddt	9.926E-01	9.810E-01	9.477E-01	48.200	84	87	87
GES-44_Q75_lddt	E9NST5_Q75_lddt	9.925E-01	9.809E-01	9.477E-01	48.200	84	87	87
GES-44_Q75_lddt	H9AXM1_Q75_lddt	9.925E-01	9.809E-01	9.477E-01	45.900	84	87	87
GES-44_Q75_lddt	A0A0P0IGT7_Q75_lddt	9.924E-01	9.808E-01	9.476E-01	50.500	84	87	87
GES-44_Q75_lddt	B5D612_Q75_lddt	9.924E-01	9.808E-01	9.476E-01	50.500	84	87	87
GES-44_Q75_lddt	A0A455LS80_Q75_lddt	9.918E-01	9.803E-01	9.471E-01	49.400	84	87	87
GES-44_Q75_lddt	AF-P18251-F1-model_v4_Q75_lddt	9.951E-01	9.834E-01	9.394E-01	47.600	84	86	88
GES-44_Q75_lddt	Q2YHZ5_Q75_lddt	9.913E-01	9.798E-01	9.466E-01	49.400	84	87	87
GES-44_Q75_lddt	Q6ZY77_Q75_lddt	9.913E-01	9.798E-01	9.466E-01	50.500	84	87	87
GES-44_Q75_lddt	Q2YHZ3_Q75_lddt	9.912E-01	9.796E-01	9.465E-01	49.400	84	87	87
GES-44_Q75_lddt	Q2YHZ0_Q75_lddt	9.911E-01	9.796E-01	9.464E-01	49.400	84	87	87
GES-44_Q75_lddt	Q5PU78_Q75_lddt	9.910E-01	9.794E-01	9.463E-01	48.200	84	87	87
GES-44_Q75_lddt	Q2YHZ2_Q75_lddt	9.907E-01	9.791E-01	9.461E-01	49.400	84	87	87
GES-44_Q75_lddt	Q6ZY58_Q75_lddt	9.906E-01	9.791E-01	9.460E-01	49.400	84	87	87
GES-44_Q75_lddt	Q6R5M7_Q75_lddt	9.904E-01	9.789E-01	9.458E-01	48.200	84	87	87
GES-44_Q75_lddt	Q6ZY74_Q75_lddt	9.904E-01	9.788E-01	9.458E-01	49.400	84	87	87
GES-44_Q75_lddt	P14171_Q75_lddt	9.820E-01	9.707E-01	9.596E-01	41.100	84	85	85
GES-44_Q75_lddt	C8CE59_Q75_lddt	9.786E-01	9.672E-01	9.561E-01	50.000	84	86	85
GES-44_Q75_lddt	C0LSK3_Q75_lddt	9.938E-01	9.705E-01	9.483E-01	48.800	84	86	86
GES-44_Q75_lddt	C8CE60_Q75_lddt	9.782E-01	9.668E-01	9.557E-01	50.000	84	86	85
GES-44_Q75_lddt	AF-E2D9D5-F1-model_v4_Q75_lddt	9.772E-01	9.659E-01	9.659E-01	33.300	84	84	84
GES-44_Q75_lddt	AF-A0A867XYA1-F1-model_v4_Q75_lddt	9.917E-01	9.801E-01	9.364E-01	44.100	84	86	88
GES-44_Q75_lddt	A3FFR2_Q75_lddt	9.936E-01	9.820E-01	9.277E-01	49.400	84	87	89
GES-44_Q75_lddt	F8SQ10_Q75_lddt	9.932E-01	9.815E-01	9.273E-01	49.400	84	87	89
GES-44_Q75_lddt	B9U2I6_Q75_lddt	9.931E-01	9.815E-01	9.273E-01	49.400	84	87	89
GES-44_Q75_lddt	Q8VP57_Q75_lddt	9.929E-01	9.813E-01	9.271E-01	49.400	84	87	89
GES-44_Q75_lddt	A0ZX91_Q75_lddt	9.928E-01	9.812E-01	9.270E-01	49.400	84	87	89
GES-44_Q75_lddt	D5LGB4_Q75_lddt	9.928E-01	9.812E-01	9.270E-01	49.400	84	87	89
GES-44_Q75_lddt	S4TWB0_Q75_lddt	9.928E-01	9.812E-01	9.270E-01	49.400	84	87	89
GES-44_Q75_lddt	Q939H3_Q75_lddt	9.928E-01	9.812E-01	9.270E-01	49.400	84	87	89
GES-44_Q75_lddt	A0A2P9E069_Q75_lddt	9.927E-01	9.811E-01	9.270E-01	49.400	84	87	89
GES-44_Q75_lddt	AF-A0A886X7X6-F1-model_v6_Q75_lddt	9.780E-01	9.667E-01	9.557E-01	40.400	84	84	85
GES-44_Q75_lddt	A0ZX80_Q75_lddt	9.926E-01	9.810E-01	9.269E-01	49.400	84	87	89
GES-44_Q75_lddt	Q0PGR7_Q75_lddt	9.926E-01	9.810E-01	9.269E-01	49.400	84	87	89
GES-44_Q75_lddt	E5Q900_Q75_lddt	9.925E-01	9.809E-01	9.268E-01	49.400	84	87	89
GES-44_Q75_lddt	Q939H5_Q75_lddt	9.924E-01	9.808E-01	9.267E-01	48.200	84	87	89
GES-44_Q75_lddt	O33677_Q75_lddt	9.765E-01	9.651E-01	9.432E-01	45.900	84	87	86
GES-44_Q75_lddt	H2ERK9_Q75_lddt	9.913E-01	9.797E-01	9.257E-01	49.400	84	87	89
GES-44_Q75_lddt	B0FP98_Q75_lddt	9.912E-01	9.796E-01	9.257E-01	49.400	84	87	89
GES-44_Q75_lddt	RAA-1_Q75_lddt	9.765E-01	9.540E-01	9.651E-01	33.300	84	84	83
GES-44_Q75_lddt	E5G517_Q75_lddt	9.905E-01	9.790E-01	9.251E-01	49.400	84	87	89
GES-44_Q75_lddt	Q2MJC2_Q75_lddt	9.904E-01	9.789E-01	9.250E-01	49.400	84	87	89
GES-44_Q75_lddt	A0A097BQY7_Q75_lddt	9.904E-01	9.789E-01	9.250E-01	49.400	84	87	89
GES-44_Q75_lddt	Q9AMJ7_Q75_lddt	9.758E-01	9.534E-01	9.645E-01	36.900	84	84	83
GES-44_Q75_lddt	Q8VP67_Q75_lddt	9.894E-01	9.778E-01	9.240E-01	49.400	84	87	89
GES-44_Q75_lddt	A1YTM5_Q75_lddt	9.751E-01	9.527E-01	9.638E-01	36.900	84	84	83
GES-44_Q75_lddt	J7HZA4_Q75_lddt	9.892E-01	9.777E-01	9.239E-01	48.200	84	87	89
GES-44_Q75_lddt	Q8KRG7_Q75_lddt	9.892E-01	9.777E-01	9.239E-01	49.400	84	87	89
GES-44_Q75_lddt	AF-A0A0D0F642-F1-model_v4_Q75_lddt	9.739E-01	9.515E-01	9.625E-01	36.900	84	84	83
GES-44_Q75_lddt	AF-J9QX37-F1-model_v4_Q75_lddt	9.792E-01	9.340E-01	9.675E-01	26.100	84	84	81
GES-44_Q75_lddt	AF-E4WMC5-F1-model_v6_Q75_lddt	9.705E-01	9.483E-01	9.592E-01	33.300	84	84	83
GES-44_Q75_lddt	Q5W3A6_Q75_lddt	9.665E-01	9.555E-01	9.555E-01	32.100	84	84	84
GES-44_Q75_lddt	Q8VT49_Q75_lddt	9.689E-01	9.468E-01	9.577E-01	33.300	84	84	83
GES-44_Q75_lddt	AF-A0A8E9ZWD0-F1-model_v6_Q75_lddt	9.686E-01	9.575E-01	9.467E-01	36.900	84	84	85
GES-44_Q75_lddt	G9MB50_Q75_lddt	9.658E-01	9.438E-01	9.547E-01	32.100	84	84	83
GES-44_Q75_lddt	G9M9P7_Q75_lddt	9.645E-01	9.426E-01	9.534E-01	34.500	84	84	83
GES-44_Q75_lddt	G9MB49_Q75_lddt	9.645E-01	9.425E-01	9.534E-01	34.500	84	84	83
GES-44_Q75_lddt	Q9X6W1_Q75_lddt	9.630E-01	9.410E-01	9.519E-01	39.200	84	84	83
GES-44_Q75_lddt	A0A1W5QH29_Q75_lddt	9.561E-01	9.450E-01	9.343E-01	33.300	84	87	85
GES-44_Q75_lddt	A0A1W5QCF3_Q75_lddt	9.553E-01	9.443E-01	9.336E-01	33.300	84	87	85
GES-44_Q75_lddt	A0A1W5QG57_Q75_lddt	9.542E-01	9.433E-01	9.325E-01	32.100	84	87	85
GES-44_Q75_lddt	Q9RAZ9_Q75_lddt	9.646E-01	9.317E-01	9.534E-01	32.100	84	84	82
GES-44_Q75_lddt	A0A0B6VPP7_Q75_lddt	9.579E-01	9.361E-01	9.469E-01	38.000	84	84	83
GES-44_Q75_lddt	A0A3Q8G682_Q75_lddt	9.560E-01	9.451E-01	9.238E-01	47.100	84	87	86
GES-44_Q75_lddt	A0A0E0SR47_Q75_lddt	9.516E-01	9.406E-01	9.300E-01	32.100	84	87	85
GES-44_Q75_lddt	AF-F4NA56-F1-model_v4_Q75_lddt	9.511E-01	9.402E-01	9.295E-01	33.300	84	87	85
GES-44_Q75_lddt	B5L5W7_Q75_lddt	9.597E-01	9.488E-01	9.175E-01	34.100	84	85	87
GES-44_Q75_lddt	Q9XBM2_Q75_lddt	9.478E-01	9.370E-01	9.161E-01	36.700	84	87	86
GES-44_Q75_lddt	AF-A0A127SQY3-F1-model_v6_Q75_lddt	9.432E-01	9.220E-01	9.325E-01	27.300	84	84	83
GES-44_Q75_lddt	Q57509_Q75_lddt	9.343E-01	9.133E-01	9.133E-01	34.100	84	85	84
GES-44_Q75_lddt	C8C0I2_Q75_lddt	9.286E-01	9.078E-01	9.181E-01	35.200	84	85	83
GES-44_Q75_lddt	C8C0D8_Q75_lddt	9.150E-01	9.048E-01	8.850E-01	27.200	84	88	86
GES-44_Q75_lddt	Q9X4S7_Q75_lddt	9.128E-01	9.026E-01	8.829E-01	28.400	84	88	86
OKP-C-1_Q75_lddt	OKP-C-1_Q75_lddt	1.012E+00	1.000E+00	1.000E+00	100.000	86	86	86
OKP-C-1_Q75_lddt	Q84H48_Q75_lddt	1.011E+00	9.988E-01	9.873E-01	90.800	86	87	87
OKP-C-1_Q75_lddt	B8YHZ8_Q75_lddt	1.010E+00	9.987E-01	9.872E-01	93.100	86	87	87
OKP-C-1_Q75_lddt	B5D620_Q75_lddt	1.010E+00	9.986E-01	9.872E-01	93.100	86	87	87
OKP-C-1_Q75_lddt	Q5I6D4_Q75_lddt	1.010E+00	9.986E-01	9.872E-01	94.200	86	87	87
OKP-C-1_Q75_lddt	A0A0P0IGT7_Q75_lddt	1.010E+00	9.986E-01	9.871E-01	91.900	86	87	87
OKP-C-1_Q75_lddt	Q2YHX8_Q75_lddt	1.010E+00	9.986E-01	9.871E-01	94.200	86	87	87
OKP-C-1_Q75_lddt	Q2YHY7_Q75_lddt	1.010E+00	9.986E-01	9.871E-01	93.100	86	87	87
OKP-C-1_Q75_lddt	Q84H47_Q75_lddt	1.010E+00	9.985E-01	9.871E-01	90.800	86	87	87
OKP-C-1_Q75_lddt	B5D612_Q75_lddt	1.010E+00	9.985E-01	9.871E-01	91.900	86	87	87
OKP-C-1_Q75_lddt	R4ISB3_Q75_lddt	1.010E+00	9.985E-01	9.870E-01	91.900	86	87	87
OKP-C-1_Q75_lddt	A0A455LP07_Q75_lddt	1.010E+00	9.985E-01	9.870E-01	91.900	86	87	87
OKP-C-1_Q75_lddt	A0A455LP13_Q75_lddt	1.010E+00	9.985E-01	9.870E-01	91.900	86	87	87
OKP-C-1_Q75_lddt	E9NST5_Q75_lddt	1.010E+00	9.985E-01	9.870E-01	89.600	86	87	87
OKP-C-1_Q75_lddt	Q2YHX6_Q75_lddt	1.010E+00	9.985E-01	9.870E-01	94.200	86	87	87
OKP-C-1_Q75_lddt	A0A455LP02_Q75_lddt	1.010E+00	9.985E-01	9.870E-01	91.900	86	87	87
OKP-C-1_Q75_lddt	Q8VQV7_Q75_lddt	1.010E+00	9.984E-01	9.869E-01	90.800	86	87	87
OKP-C-1_Q75_lddt	OKP-D-1_Q75_lddt	1.010E+00	9.984E-01	9.869E-01	90.800	86	87	87
OKP-C-1_Q75_lddt	Q6ZY77_Q75_lddt	1.010E+00	9.983E-01	9.869E-01	91.900	86	87	87
OKP-C-1_Q75_lddt	A0A455LS80_Q75_lddt	1.010E+00	9.983E-01	9.868E-01	93.100	86	87	87
OKP-C-1_Q75_lddt	Q2YHZ5_Q75_lddt	1.010E+00	9.983E-01	9.868E-01	93.100	86	87	87
OKP-C-1_Q75_lddt	Q2YHZ0_Q75_lddt	1.010E+00	9.982E-01	9.867E-01	93.100	86	87	87
OKP-C-1_Q75_lddt	Q2YHZ3_Q75_lddt	1.010E+00	9.982E-01	9.867E-01	93.100	86	87	87
OKP-C-1_Q75_lddt	AF-Q6W7F0-F1-model_v4_Q75_lddt	1.010E+00	9.981E-01	9.867E-01	82.700	86	87	87
OKP-C-1_Q75_lddt	Q6ZY74_Q75_lddt	1.010E+00	9.981E-01	9.866E-01	93.100	86	87	87
OKP-C-1_Q75_lddt	Q2YHZ2_Q75_lddt	1.010E+00	9.981E-01	9.866E-01	93.100	86	87	87
OKP-C-1_Q75_lddt	Q5PU78_Q75_lddt	1.010E+00	9.981E-01	9.866E-01	93.100	86	87	87
OKP-C-1_Q75_lddt	Q6ZY58_Q75_lddt	1.010E+00	9.980E-01	9.865E-01	91.900	86	87	87
OKP-C-1_Q75_lddt	Q6R5M7_Q75_lddt	1.010E+00	9.979E-01	9.864E-01	93.100	86	87	87
OKP-C-1_Q75_lddt	C8CE59_Q75_lddt	1.010E+00	9.863E-01	9.979E-01	96.500	86	86	85
OKP-C-1_Q75_lddt	Q9R429_Q75_lddt	1.009E+00	9.977E-01	9.863E-01	81.600	86	87	87
OKP-C-1_Q75_lddt	C8CE60_Q75_lddt	1.010E+00	9.862E-01	9.978E-01	96.500	86	86	85
OKP-C-1_Q75_lddt	Q8GHI3_Q75_lddt	1.009E+00	9.977E-01	9.862E-01	80.400	86	87	87
OKP-C-1_Q75_lddt	H9AXM1_Q75_lddt	1.009E+00	9.975E-01	9.861E-01	79.300	86	87	87
OKP-C-1_Q75_lddt	C0LSK3_Q75_lddt	1.010E+00	9.869E-01	9.869E-01	93.000	86	86	86
OKP-C-1_Q75_lddt	AF-P18251-F1-model_v4_Q75_lddt	1.010E+00	9.982E-01	9.755E-01	94.100	86	86	88
OKP-C-1_Q75_lddt	AF-A0A867XYA1-F1-model_v4_Q75_lddt	1.009E+00	9.973E-01	9.747E-01	88.300	86	86	88
OKP-C-1_Q75_lddt	A3FFR2_Q75_lddt	1.010E+00	9.987E-01	9.651E-01	96.500	86	87	89
OKP-C-1_Q75_lddt	B9U2I6_Q75_lddt	1.010E+00	9.986E-01	9.650E-01	96.500	86	87	89
OKP-C-1_Q75_lddt	A0ZX80_Q75_lddt	1.010E+00	9.985E-01	9.649E-01	96.500	86	87	89
OKP-C-1_Q75_lddt	Q8VP57_Q75_lddt	1.010E+00	9.985E-01	9.649E-01	96.500	86	87	89
OKP-C-1_Q75_lddt	D5LGB4_Q75_lddt	1.010E+00	9.985E-01	9.649E-01	96.500	86	87	89
OKP-C-1_Q75_lddt	A0ZX91_Q75_lddt	1.010E+00	9.985E-01	9.649E-01	96.500	86	87	89
OKP-C-1_Q75_lddt	Q939H3_Q75_lddt	1.010E+00	9.985E-01	9.649E-01	90.800	86	87	89
OKP-C-1_Q75_lddt	E5Q900_Q75_lddt	1.010E+00	9.985E-01	9.649E-01	96.500	86	87	89
OKP-C-1_Q75_lddt	S4TWB0_Q75_lddt	1.010E+00	9.985E-01	9.649E-01	96.500	86	87	89
OKP-C-1_Q75_lddt	A0A2P9E069_Q75_lddt	1.010E+00	9.984E-01	9.648E-01	96.500	86	87	89
OKP-C-1_Q75_lddt	Q0PGR7_Q75_lddt	1.010E+00	9.983E-01	9.647E-01	95.400	86	87	89
OKP-C-1_Q75_lddt	F8SQ10_Q75_lddt	1.010E+00	9.981E-01	9.645E-01	96.500	86	87	89
OKP-C-1_Q75_lddt	Q939H5_Q75_lddt	1.010E+00	9.980E-01	9.644E-01	95.400	86	87	89
OKP-C-1_Q75_lddt	E5G517_Q75_lddt	1.010E+00	9.979E-01	9.643E-01	96.500	86	87	89
OKP-C-1_Q75_lddt	H2ERK9_Q75_lddt	1.010E+00	9.979E-01	9.643E-01	96.500	86	87	89
OKP-C-1_Q75_lddt	B0FP98_Q75_lddt	1.010E+00	9.979E-01	9.643E-01	95.400	86	87	89
OKP-C-1_Q75_lddt	Q2MJC2_Q75_lddt	1.010E+00	9.979E-01	9.643E-01	96.500	86	87	89
OKP-C-1_Q75_lddt	A0A097BQY7_Q75_lddt	1.010E+00	9.978E-01	9.643E-01	96.500	86	87	89
OKP-C-1_Q75_lddt	Q8VP67_Q75_lddt	1.009E+00	9.975E-01	9.639E-01	96.500	86	87	89
OKP-C-1_Q75_lddt	Q8KRG7_Q75_lddt	1.009E+00	9.974E-01	9.639E-01	95.400	86	87	89
OKP-C-1_Q75_lddt	J7HZA4_Q75_lddt	1.009E+00	9.973E-01	9.638E-01	95.400	86	87	89
OKP-C-1_Q75_lddt	O33677_Q75_lddt	9.913E-01	9.799E-01	9.799E-01	79.300	86	87	86
OKP-C-1_Q75_lddt	B7FDD9_Q75_lddt	1.011E+00	9.521E-01	9.985E-01	93.000	86	86	82
OKP-C-1_Q75_lddt	Q3SAW3_Q75_lddt	9.982E-01	9.638E-01	9.865E-01	55.800	86	86	84
OKP-C-1_Q75_lddt	P14171_Q75_lddt	9.933E-01	9.706E-01	9.818E-01	56.900	86	86	85
OKP-C-1_Q75_lddt	C5HUY1_Q75_lddt	9.974E-01	9.631E-01	9.857E-01	48.800	86	86	84
OKP-C-1_Q75_lddt	C6GC02_Q75_lddt	9.973E-01	9.630E-01	9.856E-01	47.600	86	86	84
OKP-C-1_Q75_lddt	A0A097ZLX5_Q75_lddt	9.973E-01	9.630E-01	9.856E-01	48.800	86	86	84
OKP-C-1_Q75_lddt	GES-44_Q75_lddt	9.958E-01	9.616E-01	9.841E-01	48.800	86	86	84
OKP-C-1_Q75_lddt	AF-A0A1J0HSJ3-F1-model_v4_Q75_lddt	1.004E+00	9.460E-01	9.918E-01	54.600	86	86	82
OKP-C-1_Q75_lddt	GES-41_Q75_lddt	9.955E-01	9.613E-01	9.839E-01	48.800	86	86	84
OKP-C-1_Q75_lddt	AF-A0A3G1JAD7-F1-model_v4_Q75_lddt	1.003E+00	9.456E-01	9.913E-01	55.800	86	86	82
OKP-C-1_Q75_lddt	SGM-3_Q75_lddt	9.971E-01	9.628E-01	9.739E-01	53.400	86	86	85
OKP-C-1_Q75_lddt	SGM-2_Q75_lddt	9.970E-01	9.627E-01	9.739E-01	53.400	86	86	85
OKP-C-1_Q75_lddt	SGM-5_Q75_lddt	9.903E-01	9.565E-01	9.675E-01	51.100	86	86	85
OKP-C-1_Q75_lddt	PER-16_Q75_lddt	9.863E-01	9.527E-01	9.749E-01	41.800	86	86	84
OKP-C-1_Q75_lddt	A0A2Z2Z6H0_Q75_lddt	9.855E-01	9.519E-01	9.740E-01	48.800	86	86	84
OKP-C-1_Q75_lddt	AF-Q1NAL0-F1-model_v4_Q75_lddt	9.885E-01	9.547E-01	9.657E-01	54.600	86	86	85
OKP-C-1_Q75_lddt	AF-A0A886X7X6-F1-model_v6_Q75_lddt	9.877E-01	9.540E-01	9.650E-01	31.300	86	86	85
OKP-C-1_Q75_lddt	AF-E2D9D5-F1-model_v4_Q75_lddt	9.839E-01	9.504E-01	9.725E-01	31.300	86	86	84
OKP-C-1_Q75_lddt	Q9AMJ7_Q75_lddt	9.868E-01	9.420E-01	9.752E-01	30.200	86	86	83
OKP-C-1_Q75_lddt	A1YTM5_Q75_lddt	9.863E-01	9.416E-01	9.747E-01	30.200	86	86	83
OKP-C-1_Q75_lddt	D5HSX5_Q75_lddt	9.852E-01	9.405E-01	9.736E-01	41.800	86	86	83
OKP-C-1_Q75_lddt	RAA-1_Q75_lddt	9.843E-01	9.397E-01	9.728E-01	32.500	86	86	83
OKP-C-1_Q75_lddt	F8T7L4_Q75_lddt	9.839E-01	9.393E-01	9.723E-01	38.300	86	86	83
OKP-C-1_Q75_lddt	Q5XQD3_Q75_lddt	9.838E-01	9.392E-01	9.722E-01	38.300	86	86	83
OKP-C-1_Q75_lddt	P74842_Q75_lddt	9.834E-01	9.389E-01	9.719E-01	39.500	86	86	83
OKP-C-1_Q75_lddt	Q8VT49_Q75_lddt	9.818E-01	9.374E-01	9.703E-01	30.200	86	86	83
OKP-C-1_Q75_lddt	Q5W3A6_Q75_lddt	9.769E-01	9.440E-01	9.657E-01	33.700	86	86	84
OKP-C-1_Q75_lddt	AF-A0A0D0F642-F1-model_v4_Q75_lddt	9.809E-01	9.366E-01	9.694E-01	31.300	86	86	83
OKP-C-1_Q75_lddt	A0A1W5QH29_Q75_lddt	9.685E-01	9.467E-01	9.575E-01	36.700	86	87	85
OKP-C-1_Q75_lddt	A0A1W5QCF3_Q75_lddt	9.676E-01	9.458E-01	9.566E-01	36.700	86	87	85
OKP-C-1_Q75_lddt	A0A3Q8G682_Q75_lddt	9.602E-01	9.494E-01	9.494E-01	52.800	86	87	86
OKP-C-1_Q75_lddt	AF-E4WMC5-F1-model_v6_Q75_lddt	9.778E-01	9.337E-01	9.664E-01	37.200	86	86	83
OKP-C-1_Q75_lddt	G9MB50_Q75_lddt	9.765E-01	9.326E-01	9.652E-01	31.300	86	86	83
OKP-C-1_Q75_lddt	A0A1W5QG57_Q75_lddt	9.647E-01	9.430E-01	9.537E-01	36.700	86	87	85
OKP-C-1_Q75_lddt	G9M9P7_Q75_lddt	9.759E-01	9.320E-01	9.646E-01	30.200	86	86	83
OKP-C-1_Q75_lddt	G9MB49_Q75_lddt	9.757E-01	9.318E-01	9.643E-01	31.300	86	86	83
OKP-C-1_Q75_lddt	Q9XBM2_Q75_lddt	9.562E-01	9.455E-01	9.455E-01	41.300	86	87	86
OKP-C-1_Q75_lddt	AF-J9QX37-F1-model_v4_Q75_lddt	9.814E-01	9.149E-01	9.697E-01	29.000	86	86	81
OKP-C-1_Q75_lddt	AF-A0A8E9ZWD0-F1-model_v6_Q75_lddt	9.727E-01	9.400E-01	9.507E-01	31.300	86	86	85
OKP-C-1_Q75_lddt	Q9X6W1_Q75_lddt	9.703E-01	9.267E-01	9.590E-01	31.300	86	86	83
OKP-C-1_Q75_lddt	Q9RAZ9_Q75_lddt	9.754E-01	9.206E-01	9.640E-01	31.300	86	86	82
OKP-C-1_Q75_lddt	B5L5W7_Q75_lddt	9.685E-01	9.468E-01	9.363E-01	37.200	86	86	87
OKP-C-1_Q75_lddt	A0A0E0SR47_Q75_lddt	9.580E-01	9.366E-01	9.472E-01	37.900	86	87	85
OKP-C-1_Q75_lddt	A0A0B6VPP7_Q75_lddt	9.669E-01	9.236E-01	9.557E-01	30.200	86	86	83
OKP-C-1_Q75_lddt	AF-F4NA56-F1-model_v4_Q75_lddt	9.539E-01	9.327E-01	9.432E-01	35.600	86	87	85
OKP-C-1_Q75_lddt	AF-A0A127SQY3-F1-model_v6_Q75_lddt	9.525E-01	9.103E-01	9.416E-01	25.500	86	86	83
OKP-C-1_Q75_lddt	Q57509_Q75_lddt	9.493E-01	9.070E-01	9.277E-01	29.800	86	87	84
OKP-C-1_Q75_lddt	C8C0I2_Q75_lddt	9.446E-01	9.030E-01	9.339E-01	32.500	86	86	83
OKP-C-1_Q75_lddt	C8C0D8_Q75_lddt	9.159E-01	9.059E-01	9.059E-01	26.100	86	88	86
OKP-C-1_Q75_lddt	Q9X4S7_Q75_lddt	9.138E-01	9.038E-01	9.038E-01	28.400	86	88	86
G9MB50_Q75_lddt	G9MB50_Q75_lddt	1.012E+00	1.000E+00	1.000E+00	100.000	83	83	83
G9MB50_Q75_lddt	G9MB49_Q75_lddt	1.012E+00	9.999E-01	9.999E-01	97.500	83	83	83
G9MB50_Q75_lddt	G9M9P7_Q75_lddt	1.012E+00	9.998E-01	9.998E-01	96.300	83	83	83
G9MB50_Q75_lddt	AF-A0A0D0F642-F1-model_v4_Q75_lddt	1.004E+00	9.923E-01	9.923E-01	55.400	83	83	83
G9MB50_Q75_lddt	Q8VT49_Q75_lddt	1.004E+00	9.922E-01	9.922E-01	60.200	83	83	83
G9MB50_Q75_lddt	RAA-1_Q75_lddt	1.001E+00	9.893E-01	9.893E-01	65.000	83	83	83
G9MB50_Q75_lddt	Q9RAZ9_Q75_lddt	1.005E+00	9.807E-01	9.926E-01	60.200	83	83	82
G9MB50_Q75_lddt	AF-E2D9D5-F1-model_v4_Q75_lddt	1.004E+00	9.916E-01	9.798E-01	55.900	83	84	84
G9MB50_Q75_lddt	Q9AMJ7_Q75_lddt	9.983E-01	9.865E-01	9.865E-01	50.600	83	83	83
G9MB50_Q75_lddt	A1YTM5_Q75_lddt	9.981E-01	9.862E-01	9.862E-01	50.600	83	83	83
G9MB50_Q75_lddt	Q5W3A6_Q75_lddt	9.989E-01	9.870E-01	9.754E-01	46.400	83	84	84
G9MB50_Q75_lddt	A0A0B6VPP7_Q75_lddt	9.899E-01	9.782E-01	9.782E-01	50.600	83	83	83
G9MB50_Q75_lddt	Q9X6W1_Q75_lddt	9.898E-01	9.781E-01	9.781E-01	48.100	83	83	83
G9MB50_Q75_lddt	AF-A0A886X7X6-F1-model_v6_Q75_lddt	9.995E-01	9.876E-01	9.646E-01	45.200	83	84	85
G9MB50_Q75_lddt	AF-A0A127SQY3-F1-model_v6_Q75_lddt	9.823E-01	9.708E-01	9.708E-01	44.500	83	83	83
G9MB50_Q75_lddt	D5HSX5_Q75_lddt	9.825E-01	9.710E-01	9.710E-01	48.100	83	83	83
G9MB50_Q75_lddt	PER-16_Q75_lddt	9.863E-01	9.747E-01	9.634E-01	47.600	83	84	84
G9MB50_Q75_lddt	AF-J9QX37-F1-model_v4_Q75_lddt	9.909E-01	9.558E-01	9.789E-01	38.500	83	83	81
G9MB50_Q75_lddt	P74842_Q75_lddt	9.816E-01	9.702E-01	9.702E-01	49.300	83	83	83
G9MB50_Q75_lddt	Q5XQD3_Q75_lddt	9.815E-01	9.700E-01	9.700E-01	46.900	83	83	83
G9MB50_Q75_lddt	F8T7L4_Q75_lddt	9.815E-01	9.700E-01	9.700E-01	46.900	83	83	83
G9MB50_Q75_lddt	AF-E4WMC5-F1-model_v6_Q75_lddt	9.816E-01	9.701E-01	9.701E-01	37.300	83	83	83
G9MB50_Q75_lddt	AF-A0A8E9ZWD0-F1-model_v6_Q75_lddt	9.873E-01	9.757E-01	9.533E-01	44.000	83	84	85
G9MB50_Q75_lddt	C8C0I2_Q75_lddt	9.739E-01	9.624E-01	9.624E-01	48.800	83	84	83
G9MB50_Q75_lddt	AF-A0A3G1JAD7-F1-model_v4_Q75_lddt	9.756E-01	9.529E-01	9.641E-01	36.100	83	83	82
G9MB50_Q75_lddt	B7FDD9_Q75_lddt	9.761E-01	9.534E-01	9.647E-01	31.300	83	83	82
G9MB50_Q75_lddt	AF-A0A1J0HSJ3-F1-model_v4_Q75_lddt	9.753E-01	9.526E-01	9.638E-01	36.100	83	83	82
G9MB50_Q75_lddt	C8CE59_Q75_lddt	9.787E-01	9.673E-01	9.453E-01	31.700	83	85	85
G9MB50_Q75_lddt	Q57509_Q75_lddt	9.689E-01	9.575E-01	9.464E-01	41.600	83	84	84
G9MB50_Q75_lddt	C8CE60_Q75_lddt	9.771E-01	9.657E-01	9.437E-01	31.700	83	85	85
G9MB50_Q75_lddt	Q9R429_Q75_lddt	9.813E-01	9.698E-01	9.265E-01	28.700	83	87	87
G9MB50_Q75_lddt	H9AXM1_Q75_lddt	9.812E-01	9.698E-01	9.265E-01	28.700	83	87	87
G9MB50_Q75_lddt	Q8GHI3_Q75_lddt	9.811E-01	9.696E-01	9.263E-01	28.700	83	87	87
G9MB50_Q75_lddt	Q3SAW3_Q75_lddt	9.677E-01	9.565E-01	9.456E-01	32.100	83	84	84
G9MB50_Q75_lddt	OKP-C-1_Q75_lddt	9.765E-01	9.652E-01	9.326E-01	31.300	83	86	86
G9MB50_Q75_lddt	AF-Q6W7F0-F1-model_v4_Q75_lddt	9.800E-01	9.686E-01	9.253E-01	29.800	83	87	87
G9MB50_Q75_lddt	Q2YHX6_Q75_lddt	9.798E-01	9.683E-01	9.252E-01	31.000	83	87	87
G9MB50_Q75_lddt	A0A455LS80_Q75_lddt	9.798E-01	9.684E-01	9.252E-01	29.800	83	87	87
G9MB50_Q75_lddt	Q5PU78_Q75_lddt	9.799E-01	9.684E-01	9.252E-01	31.000	83	87	87
G9MB50_Q75_lddt	SGM-3_Q75_lddt	9.717E-01	9.604E-01	9.387E-01	41.600	83	84	85
G9MB50_Q75_lddt	Q2YHZ2_Q75_lddt	9.798E-01	9.683E-01	9.251E-01	31.000	83	87	87
G9MB50_Q75_lddt	SGM-2_Q75_lddt	9.713E-01	9.600E-01	9.383E-01	41.600	83	84	85
G9MB50_Q75_lddt	Q2YHY7_Q75_lddt	9.790E-01	9.676E-01	9.244E-01	31.000	83	87	87
G9MB50_Q75_lddt	Q84H47_Q75_lddt	9.790E-01	9.676E-01	9.245E-01	29.800	83	87	87
G9MB50_Q75_lddt	A0A455LP07_Q75_lddt	9.790E-01	9.675E-01	9.244E-01	29.800	83	87	87
G9MB50_Q75_lddt	Q6R5M7_Q75_lddt	9.791E-01	9.677E-01	9.246E-01	31.000	83	87	87
G9MB50_Q75_lddt	A0A455LP13_Q75_lddt	9.789E-01	9.675E-01	9.244E-01	29.800	83	87	87
G9MB50_Q75_lddt	Q5I6D4_Q75_lddt	9.789E-01	9.675E-01	9.244E-01	31.000	83	87	87
G9MB50_Q75_lddt	A0A455LP02_Q75_lddt	9.788E-01	9.674E-01	9.243E-01	29.800	83	87	87
G9MB50_Q75_lddt	Q2YHX8_Q75_lddt	9.788E-01	9.674E-01	9.243E-01	31.000	83	87	87
G9MB50_Q75_lddt	B5D620_Q75_lddt	9.788E-01	9.673E-01	9.242E-01	31.000	83	87	87
G9MB50_Q75_lddt	Q8VQV7_Q75_lddt	9.787E-01	9.673E-01	9.242E-01	29.800	83	87	87
G9MB50_Q75_lddt	E9NST5_Q75_lddt	9.785E-01	9.671E-01	9.240E-01	29.800	83	87	87
G9MB50_Q75_lddt	Q84H48_Q75_lddt	9.784E-01	9.670E-01	9.239E-01	29.800	83	87	87
G9MB50_Q75_lddt	B5D612_Q75_lddt	9.786E-01	9.672E-01	9.241E-01	29.800	83	87	87
G9MB50_Q75_lddt	R4ISB3_Q75_lddt	9.785E-01	9.671E-01	9.240E-01	29.800	83	87	87
G9MB50_Q75_lddt	Q2YHZ5_Q75_lddt	9.785E-01	9.671E-01	9.240E-01	31.000	83	87	87
G9MB50_Q75_lddt	B8YHZ8_Q75_lddt	9.784E-01	9.670E-01	9.239E-01	31.000	83	87	87
G9MB50_Q75_lddt	Q2YHZ3_Q75_lddt	9.785E-01	9.671E-01	9.240E-01	31.000	83	87	87
G9MB50_Q75_lddt	Q6ZY77_Q75_lddt	9.784E-01	9.670E-01	9.240E-01	31.000	83	87	87
G9MB50_Q75_lddt	Q2YHZ0_Q75_lddt	9.782E-01	9.668E-01	9.238E-01	31.000	83	87	87
G9MB50_Q75_lddt	A0A0P0IGT7_Q75_lddt	9.781E-01	9.667E-01	9.236E-01	29.800	83	87	87
G9MB50_Q75_lddt	Q6ZY74_Q75_lddt	9.781E-01	9.667E-01	9.237E-01	31.000	83	87	87
G9MB50_Q75_lddt	A0A097ZLX5_Q75_lddt	9.661E-01	9.549E-01	9.440E-01	32.100	83	84	84
G9MB50_Q75_lddt	C5HUY1_Q75_lddt	9.660E-01	9.548E-01	9.440E-01	32.100	83	84	84
G9MB50_Q75_lddt	GES-44_Q75_lddt	9.658E-01	9.547E-01	9.438E-01	32.100	83	84	84
G9MB50_Q75_lddt	C6GC02_Q75_lddt	9.657E-01	9.546E-01	9.437E-01	30.900	83	84	84
G9MB50_Q75_lddt	GES-41_Q75_lddt	9.647E-01	9.536E-01	9.428E-01	32.100	83	84	84
G9MB50_Q75_lddt	Q6ZY58_Q75_lddt	9.761E-01	9.648E-01	9.219E-01	31.000	83	87	87
G9MB50_Q75_lddt	AF-P18251-F1-model_v4_Q75_lddt	9.777E-01	9.663E-01	9.131E-01	30.200	83	86	88
G9MB50_Q75_lddt	C0LSK3_Q75_lddt	9.773E-01	9.545E-01	9.223E-01	30.200	83	86	86
G9MB50_Q75_lddt	OKP-D-1_Q75_lddt	9.725E-01	9.613E-01	9.187E-01	31.000	83	87	87
G9MB50_Q75_lddt	E5G517_Q75_lddt	9.797E-01	9.682E-01	9.049E-01	31.000	83	87	89
G9MB50_Q75_lddt	P14171_Q75_lddt	9.636E-01	9.525E-01	9.310E-01	25.800	83	85	85
G9MB50_Q75_lddt	A0ZX91_Q75_lddt	9.793E-01	9.679E-01	9.045E-01	31.000	83	87	89
G9MB50_Q75_lddt	Q2MJC2_Q75_lddt	9.793E-01	9.679E-01	9.045E-01	31.000	83	87	89
G9MB50_Q75_lddt	Q8VP57_Q75_lddt	9.792E-01	9.678E-01	9.044E-01	31.000	83	87	89
G9MB50_Q75_lddt	B9U2I6_Q75_lddt	9.790E-01	9.676E-01	9.043E-01	31.000	83	87	89
G9MB50_Q75_lddt	A0ZX80_Q75_lddt	9.791E-01	9.676E-01	9.043E-01	31.000	83	87	89
G9MB50_Q75_lddt	D5LGB4_Q75_lddt	9.790E-01	9.676E-01	9.043E-01	31.000	83	87	89
G9MB50_Q75_lddt	S4TWB0_Q75_lddt	9.790E-01	9.676E-01	9.043E-01	31.000	83	87	89
G9MB50_Q75_lddt	AF-A0A867XYA1-F1-model_v4_Q75_lddt	9.754E-01	9.640E-01	9.111E-01	26.700	83	86	88
G9MB50_Q75_lddt	A0A2P9E069_Q75_lddt	9.789E-01	9.675E-01	9.042E-01	31.000	83	87	89
G9MB50_Q75_lddt	C8C0D8_Q75_lddt	9.614E-01	9.501E-01	9.179E-01	28.700	83	87	86
G9MB50_Q75_lddt	E5Q900_Q75_lddt	9.788E-01	9.674E-01	9.041E-01	31.000	83	87	89
G9MB50_Q75_lddt	Q939H5_Q75_lddt	9.787E-01	9.673E-01	9.040E-01	31.000	83	87	89
G9MB50_Q75_lddt	Q939H3_Q75_lddt	9.785E-01	9.671E-01	9.039E-01	29.800	83	87	89
G9MB50_Q75_lddt	Q0PGR7_Q75_lddt	9.785E-01	9.671E-01	9.039E-01	31.000	83	87	89
G9MB50_Q75_lddt	F8SQ10_Q75_lddt	9.785E-01	9.671E-01	9.038E-01	31.000	83	87	89
G9MB50_Q75_lddt	Q8VP67_Q75_lddt	9.785E-01	9.671E-01	9.039E-01	31.000	83	87	89
G9MB50_Q75_lddt	A3FFR2_Q75_lddt	9.782E-01	9.668E-01	9.036E-01	31.000	83	87	89
G9MB50_Q75_lddt	Q9X4S7_Q75_lddt	9.608E-01	9.495E-01	9.174E-01	28.700	83	87	86
G9MB50_Q75_lddt	J7HZA4_Q75_lddt	9.783E-01	9.669E-01	9.037E-01	31.000	83	87	89
G9MB50_Q75_lddt	O33677_Q75_lddt	9.636E-01	9.524E-01	9.203E-01	27.500	83	87	86
G9MB50_Q75_lddt	A0A097BQY7_Q75_lddt	9.781E-01	9.667E-01	9.036E-01	31.000	83	87	89
G9MB50_Q75_lddt	H2ERK9_Q75_lddt	9.779E-01	9.665E-01	9.034E-01	31.000	83	87	89
G9MB50_Q75_lddt	Q8KRG7_Q75_lddt	9.778E-01	9.664E-01	9.033E-01	31.000	83	87	89
G9MB50_Q75_lddt	B0FP98_Q75_lddt	9.776E-01	9.662E-01	9.031E-01	31.000	83	87	89
G9MB50_Q75_lddt	AF-Q1NAL0-F1-model_v4_Q75_lddt	9.617E-01	9.506E-01	9.293E-01	38.000	83	84	85
G9MB50_Q75_lddt	SGM-5_Q75_lddt	9.589E-01	9.479E-01	9.266E-01	39.200	83	84	85
G9MB50_Q75_lddt	A0A2Z2Z6H0_Q75_lddt	9.529E-01	9.420E-01	9.313E-01	30.900	83	84	84
G9MB50_Q75_lddt	B5L5W7_Q75_lddt	9.606E-01	9.496E-01	9.078E-01	40.000	83	85	87
G9MB50_Q75_lddt	Q9XBM2_Q75_lddt	9.414E-01	9.306E-01	8.997E-01	22.900	83	87	86
G9MB50_Q75_lddt	A0A3Q8G682_Q75_lddt	9.328E-01	9.222E-01	8.918E-01	27.500	83	87	86
G9MB50_Q75_lddt	A0A0E0SR47_Q75_lddt	9.208E-01	9.105E-01	8.904E-01	29.800	83	87	85
G9MB50_Q75_lddt	A0A1W5QH29_Q75_lddt	9.182E-01	9.079E-01	8.879E-01	29.800	83	87	85
G9MB50_Q75_lddt	A0A1W5QCF3_Q75_lddt	9.167E-01	9.064E-01	8.865E-01	29.800	83	87	85
G9MB50_Q75_lddt	A0A1W5QG57_Q75_lddt	9.144E-01	9.042E-01	8.844E-01	31.000	83	87	85
G9MB50_Q75_lddt	AF-F4NA56-F1-model_v4_Q75_lddt	9.135E-01	9.033E-01	8.835E-01	27.500	83	87	85
O33677_Q75_lddt	O33677_Q75_lddt	1.012E+00	1.000E+00	1.000E+00	100.000	86	86	86
O33677_Q75_lddt	H9AXM1_Q75_lddt	1.006E+00	9.944E-01	9.830E-01	95.400	86	87	87
O33677_Q75_lddt	Q9R429_Q75_lddt	1.006E+00	9.943E-01	9.830E-01	96.500	86	87	87
O33677_Q75_lddt	Q8GHI3_Q75_lddt	1.006E+00	9.941E-01	9.827E-01	97.700	86	87	87
O33677_Q75_lddt	Q84H47_Q75_lddt	1.005E+00	9.931E-01	9.818E-01	75.800	86	87	87
O33677_Q75_lddt	Q8VQV7_Q75_lddt	1.005E+00	9.930E-01	9.817E-01	75.800	86	87	87
O33677_Q75_lddt	Q2YHZ2_Q75_lddt	1.005E+00	9.930E-01	9.817E-01	78.100	86	87	87
O33677_Q75_lddt	Q2YHZ0_Q75_lddt	1.005E+00	9.930E-01	9.816E-01	78.100	86	87	87
O33677_Q75_lddt	Q2YHZ5_Q75_lddt	1.005E+00	9.930E-01	9.816E-01	78.100	86	87	87
O33677_Q75_lddt	Q84H48_Q75_lddt	1.005E+00	9.930E-01	9.816E-01	75.800	86	87	87
O33677_Q75_lddt	B8YHZ8_Q75_lddt	1.005E+00	9.929E-01	9.816E-01	78.100	86	87	87
O33677_Q75_lddt	AF-Q6W7F0-F1-model_v4_Q75_lddt	1.005E+00	9.929E-01	9.816E-01	82.700	86	87	87
O33677_Q75_lddt	Q2YHX8_Q75_lddt	1.004E+00	9.929E-01	9.815E-01	78.100	86	87	87
O33677_Q75_lddt	Q2YHZ3_Q75_lddt	1.004E+00	9.929E-01	9.815E-01	78.100	86	87	87
O33677_Q75_lddt	R4ISB3_Q75_lddt	1.004E+00	9.928E-01	9.815E-01	77.000	86	87	87
O33677_Q75_lddt	B5D612_Q75_lddt	1.004E+00	9.928E-01	9.815E-01	77.000	86	87	87
O33677_Q75_lddt	Q5I6D4_Q75_lddt	1.004E+00	9.928E-01	9.815E-01	78.100	86	87	87
O33677_Q75_lddt	A0A455LP02_Q75_lddt	1.004E+00	9.928E-01	9.815E-01	77.000	86	87	87
O33677_Q75_lddt	A0A455LP07_Q75_lddt	1.004E+00	9.928E-01	9.815E-01	77.000	86	87	87
O33677_Q75_lddt	E9NST5_Q75_lddt	1.004E+00	9.928E-01	9.814E-01	74.700	86	87	87
O33677_Q75_lddt	Q2YHX6_Q75_lddt	1.004E+00	9.927E-01	9.814E-01	78.100	86	87	87
O33677_Q75_lddt	A0A455LP13_Q75_lddt	1.004E+00	9.927E-01	9.814E-01	77.000	86	87	87
O33677_Q75_lddt	Q6ZY77_Q75_lddt	1.004E+00	9.927E-01	9.813E-01	77.000	86	87	87
O33677_Q75_lddt	Q5PU78_Q75_lddt	1.004E+00	9.927E-01	9.814E-01	79.300	86	87	87
O33677_Q75_lddt	B5D620_Q75_lddt	1.004E+00	9.927E-01	9.814E-01	78.100	86	87	87
O33677_Q75_lddt	Q2YHY7_Q75_lddt	1.004E+00	9.926E-01	9.813E-01	78.100	86	87	87
O33677_Q75_lddt	A0A455LS80_Q75_lddt	1.004E+00	9.925E-01	9.812E-01	78.100	86	87	87
O33677_Q75_lddt	A0A0P0IGT7_Q75_lddt	1.004E+00	9.925E-01	9.811E-01	77.000	86	87	87
O33677_Q75_lddt	Q6ZY58_Q75_lddt	1.004E+00	9.924E-01	9.811E-01	77.000	86	87	87
O33677_Q75_lddt	Q6ZY74_Q75_lddt	1.004E+00	9.921E-01	9.808E-01	78.100	86	87	87
O33677_Q75_lddt	Q6R5M7_Q75_lddt	1.004E+00	9.921E-01	9.808E-01	79.300	86	87	87
O33677_Q75_lddt	OKP-D-1_Q75_lddt	1.002E+00	9.902E-01	9.789E-01	77.000	86	87	87
O33677_Q75_lddt	C0LSK3_Q75_lddt	1.004E+00	9.810E-01	9.810E-01	77.900	86	86	86
O33677_Q75_lddt	OKP-C-1_Q75_lddt	9.913E-01	9.799E-01	9.799E-01	79.300	86	87	86
O33677_Q75_lddt	A0A2P9E069_Q75_lddt	1.005E+00	9.932E-01	9.599E-01	79.300	86	87	89
O33677_Q75_lddt	D5LGB4_Q75_lddt	1.005E+00	9.931E-01	9.598E-01	79.300	86	87	89
O33677_Q75_lddt	Q2MJC2_Q75_lddt	1.005E+00	9.931E-01	9.598E-01	79.300	86	87	89
O33677_Q75_lddt	A0ZX91_Q75_lddt	1.005E+00	9.930E-01	9.597E-01	79.300	86	87	89
O33677_Q75_lddt	A0A097BQY7_Q75_lddt	1.005E+00	9.929E-01	9.597E-01	79.300	86	87	89
O33677_Q75_lddt	B9U2I6_Q75_lddt	1.005E+00	9.929E-01	9.596E-01	79.300	86	87	89
O33677_Q75_lddt	A0ZX80_Q75_lddt	1.005E+00	9.929E-01	9.596E-01	79.300	86	87	89
O33677_Q75_lddt	E5Q900_Q75_lddt	1.005E+00	9.929E-01	9.596E-01	79.300	86	87	89
O33677_Q75_lddt	S4TWB0_Q75_lddt	1.005E+00	9.929E-01	9.596E-01	79.300	86	87	89
O33677_Q75_lddt	Q8VP57_Q75_lddt	1.004E+00	9.929E-01	9.596E-01	79.300	86	87	89
O33677_Q75_lddt	Q0PGR7_Q75_lddt	1.004E+00	9.929E-01	9.596E-01	78.100	86	87	89
O33677_Q75_lddt	Q939H3_Q75_lddt	1.004E+00	9.928E-01	9.595E-01	75.800	86	87	89
O33677_Q75_lddt	A3FFR2_Q75_lddt	1.004E+00	9.927E-01	9.594E-01	79.300	86	87	89
O33677_Q75_lddt	C8CE59_Q75_lddt	9.929E-01	9.700E-01	9.813E-01	77.000	86	87	85
O33677_Q75_lddt	C8CE60_Q75_lddt	9.924E-01	9.695E-01	9.808E-01	77.000	86	87	85
O33677_Q75_lddt	Q939H5_Q75_lddt	1.003E+00	9.918E-01	9.586E-01	78.100	86	87	89
O33677_Q75_lddt	J7HZA4_Q75_lddt	1.003E+00	9.918E-01	9.586E-01	78.100	86	87	89
O33677_Q75_lddt	H2ERK9_Q75_lddt	1.003E+00	9.918E-01	9.586E-01	79.300	86	87	89
O33677_Q75_lddt	Q8VP67_Q75_lddt	1.003E+00	9.918E-01	9.586E-01	79.300	86	87	89
O33677_Q75_lddt	F8SQ10_Q75_lddt	1.003E+00	9.917E-01	9.586E-01	79.300	86	87	89
O33677_Q75_lddt	B0FP98_Q75_lddt	1.003E+00	9.915E-01	9.583E-01	78.100	86	87	89
O33677_Q75_lddt	Q8KRG7_Q75_lddt	1.003E+00	9.915E-01	9.583E-01	78.100	86	87	89
O33677_Q75_lddt	E5G517_Q75_lddt	9.989E-01	9.874E-01	9.544E-01	78.100	86	87	89
O33677_Q75_lddt	AF-P18251-F1-model_v4_Q75_lddt	9.914E-01	9.800E-01	9.579E-01	74.700	86	87	88
O33677_Q75_lddt	AF-A0A867XYA1-F1-model_v4_Q75_lddt	9.912E-01	9.797E-01	9.576E-01	68.900	86	87	88
O33677_Q75_lddt	B7FDD9_Q75_lddt	9.918E-01	9.345E-01	9.798E-01	73.500	86	87	82
O33677_Q75_lddt	P14171_Q75_lddt	9.760E-01	9.538E-01	9.648E-01	54.000	86	87	85
O33677_Q75_lddt	Q3SAW3_Q75_lddt	9.777E-01	9.442E-01	9.663E-01	48.200	86	87	84
O33677_Q75_lddt	C5HUY1_Q75_lddt	9.777E-01	9.443E-01	9.663E-01	45.900	86	87	84
O33677_Q75_lddt	A0A097ZLX5_Q75_lddt	9.777E-01	9.443E-01	9.663E-01	45.900	86	87	84
O33677_Q75_lddt	C6GC02_Q75_lddt	9.776E-01	9.442E-01	9.662E-01	44.800	86	87	84
O33677_Q75_lddt	AF-A0A3G1JAD7-F1-model_v4_Q75_lddt	9.849E-01	9.284E-01	9.730E-01	51.700	86	87	82
O33677_Q75_lddt	GES-44_Q75_lddt	9.765E-01	9.432E-01	9.651E-01	45.900	86	87	84
O33677_Q75_lddt	GES-41_Q75_lddt	9.762E-01	9.429E-01	9.648E-01	45.900	86	87	84
O33677_Q75_lddt	AF-A0A1J0HSJ3-F1-model_v4_Q75_lddt	9.839E-01	9.275E-01	9.721E-01	51.700	86	87	82
O33677_Q75_lddt	PER-16_Q75_lddt	9.731E-01	9.400E-01	9.618E-01	36.700	86	87	84
O33677_Q75_lddt	SGM-3_Q75_lddt	9.767E-01	9.434E-01	9.542E-01	47.100	86	87	85
O33677_Q75_lddt	SGM-2_Q75_lddt	9.767E-01	9.433E-01	9.542E-01	47.100	86	87	85
O33677_Q75_lddt	A0A3Q8G682_Q75_lddt	9.602E-01	9.494E-01	9.494E-01	52.800	86	87	86
O33677_Q75_lddt	AF-E2D9D5-F1-model_v4_Q75_lddt	9.707E-01	9.378E-01	9.595E-01	28.700	86	87	84
O33677_Q75_lddt	AF-A0A886X7X6-F1-model_v6_Q75_lddt	9.727E-01	9.396E-01	9.504E-01	32.100	86	87	85
O33677_Q75_lddt	Q9AMJ7_Q75_lddt	9.724E-01	9.284E-01	9.610E-01	27.500	86	87	83
O33677_Q75_lddt	A1YTM5_Q75_lddt	9.719E-01	9.279E-01	9.605E-01	27.500	86	87	83
O33677_Q75_lddt	A0A1W5QH29_Q75_lddt	9.628E-01	9.412E-01	9.519E-01	41.300	86	87	85
O33677_Q75_lddt	D5HSX5_Q75_lddt	9.705E-01	9.265E-01	9.591E-01	40.200	86	87	83
O33677_Q75_lddt	Q9XBM2_Q75_lddt	9.558E-01	9.451E-01	9.451E-01	47.100	86	87	86
O33677_Q75_lddt	RAA-1_Q75_lddt	9.705E-01	9.266E-01	9.592E-01	27.500	86	87	83
O33677_Q75_lddt	SGM-5_Q75_lddt	9.700E-01	9.371E-01	9.478E-01	47.100	86	87	85
O33677_Q75_lddt	A0A1W5QCF3_Q75_lddt	9.619E-01	9.403E-01	9.510E-01	41.300	86	87	85
O33677_Q75_lddt	F8T7L4_Q75_lddt	9.694E-01	9.255E-01	9.580E-01	34.400	86	87	83
O33677_Q75_lddt	Q5XQD3_Q75_lddt	9.693E-01	9.255E-01	9.580E-01	34.400	86	87	83
O33677_Q75_lddt	P74842_Q75_lddt	9.690E-01	9.252E-01	9.576E-01	36.700	86	87	83
O33677_Q75_lddt	AF-Q1NAL0-F1-model_v4_Q75_lddt	9.685E-01	9.357E-01	9.464E-01	48.200	86	87	85
O33677_Q75_lddt	A0A2Z2Z6H0_Q75_lddt	9.647E-01	9.321E-01	9.536E-01	45.900	86	87	84
O33677_Q75_lddt	AF-A0A0D0F642-F1-model_v4_Q75_lddt	9.684E-01	9.247E-01	9.571E-01	32.100	86	87	83
O33677_Q75_lddt	Q8VT49_Q75_lddt	9.682E-01	9.245E-01	9.569E-01	27.500	86	87	83
O33677_Q75_lddt	Q5W3A6_Q75_lddt	9.635E-01	9.311E-01	9.524E-01	31.000	86	87	84
O33677_Q75_lddt	A0A1W5QG57_Q75_lddt	9.590E-01	9.376E-01	9.482E-01	42.500	86	87	85
O33677_Q75_lddt	A0A0E0SR47_Q75_lddt	9.559E-01	9.346E-01	9.451E-01	41.300	86	87	85
O33677_Q75_lddt	G9MB50_Q75_lddt	9.636E-01	9.203E-01	9.524E-01	27.500	86	87	83
O33677_Q75_lddt	G9M9P7_Q75_lddt	9.629E-01	9.197E-01	9.518E-01	25.200	86	87	83
O33677_Q75_lddt	G9MB49_Q75_lddt	9.628E-01	9.196E-01	9.517E-01	26.400	86	87	83
O33677_Q75_lddt	AF-E4WMC5-F1-model_v6_Q75_lddt	9.618E-01	9.186E-01	9.506E-01	36.700	86	87	83
O33677_Q75_lddt	AF-A0A8E9ZWD0-F1-model_v6_Q75_lddt	9.608E-01	9.285E-01	9.390E-01	32.100	86	87	85
O33677_Q75_lddt	AF-F4NA56-F1-model_v4_Q75_lddt	9.522E-01	9.310E-01	9.415E-01	37.900	86	87	85
O33677_Q75_lddt	AF-J9QX37-F1-model_v4_Q75_lddt	9.684E-01	9.028E-01	9.568E-01	25.200	86	87	81
O33677_Q75_lddt	Q9RAZ9_Q75_lddt	9.639E-01	9.097E-01	9.526E-01	27.500	86	87	82
O33677_Q75_lddt	Q9X6W1_Q75_lddt	9.574E-01	9.144E-01	9.463E-01	29.800	86	87	83
O33677_Q75_lddt	B5L5W7_Q75_lddt	9.538E-01	9.324E-01	9.221E-01	32.100	86	87	87
O33677_Q75_lddt	A0A0B6VPP7_Q75_lddt	9.540E-01	9.113E-01	9.430E-01	28.700	86	87	83
O33677_Q75_lddt	AF-A0A127SQY3-F1-model_v6_Q75_lddt	9.418E-01	9.001E-01	9.311E-01	24.100	86	87	83
O33677_Q75_lddt	Q57509_Q75_lddt	9.358E-01	8.942E-01	9.145E-01	26.100	86	88	84
O33677_Q75_lddt	C8C0I2_Q75_lddt	9.335E-01	8.923E-01	9.229E-01	31.000	86	87	83
O33677_Q75_lddt	C8C0D8_Q75_lddt	9.037E-01	8.938E-01	8.938E-01	25.800	86	89	86
O33677_Q75_lddt	Q9X4S7_Q75_lddt	9.014E-01	8.915E-01	8.915E-01	28.000	86	89	86
Q2MJC2_Q75_lddt	Q2MJC2_Q75_lddt	1.011E+00	1.000E+00	1.000E+00	100.000	89	89	89
Q2MJC2_Q75_lddt	A0A097BQY7_Q75_lddt	1.011E+00	9.998E-01	9.998E-01	100.000	89	89	89
Q2MJC2_Q75_lddt	J7HZA4_Q75_lddt	1.011E+00	9.995E-01	9.995E-01	98.800	89	89	89
Q2MJC2_Q75_lddt	A0ZX80_Q75_lddt	1.011E+00	9.994E-01	9.994E-01	100.000	89	89	89
Q2MJC2_Q75_lddt	A0A2P9E069_Q75_lddt	1.011E+00	9.994E-01	9.994E-01	100.000	89	89	89
Q2MJC2_Q75_lddt	Q8VP67_Q75_lddt	1.011E+00	9.994E-01	9.994E-01	100.000	89	89	89
Q2MJC2_Q75_lddt	A0ZX91_Q75_lddt	1.011E+00	9.993E-01	9.993E-01	100.000	89	89	89
Q2MJC2_Q75_lddt	S4TWB0_Q75_lddt	1.011E+00	9.993E-01	9.993E-01	100.000	89	89	89
Q2MJC2_Q75_lddt	Q8KRG7_Q75_lddt	1.011E+00	9.993E-01	9.993E-01	98.800	89	89	89
Q2MJC2_Q75_lddt	A3FFR2_Q75_lddt	1.011E+00	9.992E-01	9.992E-01	100.000	89	89	89
Q2MJC2_Q75_lddt	D5LGB4_Q75_lddt	1.011E+00	9.992E-01	9.992E-01	100.000	89	89	89
Q2MJC2_Q75_lddt	B9U2I6_Q75_lddt	1.011E+00	9.992E-01	9.992E-01	100.000	89	89	89
Q2MJC2_Q75_lddt	E5Q900_Q75_lddt	1.011E+00	9.992E-01	9.992E-01	100.000	89	89	89
Q2MJC2_Q75_lddt	Q8VP57_Q75_lddt	1.011E+00	9.992E-01	9.992E-01	100.000	89	89	89
Q2MJC2_Q75_lddt	H2ERK9_Q75_lddt	1.010E+00	9.990E-01	9.990E-01	100.000	89	89	89
Q2MJC2_Q75_lddt	Q0PGR7_Q75_lddt	1.010E+00	9.990E-01	9.990E-01	98.800	89	89	89
Q2MJC2_Q75_lddt	B0FP98_Q75_lddt	1.010E+00	9.989E-01	9.989E-01	98.800	89	89	89
Q2MJC2_Q75_lddt	Q939H5_Q75_lddt	1.010E+00	9.987E-01	9.987E-01	98.800	89	89	89
Q2MJC2_Q75_lddt	F8SQ10_Q75_lddt	1.010E+00	9.985E-01	9.985E-01	100.000	89	89	89
Q2MJC2_Q75_lddt	Q939H3_Q75_lddt	1.010E+00	9.983E-01	9.983E-01	92.100	89	89	89
Q2MJC2_Q75_lddt	E5G517_Q75_lddt	1.006E+00	9.949E-01	9.949E-01	98.800	89	89	89
Q2MJC2_Q75_lddt	AF-A0A867XYA1-F1-model_v4_Q75_lddt	1.008E+00	9.854E-01	9.966E-01	88.700	89	89	88
Q2MJC2_Q75_lddt	AF-P18251-F1-model_v4_Q75_lddt	1.007E+00	9.848E-01	9.959E-01	95.500	89	89	88
Q2MJC2_Q75_lddt	Q6ZY74_Q75_lddt	1.011E+00	9.771E-01	9.996E-01	94.200	89	87	87
Q2MJC2_Q75_lddt	Q2YHZ2_Q75_lddt	1.011E+00	9.771E-01	9.995E-01	94.200	89	87	87
Q2MJC2_Q75_lddt	Q6ZY77_Q75_lddt	1.011E+00	9.771E-01	9.995E-01	93.100	89	87	87
Q2MJC2_Q75_lddt	Q6R5M7_Q75_lddt	1.011E+00	9.771E-01	9.995E-01	94.200	89	87	87
Q2MJC2_Q75_lddt	Q5PU78_Q75_lddt	1.011E+00	9.771E-01	9.995E-01	94.200	89	87	87
Q2MJC2_Q75_lddt	Q2YHZ0_Q75_lddt	1.011E+00	9.771E-01	9.995E-01	94.200	89	87	87
Q2MJC2_Q75_lddt	Q2YHZ3_Q75_lddt	1.011E+00	9.770E-01	9.995E-01	94.200	89	87	87
Q2MJC2_Q75_lddt	Q2YHZ5_Q75_lddt	1.011E+00	9.770E-01	9.995E-01	94.200	89	87	87
Q2MJC2_Q75_lddt	Q5I6D4_Q75_lddt	1.011E+00	9.769E-01	9.993E-01	95.400	89	87	87
Q2MJC2_Q75_lddt	Q2YHX6_Q75_lddt	1.011E+00	9.769E-01	9.993E-01	95.400	89	87	87
Q2MJC2_Q75_lddt	Q2YHX8_Q75_lddt	1.011E+00	9.769E-01	9.993E-01	95.400	89	87	87
Q2MJC2_Q75_lddt	A0A455LS80_Q75_lddt	1.011E+00	9.769E-01	9.993E-01	94.200	89	87	87
Q2MJC2_Q75_lddt	B5D620_Q75_lddt	1.011E+00	9.768E-01	9.993E-01	94.200	89	87	87
Q2MJC2_Q75_lddt	B8YHZ8_Q75_lddt	1.011E+00	9.768E-01	9.992E-01	94.200	89	87	87
Q2MJC2_Q75_lddt	B5D612_Q75_lddt	1.011E+00	9.768E-01	9.992E-01	93.100	89	87	87
Q2MJC2_Q75_lddt	A0A0P0IGT7_Q75_lddt	1.011E+00	9.767E-01	9.992E-01	93.100	89	87	87
Q2MJC2_Q75_lddt	A0A455LP07_Q75_lddt	1.011E+00	9.767E-01	9.991E-01	93.100	89	87	87
Q2MJC2_Q75_lddt	E9NST5_Q75_lddt	1.011E+00	9.767E-01	9.991E-01	90.800	89	87	87
Q2MJC2_Q75_lddt	A0A455LP13_Q75_lddt	1.011E+00	9.767E-01	9.991E-01	93.100	89	87	87
Q2MJC2_Q75_lddt	A0A455LP02_Q75_lddt	1.011E+00	9.766E-01	9.991E-01	93.100	89	87	87
Q2MJC2_Q75_lddt	Q6ZY58_Q75_lddt	1.011E+00	9.766E-01	9.991E-01	93.100	89	87	87
Q2MJC2_Q75_lddt	R4ISB3_Q75_lddt	1.011E+00	9.766E-01	9.990E-01	93.100	89	87	87
Q2MJC2_Q75_lddt	Q84H47_Q75_lddt	1.010E+00	9.764E-01	9.988E-01	91.900	89	87	87
Q2MJC2_Q75_lddt	Q2YHY7_Q75_lddt	1.010E+00	9.763E-01	9.987E-01	94.200	89	87	87
Q2MJC2_Q75_lddt	Q8GHI3_Q75_lddt	1.010E+00	9.762E-01	9.986E-01	80.400	89	87	87
Q2MJC2_Q75_lddt	Q9R429_Q75_lddt	1.010E+00	9.762E-01	9.986E-01	81.600	89	87	87
Q2MJC2_Q75_lddt	H9AXM1_Q75_lddt	1.010E+00	9.762E-01	9.986E-01	78.100	89	87	87
Q2MJC2_Q75_lddt	Q84H48_Q75_lddt	1.010E+00	9.761E-01	9.986E-01	91.900	89	87	87
Q2MJC2_Q75_lddt	Q8VQV7_Q75_lddt	1.010E+00	9.761E-01	9.985E-01	91.900	89	87	87
Q2MJC2_Q75_lddt	AF-Q6W7F0-F1-model_v4_Q75_lddt	1.010E+00	9.756E-01	9.980E-01	83.900	89	87	87
Q2MJC2_Q75_lddt	OKP-D-1_Q75_lddt	1.008E+00	9.739E-01	9.962E-01	91.900	89	87	87
Q2MJC2_Q75_lddt	C0LSK3_Q75_lddt	1.010E+00	9.646E-01	9.982E-01	94.100	89	86	86
Q2MJC2_Q75_lddt	OKP-C-1_Q75_lddt	1.010E+00	9.643E-01	9.979E-01	96.500	89	87	86
Q2MJC2_Q75_lddt	C8CE59_Q75_lddt	1.012E+00	9.548E-01	9.998E-01	97.700	89	87	85
Q2MJC2_Q75_lddt	C8CE60_Q75_lddt	1.011E+00	9.547E-01	9.996E-01	97.700	89	87	85
Q2MJC2_Q75_lddt	O33677_Q75_lddt	1.005E+00	9.598E-01	9.931E-01	79.300	89	87	86
Q2MJC2_Q75_lddt	B7FDD9_Q75_lddt	1.010E+00	9.197E-01	9.981E-01	94.200	89	87	82
Q2MJC2_Q75_lddt	P14171_Q75_lddt	9.916E-01	9.368E-01	9.801E-01	56.300	89	87	85
Q2MJC2_Q75_lddt	C5HUY1_Q75_lddt	9.930E-01	9.272E-01	9.814E-01	49.400	89	87	84
Q2MJC2_Q75_lddt	C6GC02_Q75_lddt	9.929E-01	9.272E-01	9.813E-01	48.200	89	87	84
Q2MJC2_Q75_lddt	A0A097ZLX5_Q75_lddt	9.929E-01	9.271E-01	9.813E-01	49.400	89	87	84
Q2MJC2_Q75_lddt	AF-A0A1J0HSJ3-F1-model_v4_Q75_lddt	1.001E+00	9.118E-01	9.887E-01	52.800	89	87	82
Q2MJC2_Q75_lddt	Q3SAW3_Q75_lddt	9.923E-01	9.265E-01	9.807E-01	56.300	89	87	84
Q2MJC2_Q75_lddt	AF-A0A3G1JAD7-F1-model_v4_Q75_lddt	1.001E+00	9.115E-01	9.885E-01	54.000	89	87	82
Q2MJC2_Q75_lddt	GES-44_Q75_lddt	9.904E-01	9.250E-01	9.789E-01	49.400	89	87	84
Q2MJC2_Q75_lddt	GES-41_Q75_lddt	9.904E-01	9.250E-01	9.789E-01	49.400	89	87	84
Q2MJC2_Q75_lddt	SGM-3_Q75_lddt	9.941E-01	9.282E-01	9.711E-01	54.000	89	87	85
Q2MJC2_Q75_lddt	SGM-2_Q75_lddt	9.939E-01	9.279E-01	9.709E-01	54.000	89	87	85
Q2MJC2_Q75_lddt	PER-16_Q75_lddt	9.848E-01	9.200E-01	9.734E-01	41.300	89	87	84
Q2MJC2_Q75_lddt	AF-E2D9D5-F1-model_v4_Q75_lddt	9.849E-01	9.202E-01	9.735E-01	31.000	89	87	84
Q2MJC2_Q75_lddt	AF-A0A886X7X6-F1-model_v6_Q75_lddt	9.877E-01	9.226E-01	9.650E-01	32.100	89	87	85
Q2MJC2_Q75_lddt	Q9AMJ7_Q75_lddt	9.879E-01	9.119E-01	9.762E-01	31.000	89	87	83
Q2MJC2_Q75_lddt	A1YTM5_Q75_lddt	9.873E-01	9.114E-01	9.757E-01	31.000	89	87	83
Q2MJC2_Q75_lddt	A0A1W5QH29_Q75_lddt	9.787E-01	9.253E-01	9.675E-01	37.900	89	87	85
Q2MJC2_Q75_lddt	A0A1W5QCF3_Q75_lddt	9.776E-01	9.244E-01	9.665E-01	37.900	89	87	85
Q2MJC2_Q75_lddt	SGM-5_Q75_lddt	9.857E-01	9.208E-01	9.631E-01	50.500	89	87	85
Q2MJC2_Q75_lddt	A0A3Q8G682_Q75_lddt	9.698E-01	9.275E-01	9.589E-01	54.000	89	87	86
Q2MJC2_Q75_lddt	RAA-1_Q75_lddt	9.849E-01	9.094E-01	9.734E-01	33.300	89	87	83
Q2MJC2_Q75_lddt	AF-Q1NAL0-F1-model_v4_Q75_lddt	9.839E-01	9.192E-01	9.613E-01	54.000	89	87	85
Q2MJC2_Q75_lddt	D5HSX5_Q75_lddt	9.835E-01	9.081E-01	9.720E-01	41.300	89	87	83
Q2MJC2_Q75_lddt	A0A1W5QG57_Q75_lddt	9.751E-01	9.221E-01	9.640E-01	37.900	89	87	85
Q2MJC2_Q75_lddt	Q8VT49_Q75_lddt	9.827E-01	9.074E-01	9.712E-01	31.000	89	87	83
Q2MJC2_Q75_lddt	F8T7L4_Q75_lddt	9.822E-01	9.070E-01	9.707E-01	37.900	89	87	83
Q2MJC2_Q75_lddt	Q5XQD3_Q75_lddt	9.821E-01	9.069E-01	9.706E-01	37.900	89	87	83
Q2MJC2_Q75_lddt	P74842_Q75_lddt	9.818E-01	9.066E-01	9.703E-01	39.000	89	87	83
Q2MJC2_Q75_lddt	A0A2Z2Z6H0_Q75_lddt	9.774E-01	9.135E-01	9.661E-01	47.100	89	87	84
Q2MJC2_Q75_lddt	AF-A0A0D0F642-F1-model_v4_Q75_lddt	9.816E-01	9.065E-01	9.701E-01	32.100	89	87	83
Q2MJC2_Q75_lddt	Q5W3A6_Q75_lddt	9.776E-01	9.137E-01	9.663E-01	34.400	89	87	84
Q2MJC2_Q75_lddt	Q9XBM2_Q75_lddt	9.662E-01	9.242E-01	9.554E-01	42.500	89	87	86
Q2MJC2_Q75_lddt	G9MB50_Q75_lddt	9.793E-01	9.045E-01	9.679E-01	31.000	89	87	83
Q2MJC2_Q75_lddt	G9M9P7_Q75_lddt	9.787E-01	9.041E-01	9.673E-01	29.800	89	87	83
Q2MJC2_Q75_lddt	G9MB49_Q75_lddt	9.785E-01	9.039E-01	9.671E-01	31.000	89	87	83
Q2MJC2_Q75_lddt	AF-E4WMC5-F1-model_v6_Q75_lddt	9.774E-01	9.029E-01	9.660E-01	35.600	89	87	83
Q2MJC2_Q75_lddt	A0A0E0SR47_Q75_lddt	9.685E-01	9.162E-01	9.576E-01	40.200	89	87	85
Q2MJC2_Q75_lddt	AF-A0A8E9ZWD0-F1-model_v6_Q75_lddt	9.749E-01	9.114E-01	9.528E-01	31.000	89	87	85
Q2MJC2_Q75_lddt	AF-J9QX37-F1-model_v4_Q75_lddt	9.822E-01	8.855E-01	9.704E-01	28.700	89	87	81
Q2MJC2_Q75_lddt	Q9X6W1_Q75_lddt	9.717E-01	8.977E-01	9.604E-01	32.100	89	87	83
Q2MJC2_Q75_lddt	Q9RAZ9_Q75_lddt	9.772E-01	8.921E-01	9.657E-01	31.000	89	87	82
Q2MJC2_Q75_lddt	B5L5W7_Q75_lddt	9.701E-01	9.174E-01	9.378E-01	37.900	89	87	87
Q2MJC2_Q75_lddt	AF-F4NA56-F1-model_v4_Q75_lddt	9.634E-01	9.116E-01	9.526E-01	37.900	89	87	85
Q2MJC2_Q75_lddt	A0A0B6VPP7_Q75_lddt	9.686E-01	8.951E-01	9.574E-01	31.000	89	87	83
Q2MJC2_Q75_lddt	AF-A0A127SQY3-F1-model_v6_Q75_lddt	9.560E-01	8.842E-01	9.450E-01	25.200	89	87	83
Q2MJC2_Q75_lddt	Q57509_Q75_lddt	9.514E-01	8.795E-01	9.297E-01	28.400	89	88	84
Q2MJC2_Q75_lddt	C8C0I2_Q75_lddt	9.480E-01	8.770E-01	9.372E-01	32.100	89	87	83
Q2MJC2_Q75_lddt	C8C0D8_Q75_lddt	9.186E-01	8.796E-01	9.085E-01	25.800	89	89	86
Q2MJC2_Q75_lddt	Q9X4S7_Q75_lddt	9.160E-01	8.772E-01	9.060E-01	28.000	89	89	86
Q2YHZ3_Q75_lddt	Q2YHZ3_Q75_lddt	1.012E+00	1.000E+00	1.000E+00	100.000	87	87	87
Q2YHZ3_Q75_lddt	Q2YHZ0_Q75_lddt	1.012E+00	1.000E+00	1.000E+00	100.000	87	87	87
Q2YHZ3_Q75_lddt	Q2YHZ5_Q75_lddt	1.012E+00	9.999E-01	9.999E-01	100.000	87	87	87
Q2YHZ3_Q75_lddt	Q2YHZ2_Q75_lddt	1.012E+00	9.999E-01	9.999E-01	100.000	87	87	87
Q2YHZ3_Q75_lddt	Q6ZY77_Q75_lddt	1.011E+00	9.999E-01	9.999E-01	98.800	87	87	87
Q2YHZ3_Q75_lddt	Q6ZY74_Q75_lddt	1.011E+00	9.998E-01	9.998E-01	100.000	87	87	87
Q2YHZ3_Q75_lddt	Q5PU78_Q75_lddt	1.011E+00	9.998E-01	9.998E-01	97.700	87	87	87
Q2YHZ3_Q75_lddt	B5D620_Q75_lddt	1.011E+00	9.996E-01	9.996E-01	100.000	87	87	87
Q2YHZ3_Q75_lddt	Q2YHX8_Q75_lddt	1.011E+00	9.996E-01	9.996E-01	98.800	87	87	87
Q2YHZ3_Q75_lddt	Q5I6D4_Q75_lddt	1.011E+00	9.996E-01	9.996E-01	98.800	87	87	87
Q2YHZ3_Q75_lddt	Q6R5M7_Q75_lddt	1.011E+00	9.996E-01	9.996E-01	97.700	87	87	87
Q2YHZ3_Q75_lddt	Q2YHY7_Q75_lddt	1.011E+00	9.996E-01	9.996E-01	100.000	87	87	87
Q2YHZ3_Q75_lddt	B8YHZ8_Q75_lddt	1.011E+00	9.996E-01	9.996E-01	100.000	87	87	87
Q2YHZ3_Q75_lddt	Q2YHX6_Q75_lddt	1.011E+00	9.995E-01	9.995E-01	98.800	87	87	87
Q2YHZ3_Q75_lddt	Q6ZY58_Q75_lddt	1.011E+00	9.995E-01	9.995E-01	98.800	87	87	87
Q2YHZ3_Q75_lddt	A0A455LS80_Q75_lddt	1.011E+00	9.994E-01	9.994E-01	95.400	87	87	87
Q2YHZ3_Q75_lddt	B5D612_Q75_lddt	1.011E+00	9.992E-01	9.992E-01	94.200	87	87	87
Q2YHZ3_Q75_lddt	Q84H47_Q75_lddt	1.011E+00	9.992E-01	9.992E-01	93.100	87	87	87
Q2YHZ3_Q75_lddt	A0A455LP07_Q75_lddt	1.011E+00	9.992E-01	9.992E-01	94.200	87	87	87
Q2YHZ3_Q75_lddt	E9NST5_Q75_lddt	1.011E+00	9.992E-01	9.992E-01	91.900	87	87	87
Q2YHZ3_Q75_lddt	A0A455LP02_Q75_lddt	1.011E+00	9.992E-01	9.992E-01	94.200	87	87	87
Q2YHZ3_Q75_lddt	A0A0P0IGT7_Q75_lddt	1.011E+00	9.991E-01	9.991E-01	94.200	87	87	87
Q2YHZ3_Q75_lddt	A0A455LP13_Q75_lddt	1.011E+00	9.991E-01	9.991E-01	94.200	87	87	87
Q2YHZ3_Q75_lddt	R4ISB3_Q75_lddt	1.011E+00	9.991E-01	9.991E-01	94.200	87	87	87
Q2YHZ3_Q75_lddt	Q8VQV7_Q75_lddt	1.011E+00	9.990E-01	9.990E-01	93.100	87	87	87
Q2YHZ3_Q75_lddt	Q84H48_Q75_lddt	1.011E+00	9.989E-01	9.989E-01	93.100	87	87	87
Q2YHZ3_Q75_lddt	Q8GHI3_Q75_lddt	1.010E+00	9.986E-01	9.986E-01	79.300	87	87	87
Q2YHZ3_Q75_lddt	Q9R429_Q75_lddt	1.010E+00	9.986E-01	9.986E-01	80.400	87	87	87
Q2YHZ3_Q75_lddt	AF-Q6W7F0-F1-model_v4_Q75_lddt	1.010E+00	9.985E-01	9.985E-01	83.900	87	87	87
Q2YHZ3_Q75_lddt	H9AXM1_Q75_lddt	1.010E+00	9.985E-01	9.985E-01	77.000	87	87	87
Q2YHZ3_Q75_lddt	OKP-D-1_Q75_lddt	1.008E+00	9.968E-01	9.968E-01	95.400	87	87	87
Q2YHZ3_Q75_lddt	C0LSK3_Q75_lddt	1.011E+00	9.876E-01	9.991E-01	100.000	87	86	86
Q2YHZ3_Q75_lddt	OKP-C-1_Q75_lddt	1.010E+00	9.867E-01	9.982E-01	93.100	87	87	86
Q2YHZ3_Q75_lddt	A0A097BQY7_Q75_lddt	1.011E+00	9.995E-01	9.771E-01	94.200	87	87	89
Q2YHZ3_Q75_lddt	Q2MJC2_Q75_lddt	1.011E+00	9.995E-01	9.770E-01	94.200	87	87	89
Q2YHZ3_Q75_lddt	A0ZX80_Q75_lddt	1.011E+00	9.993E-01	9.769E-01	94.200	87	87	89
Q2YHZ3_Q75_lddt	D5LGB4_Q75_lddt	1.011E+00	9.992E-01	9.768E-01	94.200	87	87	89
Q2YHZ3_Q75_lddt	A0A2P9E069_Q75_lddt	1.011E+00	9.992E-01	9.768E-01	94.200	87	87	89
Q2YHZ3_Q75_lddt	E5Q900_Q75_lddt	1.011E+00	9.992E-01	9.768E-01	94.200	87	87	89
Q2YHZ3_Q75_lddt	S4TWB0_Q75_lddt	1.011E+00	9.992E-01	9.768E-01	94.200	87	87	89
Q2YHZ3_Q75_lddt	A0ZX91_Q75_lddt	1.011E+00	9.992E-01	9.768E-01	94.200	87	87	89
Q2YHZ3_Q75_lddt	B9U2I6_Q75_lddt	1.011E+00	9.992E-01	9.767E-01	94.200	87	87	89
Q2YHZ3_Q75_lddt	Q8VP67_Q75_lddt	1.011E+00	9.991E-01	9.767E-01	94.200	87	87	89
Q2YHZ3_Q75_lddt	A3FFR2_Q75_lddt	1.011E+00	9.991E-01	9.767E-01	94.200	87	87	89
Q2YHZ3_Q75_lddt	C8CE59_Q75_lddt	1.011E+00	9.763E-01	9.993E-01	91.900	87	87	85
Q2YHZ3_Q75_lddt	Q939H3_Q75_lddt	1.011E+00	9.991E-01	9.766E-01	93.100	87	87	89
Q2YHZ3_Q75_lddt	Q8VP57_Q75_lddt	1.011E+00	9.991E-01	9.766E-01	94.200	87	87	89
Q2YHZ3_Q75_lddt	J7HZA4_Q75_lddt	1.011E+00	9.991E-01	9.766E-01	93.100	87	87	89
Q2YHZ3_Q75_lddt	C8CE60_Q75_lddt	1.011E+00	9.762E-01	9.992E-01	91.900	87	87	85
Q2YHZ3_Q75_lddt	Q0PGR7_Q75_lddt	1.011E+00	9.990E-01	9.766E-01	93.100	87	87	89
Q2YHZ3_Q75_lddt	Q8KRG7_Q75_lddt	1.010E+00	9.989E-01	9.765E-01	93.100	87	87	89
Q2YHZ3_Q75_lddt	H2ERK9_Q75_lddt	1.010E+00	9.988E-01	9.764E-01	94.200	87	87	89
Q2YHZ3_Q75_lddt	B0FP98_Q75_lddt	1.010E+00	9.987E-01	9.763E-01	93.100	87	87	89
Q2YHZ3_Q75_lddt	Q939H5_Q75_lddt	1.010E+00	9.987E-01	9.763E-01	93.100	87	87	89
Q2YHZ3_Q75_lddt	F8SQ10_Q75_lddt	1.010E+00	9.983E-01	9.759E-01	94.200	87	87	89
Q2YHZ3_Q75_lddt	O33677_Q75_lddt	1.004E+00	9.815E-01	9.929E-01	78.100	87	87	86
Q2YHZ3_Q75_lddt	E5G517_Q75_lddt	1.006E+00	9.943E-01	9.720E-01	93.100	87	87	89
Q2YHZ3_Q75_lddt	AF-A0A867XYA1-F1-model_v4_Q75_lddt	1.010E+00	9.871E-01	9.759E-01	85.000	87	87	88
Q2YHZ3_Q75_lddt	AF-P18251-F1-model_v4_Q75_lddt	1.009E+00	9.862E-01	9.750E-01	89.600	87	87	88
Q2YHZ3_Q75_lddt	B7FDD9_Q75_lddt	1.011E+00	9.411E-01	9.984E-01	88.500	87	87	82
Q2YHZ3_Q75_lddt	P14171_Q75_lddt	9.924E-01	9.587E-01	9.809E-01	54.000	87	87	85
Q2YHZ3_Q75_lddt	Q3SAW3_Q75_lddt	9.939E-01	9.489E-01	9.822E-01	52.800	87	87	84
Q2YHZ3_Q75_lddt	C5HUY1_Q75_lddt	9.941E-01	9.492E-01	9.825E-01	49.400	87	87	84
Q2YHZ3_Q75_lddt	C6GC02_Q75_lddt	9.941E-01	9.491E-01	9.825E-01	48.200	87	87	84
Q2YHZ3_Q75_lddt	A0A097ZLX5_Q75_lddt	9.941E-01	9.491E-01	9.824E-01	49.400	87	87	84
Q2YHZ3_Q75_lddt	AF-A0A1J0HSJ3-F1-model_v4_Q75_lddt	1.002E+00	9.335E-01	9.898E-01	54.000	87	87	82
Q2YHZ3_Q75_lddt	AF-A0A3G1JAD7-F1-model_v4_Q75_lddt	1.001E+00	9.331E-01	9.894E-01	54.000	87	87	82
Q2YHZ3_Q75_lddt	GES-44_Q75_lddt	9.912E-01	9.465E-01	9.796E-01	49.400	87	87	84
Q2YHZ3_Q75_lddt	GES-41_Q75_lddt	9.912E-01	9.465E-01	9.796E-01	49.400	87	87	84
Q2YHZ3_Q75_lddt	SGM-3_Q75_lddt	9.948E-01	9.498E-01	9.717E-01	50.500	87	87	85
Q2YHZ3_Q75_lddt	SGM-2_Q75_lddt	9.944E-01	9.494E-01	9.714E-01	50.500	87	87	85
Q2YHZ3_Q75_lddt	PER-16_Q75_lddt	9.854E-01	9.412E-01	9.740E-01	40.200	87	87	84
Q2YHZ3_Q75_lddt	AF-E2D9D5-F1-model_v4_Q75_lddt	9.844E-01	9.403E-01	9.730E-01	28.700	87	87	84
Q2YHZ3_Q75_lddt	AF-A0A886X7X6-F1-model_v6_Q75_lddt	9.877E-01	9.433E-01	9.650E-01	31.000	87	87	85
Q2YHZ3_Q75_lddt	Q9AMJ7_Q75_lddt	9.880E-01	9.325E-01	9.763E-01	27.500	87	87	83
Q2YHZ3_Q75_lddt	A1YTM5_Q75_lddt	9.874E-01	9.320E-01	9.758E-01	27.500	87	87	83
Q2YHZ3_Q75_lddt	SGM-5_Q75_lddt	9.866E-01	9.423E-01	9.640E-01	49.400	87	87	85
Q2YHZ3_Q75_lddt	A0A1W5QH29_Q75_lddt	9.780E-01	9.453E-01	9.668E-01	37.900	87	87	85
Q2YHZ3_Q75_lddt	A0A1W5QCF3_Q75_lddt	9.771E-01	9.445E-01	9.660E-01	37.900	87	87	85
Q2YHZ3_Q75_lddt	AF-Q1NAL0-F1-model_v4_Q75_lddt	9.848E-01	9.406E-01	9.622E-01	50.500	87	87	85
Q2YHZ3_Q75_lddt	A0A3Q8G682_Q75_lddt	9.696E-01	9.479E-01	9.586E-01	54.000	87	87	86
Q2YHZ3_Q75_lddt	D5HSX5_Q75_lddt	9.843E-01	9.291E-01	9.727E-01	40.200	87	87	83
Q2YHZ3_Q75_lddt	RAA-1_Q75_lddt	9.844E-01	9.293E-01	9.729E-01	29.800	87	87	83
Q2YHZ3_Q75_lddt	A0A2Z2Z6H0_Q75_lddt	9.792E-01	9.355E-01	9.679E-01	45.900	87	87	84
Q2YHZ3_Q75_lddt	F8T7L4_Q75_lddt	9.829E-01	9.279E-01	9.714E-01	36.700	87	87	83
Q2YHZ3_Q75_lddt	Q5XQD3_Q75_lddt	9.828E-01	9.278E-01	9.713E-01	36.700	87	87	83
Q2YHZ3_Q75_lddt	P74842_Q75_lddt	9.826E-01	9.276E-01	9.711E-01	37.900	87	87	83
Q2YHZ3_Q75_lddt	A0A1W5QG57_Q75_lddt	9.742E-01	9.418E-01	9.632E-01	37.900	87	87	85
Q2YHZ3_Q75_lddt	Q8VT49_Q75_lddt	9.825E-01	9.275E-01	9.710E-01	29.800	87	87	83
Q2YHZ3_Q75_lddt	Q5W3A6_Q75_lddt	9.769E-01	9.334E-01	9.656E-01	33.300	87	87	84
Q2YHZ3_Q75_lddt	AF-A0A0D0F642-F1-model_v4_Q75_lddt	9.808E-01	9.261E-01	9.694E-01	31.000	87	87	83
Q2YHZ3_Q75_lddt	Q9XBM2_Q75_lddt	9.648E-01	9.434E-01	9.540E-01	41.300	87	87	86
Q2YHZ3_Q75_lddt	G9MB50_Q75_lddt	9.785E-01	9.240E-01	9.671E-01	31.000	87	87	83
Q2YHZ3_Q75_lddt	AF-E4WMC5-F1-model_v6_Q75_lddt	9.774E-01	9.230E-01	9.661E-01	36.700	87	87	83
Q2YHZ3_Q75_lddt	G9M9P7_Q75_lddt	9.779E-01	9.235E-01	9.665E-01	31.000	87	87	83
Q2YHZ3_Q75_lddt	G9MB49_Q75_lddt	9.777E-01	9.233E-01	9.663E-01	32.100	87	87	83
Q2YHZ3_Q75_lddt	A0A0E0SR47_Q75_lddt	9.669E-01	9.349E-01	9.560E-01	39.000	87	87	85
Q2YHZ3_Q75_lddt	AF-J9QX37-F1-model_v4_Q75_lddt	9.823E-01	9.054E-01	9.706E-01	29.800	87	87	81
Q2YHZ3_Q75_lddt	AF-A0A8E9ZWD0-F1-model_v6_Q75_lddt	9.733E-01	9.302E-01	9.513E-01	29.800	87	87	85
Q2YHZ3_Q75_lddt	Q9RAZ9_Q75_lddt	9.768E-01	9.116E-01	9.653E-01	29.800	87	87	82
Q2YHZ3_Q75_lddt	Q9X6W1_Q75_lddt	9.710E-01	9.170E-01	9.597E-01	31.000	87	87	83
Q2YHZ3_Q75_lddt	B5L5W7_Q75_lddt	9.701E-01	9.378E-01	9.378E-01	39.000	87	87	87
Q2YHZ3_Q75_lddt	AF-F4NA56-F1-model_v4_Q75_lddt	9.620E-01	9.303E-01	9.512E-01	37.900	87	87	85
Q2YHZ3_Q75_lddt	A0A0B6VPP7_Q75_lddt	9.677E-01	9.141E-01	9.565E-01	29.800	87	87	83
Q2YHZ3_Q75_lddt	AF-A0A127SQY3-F1-model_v6_Q75_lddt	9.541E-01	9.018E-01	9.432E-01	26.400	87	87	83
Q2YHZ3_Q75_lddt	Q57509_Q75_lddt	9.506E-01	8.982E-01	9.290E-01	28.400	87	88	84
Q2YHZ3_Q75_lddt	C8C0I2_Q75_lddt	9.461E-01	8.944E-01	9.353E-01	34.400	87	87	83
Q2YHZ3_Q75_lddt	C8C0D8_Q75_lddt	9.173E-01	8.974E-01	9.072E-01	25.800	87	89	86
Q2YHZ3_Q75_lddt	Q9X4S7_Q75_lddt	9.146E-01	8.948E-01	9.046E-01	28.000	87	89	86
Q5PU78_Q75_lddt	Q5PU78_Q75_lddt	1.012E+00	1.000E+00	1.000E+00	100.000	87	87	87
Q5PU78_Q75_lddt	Q6R5M7_Q75_lddt	1.011E+00	9.998E-01	9.998E-01	100.000	87	87	87
Q5PU78_Q75_lddt	Q6ZY77_Q75_lddt	1.011E+00	9.998E-01	9.998E-01	96.500	87	87	87
Q5PU78_Q75_lddt	Q2YHZ2_Q75_lddt	1.011E+00	9.998E-01	9.998E-01	97.700	87	87	87
Q5PU78_Q75_lddt	Q2YHZ5_Q75_lddt	1.011E+00	9.998E-01	9.998E-01	97.700	87	87	87
Q5PU78_Q75_lddt	Q2YHZ3_Q75_lddt	1.011E+00	9.998E-01	9.998E-01	97.700	87	87	87
Q5PU78_Q75_lddt	Q6ZY74_Q75_lddt	1.011E+00	9.998E-01	9.998E-01	97.700	87	87	87
Q5PU78_Q75_lddt	Q2YHZ0_Q75_lddt	1.011E+00	9.997E-01	9.997E-01	97.700	87	87	87
Q5PU78_Q75_lddt	Q2YHX6_Q75_lddt	1.011E+00	9.997E-01	9.997E-01	98.800	87	87	87
Q5PU78_Q75_lddt	Q2YHX8_Q75_lddt	1.011E+00	9.996E-01	9.996E-01	98.800	87	87	87
Q5PU78_Q75_lddt	B5D620_Q75_lddt	1.011E+00	9.996E-01	9.996E-01	97.700	87	87	87
Q5PU78_Q75_lddt	Q5I6D4_Q75_lddt	1.011E+00	9.996E-01	9.996E-01	98.800	87	87	87
Q5PU78_Q75_lddt	B8YHZ8_Q75_lddt	1.011E+00	9.995E-01	9.995E-01	97.700	87	87	87
Q5PU78_Q75_lddt	A0A455LS80_Q75_lddt	1.011E+00	9.995E-01	9.995E-01	95.400	87	87	87
Q5PU78_Q75_lddt	Q6ZY58_Q75_lddt	1.011E+00	9.994E-01	9.994E-01	96.500	87	87	87
Q5PU78_Q75_lddt	Q2YHY7_Q75_lddt	1.011E+00	9.993E-01	9.993E-01	97.700	87	87	87
Q5PU78_Q75_lddt	B5D612_Q75_lddt	1.011E+00	9.993E-01	9.993E-01	94.200	87	87	87
Q5PU78_Q75_lddt	A0A0P0IGT7_Q75_lddt	1.011E+00	9.992E-01	9.992E-01	94.200	87	87	87
Q5PU78_Q75_lddt	A0A455LP07_Q75_lddt	1.011E+00	9.992E-01	9.992E-01	94.200	87	87	87
Q5PU78_Q75_lddt	E9NST5_Q75_lddt	1.011E+00	9.992E-01	9.992E-01	91.900	87	87	87
Q5PU78_Q75_lddt	A0A455LP13_Q75_lddt	1.011E+00	9.992E-01	9.992E-01	94.200	87	87	87
Q5PU78_Q75_lddt	A0A455LP02_Q75_lddt	1.011E+00	9.991E-01	9.991E-01	94.200	87	87	87
Q5PU78_Q75_lddt	R4ISB3_Q75_lddt	1.011E+00	9.991E-01	9.991E-01	94.200	87	87	87
Q5PU78_Q75_lddt	Q84H47_Q75_lddt	1.011E+00	9.990E-01	9.990E-01	93.100	87	87	87
Q5PU78_Q75_lddt	Q84H48_Q75_lddt	1.010E+00	9.988E-01	9.988E-01	93.100	87	87	87
Q5PU78_Q75_lddt	Q8VQV7_Q75_lddt	1.010E+00	9.987E-01	9.987E-01	93.100	87	87	87
Q5PU78_Q75_lddt	Q8GHI3_Q75_lddt	1.010E+00	9.985E-01	9.985E-01	80.400	87	87	87
Q5PU78_Q75_lddt	Q9R429_Q75_lddt	1.010E+00	9.985E-01	9.985E-01	81.600	87	87	87
Q5PU78_Q75_lddt	H9AXM1_Q75_lddt	1.010E+00	9.984E-01	9.984E-01	78.100	87	87	87
Q5PU78_Q75_lddt	AF-Q6W7F0-F1-model_v4_Q75_lddt	1.010E+00	9.984E-01	9.984E-01	85.000	87	87	87
Q5PU78_Q75_lddt	OKP-D-1_Q75_lddt	1.008E+00	9.968E-01	9.968E-01	95.400	87	87	87
Q5PU78_Q75_lddt	C0LSK3_Q75_lddt	1.011E+00	9.873E-01	9.988E-01	97.600	87	86	86
Q5PU78_Q75_lddt	OKP-C-1_Q75_lddt	1.010E+00	9.866E-01	9.981E-01	93.100	87	87	86
Q5PU78_Q75_lddt	Q2MJC2_Q75_lddt	1.011E+00	9.995E-01	9.771E-01	94.200	87	87	89
Q5PU78_Q75_lddt	A0A097BQY7_Q75_lddt	1.011E+00	9.994E-01	9.770E-01	94.200	87	87	89
Q5PU78_Q75_lddt	A0ZX80_Q75_lddt	1.011E+00	9.993E-01	9.769E-01	94.200	87	87	89
Q5PU78_Q75_lddt	A0A2P9E069_Q75_lddt	1.011E+00	9.993E-01	9.768E-01	94.200	87	87	89
Q5PU78_Q75_lddt	E5Q900_Q75_lddt	1.011E+00	9.993E-01	9.768E-01	94.200	87	87	89
Q5PU78_Q75_lddt	S4TWB0_Q75_lddt	1.011E+00	9.992E-01	9.768E-01	94.200	87	87	89
Q5PU78_Q75_lddt	D5LGB4_Q75_lddt	1.011E+00	9.992E-01	9.768E-01	94.200	87	87	89
Q5PU78_Q75_lddt	A0ZX91_Q75_lddt	1.011E+00	9.992E-01	9.768E-01	94.200	87	87	89
Q5PU78_Q75_lddt	Q8VP67_Q75_lddt	1.011E+00	9.992E-01	9.768E-01	94.200	87	87	89
Q5PU78_Q75_lddt	B9U2I6_Q75_lddt	1.011E+00	9.992E-01	9.768E-01	94.200	87	87	89
Q5PU78_Q75_lddt	Q8VP57_Q75_lddt	1.011E+00	9.992E-01	9.767E-01	94.200	87	87	89
Q5PU78_Q75_lddt	J7HZA4_Q75_lddt	1.011E+00	9.992E-01	9.767E-01	93.100	87	87	89
Q5PU78_Q75_lddt	A3FFR2_Q75_lddt	1.011E+00	9.991E-01	9.767E-01	94.200	87	87	89
Q5PU78_Q75_lddt	Q0PGR7_Q75_lddt	1.011E+00	9.991E-01	9.766E-01	93.100	87	87	89
Q5PU78_Q75_lddt	C8CE59_Q75_lddt	1.011E+00	9.763E-01	9.992E-01	91.900	87	87	85
Q5PU78_Q75_lddt	Q939H3_Q75_lddt	1.011E+00	9.990E-01	9.766E-01	93.100	87	87	89
Q5PU78_Q75_lddt	H2ERK9_Q75_lddt	1.011E+00	9.990E-01	9.765E-01	94.200	87	87	89
Q5PU78_Q75_lddt	Q8KRG7_Q75_lddt	1.011E+00	9.990E-01	9.765E-01	93.100	87	87	89
Q5PU78_Q75_lddt	C8CE60_Q75_lddt	1.011E+00	9.761E-01	9.991E-01	91.900	87	87	85
Q5PU78_Q75_lddt	B0FP98_Q75_lddt	1.010E+00	9.988E-01	9.764E-01	93.100	87	87	89
Q5PU78_Q75_lddt	Q939H5_Q75_lddt	1.010E+00	9.987E-01	9.763E-01	93.100	87	87	89
Q5PU78_Q75_lddt	F8SQ10_Q75_lddt	1.010E+00	9.985E-01	9.761E-01	94.200	87	87	89
Q5PU78_Q75_lddt	O33677_Q75_lddt	1.004E+00	9.814E-01	9.927E-01	79.300	87	87	86
Q5PU78_Q75_lddt	E5G517_Q75_lddt	1.006E+00	9.943E-01	9.720E-01	93.100	87	87	89
Q5PU78_Q75_lddt	AF-A0A867XYA1-F1-model_v4_Q75_lddt	1.010E+00	9.868E-01	9.756E-01	85.000	87	87	88
Q5PU78_Q75_lddt	AF-P18251-F1-model_v4_Q75_lddt	1.009E+00	9.858E-01	9.746E-01	89.600	87	87	88
Q5PU78_Q75_lddt	B7FDD9_Q75_lddt	1.010E+00	9.408E-01	9.980E-01	88.500	87	87	82
Q5PU78_Q75_lddt	P14171_Q75_lddt	9.921E-01	9.585E-01	9.807E-01	54.000	87	87	85
Q5PU78_Q75_lddt	C5HUY1_Q75_lddt	9.936E-01	9.487E-01	9.820E-01	48.200	87	87	84
Q5PU78_Q75_lddt	C6GC02_Q75_lddt	9.935E-01	9.486E-01	9.819E-01	47.100	87	87	84
Q5PU78_Q75_lddt	A0A097ZLX5_Q75_lddt	9.935E-01	9.486E-01	9.819E-01	48.200	87	87	84
Q5PU78_Q75_lddt	Q3SAW3_Q75_lddt	9.931E-01	9.483E-01	9.815E-01	51.700	87	87	84
Q5PU78_Q75_lddt	AF-A0A1J0HSJ3-F1-model_v4_Q75_lddt	1.001E+00	9.329E-01	9.892E-01	55.100	87	87	82
Q5PU78_Q75_lddt	AF-A0A3G1JAD7-F1-model_v4_Q75_lddt	1.000E+00	9.322E-01	9.884E-01	54.000	87	87	82
Q5PU78_Q75_lddt	GES-44_Q75_lddt	9.910E-01	9.463E-01	9.794E-01	48.200	87	87	84
Q5PU78_Q75_lddt	GES-41_Q75_lddt	9.909E-01	9.462E-01	9.793E-01	48.200	87	87	84
Q5PU78_Q75_lddt	SGM-3_Q75_lddt	9.938E-01	9.489E-01	9.709E-01	49.400	87	87	85
Q5PU78_Q75_lddt	SGM-2_Q75_lddt	9.935E-01	9.486E-01	9.705E-01	49.400	87	87	85
Q5PU78_Q75_lddt	PER-16_Q75_lddt	9.852E-01	9.411E-01	9.738E-01	40.200	87	87	84
Q5PU78_Q75_lddt	AF-E2D9D5-F1-model_v4_Q75_lddt	9.854E-01	9.412E-01	9.740E-01	28.700	87	87	84
Q5PU78_Q75_lddt	AF-A0A886X7X6-F1-model_v6_Q75_lddt	9.883E-01	9.439E-01	9.656E-01	32.100	87	87	85
Q5PU78_Q75_lddt	Q9AMJ7_Q75_lddt	9.880E-01	9.325E-01	9.764E-01	27.500	87	87	83
Q5PU78_Q75_lddt	A1YTM5_Q75_lddt	9.875E-01	9.320E-01	9.759E-01	27.500	87	87	83
Q5PU78_Q75_lddt	SGM-5_Q75_lddt	9.854E-01	9.412E-01	9.628E-01	48.200	87	87	85
Q5PU78_Q75_lddt	A0A1W5QH29_Q75_lddt	9.768E-01	9.442E-01	9.657E-01	39.000	87	87	85
Q5PU78_Q75_lddt	RAA-1_Q75_lddt	9.855E-01	9.302E-01	9.739E-01	29.800	87	87	83
Q5PU78_Q75_lddt	A0A3Q8G682_Q75_lddt	9.693E-01	9.477E-01	9.584E-01	52.800	87	87	86
Q5PU78_Q75_lddt	A0A1W5QCF3_Q75_lddt	9.759E-01	9.434E-01	9.648E-01	39.000	87	87	85
Q5PU78_Q75_lddt	AF-Q1NAL0-F1-model_v4_Q75_lddt	9.837E-01	9.397E-01	9.612E-01	49.400	87	87	85
Q5PU78_Q75_lddt	D5HSX5_Q75_lddt	9.839E-01	9.288E-01	9.723E-01	40.200	87	87	83
Q5PU78_Q75_lddt	Q8VT49_Q75_lddt	9.835E-01	9.285E-01	9.720E-01	29.800	87	87	83
Q5PU78_Q75_lddt	A0A2Z2Z6H0_Q75_lddt	9.783E-01	9.347E-01	9.671E-01	47.100	87	87	84
Q5PU78_Q75_lddt	F8T7L4_Q75_lddt	9.825E-01	9.275E-01	9.710E-01	36.700	87	87	83
Q5PU78_Q75_lddt	Q5XQD3_Q75_lddt	9.823E-01	9.274E-01	9.708E-01	36.700	87	87	83
Q5PU78_Q75_lddt	P74842_Q75_lddt	9.820E-01	9.271E-01	9.705E-01	37.900	87	87	83
Q5PU78_Q75_lddt	Q5W3A6_Q75_lddt	9.782E-01	9.346E-01	9.669E-01	33.300	87	87	84
Q5PU78_Q75_lddt	AF-A0A0D0F642-F1-model_v4_Q75_lddt	9.820E-01	9.271E-01	9.705E-01	31.000	87	87	83
Q5PU78_Q75_lddt	A0A1W5QG57_Q75_lddt	9.730E-01	9.406E-01	9.620E-01	39.000	87	87	85
Q5PU78_Q75_lddt	Q9XBM2_Q75_lddt	9.659E-01	9.444E-01	9.550E-01	42.500	87	87	86
Q5PU78_Q75_lddt	G9MB50_Q75_lddt	9.799E-01	9.252E-01	9.684E-01	31.000	87	87	83
Q5PU78_Q75_lddt	G9M9P7_Q75_lddt	9.793E-01	9.248E-01	9.679E-01	31.000	87	87	83
Q5PU78_Q75_lddt	G9MB49_Q75_lddt	9.791E-01	9.245E-01	9.677E-01	32.100	87	87	83
Q5PU78_Q75_lddt	AF-E4WMC5-F1-model_v6_Q75_lddt	9.779E-01	9.235E-01	9.665E-01	37.900	87	87	83
Q5PU78_Q75_lddt	AF-A0A8E9ZWD0-F1-model_v6_Q75_lddt	9.749E-01	9.316E-01	9.527E-01	31.000	87	87	85
Q5PU78_Q75_lddt	A0A0E0SR47_Q75_lddt	9.664E-01	9.344E-01	9.555E-01	40.200	87	87	85
Q5PU78_Q75_lddt	AF-J9QX37-F1-model_v4_Q75_lddt	9.819E-01	9.051E-01	9.702E-01	29.800	87	87	81
Q5PU78_Q75_lddt	Q9X6W1_Q75_lddt	9.719E-01	9.179E-01	9.606E-01	31.000	87	87	83
Q5PU78_Q75_lddt	Q9RAZ9_Q75_lddt	9.777E-01	9.124E-01	9.662E-01	29.800	87	87	82
Q5PU78_Q75_lddt	B5L5W7_Q75_lddt	9.698E-01	9.375E-01	9.375E-01	40.200	87	87	87
Q5PU78_Q75_lddt	A0A0B6VPP7_Q75_lddt	9.689E-01	9.151E-01	9.576E-01	29.800	87	87	83
Q5PU78_Q75_lddt	AF-F4NA56-F1-model_v4_Q75_lddt	9.612E-01	9.296E-01	9.504E-01	39.000	87	87	85
Q5PU78_Q75_lddt	AF-A0A127SQY3-F1-model_v6_Q75_lddt	9.560E-01	9.036E-01	9.451E-01	26.400	87	87	83
Q5PU78_Q75_lddt	Q57509_Q75_lddt	9.510E-01	8.986E-01	9.293E-01	27.200	87	88	84
Q5PU78_Q75_lddt	C8C0I2_Q75_lddt	9.477E-01	8.959E-01	9.369E-01	34.400	87	87	83
Q5PU78_Q75_lddt	C8C0D8_Q75_lddt	9.178E-01	8.979E-01	9.077E-01	25.800	87	89	86
Q5PU78_Q75_lddt	Q9X4S7_Q75_lddt	9.153E-01	8.955E-01	9.053E-01	28.000	87	89	86
Q6ZY74_Q75_lddt	Q6ZY74_Q75_lddt	1.012E+00	1.000E+00	1.000E+00	100.000	87	87	87
Q6ZY74_Q75_lddt	Q6ZY77_Q75_lddt	1.011E+00	9.998E-01	9.998E-01	98.800	87	87	87
Q6ZY74_Q75_lddt	Q6R5M7_Q75_lddt	1.011E+00	9.998E-01	9.998E-01	97.700	87	87	87
Q6ZY74_Q75_lddt	Q2YHZ5_Q75_lddt	1.011E+00	9.998E-01	9.998E-01	100.000	87	87	87
Q6ZY74_Q75_lddt	Q2YHZ3_Q75_lddt	1.011E+00	9.998E-01	9.998E-01	100.000	87	87	87
Q6ZY74_Q75_lddt	Q5PU78_Q75_lddt	1.011E+00	9.998E-01	9.998E-01	97.700	87	87	87
Q6ZY74_Q75_lddt	Q2YHZ0_Q75_lddt	1.011E+00	9.997E-01	9.997E-01	100.000	87	87	87
Q6ZY74_Q75_lddt	Q2YHZ2_Q75_lddt	1.011E+00	9.997E-01	9.997E-01	100.000	87	87	87
Q6ZY74_Q75_lddt	B5D620_Q75_lddt	1.011E+00	9.996E-01	9.996E-01	100.000	87	87	87
Q6ZY74_Q75_lddt	Q2YHX8_Q75_lddt	1.011E+00	9.995E-01	9.995E-01	98.800	87	87	87
Q6ZY74_Q75_lddt	Q5I6D4_Q75_lddt	1.011E+00	9.995E-01	9.995E-01	98.800	87	87	87
Q6ZY74_Q75_lddt	Q2YHX6_Q75_lddt	1.011E+00	9.995E-01	9.995E-01	98.800	87	87	87
Q6ZY74_Q75_lddt	B8YHZ8_Q75_lddt	1.011E+00	9.995E-01	9.995E-01	100.000	87	87	87
Q6ZY74_Q75_lddt	Q6ZY58_Q75_lddt	1.011E+00	9.994E-01	9.994E-01	98.800	87	87	87
Q6ZY74_Q75_lddt	A0A455LS80_Q75_lddt	1.011E+00	9.994E-01	9.994E-01	95.400	87	87	87
Q6ZY74_Q75_lddt	A0A0P0IGT7_Q75_lddt	1.011E+00	9.992E-01	9.992E-01	94.200	87	87	87
Q6ZY74_Q75_lddt	B5D612_Q75_lddt	1.011E+00	9.992E-01	9.992E-01	94.200	87	87	87
Q6ZY74_Q75_lddt	E9NST5_Q75_lddt	1.011E+00	9.992E-01	9.992E-01	91.900	87	87	87
Q6ZY74_Q75_lddt	Q2YHY7_Q75_lddt	1.011E+00	9.992E-01	9.992E-01	100.000	87	87	87
Q6ZY74_Q75_lddt	A0A455LP07_Q75_lddt	1.011E+00	9.991E-01	9.991E-01	94.200	87	87	87
Q6ZY74_Q75_lddt	A0A455LP02_Q75_lddt	1.011E+00	9.991E-01	9.991E-01	94.200	87	87	87
Q6ZY74_Q75_lddt	A0A455LP13_Q75_lddt	1.011E+00	9.991E-01	9.991E-01	94.200	87	87	87
Q6ZY74_Q75_lddt	R4ISB3_Q75_lddt	1.011E+00	9.990E-01	9.990E-01	94.200	87	87	87
Q6ZY74_Q75_lddt	Q84H47_Q75_lddt	1.010E+00	9.989E-01	9.989E-01	93.100	87	87	87
Q6ZY74_Q75_lddt	Q84H48_Q75_lddt	1.010E+00	9.986E-01	9.986E-01	93.100	87	87	87
Q6ZY74_Q75_lddt	Q8VQV7_Q75_lddt	1.010E+00	9.986E-01	9.986E-01	93.100	87	87	87
Q6ZY74_Q75_lddt	Q8GHI3_Q75_lddt	1.010E+00	9.982E-01	9.982E-01	79.300	87	87	87
Q6ZY74_Q75_lddt	Q9R429_Q75_lddt	1.010E+00	9.982E-01	9.982E-01	80.400	87	87	87
Q6ZY74_Q75_lddt	H9AXM1_Q75_lddt	1.010E+00	9.981E-01	9.981E-01	77.000	87	87	87
Q6ZY74_Q75_lddt	AF-Q6W7F0-F1-model_v4_Q75_lddt	1.010E+00	9.979E-01	9.979E-01	83.900	87	87	87
Q6ZY74_Q75_lddt	OKP-D-1_Q75_lddt	1.008E+00	9.966E-01	9.966E-01	95.400	87	87	87
Q6ZY74_Q75_lddt	C0LSK3_Q75_lddt	1.010E+00	9.872E-01	9.986E-01	100.000	87	86	86
Q6ZY74_Q75_lddt	OKP-C-1_Q75_lddt	1.010E+00	9.866E-01	9.981E-01	93.100	87	87	86
Q6ZY74_Q75_lddt	Q2MJC2_Q75_lddt	1.011E+00	9.996E-01	9.771E-01	94.200	87	87	89
Q6ZY74_Q75_lddt	Q8VP67_Q75_lddt	1.011E+00	9.995E-01	9.771E-01	94.200	87	87	89
Q6ZY74_Q75_lddt	A0A097BQY7_Q75_lddt	1.011E+00	9.995E-01	9.771E-01	94.200	87	87	89
Q6ZY74_Q75_lddt	J7HZA4_Q75_lddt	1.011E+00	9.995E-01	9.770E-01	93.100	87	87	89
Q6ZY74_Q75_lddt	Q8KRG7_Q75_lddt	1.011E+00	9.994E-01	9.769E-01	93.100	87	87	89
Q6ZY74_Q75_lddt	A0ZX80_Q75_lddt	1.011E+00	9.993E-01	9.769E-01	94.200	87	87	89
Q6ZY74_Q75_lddt	H2ERK9_Q75_lddt	1.011E+00	9.993E-01	9.768E-01	94.200	87	87	89
Q6ZY74_Q75_lddt	E5Q900_Q75_lddt	1.011E+00	9.993E-01	9.768E-01	94.200	87	87	89
Q6ZY74_Q75_lddt	S4TWB0_Q75_lddt	1.011E+00	9.992E-01	9.768E-01	94.200	87	87	89
Q6ZY74_Q75_lddt	A0A2P9E069_Q75_lddt	1.011E+00	9.992E-01	9.768E-01	94.200	87	87	89
Q6ZY74_Q75_lddt	D5LGB4_Q75_lddt	1.011E+00	9.992E-01	9.768E-01	94.200	87	87	89
Q6ZY74_Q75_lddt	A0ZX91_Q75_lddt	1.011E+00	9.992E-01	9.768E-01	94.200	87	87	89
Q6ZY74_Q75_lddt	C8CE59_Q75_lddt	1.011E+00	9.764E-01	9.994E-01	91.900	87	87	85
Q6ZY74_Q75_lddt	B9U2I6_Q75_lddt	1.011E+00	9.992E-01	9.768E-01	94.200	87	87	89
Q6ZY74_Q75_lddt	B0FP98_Q75_lddt	1.011E+00	9.992E-01	9.767E-01	93.100	87	87	89
Q6ZY74_Q75_lddt	C8CE60_Q75_lddt	1.011E+00	9.764E-01	9.993E-01	91.900	87	87	85
Q6ZY74_Q75_lddt	A3FFR2_Q75_lddt	1.011E+00	9.991E-01	9.767E-01	94.200	87	87	89
Q6ZY74_Q75_lddt	Q8VP57_Q75_lddt	1.011E+00	9.991E-01	9.767E-01	94.200	87	87	89
Q6ZY74_Q75_lddt	Q939H3_Q75_lddt	1.011E+00	9.990E-01	9.766E-01	93.100	87	87	89
Q6ZY74_Q75_lddt	Q939H5_Q75_lddt	1.011E+00	9.990E-01	9.766E-01	93.100	87	87	89
Q6ZY74_Q75_lddt	Q0PGR7_Q75_lddt	1.011E+00	9.990E-01	9.765E-01	93.100	87	87	89
Q6ZY74_Q75_lddt	F8SQ10_Q75_lddt	1.010E+00	9.986E-01	9.762E-01	94.200	87	87	89
Q6ZY74_Q75_lddt	O33677_Q75_lddt	1.004E+00	9.808E-01	9.921E-01	78.100	87	87	86
Q6ZY74_Q75_lddt	E5G517_Q75_lddt	1.006E+00	9.944E-01	9.721E-01	93.100	87	87	89
Q6ZY74_Q75_lddt	AF-A0A867XYA1-F1-model_v4_Q75_lddt	1.010E+00	9.872E-01	9.760E-01	85.000	87	87	88
Q6ZY74_Q75_lddt	AF-P18251-F1-model_v4_Q75_lddt	1.009E+00	9.858E-01	9.746E-01	89.600	87	87	88
Q6ZY74_Q75_lddt	B7FDD9_Q75_lddt	1.010E+00	9.408E-01	9.981E-01	88.500	87	87	82
Q6ZY74_Q75_lddt	P14171_Q75_lddt	9.917E-01	9.581E-01	9.803E-01	54.000	87	87	85
Q6ZY74_Q75_lddt	Q3SAW3_Q75_lddt	9.928E-01	9.480E-01	9.812E-01	52.800	87	87	84
Q6ZY74_Q75_lddt	C5HUY1_Q75_lddt	9.931E-01	9.483E-01	9.815E-01	49.400	87	87	84
Q6ZY74_Q75_lddt	C6GC02_Q75_lddt	9.931E-01	9.482E-01	9.815E-01	48.200	87	87	84
Q6ZY74_Q75_lddt	A0A097ZLX5_Q75_lddt	9.931E-01	9.482E-01	9.815E-01	49.400	87	87	84
Q6ZY74_Q75_lddt	AF-A0A1J0HSJ3-F1-model_v4_Q75_lddt	1.001E+00	9.328E-01	9.890E-01	54.000	87	87	82
Q6ZY74_Q75_lddt	AF-A0A3G1JAD7-F1-model_v4_Q75_lddt	1.000E+00	9.319E-01	9.880E-01	54.000	87	87	82
Q6ZY74_Q75_lddt	GES-44_Q75_lddt	9.904E-01	9.458E-01	9.788E-01	49.400	87	87	84
Q6ZY74_Q75_lddt	GES-41_Q75_lddt	9.903E-01	9.457E-01	9.788E-01	49.400	87	87	84
Q6ZY74_Q75_lddt	SGM-3_Q75_lddt	9.942E-01	9.492E-01	9.712E-01	50.500	87	87	85
Q6ZY74_Q75_lddt	SGM-2_Q75_lddt	9.938E-01	9.489E-01	9.709E-01	50.500	87	87	85
Q6ZY74_Q75_lddt	PER-16_Q75_lddt	9.842E-01	9.401E-01	9.728E-01	40.200	87	87	84
Q6ZY74_Q75_lddt	AF-E2D9D5-F1-model_v4_Q75_lddt	9.838E-01	9.398E-01	9.724E-01	28.700	87	87	84
Q6ZY74_Q75_lddt	AF-A0A886X7X6-F1-model_v6_Q75_lddt	9.873E-01	9.429E-01	9.646E-01	31.000	87	87	85
Q6ZY74_Q75_lddt	Q9AMJ7_Q75_lddt	9.871E-01	9.317E-01	9.755E-01	27.500	87	87	83
Q6ZY74_Q75_lddt	A1YTM5_Q75_lddt	9.866E-01	9.312E-01	9.750E-01	27.500	87	87	83
Q6ZY74_Q75_lddt	A0A1W5QH29_Q75_lddt	9.776E-01	9.450E-01	9.665E-01	37.900	87	87	85
Q6ZY74_Q75_lddt	SGM-5_Q75_lddt	9.857E-01	9.414E-01	9.630E-01	49.400	87	87	85
Q6ZY74_Q75_lddt	A0A1W5QCF3_Q75_lddt	9.767E-01	9.441E-01	9.656E-01	37.900	87	87	85
Q6ZY74_Q75_lddt	A0A3Q8G682_Q75_lddt	9.691E-01	9.475E-01	9.582E-01	54.000	87	87	86
Q6ZY74_Q75_lddt	AF-Q1NAL0-F1-model_v4_Q75_lddt	9.839E-01	9.398E-01	9.613E-01	50.500	87	87	85
Q6ZY74_Q75_lddt	RAA-1_Q75_lddt	9.838E-01	9.288E-01	9.723E-01	29.800	87	87	83
Q6ZY74_Q75_lddt	D5HSX5_Q75_lddt	9.831E-01	9.280E-01	9.715E-01	40.200	87	87	83
Q6ZY74_Q75_lddt	A0A2Z2Z6H0_Q75_lddt	9.783E-01	9.347E-01	9.670E-01	45.900	87	87	84
Q6ZY74_Q75_lddt	A0A1W5QG57_Q75_lddt	9.740E-01	9.416E-01	9.630E-01	37.900	87	87	85
Q6ZY74_Q75_lddt	F8T7L4_Q75_lddt	9.817E-01	9.269E-01	9.702E-01	36.700	87	87	83
Q6ZY74_Q75_lddt	Q8VT49_Q75_lddt	9.819E-01	9.270E-01	9.704E-01	29.800	87	87	83
Q6ZY74_Q75_lddt	Q5XQD3_Q75_lddt	9.816E-01	9.268E-01	9.702E-01	36.700	87	87	83
Q6ZY74_Q75_lddt	P74842_Q75_lddt	9.813E-01	9.265E-01	9.698E-01	37.900	87	87	83
Q6ZY74_Q75_lddt	Q5W3A6_Q75_lddt	9.766E-01	9.331E-01	9.653E-01	33.300	87	87	84
Q6ZY74_Q75_lddt	Q9XBM2_Q75_lddt	9.653E-01	9.439E-01	9.545E-01	41.300	87	87	86
Q6ZY74_Q75_lddt	AF-A0A0D0F642-F1-model_v4_Q75_lddt	9.802E-01	9.255E-01	9.687E-01	31.000	87	87	83
Q6ZY74_Q75_lddt	G9MB50_Q75_lddt	9.781E-01	9.237E-01	9.667E-01	31.000	87	87	83
Q6ZY74_Q75_lddt	AF-E4WMC5-F1-model_v6_Q75_lddt	9.770E-01	9.227E-01	9.657E-01	36.700	87	87	83
Q6ZY74_Q75_lddt	G9M9P7_Q75_lddt	9.775E-01	9.232E-01	9.662E-01	31.000	87	87	83
Q6ZY74_Q75_lddt	G9MB49_Q75_lddt	9.773E-01	9.230E-01	9.660E-01	32.100	87	87	83
Q6ZY74_Q75_lddt	A0A0E0SR47_Q75_lddt	9.666E-01	9.346E-01	9.557E-01	39.000	87	87	85
Q6ZY74_Q75_lddt	AF-A0A8E9ZWD0-F1-model_v6_Q75_lddt	9.735E-01	9.303E-01	9.514E-01	29.800	87	87	85
Q6ZY74_Q75_lddt	AF-J9QX37-F1-model_v4_Q75_lddt	9.809E-01	9.042E-01	9.692E-01	29.800	87	87	81
Q6ZY74_Q75_lddt	Q9X6W1_Q75_lddt	9.704E-01	9.165E-01	9.591E-01	31.000	87	87	83
Q6ZY74_Q75_lddt	Q9RAZ9_Q75_lddt	9.760E-01	9.109E-01	9.645E-01	29.800	87	87	82
Q6ZY74_Q75_lddt	B5L5W7_Q75_lddt	9.697E-01	9.374E-01	9.374E-01	39.000	87	87	87
Q6ZY74_Q75_lddt	AF-F4NA56-F1-model_v4_Q75_lddt	9.615E-01	9.299E-01	9.507E-01	37.900	87	87	85
Q6ZY74_Q75_lddt	A0A0B6VPP7_Q75_lddt	9.673E-01	9.137E-01	9.561E-01	29.800	87	87	83
Q6ZY74_Q75_lddt	AF-A0A127SQY3-F1-model_v6_Q75_lddt	9.542E-01	9.020E-01	9.433E-01	26.400	87	87	83
Q6ZY74_Q75_lddt	Q57509_Q75_lddt	9.499E-01	8.976E-01	9.283E-01	28.400	87	88	84
Q6ZY74_Q75_lddt	C8C0I2_Q75_lddt	9.461E-01	8.944E-01	9.353E-01	34.400	87	87	83
Q6ZY74_Q75_lddt	C8C0D8_Q75_lddt	9.171E-01	8.972E-01	9.070E-01	25.800	87	89	86
Q6ZY74_Q75_lddt	Q9X4S7_Q75_lddt	9.144E-01	8.947E-01	9.045E-01	28.000	87	89	86
Q8VP57_Q75_lddt	Q8VP57_Q75_lddt	1.011E+00	1.000E+00	1.000E+00	100.000	89	89	89
Q8VP57_Q75_lddt	S4TWB0_Q75_lddt	1.011E+00	9.999E-01	9.999E-01	100.000	89	89	89
Q8VP57_Q75_lddt	B9U2I6_Q75_lddt	1.011E+00	9.999E-01	9.999E-01	100.000	89	89	89
Q8VP57_Q75_lddt	A0ZX80_Q75_lddt	1.011E+00	9.999E-01	9.999E-01	100.000	89	89	89
Q8VP57_Q75_lddt	A0A2P9E069_Q75_lddt	1.011E+00	9.999E-01	9.999E-01	100.000	89	89	89
Q8VP57_Q75_lddt	A0ZX91_Q75_lddt	1.011E+00	9.999E-01	9.999E-01	100.000	89	89	89
Q8VP57_Q75_lddt	E5Q900_Q75_lddt	1.011E+00	9.999E-01	9.999E-01	100.000	89	89	89
Q8VP57_Q75_lddt	D5LGB4_Q75_lddt	1.011E+00	9.999E-01	9.999E-01	100.000	89	89	89
Q8VP57_Q75_lddt	A3FFR2_Q75_lddt	1.011E+00	9.998E-01	9.998E-01	100.000	89	89	89
Q8VP57_Q75_lddt	Q0PGR7_Q75_lddt	1.011E+00	9.997E-01	9.997E-01	98.800	89	89	89
Q8VP57_Q75_lddt	H2ERK9_Q75_lddt	1.011E+00	9.996E-01	9.996E-01	100.000	89	89	89
Q8VP57_Q75_lddt	B0FP98_Q75_lddt	1.011E+00	9.994E-01	9.994E-01	98.800	89	89	89
Q8VP57_Q75_lddt	F8SQ10_Q75_lddt	1.011E+00	9.994E-01	9.994E-01	100.000	89	89	89
Q8VP57_Q75_lddt	Q939H5_Q75_lddt	1.011E+00	9.993E-01	9.993E-01	98.800	89	89	89
Q8VP57_Q75_lddt	Q2MJC2_Q75_lddt	1.011E+00	9.992E-01	9.992E-01	100.000	89	89	89
Q8VP57_Q75_lddt	A0A097BQY7_Q75_lddt	1.010E+00	9.991E-01	9.991E-01	100.000	89	89	89
Q8VP57_Q75_lddt	J7HZA4_Q75_lddt	1.010E+00	9.991E-01	9.991E-01	98.800	89	89	89
Q8VP57_Q75_lddt	Q939H3_Q75_lddt	1.010E+00	9.990E-01	9.990E-01	92.100	89	89	89
Q8VP57_Q75_lddt	Q8VP67_Q75_lddt	1.010E+00	9.990E-01	9.990E-01	100.000	89	89	89
Q8VP57_Q75_lddt	Q8KRG7_Q75_lddt	1.010E+00	9.988E-01	9.988E-01	98.800	89	89	89
Q8VP57_Q75_lddt	E5G517_Q75_lddt	1.006E+00	9.943E-01	9.943E-01	98.800	89	89	89
Q8VP57_Q75_lddt	AF-A0A867XYA1-F1-model_v4_Q75_lddt	1.008E+00	9.856E-01	9.968E-01	88.700	89	89	88
Q8VP57_Q75_lddt	AF-P18251-F1-model_v4_Q75_lddt	1.008E+00	9.850E-01	9.961E-01	95.500	89	89	88
Q8VP57_Q75_lddt	Q2YHX6_Q75_lddt	1.011E+00	9.772E-01	9.996E-01	95.400	89	87	87
Q8VP57_Q75_lddt	B8YHZ8_Q75_lddt	1.011E+00	9.772E-01	9.996E-01	94.200	89	87	87
Q8VP57_Q75_lddt	Q5I6D4_Q75_lddt	1.011E+00	9.772E-01	9.996E-01	95.400	89	87	87
Q8VP57_Q75_lddt	B5D612_Q75_lddt	1.011E+00	9.771E-01	9.996E-01	93.100	89	87	87
Q8VP57_Q75_lddt	Q2YHX8_Q75_lddt	1.011E+00	9.771E-01	9.996E-01	95.400	89	87	87
Q8VP57_Q75_lddt	B5D620_Q75_lddt	1.011E+00	9.771E-01	9.996E-01	94.200	89	87	87
Q8VP57_Q75_lddt	A0A455LP07_Q75_lddt	1.011E+00	9.771E-01	9.996E-01	93.100	89	87	87
Q8VP57_Q75_lddt	A0A455LP13_Q75_lddt	1.011E+00	9.771E-01	9.995E-01	93.100	89	87	87
Q8VP57_Q75_lddt	A0A455LP02_Q75_lddt	1.011E+00	9.771E-01	9.995E-01	93.100	89	87	87
Q8VP57_Q75_lddt	A0A0P0IGT7_Q75_lddt	1.011E+00	9.771E-01	9.995E-01	93.100	89	87	87
Q8VP57_Q75_lddt	R4ISB3_Q75_lddt	1.011E+00	9.771E-01	9.995E-01	93.100	89	87	87
Q8VP57_Q75_lddt	E9NST5_Q75_lddt	1.011E+00	9.770E-01	9.995E-01	90.800	89	87	87
Q8VP57_Q75_lddt	Q84H48_Q75_lddt	1.011E+00	9.768E-01	9.992E-01	91.900	89	87	87
Q8VP57_Q75_lddt	Q5PU78_Q75_lddt	1.011E+00	9.767E-01	9.992E-01	94.200	89	87	87
Q8VP57_Q75_lddt	Q2YHZ5_Q75_lddt	1.011E+00	9.767E-01	9.992E-01	94.200	89	87	87
Q8VP57_Q75_lddt	Q2YHZ2_Q75_lddt	1.011E+00	9.767E-01	9.991E-01	94.200	89	87	87
Q8VP57_Q75_lddt	Q6ZY74_Q75_lddt	1.011E+00	9.767E-01	9.991E-01	94.200	89	87	87
Q8VP57_Q75_lddt	Q6R5M7_Q75_lddt	1.011E+00	9.767E-01	9.991E-01	94.200	89	87	87
Q8VP57_Q75_lddt	A0A455LS80_Q75_lddt	1.011E+00	9.767E-01	9.991E-01	94.200	89	87	87
Q8VP57_Q75_lddt	Q6ZY77_Q75_lddt	1.011E+00	9.767E-01	9.991E-01	93.100	89	87	87
Q8VP57_Q75_lddt	Q2YHZ0_Q75_lddt	1.011E+00	9.766E-01	9.991E-01	94.200	89	87	87
Q8VP57_Q75_lddt	Q2YHZ3_Q75_lddt	1.011E+00	9.766E-01	9.991E-01	94.200	89	87	87
Q8VP57_Q75_lddt	Q9R429_Q75_lddt	1.011E+00	9.765E-01	9.990E-01	81.600	89	87	87
Q8VP57_Q75_lddt	Q8GHI3_Q75_lddt	1.011E+00	9.765E-01	9.989E-01	80.400	89	87	87
Q8VP57_Q75_lddt	Q6ZY58_Q75_lddt	1.010E+00	9.763E-01	9.987E-01	93.100	89	87	87
Q8VP57_Q75_lddt	Q2YHY7_Q75_lddt	1.010E+00	9.762E-01	9.986E-01	94.200	89	87	87
Q8VP57_Q75_lddt	Q84H47_Q75_lddt	1.010E+00	9.762E-01	9.986E-01	91.900	89	87	87
Q8VP57_Q75_lddt	H9AXM1_Q75_lddt	1.010E+00	9.761E-01	9.985E-01	78.100	89	87	87
Q8VP57_Q75_lddt	AF-Q6W7F0-F1-model_v4_Q75_lddt	1.010E+00	9.759E-01	9.983E-01	83.900	89	87	87
Q8VP57_Q75_lddt	Q8VQV7_Q75_lddt	1.010E+00	9.759E-01	9.983E-01	91.900	89	87	87
Q8VP57_Q75_lddt	OKP-D-1_Q75_lddt	1.008E+00	9.743E-01	9.967E-01	91.900	89	87	87
Q8VP57_Q75_lddt	OKP-C-1_Q75_lddt	1.010E+00	9.649E-01	9.985E-01	96.500	89	87	86
Q8VP57_Q75_lddt	C0LSK3_Q75_lddt	1.010E+00	9.645E-01	9.980E-01	94.100	89	86	86
Q8VP57_Q75_lddt	C8CE59_Q75_lddt	1.011E+00	9.543E-01	9.992E-01	97.700	89	87	85
Q8VP57_Q75_lddt	C8CE60_Q75_lddt	1.011E+00	9.542E-01	9.990E-01	97.700	89	87	85
Q8VP57_Q75_lddt	O33677_Q75_lddt	1.004E+00	9.596E-01	9.929E-01	79.300	89	87	86
Q8VP57_Q75_lddt	B7FDD9_Q75_lddt	1.010E+00	9.194E-01	9.977E-01	94.200	89	87	82
Q8VP57_Q75_lddt	P14171_Q75_lddt	9.919E-01	9.371E-01	9.804E-01	56.300	89	87	85
Q8VP57_Q75_lddt	Q3SAW3_Q75_lddt	9.952E-01	9.291E-01	9.835E-01	56.300	89	87	84
Q8VP57_Q75_lddt	C5HUY1_Q75_lddt	9.944E-01	9.284E-01	9.828E-01	49.400	89	87	84
Q8VP57_Q75_lddt	C6GC02_Q75_lddt	9.943E-01	9.284E-01	9.827E-01	48.200	89	87	84
Q8VP57_Q75_lddt	A0A097ZLX5_Q75_lddt	9.943E-01	9.283E-01	9.827E-01	49.400	89	87	84
Q8VP57_Q75_lddt	AF-A0A1J0HSJ3-F1-model_v4_Q75_lddt	1.001E+00	9.122E-01	9.892E-01	52.800	89	87	82
Q8VP57_Q75_lddt	GES-44_Q75_lddt	9.929E-01	9.271E-01	9.813E-01	49.400	89	87	84
Q8VP57_Q75_lddt	GES-41_Q75_lddt	9.926E-01	9.268E-01	9.810E-01	49.400	89	87	84
Q8VP57_Q75_lddt	AF-A0A3G1JAD7-F1-model_v4_Q75_lddt	1.001E+00	9.117E-01	9.886E-01	54.000	89	87	82
Q8VP57_Q75_lddt	SGM-3_Q75_lddt	9.938E-01	9.279E-01	9.708E-01	54.000	89	87	85
Q8VP57_Q75_lddt	SGM-2_Q75_lddt	9.936E-01	9.277E-01	9.706E-01	54.000	89	87	85
Q8VP57_Q75_lddt	PER-16_Q75_lddt	9.869E-01	9.219E-01	9.755E-01	41.300	89	87	84
Q8VP57_Q75_lddt	AF-E2D9D5-F1-model_v4_Q75_lddt	9.860E-01	9.211E-01	9.746E-01	31.000	89	87	84
Q8VP57_Q75_lddt	AF-A0A886X7X6-F1-model_v6_Q75_lddt	9.886E-01	9.234E-01	9.659E-01	32.100	89	87	85
Q8VP57_Q75_lddt	Q9AMJ7_Q75_lddt	9.882E-01	9.121E-01	9.765E-01	31.000	89	87	83
Q8VP57_Q75_lddt	A1YTM5_Q75_lddt	9.877E-01	9.117E-01	9.761E-01	31.000	89	87	83
Q8VP57_Q75_lddt	RAA-1_Q75_lddt	9.869E-01	9.110E-01	9.753E-01	33.300	89	87	83
Q8VP57_Q75_lddt	A0A1W5QH29_Q75_lddt	9.783E-01	9.250E-01	9.671E-01	37.900	89	87	85
Q8VP57_Q75_lddt	A0A2Z2Z6H0_Q75_lddt	9.820E-01	9.176E-01	9.707E-01	47.100	89	87	84
Q8VP57_Q75_lddt	D5HSX5_Q75_lddt	9.859E-01	9.102E-01	9.743E-01	41.300	89	87	83
Q8VP57_Q75_lddt	SGM-5_Q75_lddt	9.857E-01	9.208E-01	9.631E-01	50.500	89	87	85
Q8VP57_Q75_lddt	A0A1W5QCF3_Q75_lddt	9.773E-01	9.241E-01	9.662E-01	37.900	89	87	85
Q8VP57_Q75_lddt	F8T7L4_Q75_lddt	9.848E-01	9.092E-01	9.732E-01	37.900	89	87	83
Q8VP57_Q75_lddt	A0A3Q8G682_Q75_lddt	9.696E-01	9.273E-01	9.586E-01	54.000	89	87	86
Q8VP57_Q75_lddt	Q5XQD3_Q75_lddt	9.846E-01	9.090E-01	9.730E-01	37.900	89	87	83
Q8VP57_Q75_lddt	AF-Q1NAL0-F1-model_v4_Q75_lddt	9.845E-01	9.198E-01	9.619E-01	54.000	89	87	85
Q8VP57_Q75_lddt	P74842_Q75_lddt	9.843E-01	9.088E-01	9.727E-01	39.000	89	87	83
Q8VP57_Q75_lddt	Q9XBM2_Q75_lddt	9.686E-01	9.264E-01	9.577E-01	42.500	89	87	86
Q8VP57_Q75_lddt	Q8VT49_Q75_lddt	9.835E-01	9.081E-01	9.719E-01	31.000	89	87	83
Q8VP57_Q75_lddt	Q5W3A6_Q75_lddt	9.789E-01	9.149E-01	9.676E-01	34.400	89	87	84
Q8VP57_Q75_lddt	AF-A0A0D0F642-F1-model_v4_Q75_lddt	9.828E-01	9.075E-01	9.713E-01	32.100	89	87	83
Q8VP57_Q75_lddt	A0A1W5QG57_Q75_lddt	9.743E-01	9.214E-01	9.632E-01	37.900	89	87	85
Q8VP57_Q75_lddt	AF-E4WMC5-F1-model_v6_Q75_lddt	9.795E-01	9.046E-01	9.680E-01	35.600	89	87	83
Q8VP57_Q75_lddt	G9MB50_Q75_lddt	9.792E-01	9.044E-01	9.678E-01	31.000	89	87	83
Q8VP57_Q75_lddt	G9M9P7_Q75_lddt	9.786E-01	9.039E-01	9.672E-01	29.800	89	87	83
Q8VP57_Q75_lddt	A0A0E0SR47_Q75_lddt	9.701E-01	9.176E-01	9.592E-01	40.200	89	87	85
Q8VP57_Q75_lddt	G9MB49_Q75_lddt	9.783E-01	9.037E-01	9.669E-01	31.000	89	87	83
Q8VP57_Q75_lddt	AF-A0A8E9ZWD0-F1-model_v6_Q75_lddt	9.763E-01	9.126E-01	9.541E-01	31.000	89	87	85
Q8VP57_Q75_lddt	AF-J9QX37-F1-model_v4_Q75_lddt	9.826E-01	8.859E-01	9.709E-01	28.700	89	87	81
Q8VP57_Q75_lddt	Q9X6W1_Q75_lddt	9.723E-01	8.982E-01	9.609E-01	32.100	89	87	83
Q8VP57_Q75_lddt	Q9RAZ9_Q75_lddt	9.777E-01	8.926E-01	9.662E-01	31.000	89	87	82
Q8VP57_Q75_lddt	AF-F4NA56-F1-model_v4_Q75_lddt	9.651E-01	9.131E-01	9.542E-01	37.900	89	87	85
Q8VP57_Q75_lddt	A0A0B6VPP7_Q75_lddt	9.691E-01	8.955E-01	9.579E-01	31.000	89	87	83
Q8VP57_Q75_lddt	B5L5W7_Q75_lddt	9.676E-01	9.152E-01	9.355E-01	37.900	89	87	87
Q8VP57_Q75_lddt	AF-A0A127SQY3-F1-model_v6_Q75_lddt	9.559E-01	8.841E-01	9.450E-01	25.200	89	87	83
Q8VP57_Q75_lddt	C8C0I2_Q75_lddt	9.482E-01	8.772E-01	9.374E-01	32.100	89	87	83
Q8VP57_Q75_lddt	Q57509_Q75_lddt	9.508E-01	8.790E-01	9.291E-01	28.400	89	88	84
Q8VP57_Q75_lddt	C8C0D8_Q75_lddt	9.185E-01	8.795E-01	9.084E-01	25.800	89	89	86
Q8VP57_Q75_lddt	Q9X4S7_Q75_lddt	9.165E-01	8.777E-01	9.065E-01	28.000	89	89	86
Q9AMJ7_Q75_lddt	Q9AMJ7_Q75_lddt	1.012E+00	1.000E+00	1.000E+00	100.000	83	83	83
Q9AMJ7_Q75_lddt	A1YTM5_Q75_lddt	1.012E+00	9.999E-01	9.999E-01	100.000	83	83	83
Q9AMJ7_Q75_lddt	Q8VT49_Q75_lddt	1.001E+00	9.895E-01	9.895E-01	53.000	83	83	83
Q9AMJ7_Q75_lddt	AF-A0A0D0F642-F1-model_v4_Q75_lddt	1.001E+00	9.888E-01	9.888E-01	59.000	83	83	83
Q9AMJ7_Q75_lddt	RAA-1_Q75_lddt	1.000E+00	9.881E-01	9.881E-01	57.800	83	83	83
Q9AMJ7_Q75_lddt	AF-E2D9D5-F1-model_v4_Q75_lddt	1.004E+00	9.915E-01	9.798E-01	57.100	83	84	84
Q9AMJ7_Q75_lddt	Q9RAZ9_Q75_lddt	1.003E+00	9.789E-01	9.907E-01	55.400	83	83	82
Q9AMJ7_Q75_lddt	D5HSX5_Q75_lddt	9.985E-01	9.866E-01	9.866E-01	51.800	83	83	83
Q9AMJ7_Q75_lddt	G9MB50_Q75_lddt	9.983E-01	9.865E-01	9.865E-01	50.600	83	83	83
Q9AMJ7_Q75_lddt	Q5XQD3_Q75_lddt	9.979E-01	9.860E-01	9.860E-01	49.300	83	83	83
Q9AMJ7_Q75_lddt	P74842_Q75_lddt	9.977E-01	9.859E-01	9.859E-01	51.800	83	83	83
Q9AMJ7_Q75_lddt	F8T7L4_Q75_lddt	9.977E-01	9.859E-01	9.859E-01	49.300	83	83	83
Q9AMJ7_Q75_lddt	G9MB49_Q75_lddt	9.976E-01	9.857E-01	9.857E-01	50.600	83	83	83
Q9AMJ7_Q75_lddt	G9M9P7_Q75_lddt	9.973E-01	9.855E-01	9.855E-01	50.600	83	83	83
Q9AMJ7_Q75_lddt	AF-E4WMC5-F1-model_v6_Q75_lddt	9.966E-01	9.847E-01	9.847E-01	45.700	83	83	83
Q9AMJ7_Q75_lddt	PER-16_Q75_lddt	9.995E-01	9.876E-01	9.760E-01	50.000	83	84	84
Q9AMJ7_Q75_lddt	Q9X6W1_Q75_lddt	9.933E-01	9.815E-01	9.815E-01	59.000	83	83	83
Q9AMJ7_Q75_lddt	AF-A0A886X7X6-F1-model_v6_Q75_lddt	1.001E+00	9.890E-01	9.660E-01	63.000	83	84	85
Q9AMJ7_Q75_lddt	A0A0B6VPP7_Q75_lddt	9.908E-01	9.791E-01	9.791E-01	57.800	83	83	83
Q9AMJ7_Q75_lddt	Q5W3A6_Q75_lddt	9.969E-01	9.850E-01	9.735E-01	48.800	83	84	84
Q9AMJ7_Q75_lddt	AF-J9QX37-F1-model_v4_Q75_lddt	9.956E-01	9.602E-01	9.835E-01	39.700	83	83	81
Q9AMJ7_Q75_lddt	AF-A0A8E9ZWD0-F1-model_v6_Q75_lddt	9.927E-01	9.810E-01	9.583E-01	48.800	83	84	85
Q9AMJ7_Q75_lddt	AF-A0A3G1JAD7-F1-model_v4_Q75_lddt	9.881E-01	9.648E-01	9.763E-01	31.300	83	83	82
Q9AMJ7_Q75_lddt	AF-A0A1J0HSJ3-F1-model_v4_Q75_lddt	9.874E-01	9.641E-01	9.756E-01	32.500	83	83	82
Q9AMJ7_Q75_lddt	B7FDD9_Q75_lddt	9.866E-01	9.634E-01	9.749E-01	31.300	83	83	82
Q9AMJ7_Q75_lddt	AF-A0A127SQY3-F1-model_v6_Q75_lddt	9.777E-01	9.662E-01	9.662E-01	40.900	83	83	83
Q9AMJ7_Q75_lddt	C8CE59_Q75_lddt	9.876E-01	9.760E-01	9.535E-01	31.700	83	85	85
Q9AMJ7_Q75_lddt	Q3SAW3_Q75_lddt	9.827E-01	9.712E-01	9.600E-01	36.900	83	84	84
Q9AMJ7_Q75_lddt	C8CE60_Q75_lddt	9.861E-01	9.745E-01	9.522E-01	31.700	83	85	85
Q9AMJ7_Q75_lddt	SGM-3_Q75_lddt	9.859E-01	9.743E-01	9.519E-01	36.900	83	84	85
Q9AMJ7_Q75_lddt	SGM-2_Q75_lddt	9.856E-01	9.740E-01	9.517E-01	36.900	83	84	85
Q9AMJ7_Q75_lddt	Q57509_Q75_lddt	9.751E-01	9.636E-01	9.524E-01	47.600	83	84	84
Q9AMJ7_Q75_lddt	C8C0I2_Q75_lddt	9.690E-01	9.576E-01	9.576E-01	48.800	83	84	83
Q9AMJ7_Q75_lddt	OKP-C-1_Q75_lddt	9.868E-01	9.752E-01	9.420E-01	30.200	83	86	86
Q9AMJ7_Q75_lddt	Q9R429_Q75_lddt	9.903E-01	9.786E-01	9.345E-01	28.700	83	87	87
Q9AMJ7_Q75_lddt	Q8GHI3_Q75_lddt	9.902E-01	9.785E-01	9.344E-01	27.500	83	87	87
Q9AMJ7_Q75_lddt	H9AXM1_Q75_lddt	9.899E-01	9.782E-01	9.342E-01	26.400	83	87	87
Q9AMJ7_Q75_lddt	AF-Q6W7F0-F1-model_v4_Q75_lddt	9.895E-01	9.778E-01	9.338E-01	31.000	83	87	87
Q9AMJ7_Q75_lddt	Q2YHY7_Q75_lddt	9.887E-01	9.771E-01	9.332E-01	27.500	83	87	87
Q9AMJ7_Q75_lddt	Q84H48_Q75_lddt	9.884E-01	9.768E-01	9.329E-01	29.800	83	87	87
Q9AMJ7_Q75_lddt	B5D620_Q75_lddt	9.883E-01	9.767E-01	9.328E-01	27.500	83	87	87
Q9AMJ7_Q75_lddt	Q5I6D4_Q75_lddt	9.883E-01	9.767E-01	9.328E-01	27.500	83	87	87
Q9AMJ7_Q75_lddt	Q2YHZ2_Q75_lddt	9.883E-01	9.766E-01	9.327E-01	27.500	83	87	87
Q9AMJ7_Q75_lddt	Q84H47_Q75_lddt	9.883E-01	9.766E-01	9.327E-01	29.800	83	87	87
Q9AMJ7_Q75_lddt	Q2YHX6_Q75_lddt	9.883E-01	9.767E-01	9.327E-01	27.500	83	87	87
Q9AMJ7_Q75_lddt	Q8VQV7_Q75_lddt	9.881E-01	9.765E-01	9.326E-01	29.800	83	87	87
Q9AMJ7_Q75_lddt	Q2YHX8_Q75_lddt	9.881E-01	9.765E-01	9.326E-01	27.500	83	87	87
Q9AMJ7_Q75_lddt	B8YHZ8_Q75_lddt	9.881E-01	9.765E-01	9.326E-01	27.500	83	87	87
Q9AMJ7_Q75_lddt	Q5PU78_Q75_lddt	9.880E-01	9.764E-01	9.325E-01	27.500	83	87	87
Q9AMJ7_Q75_lddt	B5D612_Q75_lddt	9.880E-01	9.764E-01	9.325E-01	28.700	83	87	87
Q9AMJ7_Q75_lddt	Q2YHZ3_Q75_lddt	9.880E-01	9.763E-01	9.325E-01	27.500	83	87	87
Q9AMJ7_Q75_lddt	A0A455LP07_Q75_lddt	9.879E-01	9.763E-01	9.324E-01	29.800	83	87	87
Q9AMJ7_Q75_lddt	Q2YHZ5_Q75_lddt	9.878E-01	9.762E-01	9.323E-01	27.500	83	87	87
Q9AMJ7_Q75_lddt	Q2YHZ0_Q75_lddt	9.878E-01	9.762E-01	9.323E-01	27.500	83	87	87
Q9AMJ7_Q75_lddt	A0A455LP02_Q75_lddt	9.878E-01	9.761E-01	9.323E-01	29.800	83	87	87
Q9AMJ7_Q75_lddt	E9NST5_Q75_lddt	9.878E-01	9.761E-01	9.323E-01	28.700	83	87	87
Q9AMJ7_Q75_lddt	Q6ZY77_Q75_lddt	9.877E-01	9.761E-01	9.323E-01	27.500	83	87	87
Q9AMJ7_Q75_lddt	A0A455LS80_Q75_lddt	9.877E-01	9.761E-01	9.322E-01	28.700	83	87	87
Q9AMJ7_Q75_lddt	A0A455LP13_Q75_lddt	9.876E-01	9.760E-01	9.321E-01	29.800	83	87	87
Q9AMJ7_Q75_lddt	A0A0P0IGT7_Q75_lddt	9.873E-01	9.757E-01	9.319E-01	28.700	83	87	87
Q9AMJ7_Q75_lddt	R4ISB3_Q75_lddt	9.873E-01	9.757E-01	9.319E-01	29.800	83	87	87
Q9AMJ7_Q75_lddt	Q6ZY74_Q75_lddt	9.871E-01	9.755E-01	9.317E-01	27.500	83	87	87
Q9AMJ7_Q75_lddt	Q6R5M7_Q75_lddt	9.870E-01	9.754E-01	9.316E-01	27.500	83	87	87
Q9AMJ7_Q75_lddt	GES-44_Q75_lddt	9.758E-01	9.645E-01	9.534E-01	36.900	83	84	84
Q9AMJ7_Q75_lddt	A0A097ZLX5_Q75_lddt	9.753E-01	9.640E-01	9.529E-01	36.900	83	84	84
Q9AMJ7_Q75_lddt	C5HUY1_Q75_lddt	9.753E-01	9.640E-01	9.529E-01	36.900	83	84	84
Q9AMJ7_Q75_lddt	Q6ZY58_Q75_lddt	9.857E-01	9.741E-01	9.304E-01	27.500	83	87	87
Q9AMJ7_Q75_lddt	C6GC02_Q75_lddt	9.748E-01	9.635E-01	9.524E-01	35.700	83	84	84
Q9AMJ7_Q75_lddt	GES-41_Q75_lddt	9.746E-01	9.633E-01	9.522E-01	36.900	83	84	84
Q9AMJ7_Q75_lddt	AF-P18251-F1-model_v4_Q75_lddt	9.881E-01	9.765E-01	9.222E-01	29.000	83	86	88
Q9AMJ7_Q75_lddt	AF-Q1NAL0-F1-model_v4_Q75_lddt	9.767E-01	9.654E-01	9.434E-01	35.700	83	84	85
Q9AMJ7_Q75_lddt	C0LSK3_Q75_lddt	9.878E-01	9.645E-01	9.316E-01	26.700	83	86	86
Q9AMJ7_Q75_lddt	OKP-D-1_Q75_lddt	9.831E-01	9.716E-01	9.281E-01	27.500	83	87	87
Q9AMJ7_Q75_lddt	SGM-5_Q75_lddt	9.747E-01	9.634E-01	9.415E-01	33.300	83	84	85
Q9AMJ7_Q75_lddt	E5G517_Q75_lddt	9.885E-01	9.769E-01	9.124E-01	31.000	83	87	89
Q9AMJ7_Q75_lddt	A0ZX91_Q75_lddt	9.885E-01	9.769E-01	9.124E-01	31.000	83	87	89
Q9AMJ7_Q75_lddt	AF-A0A867XYA1-F1-model_v4_Q75_lddt	9.849E-01	9.733E-01	9.194E-01	25.500	83	86	88
Q9AMJ7_Q75_lddt	A0ZX80_Q75_lddt	9.883E-01	9.767E-01	9.123E-01	31.000	83	87	89
Q9AMJ7_Q75_lddt	D5LGB4_Q75_lddt	9.883E-01	9.767E-01	9.123E-01	31.000	83	87	89
Q9AMJ7_Q75_lddt	B9U2I6_Q75_lddt	9.883E-01	9.767E-01	9.122E-01	31.000	83	87	89
Q9AMJ7_Q75_lddt	S4TWB0_Q75_lddt	9.882E-01	9.766E-01	9.122E-01	31.000	83	87	89
Q9AMJ7_Q75_lddt	Q8VP57_Q75_lddt	9.882E-01	9.765E-01	9.121E-01	31.000	83	87	89
Q9AMJ7_Q75_lddt	A0A2P9E069_Q75_lddt	9.881E-01	9.765E-01	9.121E-01	31.000	83	87	89
Q9AMJ7_Q75_lddt	E5Q900_Q75_lddt	9.880E-01	9.764E-01	9.120E-01	31.000	83	87	89
Q9AMJ7_Q75_lddt	P14171_Q75_lddt	9.725E-01	9.612E-01	9.394E-01	28.200	83	85	85
Q9AMJ7_Q75_lddt	Q2MJC2_Q75_lddt	9.879E-01	9.762E-01	9.119E-01	31.000	83	87	89
Q9AMJ7_Q75_lddt	A3FFR2_Q75_lddt	9.878E-01	9.762E-01	9.118E-01	31.000	83	87	89
Q9AMJ7_Q75_lddt	Q939H3_Q75_lddt	9.877E-01	9.761E-01	9.118E-01	29.800	83	87	89
Q9AMJ7_Q75_lddt	Q939H5_Q75_lddt	9.876E-01	9.760E-01	9.117E-01	31.000	83	87	89
Q9AMJ7_Q75_lddt	Q0PGR7_Q75_lddt	9.876E-01	9.759E-01	9.116E-01	31.000	83	87	89
Q9AMJ7_Q75_lddt	F8SQ10_Q75_lddt	9.873E-01	9.757E-01	9.114E-01	31.000	83	87	89
Q9AMJ7_Q75_lddt	O33677_Q75_lddt	9.724E-01	9.610E-01	9.284E-01	27.500	83	87	86
Q9AMJ7_Q75_lddt	A0A097BQY7_Q75_lddt	9.869E-01	9.753E-01	9.111E-01	31.000	83	87	89
Q9AMJ7_Q75_lddt	H2ERK9_Q75_lddt	9.866E-01	9.750E-01	9.108E-01	31.000	83	87	89
Q9AMJ7_Q75_lddt	Q8VP67_Q75_lddt	9.865E-01	9.749E-01	9.107E-01	31.000	83	87	89
Q9AMJ7_Q75_lddt	B0FP98_Q75_lddt	9.863E-01	9.747E-01	9.105E-01	31.000	83	87	89
Q9AMJ7_Q75_lddt	J7HZA4_Q75_lddt	9.861E-01	9.746E-01	9.104E-01	31.000	83	87	89
Q9AMJ7_Q75_lddt	Q8KRG7_Q75_lddt	9.861E-01	9.745E-01	9.104E-01	31.000	83	87	89
Q9AMJ7_Q75_lddt	A0A2Z2Z6H0_Q75_lddt	9.667E-01	9.555E-01	9.446E-01	32.100	83	84	84
Q9AMJ7_Q75_lddt	B5L5W7_Q75_lddt	9.742E-01	9.628E-01	9.199E-01	35.200	83	85	87
Q9AMJ7_Q75_lddt	C8C0D8_Q75_lddt	9.622E-01	9.509E-01	9.186E-01	36.700	83	87	86
Q9AMJ7_Q75_lddt	Q9X4S7_Q75_lddt	9.589E-01	9.477E-01	9.157E-01	33.300	83	87	86
Q9AMJ7_Q75_lddt	Q9XBM2_Q75_lddt	9.521E-01	9.411E-01	9.095E-01	24.100	83	87	86
Q9AMJ7_Q75_lddt	A0A0E0SR47_Q75_lddt	9.413E-01	9.305E-01	9.095E-01	28.700	83	87	85
Q9AMJ7_Q75_lddt	A0A3Q8G682_Q75_lddt	9.459E-01	9.350E-01	9.038E-01	31.000	83	87	86
Q9AMJ7_Q75_lddt	A0A1W5QH29_Q75_lddt	9.395E-01	9.287E-01	9.078E-01	29.800	83	87	85
Q9AMJ7_Q75_lddt	A0A1W5QCF3_Q75_lddt	9.383E-01	9.276E-01	9.068E-01	28.700	83	87	85
Q9AMJ7_Q75_lddt	AF-F4NA56-F1-model_v4_Q75_lddt	9.349E-01	9.242E-01	9.036E-01	28.700	83	87	85
Q9AMJ7_Q75_lddt	A0A1W5QG57_Q75_lddt	9.350E-01	9.243E-01	9.036E-01	29.800	83	87	85
R4ISB3_Q75_lddt	R4ISB3_Q75_lddt	1.012E+00	1.000E+00	1.000E+00	100.000	87	87	87
R4ISB3_Q75_lddt	A0A455LP13_Q75_lddt	1.012E+00	1.000E+00	1.000E+00	100.000	87	87	87
R4ISB3_Q75_lddt	A0A455LP07_Q75_lddt	1.012E+00	1.000E+00	1.000E+00	100.000	87	87	87
R4ISB3_Q75_lddt	A0A455LP02_Q75_lddt	1.012E+00	9.999E-01	9.999E-01	100.000	87	87	87
R4ISB3_Q75_lddt	E9NST5_Q75_lddt	1.011E+00	9.998E-01	9.998E-01	96.500	87	87	87
R4ISB3_Q75_lddt	B5D612_Q75_lddt	1.011E+00	9.998E-01	9.998E-01	96.500	87	87	87
R4ISB3_Q75_lddt	Q84H48_Q75_lddt	1.011E+00	9.997E-01	9.997E-01	97.700	87	87	87
R4ISB3_Q75_lddt	A0A0P0IGT7_Q75_lddt	1.011E+00	9.997E-01	9.997E-01	96.500	87	87	87
R4ISB3_Q75_lddt	B8YHZ8_Q75_lddt	1.011E+00	9.996E-01	9.996E-01	94.200	87	87	87
R4ISB3_Q75_lddt	A0A455LS80_Q75_lddt	1.011E+00	9.995E-01	9.995E-01	98.800	87	87	87
R4ISB3_Q75_lddt	Q2YHX8_Q75_lddt	1.011E+00	9.995E-01	9.995E-01	95.400	87	87	87
R4ISB3_Q75_lddt	Q5I6D4_Q75_lddt	1.011E+00	9.995E-01	9.995E-01	95.400	87	87	87
R4ISB3_Q75_lddt	Q2YHX6_Q75_lddt	1.011E+00	9.995E-01	9.995E-01	95.400	87	87	87
R4ISB3_Q75_lddt	B5D620_Q75_lddt	1.011E+00	9.995E-01	9.995E-01	94.200	87	87	87
R4ISB3_Q75_lddt	Q84H47_Q75_lddt	1.011E+00	9.993E-01	9.993E-01	97.700	87	87	87
R4ISB3_Q75_lddt	Q2YHZ5_Q75_lddt	1.011E+00	9.992E-01	9.992E-01	94.200	87	87	87
R4ISB3_Q75_lddt	Q6ZY77_Q75_lddt	1.011E+00	9.991E-01	9.991E-01	93.100	87	87	87
R4ISB3_Q75_lddt	Q2YHZ3_Q75_lddt	1.011E+00	9.991E-01	9.991E-01	94.200	87	87	87
R4ISB3_Q75_lddt	Q5PU78_Q75_lddt	1.011E+00	9.991E-01	9.991E-01	94.200	87	87	87
R4ISB3_Q75_lddt	Q2YHZ0_Q75_lddt	1.011E+00	9.991E-01	9.991E-01	94.200	87	87	87
R4ISB3_Q75_lddt	Q2YHZ2_Q75_lddt	1.011E+00	9.991E-01	9.991E-01	94.200	87	87	87
R4ISB3_Q75_lddt	Q6ZY74_Q75_lddt	1.011E+00	9.990E-01	9.990E-01	94.200	87	87	87
R4ISB3_Q75_lddt	Q8VQV7_Q75_lddt	1.011E+00	9.990E-01	9.990E-01	97.700	87	87	87
R4ISB3_Q75_lddt	Q6R5M7_Q75_lddt	1.011E+00	9.989E-01	9.989E-01	94.200	87	87	87
R4ISB3_Q75_lddt	Q2YHY7_Q75_lddt	1.010E+00	9.988E-01	9.988E-01	94.200	87	87	87
R4ISB3_Q75_lddt	Q6ZY58_Q75_lddt	1.010E+00	9.988E-01	9.988E-01	93.100	87	87	87
R4ISB3_Q75_lddt	Q9R429_Q75_lddt	1.010E+00	9.987E-01	9.987E-01	79.300	87	87	87
R4ISB3_Q75_lddt	Q8GHI3_Q75_lddt	1.010E+00	9.987E-01	9.987E-01	78.100	87	87	87
R4ISB3_Q75_lddt	H9AXM1_Q75_lddt	1.010E+00	9.984E-01	9.984E-01	75.800	87	87	87
R4ISB3_Q75_lddt	AF-Q6W7F0-F1-model_v4_Q75_lddt	1.010E+00	9.984E-01	9.984E-01	82.700	87	87	87
R4ISB3_Q75_lddt	OKP-D-1_Q75_lddt	1.009E+00	9.973E-01	9.973E-01	95.400	87	87	87
R4ISB3_Q75_lddt	OKP-C-1_Q75_lddt	1.010E+00	9.870E-01	9.985E-01	91.900	87	87	86
R4ISB3_Q75_lddt	C0LSK3_Q75_lddt	1.010E+00	9.869E-01	9.983E-01	94.100	87	86	86
R4ISB3_Q75_lddt	Q939H3_Q75_lddt	1.012E+00	9.999E-01	9.774E-01	98.800	87	87	89
R4ISB3_Q75_lddt	Q0PGR7_Q75_lddt	1.011E+00	9.997E-01	9.772E-01	93.100	87	87	89
R4ISB3_Q75_lddt	A0ZX80_Q75_lddt	1.011E+00	9.995E-01	9.771E-01	93.100	87	87	89
R4ISB3_Q75_lddt	Q8VP57_Q75_lddt	1.011E+00	9.995E-01	9.771E-01	93.100	87	87	89
R4ISB3_Q75_lddt	D5LGB4_Q75_lddt	1.011E+00	9.995E-01	9.771E-01	93.100	87	87	89
R4ISB3_Q75_lddt	A0ZX91_Q75_lddt	1.011E+00	9.995E-01	9.771E-01	93.100	87	87	89
R4ISB3_Q75_lddt	S4TWB0_Q75_lddt	1.011E+00	9.995E-01	9.771E-01	93.100	87	87	89
R4ISB3_Q75_lddt	B9U2I6_Q75_lddt	1.011E+00	9.995E-01	9.770E-01	93.100	87	87	89
R4ISB3_Q75_lddt	A0A2P9E069_Q75_lddt	1.011E+00	9.995E-01	9.770E-01	93.100	87	87	89
R4ISB3_Q75_lddt	E5Q900_Q75_lddt	1.011E+00	9.995E-01	9.770E-01	93.100	87	87	89
R4ISB3_Q75_lddt	A3FFR2_Q75_lddt	1.011E+00	9.993E-01	9.769E-01	93.100	87	87	89
R4ISB3_Q75_lddt	Q2MJC2_Q75_lddt	1.011E+00	9.990E-01	9.766E-01	93.100	87	87	89
R4ISB3_Q75_lddt	H2ERK9_Q75_lddt	1.011E+00	9.990E-01	9.765E-01	93.100	87	87	89
R4ISB3_Q75_lddt	A0A097BQY7_Q75_lddt	1.011E+00	9.989E-01	9.765E-01	93.100	87	87	89
R4ISB3_Q75_lddt	B0FP98_Q75_lddt	1.011E+00	9.989E-01	9.765E-01	91.900	87	87	89
R4ISB3_Q75_lddt	F8SQ10_Q75_lddt	1.010E+00	9.989E-01	9.765E-01	93.100	87	87	89
R4ISB3_Q75_lddt	Q939H5_Q75_lddt	1.010E+00	9.988E-01	9.763E-01	91.900	87	87	89
R4ISB3_Q75_lddt	C8CE59_Q75_lddt	1.011E+00	9.760E-01	9.989E-01	90.800	87	87	85
R4ISB3_Q75_lddt	C8CE60_Q75_lddt	1.011E+00	9.759E-01	9.989E-01	90.800	87	87	85
R4ISB3_Q75_lddt	Q8VP67_Q75_lddt	1.010E+00	9.986E-01	9.762E-01	93.100	87	87	89
R4ISB3_Q75_lddt	J7HZA4_Q75_lddt	1.010E+00	9.986E-01	9.761E-01	91.900	87	87	89
R4ISB3_Q75_lddt	Q8KRG7_Q75_lddt	1.010E+00	9.984E-01	9.760E-01	91.900	87	87	89
R4ISB3_Q75_lddt	O33677_Q75_lddt	1.004E+00	9.815E-01	9.928E-01	77.000	87	87	86
R4ISB3_Q75_lddt	E5G517_Q75_lddt	1.005E+00	9.939E-01	9.716E-01	91.900	87	87	89
R4ISB3_Q75_lddt	AF-A0A867XYA1-F1-model_v4_Q75_lddt	1.010E+00	9.867E-01	9.755E-01	82.700	87	87	88
R4ISB3_Q75_lddt	AF-P18251-F1-model_v4_Q75_lddt	1.009E+00	9.858E-01	9.746E-01	88.500	87	87	88
R4ISB3_Q75_lddt	B7FDD9_Q75_lddt	1.010E+00	9.407E-01	9.979E-01	87.300	87	87	82
R4ISB3_Q75_lddt	P14171_Q75_lddt	9.931E-01	9.594E-01	9.816E-01	55.100	87	87	85
R4ISB3_Q75_lddt	Q3SAW3_Q75_lddt	9.955E-01	9.504E-01	9.838E-01	51.700	87	87	84
R4ISB3_Q75_lddt	C5HUY1_Q75_lddt	9.946E-01	9.496E-01	9.830E-01	48.200	87	87	84
R4ISB3_Q75_lddt	C6GC02_Q75_lddt	9.946E-01	9.496E-01	9.829E-01	47.100	87	87	84
R4ISB3_Q75_lddt	A0A097ZLX5_Q75_lddt	9.944E-01	9.495E-01	9.828E-01	48.200	87	87	84
R4ISB3_Q75_lddt	AF-A0A1J0HSJ3-F1-model_v4_Q75_lddt	1.002E+00	9.335E-01	9.898E-01	55.100	87	87	82
R4ISB3_Q75_lddt	GES-44_Q75_lddt	9.928E-01	9.480E-01	9.812E-01	48.200	87	87	84
R4ISB3_Q75_lddt	GES-41_Q75_lddt	9.927E-01	9.479E-01	9.811E-01	48.200	87	87	84
R4ISB3_Q75_lddt	AF-A0A3G1JAD7-F1-model_v4_Q75_lddt	1.001E+00	9.325E-01	9.887E-01	55.100	87	87	82
R4ISB3_Q75_lddt	SGM-3_Q75_lddt	9.938E-01	9.489E-01	9.709E-01	51.700	87	87	85
R4ISB3_Q75_lddt	SGM-2_Q75_lddt	9.936E-01	9.487E-01	9.706E-01	51.700	87	87	85
R4ISB3_Q75_lddt	PER-16_Q75_lddt	9.861E-01	9.418E-01	9.746E-01	40.200	87	87	84
R4ISB3_Q75_lddt	AF-E2D9D5-F1-model_v4_Q75_lddt	9.851E-01	9.409E-01	9.736E-01	29.800	87	87	84
R4ISB3_Q75_lddt	AF-A0A886X7X6-F1-model_v6_Q75_lddt	9.878E-01	9.434E-01	9.650E-01	33.300	87	87	85
R4ISB3_Q75_lddt	Q9AMJ7_Q75_lddt	9.873E-01	9.319E-01	9.757E-01	29.800	87	87	83
R4ISB3_Q75_lddt	A1YTM5_Q75_lddt	9.868E-01	9.314E-01	9.752E-01	29.800	87	87	83
R4ISB3_Q75_lddt	A0A1W5QH29_Q75_lddt	9.782E-01	9.455E-01	9.671E-01	37.900	87	87	85
R4ISB3_Q75_lddt	SGM-5_Q75_lddt	9.858E-01	9.416E-01	9.632E-01	50.500	87	87	85
R4ISB3_Q75_lddt	A0A2Z2Z6H0_Q75_lddt	9.816E-01	9.378E-01	9.703E-01	45.900	87	87	84
R4ISB3_Q75_lddt	A0A1W5QCF3_Q75_lddt	9.773E-01	9.447E-01	9.662E-01	37.900	87	87	85
R4ISB3_Q75_lddt	RAA-1_Q75_lddt	9.858E-01	9.305E-01	9.742E-01	31.000	87	87	83
R4ISB3_Q75_lddt	D5HSX5_Q75_lddt	9.848E-01	9.296E-01	9.733E-01	40.200	87	87	83
R4ISB3_Q75_lddt	A0A3Q8G682_Q75_lddt	9.696E-01	9.479E-01	9.586E-01	55.100	87	87	86
R4ISB3_Q75_lddt	AF-Q1NAL0-F1-model_v4_Q75_lddt	9.844E-01	9.403E-01	9.618E-01	51.700	87	87	85
R4ISB3_Q75_lddt	F8T7L4_Q75_lddt	9.837E-01	9.286E-01	9.721E-01	36.700	87	87	83
R4ISB3_Q75_lddt	Q5XQD3_Q75_lddt	9.835E-01	9.285E-01	9.720E-01	36.700	87	87	83
R4ISB3_Q75_lddt	P74842_Q75_lddt	9.833E-01	9.283E-01	9.718E-01	37.900	87	87	83
R4ISB3_Q75_lddt	Q8VT49_Q75_lddt	9.827E-01	9.278E-01	9.712E-01	31.000	87	87	83
R4ISB3_Q75_lddt	A0A1W5QG57_Q75_lddt	9.742E-01	9.418E-01	9.632E-01	37.900	87	87	85
R4ISB3_Q75_lddt	Q9XBM2_Q75_lddt	9.671E-01	9.456E-01	9.562E-01	41.300	87	87	86
R4ISB3_Q75_lddt	Q5W3A6_Q75_lddt	9.780E-01	9.344E-01	9.667E-01	33.300	87	87	84
R4ISB3_Q75_lddt	AF-A0A0D0F642-F1-model_v4_Q75_lddt	9.818E-01	9.270E-01	9.704E-01	32.100	87	87	83
R4ISB3_Q75_lddt	AF-E4WMC5-F1-model_v6_Q75_lddt	9.784E-01	9.238E-01	9.670E-01	36.700	87	87	83
R4ISB3_Q75_lddt	G9MB50_Q75_lddt	9.785E-01	9.240E-01	9.671E-01	29.800	87	87	83
R4ISB3_Q75_lddt	G9M9P7_Q75_lddt	9.780E-01	9.235E-01	9.666E-01	29.800	87	87	83
R4ISB3_Q75_lddt	G9MB49_Q75_lddt	9.777E-01	9.233E-01	9.663E-01	31.000	87	87	83
R4ISB3_Q75_lddt	A0A0E0SR47_Q75_lddt	9.691E-01	9.369E-01	9.581E-01	39.000	87	87	85
R4ISB3_Q75_lddt	AF-A0A8E9ZWD0-F1-model_v6_Q75_lddt	9.749E-01	9.316E-01	9.528E-01	31.000	87	87	85
R4ISB3_Q75_lddt	AF-J9QX37-F1-model_v4_Q75_lddt	9.824E-01	9.055E-01	9.707E-01	28.700	87	87	81
R4ISB3_Q75_lddt	Q9RAZ9_Q75_lddt	9.772E-01	9.120E-01	9.657E-01	31.000	87	87	82
R4ISB3_Q75_lddt	Q9X6W1_Q75_lddt	9.712E-01	9.172E-01	9.599E-01	33.300	87	87	83
R4ISB3_Q75_lddt	AF-F4NA56-F1-model_v4_Q75_lddt	9.640E-01	9.322E-01	9.531E-01	37.900	87	87	85
R4ISB3_Q75_lddt	B5L5W7_Q75_lddt	9.678E-01	9.357E-01	9.357E-01	36.700	87	87	87
R4ISB3_Q75_lddt	A0A0B6VPP7_Q75_lddt	9.682E-01	9.145E-01	9.570E-01	31.000	87	87	83
R4ISB3_Q75_lddt	AF-A0A127SQY3-F1-model_v6_Q75_lddt	9.544E-01	9.021E-01	9.435E-01	25.200	87	87	83
R4ISB3_Q75_lddt	Q57509_Q75_lddt	9.506E-01	8.982E-01	9.289E-01	28.400	87	88	84
R4ISB3_Q75_lddt	C8C0I2_Q75_lddt	9.473E-01	8.955E-01	9.365E-01	33.300	87	87	83
R4ISB3_Q75_lddt	C8C0D8_Q75_lddt	9.172E-01	8.973E-01	9.071E-01	24.700	87	89	86
R4ISB3_Q75_lddt	Q9X4S7_Q75_lddt	9.149E-01	8.952E-01	9.049E-01	26.900	87	89	86
A0A1W5QH29_Q75_lddt	A0A1W5QH29_Q75_lddt	1.012E+00	1.000E+00	1.000E+00	100.000	85	85	85
A0A1W5QH29_Q75_lddt	A0A1W5QCF3_Q75_lddt	1.012E+00	9.998E-01	9.998E-01	98.800	85	85	85
A0A1W5QH29_Q75_lddt	A0A1W5QG57_Q75_lddt	1.010E+00	9.982E-01	9.982E-01	95.200	85	85	85
A0A1W5QH29_Q75_lddt	A0A0E0SR47_Q75_lddt	9.962E-01	9.847E-01	9.847E-01	64.700	85	85	85
A0A1W5QH29_Q75_lddt	AF-F4NA56-F1-model_v4_Q75_lddt	9.957E-01	9.842E-01	9.842E-01	65.800	85	85	85
A0A1W5QH29_Q75_lddt	A0A3Q8G682_Q75_lddt	9.861E-01	9.748E-01	9.637E-01	53.400	85	86	86
A0A1W5QH29_Q75_lddt	OKP-D-1_Q75_lddt	9.811E-01	9.699E-01	9.482E-01	37.900	85	87	87
A0A1W5QH29_Q75_lddt	Q8VQV7_Q75_lddt	9.802E-01	9.690E-01	9.473E-01	37.900	85	87	87
A0A1W5QH29_Q75_lddt	Q84H47_Q75_lddt	9.797E-01	9.685E-01	9.469E-01	37.900	85	87	87
A0A1W5QH29_Q75_lddt	Q84H48_Q75_lddt	9.791E-01	9.680E-01	9.464E-01	37.900	85	87	87
A0A1W5QH29_Q75_lddt	A0A0P0IGT7_Q75_lddt	9.787E-01	9.676E-01	9.460E-01	37.900	85	87	87
A0A1W5QH29_Q75_lddt	Q2YHY7_Q75_lddt	9.785E-01	9.674E-01	9.458E-01	37.900	85	87	87
A0A1W5QH29_Q75_lddt	AF-Q6W7F0-F1-model_v4_Q75_lddt	9.787E-01	9.676E-01	9.460E-01	39.000	85	87	87
A0A1W5QH29_Q75_lddt	Q9XBM2_Q75_lddt	9.750E-01	9.639E-01	9.531E-01	50.000	85	86	86
A0A1W5QH29_Q75_lddt	B8YHZ8_Q75_lddt	9.783E-01	9.672E-01	9.456E-01	37.900	85	87	87
A0A1W5QH29_Q75_lddt	B5D612_Q75_lddt	9.783E-01	9.672E-01	9.456E-01	37.900	85	87	87
A0A1W5QH29_Q75_lddt	R4ISB3_Q75_lddt	9.782E-01	9.671E-01	9.455E-01	37.900	85	87	87
A0A1W5QH29_Q75_lddt	A0A455LP02_Q75_lddt	9.782E-01	9.671E-01	9.455E-01	37.900	85	87	87
A0A1W5QH29_Q75_lddt	Q6ZY77_Q75_lddt	9.781E-01	9.670E-01	9.454E-01	36.700	85	87	87
A0A1W5QH29_Q75_lddt	E9NST5_Q75_lddt	9.781E-01	9.670E-01	9.455E-01	36.700	85	87	87
A0A1W5QH29_Q75_lddt	A0A455LP07_Q75_lddt	9.781E-01	9.669E-01	9.454E-01	37.900	85	87	87
A0A1W5QH29_Q75_lddt	H9AXM1_Q75_lddt	9.780E-01	9.669E-01	9.453E-01	40.200	85	87	87
A0A1W5QH29_Q75_lddt	Q2YHZ3_Q75_lddt	9.780E-01	9.668E-01	9.453E-01	37.900	85	87	87
A0A1W5QH29_Q75_lddt	Q2YHZ0_Q75_lddt	9.779E-01	9.668E-01	9.453E-01	37.900	85	87	87
A0A1W5QH29_Q75_lddt	Q8GHI3_Q75_lddt	9.779E-01	9.668E-01	9.453E-01	41.300	85	87	87
A0A1W5QH29_Q75_lddt	A0A455LP13_Q75_lddt	9.778E-01	9.666E-01	9.451E-01	37.900	85	87	87
A0A1W5QH29_Q75_lddt	Q6ZY74_Q75_lddt	9.776E-01	9.665E-01	9.450E-01	37.900	85	87	87
A0A1W5QH29_Q75_lddt	B5D620_Q75_lddt	9.777E-01	9.666E-01	9.450E-01	37.900	85	87	87
A0A1W5QH29_Q75_lddt	Q2YHZ5_Q75_lddt	9.776E-01	9.664E-01	9.449E-01	37.900	85	87	87
A0A1W5QH29_Q75_lddt	Q9R429_Q75_lddt	9.776E-01	9.665E-01	9.449E-01	42.500	85	87	87
A0A1W5QH29_Q75_lddt	Q2YHX8_Q75_lddt	9.775E-01	9.663E-01	9.448E-01	37.900	85	87	87
A0A1W5QH29_Q75_lddt	Q5I6D4_Q75_lddt	9.774E-01	9.663E-01	9.448E-01	37.900	85	87	87
A0A1W5QH29_Q75_lddt	A0A455LS80_Q75_lddt	9.773E-01	9.662E-01	9.446E-01	37.900	85	87	87
A0A1W5QH29_Q75_lddt	Q2YHZ2_Q75_lddt	9.771E-01	9.660E-01	9.445E-01	37.900	85	87	87
A0A1W5QH29_Q75_lddt	Q2YHX6_Q75_lddt	9.771E-01	9.660E-01	9.445E-01	37.900	85	87	87
A0A1W5QH29_Q75_lddt	Q6ZY58_Q75_lddt	9.769E-01	9.658E-01	9.443E-01	37.900	85	87	87
A0A1W5QH29_Q75_lddt	Q5PU78_Q75_lddt	9.768E-01	9.657E-01	9.442E-01	39.000	85	87	87
A0A1W5QH29_Q75_lddt	Q6R5M7_Q75_lddt	9.765E-01	9.654E-01	9.439E-01	39.000	85	87	87
A0A1W5QH29_Q75_lddt	C0LSK3_Q75_lddt	9.804E-01	9.580E-01	9.472E-01	37.200	85	86	86
A0A1W5QH29_Q75_lddt	OKP-C-1_Q75_lddt	9.685E-01	9.575E-01	9.467E-01	36.700	85	87	86
A0A1W5QH29_Q75_lddt	A3FFR2_Q75_lddt	9.793E-01	9.681E-01	9.258E-01	37.900	85	87	89
A0A1W5QH29_Q75_lddt	A0A097BQY7_Q75_lddt	9.787E-01	9.675E-01	9.253E-01	37.900	85	87	89
A0A1W5QH29_Q75_lddt	Q2MJC2_Q75_lddt	9.787E-01	9.675E-01	9.253E-01	37.900	85	87	89
A0A1W5QH29_Q75_lddt	A0A2P9E069_Q75_lddt	9.785E-01	9.673E-01	9.251E-01	37.900	85	87	89
A0A1W5QH29_Q75_lddt	E5Q900_Q75_lddt	9.784E-01	9.673E-01	9.251E-01	37.900	85	87	89
A0A1W5QH29_Q75_lddt	A0ZX80_Q75_lddt	9.785E-01	9.673E-01	9.251E-01	37.900	85	87	89
A0A1W5QH29_Q75_lddt	D5LGB4_Q75_lddt	9.784E-01	9.673E-01	9.251E-01	37.900	85	87	89
A0A1W5QH29_Q75_lddt	B9U2I6_Q75_lddt	9.784E-01	9.672E-01	9.250E-01	37.900	85	87	89
A0A1W5QH29_Q75_lddt	Q939H3_Q75_lddt	9.784E-01	9.673E-01	9.251E-01	37.900	85	87	89
A0A1W5QH29_Q75_lddt	A0ZX91_Q75_lddt	9.783E-01	9.672E-01	9.250E-01	37.900	85	87	89
A0A1W5QH29_Q75_lddt	S4TWB0_Q75_lddt	9.783E-01	9.671E-01	9.250E-01	37.900	85	87	89
A0A1W5QH29_Q75_lddt	Q8VP57_Q75_lddt	9.783E-01	9.671E-01	9.250E-01	37.900	85	87	89
A0A1W5QH29_Q75_lddt	Q939H5_Q75_lddt	9.781E-01	9.670E-01	9.248E-01	36.700	85	87	89
A0A1W5QH29_Q75_lddt	Q0PGR7_Q75_lddt	9.779E-01	9.668E-01	9.246E-01	37.900	85	87	89
A0A1W5QH29_Q75_lddt	Q8KRG7_Q75_lddt	9.773E-01	9.662E-01	9.241E-01	37.900	85	87	89
A0A1W5QH29_Q75_lddt	B0FP98_Q75_lddt	9.773E-01	9.662E-01	9.241E-01	36.700	85	87	89
A0A1W5QH29_Q75_lddt	H2ERK9_Q75_lddt	9.774E-01	9.663E-01	9.242E-01	37.900	85	87	89
A0A1W5QH29_Q75_lddt	SGM-5_Q75_lddt	9.639E-01	9.417E-01	9.417E-01	37.900	85	87	85
A0A1W5QH29_Q75_lddt	F8SQ10_Q75_lddt	9.774E-01	9.663E-01	9.242E-01	37.900	85	87	89
A0A1W5QH29_Q75_lddt	O33677_Q75_lddt	9.628E-01	9.519E-01	9.412E-01	41.300	85	87	86
A0A1W5QH29_Q75_lddt	Q8VP67_Q75_lddt	9.770E-01	9.659E-01	9.238E-01	37.900	85	87	89
A0A1W5QH29_Q75_lddt	AF-P18251-F1-model_v4_Q75_lddt	9.702E-01	9.592E-01	9.273E-01	35.600	85	87	88
A0A1W5QH29_Q75_lddt	J7HZA4_Q75_lddt	9.768E-01	9.657E-01	9.236E-01	36.700	85	87	89
A0A1W5QH29_Q75_lddt	C8CE59_Q75_lddt	9.553E-01	9.444E-01	9.444E-01	36.700	85	87	85
A0A1W5QH29_Q75_lddt	Q3SAW3_Q75_lddt	9.593E-01	9.374E-01	9.482E-01	36.700	85	87	84
A0A1W5QH29_Q75_lddt	C8CE60_Q75_lddt	9.547E-01	9.438E-01	9.438E-01	36.700	85	87	85
A0A1W5QH29_Q75_lddt	AF-A0A867XYA1-F1-model_v4_Q75_lddt	9.686E-01	9.575E-01	9.258E-01	32.100	85	87	88
A0A1W5QH29_Q75_lddt	SGM-2_Q75_lddt	9.612E-01	9.392E-01	9.392E-01	36.700	85	87	85
A0A1W5QH29_Q75_lddt	E5G517_Q75_lddt	9.732E-01	9.621E-01	9.203E-01	36.700	85	87	89
A0A1W5QH29_Q75_lddt	AF-Q1NAL0-F1-model_v4_Q75_lddt	9.603E-01	9.383E-01	9.383E-01	40.200	85	87	85
A0A1W5QH29_Q75_lddt	SGM-3_Q75_lddt	9.601E-01	9.381E-01	9.381E-01	36.700	85	87	85
A0A1W5QH29_Q75_lddt	GES-41_Q75_lddt	9.561E-01	9.343E-01	9.451E-01	33.300	85	87	84
A0A1W5QH29_Q75_lddt	GES-44_Q75_lddt	9.561E-01	9.343E-01	9.450E-01	33.300	85	87	84
A0A1W5QH29_Q75_lddt	C6GC02_Q75_lddt	9.547E-01	9.330E-01	9.437E-01	32.100	85	87	84
A0A1W5QH29_Q75_lddt	C5HUY1_Q75_lddt	9.547E-01	9.329E-01	9.437E-01	33.300	85	87	84
A0A1W5QH29_Q75_lddt	A0A097ZLX5_Q75_lddt	9.545E-01	9.327E-01	9.435E-01	33.300	85	87	84
A0A1W5QH29_Q75_lddt	P14171_Q75_lddt	9.477E-01	9.370E-01	9.370E-01	36.700	85	87	85
A0A1W5QH29_Q75_lddt	AF-A0A3G1JAD7-F1-model_v4_Q75_lddt	9.586E-01	9.147E-01	9.472E-01	36.700	85	87	82
A0A1W5QH29_Q75_lddt	AF-A0A1J0HSJ3-F1-model_v4_Q75_lddt	9.584E-01	9.145E-01	9.470E-01	39.000	85	87	82
A0A1W5QH29_Q75_lddt	B7FDD9_Q75_lddt	9.575E-01	9.137E-01	9.462E-01	34.400	85	87	82
A0A1W5QH29_Q75_lddt	A0A2Z2Z6H0_Q75_lddt	9.458E-01	9.244E-01	9.350E-01	41.300	85	87	84
A0A1W5QH29_Q75_lddt	PER-16_Q75_lddt	9.426E-01	9.214E-01	9.319E-01	32.100	85	87	84
A0A1W5QH29_Q75_lddt	D5HSX5_Q75_lddt	9.446E-01	9.126E-01	9.337E-01	36.700	85	87	83
A0A1W5QH29_Q75_lddt	F8T7L4_Q75_lddt	9.438E-01	9.119E-01	9.329E-01	32.100	85	87	83
A0A1W5QH29_Q75_lddt	Q5XQD3_Q75_lddt	9.438E-01	9.119E-01	9.329E-01	32.100	85	87	83
A0A1W5QH29_Q75_lddt	P74842_Q75_lddt	9.437E-01	9.117E-01	9.328E-01	32.100	85	87	83
A0A1W5QH29_Q75_lddt	AF-E4WMC5-F1-model_v6_Q75_lddt	9.425E-01	9.106E-01	9.316E-01	32.100	85	87	83
A0A1W5QH29_Q75_lddt	B5L5W7_Q75_lddt	9.378E-01	9.273E-01	9.069E-01	31.000	85	87	87
A0A1W5QH29_Q75_lddt	Q9AMJ7_Q75_lddt	9.395E-01	9.078E-01	9.287E-01	29.800	85	87	83
A0A1W5QH29_Q75_lddt	A1YTM5_Q75_lddt	9.390E-01	9.074E-01	9.282E-01	29.800	85	87	83
A0A1W5QH29_Q75_lddt	AF-A0A8E9ZWD0-F1-model_v6_Q75_lddt	9.370E-01	9.160E-01	9.160E-01	36.700	85	87	85
A0A1W5QH29_Q75_lddt	AF-E2D9D5-F1-model_v4_Q75_lddt	9.339E-01	9.130E-01	9.233E-01	32.100	85	87	84
A0A1W5QH29_Q75_lddt	AF-A0A886X7X6-F1-model_v6_Q75_lddt	9.363E-01	9.154E-01	9.154E-01	31.000	85	87	85
A0A1W5QH29_Q75_lddt	Q5W3A6_Q75_lddt	9.321E-01	9.113E-01	9.216E-01	32.100	85	87	84
A0A1W5QH29_Q75_lddt	Q9X6W1_Q75_lddt	9.341E-01	9.028E-01	9.235E-01	29.800	85	87	83
A0A1W5QH29_Q75_lddt	AF-J9QX37-F1-model_v4_Q75_lddt	9.387E-01	8.860E-01	9.276E-01	27.500	85	87	81
A0A1W5QH29_Q75_lddt	RAA-1_Q75_lddt	9.308E-01	8.997E-01	9.202E-01	31.000	85	87	83
A0A1W5QH29_Q75_lddt	AF-A0A0D0F642-F1-model_v4_Q75_lddt	9.302E-01	8.991E-01	9.196E-01	32.100	85	87	83
A0A1W5QH29_Q75_lddt	A0A0B6VPP7_Q75_lddt	9.293E-01	8.983E-01	9.187E-01	31.000	85	87	83
A0A1W5QH29_Q75_lddt	Q8VT49_Q75_lddt	9.249E-01	8.942E-01	9.144E-01	27.500	85	87	83
A0A1W5QH29_Q75_lddt	AF-A0A127SQY3-F1-model_v6_Q75_lddt	9.212E-01	8.906E-01	9.108E-01	29.800	85	87	83
A0A1W5QH29_Q75_lddt	Q9RAZ9_Q75_lddt	9.231E-01	8.823E-01	9.125E-01	29.800	85	87	82
A0A1W5QH29_Q75_lddt	G9MB50_Q75_lddt	9.182E-01	8.879E-01	9.079E-01	29.800	85	87	83
A0A1W5QH29_Q75_lddt	G9M9P7_Q75_lddt	9.168E-01	8.866E-01	9.065E-01	29.800	85	87	83
A0A1W5QH29_Q75_lddt	G9MB49_Q75_lddt	9.167E-01	8.865E-01	9.064E-01	29.800	85	87	83
A0A1W5QH29_Q75_lddt	Q57509_Q75_lddt	9.155E-01	8.850E-01	8.950E-01	30.600	85	88	84
A0A1W5QH29_Q75_lddt	C8C0I2_Q75_lddt	9.085E-01	8.785E-01	8.983E-01	39.000	85	87	83
A0A1W5QH29_Q75_lddt	C8C0D8_Q75_lddt	8.898E-01	8.802E-01	8.707E-01	32.500	85	89	86
A0A1W5QH29_Q75_lddt	Q9X4S7_Q75_lddt	8.885E-01	8.789E-01	8.694E-01	31.400	85	89	86
PER-16_Q75_lddt	PER-16_Q75_lddt	1.012E+00	1.000E+00	1.000E+00	100.000	84	84	84
PER-16_Q75_lddt	Q5XQD3_Q75_lddt	1.010E+00	9.861E-01	9.980E-01	92.800	84	84	83
PER-16_Q75_lddt	F8T7L4_Q75_lddt	1.010E+00	9.861E-01	9.979E-01	94.000	84	84	83
PER-16_Q75_lddt	P74842_Q75_lddt	1.010E+00	9.858E-01	9.976E-01	91.600	84	84	83
PER-16_Q75_lddt	D5HSX5_Q75_lddt	1.010E+00	9.857E-01	9.976E-01	90.400	84	84	83
PER-16_Q75_lddt	AF-E2D9D5-F1-model_v4_Q75_lddt	9.967E-01	9.850E-01	9.850E-01	46.400	84	84	84
PER-16_Q75_lddt	Q9AMJ7_Q75_lddt	9.995E-01	9.760E-01	9.876E-01	50.000	84	84	83
PER-16_Q75_lddt	A1YTM5_Q75_lddt	9.993E-01	9.758E-01	9.874E-01	50.000	84	84	83
PER-16_Q75_lddt	AF-A0A0D0F642-F1-model_v4_Q75_lddt	9.971E-01	9.737E-01	9.852E-01	55.900	84	84	83
PER-16_Q75_lddt	AF-A0A886X7X6-F1-model_v6_Q75_lddt	9.965E-01	9.848E-01	9.734E-01	57.100	84	84	85
PER-16_Q75_lddt	Q3SAW3_Q75_lddt	9.903E-01	9.788E-01	9.788E-01	38.000	84	84	84
PER-16_Q75_lddt	RAA-1_Q75_lddt	9.934E-01	9.702E-01	9.816E-01	46.400	84	84	83
PER-16_Q75_lddt	Q5W3A6_Q75_lddt	9.890E-01	9.775E-01	9.775E-01	44.000	84	84	84
PER-16_Q75_lddt	Q8VT49_Q75_lddt	9.913E-01	9.682E-01	9.796E-01	46.400	84	84	83
PER-16_Q75_lddt	GES-44_Q75_lddt	9.873E-01	9.759E-01	9.759E-01	38.000	84	84	84
PER-16_Q75_lddt	AF-E4WMC5-F1-model_v6_Q75_lddt	9.903E-01	9.672E-01	9.787E-01	55.900	84	84	83
PER-16_Q75_lddt	GES-41_Q75_lddt	9.862E-01	9.747E-01	9.747E-01	38.000	84	84	84
PER-16_Q75_lddt	SGM-2_Q75_lddt	9.886E-01	9.771E-01	9.658E-01	45.200	84	84	85
PER-16_Q75_lddt	Q9X6W1_Q75_lddt	9.864E-01	9.634E-01	9.747E-01	45.200	84	84	83
PER-16_Q75_lddt	SGM-3_Q75_lddt	9.880E-01	9.766E-01	9.653E-01	45.200	84	84	85
PER-16_Q75_lddt	A0A097ZLX5_Q75_lddt	9.839E-01	9.725E-01	9.725E-01	38.000	84	84	84
PER-16_Q75_lddt	C5HUY1_Q75_lddt	9.838E-01	9.724E-01	9.724E-01	38.000	84	84	84
PER-16_Q75_lddt	AF-A0A8E9ZWD0-F1-model_v6_Q75_lddt	9.872E-01	9.758E-01	9.646E-01	51.100	84	84	85
PER-16_Q75_lddt	C6GC02_Q75_lddt	9.834E-01	9.720E-01	9.720E-01	36.900	84	84	84
PER-16_Q75_lddt	Q9RAZ9_Q75_lddt	9.912E-01	9.565E-01	9.794E-01	42.800	84	84	82
PER-16_Q75_lddt	G9MB50_Q75_lddt	9.863E-01	9.634E-01	9.747E-01	47.600	84	84	83
PER-16_Q75_lddt	G9MB49_Q75_lddt	9.851E-01	9.622E-01	9.735E-01	47.600	84	84	83
PER-16_Q75_lddt	G9M9P7_Q75_lddt	9.849E-01	9.621E-01	9.734E-01	46.400	84	84	83
PER-16_Q75_lddt	A0A0B6VPP7_Q75_lddt	9.831E-01	9.602E-01	9.715E-01	45.200	84	84	83
PER-16_Q75_lddt	AF-A0A1J0HSJ3-F1-model_v4_Q75_lddt	9.893E-01	9.547E-01	9.775E-01	42.800	84	84	82
PER-16_Q75_lddt	A0A2Z2Z6H0_Q75_lddt	9.811E-01	9.698E-01	9.698E-01	40.400	84	84	84
PER-16_Q75_lddt	AF-A0A3G1JAD7-F1-model_v4_Q75_lddt	9.892E-01	9.547E-01	9.774E-01	38.000	84	84	82
PER-16_Q75_lddt	AF-Q1NAL0-F1-model_v4_Q75_lddt	9.838E-01	9.724E-01	9.613E-01	45.200	84	84	85
PER-16_Q75_lddt	OKP-C-1_Q75_lddt	9.863E-01	9.749E-01	9.527E-01	41.800	84	86	86
PER-16_Q75_lddt	Q9R429_Q75_lddt	9.897E-01	9.782E-01	9.452E-01	37.900	84	87	87
PER-16_Q75_lddt	SGM-5_Q75_lddt	9.820E-01	9.706E-01	9.595E-01	46.400	84	84	85
PER-16_Q75_lddt	Q8GHI3_Q75_lddt	9.894E-01	9.779E-01	9.449E-01	37.900	84	87	87
PER-16_Q75_lddt	B7FDD9_Q75_lddt	9.858E-01	9.515E-01	9.741E-01	41.600	84	84	82
PER-16_Q75_lddt	AF-Q6W7F0-F1-model_v4_Q75_lddt	9.889E-01	9.774E-01	9.444E-01	40.200	84	87	87
PER-16_Q75_lddt	H9AXM1_Q75_lddt	9.888E-01	9.773E-01	9.443E-01	37.900	84	87	87
PER-16_Q75_lddt	AF-J9QX37-F1-model_v4_Q75_lddt	9.893E-01	9.433E-01	9.774E-01	30.900	84	84	81
PER-16_Q75_lddt	Q84H48_Q75_lddt	9.879E-01	9.764E-01	9.435E-01	40.200	84	87	87
PER-16_Q75_lddt	Q2YHY7_Q75_lddt	9.871E-01	9.756E-01	9.428E-01	40.200	84	87	87
PER-16_Q75_lddt	B8YHZ8_Q75_lddt	9.869E-01	9.754E-01	9.426E-01	40.200	84	87	87
PER-16_Q75_lddt	Q84H47_Q75_lddt	9.869E-01	9.754E-01	9.425E-01	40.200	84	87	87
PER-16_Q75_lddt	Q8VQV7_Q75_lddt	9.868E-01	9.753E-01	9.425E-01	40.200	84	87	87
PER-16_Q75_lddt	B5D620_Q75_lddt	9.867E-01	9.752E-01	9.424E-01	40.200	84	87	87
PER-16_Q75_lddt	Q5I6D4_Q75_lddt	9.866E-01	9.752E-01	9.423E-01	40.200	84	87	87
PER-16_Q75_lddt	Q2YHX6_Q75_lddt	9.866E-01	9.751E-01	9.423E-01	40.200	84	87	87
PER-16_Q75_lddt	Q2YHX8_Q75_lddt	9.864E-01	9.750E-01	9.422E-01	40.200	84	87	87
PER-16_Q75_lddt	B5D612_Q75_lddt	9.864E-01	9.750E-01	9.421E-01	41.300	84	87	87
PER-16_Q75_lddt	A0A455LP07_Q75_lddt	9.864E-01	9.749E-01	9.421E-01	40.200	84	87	87
PER-16_Q75_lddt	E9NST5_Q75_lddt	9.863E-01	9.749E-01	9.421E-01	41.300	84	87	87
PER-16_Q75_lddt	A0A455LP02_Q75_lddt	9.863E-01	9.749E-01	9.421E-01	40.200	84	87	87
PER-16_Q75_lddt	R4ISB3_Q75_lddt	9.861E-01	9.746E-01	9.418E-01	40.200	84	87	87
PER-16_Q75_lddt	A0A455LP13_Q75_lddt	9.861E-01	9.746E-01	9.418E-01	40.200	84	87	87
PER-16_Q75_lddt	A0A0P0IGT7_Q75_lddt	9.858E-01	9.743E-01	9.415E-01	41.300	84	87	87
PER-16_Q75_lddt	Q2YHZ2_Q75_lddt	9.855E-01	9.741E-01	9.413E-01	40.200	84	87	87
PER-16_Q75_lddt	Q2YHZ3_Q75_lddt	9.854E-01	9.740E-01	9.412E-01	40.200	84	87	87
PER-16_Q75_lddt	Q2YHZ5_Q75_lddt	9.854E-01	9.739E-01	9.412E-01	40.200	84	87	87
PER-16_Q75_lddt	Q2YHZ0_Q75_lddt	9.854E-01	9.739E-01	9.412E-01	40.200	84	87	87
PER-16_Q75_lddt	Q5PU78_Q75_lddt	9.852E-01	9.738E-01	9.411E-01	40.200	84	87	87
PER-16_Q75_lddt	A0A455LS80_Q75_lddt	9.852E-01	9.737E-01	9.410E-01	41.300	84	87	87
PER-16_Q75_lddt	Q6ZY77_Q75_lddt	9.852E-01	9.737E-01	9.410E-01	40.200	84	87	87
PER-16_Q75_lddt	OKP-D-1_Q75_lddt	9.848E-01	9.734E-01	9.407E-01	40.200	84	87	87
PER-16_Q75_lddt	Q6ZY74_Q75_lddt	9.842E-01	9.728E-01	9.401E-01	40.200	84	87	87
PER-16_Q75_lddt	Q6R5M7_Q75_lddt	9.839E-01	9.725E-01	9.398E-01	40.200	84	87	87
PER-16_Q75_lddt	AF-P18251-F1-model_v4_Q75_lddt	9.873E-01	9.758E-01	9.325E-01	40.600	84	86	88
PER-16_Q75_lddt	C8CE59_Q75_lddt	9.726E-01	9.613E-01	9.503E-01	41.800	84	86	85
PER-16_Q75_lddt	Q6ZY58_Q75_lddt	9.833E-01	9.719E-01	9.393E-01	39.000	84	87	87
PER-16_Q75_lddt	C0LSK3_Q75_lddt	9.876E-01	9.646E-01	9.427E-01	39.500	84	86	86
PER-16_Q75_lddt	P14171_Q75_lddt	9.744E-01	9.632E-01	9.523E-01	32.900	84	85	85
PER-16_Q75_lddt	C8CE60_Q75_lddt	9.714E-01	9.602E-01	9.492E-01	41.800	84	86	85
PER-16_Q75_lddt	O33677_Q75_lddt	9.731E-01	9.618E-01	9.400E-01	36.700	84	87	86
PER-16_Q75_lddt	AF-A0A867XYA1-F1-model_v4_Q75_lddt	9.834E-01	9.720E-01	9.290E-01	36.000	84	86	88
PER-16_Q75_lddt	A0ZX91_Q75_lddt	9.870E-01	9.755E-01	9.219E-01	41.300	84	87	89
PER-16_Q75_lddt	B9U2I6_Q75_lddt	9.869E-01	9.755E-01	9.219E-01	41.300	84	87	89
PER-16_Q75_lddt	Q8VP57_Q75_lddt	9.869E-01	9.755E-01	9.219E-01	41.300	84	87	89
PER-16_Q75_lddt	A0ZX80_Q75_lddt	9.867E-01	9.753E-01	9.217E-01	41.300	84	87	89
PER-16_Q75_lddt	D5LGB4_Q75_lddt	9.868E-01	9.753E-01	9.217E-01	41.300	84	87	89
PER-16_Q75_lddt	S4TWB0_Q75_lddt	9.867E-01	9.753E-01	9.217E-01	41.300	84	87	89
PER-16_Q75_lddt	A0A2P9E069_Q75_lddt	9.867E-01	9.753E-01	9.217E-01	41.300	84	87	89
PER-16_Q75_lddt	A3FFR2_Q75_lddt	9.867E-01	9.752E-01	9.217E-01	41.300	84	87	89
PER-16_Q75_lddt	E5Q900_Q75_lddt	9.865E-01	9.751E-01	9.215E-01	41.300	84	87	89
PER-16_Q75_lddt	Q939H3_Q75_lddt	9.863E-01	9.749E-01	9.214E-01	40.200	84	87	89
PER-16_Q75_lddt	Q0PGR7_Q75_lddt	9.863E-01	9.748E-01	9.213E-01	41.300	84	87	89
PER-16_Q75_lddt	F8SQ10_Q75_lddt	9.862E-01	9.748E-01	9.213E-01	41.300	84	87	89
PER-16_Q75_lddt	AF-A0A127SQY3-F1-model_v6_Q75_lddt	9.686E-01	9.463E-01	9.573E-01	33.300	84	84	83
PER-16_Q75_lddt	Q939H5_Q75_lddt	9.855E-01	9.741E-01	9.206E-01	41.300	84	87	89
PER-16_Q75_lddt	E5G517_Q75_lddt	9.854E-01	9.740E-01	9.206E-01	41.300	84	87	89
PER-16_Q75_lddt	Q2MJC2_Q75_lddt	9.848E-01	9.734E-01	9.200E-01	41.300	84	87	89
PER-16_Q75_lddt	H2ERK9_Q75_lddt	9.845E-01	9.731E-01	9.198E-01	41.300	84	87	89
PER-16_Q75_lddt	A0A097BQY7_Q75_lddt	9.843E-01	9.729E-01	9.196E-01	41.300	84	87	89
PER-16_Q75_lddt	B0FP98_Q75_lddt	9.842E-01	9.728E-01	9.195E-01	41.300	84	87	89
PER-16_Q75_lddt	Q8VP67_Q75_lddt	9.830E-01	9.716E-01	9.185E-01	41.300	84	87	89
PER-16_Q75_lddt	J7HZA4_Q75_lddt	9.825E-01	9.711E-01	9.180E-01	41.300	84	87	89
PER-16_Q75_lddt	Q8KRG7_Q75_lddt	9.824E-01	9.710E-01	9.179E-01	41.300	84	87	89
PER-16_Q75_lddt	C8C0I2_Q75_lddt	9.590E-01	9.369E-01	9.478E-01	43.500	84	85	83
PER-16_Q75_lddt	Q57509_Q75_lddt	9.627E-01	9.404E-01	9.404E-01	43.500	84	85	84
PER-16_Q75_lddt	B5L5W7_Q75_lddt	9.644E-01	9.533E-01	9.217E-01	44.700	84	85	87
PER-16_Q75_lddt	Q9XBM2_Q75_lddt	9.537E-01	9.428E-01	9.216E-01	28.700	84	87	86
PER-16_Q75_lddt	A0A0E0SR47_Q75_lddt	9.477E-01	9.368E-01	9.262E-01	33.300	84	87	85
PER-16_Q75_lddt	AF-F4NA56-F1-model_v4_Q75_lddt	9.453E-01	9.345E-01	9.239E-01	26.400	84	87	85
PER-16_Q75_lddt	A0A3Q8G682_Q75_lddt	9.474E-01	9.366E-01	9.157E-01	39.000	84	87	86
PER-16_Q75_lddt	A0A1W5QH29_Q75_lddt	9.426E-01	9.319E-01	9.214E-01	32.100	84	87	85
PER-16_Q75_lddt	A0A1W5QCF3_Q75_lddt	9.418E-01	9.311E-01	9.206E-01	32.100	84	87	85
PER-16_Q75_lddt	C8C0D8_Q75_lddt	9.418E-01	9.310E-01	9.101E-01	37.500	84	88	86
PER-16_Q75_lddt	A0A1W5QG57_Q75_lddt	9.377E-01	9.271E-01	9.167E-01	32.100	84	87	85
PER-16_Q75_lddt	Q9X4S7_Q75_lddt	9.378E-01	9.271E-01	9.064E-01	37.500	84	88	86
Q2YHZ0_Q75_lddt	Q2YHZ0_Q75_lddt	1.012E+00	1.000E+00	1.000E+00	100.000	87	87	87
Q2YHZ0_Q75_lddt	Q2YHZ3_Q75_lddt	1.012E+00	1.000E+00	1.000E+00	100.000	87	87	87
Q2YHZ0_Q75_lddt	Q2YHZ5_Q75_lddt	1.012E+00	9.999E-01	9.999E-01	100.000	87	87	87
Q2YHZ0_Q75_lddt	Q2YHZ2_Q75_lddt	1.011E+00	9.999E-01	9.999E-01	100.000	87	87	87
Q2YHZ0_Q75_lddt	Q6ZY77_Q75_lddt	1.011E+00	9.999E-01	9.999E-01	98.800	87	87	87
Q2YHZ0_Q75_lddt	Q6ZY74_Q75_lddt	1.011E+00	9.997E-01	9.997E-01	100.000	87	87	87
Q2YHZ0_Q75_lddt	Q5PU78_Q75_lddt	1.011E+00	9.997E-01	9.997E-01	97.700	87	87	87
Q2YHZ0_Q75_lddt	Q2YHX8_Q75_lddt	1.011E+00	9.996E-01	9.996E-01	98.800	87	87	87
Q2YHZ0_Q75_lddt	B5D620_Q75_lddt	1.011E+00	9.996E-01	9.996E-01	100.000	87	87	87
Q2YHZ0_Q75_lddt	Q5I6D4_Q75_lddt	1.011E+00	9.996E-01	9.996E-01	98.800	87	87	87
Q2YHZ0_Q75_lddt	Q6R5M7_Q75_lddt	1.011E+00	9.996E-01	9.996E-01	97.700	87	87	87
Q2YHZ0_Q75_lddt	B8YHZ8_Q75_lddt	1.011E+00	9.996E-01	9.996E-01	100.000	87	87	87
Q2YHZ0_Q75_lddt	Q2YHY7_Q75_lddt	1.011E+00	9.996E-01	9.996E-01	100.000	87	87	87
Q2YHZ0_Q75_lddt	Q2YHX6_Q75_lddt	1.011E+00	9.995E-01	9.995E-01	98.800	87	87	87
Q2YHZ0_Q75_lddt	Q6ZY58_Q75_lddt	1.011E+00	9.995E-01	9.995E-01	98.800	87	87	87
Q2YHZ0_Q75_lddt	A0A455LS80_Q75_lddt	1.011E+00	9.994E-01	9.994E-01	95.400	87	87	87
Q2YHZ0_Q75_lddt	B5D612_Q75_lddt	1.011E+00	9.992E-01	9.992E-01	94.200	87	87	87
Q2YHZ0_Q75_lddt	A0A455LP07_Q75_lddt	1.011E+00	9.992E-01	9.992E-01	94.200	87	87	87
Q2YHZ0_Q75_lddt	Q84H47_Q75_lddt	1.011E+00	9.992E-01	9.992E-01	93.100	87	87	87
Q2YHZ0_Q75_lddt	E9NST5_Q75_lddt	1.011E+00	9.992E-01	9.992E-01	91.900	87	87	87
Q2YHZ0_Q75_lddt	A0A455LP02_Q75_lddt	1.011E+00	9.992E-01	9.992E-01	94.200	87	87	87
Q2YHZ0_Q75_lddt	A0A455LP13_Q75_lddt	1.011E+00	9.991E-01	9.991E-01	94.200	87	87	87
Q2YHZ0_Q75_lddt	A0A0P0IGT7_Q75_lddt	1.011E+00	9.991E-01	9.991E-01	94.200	87	87	87
Q2YHZ0_Q75_lddt	R4ISB3_Q75_lddt	1.011E+00	9.991E-01	9.991E-01	94.200	87	87	87
Q2YHZ0_Q75_lddt	Q8VQV7_Q75_lddt	1.011E+00	9.990E-01	9.990E-01	93.100	87	87	87
Q2YHZ0_Q75_lddt	Q84H48_Q75_lddt	1.011E+00	9.989E-01	9.989E-01	93.100	87	87	87
Q2YHZ0_Q75_lddt	Q9R429_Q75_lddt	1.010E+00	9.986E-01	9.986E-01	80.400	87	87	87
Q2YHZ0_Q75_lddt	Q8GHI3_Q75_lddt	1.010E+00	9.986E-01	9.986E-01	79.300	87	87	87
Q2YHZ0_Q75_lddt	AF-Q6W7F0-F1-model_v4_Q75_lddt	1.010E+00	9.984E-01	9.984E-01	83.900	87	87	87
Q2YHZ0_Q75_lddt	H9AXM1_Q75_lddt	1.010E+00	9.984E-01	9.984E-01	77.000	87	87	87
Q2YHZ0_Q75_lddt	OKP-D-1_Q75_lddt	1.008E+00	9.969E-01	9.969E-01	95.400	87	87	87
Q2YHZ0_Q75_lddt	C0LSK3_Q75_lddt	1.011E+00	9.876E-01	9.990E-01	100.000	87	86	86
Q2YHZ0_Q75_lddt	OKP-C-1_Q75_lddt	1.010E+00	9.867E-01	9.982E-01	93.100	87	87	86
Q2YHZ0_Q75_lddt	A0A097BQY7_Q75_lddt	1.011E+00	9.995E-01	9.771E-01	94.200	87	87	89
Q2YHZ0_Q75_lddt	Q2MJC2_Q75_lddt	1.011E+00	9.995E-01	9.771E-01	94.200	87	87	89
Q2YHZ0_Q75_lddt	A0ZX80_Q75_lddt	1.011E+00	9.993E-01	9.769E-01	94.200	87	87	89
Q2YHZ0_Q75_lddt	A0A2P9E069_Q75_lddt	1.011E+00	9.992E-01	9.768E-01	94.200	87	87	89
Q2YHZ0_Q75_lddt	E5Q900_Q75_lddt	1.011E+00	9.992E-01	9.768E-01	94.200	87	87	89
Q2YHZ0_Q75_lddt	D5LGB4_Q75_lddt	1.011E+00	9.992E-01	9.768E-01	94.200	87	87	89
Q2YHZ0_Q75_lddt	A0ZX91_Q75_lddt	1.011E+00	9.992E-01	9.768E-01	94.200	87	87	89
Q2YHZ0_Q75_lddt	S4TWB0_Q75_lddt	1.011E+00	9.992E-01	9.768E-01	94.200	87	87	89
Q2YHZ0_Q75_lddt	B9U2I6_Q75_lddt	1.011E+00	9.992E-01	9.767E-01	94.200	87	87	89
Q2YHZ0_Q75_lddt	A3FFR2_Q75_lddt	1.011E+00	9.991E-01	9.767E-01	94.200	87	87	89
Q2YHZ0_Q75_lddt	Q8VP67_Q75_lddt	1.011E+00	9.991E-01	9.767E-01	94.200	87	87	89
Q2YHZ0_Q75_lddt	Q8VP57_Q75_lddt	1.011E+00	9.991E-01	9.766E-01	94.200	87	87	89
Q2YHZ0_Q75_lddt	Q939H3_Q75_lddt	1.011E+00	9.991E-01	9.766E-01	93.100	87	87	89
Q2YHZ0_Q75_lddt	C8CE59_Q75_lddt	1.011E+00	9.763E-01	9.992E-01	91.900	87	87	85
Q2YHZ0_Q75_lddt	J7HZA4_Q75_lddt	1.011E+00	9.990E-01	9.766E-01	93.100	87	87	89
Q2YHZ0_Q75_lddt	Q0PGR7_Q75_lddt	1.011E+00	9.990E-01	9.766E-01	93.100	87	87	89
Q2YHZ0_Q75_lddt	C8CE60_Q75_lddt	1.011E+00	9.762E-01	9.991E-01	91.900	87	87	85
Q2YHZ0_Q75_lddt	Q8KRG7_Q75_lddt	1.010E+00	9.989E-01	9.764E-01	93.100	87	87	89
Q2YHZ0_Q75_lddt	H2ERK9_Q75_lddt	1.010E+00	9.988E-01	9.764E-01	94.200	87	87	89
Q2YHZ0_Q75_lddt	B0FP98_Q75_lddt	1.010E+00	9.987E-01	9.763E-01	93.100	87	87	89
Q2YHZ0_Q75_lddt	Q939H5_Q75_lddt	1.010E+00	9.987E-01	9.763E-01	93.100	87	87	89
Q2YHZ0_Q75_lddt	F8SQ10_Q75_lddt	1.010E+00	9.983E-01	9.759E-01	94.200	87	87	89
Q2YHZ0_Q75_lddt	O33677_Q75_lddt	1.005E+00	9.816E-01	9.930E-01	78.100	87	87	86
Q2YHZ0_Q75_lddt	E5G517_Q75_lddt	1.006E+00	9.942E-01	9.719E-01	93.100	87	87	89
Q2YHZ0_Q75_lddt	AF-A0A867XYA1-F1-model_v4_Q75_lddt	1.010E+00	9.871E-01	9.759E-01	85.000	87	87	88
Q2YHZ0_Q75_lddt	AF-P18251-F1-model_v4_Q75_lddt	1.009E+00	9.861E-01	9.749E-01	89.600	87	87	88
Q2YHZ0_Q75_lddt	B7FDD9_Q75_lddt	1.011E+00	9.411E-01	9.984E-01	88.500	87	87	82
Q2YHZ0_Q75_lddt	P14171_Q75_lddt	9.920E-01	9.584E-01	9.805E-01	54.000	87	87	85
Q2YHZ0_Q75_lddt	Q3SAW3_Q75_lddt	9.937E-01	9.488E-01	9.821E-01	52.800	87	87	84
Q2YHZ0_Q75_lddt	C5HUY1_Q75_lddt	9.939E-01	9.490E-01	9.823E-01	49.400	87	87	84
Q2YHZ0_Q75_lddt	C6GC02_Q75_lddt	9.939E-01	9.490E-01	9.823E-01	48.200	87	87	84
Q2YHZ0_Q75_lddt	A0A097ZLX5_Q75_lddt	9.938E-01	9.489E-01	9.822E-01	49.400	87	87	84
Q2YHZ0_Q75_lddt	AF-A0A1J0HSJ3-F1-model_v4_Q75_lddt	1.002E+00	9.334E-01	9.898E-01	54.000	87	87	82
Q2YHZ0_Q75_lddt	AF-A0A3G1JAD7-F1-model_v4_Q75_lddt	1.001E+00	9.330E-01	9.893E-01	54.000	87	87	82
Q2YHZ0_Q75_lddt	GES-41_Q75_lddt	9.911E-01	9.464E-01	9.796E-01	49.400	87	87	84
Q2YHZ0_Q75_lddt	GES-44_Q75_lddt	9.911E-01	9.464E-01	9.796E-01	49.400	87	87	84
Q2YHZ0_Q75_lddt	SGM-3_Q75_lddt	9.947E-01	9.497E-01	9.717E-01	50.500	87	87	85
Q2YHZ0_Q75_lddt	SGM-2_Q75_lddt	9.943E-01	9.494E-01	9.713E-01	50.500	87	87	85
Q2YHZ0_Q75_lddt	PER-16_Q75_lddt	9.854E-01	9.412E-01	9.739E-01	40.200	87	87	84
Q2YHZ0_Q75_lddt	AF-E2D9D5-F1-model_v4_Q75_lddt	9.842E-01	9.401E-01	9.728E-01	28.700	87	87	84
Q2YHZ0_Q75_lddt	Q9AMJ7_Q75_lddt	9.878E-01	9.323E-01	9.762E-01	27.500	87	87	83
Q2YHZ0_Q75_lddt	AF-A0A886X7X6-F1-model_v6_Q75_lddt	9.874E-01	9.430E-01	9.647E-01	31.000	87	87	85
Q2YHZ0_Q75_lddt	A1YTM5_Q75_lddt	9.873E-01	9.319E-01	9.757E-01	27.500	87	87	83
Q2YHZ0_Q75_lddt	SGM-5_Q75_lddt	9.866E-01	9.423E-01	9.640E-01	49.400	87	87	85
Q2YHZ0_Q75_lddt	A0A1W5QH29_Q75_lddt	9.779E-01	9.453E-01	9.668E-01	37.900	87	87	85
Q2YHZ0_Q75_lddt	A0A1W5QCF3_Q75_lddt	9.771E-01	9.444E-01	9.659E-01	37.900	87	87	85
Q2YHZ0_Q75_lddt	AF-Q1NAL0-F1-model_v4_Q75_lddt	9.847E-01	9.405E-01	9.621E-01	50.500	87	87	85
Q2YHZ0_Q75_lddt	A0A3Q8G682_Q75_lddt	9.695E-01	9.479E-01	9.585E-01	54.000	87	87	86
Q2YHZ0_Q75_lddt	D5HSX5_Q75_lddt	9.842E-01	9.291E-01	9.726E-01	40.200	87	87	83
Q2YHZ0_Q75_lddt	RAA-1_Q75_lddt	9.841E-01	9.290E-01	9.725E-01	29.800	87	87	83
Q2YHZ0_Q75_lddt	A0A2Z2Z6H0_Q75_lddt	9.791E-01	9.355E-01	9.678E-01	45.900	87	87	84
Q2YHZ0_Q75_lddt	F8T7L4_Q75_lddt	9.828E-01	9.278E-01	9.713E-01	36.700	87	87	83
Q2YHZ0_Q75_lddt	Q5XQD3_Q75_lddt	9.827E-01	9.278E-01	9.712E-01	36.700	87	87	83
Q2YHZ0_Q75_lddt	P74842_Q75_lddt	9.825E-01	9.275E-01	9.710E-01	37.900	87	87	83
Q2YHZ0_Q75_lddt	A0A1W5QG57_Q75_lddt	9.742E-01	9.417E-01	9.631E-01	37.900	87	87	85
Q2YHZ0_Q75_lddt	Q8VT49_Q75_lddt	9.821E-01	9.272E-01	9.706E-01	29.800	87	87	83
Q2YHZ0_Q75_lddt	AF-A0A0D0F642-F1-model_v4_Q75_lddt	9.806E-01	9.258E-01	9.691E-01	31.000	87	87	83
Q2YHZ0_Q75_lddt	Q5W3A6_Q75_lddt	9.765E-01	9.331E-01	9.653E-01	33.300	87	87	84
Q2YHZ0_Q75_lddt	Q9XBM2_Q75_lddt	9.646E-01	9.432E-01	9.538E-01	41.300	87	87	86
Q2YHZ0_Q75_lddt	G9MB50_Q75_lddt	9.782E-01	9.238E-01	9.668E-01	31.000	87	87	83
Q2YHZ0_Q75_lddt	AF-E4WMC5-F1-model_v6_Q75_lddt	9.773E-01	9.228E-01	9.659E-01	36.700	87	87	83
Q2YHZ0_Q75_lddt	G9M9P7_Q75_lddt	9.776E-01	9.232E-01	9.663E-01	31.000	87	87	83
Q2YHZ0_Q75_lddt	G9MB49_Q75_lddt	9.774E-01	9.230E-01	9.660E-01	32.100	87	87	83
Q2YHZ0_Q75_lddt	A0A0E0SR47_Q75_lddt	9.666E-01	9.346E-01	9.557E-01	39.000	87	87	85
Q2YHZ0_Q75_lddt	AF-J9QX37-F1-model_v4_Q75_lddt	9.822E-01	9.053E-01	9.704E-01	29.800	87	87	81
Q2YHZ0_Q75_lddt	AF-A0A8E9ZWD0-F1-model_v6_Q75_lddt	9.731E-01	9.300E-01	9.511E-01	29.800	87	87	85
Q2YHZ0_Q75_lddt	Q9X6W1_Q75_lddt	9.707E-01	9.168E-01	9.594E-01	31.000	87	87	83
Q2YHZ0_Q75_lddt	Q9RAZ9_Q75_lddt	9.765E-01	9.114E-01	9.650E-01	29.800	87	87	82
Q2YHZ0_Q75_lddt	B5L5W7_Q75_lddt	9.702E-01	9.379E-01	9.379E-01	39.000	87	87	87
Q2YHZ0_Q75_lddt	AF-F4NA56-F1-model_v4_Q75_lddt	9.618E-01	9.302E-01	9.510E-01	37.900	87	87	85
Q2YHZ0_Q75_lddt	A0A0B6VPP7_Q75_lddt	9.674E-01	9.138E-01	9.562E-01	29.800	87	87	83
Q2YHZ0_Q75_lddt	AF-A0A127SQY3-F1-model_v6_Q75_lddt	9.538E-01	9.015E-01	9.429E-01	26.400	87	87	83
Q2YHZ0_Q75_lddt	Q57509_Q75_lddt	9.502E-01	8.979E-01	9.286E-01	28.400	87	88	84
Q2YHZ0_Q75_lddt	C8C0I2_Q75_lddt	9.458E-01	8.942E-01	9.350E-01	34.400	87	87	83
Q2YHZ0_Q75_lddt	C8C0D8_Q75_lddt	9.170E-01	8.971E-01	9.069E-01	25.800	87	89	86
Q2YHZ0_Q75_lddt	Q9X4S7_Q75_lddt	9.142E-01	8.945E-01	9.042E-01	28.000	87	89	86
Q5I6D4_Q75_lddt	Q5I6D4_Q75_lddt	1.012E+00	1.000E+00	1.000E+00	100.000	87	87	87
Q5I6D4_Q75_lddt	Q2YHX8_Q75_lddt	1.012E+00	1.000E+00	1.000E+00	100.000	87	87	87
Q5I6D4_Q75_lddt	B5D620_Q75_lddt	1.012E+00	1.000E+00	1.000E+00	98.800	87	87	87
Q5I6D4_Q75_lddt	B8YHZ8_Q75_lddt	1.012E+00	9.999E-01	9.999E-01	98.800	87	87	87
Q5I6D4_Q75_lddt	Q2YHX6_Q75_lddt	1.012E+00	9.999E-01	9.999E-01	100.000	87	87	87
Q5I6D4_Q75_lddt	Q2YHZ5_Q75_lddt	1.011E+00	9.997E-01	9.997E-01	98.800	87	87	87
Q5I6D4_Q75_lddt	Q6ZY77_Q75_lddt	1.011E+00	9.996E-01	9.996E-01	97.700	87	87	87
Q5I6D4_Q75_lddt	B5D612_Q75_lddt	1.011E+00	9.996E-01	9.996E-01	95.400	87	87	87
Q5I6D4_Q75_lddt	Q2YHZ0_Q75_lddt	1.011E+00	9.996E-01	9.996E-01	98.800	87	87	87
Q5I6D4_Q75_lddt	Q5PU78_Q75_lddt	1.011E+00	9.996E-01	9.996E-01	98.800	87	87	87
Q5I6D4_Q75_lddt	Q2YHZ3_Q75_lddt	1.011E+00	9.996E-01	9.996E-01	98.800	87	87	87
Q5I6D4_Q75_lddt	Q2YHZ2_Q75_lddt	1.011E+00	9.996E-01	9.996E-01	98.800	87	87	87
Q5I6D4_Q75_lddt	A0A455LP07_Q75_lddt	1.011E+00	9.996E-01	9.996E-01	95.400	87	87	87
Q5I6D4_Q75_lddt	E9NST5_Q75_lddt	1.011E+00	9.995E-01	9.995E-01	93.100	87	87	87
Q5I6D4_Q75_lddt	A0A455LP13_Q75_lddt	1.011E+00	9.995E-01	9.995E-01	95.400	87	87	87
Q5I6D4_Q75_lddt	Q6ZY74_Q75_lddt	1.011E+00	9.995E-01	9.995E-01	98.800	87	87	87
Q5I6D4_Q75_lddt	A0A0P0IGT7_Q75_lddt	1.011E+00	9.995E-01	9.995E-01	95.400	87	87	87
Q5I6D4_Q75_lddt	A0A455LP02_Q75_lddt	1.011E+00	9.995E-01	9.995E-01	95.400	87	87	87
Q5I6D4_Q75_lddt	R4ISB3_Q75_lddt	1.011E+00	9.995E-01	9.995E-01	95.400	87	87	87
Q5I6D4_Q75_lddt	Q6R5M7_Q75_lddt	1.011E+00	9.994E-01	9.994E-01	98.800	87	87	87
Q5I6D4_Q75_lddt	Q2YHY7_Q75_lddt	1.011E+00	9.993E-01	9.993E-01	98.800	87	87	87
Q5I6D4_Q75_lddt	Q84H48_Q75_lddt	1.011E+00	9.993E-01	9.993E-01	94.200	87	87	87
Q5I6D4_Q75_lddt	A0A455LS80_Q75_lddt	1.011E+00	9.993E-01	9.993E-01	96.500	87	87	87
Q5I6D4_Q75_lddt	Q6ZY58_Q75_lddt	1.011E+00	9.992E-01	9.992E-01	97.700	87	87	87
Q5I6D4_Q75_lddt	Q84H47_Q75_lddt	1.011E+00	9.989E-01	9.989E-01	94.200	87	87	87
Q5I6D4_Q75_lddt	Q9R429_Q75_lddt	1.010E+00	9.989E-01	9.989E-01	80.400	87	87	87
Q5I6D4_Q75_lddt	Q8GHI3_Q75_lddt	1.010E+00	9.988E-01	9.988E-01	79.300	87	87	87
Q5I6D4_Q75_lddt	AF-Q6W7F0-F1-model_v4_Q75_lddt	1.010E+00	9.987E-01	9.987E-01	83.900	87	87	87
Q5I6D4_Q75_lddt	Q8VQV7_Q75_lddt	1.010E+00	9.986E-01	9.986E-01	94.200	87	87	87
Q5I6D4_Q75_lddt	H9AXM1_Q75_lddt	1.010E+00	9.985E-01	9.985E-01	77.000	87	87	87
Q5I6D4_Q75_lddt	OKP-D-1_Q75_lddt	1.009E+00	9.971E-01	9.971E-01	96.500	87	87	87
Q5I6D4_Q75_lddt	C0LSK3_Q75_lddt	1.011E+00	9.874E-01	9.988E-01	98.800	87	86	86
Q5I6D4_Q75_lddt	OKP-C-1_Q75_lddt	1.010E+00	9.872E-01	9.986E-01	94.200	87	87	86
Q5I6D4_Q75_lddt	A0ZX80_Q75_lddt	1.011E+00	9.997E-01	9.773E-01	95.400	87	87	89
Q5I6D4_Q75_lddt	A0ZX91_Q75_lddt	1.011E+00	9.997E-01	9.772E-01	95.400	87	87	89
Q5I6D4_Q75_lddt	S4TWB0_Q75_lddt	1.011E+00	9.997E-01	9.772E-01	95.400	87	87	89
Q5I6D4_Q75_lddt	B9U2I6_Q75_lddt	1.011E+00	9.997E-01	9.772E-01	95.400	87	87	89
Q5I6D4_Q75_lddt	A0A2P9E069_Q75_lddt	1.011E+00	9.997E-01	9.772E-01	95.400	87	87	89
Q5I6D4_Q75_lddt	D5LGB4_Q75_lddt	1.011E+00	9.997E-01	9.772E-01	95.400	87	87	89
Q5I6D4_Q75_lddt	E5Q900_Q75_lddt	1.011E+00	9.996E-01	9.772E-01	95.400	87	87	89
Q5I6D4_Q75_lddt	Q8VP57_Q75_lddt	1.011E+00	9.996E-01	9.772E-01	95.400	87	87	89
Q5I6D4_Q75_lddt	A3FFR2_Q75_lddt	1.011E+00	9.996E-01	9.772E-01	95.400	87	87	89
Q5I6D4_Q75_lddt	Q0PGR7_Q75_lddt	1.011E+00	9.995E-01	9.770E-01	94.200	87	87	89
Q5I6D4_Q75_lddt	Q939H3_Q75_lddt	1.011E+00	9.995E-01	9.770E-01	94.200	87	87	89
Q5I6D4_Q75_lddt	Q2MJC2_Q75_lddt	1.011E+00	9.993E-01	9.769E-01	95.400	87	87	89
Q5I6D4_Q75_lddt	H2ERK9_Q75_lddt	1.011E+00	9.992E-01	9.768E-01	95.400	87	87	89
Q5I6D4_Q75_lddt	F8SQ10_Q75_lddt	1.011E+00	9.992E-01	9.767E-01	95.400	87	87	89
Q5I6D4_Q75_lddt	A0A097BQY7_Q75_lddt	1.011E+00	9.992E-01	9.767E-01	95.400	87	87	89
Q5I6D4_Q75_lddt	B0FP98_Q75_lddt	1.011E+00	9.991E-01	9.766E-01	94.200	87	87	89
Q5I6D4_Q75_lddt	Q939H5_Q75_lddt	1.011E+00	9.990E-01	9.766E-01	94.200	87	87	89
Q5I6D4_Q75_lddt	Q8VP67_Q75_lddt	1.011E+00	9.990E-01	9.765E-01	95.400	87	87	89
Q5I6D4_Q75_lddt	C8CE59_Q75_lddt	1.011E+00	9.761E-01	9.991E-01	93.100	87	87	85
Q5I6D4_Q75_lddt	J7HZA4_Q75_lddt	1.010E+00	9.989E-01	9.764E-01	94.200	87	87	89
Q5I6D4_Q75_lddt	C8CE60_Q75_lddt	1.011E+00	9.760E-01	9.989E-01	93.100	87	87	85
Q5I6D4_Q75_lddt	Q8KRG7_Q75_lddt	1.010E+00	9.987E-01	9.763E-01	94.200	87	87	89
Q5I6D4_Q75_lddt	O33677_Q75_lddt	1.004E+00	9.815E-01	9.928E-01	78.100	87	87	86
Q5I6D4_Q75_lddt	E5G517_Q75_lddt	1.006E+00	9.942E-01	9.719E-01	94.200	87	87	89
Q5I6D4_Q75_lddt	AF-A0A867XYA1-F1-model_v4_Q75_lddt	1.010E+00	9.870E-01	9.758E-01	86.200	87	87	88
Q5I6D4_Q75_lddt	AF-P18251-F1-model_v4_Q75_lddt	1.009E+00	9.861E-01	9.749E-01	90.800	87	87	88
Q5I6D4_Q75_lddt	B7FDD9_Q75_lddt	1.010E+00	9.408E-01	9.980E-01	89.600	87	87	82
Q5I6D4_Q75_lddt	P14171_Q75_lddt	9.923E-01	9.587E-01	9.808E-01	54.000	87	87	85
Q5I6D4_Q75_lddt	Q3SAW3_Q75_lddt	9.952E-01	9.501E-01	9.835E-01	51.700	87	87	84
Q5I6D4_Q75_lddt	C5HUY1_Q75_lddt	9.946E-01	9.496E-01	9.830E-01	48.200	87	87	84
Q5I6D4_Q75_lddt	C6GC02_Q75_lddt	9.945E-01	9.496E-01	9.829E-01	47.100	87	87	84
Q5I6D4_Q75_lddt	A0A097ZLX5_Q75_lddt	9.945E-01	9.495E-01	9.829E-01	48.200	87	87	84
Q5I6D4_Q75_lddt	AF-A0A1J0HSJ3-F1-model_v4_Q75_lddt	1.002E+00	9.335E-01	9.899E-01	54.000	87	87	82
Q5I6D4_Q75_lddt	AF-A0A3G1JAD7-F1-model_v4_Q75_lddt	1.001E+00	9.329E-01	9.891E-01	54.000	87	87	82
Q5I6D4_Q75_lddt	GES-44_Q75_lddt	9.926E-01	9.478E-01	9.810E-01	48.200	87	87	84
Q5I6D4_Q75_lddt	GES-41_Q75_lddt	9.924E-01	9.476E-01	9.808E-01	48.200	87	87	84
Q5I6D4_Q75_lddt	SGM-3_Q75_lddt	9.945E-01	9.495E-01	9.715E-01	50.500	87	87	85
Q5I6D4_Q75_lddt	SGM-2_Q75_lddt	9.942E-01	9.492E-01	9.712E-01	50.500	87	87	85
Q5I6D4_Q75_lddt	PER-16_Q75_lddt	9.866E-01	9.423E-01	9.752E-01	40.200	87	87	84
Q5I6D4_Q75_lddt	AF-E2D9D5-F1-model_v4_Q75_lddt	9.854E-01	9.412E-01	9.739E-01	28.700	87	87	84
Q5I6D4_Q75_lddt	AF-A0A886X7X6-F1-model_v6_Q75_lddt	9.883E-01	9.439E-01	9.656E-01	31.000	87	87	85
Q5I6D4_Q75_lddt	Q9AMJ7_Q75_lddt	9.883E-01	9.328E-01	9.767E-01	27.500	87	87	83
Q5I6D4_Q75_lddt	A1YTM5_Q75_lddt	9.878E-01	9.323E-01	9.762E-01	27.500	87	87	83
Q5I6D4_Q75_lddt	SGM-5_Q75_lddt	9.863E-01	9.421E-01	9.637E-01	49.400	87	87	85
Q5I6D4_Q75_lddt	A0A1W5QH29_Q75_lddt	9.774E-01	9.448E-01	9.663E-01	37.900	87	87	85
Q5I6D4_Q75_lddt	RAA-1_Q75_lddt	9.860E-01	9.307E-01	9.744E-01	29.800	87	87	83
Q5I6D4_Q75_lddt	D5HSX5_Q75_lddt	9.855E-01	9.303E-01	9.740E-01	40.200	87	87	83
Q5I6D4_Q75_lddt	A0A2Z2Z6H0_Q75_lddt	9.812E-01	9.374E-01	9.699E-01	45.900	87	87	84
Q5I6D4_Q75_lddt	AF-Q1NAL0-F1-model_v4_Q75_lddt	9.850E-01	9.408E-01	9.624E-01	50.500	87	87	85
Q5I6D4_Q75_lddt	A0A1W5QCF3_Q75_lddt	9.765E-01	9.439E-01	9.654E-01	37.900	87	87	85
Q5I6D4_Q75_lddt	A0A3Q8G682_Q75_lddt	9.691E-01	9.475E-01	9.582E-01	54.000	87	87	86
Q5I6D4_Q75_lddt	F8T7L4_Q75_lddt	9.843E-01	9.291E-01	9.727E-01	36.700	87	87	83
Q5I6D4_Q75_lddt	Q5XQD3_Q75_lddt	9.841E-01	9.290E-01	9.726E-01	36.700	87	87	83
Q5I6D4_Q75_lddt	P74842_Q75_lddt	9.839E-01	9.288E-01	9.724E-01	37.900	87	87	83
Q5I6D4_Q75_lddt	Q8VT49_Q75_lddt	9.832E-01	9.282E-01	9.717E-01	29.800	87	87	83
Q5I6D4_Q75_lddt	Q5W3A6_Q75_lddt	9.779E-01	9.343E-01	9.666E-01	33.300	87	87	84
Q5I6D4_Q75_lddt	Q9XBM2_Q75_lddt	9.668E-01	9.453E-01	9.559E-01	41.300	87	87	86
Q5I6D4_Q75_lddt	AF-A0A0D0F642-F1-model_v4_Q75_lddt	9.819E-01	9.270E-01	9.704E-01	31.000	87	87	83
Q5I6D4_Q75_lddt	A0A1W5QG57_Q75_lddt	9.733E-01	9.410E-01	9.623E-01	37.900	87	87	85
Q5I6D4_Q75_lddt	AF-E4WMC5-F1-model_v6_Q75_lddt	9.788E-01	9.242E-01	9.673E-01	36.700	87	87	83
Q5I6D4_Q75_lddt	G9MB50_Q75_lddt	9.789E-01	9.244E-01	9.675E-01	31.000	87	87	83
Q5I6D4_Q75_lddt	G9M9P7_Q75_lddt	9.783E-01	9.238E-01	9.669E-01	31.000	87	87	83
Q5I6D4_Q75_lddt	G9MB49_Q75_lddt	9.781E-01	9.236E-01	9.667E-01	32.100	87	87	83
Q5I6D4_Q75_lddt	A0A0E0SR47_Q75_lddt	9.679E-01	9.358E-01	9.569E-01	39.000	87	87	85
Q5I6D4_Q75_lddt	AF-A0A8E9ZWD0-F1-model_v6_Q75_lddt	9.752E-01	9.319E-01	9.530E-01	29.800	87	87	85
Q5I6D4_Q75_lddt	AF-J9QX37-F1-model_v4_Q75_lddt	9.824E-01	9.055E-01	9.707E-01	29.800	87	87	81
Q5I6D4_Q75_lddt	Q9X6W1_Q75_lddt	9.718E-01	9.178E-01	9.605E-01	31.000	87	87	83
Q5I6D4_Q75_lddt	Q9RAZ9_Q75_lddt	9.773E-01	9.121E-01	9.658E-01	29.800	87	87	82
Q5I6D4_Q75_lddt	AF-F4NA56-F1-model_v4_Q75_lddt	9.629E-01	9.311E-01	9.520E-01	37.900	87	87	85
Q5I6D4_Q75_lddt	B5L5W7_Q75_lddt	9.689E-01	9.367E-01	9.367E-01	39.000	87	87	87
Q5I6D4_Q75_lddt	A0A0B6VPP7_Q75_lddt	9.686E-01	9.149E-01	9.573E-01	29.800	87	87	83
Q5I6D4_Q75_lddt	AF-A0A127SQY3-F1-model_v6_Q75_lddt	9.547E-01	9.024E-01	9.437E-01	26.400	87	87	83
Q5I6D4_Q75_lddt	Q57509_Q75_lddt	9.508E-01	8.984E-01	9.291E-01	27.200	87	88	84
Q5I6D4_Q75_lddt	C8C0I2_Q75_lddt	9.473E-01	8.954E-01	9.364E-01	34.400	87	87	83
Q5I6D4_Q75_lddt	C8C0D8_Q75_lddt	9.180E-01	8.980E-01	9.079E-01	25.800	87	89	86
Q5I6D4_Q75_lddt	Q9X4S7_Q75_lddt	9.155E-01	8.957E-01	9.055E-01	28.000	87	89	86
Q6ZY58_Q75_lddt	Q6ZY58_Q75_lddt	1.012E+00	1.000E+00	1.000E+00	100.000	87	87	87
Q6ZY58_Q75_lddt	Q6ZY77_Q75_lddt	1.011E+00	9.995E-01	9.995E-01	97.700	87	87	87
Q6ZY58_Q75_lddt	Q2YHZ5_Q75_lddt	1.011E+00	9.995E-01	9.995E-01	98.800	87	87	87
Q6ZY58_Q75_lddt	Q2YHZ2_Q75_lddt	1.011E+00	9.995E-01	9.995E-01	98.800	87	87	87
Q6ZY58_Q75_lddt	Q2YHZ3_Q75_lddt	1.011E+00	9.995E-01	9.995E-01	98.800	87	87	87
Q6ZY58_Q75_lddt	Q2YHZ0_Q75_lddt	1.011E+00	9.995E-01	9.995E-01	98.800	87	87	87
Q6ZY58_Q75_lddt	Q6ZY74_Q75_lddt	1.011E+00	9.994E-01	9.994E-01	98.800	87	87	87
Q6ZY58_Q75_lddt	Q5PU78_Q75_lddt	1.011E+00	9.994E-01	9.994E-01	96.500	87	87	87
Q6ZY58_Q75_lddt	B5D620_Q75_lddt	1.011E+00	9.993E-01	9.993E-01	98.800	87	87	87
Q6ZY58_Q75_lddt	Q6R5M7_Q75_lddt	1.011E+00	9.993E-01	9.993E-01	96.500	87	87	87
Q6ZY58_Q75_lddt	Q2YHX8_Q75_lddt	1.011E+00	9.993E-01	9.993E-01	97.700	87	87	87
Q6ZY58_Q75_lddt	Q5I6D4_Q75_lddt	1.011E+00	9.992E-01	9.992E-01	97.700	87	87	87
Q6ZY58_Q75_lddt	Q2YHX6_Q75_lddt	1.011E+00	9.992E-01	9.992E-01	97.700	87	87	87
Q6ZY58_Q75_lddt	B8YHZ8_Q75_lddt	1.011E+00	9.991E-01	9.991E-01	98.800	87	87	87
Q6ZY58_Q75_lddt	Q2YHY7_Q75_lddt	1.011E+00	9.991E-01	9.991E-01	98.800	87	87	87
Q6ZY58_Q75_lddt	A0A455LS80_Q75_lddt	1.010E+00	9.989E-01	9.989E-01	94.200	87	87	87
Q6ZY58_Q75_lddt	B5D612_Q75_lddt	1.010E+00	9.989E-01	9.989E-01	93.100	87	87	87
Q6ZY58_Q75_lddt	A0A0P0IGT7_Q75_lddt	1.010E+00	9.988E-01	9.988E-01	93.100	87	87	87
Q6ZY58_Q75_lddt	R4ISB3_Q75_lddt	1.010E+00	9.988E-01	9.988E-01	93.100	87	87	87
Q6ZY58_Q75_lddt	E9NST5_Q75_lddt	1.010E+00	9.988E-01	9.988E-01	90.800	87	87	87
Q6ZY58_Q75_lddt	A0A455LP07_Q75_lddt	1.010E+00	9.988E-01	9.988E-01	93.100	87	87	87
Q6ZY58_Q75_lddt	A0A455LP13_Q75_lddt	1.010E+00	9.987E-01	9.987E-01	93.100	87	87	87
Q6ZY58_Q75_lddt	A0A455LP02_Q75_lddt	1.010E+00	9.987E-01	9.987E-01	93.100	87	87	87
Q6ZY58_Q75_lddt	Q84H47_Q75_lddt	1.010E+00	9.986E-01	9.986E-01	91.900	87	87	87
Q6ZY58_Q75_lddt	Q84H48_Q75_lddt	1.010E+00	9.985E-01	9.985E-01	91.900	87	87	87
Q6ZY58_Q75_lddt	Q8VQV7_Q75_lddt	1.010E+00	9.984E-01	9.984E-01	91.900	87	87	87
Q6ZY58_Q75_lddt	Q8GHI3_Q75_lddt	1.010E+00	9.981E-01	9.981E-01	78.100	87	87	87
Q6ZY58_Q75_lddt	Q9R429_Q75_lddt	1.010E+00	9.981E-01	9.981E-01	79.300	87	87	87
Q6ZY58_Q75_lddt	AF-Q6W7F0-F1-model_v4_Q75_lddt	1.010E+00	9.980E-01	9.980E-01	85.000	87	87	87
Q6ZY58_Q75_lddt	H9AXM1_Q75_lddt	1.010E+00	9.980E-01	9.980E-01	75.800	87	87	87
Q6ZY58_Q75_lddt	OKP-D-1_Q75_lddt	1.008E+00	9.969E-01	9.969E-01	94.200	87	87	87
Q6ZY58_Q75_lddt	C0LSK3_Q75_lddt	1.010E+00	9.871E-01	9.985E-01	98.800	87	86	86
Q6ZY58_Q75_lddt	OKP-C-1_Q75_lddt	1.010E+00	9.865E-01	9.980E-01	91.900	87	87	86
Q6ZY58_Q75_lddt	C8CE60_Q75_lddt	1.011E+00	9.764E-01	9.994E-01	90.800	87	87	85
Q6ZY58_Q75_lddt	C8CE59_Q75_lddt	1.011E+00	9.763E-01	9.993E-01	90.800	87	87	85
Q6ZY58_Q75_lddt	Q2MJC2_Q75_lddt	1.011E+00	9.991E-01	9.766E-01	93.100	87	87	89
Q6ZY58_Q75_lddt	A0A097BQY7_Q75_lddt	1.011E+00	9.991E-01	9.766E-01	93.100	87	87	89
Q6ZY58_Q75_lddt	Q8VP67_Q75_lddt	1.011E+00	9.990E-01	9.765E-01	93.100	87	87	89
Q6ZY58_Q75_lddt	J7HZA4_Q75_lddt	1.011E+00	9.989E-01	9.765E-01	91.900	87	87	89
Q6ZY58_Q75_lddt	A0ZX80_Q75_lddt	1.010E+00	9.989E-01	9.765E-01	93.100	87	87	89
Q6ZY58_Q75_lddt	D5LGB4_Q75_lddt	1.010E+00	9.988E-01	9.764E-01	93.100	87	87	89
Q6ZY58_Q75_lddt	S4TWB0_Q75_lddt	1.010E+00	9.988E-01	9.764E-01	93.100	87	87	89
Q6ZY58_Q75_lddt	A0A2P9E069_Q75_lddt	1.010E+00	9.988E-01	9.764E-01	93.100	87	87	89
Q6ZY58_Q75_lddt	Q8KRG7_Q75_lddt	1.010E+00	9.988E-01	9.764E-01	91.900	87	87	89
Q6ZY58_Q75_lddt	E5Q900_Q75_lddt	1.010E+00	9.988E-01	9.764E-01	93.100	87	87	89
Q6ZY58_Q75_lddt	B9U2I6_Q75_lddt	1.010E+00	9.988E-01	9.764E-01	93.100	87	87	89
Q6ZY58_Q75_lddt	A3FFR2_Q75_lddt	1.010E+00	9.988E-01	9.764E-01	93.100	87	87	89
Q6ZY58_Q75_lddt	A0ZX91_Q75_lddt	1.010E+00	9.988E-01	9.764E-01	93.100	87	87	89
Q6ZY58_Q75_lddt	Q8VP57_Q75_lddt	1.010E+00	9.987E-01	9.763E-01	93.100	87	87	89
Q6ZY58_Q75_lddt	Q939H3_Q75_lddt	1.010E+00	9.986E-01	9.762E-01	91.900	87	87	89
Q6ZY58_Q75_lddt	H2ERK9_Q75_lddt	1.010E+00	9.986E-01	9.762E-01	93.100	87	87	89
Q6ZY58_Q75_lddt	B0FP98_Q75_lddt	1.010E+00	9.986E-01	9.762E-01	91.900	87	87	89
Q6ZY58_Q75_lddt	Q0PGR7_Q75_lddt	1.010E+00	9.986E-01	9.762E-01	91.900	87	87	89
Q6ZY58_Q75_lddt	Q939H5_Q75_lddt	1.010E+00	9.985E-01	9.761E-01	91.900	87	87	89
Q6ZY58_Q75_lddt	F8SQ10_Q75_lddt	1.010E+00	9.980E-01	9.757E-01	93.100	87	87	89
Q6ZY58_Q75_lddt	O33677_Q75_lddt	1.004E+00	9.811E-01	9.924E-01	77.000	87	87	86
Q6ZY58_Q75_lddt	E5G517_Q75_lddt	1.005E+00	9.938E-01	9.716E-01	91.900	87	87	89
Q6ZY58_Q75_lddt	AF-A0A867XYA1-F1-model_v4_Q75_lddt	1.010E+00	9.866E-01	9.754E-01	83.900	87	87	88
Q6ZY58_Q75_lddt	AF-P18251-F1-model_v4_Q75_lddt	1.009E+00	9.855E-01	9.743E-01	88.500	87	87	88
Q6ZY58_Q75_lddt	B7FDD9_Q75_lddt	1.010E+00	9.406E-01	9.978E-01	87.300	87	87	82
Q6ZY58_Q75_lddt	P14171_Q75_lddt	9.937E-01	9.600E-01	9.822E-01	54.000	87	87	85
Q6ZY58_Q75_lddt	C5HUY1_Q75_lddt	9.938E-01	9.489E-01	9.822E-01	49.400	87	87	84
Q6ZY58_Q75_lddt	C6GC02_Q75_lddt	9.938E-01	9.489E-01	9.822E-01	48.200	87	87	84
Q6ZY58_Q75_lddt	A0A097ZLX5_Q75_lddt	9.937E-01	9.488E-01	9.821E-01	49.400	87	87	84
Q6ZY58_Q75_lddt	Q3SAW3_Q75_lddt	9.933E-01	9.484E-01	9.817E-01	52.800	87	87	84
Q6ZY58_Q75_lddt	AF-A0A1J0HSJ3-F1-model_v4_Q75_lddt	1.001E+00	9.326E-01	9.889E-01	54.000	87	87	82
Q6ZY58_Q75_lddt	AF-A0A3G1JAD7-F1-model_v4_Q75_lddt	1.000E+00	9.321E-01	9.883E-01	54.000	87	87	82
Q6ZY58_Q75_lddt	GES-44_Q75_lddt	9.906E-01	9.460E-01	9.791E-01	49.400	87	87	84
Q6ZY58_Q75_lddt	GES-41_Q75_lddt	9.906E-01	9.460E-01	9.790E-01	49.400	87	87	84
Q6ZY58_Q75_lddt	SGM-3_Q75_lddt	9.933E-01	9.484E-01	9.703E-01	50.500	87	87	85
Q6ZY58_Q75_lddt	SGM-2_Q75_lddt	9.929E-01	9.481E-01	9.700E-01	50.500	87	87	85
Q6ZY58_Q75_lddt	PER-16_Q75_lddt	9.833E-01	9.393E-01	9.719E-01	39.000	87	87	84
Q6ZY58_Q75_lddt	AF-E2D9D5-F1-model_v4_Q75_lddt	9.821E-01	9.382E-01	9.707E-01	28.700	87	87	84
Q6ZY58_Q75_lddt	SGM-5_Q75_lddt	9.854E-01	9.412E-01	9.628E-01	48.200	87	87	85
Q6ZY58_Q75_lddt	Q9AMJ7_Q75_lddt	9.857E-01	9.304E-01	9.741E-01	27.500	87	87	83
Q6ZY58_Q75_lddt	AF-A0A886X7X6-F1-model_v6_Q75_lddt	9.853E-01	9.412E-01	9.627E-01	31.000	87	87	85
Q6ZY58_Q75_lddt	A0A1W5QH29_Q75_lddt	9.769E-01	9.443E-01	9.658E-01	37.900	87	87	85
Q6ZY58_Q75_lddt	A1YTM5_Q75_lddt	9.852E-01	9.300E-01	9.736E-01	27.500	87	87	83
Q6ZY58_Q75_lddt	A0A1W5QCF3_Q75_lddt	9.760E-01	9.434E-01	9.649E-01	37.900	87	87	85
Q6ZY58_Q75_lddt	A0A3Q8G682_Q75_lddt	9.687E-01	9.471E-01	9.578E-01	54.000	87	87	86
Q6ZY58_Q75_lddt	AF-Q1NAL0-F1-model_v4_Q75_lddt	9.833E-01	9.393E-01	9.608E-01	49.400	87	87	85
Q6ZY58_Q75_lddt	RAA-1_Q75_lddt	9.825E-01	9.276E-01	9.711E-01	29.800	87	87	83
Q6ZY58_Q75_lddt	D5HSX5_Q75_lddt	9.820E-01	9.271E-01	9.705E-01	39.000	87	87	83
Q6ZY58_Q75_lddt	A0A2Z2Z6H0_Q75_lddt	9.779E-01	9.344E-01	9.667E-01	45.900	87	87	84
Q6ZY58_Q75_lddt	A0A1W5QG57_Q75_lddt	9.730E-01	9.407E-01	9.620E-01	37.900	87	87	85
Q6ZY58_Q75_lddt	F8T7L4_Q75_lddt	9.806E-01	9.259E-01	9.692E-01	36.700	87	87	83
Q6ZY58_Q75_lddt	Q5XQD3_Q75_lddt	9.806E-01	9.258E-01	9.691E-01	36.700	87	87	83
Q6ZY58_Q75_lddt	P74842_Q75_lddt	9.803E-01	9.256E-01	9.688E-01	36.700	87	87	83
Q6ZY58_Q75_lddt	Q8VT49_Q75_lddt	9.802E-01	9.255E-01	9.688E-01	29.800	87	87	83
Q6ZY58_Q75_lddt	Q9XBM2_Q75_lddt	9.635E-01	9.422E-01	9.527E-01	41.300	87	87	86
Q6ZY58_Q75_lddt	AF-A0A0D0F642-F1-model_v4_Q75_lddt	9.785E-01	9.240E-01	9.671E-01	31.000	87	87	83
Q6ZY58_Q75_lddt	Q5W3A6_Q75_lddt	9.745E-01	9.312E-01	9.633E-01	33.300	87	87	84
Q6ZY58_Q75_lddt	G9MB50_Q75_lddt	9.761E-01	9.219E-01	9.648E-01	31.000	87	87	83
Q6ZY58_Q75_lddt	G9M9P7_Q75_lddt	9.757E-01	9.215E-01	9.643E-01	31.000	87	87	83
Q6ZY58_Q75_lddt	AF-E4WMC5-F1-model_v6_Q75_lddt	9.749E-01	9.208E-01	9.636E-01	36.700	87	87	83
Q6ZY58_Q75_lddt	G9MB49_Q75_lddt	9.755E-01	9.213E-01	9.641E-01	32.100	87	87	83
Q6ZY58_Q75_lddt	A0A0E0SR47_Q75_lddt	9.657E-01	9.338E-01	9.548E-01	39.000	87	87	85
Q6ZY58_Q75_lddt	AF-J9QX37-F1-model_v4_Q75_lddt	9.812E-01	9.045E-01	9.695E-01	29.800	87	87	81
Q6ZY58_Q75_lddt	AF-A0A8E9ZWD0-F1-model_v6_Q75_lddt	9.708E-01	9.278E-01	9.488E-01	29.800	87	87	85
Q6ZY58_Q75_lddt	B5L5W7_Q75_lddt	9.685E-01	9.363E-01	9.363E-01	39.000	87	87	87
Q6ZY58_Q75_lddt	Q9X6W1_Q75_lddt	9.687E-01	9.150E-01	9.574E-01	31.000	87	87	83
Q6ZY58_Q75_lddt	Q9RAZ9_Q75_lddt	9.739E-01	9.091E-01	9.625E-01	29.800	87	87	82
Q6ZY58_Q75_lddt	AF-F4NA56-F1-model_v4_Q75_lddt	9.608E-01	9.291E-01	9.500E-01	39.000	87	87	85
Q6ZY58_Q75_lddt	A0A0B6VPP7_Q75_lddt	9.654E-01	9.121E-01	9.543E-01	29.800	87	87	83
Q6ZY58_Q75_lddt	AF-A0A127SQY3-F1-model_v6_Q75_lddt	9.518E-01	8.998E-01	9.409E-01	26.400	87	87	83
Q6ZY58_Q75_lddt	Q57509_Q75_lddt	9.485E-01	8.963E-01	9.269E-01	28.400	87	88	84
Q6ZY58_Q75_lddt	C8C0I2_Q75_lddt	9.440E-01	8.925E-01	9.332E-01	34.400	87	87	83
Q6ZY58_Q75_lddt	C8C0D8_Q75_lddt	9.146E-01	8.948E-01	9.046E-01	25.800	87	89	86
Q6ZY58_Q75_lddt	Q9X4S7_Q75_lddt	9.122E-01	8.925E-01	9.023E-01	28.000	87	89	86
Q8KRG7_Q75_lddt	Q8KRG7_Q75_lddt	1.011E+00	1.000E+00	1.000E+00	100.000	89	89	89
Q8KRG7_Q75_lddt	J7HZA4_Q75_lddt	1.011E+00	9.998E-01	9.998E-01	97.700	89	89	89
Q8KRG7_Q75_lddt	Q8VP67_Q75_lddt	1.011E+00	9.998E-01	9.998E-01	98.800	89	89	89
Q8KRG7_Q75_lddt	H2ERK9_Q75_lddt	1.011E+00	9.994E-01	9.994E-01	98.800	89	89	89
Q8KRG7_Q75_lddt	A0A097BQY7_Q75_lddt	1.011E+00	9.994E-01	9.994E-01	98.800	89	89	89
Q8KRG7_Q75_lddt	B0FP98_Q75_lddt	1.011E+00	9.994E-01	9.994E-01	97.700	89	89	89
Q8KRG7_Q75_lddt	Q2MJC2_Q75_lddt	1.011E+00	9.993E-01	9.993E-01	98.800	89	89	89
Q8KRG7_Q75_lddt	Q939H5_Q75_lddt	1.010E+00	9.991E-01	9.991E-01	97.700	89	89	89
Q8KRG7_Q75_lddt	A0ZX80_Q75_lddt	1.010E+00	9.990E-01	9.990E-01	98.800	89	89	89
Q8KRG7_Q75_lddt	S4TWB0_Q75_lddt	1.010E+00	9.990E-01	9.990E-01	98.800	89	89	89
Q8KRG7_Q75_lddt	E5Q900_Q75_lddt	1.010E+00	9.990E-01	9.990E-01	98.800	89	89	89
Q8KRG7_Q75_lddt	A0A2P9E069_Q75_lddt	1.010E+00	9.989E-01	9.989E-01	98.800	89	89	89
Q8KRG7_Q75_lddt	B9U2I6_Q75_lddt	1.010E+00	9.989E-01	9.989E-01	98.800	89	89	89
Q8KRG7_Q75_lddt	A0ZX91_Q75_lddt	1.010E+00	9.989E-01	9.989E-01	98.800	89	89	89
Q8KRG7_Q75_lddt	D5LGB4_Q75_lddt	1.010E+00	9.989E-01	9.989E-01	98.800	89	89	89
Q8KRG7_Q75_lddt	Q8VP57_Q75_lddt	1.010E+00	9.988E-01	9.988E-01	98.800	89	89	89
Q8KRG7_Q75_lddt	A3FFR2_Q75_lddt	1.010E+00	9.988E-01	9.988E-01	98.800	89	89	89
Q8KRG7_Q75_lddt	Q0PGR7_Q75_lddt	1.010E+00	9.987E-01	9.987E-01	97.700	89	89	89
Q8KRG7_Q75_lddt	Q939H3_Q75_lddt	1.010E+00	9.983E-01	9.983E-01	92.100	89	89	89
Q8KRG7_Q75_lddt	F8SQ10_Q75_lddt	1.010E+00	9.982E-01	9.982E-01	98.800	89	89	89
Q8KRG7_Q75_lddt	E5G517_Q75_lddt	1.006E+00	9.943E-01	9.943E-01	97.700	89	89	89
Q8KRG7_Q75_lddt	AF-A0A867XYA1-F1-model_v4_Q75_lddt	1.009E+00	9.862E-01	9.974E-01	88.700	89	89	88
Q8KRG7_Q75_lddt	Q6ZY74_Q75_lddt	1.011E+00	9.769E-01	9.994E-01	93.100	89	87	87
Q8KRG7_Q75_lddt	Q6R5M7_Q75_lddt	1.011E+00	9.769E-01	9.993E-01	93.100	89	87	87
Q8KRG7_Q75_lddt	AF-P18251-F1-model_v4_Q75_lddt	1.007E+00	9.843E-01	9.955E-01	94.300	89	89	88
Q8KRG7_Q75_lddt	Q6ZY77_Q75_lddt	1.011E+00	9.766E-01	9.990E-01	91.900	89	87	87
Q8KRG7_Q75_lddt	Q2YHZ2_Q75_lddt	1.011E+00	9.766E-01	9.990E-01	93.100	89	87	87
Q8KRG7_Q75_lddt	Q5PU78_Q75_lddt	1.011E+00	9.765E-01	9.990E-01	93.100	89	87	87
Q8KRG7_Q75_lddt	Q2YHZ5_Q75_lddt	1.011E+00	9.765E-01	9.989E-01	93.100	89	87	87
Q8KRG7_Q75_lddt	Q2YHZ3_Q75_lddt	1.010E+00	9.765E-01	9.989E-01	93.100	89	87	87
Q8KRG7_Q75_lddt	Q2YHZ0_Q75_lddt	1.010E+00	9.764E-01	9.989E-01	93.100	89	87	87
Q8KRG7_Q75_lddt	Q6ZY58_Q75_lddt	1.010E+00	9.764E-01	9.988E-01	91.900	89	87	87
Q8KRG7_Q75_lddt	A0A0P0IGT7_Q75_lddt	1.010E+00	9.764E-01	9.988E-01	93.100	89	87	87
Q8KRG7_Q75_lddt	A0A455LS80_Q75_lddt	1.010E+00	9.763E-01	9.987E-01	93.100	89	87	87
Q8KRG7_Q75_lddt	Q2YHX6_Q75_lddt	1.010E+00	9.763E-01	9.987E-01	94.200	89	87	87
Q8KRG7_Q75_lddt	B5D620_Q75_lddt	1.010E+00	9.763E-01	9.987E-01	93.100	89	87	87
Q8KRG7_Q75_lddt	Q5I6D4_Q75_lddt	1.010E+00	9.763E-01	9.987E-01	94.200	89	87	87
Q8KRG7_Q75_lddt	Q2YHX8_Q75_lddt	1.010E+00	9.762E-01	9.987E-01	94.200	89	87	87
Q8KRG7_Q75_lddt	B5D612_Q75_lddt	1.010E+00	9.762E-01	9.986E-01	93.100	89	87	87
Q8KRG7_Q75_lddt	E9NST5_Q75_lddt	1.010E+00	9.762E-01	9.986E-01	90.800	89	87	87
Q8KRG7_Q75_lddt	B8YHZ8_Q75_lddt	1.010E+00	9.762E-01	9.986E-01	93.100	89	87	87
Q8KRG7_Q75_lddt	A0A455LP07_Q75_lddt	1.010E+00	9.761E-01	9.985E-01	91.900	89	87	87
Q8KRG7_Q75_lddt	A0A455LP13_Q75_lddt	1.010E+00	9.760E-01	9.984E-01	91.900	89	87	87
Q8KRG7_Q75_lddt	A0A455LP02_Q75_lddt	1.010E+00	9.760E-01	9.984E-01	91.900	89	87	87
Q8KRG7_Q75_lddt	R4ISB3_Q75_lddt	1.010E+00	9.760E-01	9.984E-01	91.900	89	87	87
Q8KRG7_Q75_lddt	Q84H47_Q75_lddt	1.010E+00	9.756E-01	9.980E-01	91.900	89	87	87
Q8KRG7_Q75_lddt	Q2YHY7_Q75_lddt	1.009E+00	9.755E-01	9.979E-01	93.100	89	87	87
Q8KRG7_Q75_lddt	Q84H48_Q75_lddt	1.009E+00	9.754E-01	9.978E-01	91.900	89	87	87
Q8KRG7_Q75_lddt	Q8VQV7_Q75_lddt	1.009E+00	9.753E-01	9.977E-01	91.900	89	87	87
Q8KRG7_Q75_lddt	Q8GHI3_Q75_lddt	1.009E+00	9.753E-01	9.977E-01	79.300	89	87	87
Q8KRG7_Q75_lddt	Q9R429_Q75_lddt	1.009E+00	9.752E-01	9.976E-01	80.400	89	87	87
Q8KRG7_Q75_lddt	H9AXM1_Q75_lddt	1.009E+00	9.752E-01	9.976E-01	77.000	89	87	87
Q8KRG7_Q75_lddt	AF-Q6W7F0-F1-model_v4_Q75_lddt	1.009E+00	9.747E-01	9.970E-01	83.900	89	87	87
Q8KRG7_Q75_lddt	OKP-D-1_Q75_lddt	1.007E+00	9.732E-01	9.954E-01	90.800	89	87	87
Q8KRG7_Q75_lddt	OKP-C-1_Q75_lddt	1.009E+00	9.639E-01	9.974E-01	95.400	89	87	86
Q8KRG7_Q75_lddt	C0LSK3_Q75_lddt	1.009E+00	9.636E-01	9.972E-01	93.000	89	86	86
Q8KRG7_Q75_lddt	C8CE60_Q75_lddt	1.011E+00	9.546E-01	9.995E-01	96.500	89	87	85
Q8KRG7_Q75_lddt	C8CE59_Q75_lddt	1.011E+00	9.546E-01	9.995E-01	96.500	89	87	85
Q8KRG7_Q75_lddt	O33677_Q75_lddt	1.003E+00	9.583E-01	9.915E-01	78.100	89	87	86
Q8KRG7_Q75_lddt	B7FDD9_Q75_lddt	1.010E+00	9.190E-01	9.972E-01	93.100	89	87	82
Q8KRG7_Q75_lddt	P14171_Q75_lddt	9.909E-01	9.362E-01	9.795E-01	55.100	89	87	85
Q8KRG7_Q75_lddt	C5HUY1_Q75_lddt	9.919E-01	9.263E-01	9.803E-01	49.400	89	87	84
Q8KRG7_Q75_lddt	A0A097ZLX5_Q75_lddt	9.919E-01	9.263E-01	9.803E-01	49.400	89	87	84
Q8KRG7_Q75_lddt	C6GC02_Q75_lddt	9.919E-01	9.262E-01	9.803E-01	48.200	89	87	84
Q8KRG7_Q75_lddt	AF-A0A1J0HSJ3-F1-model_v4_Q75_lddt	9.996E-01	9.107E-01	9.875E-01	52.800	89	87	82
Q8KRG7_Q75_lddt	Q3SAW3_Q75_lddt	9.910E-01	9.254E-01	9.795E-01	56.300	89	87	84
Q8KRG7_Q75_lddt	AF-A0A3G1JAD7-F1-model_v4_Q75_lddt	9.988E-01	9.101E-01	9.868E-01	54.000	89	87	82
Q8KRG7_Q75_lddt	GES-44_Q75_lddt	9.892E-01	9.239E-01	9.777E-01	49.400	89	87	84
Q8KRG7_Q75_lddt	SGM-3_Q75_lddt	9.932E-01	9.273E-01	9.702E-01	55.100	89	87	85
Q8KRG7_Q75_lddt	GES-41_Q75_lddt	9.892E-01	9.239E-01	9.777E-01	49.400	89	87	84
Q8KRG7_Q75_lddt	SGM-2_Q75_lddt	9.928E-01	9.270E-01	9.699E-01	55.100	89	87	85
Q8KRG7_Q75_lddt	AF-E2D9D5-F1-model_v4_Q75_lddt	9.833E-01	9.188E-01	9.719E-01	31.000	89	87	84
Q8KRG7_Q75_lddt	AF-A0A886X7X6-F1-model_v6_Q75_lddt	9.867E-01	9.217E-01	9.641E-01	32.100	89	87	85
Q8KRG7_Q75_lddt	PER-16_Q75_lddt	9.824E-01	9.179E-01	9.710E-01	41.300	89	87	84
Q8KRG7_Q75_lddt	Q9AMJ7_Q75_lddt	9.861E-01	9.104E-01	9.745E-01	31.000	89	87	83
Q8KRG7_Q75_lddt	A0A1W5QH29_Q75_lddt	9.773E-01	9.241E-01	9.662E-01	37.900	89	87	85
Q8KRG7_Q75_lddt	A1YTM5_Q75_lddt	9.856E-01	9.099E-01	9.740E-01	31.000	89	87	83
Q8KRG7_Q75_lddt	A0A1W5QCF3_Q75_lddt	9.763E-01	9.232E-01	9.652E-01	37.900	89	87	85
Q8KRG7_Q75_lddt	SGM-5_Q75_lddt	9.844E-01	9.196E-01	9.618E-01	51.700	89	87	85
Q8KRG7_Q75_lddt	A0A3Q8G682_Q75_lddt	9.682E-01	9.260E-01	9.573E-01	54.000	89	87	86
Q8KRG7_Q75_lddt	RAA-1_Q75_lddt	9.836E-01	9.083E-01	9.721E-01	33.300	89	87	83
Q8KRG7_Q75_lddt	AF-Q1NAL0-F1-model_v4_Q75_lddt	9.827E-01	9.182E-01	9.602E-01	55.100	89	87	85
Q8KRG7_Q75_lddt	A0A1W5QG57_Q75_lddt	9.741E-01	9.212E-01	9.630E-01	37.900	89	87	85
Q8KRG7_Q75_lddt	D5HSX5_Q75_lddt	9.814E-01	9.063E-01	9.699E-01	41.300	89	87	83
Q8KRG7_Q75_lddt	Q8VT49_Q75_lddt	9.812E-01	9.061E-01	9.697E-01	31.000	89	87	83
Q8KRG7_Q75_lddt	A0A2Z2Z6H0_Q75_lddt	9.765E-01	9.127E-01	9.653E-01	47.100	89	87	84
Q8KRG7_Q75_lddt	Q5W3A6_Q75_lddt	9.764E-01	9.127E-01	9.652E-01	34.400	89	87	84
Q8KRG7_Q75_lddt	F8T7L4_Q75_lddt	9.802E-01	9.052E-01	9.687E-01	37.900	89	87	83
Q8KRG7_Q75_lddt	Q9XBM2_Q75_lddt	9.653E-01	9.234E-01	9.545E-01	42.500	89	87	86
Q8KRG7_Q75_lddt	Q5XQD3_Q75_lddt	9.800E-01	9.051E-01	9.686E-01	37.900	89	87	83
Q8KRG7_Q75_lddt	P74842_Q75_lddt	9.796E-01	9.048E-01	9.682E-01	39.000	89	87	83
Q8KRG7_Q75_lddt	AF-A0A0D0F642-F1-model_v4_Q75_lddt	9.798E-01	9.049E-01	9.683E-01	32.100	89	87	83
Q8KRG7_Q75_lddt	G9MB50_Q75_lddt	9.778E-01	9.033E-01	9.664E-01	31.000	89	87	83
Q8KRG7_Q75_lddt	G9M9P7_Q75_lddt	9.773E-01	9.028E-01	9.659E-01	29.800	89	87	83
Q8KRG7_Q75_lddt	G9MB49_Q75_lddt	9.771E-01	9.027E-01	9.657E-01	31.000	89	87	83
Q8KRG7_Q75_lddt	AF-E4WMC5-F1-model_v6_Q75_lddt	9.763E-01	9.019E-01	9.649E-01	35.600	89	87	83
Q8KRG7_Q75_lddt	A0A0E0SR47_Q75_lddt	9.670E-01	9.149E-01	9.561E-01	40.200	89	87	85
Q8KRG7_Q75_lddt	AF-A0A8E9ZWD0-F1-model_v6_Q75_lddt	9.733E-01	9.100E-01	9.512E-01	31.000	89	87	85
Q8KRG7_Q75_lddt	AF-J9QX37-F1-model_v4_Q75_lddt	9.802E-01	8.839E-01	9.685E-01	28.700	89	87	81
Q8KRG7_Q75_lddt	Q9X6W1_Q75_lddt	9.698E-01	8.961E-01	9.586E-01	32.100	89	87	83
Q8KRG7_Q75_lddt	Q9RAZ9_Q75_lddt	9.752E-01	8.905E-01	9.638E-01	31.000	89	87	82
Q8KRG7_Q75_lddt	B5L5W7_Q75_lddt	9.683E-01	9.158E-01	9.361E-01	37.900	89	87	87
Q8KRG7_Q75_lddt	AF-F4NA56-F1-model_v4_Q75_lddt	9.617E-01	9.101E-01	9.509E-01	37.900	89	87	85
Q8KRG7_Q75_lddt	A0A0B6VPP7_Q75_lddt	9.667E-01	8.934E-01	9.555E-01	31.000	89	87	83
Q8KRG7_Q75_lddt	AF-A0A127SQY3-F1-model_v6_Q75_lddt	9.546E-01	8.830E-01	9.436E-01	25.200	89	87	83
Q8KRG7_Q75_lddt	Q57509_Q75_lddt	9.491E-01	8.776E-01	9.275E-01	28.400	89	88	84
Q8KRG7_Q75_lddt	C8C0I2_Q75_lddt	9.464E-01	8.756E-01	9.356E-01	32.100	89	87	83
Q8KRG7_Q75_lddt	C8C0D8_Q75_lddt	9.166E-01	8.778E-01	9.066E-01	25.800	89	89	86
Q8KRG7_Q75_lddt	Q9X4S7_Q75_lddt	9.143E-01	8.756E-01	9.043E-01	28.000	89	89	86
Q939H5_Q75_lddt	Q939H5_Q75_lddt	1.011E+00	1.000E+00	1.000E+00	100.000	89	89	89
Q939H5_Q75_lddt	H2ERK9_Q75_lddt	1.011E+00	9.996E-01	9.996E-01	98.800	89	89	89
Q939H5_Q75_lddt	B0FP98_Q75_lddt	1.011E+00	9.995E-01	9.995E-01	97.700	89	89	89
Q939H5_Q75_lddt	E5Q900_Q75_lddt	1.011E+00	9.994E-01	9.994E-01	98.800	89	89	89
Q939H5_Q75_lddt	B9U2I6_Q75_lddt	1.011E+00	9.994E-01	9.994E-01	98.800	89	89	89
Q939H5_Q75_lddt	S4TWB0_Q75_lddt	1.011E+00	9.994E-01	9.994E-01	98.800	89	89	89
Q939H5_Q75_lddt	A0ZX80_Q75_lddt	1.011E+00	9.993E-01	9.993E-01	98.800	89	89	89
Q939H5_Q75_lddt	A0A2P9E069_Q75_lddt	1.011E+00	9.993E-01	9.993E-01	98.800	89	89	89
Q939H5_Q75_lddt	Q8VP57_Q75_lddt	1.011E+00	9.993E-01	9.993E-01	98.800	89	89	89
Q939H5_Q75_lddt	A0ZX91_Q75_lddt	1.011E+00	9.993E-01	9.993E-01	98.800	89	89	89
Q939H5_Q75_lddt	D5LGB4_Q75_lddt	1.011E+00	9.993E-01	9.993E-01	98.800	89	89	89
Q939H5_Q75_lddt	A3FFR2_Q75_lddt	1.011E+00	9.993E-01	9.993E-01	98.800	89	89	89
Q939H5_Q75_lddt	Q8VP67_Q75_lddt	1.011E+00	9.992E-01	9.992E-01	98.800	89	89	89
Q939H5_Q75_lddt	J7HZA4_Q75_lddt	1.011E+00	9.992E-01	9.992E-01	97.700	89	89	89
Q939H5_Q75_lddt	Q0PGR7_Q75_lddt	1.010E+00	9.991E-01	9.991E-01	97.700	89	89	89
Q939H5_Q75_lddt	Q8KRG7_Q75_lddt	1.010E+00	9.991E-01	9.991E-01	97.700	89	89	89
Q939H5_Q75_lddt	A0A097BQY7_Q75_lddt	1.010E+00	9.989E-01	9.989E-01	98.800	89	89	89
Q939H5_Q75_lddt	F8SQ10_Q75_lddt	1.010E+00	9.988E-01	9.988E-01	98.800	89	89	89
Q939H5_Q75_lddt	Q2MJC2_Q75_lddt	1.010E+00	9.987E-01	9.987E-01	98.800	89	89	89
Q939H5_Q75_lddt	Q939H3_Q75_lddt	1.010E+00	9.985E-01	9.985E-01	91.000	89	89	89
Q939H5_Q75_lddt	E5G517_Q75_lddt	1.005E+00	9.938E-01	9.938E-01	97.700	89	89	89
Q939H5_Q75_lddt	AF-A0A867XYA1-F1-model_v4_Q75_lddt	1.009E+00	9.860E-01	9.972E-01	87.600	89	89	88
Q939H5_Q75_lddt	AF-P18251-F1-model_v4_Q75_lddt	1.007E+00	9.844E-01	9.956E-01	94.300	89	89	88
Q939H5_Q75_lddt	A0A0P0IGT7_Q75_lddt	1.011E+00	9.766E-01	9.990E-01	91.900	89	87	87
Q939H5_Q75_lddt	Q6ZY74_Q75_lddt	1.011E+00	9.766E-01	9.990E-01	93.100	89	87	87
Q939H5_Q75_lddt	Q5I6D4_Q75_lddt	1.011E+00	9.766E-01	9.990E-01	94.200	89	87	87
Q939H5_Q75_lddt	B8YHZ8_Q75_lddt	1.011E+00	9.765E-01	9.990E-01	93.100	89	87	87
Q939H5_Q75_lddt	B5D620_Q75_lddt	1.011E+00	9.765E-01	9.990E-01	93.100	89	87	87
Q939H5_Q75_lddt	Q2YHX8_Q75_lddt	1.011E+00	9.765E-01	9.990E-01	94.200	89	87	87
Q939H5_Q75_lddt	Q2YHX6_Q75_lddt	1.011E+00	9.765E-01	9.990E-01	94.200	89	87	87
Q939H5_Q75_lddt	B5D612_Q75_lddt	1.011E+00	9.765E-01	9.989E-01	91.900	89	87	87
Q939H5_Q75_lddt	Q6R5M7_Q75_lddt	1.011E+00	9.765E-01	9.989E-01	93.100	89	87	87
Q939H5_Q75_lddt	E9NST5_Q75_lddt	1.010E+00	9.764E-01	9.989E-01	89.600	89	87	87
Q939H5_Q75_lddt	A0A455LP07_Q75_lddt	1.010E+00	9.764E-01	9.988E-01	91.900	89	87	87
Q939H5_Q75_lddt	A0A455LP02_Q75_lddt	1.010E+00	9.764E-01	9.988E-01	91.900	89	87	87
Q939H5_Q75_lddt	A0A455LP13_Q75_lddt	1.010E+00	9.764E-01	9.988E-01	91.900	89	87	87
Q939H5_Q75_lddt	Q2YHZ2_Q75_lddt	1.010E+00	9.764E-01	9.988E-01	93.100	89	87	87
Q939H5_Q75_lddt	R4ISB3_Q75_lddt	1.010E+00	9.763E-01	9.988E-01	91.900	89	87	87
Q939H5_Q75_lddt	Q2YHZ5_Q75_lddt	1.010E+00	9.763E-01	9.987E-01	93.100	89	87	87
Q939H5_Q75_lddt	Q5PU78_Q75_lddt	1.010E+00	9.763E-01	9.987E-01	93.100	89	87	87
Q939H5_Q75_lddt	Q6ZY77_Q75_lddt	1.010E+00	9.763E-01	9.987E-01	91.900	89	87	87
Q939H5_Q75_lddt	Q2YHZ0_Q75_lddt	1.010E+00	9.763E-01	9.987E-01	93.100	89	87	87
Q939H5_Q75_lddt	Q2YHZ3_Q75_lddt	1.010E+00	9.763E-01	9.987E-01	93.100	89	87	87
Q939H5_Q75_lddt	A0A455LS80_Q75_lddt	1.010E+00	9.761E-01	9.985E-01	93.100	89	87	87
Q939H5_Q75_lddt	Q6ZY58_Q75_lddt	1.010E+00	9.761E-01	9.985E-01	91.900	89	87	87
Q939H5_Q75_lddt	Q84H48_Q75_lddt	1.010E+00	9.760E-01	9.984E-01	90.800	89	87	87
Q939H5_Q75_lddt	Q8GHI3_Q75_lddt	1.010E+00	9.758E-01	9.981E-01	79.300	89	87	87
Q939H5_Q75_lddt	Q9R429_Q75_lddt	1.010E+00	9.757E-01	9.981E-01	80.400	89	87	87
Q939H5_Q75_lddt	Q2YHY7_Q75_lddt	1.010E+00	9.756E-01	9.980E-01	93.100	89	87	87
Q939H5_Q75_lddt	Q84H47_Q75_lddt	1.010E+00	9.756E-01	9.980E-01	90.800	89	87	87
Q939H5_Q75_lddt	Q8VQV7_Q75_lddt	1.009E+00	9.753E-01	9.977E-01	90.800	89	87	87
Q939H5_Q75_lddt	H9AXM1_Q75_lddt	1.009E+00	9.753E-01	9.977E-01	77.000	89	87	87
Q939H5_Q75_lddt	AF-Q6W7F0-F1-model_v4_Q75_lddt	1.009E+00	9.751E-01	9.974E-01	82.700	89	87	87
Q939H5_Q75_lddt	OKP-D-1_Q75_lddt	1.007E+00	9.735E-01	9.958E-01	90.800	89	87	87
Q939H5_Q75_lddt	OKP-C-1_Q75_lddt	1.010E+00	9.644E-01	9.980E-01	95.400	89	87	86
Q939H5_Q75_lddt	C0LSK3_Q75_lddt	1.009E+00	9.638E-01	9.973E-01	93.000	89	86	86
Q939H5_Q75_lddt	C8CE59_Q75_lddt	1.011E+00	9.542E-01	9.990E-01	96.500	89	87	85
Q939H5_Q75_lddt	C8CE60_Q75_lddt	1.011E+00	9.541E-01	9.990E-01	96.500	89	87	85
Q939H5_Q75_lddt	O33677_Q75_lddt	1.003E+00	9.586E-01	9.918E-01	78.100	89	87	86
Q939H5_Q75_lddt	B7FDD9_Q75_lddt	1.010E+00	9.190E-01	9.972E-01	93.100	89	87	82
Q939H5_Q75_lddt	P14171_Q75_lddt	9.910E-01	9.363E-01	9.796E-01	55.100	89	87	85
Q939H5_Q75_lddt	Q3SAW3_Q75_lddt	9.940E-01	9.281E-01	9.824E-01	55.100	89	87	84
Q939H5_Q75_lddt	C5HUY1_Q75_lddt	9.940E-01	9.281E-01	9.824E-01	48.200	89	87	84
Q939H5_Q75_lddt	A0A097ZLX5_Q75_lddt	9.940E-01	9.281E-01	9.824E-01	48.200	89	87	84
Q939H5_Q75_lddt	C6GC02_Q75_lddt	9.940E-01	9.281E-01	9.824E-01	47.100	89	87	84
Q939H5_Q75_lddt	AF-A0A1J0HSJ3-F1-model_v4_Q75_lddt	1.001E+00	9.117E-01	9.887E-01	52.800	89	87	82
Q939H5_Q75_lddt	GES-44_Q75_lddt	9.924E-01	9.267E-01	9.808E-01	48.200	89	87	84
Q939H5_Q75_lddt	GES-41_Q75_lddt	9.922E-01	9.265E-01	9.806E-01	48.200	89	87	84
Q939H5_Q75_lddt	AF-A0A3G1JAD7-F1-model_v4_Q75_lddt	1.000E+00	9.114E-01	9.883E-01	54.000	89	87	82
Q939H5_Q75_lddt	SGM-3_Q75_lddt	9.938E-01	9.279E-01	9.708E-01	52.800	89	87	85
Q939H5_Q75_lddt	SGM-2_Q75_lddt	9.935E-01	9.277E-01	9.706E-01	52.800	89	87	85
Q939H5_Q75_lddt	PER-16_Q75_lddt	9.855E-01	9.206E-01	9.741E-01	41.300	89	87	84
Q939H5_Q75_lddt	AF-E2D9D5-F1-model_v4_Q75_lddt	9.855E-01	9.206E-01	9.740E-01	31.000	89	87	84
Q939H5_Q75_lddt	AF-A0A886X7X6-F1-model_v6_Q75_lddt	9.879E-01	9.227E-01	9.652E-01	32.100	89	87	85
Q939H5_Q75_lddt	Q9AMJ7_Q75_lddt	9.876E-01	9.117E-01	9.760E-01	31.000	89	87	83
Q939H5_Q75_lddt	A1YTM5_Q75_lddt	9.871E-01	9.112E-01	9.755E-01	31.000	89	87	83
Q939H5_Q75_lddt	A0A1W5QH29_Q75_lddt	9.781E-01	9.248E-01	9.670E-01	36.700	89	87	85
Q939H5_Q75_lddt	RAA-1_Q75_lddt	9.864E-01	9.106E-01	9.748E-01	33.300	89	87	83
Q939H5_Q75_lddt	SGM-5_Q75_lddt	9.856E-01	9.207E-01	9.630E-01	49.400	89	87	85
Q939H5_Q75_lddt	A0A1W5QCF3_Q75_lddt	9.771E-01	9.239E-01	9.660E-01	36.700	89	87	85
Q939H5_Q75_lddt	A0A2Z2Z6H0_Q75_lddt	9.809E-01	9.166E-01	9.696E-01	47.100	89	87	84
Q939H5_Q75_lddt	D5HSX5_Q75_lddt	9.847E-01	9.091E-01	9.731E-01	41.300	89	87	83
Q939H5_Q75_lddt	AF-Q1NAL0-F1-model_v4_Q75_lddt	9.842E-01	9.195E-01	9.616E-01	52.800	89	87	85
Q939H5_Q75_lddt	A0A3Q8G682_Q75_lddt	9.686E-01	9.264E-01	9.577E-01	52.800	89	87	86
Q939H5_Q75_lddt	F8T7L4_Q75_lddt	9.836E-01	9.082E-01	9.721E-01	37.900	89	87	83
Q939H5_Q75_lddt	Q5XQD3_Q75_lddt	9.834E-01	9.080E-01	9.719E-01	37.900	89	87	83
Q939H5_Q75_lddt	P74842_Q75_lddt	9.830E-01	9.077E-01	9.715E-01	39.000	89	87	83
Q939H5_Q75_lddt	A0A1W5QG57_Q75_lddt	9.746E-01	9.217E-01	9.636E-01	36.700	89	87	85
Q939H5_Q75_lddt	Q8VT49_Q75_lddt	9.826E-01	9.074E-01	9.711E-01	31.000	89	87	83
Q939H5_Q75_lddt	Q5W3A6_Q75_lddt	9.783E-01	9.143E-01	9.670E-01	34.400	89	87	84
Q939H5_Q75_lddt	Q9XBM2_Q75_lddt	9.671E-01	9.250E-01	9.562E-01	42.500	89	87	86
Q939H5_Q75_lddt	AF-A0A0D0F642-F1-model_v4_Q75_lddt	9.818E-01	9.067E-01	9.703E-01	32.100	89	87	83
Q939H5_Q75_lddt	AF-E4WMC5-F1-model_v6_Q75_lddt	9.783E-01	9.036E-01	9.669E-01	34.400	89	87	83
Q939H5_Q75_lddt	G9MB50_Q75_lddt	9.787E-01	9.040E-01	9.673E-01	31.000	89	87	83
Q939H5_Q75_lddt	G9M9P7_Q75_lddt	9.781E-01	9.035E-01	9.667E-01	29.800	89	87	83
Q939H5_Q75_lddt	G9MB49_Q75_lddt	9.779E-01	9.033E-01	9.665E-01	31.000	89	87	83
Q939H5_Q75_lddt	A0A0E0SR47_Q75_lddt	9.691E-01	9.167E-01	9.581E-01	40.200	89	87	85
Q939H5_Q75_lddt	AF-J9QX37-F1-model_v4_Q75_lddt	9.835E-01	8.866E-01	9.717E-01	28.700	89	87	81
Q939H5_Q75_lddt	AF-A0A8E9ZWD0-F1-model_v6_Q75_lddt	9.750E-01	9.115E-01	9.529E-01	29.800	89	87	85
Q939H5_Q75_lddt	Q9X6W1_Q75_lddt	9.714E-01	8.974E-01	9.601E-01	32.100	89	87	83
Q939H5_Q75_lddt	AF-F4NA56-F1-model_v4_Q75_lddt	9.643E-01	9.124E-01	9.535E-01	37.900	89	87	85
Q939H5_Q75_lddt	Q9RAZ9_Q75_lddt	9.769E-01	8.919E-01	9.654E-01	31.000	89	87	82
Q939H5_Q75_lddt	B5L5W7_Q75_lddt	9.682E-01	9.157E-01	9.360E-01	37.900	89	87	87
Q939H5_Q75_lddt	A0A0B6VPP7_Q75_lddt	9.680E-01	8.946E-01	9.568E-01	31.000	89	87	83
Q939H5_Q75_lddt	AF-A0A127SQY3-F1-model_v6_Q75_lddt	9.557E-01	8.839E-01	9.447E-01	25.200	89	87	83
Q939H5_Q75_lddt	C8C0I2_Q75_lddt	9.474E-01	8.765E-01	9.366E-01	32.100	89	87	83
Q939H5_Q75_lddt	Q57509_Q75_lddt	9.500E-01	8.783E-01	9.283E-01	28.400	89	88	84
Q939H5_Q75_lddt	C8C0D8_Q75_lddt	9.180E-01	8.790E-01	9.079E-01	25.800	89	89	86
Q939H5_Q75_lddt	Q9X4S7_Q75_lddt	9.162E-01	8.774E-01	9.062E-01	28.000	89	89	86
Q9XBM2_Q75_lddt	Q9XBM2_Q75_lddt	1.012E+00	1.000E+00	1.000E+00	100.000	86	86	86
Q9XBM2_Q75_lddt	A0A3Q8G682_Q75_lddt	9.874E-01	9.762E-01	9.762E-01	53.400	86	86	86
Q9XBM2_Q75_lddt	A0A0E0SR47_Q75_lddt	9.839E-01	9.616E-01	9.727E-01	53.400	86	86	85
Q9XBM2_Q75_lddt	AF-F4NA56-F1-model_v4_Q75_lddt	9.768E-01	9.548E-01	9.657E-01	48.800	86	86	85
Q9XBM2_Q75_lddt	A0A1W5QH29_Q75_lddt	9.750E-01	9.531E-01	9.639E-01	50.000	86	86	85
Q9XBM2_Q75_lddt	A0A1W5QCF3_Q75_lddt	9.743E-01	9.525E-01	9.633E-01	50.000	86	86	85
Q9XBM2_Q75_lddt	Q9R429_Q75_lddt	9.680E-01	9.571E-01	9.464E-01	48.200	86	87	87
Q9XBM2_Q75_lddt	Q84H48_Q75_lddt	9.680E-01	9.571E-01	9.465E-01	41.300	86	87	87
Q9XBM2_Q75_lddt	A0A0P0IGT7_Q75_lddt	9.678E-01	9.569E-01	9.463E-01	41.300	86	87	87
Q9XBM2_Q75_lddt	H9AXM1_Q75_lddt	9.675E-01	9.566E-01	9.460E-01	44.800	86	87	87
Q9XBM2_Q75_lddt	Q8GHI3_Q75_lddt	9.675E-01	9.567E-01	9.460E-01	47.100	86	87	87
Q9XBM2_Q75_lddt	B5D612_Q75_lddt	9.675E-01	9.566E-01	9.460E-01	41.300	86	87	87
Q9XBM2_Q75_lddt	Q2YHX6_Q75_lddt	9.674E-01	9.565E-01	9.459E-01	41.300	86	87	87
Q9XBM2_Q75_lddt	AF-Q6W7F0-F1-model_v4_Q75_lddt	9.673E-01	9.565E-01	9.458E-01	42.500	86	87	87
Q9XBM2_Q75_lddt	B8YHZ8_Q75_lddt	9.673E-01	9.564E-01	9.458E-01	41.300	86	87	87
Q9XBM2_Q75_lddt	A0A455LP13_Q75_lddt	9.672E-01	9.563E-01	9.457E-01	41.300	86	87	87
Q9XBM2_Q75_lddt	A0A1W5QG57_Q75_lddt	9.706E-01	9.489E-01	9.596E-01	48.800	86	86	85
Q9XBM2_Q75_lddt	A0A455LP07_Q75_lddt	9.671E-01	9.562E-01	9.456E-01	41.300	86	87	87
Q9XBM2_Q75_lddt	E9NST5_Q75_lddt	9.672E-01	9.563E-01	9.457E-01	40.200	86	87	87
Q9XBM2_Q75_lddt	R4ISB3_Q75_lddt	9.671E-01	9.562E-01	9.456E-01	41.300	86	87	87
Q9XBM2_Q75_lddt	A0A455LP02_Q75_lddt	9.671E-01	9.562E-01	9.456E-01	41.300	86	87	87
Q9XBM2_Q75_lddt	B5D620_Q75_lddt	9.669E-01	9.561E-01	9.455E-01	41.300	86	87	87
Q9XBM2_Q75_lddt	Q5I6D4_Q75_lddt	9.668E-01	9.559E-01	9.453E-01	41.300	86	87	87
Q9XBM2_Q75_lddt	Q2YHX8_Q75_lddt	9.665E-01	9.557E-01	9.451E-01	41.300	86	87	87
Q9XBM2_Q75_lddt	Q8VQV7_Q75_lddt	9.663E-01	9.554E-01	9.448E-01	41.300	86	87	87
Q9XBM2_Q75_lddt	Q84H47_Q75_lddt	9.663E-01	9.554E-01	9.448E-01	41.300	86	87	87
Q9XBM2_Q75_lddt	Q5PU78_Q75_lddt	9.659E-01	9.550E-01	9.444E-01	42.500	86	87	87
Q9XBM2_Q75_lddt	A0A455LS80_Q75_lddt	9.658E-01	9.550E-01	9.444E-01	41.300	86	87	87
Q9XBM2_Q75_lddt	OKP-D-1_Q75_lddt	9.654E-01	9.546E-01	9.440E-01	41.300	86	87	87
Q9XBM2_Q75_lddt	Q2YHZ2_Q75_lddt	9.654E-01	9.545E-01	9.440E-01	41.300	86	87	87
Q9XBM2_Q75_lddt	Q6ZY74_Q75_lddt	9.653E-01	9.545E-01	9.439E-01	41.300	86	87	87
Q9XBM2_Q75_lddt	Q6R5M7_Q75_lddt	9.652E-01	9.544E-01	9.438E-01	42.500	86	87	87
Q9XBM2_Q75_lddt	Q6ZY77_Q75_lddt	9.652E-01	9.544E-01	9.438E-01	40.200	86	87	87
Q9XBM2_Q75_lddt	Q2YHY7_Q75_lddt	9.650E-01	9.542E-01	9.436E-01	41.300	86	87	87
Q9XBM2_Q75_lddt	Q2YHZ5_Q75_lddt	9.650E-01	9.541E-01	9.436E-01	41.300	86	87	87
Q9XBM2_Q75_lddt	Q2YHZ3_Q75_lddt	9.648E-01	9.540E-01	9.434E-01	41.300	86	87	87
Q9XBM2_Q75_lddt	Q2YHZ0_Q75_lddt	9.646E-01	9.538E-01	9.432E-01	41.300	86	87	87
Q9XBM2_Q75_lddt	Q6ZY58_Q75_lddt	9.635E-01	9.527E-01	9.422E-01	41.300	86	87	87
Q9XBM2_Q75_lddt	OKP-C-1_Q75_lddt	9.562E-01	9.455E-01	9.455E-01	41.300	86	87	86
Q9XBM2_Q75_lddt	O33677_Q75_lddt	9.558E-01	9.451E-01	9.451E-01	47.100	86	87	86
Q9XBM2_Q75_lddt	C0LSK3_Q75_lddt	9.654E-01	9.438E-01	9.438E-01	40.600	86	86	86
Q9XBM2_Q75_lddt	Q8VP57_Q75_lddt	9.686E-01	9.577E-01	9.264E-01	42.500	86	87	89
Q9XBM2_Q75_lddt	F8SQ10_Q75_lddt	9.684E-01	9.575E-01	9.262E-01	42.500	86	87	89
Q9XBM2_Q75_lddt	B9U2I6_Q75_lddt	9.682E-01	9.573E-01	9.260E-01	42.500	86	87	89
Q9XBM2_Q75_lddt	A0ZX91_Q75_lddt	9.682E-01	9.573E-01	9.260E-01	42.500	86	87	89
Q9XBM2_Q75_lddt	S4TWB0_Q75_lddt	9.682E-01	9.573E-01	9.260E-01	42.500	86	87	89
Q9XBM2_Q75_lddt	A0A2P9E069_Q75_lddt	9.681E-01	9.572E-01	9.260E-01	42.500	86	87	89
Q9XBM2_Q75_lddt	D5LGB4_Q75_lddt	9.681E-01	9.572E-01	9.260E-01	42.500	86	87	89
Q9XBM2_Q75_lddt	A3FFR2_Q75_lddt	9.681E-01	9.572E-01	9.259E-01	42.500	86	87	89
Q9XBM2_Q75_lddt	E5Q900_Q75_lddt	9.680E-01	9.571E-01	9.258E-01	42.500	86	87	89
Q9XBM2_Q75_lddt	A0ZX80_Q75_lddt	9.679E-01	9.570E-01	9.258E-01	42.500	86	87	89
Q9XBM2_Q75_lddt	Q0PGR7_Q75_lddt	9.678E-01	9.569E-01	9.257E-01	42.500	86	87	89
Q9XBM2_Q75_lddt	Q939H3_Q75_lddt	9.674E-01	9.565E-01	9.253E-01	41.300	86	87	89
Q9XBM2_Q75_lddt	H2ERK9_Q75_lddt	9.672E-01	9.563E-01	9.251E-01	42.500	86	87	89
Q9XBM2_Q75_lddt	Q939H5_Q75_lddt	9.671E-01	9.562E-01	9.250E-01	42.500	86	87	89
Q9XBM2_Q75_lddt	B0FP98_Q75_lddt	9.668E-01	9.560E-01	9.248E-01	41.300	86	87	89
Q9XBM2_Q75_lddt	Q2MJC2_Q75_lddt	9.662E-01	9.554E-01	9.242E-01	42.500	86	87	89
Q9XBM2_Q75_lddt	A0A097BQY7_Q75_lddt	9.656E-01	9.547E-01	9.236E-01	42.500	86	87	89
Q9XBM2_Q75_lddt	Q8KRG7_Q75_lddt	9.653E-01	9.545E-01	9.234E-01	42.500	86	87	89
Q9XBM2_Q75_lddt	Q8VP67_Q75_lddt	9.652E-01	9.544E-01	9.233E-01	42.500	86	87	89
Q9XBM2_Q75_lddt	J7HZA4_Q75_lddt	9.651E-01	9.542E-01	9.232E-01	41.300	86	87	89
Q9XBM2_Q75_lddt	C8CE59_Q75_lddt	9.538E-01	9.324E-01	9.430E-01	41.300	86	87	85
Q9XBM2_Q75_lddt	C8CE60_Q75_lddt	9.528E-01	9.314E-01	9.420E-01	41.300	86	87	85
Q9XBM2_Q75_lddt	E5G517_Q75_lddt	9.622E-01	9.514E-01	9.205E-01	41.300	86	87	89
Q9XBM2_Q75_lddt	AF-A0A867XYA1-F1-model_v4_Q75_lddt	9.549E-01	9.442E-01	9.235E-01	36.700	86	87	88
Q9XBM2_Q75_lddt	AF-P18251-F1-model_v4_Q75_lddt	9.545E-01	9.438E-01	9.231E-01	40.200	86	87	88
Q9XBM2_Q75_lddt	Q3SAW3_Q75_lddt	9.545E-01	9.224E-01	9.436E-01	41.300	86	87	84
Q9XBM2_Q75_lddt	PER-16_Q75_lddt	9.537E-01	9.216E-01	9.428E-01	28.700	86	87	84
Q9XBM2_Q75_lddt	AF-A0A8E9ZWD0-F1-model_v6_Q75_lddt	9.575E-01	9.252E-01	9.357E-01	29.800	86	87	85
Q9XBM2_Q75_lddt	P14171_Q75_lddt	9.488E-01	9.276E-01	9.381E-01	39.000	86	87	85
Q9XBM2_Q75_lddt	AF-E2D9D5-F1-model_v4_Q75_lddt	9.528E-01	9.208E-01	9.419E-01	25.200	86	87	84
Q9XBM2_Q75_lddt	Q5W3A6_Q75_lddt	9.521E-01	9.201E-01	9.412E-01	28.700	86	87	84
Q9XBM2_Q75_lddt	Q9X6W1_Q75_lddt	9.552E-01	9.123E-01	9.441E-01	25.200	86	87	83
Q9XBM2_Q75_lddt	AF-E4WMC5-F1-model_v6_Q75_lddt	9.547E-01	9.118E-01	9.436E-01	29.800	86	87	83
Q9XBM2_Q75_lddt	D5HSX5_Q75_lddt	9.541E-01	9.113E-01	9.430E-01	31.000	86	87	83
Q9XBM2_Q75_lddt	F8T7L4_Q75_lddt	9.541E-01	9.113E-01	9.431E-01	29.800	86	87	83
Q9XBM2_Q75_lddt	Q5XQD3_Q75_lddt	9.540E-01	9.112E-01	9.429E-01	29.800	86	87	83
Q9XBM2_Q75_lddt	AF-A0A886X7X6-F1-model_v6_Q75_lddt	9.532E-01	9.212E-01	9.316E-01	25.200	86	87	85
Q9XBM2_Q75_lddt	P74842_Q75_lddt	9.533E-01	9.105E-01	9.422E-01	27.500	86	87	83
Q9XBM2_Q75_lddt	A0A0B6VPP7_Q75_lddt	9.533E-01	9.106E-01	9.423E-01	24.100	86	87	83
Q9XBM2_Q75_lddt	AF-A0A0D0F642-F1-model_v4_Q75_lddt	9.524E-01	9.097E-01	9.414E-01	28.700	86	87	83
Q9XBM2_Q75_lddt	Q9AMJ7_Q75_lddt	9.521E-01	9.095E-01	9.411E-01	24.100	86	87	83
Q9XBM2_Q75_lddt	A1YTM5_Q75_lddt	9.519E-01	9.093E-01	9.409E-01	24.100	86	87	83
Q9XBM2_Q75_lddt	GES-44_Q75_lddt	9.478E-01	9.161E-01	9.370E-01	36.700	86	87	84
Q9XBM2_Q75_lddt	SGM-2_Q75_lddt	9.511E-01	9.192E-01	9.296E-01	39.000	86	87	85
Q9XBM2_Q75_lddt	SGM-3_Q75_lddt	9.505E-01	9.186E-01	9.290E-01	39.000	86	87	85
Q9XBM2_Q75_lddt	A0A2Z2Z6H0_Q75_lddt	9.456E-01	9.140E-01	9.349E-01	47.100	86	87	84
Q9XBM2_Q75_lddt	RAA-1_Q75_lddt	9.497E-01	9.072E-01	9.387E-01	26.400	86	87	83
Q9XBM2_Q75_lddt	GES-41_Q75_lddt	9.457E-01	9.141E-01	9.350E-01	36.700	86	87	84
Q9XBM2_Q75_lddt	Q8VT49_Q75_lddt	9.493E-01	9.069E-01	9.383E-01	26.400	86	87	83
Q9XBM2_Q75_lddt	B7FDD9_Q75_lddt	9.526E-01	8.991E-01	9.414E-01	37.900	86	87	82
Q9XBM2_Q75_lddt	AF-Q1NAL0-F1-model_v4_Q75_lddt	9.486E-01	9.168E-01	9.272E-01	42.500	86	87	85
Q9XBM2_Q75_lddt	AF-A0A1J0HSJ3-F1-model_v4_Q75_lddt	9.518E-01	8.984E-01	9.406E-01	40.200	86	87	82
Q9XBM2_Q75_lddt	AF-A0A3G1JAD7-F1-model_v4_Q75_lddt	9.511E-01	8.978E-01	9.399E-01	37.900	86	87	82
Q9XBM2_Q75_lddt	AF-A0A127SQY3-F1-model_v6_Q75_lddt	9.471E-01	9.049E-01	9.362E-01	24.100	86	87	83
Q9XBM2_Q75_lddt	C5HUY1_Q75_lddt	9.430E-01	9.116E-01	9.323E-01	36.700	86	87	84
Q9XBM2_Q75_lddt	A0A097ZLX5_Q75_lddt	9.429E-01	9.115E-01	9.322E-01	36.700	86	87	84
Q9XBM2_Q75_lddt	C6GC02_Q75_lddt	9.426E-01	9.113E-01	9.319E-01	35.600	86	87	84
Q9XBM2_Q75_lddt	SGM-5_Q75_lddt	9.458E-01	9.142E-01	9.245E-01	41.300	86	87	85
Q9XBM2_Q75_lddt	Q9RAZ9_Q75_lddt	9.469E-01	8.941E-01	9.358E-01	25.200	86	87	82
Q9XBM2_Q75_lddt	G9MB50_Q75_lddt	9.414E-01	8.997E-01	9.306E-01	22.900	86	87	83
Q9XBM2_Q75_lddt	G9MB49_Q75_lddt	9.404E-01	8.987E-01	9.296E-01	22.900	86	87	83
Q9XBM2_Q75_lddt	G9M9P7_Q75_lddt	9.403E-01	8.986E-01	9.295E-01	22.900	86	87	83
Q9XBM2_Q75_lddt	C8C0I2_Q75_lddt	9.378E-01	8.962E-01	9.271E-01	32.100	86	87	83
Q9XBM2_Q75_lddt	Q57509_Q75_lddt	9.336E-01	8.920E-01	9.123E-01	22.700	86	88	84
Q9XBM2_Q75_lddt	AF-J9QX37-F1-model_v4_Q75_lddt	9.402E-01	8.776E-01	9.291E-01	21.800	86	87	81
Q9XBM2_Q75_lddt	B5L5W7_Q75_lddt	9.219E-01	9.018E-01	8.920E-01	29.800	86	87	87
Q9XBM2_Q75_lddt	Q9X4S7_Q75_lddt	9.042E-01	8.943E-01	8.943E-01	23.500	86	89	86
Q9XBM2_Q75_lddt	C8C0D8_Q75_lddt	9.040E-01	8.941E-01	8.941E-01	21.300	86	89	86
SGM-3_Q75_lddt	SGM-3_Q75_lddt	1.012E+00	1.000E+00	1.000E+00	100.000	85	85	85
SGM-3_Q75_lddt	SGM-2_Q75_lddt	1.012E+00	9.881E-01	9.881E-01	100.000	85	84	85
SGM-3_Q75_lddt	SGM-5_Q75_lddt	1.008E+00	9.846E-01	9.846E-01	88.000	85	84	85
SGM-3_Q75_lddt	AF-Q1NAL0-F1-model_v4_Q75_lddt	1.007E+00	9.831E-01	9.831E-01	86.900	85	84	85
SGM-3_Q75_lddt	GES-41_Q75_lddt	9.976E-01	9.744E-01	9.858E-01	54.700	85	84	84
SGM-3_Q75_lddt	A0A097ZLX5_Q75_lddt	9.975E-01	9.744E-01	9.858E-01	54.700	85	84	84
SGM-3_Q75_lddt	C5HUY1_Q75_lddt	9.975E-01	9.743E-01	9.858E-01	54.700	85	84	84
SGM-3_Q75_lddt	C6GC02_Q75_lddt	9.973E-01	9.741E-01	9.856E-01	53.500	85	84	84
SGM-3_Q75_lddt	GES-44_Q75_lddt	9.972E-01	9.741E-01	9.855E-01	54.700	85	84	84
SGM-3_Q75_lddt	AF-A0A1J0HSJ3-F1-model_v4_Q75_lddt	1.005E+00	9.578E-01	9.926E-01	54.700	85	84	82
SGM-3_Q75_lddt	Q3SAW3_Q75_lddt	9.962E-01	9.731E-01	9.845E-01	59.500	85	84	84
SGM-3_Q75_lddt	AF-A0A3G1JAD7-F1-model_v4_Q75_lddt	1.004E+00	9.569E-01	9.916E-01	57.100	85	84	82
SGM-3_Q75_lddt	B7FDD9_Q75_lddt	9.988E-01	9.524E-01	9.868E-01	54.700	85	84	82
SGM-3_Q75_lddt	OKP-C-1_Q75_lddt	9.971E-01	9.739E-01	9.628E-01	53.400	85	86	86
SGM-3_Q75_lddt	PER-16_Q75_lddt	9.880E-01	9.653E-01	9.766E-01	45.200	85	84	84
SGM-3_Q75_lddt	A0A2Z2Z6H0_Q75_lddt	9.861E-01	9.635E-01	9.747E-01	57.100	85	84	84
SGM-3_Q75_lddt	Q2YHY7_Q75_lddt	9.963E-01	9.732E-01	9.511E-01	50.500	85	87	87
SGM-3_Q75_lddt	AF-Q6W7F0-F1-model_v4_Q75_lddt	9.963E-01	9.732E-01	9.511E-01	49.400	85	87	87
SGM-3_Q75_lddt	Q8VQV7_Q75_lddt	9.963E-01	9.732E-01	9.511E-01	51.700	85	87	87
SGM-3_Q75_lddt	AF-P18251-F1-model_v4_Q75_lddt	9.998E-01	9.765E-01	9.436E-01	52.300	85	86	88
SGM-3_Q75_lddt	Q84H47_Q75_lddt	9.959E-01	9.728E-01	9.508E-01	51.700	85	87	87
SGM-3_Q75_lddt	OKP-D-1_Q75_lddt	9.956E-01	9.726E-01	9.505E-01	50.500	85	87	87
SGM-3_Q75_lddt	D5HSX5_Q75_lddt	9.879E-01	9.538E-01	9.763E-01	45.200	85	84	83
SGM-3_Q75_lddt	Q84H48_Q75_lddt	9.951E-01	9.721E-01	9.501E-01	51.700	85	87	87
SGM-3_Q75_lddt	Q6ZY77_Q75_lddt	9.950E-01	9.720E-01	9.500E-01	50.500	85	87	87
SGM-3_Q75_lddt	Q2YHZ5_Q75_lddt	9.948E-01	9.718E-01	9.498E-01	50.500	85	87	87
SGM-3_Q75_lddt	B8YHZ8_Q75_lddt	9.948E-01	9.717E-01	9.498E-01	50.500	85	87	87
SGM-3_Q75_lddt	Q2YHZ3_Q75_lddt	9.948E-01	9.717E-01	9.498E-01	50.500	85	87	87
SGM-3_Q75_lddt	F8T7L4_Q75_lddt	9.871E-01	9.530E-01	9.755E-01	45.200	85	84	83
SGM-3_Q75_lddt	Q2YHZ0_Q75_lddt	9.947E-01	9.717E-01	9.497E-01	50.500	85	87	87
SGM-3_Q75_lddt	Q5XQD3_Q75_lddt	9.870E-01	9.530E-01	9.754E-01	45.200	85	84	83
SGM-3_Q75_lddt	B5D620_Q75_lddt	9.946E-01	9.716E-01	9.496E-01	50.500	85	87	87
SGM-3_Q75_lddt	P74842_Q75_lddt	9.869E-01	9.529E-01	9.753E-01	44.000	85	84	83
SGM-3_Q75_lddt	Q9R429_Q75_lddt	9.945E-01	9.715E-01	9.495E-01	48.200	85	87	87
SGM-3_Q75_lddt	Q2YHZ2_Q75_lddt	9.945E-01	9.715E-01	9.495E-01	50.500	85	87	87
SGM-3_Q75_lddt	Q5I6D4_Q75_lddt	9.945E-01	9.715E-01	9.495E-01	50.500	85	87	87
SGM-3_Q75_lddt	A0A455LS80_Q75_lddt	9.945E-01	9.715E-01	9.495E-01	51.700	85	87	87
SGM-3_Q75_lddt	Q2YHX8_Q75_lddt	9.945E-01	9.715E-01	9.495E-01	50.500	85	87	87
SGM-3_Q75_lddt	H9AXM1_Q75_lddt	9.944E-01	9.714E-01	9.494E-01	47.100	85	87	87
SGM-3_Q75_lddt	Q8GHI3_Q75_lddt	9.944E-01	9.713E-01	9.494E-01	48.200	85	87	87
SGM-3_Q75_lddt	A0A0P0IGT7_Q75_lddt	9.943E-01	9.713E-01	9.494E-01	51.700	85	87	87
SGM-3_Q75_lddt	B5D612_Q75_lddt	9.943E-01	9.713E-01	9.493E-01	51.700	85	87	87
SGM-3_Q75_lddt	E9NST5_Q75_lddt	9.942E-01	9.712E-01	9.493E-01	51.700	85	87	87
SGM-3_Q75_lddt	Q6ZY74_Q75_lddt	9.942E-01	9.712E-01	9.492E-01	50.500	85	87	87
SGM-3_Q75_lddt	A0A455LP07_Q75_lddt	9.941E-01	9.711E-01	9.492E-01	51.700	85	87	87
SGM-3_Q75_lddt	A0A455LP02_Q75_lddt	9.941E-01	9.711E-01	9.491E-01	51.700	85	87	87
SGM-3_Q75_lddt	Q2YHX6_Q75_lddt	9.940E-01	9.710E-01	9.490E-01	50.500	85	87	87
SGM-3_Q75_lddt	A0A455LP13_Q75_lddt	9.939E-01	9.709E-01	9.490E-01	51.700	85	87	87
SGM-3_Q75_lddt	Q5PU78_Q75_lddt	9.938E-01	9.709E-01	9.489E-01	49.400	85	87	87
SGM-3_Q75_lddt	R4ISB3_Q75_lddt	9.938E-01	9.709E-01	9.489E-01	51.700	85	87	87
SGM-3_Q75_lddt	Q6R5M7_Q75_lddt	9.935E-01	9.705E-01	9.486E-01	49.400	85	87	87
SGM-3_Q75_lddt	Q6ZY58_Q75_lddt	9.933E-01	9.703E-01	9.484E-01	50.500	85	87	87
SGM-3_Q75_lddt	C8CE59_Q75_lddt	9.819E-01	9.592E-01	9.592E-01	54.600	85	86	85
SGM-3_Q75_lddt	Q9AMJ7_Q75_lddt	9.859E-01	9.519E-01	9.743E-01	36.900	85	84	83
SGM-3_Q75_lddt	A1YTM5_Q75_lddt	9.852E-01	9.513E-01	9.736E-01	36.900	85	84	83
SGM-3_Q75_lddt	C0LSK3_Q75_lddt	9.967E-01	9.621E-01	9.511E-01	50.000	85	86	86
SGM-3_Q75_lddt	C8CE60_Q75_lddt	9.809E-01	9.583E-01	9.583E-01	54.600	85	86	85
SGM-3_Q75_lddt	AF-A0A886X7X6-F1-model_v6_Q75_lddt	9.847E-01	9.621E-01	9.621E-01	39.200	85	84	85
SGM-3_Q75_lddt	AF-E2D9D5-F1-model_v4_Q75_lddt	9.800E-01	9.576E-01	9.687E-01	35.700	85	84	84
SGM-3_Q75_lddt	AF-A0A867XYA1-F1-model_v4_Q75_lddt	9.946E-01	9.716E-01	9.390E-01	47.600	85	86	88
SGM-3_Q75_lddt	P14171_Q75_lddt	9.820E-01	9.595E-01	9.595E-01	48.200	85	85	85
SGM-3_Q75_lddt	A3FFR2_Q75_lddt	9.950E-01	9.720E-01	9.290E-01	54.000	85	87	89
SGM-3_Q75_lddt	E5G517_Q75_lddt	9.944E-01	9.714E-01	9.284E-01	54.000	85	87	89
SGM-3_Q75_lddt	D5LGB4_Q75_lddt	9.943E-01	9.713E-01	9.283E-01	54.000	85	87	89
SGM-3_Q75_lddt	A0ZX80_Q75_lddt	9.943E-01	9.713E-01	9.283E-01	54.000	85	87	89
SGM-3_Q75_lddt	A0ZX91_Q75_lddt	9.942E-01	9.712E-01	9.283E-01	54.000	85	87	89
SGM-3_Q75_lddt	B9U2I6_Q75_lddt	9.942E-01	9.712E-01	9.282E-01	54.000	85	87	89
SGM-3_Q75_lddt	Q2MJC2_Q75_lddt	9.941E-01	9.711E-01	9.282E-01	54.000	85	87	89
SGM-3_Q75_lddt	Q939H3_Q75_lddt	9.941E-01	9.711E-01	9.282E-01	51.700	85	87	89
SGM-3_Q75_lddt	S4TWB0_Q75_lddt	9.941E-01	9.711E-01	9.282E-01	54.000	85	87	89
SGM-3_Q75_lddt	A0A2P9E069_Q75_lddt	9.941E-01	9.711E-01	9.282E-01	54.000	85	87	89
SGM-3_Q75_lddt	F8SQ10_Q75_lddt	9.940E-01	9.710E-01	9.281E-01	54.000	85	87	89
SGM-3_Q75_lddt	E5Q900_Q75_lddt	9.940E-01	9.710E-01	9.281E-01	54.000	85	87	89
SGM-3_Q75_lddt	A0A097BQY7_Q75_lddt	9.940E-01	9.710E-01	9.281E-01	54.000	85	87	89
SGM-3_Q75_lddt	Q8VP57_Q75_lddt	9.938E-01	9.708E-01	9.279E-01	54.000	85	87	89
SGM-3_Q75_lddt	Q939H5_Q75_lddt	9.938E-01	9.708E-01	9.279E-01	52.800	85	87	89
SGM-3_Q75_lddt	AF-A0A0D0F642-F1-model_v4_Q75_lddt	9.785E-01	9.450E-01	9.671E-01	38.000	85	84	83
SGM-3_Q75_lddt	Q0PGR7_Q75_lddt	9.934E-01	9.705E-01	9.276E-01	54.000	85	87	89
SGM-3_Q75_lddt	Q8KRG7_Q75_lddt	9.932E-01	9.702E-01	9.273E-01	55.100	85	87	89
SGM-3_Q75_lddt	Q8VP67_Q75_lddt	9.930E-01	9.701E-01	9.272E-01	54.000	85	87	89
SGM-3_Q75_lddt	H2ERK9_Q75_lddt	9.930E-01	9.701E-01	9.272E-01	54.000	85	87	89
SGM-3_Q75_lddt	B0FP98_Q75_lddt	9.928E-01	9.699E-01	9.270E-01	54.000	85	87	89
SGM-3_Q75_lddt	AF-E4WMC5-F1-model_v6_Q75_lddt	9.778E-01	9.444E-01	9.664E-01	38.000	85	84	83
SGM-3_Q75_lddt	J7HZA4_Q75_lddt	9.926E-01	9.697E-01	9.269E-01	52.800	85	87	89
SGM-3_Q75_lddt	O33677_Q75_lddt	9.767E-01	9.542E-01	9.434E-01	47.100	85	87	86
SGM-3_Q75_lddt	Q8VT49_Q75_lddt	9.760E-01	9.427E-01	9.646E-01	33.300	85	84	83
SGM-3_Q75_lddt	RAA-1_Q75_lddt	9.757E-01	9.425E-01	9.644E-01	38.000	85	84	83
SGM-3_Q75_lddt	AF-A0A8E9ZWD0-F1-model_v6_Q75_lddt	9.750E-01	9.528E-01	9.528E-01	39.200	85	84	85
SGM-3_Q75_lddt	Q5W3A6_Q75_lddt	9.708E-01	9.488E-01	9.596E-01	29.700	85	84	84
SGM-3_Q75_lddt	Q9X6W1_Q75_lddt	9.704E-01	9.373E-01	9.591E-01	36.900	85	84	83
SGM-3_Q75_lddt	G9MB50_Q75_lddt	9.717E-01	9.387E-01	9.604E-01	41.600	85	84	83
SGM-3_Q75_lddt	G9MB49_Q75_lddt	9.707E-01	9.377E-01	9.595E-01	40.400	85	84	83
SGM-3_Q75_lddt	G9M9P7_Q75_lddt	9.706E-01	9.377E-01	9.594E-01	39.200	85	84	83
SGM-3_Q75_lddt	B5L5W7_Q75_lddt	9.765E-01	9.542E-01	9.328E-01	35.200	85	85	87
SGM-3_Q75_lddt	AF-J9QX37-F1-model_v4_Q75_lddt	9.779E-01	9.222E-01	9.662E-01	29.700	85	84	81
SGM-3_Q75_lddt	Q9RAZ9_Q75_lddt	9.729E-01	9.288E-01	9.615E-01	30.900	85	84	82
SGM-3_Q75_lddt	A0A0B6VPP7_Q75_lddt	9.664E-01	9.335E-01	9.552E-01	35.700	85	84	83
SGM-3_Q75_lddt	A0A1W5QH29_Q75_lddt	9.601E-01	9.381E-01	9.381E-01	36.700	85	87	85
SGM-3_Q75_lddt	A0A1W5QCF3_Q75_lddt	9.593E-01	9.373E-01	9.373E-01	36.700	85	87	85
SGM-3_Q75_lddt	A0A1W5QG57_Q75_lddt	9.591E-01	9.372E-01	9.372E-01	36.700	85	87	85
SGM-3_Q75_lddt	A0A3Q8G682_Q75_lddt	9.608E-01	9.388E-01	9.282E-01	48.200	85	87	86
SGM-3_Q75_lddt	AF-A0A127SQY3-F1-model_v6_Q75_lddt	9.535E-01	9.214E-01	9.426E-01	27.300	85	84	83
SGM-3_Q75_lddt	A0A0E0SR47_Q75_lddt	9.471E-01	9.257E-01	9.257E-01	34.400	85	87	85
SGM-3_Q75_lddt	Q9XBM2_Q75_lddt	9.505E-01	9.290E-01	9.186E-01	39.000	85	87	86
SGM-3_Q75_lddt	AF-F4NA56-F1-model_v4_Q75_lddt	9.454E-01	9.240E-01	9.240E-01	32.100	85	87	85
SGM-3_Q75_lddt	Q57509_Q75_lddt	9.452E-01	9.134E-01	9.238E-01	32.900	85	85	84
SGM-3_Q75_lddt	C8C0I2_Q75_lddt	9.369E-01	9.055E-01	9.262E-01	35.200	85	85	83
SGM-3_Q75_lddt	C8C0D8_Q75_lddt	9.273E-01	9.066E-01	8.966E-01	27.200	85	88	86
SGM-3_Q75_lddt	Q9X4S7_Q75_lddt	9.223E-01	9.018E-01	8.919E-01	28.400	85	88	86
A0A2Z2Z6H0_Q75_lddt	A0A2Z2Z6H0_Q75_lddt	1.012E+00	1.000E+00	1.000E+00	100.000	84	84	84
A0A2Z2Z6H0_Q75_lddt	Q3SAW3_Q75_lddt	1.001E+00	9.894E-01	9.894E-01	75.000	84	84	84
A0A2Z2Z6H0_Q75_lddt	GES-44_Q75_lddt	9.944E-01	9.827E-01	9.827E-01	69.000	84	84	84
A0A2Z2Z6H0_Q75_lddt	GES-41_Q75_lddt	9.928E-01	9.812E-01	9.812E-01	69.000	84	84	84
A0A2Z2Z6H0_Q75_lddt	C6GC02_Q75_lddt	9.919E-01	9.803E-01	9.803E-01	67.800	84	84	84
A0A2Z2Z6H0_Q75_lddt	C5HUY1_Q75_lddt	9.918E-01	9.802E-01	9.802E-01	69.000	84	84	84
A0A2Z2Z6H0_Q75_lddt	A0A097ZLX5_Q75_lddt	9.917E-01	9.801E-01	9.801E-01	69.000	84	84	84
A0A2Z2Z6H0_Q75_lddt	AF-Q1NAL0-F1-model_v4_Q75_lddt	9.887E-01	9.772E-01	9.660E-01	58.300	84	84	85
A0A2Z2Z6H0_Q75_lddt	SGM-2_Q75_lddt	9.865E-01	9.751E-01	9.639E-01	57.100	84	84	85
A0A2Z2Z6H0_Q75_lddt	SGM-3_Q75_lddt	9.861E-01	9.747E-01	9.635E-01	57.100	84	84	85
A0A2Z2Z6H0_Q75_lddt	SGM-5_Q75_lddt	9.860E-01	9.746E-01	9.634E-01	60.700	84	84	85
A0A2Z2Z6H0_Q75_lddt	PER-16_Q75_lddt	9.811E-01	9.698E-01	9.698E-01	40.400	84	84	84
A0A2Z2Z6H0_Q75_lddt	AF-A0A1J0HSJ3-F1-model_v4_Q75_lddt	9.890E-01	9.545E-01	9.773E-01	51.100	84	84	82
A0A2Z2Z6H0_Q75_lddt	AF-A0A3G1JAD7-F1-model_v4_Q75_lddt	9.875E-01	9.531E-01	9.758E-01	54.700	84	84	82
A0A2Z2Z6H0_Q75_lddt	OKP-C-1_Q75_lddt	9.855E-01	9.740E-01	9.519E-01	48.800	84	86	86
A0A2Z2Z6H0_Q75_lddt	P74842_Q75_lddt	9.808E-01	9.582E-01	9.694E-01	41.600	84	84	83
A0A2Z2Z6H0_Q75_lddt	F8T7L4_Q75_lddt	9.806E-01	9.580E-01	9.692E-01	40.400	84	84	83
A0A2Z2Z6H0_Q75_lddt	Q5XQD3_Q75_lddt	9.806E-01	9.579E-01	9.691E-01	41.600	84	84	83
A0A2Z2Z6H0_Q75_lddt	D5HSX5_Q75_lddt	9.803E-01	9.576E-01	9.688E-01	40.400	84	84	83
A0A2Z2Z6H0_Q75_lddt	B7FDD9_Q75_lddt	9.819E-01	9.478E-01	9.703E-01	47.600	84	84	82
A0A2Z2Z6H0_Q75_lddt	Q84H48_Q75_lddt	9.837E-01	9.723E-01	9.396E-01	47.100	84	87	87
A0A2Z2Z6H0_Q75_lddt	OKP-D-1_Q75_lddt	9.836E-01	9.722E-01	9.396E-01	45.900	84	87	87
A0A2Z2Z6H0_Q75_lddt	AF-Q6W7F0-F1-model_v4_Q75_lddt	9.830E-01	9.716E-01	9.390E-01	55.100	84	87	87
A0A2Z2Z6H0_Q75_lddt	Q9R429_Q75_lddt	9.827E-01	9.713E-01	9.387E-01	48.200	84	87	87
A0A2Z2Z6H0_Q75_lddt	Q8GHI3_Q75_lddt	9.824E-01	9.711E-01	9.385E-01	47.100	84	87	87
A0A2Z2Z6H0_Q75_lddt	Q2YHY7_Q75_lddt	9.818E-01	9.705E-01	9.379E-01	45.900	84	87	87
A0A2Z2Z6H0_Q75_lddt	B8YHZ8_Q75_lddt	9.818E-01	9.705E-01	9.379E-01	45.900	84	87	87
A0A2Z2Z6H0_Q75_lddt	A0A455LP02_Q75_lddt	9.817E-01	9.704E-01	9.378E-01	45.900	84	87	87
A0A2Z2Z6H0_Q75_lddt	R4ISB3_Q75_lddt	9.816E-01	9.703E-01	9.378E-01	45.900	84	87	87
A0A2Z2Z6H0_Q75_lddt	A0A455LP13_Q75_lddt	9.814E-01	9.701E-01	9.376E-01	45.900	84	87	87
A0A2Z2Z6H0_Q75_lddt	E9NST5_Q75_lddt	9.815E-01	9.701E-01	9.376E-01	45.900	84	87	87
A0A2Z2Z6H0_Q75_lddt	A0A455LP07_Q75_lddt	9.813E-01	9.700E-01	9.375E-01	45.900	84	87	87
A0A2Z2Z6H0_Q75_lddt	B5D620_Q75_lddt	9.813E-01	9.700E-01	9.375E-01	45.900	84	87	87
A0A2Z2Z6H0_Q75_lddt	Q8VQV7_Q75_lddt	9.813E-01	9.699E-01	9.374E-01	47.100	84	87	87
A0A2Z2Z6H0_Q75_lddt	A0A0P0IGT7_Q75_lddt	9.812E-01	9.699E-01	9.374E-01	48.200	84	87	87
A0A2Z2Z6H0_Q75_lddt	Q2YHX8_Q75_lddt	9.812E-01	9.699E-01	9.374E-01	45.900	84	87	87
A0A2Z2Z6H0_Q75_lddt	H9AXM1_Q75_lddt	9.812E-01	9.699E-01	9.374E-01	45.900	84	87	87
A0A2Z2Z6H0_Q75_lddt	Q5I6D4_Q75_lddt	9.812E-01	9.699E-01	9.374E-01	45.900	84	87	87
A0A2Z2Z6H0_Q75_lddt	Q84H47_Q75_lddt	9.811E-01	9.698E-01	9.373E-01	47.100	84	87	87
A0A2Z2Z6H0_Q75_lddt	B5D612_Q75_lddt	9.810E-01	9.696E-01	9.372E-01	48.200	84	87	87
A0A2Z2Z6H0_Q75_lddt	Q2YHX6_Q75_lddt	9.807E-01	9.694E-01	9.369E-01	45.900	84	87	87
A0A2Z2Z6H0_Q75_lddt	AF-A0A886X7X6-F1-model_v6_Q75_lddt	9.727E-01	9.616E-01	9.507E-01	38.000	84	84	85
A0A2Z2Z6H0_Q75_lddt	A0A455LS80_Q75_lddt	9.794E-01	9.681E-01	9.357E-01	47.100	84	87	87
A0A2Z2Z6H0_Q75_lddt	Q2YHZ5_Q75_lddt	9.794E-01	9.681E-01	9.357E-01	45.900	84	87	87
A0A2Z2Z6H0_Q75_lddt	Q2YHZ3_Q75_lddt	9.792E-01	9.679E-01	9.355E-01	45.900	84	87	87
A0A2Z2Z6H0_Q75_lddt	Q2YHZ0_Q75_lddt	9.791E-01	9.678E-01	9.355E-01	45.900	84	87	87
A0A2Z2Z6H0_Q75_lddt	AF-E2D9D5-F1-model_v4_Q75_lddt	9.674E-01	9.564E-01	9.564E-01	30.900	84	84	84
A0A2Z2Z6H0_Q75_lddt	Q6ZY77_Q75_lddt	9.789E-01	9.677E-01	9.353E-01	44.800	84	87	87
A0A2Z2Z6H0_Q75_lddt	Q2YHZ2_Q75_lddt	9.788E-01	9.675E-01	9.352E-01	45.900	84	87	87
A0A2Z2Z6H0_Q75_lddt	AF-P18251-F1-model_v4_Q75_lddt	9.825E-01	9.712E-01	9.282E-01	46.500	84	86	88
A0A2Z2Z6H0_Q75_lddt	Q5PU78_Q75_lddt	9.783E-01	9.671E-01	9.347E-01	47.100	84	87	87
A0A2Z2Z6H0_Q75_lddt	Q6ZY74_Q75_lddt	9.783E-01	9.670E-01	9.347E-01	45.900	84	87	87
A0A2Z2Z6H0_Q75_lddt	Q6ZY58_Q75_lddt	9.779E-01	9.667E-01	9.344E-01	45.900	84	87	87
A0A2Z2Z6H0_Q75_lddt	Q6R5M7_Q75_lddt	9.776E-01	9.664E-01	9.341E-01	47.100	84	87	87
A0A2Z2Z6H0_Q75_lddt	P14171_Q75_lddt	9.700E-01	9.589E-01	9.481E-01	42.300	84	85	85
A0A2Z2Z6H0_Q75_lddt	C0LSK3_Q75_lddt	9.814E-01	9.587E-01	9.371E-01	45.300	84	86	86
A0A2Z2Z6H0_Q75_lddt	AF-E4WMC5-F1-model_v6_Q75_lddt	9.699E-01	9.477E-01	9.587E-01	35.700	84	84	83
A0A2Z2Z6H0_Q75_lddt	RAA-1_Q75_lddt	9.692E-01	9.471E-01	9.580E-01	32.100	84	84	83
A0A2Z2Z6H0_Q75_lddt	C8CE59_Q75_lddt	9.657E-01	9.546E-01	9.437E-01	47.600	84	86	85
A0A2Z2Z6H0_Q75_lddt	Q5W3A6_Q75_lddt	9.642E-01	9.532E-01	9.532E-01	29.700	84	84	84
A0A2Z2Z6H0_Q75_lddt	C8CE60_Q75_lddt	9.652E-01	9.541E-01	9.432E-01	47.600	84	86	85
A0A2Z2Z6H0_Q75_lddt	F8SQ10_Q75_lddt	9.831E-01	9.718E-01	9.186E-01	47.100	84	87	89
A0A2Z2Z6H0_Q75_lddt	AF-A0A867XYA1-F1-model_v4_Q75_lddt	9.796E-01	9.683E-01	9.256E-01	41.800	84	86	88
A0A2Z2Z6H0_Q75_lddt	AF-A0A0D0F642-F1-model_v4_Q75_lddt	9.672E-01	9.451E-01	9.560E-01	34.500	84	84	83
A0A2Z2Z6H0_Q75_lddt	A3FFR2_Q75_lddt	9.821E-01	9.708E-01	9.177E-01	47.100	84	87	89
A0A2Z2Z6H0_Q75_lddt	B9U2I6_Q75_lddt	9.820E-01	9.707E-01	9.176E-01	47.100	84	87	89
A0A2Z2Z6H0_Q75_lddt	Q8VP57_Q75_lddt	9.820E-01	9.707E-01	9.176E-01	47.100	84	87	89
A0A2Z2Z6H0_Q75_lddt	Q939H3_Q75_lddt	9.819E-01	9.705E-01	9.175E-01	47.100	84	87	89
A0A2Z2Z6H0_Q75_lddt	A0ZX91_Q75_lddt	9.816E-01	9.702E-01	9.172E-01	47.100	84	87	89
A0A2Z2Z6H0_Q75_lddt	S4TWB0_Q75_lddt	9.816E-01	9.702E-01	9.172E-01	47.100	84	87	89
A0A2Z2Z6H0_Q75_lddt	D5LGB4_Q75_lddt	9.815E-01	9.701E-01	9.171E-01	47.100	84	87	89
A0A2Z2Z6H0_Q75_lddt	A0A2P9E069_Q75_lddt	9.814E-01	9.701E-01	9.171E-01	47.100	84	87	89
A0A2Z2Z6H0_Q75_lddt	A0ZX80_Q75_lddt	9.814E-01	9.701E-01	9.170E-01	47.100	84	87	89
A0A2Z2Z6H0_Q75_lddt	Q0PGR7_Q75_lddt	9.814E-01	9.700E-01	9.170E-01	47.100	84	87	89
A0A2Z2Z6H0_Q75_lddt	E5Q900_Q75_lddt	9.813E-01	9.699E-01	9.169E-01	47.100	84	87	89
A0A2Z2Z6H0_Q75_lddt	Q939H5_Q75_lddt	9.809E-01	9.696E-01	9.166E-01	47.100	84	87	89
A0A2Z2Z6H0_Q75_lddt	Q9AMJ7_Q75_lddt	9.667E-01	9.446E-01	9.555E-01	32.100	84	84	83
A0A2Z2Z6H0_Q75_lddt	A1YTM5_Q75_lddt	9.663E-01	9.443E-01	9.552E-01	32.100	84	84	83
A0A2Z2Z6H0_Q75_lddt	H2ERK9_Q75_lddt	9.800E-01	9.687E-01	9.158E-01	47.100	84	87	89
A0A2Z2Z6H0_Q75_lddt	B0FP98_Q75_lddt	9.796E-01	9.683E-01	9.155E-01	47.100	84	87	89
A0A2Z2Z6H0_Q75_lddt	O33677_Q75_lddt	9.647E-01	9.536E-01	9.321E-01	45.900	84	87	86
A0A2Z2Z6H0_Q75_lddt	Q8VT49_Q75_lddt	9.634E-01	9.414E-01	9.523E-01	29.700	84	84	83
A0A2Z2Z6H0_Q75_lddt	E5G517_Q75_lddt	9.776E-01	9.663E-01	9.137E-01	47.100	84	87	89
A0A2Z2Z6H0_Q75_lddt	A0A097BQY7_Q75_lddt	9.775E-01	9.662E-01	9.136E-01	47.100	84	87	89
A0A2Z2Z6H0_Q75_lddt	Q2MJC2_Q75_lddt	9.774E-01	9.661E-01	9.135E-01	47.100	84	87	89
A0A2Z2Z6H0_Q75_lddt	Q8VP67_Q75_lddt	9.766E-01	9.653E-01	9.128E-01	47.100	84	87	89
A0A2Z2Z6H0_Q75_lddt	Q8KRG7_Q75_lddt	9.765E-01	9.653E-01	9.127E-01	47.100	84	87	89
A0A2Z2Z6H0_Q75_lddt	J7HZA4_Q75_lddt	9.765E-01	9.653E-01	9.127E-01	45.900	84	87	89
A0A2Z2Z6H0_Q75_lddt	AF-A0A8E9ZWD0-F1-model_v6_Q75_lddt	9.584E-01	9.476E-01	9.369E-01	34.500	84	84	85
A0A2Z2Z6H0_Q75_lddt	Q9X6W1_Q75_lddt	9.561E-01	9.344E-01	9.451E-01	34.500	84	84	83
A0A2Z2Z6H0_Q75_lddt	AF-J9QX37-F1-model_v4_Q75_lddt	9.658E-01	9.217E-01	9.544E-01	25.000	84	84	81
A0A2Z2Z6H0_Q75_lddt	A0A0B6VPP7_Q75_lddt	9.521E-01	9.305E-01	9.412E-01	33.300	84	84	83
A0A2Z2Z6H0_Q75_lddt	G9MB50_Q75_lddt	9.529E-01	9.313E-01	9.420E-01	30.900	84	84	83
A0A2Z2Z6H0_Q75_lddt	AF-F4NA56-F1-model_v4_Q75_lddt	9.472E-01	9.363E-01	9.257E-01	35.600	84	87	85
A0A2Z2Z6H0_Q75_lddt	Q9RAZ9_Q75_lddt	9.572E-01	9.247E-01	9.461E-01	32.100	84	84	82
A0A2Z2Z6H0_Q75_lddt	G9M9P7_Q75_lddt	9.519E-01	9.304E-01	9.410E-01	32.100	84	84	83
A0A2Z2Z6H0_Q75_lddt	G9MB49_Q75_lddt	9.518E-01	9.302E-01	9.409E-01	32.100	84	84	83
A0A2Z2Z6H0_Q75_lddt	A0A0E0SR47_Q75_lddt	9.461E-01	9.353E-01	9.247E-01	36.700	84	87	85
A0A2Z2Z6H0_Q75_lddt	A0A1W5QH29_Q75_lddt	9.458E-01	9.350E-01	9.244E-01	41.300	84	87	85
A0A2Z2Z6H0_Q75_lddt	A0A1W5QCF3_Q75_lddt	9.456E-01	9.348E-01	9.242E-01	41.300	84	87	85
A0A2Z2Z6H0_Q75_lddt	A0A1W5QG57_Q75_lddt	9.437E-01	9.330E-01	9.225E-01	40.200	84	87	85
A0A2Z2Z6H0_Q75_lddt	A0A3Q8G682_Q75_lddt	9.460E-01	9.352E-01	9.144E-01	43.600	84	87	86
A0A2Z2Z6H0_Q75_lddt	Q9XBM2_Q75_lddt	9.456E-01	9.349E-01	9.140E-01	47.100	84	87	86
A0A2Z2Z6H0_Q75_lddt	AF-A0A127SQY3-F1-model_v6_Q75_lddt	9.396E-01	9.185E-01	9.289E-01	28.500	84	84	83
A0A2Z2Z6H0_Q75_lddt	B5L5W7_Q75_lddt	9.420E-01	9.315E-01	9.012E-01	37.600	84	85	87
A0A2Z2Z6H0_Q75_lddt	C8C0I2_Q75_lddt	9.257E-01	9.049E-01	9.152E-01	35.200	84	85	83
A0A2Z2Z6H0_Q75_lddt	Q57509_Q75_lddt	9.272E-01	9.065E-01	9.065E-01	31.700	84	85	84
A0A2Z2Z6H0_Q75_lddt	C8C0D8_Q75_lddt	9.023E-01	8.923E-01	8.730E-01	25.000	84	88	86
A0A2Z2Z6H0_Q75_lddt	Q9X4S7_Q75_lddt	9.019E-01	8.919E-01	8.726E-01	26.100	84	88	86
A0ZX91_Q75_lddt	A0ZX91_Q75_lddt	1.011E+00	1.000E+00	1.000E+00	100.000	89	89	89
A0ZX91_Q75_lddt	S4TWB0_Q75_lddt	1.011E+00	1.000E+00	1.000E+00	100.000	89	89	89
A0ZX91_Q75_lddt	B9U2I6_Q75_lddt	1.011E+00	1.000E+00	1.000E+00	100.000	89	89	89
A0ZX91_Q75_lddt	A0A2P9E069_Q75_lddt	1.011E+00	9.999E-01	9.999E-01	100.000	89	89	89
A0ZX91_Q75_lddt	A0ZX80_Q75_lddt	1.011E+00	9.999E-01	9.999E-01	100.000	89	89	89
A0ZX91_Q75_lddt	E5Q900_Q75_lddt	1.011E+00	9.999E-01	9.999E-01	100.000	89	89	89
A0ZX91_Q75_lddt	Q8VP57_Q75_lddt	1.011E+00	9.999E-01	9.999E-01	100.000	89	89	89
A0ZX91_Q75_lddt	D5LGB4_Q75_lddt	1.011E+00	9.999E-01	9.999E-01	100.000	89	89	89
A0ZX91_Q75_lddt	A3FFR2_Q75_lddt	1.011E+00	9.998E-01	9.998E-01	100.000	89	89	89
A0ZX91_Q75_lddt	Q0PGR7_Q75_lddt	1.011E+00	9.997E-01	9.997E-01	98.800	89	89	89
A0ZX91_Q75_lddt	H2ERK9_Q75_lddt	1.011E+00	9.996E-01	9.996E-01	100.000	89	89	89
A0ZX91_Q75_lddt	B0FP98_Q75_lddt	1.011E+00	9.994E-01	9.994E-01	98.800	89	89	89
A0ZX91_Q75_lddt	Q939H5_Q75_lddt	1.011E+00	9.993E-01	9.993E-01	98.800	89	89	89
A0ZX91_Q75_lddt	Q2MJC2_Q75_lddt	1.011E+00	9.993E-01	9.993E-01	100.000	89	89	89
A0ZX91_Q75_lddt	A0A097BQY7_Q75_lddt	1.011E+00	9.993E-01	9.993E-01	100.000	89	89	89
A0ZX91_Q75_lddt	Q939H3_Q75_lddt	1.011E+00	9.992E-01	9.992E-01	92.100	89	89	89
A0ZX91_Q75_lddt	F8SQ10_Q75_lddt	1.011E+00	9.992E-01	9.992E-01	100.000	89	89	89
A0ZX91_Q75_lddt	Q8VP67_Q75_lddt	1.011E+00	9.992E-01	9.992E-01	100.000	89	89	89
A0ZX91_Q75_lddt	J7HZA4_Q75_lddt	1.010E+00	9.991E-01	9.991E-01	98.800	89	89	89
A0ZX91_Q75_lddt	Q8KRG7_Q75_lddt	1.010E+00	9.989E-01	9.989E-01	98.800	89	89	89
A0ZX91_Q75_lddt	E5G517_Q75_lddt	1.006E+00	9.944E-01	9.944E-01	98.800	89	89	89
A0ZX91_Q75_lddt	AF-A0A867XYA1-F1-model_v4_Q75_lddt	1.009E+00	9.860E-01	9.972E-01	88.700	89	89	88
A0ZX91_Q75_lddt	AF-P18251-F1-model_v4_Q75_lddt	1.008E+00	9.854E-01	9.965E-01	95.500	89	89	88
A0ZX91_Q75_lddt	Q5I6D4_Q75_lddt	1.011E+00	9.772E-01	9.997E-01	95.400	89	87	87
A0ZX91_Q75_lddt	B8YHZ8_Q75_lddt	1.011E+00	9.772E-01	9.997E-01	94.200	89	87	87
A0ZX91_Q75_lddt	Q2YHX6_Q75_lddt	1.011E+00	9.772E-01	9.997E-01	95.400	89	87	87
A0ZX91_Q75_lddt	Q2YHX8_Q75_lddt	1.011E+00	9.772E-01	9.997E-01	95.400	89	87	87
A0ZX91_Q75_lddt	B5D620_Q75_lddt	1.011E+00	9.772E-01	9.996E-01	94.200	89	87	87
A0ZX91_Q75_lddt	B5D612_Q75_lddt	1.011E+00	9.772E-01	9.996E-01	93.100	89	87	87
A0ZX91_Q75_lddt	A0A455LP07_Q75_lddt	1.011E+00	9.771E-01	9.996E-01	93.100	89	87	87
A0ZX91_Q75_lddt	A0A455LP13_Q75_lddt	1.011E+00	9.771E-01	9.995E-01	93.100	89	87	87
A0ZX91_Q75_lddt	E9NST5_Q75_lddt	1.011E+00	9.771E-01	9.995E-01	90.800	89	87	87
A0ZX91_Q75_lddt	A0A455LP02_Q75_lddt	1.011E+00	9.771E-01	9.995E-01	93.100	89	87	87
A0ZX91_Q75_lddt	A0A0P0IGT7_Q75_lddt	1.011E+00	9.771E-01	9.995E-01	93.100	89	87	87
A0ZX91_Q75_lddt	R4ISB3_Q75_lddt	1.011E+00	9.771E-01	9.995E-01	93.100	89	87	87
A0ZX91_Q75_lddt	Q2YHZ5_Q75_lddt	1.011E+00	9.768E-01	9.993E-01	94.200	89	87	87
A0ZX91_Q75_lddt	Q2YHZ2_Q75_lddt	1.011E+00	9.768E-01	9.993E-01	94.200	89	87	87
A0ZX91_Q75_lddt	Q84H48_Q75_lddt	1.011E+00	9.768E-01	9.992E-01	91.900	89	87	87
A0ZX91_Q75_lddt	Q5PU78_Q75_lddt	1.011E+00	9.768E-01	9.992E-01	94.200	89	87	87
A0ZX91_Q75_lddt	Q6ZY77_Q75_lddt	1.011E+00	9.768E-01	9.992E-01	93.100	89	87	87
A0ZX91_Q75_lddt	Q6ZY74_Q75_lddt	1.011E+00	9.768E-01	9.992E-01	94.200	89	87	87
A0ZX91_Q75_lddt	Q2YHZ0_Q75_lddt	1.011E+00	9.768E-01	9.992E-01	94.200	89	87	87
A0ZX91_Q75_lddt	Q2YHZ3_Q75_lddt	1.011E+00	9.768E-01	9.992E-01	94.200	89	87	87
A0ZX91_Q75_lddt	Q6R5M7_Q75_lddt	1.011E+00	9.767E-01	9.992E-01	94.200	89	87	87
A0ZX91_Q75_lddt	A0A455LS80_Q75_lddt	1.011E+00	9.767E-01	9.991E-01	94.200	89	87	87
A0ZX91_Q75_lddt	Q9R429_Q75_lddt	1.011E+00	9.766E-01	9.990E-01	81.600	89	87	87
A0ZX91_Q75_lddt	Q8GHI3_Q75_lddt	1.011E+00	9.766E-01	9.990E-01	80.400	89	87	87
A0ZX91_Q75_lddt	Q6ZY58_Q75_lddt	1.010E+00	9.764E-01	9.988E-01	93.100	89	87	87
A0ZX91_Q75_lddt	Q2YHY7_Q75_lddt	1.010E+00	9.763E-01	9.988E-01	94.200	89	87	87
A0ZX91_Q75_lddt	Q84H47_Q75_lddt	1.010E+00	9.763E-01	9.987E-01	91.900	89	87	87
A0ZX91_Q75_lddt	H9AXM1_Q75_lddt	1.010E+00	9.762E-01	9.986E-01	78.100	89	87	87
A0ZX91_Q75_lddt	AF-Q6W7F0-F1-model_v4_Q75_lddt	1.010E+00	9.760E-01	9.984E-01	83.900	89	87	87
A0ZX91_Q75_lddt	Q8VQV7_Q75_lddt	1.010E+00	9.760E-01	9.984E-01	91.900	89	87	87
A0ZX91_Q75_lddt	OKP-D-1_Q75_lddt	1.008E+00	9.743E-01	9.966E-01	91.900	89	87	87
A0ZX91_Q75_lddt	OKP-C-1_Q75_lddt	1.010E+00	9.649E-01	9.985E-01	96.500	89	87	86
A0ZX91_Q75_lddt	C0LSK3_Q75_lddt	1.010E+00	9.646E-01	9.982E-01	94.100	89	86	86
A0ZX91_Q75_lddt	C8CE59_Q75_lddt	1.011E+00	9.544E-01	9.993E-01	97.700	89	87	85
A0ZX91_Q75_lddt	C8CE60_Q75_lddt	1.011E+00	9.543E-01	9.991E-01	97.700	89	87	85
A0ZX91_Q75_lddt	O33677_Q75_lddt	1.005E+00	9.597E-01	9.930E-01	79.300	89	87	86
A0ZX91_Q75_lddt	B7FDD9_Q75_lddt	1.010E+00	9.195E-01	9.978E-01	94.200	89	87	82
A0ZX91_Q75_lddt	P14171_Q75_lddt	9.920E-01	9.372E-01	9.805E-01	56.300	89	87	85
A0ZX91_Q75_lddt	Q3SAW3_Q75_lddt	9.950E-01	9.290E-01	9.834E-01	56.300	89	87	84
A0ZX91_Q75_lddt	C5HUY1_Q75_lddt	9.944E-01	9.285E-01	9.828E-01	49.400	89	87	84
A0ZX91_Q75_lddt	C6GC02_Q75_lddt	9.943E-01	9.284E-01	9.827E-01	48.200	89	87	84
A0ZX91_Q75_lddt	A0A097ZLX5_Q75_lddt	9.943E-01	9.284E-01	9.827E-01	49.400	89	87	84
A0ZX91_Q75_lddt	AF-A0A1J0HSJ3-F1-model_v4_Q75_lddt	1.002E+00	9.124E-01	9.894E-01	52.800	89	87	82
A0ZX91_Q75_lddt	GES-44_Q75_lddt	9.928E-01	9.270E-01	9.812E-01	49.400	89	87	84
A0ZX91_Q75_lddt	AF-A0A3G1JAD7-F1-model_v4_Q75_lddt	1.001E+00	9.119E-01	9.889E-01	54.000	89	87	82
A0ZX91_Q75_lddt	GES-41_Q75_lddt	9.925E-01	9.268E-01	9.809E-01	49.400	89	87	84
A0ZX91_Q75_lddt	SGM-3_Q75_lddt	9.942E-01	9.283E-01	9.712E-01	54.000	89	87	85
A0ZX91_Q75_lddt	SGM-2_Q75_lddt	9.940E-01	9.281E-01	9.710E-01	54.000	89	87	85
A0ZX91_Q75_lddt	PER-16_Q75_lddt	9.870E-01	9.219E-01	9.755E-01	41.300	89	87	84
A0ZX91_Q75_lddt	AF-E2D9D5-F1-model_v4_Q75_lddt	9.860E-01	9.211E-01	9.745E-01	31.000	89	87	84
A0ZX91_Q75_lddt	AF-A0A886X7X6-F1-model_v6_Q75_lddt	9.886E-01	9.234E-01	9.659E-01	32.100	89	87	85
A0ZX91_Q75_lddt	Q9AMJ7_Q75_lddt	9.885E-01	9.124E-01	9.769E-01	31.000	89	87	83
A0ZX91_Q75_lddt	A1YTM5_Q75_lddt	9.880E-01	9.120E-01	9.764E-01	31.000	89	87	83
A0ZX91_Q75_lddt	A0A1W5QH29_Q75_lddt	9.783E-01	9.250E-01	9.672E-01	37.900	89	87	85
A0ZX91_Q75_lddt	RAA-1_Q75_lddt	9.867E-01	9.109E-01	9.751E-01	33.300	89	87	83
A0ZX91_Q75_lddt	SGM-5_Q75_lddt	9.861E-01	9.211E-01	9.634E-01	50.500	89	87	85
A0ZX91_Q75_lddt	D5HSX5_Q75_lddt	9.860E-01	9.102E-01	9.744E-01	41.300	89	87	83
A0ZX91_Q75_lddt	A0A2Z2Z6H0_Q75_lddt	9.816E-01	9.172E-01	9.702E-01	47.100	89	87	84
A0ZX91_Q75_lddt	A0A1W5QCF3_Q75_lddt	9.774E-01	9.241E-01	9.662E-01	37.900	89	87	85
A0ZX91_Q75_lddt	AF-Q1NAL0-F1-model_v4_Q75_lddt	9.848E-01	9.200E-01	9.622E-01	54.000	89	87	85
A0ZX91_Q75_lddt	F8T7L4_Q75_lddt	9.847E-01	9.092E-01	9.732E-01	37.900	89	87	83
A0ZX91_Q75_lddt	Q5XQD3_Q75_lddt	9.846E-01	9.090E-01	9.730E-01	37.900	89	87	83
A0ZX91_Q75_lddt	A0A3Q8G682_Q75_lddt	9.693E-01	9.271E-01	9.584E-01	54.000	89	87	86
A0ZX91_Q75_lddt	P74842_Q75_lddt	9.843E-01	9.088E-01	9.728E-01	39.000	89	87	83
A0ZX91_Q75_lddt	Q8VT49_Q75_lddt	9.834E-01	9.081E-01	9.719E-01	31.000	89	87	83
A0ZX91_Q75_lddt	Q9XBM2_Q75_lddt	9.682E-01	9.260E-01	9.573E-01	42.500	89	87	86
A0ZX91_Q75_lddt	Q5W3A6_Q75_lddt	9.788E-01	9.148E-01	9.675E-01	34.400	89	87	84
A0ZX91_Q75_lddt	A0A1W5QG57_Q75_lddt	9.744E-01	9.215E-01	9.633E-01	37.900	89	87	85
A0ZX91_Q75_lddt	AF-A0A0D0F642-F1-model_v4_Q75_lddt	9.826E-01	9.074E-01	9.711E-01	32.100	89	87	83
A0ZX91_Q75_lddt	AF-E4WMC5-F1-model_v6_Q75_lddt	9.794E-01	9.046E-01	9.680E-01	35.600	89	87	83
A0ZX91_Q75_lddt	G9MB50_Q75_lddt	9.793E-01	9.045E-01	9.679E-01	31.000	89	87	83
A0ZX91_Q75_lddt	G9M9P7_Q75_lddt	9.787E-01	9.040E-01	9.673E-01	29.800	89	87	83
A0ZX91_Q75_lddt	G9MB49_Q75_lddt	9.785E-01	9.038E-01	9.671E-01	31.000	89	87	83
A0ZX91_Q75_lddt	A0A0E0SR47_Q75_lddt	9.700E-01	9.176E-01	9.591E-01	40.200	89	87	85
A0ZX91_Q75_lddt	AF-A0A8E9ZWD0-F1-model_v6_Q75_lddt	9.763E-01	9.126E-01	9.541E-01	31.000	89	87	85
A0ZX91_Q75_lddt	AF-J9QX37-F1-model_v4_Q75_lddt	9.830E-01	8.862E-01	9.712E-01	28.700	89	87	81
A0ZX91_Q75_lddt	Q9X6W1_Q75_lddt	9.723E-01	8.983E-01	9.610E-01	32.100	89	87	83
A0ZX91_Q75_lddt	Q9RAZ9_Q75_lddt	9.779E-01	8.927E-01	9.664E-01	31.000	89	87	82
A0ZX91_Q75_lddt	AF-F4NA56-F1-model_v4_Q75_lddt	9.651E-01	9.131E-01	9.542E-01	37.900	89	87	85
A0ZX91_Q75_lddt	A0A0B6VPP7_Q75_lddt	9.691E-01	8.955E-01	9.579E-01	31.000	89	87	83
A0ZX91_Q75_lddt	B5L5W7_Q75_lddt	9.683E-01	9.158E-01	9.361E-01	37.900	89	87	87
A0ZX91_Q75_lddt	AF-A0A127SQY3-F1-model_v6_Q75_lddt	9.558E-01	8.839E-01	9.448E-01	25.200	89	87	83
A0ZX91_Q75_lddt	Q57509_Q75_lddt	9.510E-01	8.791E-01	9.293E-01	28.400	89	88	84
A0ZX91_Q75_lddt	C8C0I2_Q75_lddt	9.483E-01	8.772E-01	9.375E-01	32.100	89	87	83
A0ZX91_Q75_lddt	C8C0D8_Q75_lddt	9.187E-01	8.796E-01	9.086E-01	25.800	89	89	86
A0ZX91_Q75_lddt	Q9X4S7_Q75_lddt	9.166E-01	8.777E-01	9.066E-01	28.000	89	89	86
Q3SAW3_Q75_lddt	Q3SAW3_Q75_lddt	1.012E+00	1.000E+00	1.000E+00	100.000	84	84	84
Q3SAW3_Q75_lddt	C5HUY1_Q75_lddt	1.002E+00	9.902E-01	9.902E-01	71.400	84	84	84
Q3SAW3_Q75_lddt	C6GC02_Q75_lddt	1.002E+00	9.901E-01	9.901E-01	70.200	84	84	84
Q3SAW3_Q75_lddt	A0A097ZLX5_Q75_lddt	1.002E+00	9.898E-01	9.898E-01	71.400	84	84	84
Q3SAW3_Q75_lddt	GES-44_Q75_lddt	1.002E+00	9.898E-01	9.898E-01	71.400	84	84	84
Q3SAW3_Q75_lddt	A0A2Z2Z6H0_Q75_lddt	1.001E+00	9.894E-01	9.894E-01	75.000	84	84	84
Q3SAW3_Q75_lddt	GES-41_Q75_lddt	1.001E+00	9.888E-01	9.888E-01	71.400	84	84	84
Q3SAW3_Q75_lddt	AF-A0A1J0HSJ3-F1-model_v4_Q75_lddt	1.002E+00	9.667E-01	9.901E-01	53.500	84	84	82
Q3SAW3_Q75_lddt	AF-A0A3G1JAD7-F1-model_v4_Q75_lddt	1.001E+00	9.658E-01	9.891E-01	55.900	84	84	82
Q3SAW3_Q75_lddt	SGM-2_Q75_lddt	9.965E-01	9.848E-01	9.734E-01	59.500	84	84	85
Q3SAW3_Q75_lddt	SGM-3_Q75_lddt	9.962E-01	9.845E-01	9.731E-01	59.500	84	84	85
Q3SAW3_Q75_lddt	OKP-C-1_Q75_lddt	9.982E-01	9.865E-01	9.638E-01	55.800	84	86	86
Q3SAW3_Q75_lddt	AF-Q1NAL0-F1-model_v4_Q75_lddt	9.944E-01	9.828E-01	9.714E-01	61.900	84	84	85
Q3SAW3_Q75_lddt	PER-16_Q75_lddt	9.903E-01	9.788E-01	9.788E-01	38.000	84	84	84
Q3SAW3_Q75_lddt	SGM-5_Q75_lddt	9.939E-01	9.823E-01	9.710E-01	60.700	84	84	85
Q3SAW3_Q75_lddt	B7FDD9_Q75_lddt	9.958E-01	9.608E-01	9.839E-01	57.100	84	84	82
Q3SAW3_Q75_lddt	D5HSX5_Q75_lddt	9.909E-01	9.677E-01	9.792E-01	36.900	84	84	83
Q3SAW3_Q75_lddt	F8T7L4_Q75_lddt	9.904E-01	9.673E-01	9.787E-01	38.000	84	84	83
Q3SAW3_Q75_lddt	Q5XQD3_Q75_lddt	9.903E-01	9.672E-01	9.786E-01	39.200	84	84	83
Q3SAW3_Q75_lddt	P74842_Q75_lddt	9.902E-01	9.671E-01	9.785E-01	36.900	84	84	83
Q3SAW3_Q75_lddt	Q84H48_Q75_lddt	9.974E-01	9.857E-01	9.521E-01	52.800	84	87	87
Q3SAW3_Q75_lddt	AF-Q6W7F0-F1-model_v4_Q75_lddt	9.972E-01	9.855E-01	9.520E-01	57.400	84	87	87
Q3SAW3_Q75_lddt	Q9R429_Q75_lddt	9.964E-01	9.847E-01	9.512E-01	50.500	84	87	87
Q3SAW3_Q75_lddt	P14171_Q75_lddt	9.886E-01	9.771E-01	9.658E-01	44.700	84	85	85
Q3SAW3_Q75_lddt	Q8GHI3_Q75_lddt	9.962E-01	9.845E-01	9.511E-01	49.400	84	87	87
Q3SAW3_Q75_lddt	OKP-D-1_Q75_lddt	9.960E-01	9.843E-01	9.509E-01	51.700	84	87	87
Q3SAW3_Q75_lddt	Q2YHY7_Q75_lddt	9.957E-01	9.840E-01	9.506E-01	52.800	84	87	87
Q3SAW3_Q75_lddt	Q84H47_Q75_lddt	9.956E-01	9.840E-01	9.505E-01	52.800	84	87	87
Q3SAW3_Q75_lddt	Q8VQV7_Q75_lddt	9.956E-01	9.840E-01	9.505E-01	52.800	84	87	87
Q3SAW3_Q75_lddt	H9AXM1_Q75_lddt	9.956E-01	9.839E-01	9.505E-01	48.200	84	87	87
Q3SAW3_Q75_lddt	B8YHZ8_Q75_lddt	9.955E-01	9.839E-01	9.504E-01	52.800	84	87	87
Q3SAW3_Q75_lddt	B5D620_Q75_lddt	9.955E-01	9.838E-01	9.504E-01	52.800	84	87	87
Q3SAW3_Q75_lddt	R4ISB3_Q75_lddt	9.955E-01	9.838E-01	9.504E-01	51.700	84	87	87
Q3SAW3_Q75_lddt	A0A455LP02_Q75_lddt	9.955E-01	9.838E-01	9.504E-01	51.700	84	87	87
Q3SAW3_Q75_lddt	A0A0P0IGT7_Q75_lddt	9.954E-01	9.837E-01	9.503E-01	54.000	84	87	87
Q3SAW3_Q75_lddt	E9NST5_Q75_lddt	9.953E-01	9.837E-01	9.503E-01	51.700	84	87	87
Q3SAW3_Q75_lddt	A0A455LP07_Q75_lddt	9.953E-01	9.836E-01	9.502E-01	51.700	84	87	87
Q3SAW3_Q75_lddt	A0A455LP13_Q75_lddt	9.952E-01	9.836E-01	9.502E-01	51.700	84	87	87
Q3SAW3_Q75_lddt	Q5I6D4_Q75_lddt	9.952E-01	9.835E-01	9.501E-01	51.700	84	87	87
Q3SAW3_Q75_lddt	Q2YHX8_Q75_lddt	9.952E-01	9.835E-01	9.501E-01	51.700	84	87	87
Q3SAW3_Q75_lddt	B5D612_Q75_lddt	9.952E-01	9.835E-01	9.501E-01	54.000	84	87	87
Q3SAW3_Q75_lddt	Q2YHX6_Q75_lddt	9.947E-01	9.830E-01	9.497E-01	51.700	84	87	87
Q3SAW3_Q75_lddt	Q2YHZ5_Q75_lddt	9.939E-01	9.823E-01	9.490E-01	52.800	84	87	87
Q3SAW3_Q75_lddt	Q2YHZ3_Q75_lddt	9.939E-01	9.822E-01	9.489E-01	52.800	84	87	87
Q3SAW3_Q75_lddt	A0A455LS80_Q75_lddt	9.938E-01	9.822E-01	9.489E-01	52.800	84	87	87
Q3SAW3_Q75_lddt	Q2YHZ0_Q75_lddt	9.937E-01	9.821E-01	9.488E-01	52.800	84	87	87
Q3SAW3_Q75_lddt	Q6ZY77_Q75_lddt	9.937E-01	9.821E-01	9.488E-01	51.700	84	87	87
Q3SAW3_Q75_lddt	Q2YHZ2_Q75_lddt	9.934E-01	9.818E-01	9.485E-01	52.800	84	87	87
Q3SAW3_Q75_lddt	AF-A0A886X7X6-F1-model_v6_Q75_lddt	9.857E-01	9.743E-01	9.631E-01	36.900	84	84	85
Q3SAW3_Q75_lddt	Q6ZY58_Q75_lddt	9.933E-01	9.817E-01	9.484E-01	52.800	84	87	87
Q3SAW3_Q75_lddt	Q5PU78_Q75_lddt	9.931E-01	9.815E-01	9.483E-01	51.700	84	87	87
Q3SAW3_Q75_lddt	AF-P18251-F1-model_v4_Q75_lddt	9.970E-01	9.853E-01	9.411E-01	54.600	84	86	88
Q3SAW3_Q75_lddt	Q6ZY74_Q75_lddt	9.928E-01	9.812E-01	9.480E-01	52.800	84	87	87
Q3SAW3_Q75_lddt	AF-E2D9D5-F1-model_v4_Q75_lddt	9.808E-01	9.695E-01	9.695E-01	34.500	84	84	84
Q3SAW3_Q75_lddt	Q6R5M7_Q75_lddt	9.922E-01	9.806E-01	9.474E-01	51.700	84	87	87
Q3SAW3_Q75_lddt	C8CE59_Q75_lddt	9.809E-01	9.695E-01	9.583E-01	56.900	84	86	85
Q3SAW3_Q75_lddt	C0LSK3_Q75_lddt	9.960E-01	9.727E-01	9.504E-01	52.300	84	86	86
Q3SAW3_Q75_lddt	C8CE60_Q75_lddt	9.801E-01	9.686E-01	9.575E-01	56.900	84	86	85
Q3SAW3_Q75_lddt	AF-A0A867XYA1-F1-model_v4_Q75_lddt	9.939E-01	9.823E-01	9.384E-01	48.800	84	86	88
Q3SAW3_Q75_lddt	Q9AMJ7_Q75_lddt	9.827E-01	9.600E-01	9.712E-01	36.900	84	84	83
Q3SAW3_Q75_lddt	RAA-1_Q75_lddt	9.824E-01	9.597E-01	9.709E-01	36.900	84	84	83
Q3SAW3_Q75_lddt	AF-E4WMC5-F1-model_v6_Q75_lddt	9.826E-01	9.598E-01	9.711E-01	32.100	84	84	83
Q3SAW3_Q75_lddt	A1YTM5_Q75_lddt	9.825E-01	9.597E-01	9.710E-01	36.900	84	84	83
Q3SAW3_Q75_lddt	Q5W3A6_Q75_lddt	9.764E-01	9.652E-01	9.652E-01	34.500	84	84	84
Q3SAW3_Q75_lddt	A3FFR2_Q75_lddt	9.956E-01	9.839E-01	9.294E-01	56.300	84	87	89
Q3SAW3_Q75_lddt	Q939H3_Q75_lddt	9.956E-01	9.839E-01	9.294E-01	52.800	84	87	89
Q3SAW3_Q75_lddt	B9U2I6_Q75_lddt	9.953E-01	9.837E-01	9.292E-01	56.300	84	87	89
Q3SAW3_Q75_lddt	F8SQ10_Q75_lddt	9.952E-01	9.835E-01	9.291E-01	56.300	84	87	89
Q3SAW3_Q75_lddt	Q8VP57_Q75_lddt	9.952E-01	9.835E-01	9.291E-01	56.300	84	87	89
Q3SAW3_Q75_lddt	A0ZX91_Q75_lddt	9.950E-01	9.834E-01	9.290E-01	56.300	84	87	89
Q3SAW3_Q75_lddt	D5LGB4_Q75_lddt	9.950E-01	9.834E-01	9.290E-01	56.300	84	87	89
Q3SAW3_Q75_lddt	S4TWB0_Q75_lddt	9.949E-01	9.833E-01	9.289E-01	56.300	84	87	89
Q3SAW3_Q75_lddt	A0ZX80_Q75_lddt	9.949E-01	9.832E-01	9.288E-01	56.300	84	87	89
Q3SAW3_Q75_lddt	A0A2P9E069_Q75_lddt	9.949E-01	9.832E-01	9.288E-01	56.300	84	87	89
Q3SAW3_Q75_lddt	Q0PGR7_Q75_lddt	9.948E-01	9.832E-01	9.288E-01	56.300	84	87	89
Q3SAW3_Q75_lddt	E5Q900_Q75_lddt	9.947E-01	9.830E-01	9.287E-01	56.300	84	87	89
Q3SAW3_Q75_lddt	AF-A0A0D0F642-F1-model_v4_Q75_lddt	9.795E-01	9.569E-01	9.680E-01	32.100	84	84	83
Q3SAW3_Q75_lddt	Q939H5_Q75_lddt	9.940E-01	9.824E-01	9.281E-01	55.100	84	87	89
Q3SAW3_Q75_lddt	H2ERK9_Q75_lddt	9.930E-01	9.814E-01	9.272E-01	56.300	84	87	89
Q3SAW3_Q75_lddt	B0FP98_Q75_lddt	9.928E-01	9.812E-01	9.270E-01	56.300	84	87	89
Q3SAW3_Q75_lddt	E5G517_Q75_lddt	9.927E-01	9.811E-01	9.269E-01	56.300	84	87	89
Q3SAW3_Q75_lddt	O33677_Q75_lddt	9.777E-01	9.663E-01	9.442E-01	48.200	84	87	86
Q3SAW3_Q75_lddt	Q2MJC2_Q75_lddt	9.923E-01	9.807E-01	9.265E-01	56.300	84	87	89
Q3SAW3_Q75_lddt	A0A097BQY7_Q75_lddt	9.920E-01	9.804E-01	9.263E-01	56.300	84	87	89
Q3SAW3_Q75_lddt	Q8KRG7_Q75_lddt	9.910E-01	9.795E-01	9.254E-01	56.300	84	87	89
Q3SAW3_Q75_lddt	Q8VP67_Q75_lddt	9.909E-01	9.794E-01	9.254E-01	56.300	84	87	89
Q3SAW3_Q75_lddt	J7HZA4_Q75_lddt	9.909E-01	9.793E-01	9.253E-01	55.100	84	87	89
Q3SAW3_Q75_lddt	Q8VT49_Q75_lddt	9.762E-01	9.537E-01	9.648E-01	33.300	84	84	83
Q3SAW3_Q75_lddt	AF-J9QX37-F1-model_v4_Q75_lddt	9.828E-01	9.373E-01	9.710E-01	30.900	84	84	81
Q3SAW3_Q75_lddt	Q9X6W1_Q75_lddt	9.702E-01	9.479E-01	9.589E-01	34.500	84	84	83
Q3SAW3_Q75_lddt	AF-A0A8E9ZWD0-F1-model_v6_Q75_lddt	9.705E-01	9.594E-01	9.486E-01	35.700	84	84	85
Q3SAW3_Q75_lddt	G9MB50_Q75_lddt	9.677E-01	9.456E-01	9.565E-01	32.100	84	84	83
Q3SAW3_Q75_lddt	G9M9P7_Q75_lddt	9.669E-01	9.448E-01	9.557E-01	32.100	84	84	83
Q3SAW3_Q75_lddt	G9MB49_Q75_lddt	9.668E-01	9.447E-01	9.556E-01	33.300	84	84	83
Q3SAW3_Q75_lddt	A0A0B6VPP7_Q75_lddt	9.660E-01	9.439E-01	9.548E-01	36.900	84	84	83
Q3SAW3_Q75_lddt	Q9RAZ9_Q75_lddt	9.714E-01	9.380E-01	9.600E-01	33.300	84	84	82
Q3SAW3_Q75_lddt	A0A1W5QH29_Q75_lddt	9.593E-01	9.482E-01	9.374E-01	36.700	84	87	85
Q3SAW3_Q75_lddt	A0A1W5QCF3_Q75_lddt	9.592E-01	9.481E-01	9.373E-01	36.700	84	87	85
Q3SAW3_Q75_lddt	A0A0E0SR47_Q75_lddt	9.562E-01	9.452E-01	9.344E-01	35.600	84	87	85
Q3SAW3_Q75_lddt	A0A1W5QG57_Q75_lddt	9.560E-01	9.449E-01	9.342E-01	35.600	84	87	85
Q3SAW3_Q75_lddt	AF-F4NA56-F1-model_v4_Q75_lddt	9.543E-01	9.433E-01	9.326E-01	34.400	84	87	85
Q3SAW3_Q75_lddt	A0A3Q8G682_Q75_lddt	9.568E-01	9.458E-01	9.245E-01	44.800	84	87	86
Q3SAW3_Q75_lddt	B5L5W7_Q75_lddt	9.634E-01	9.524E-01	9.209E-01	38.800	84	85	87
Q3SAW3_Q75_lddt	Q9XBM2_Q75_lddt	9.545E-01	9.436E-01	9.224E-01	41.300	84	87	86
Q3SAW3_Q75_lddt	AF-A0A127SQY3-F1-model_v6_Q75_lddt	9.500E-01	9.285E-01	9.392E-01	23.800	84	84	83
Q3SAW3_Q75_lddt	Q57509_Q75_lddt	9.454E-01	9.239E-01	9.239E-01	31.700	84	85	84
Q3SAW3_Q75_lddt	C8C0I2_Q75_lddt	9.391E-01	9.179E-01	9.284E-01	32.900	84	85	83
Q3SAW3_Q75_lddt	C8C0D8_Q75_lddt	9.199E-01	9.096E-01	8.896E-01	26.100	84	88	86
Q3SAW3_Q75_lddt	Q9X4S7_Q75_lddt	9.192E-01	9.089E-01	8.890E-01	27.200	84	88	86
Q6R5M7_Q75_lddt	Q6R5M7_Q75_lddt	1.012E+00	1.000E+00	1.000E+00	100.000	87	87	87
Q6R5M7_Q75_lddt	Q6ZY74_Q75_lddt	1.011E+00	9.998E-01	9.998E-01	97.700	87	87	87
Q6R5M7_Q75_lddt	Q5PU78_Q75_lddt	1.011E+00	9.998E-01	9.998E-01	100.000	87	87	87
Q6R5M7_Q75_lddt	Q6ZY77_Q75_lddt	1.011E+00	9.997E-01	9.997E-01	96.500	87	87	87
Q6R5M7_Q75_lddt	Q2YHZ2_Q75_lddt	1.011E+00	9.996E-01	9.996E-01	97.700	87	87	87
Q6R5M7_Q75_lddt	Q2YHZ5_Q75_lddt	1.011E+00	9.996E-01	9.996E-01	97.700	87	87	87
Q6R5M7_Q75_lddt	Q2YHZ3_Q75_lddt	1.011E+00	9.996E-01	9.996E-01	97.700	87	87	87
Q6R5M7_Q75_lddt	Q2YHZ0_Q75_lddt	1.011E+00	9.996E-01	9.996E-01	97.700	87	87	87
Q6R5M7_Q75_lddt	Q2YHX6_Q75_lddt	1.011E+00	9.996E-01	9.996E-01	98.800	87	87	87
Q6R5M7_Q75_lddt	Q2YHX8_Q75_lddt	1.011E+00	9.995E-01	9.995E-01	98.800	87	87	87
Q6R5M7_Q75_lddt	Q5I6D4_Q75_lddt	1.011E+00	9.994E-01	9.994E-01	98.800	87	87	87
Q6R5M7_Q75_lddt	B5D620_Q75_lddt	1.011E+00	9.994E-01	9.994E-01	97.700	87	87	87
Q6R5M7_Q75_lddt	A0A455LS80_Q75_lddt	1.011E+00	9.994E-01	9.994E-01	95.400	87	87	87
Q6R5M7_Q75_lddt	B8YHZ8_Q75_lddt	1.011E+00	9.993E-01	9.993E-01	97.700	87	87	87
Q6R5M7_Q75_lddt	Q6ZY58_Q75_lddt	1.011E+00	9.993E-01	9.993E-01	96.500	87	87	87
Q6R5M7_Q75_lddt	A0A0P0IGT7_Q75_lddt	1.011E+00	9.991E-01	9.991E-01	94.200	87	87	87
Q6R5M7_Q75_lddt	B5D612_Q75_lddt	1.011E+00	9.991E-01	9.991E-01	94.200	87	87	87
Q6R5M7_Q75_lddt	E9NST5_Q75_lddt	1.011E+00	9.990E-01	9.990E-01	91.900	87	87	87
Q6R5M7_Q75_lddt	A0A455LP07_Q75_lddt	1.011E+00	9.990E-01	9.990E-01	94.200	87	87	87
Q6R5M7_Q75_lddt	A0A455LP13_Q75_lddt	1.011E+00	9.990E-01	9.990E-01	94.200	87	87	87
Q6R5M7_Q75_lddt	A0A455LP02_Q75_lddt	1.011E+00	9.990E-01	9.990E-01	94.200	87	87	87
Q6R5M7_Q75_lddt	Q2YHY7_Q75_lddt	1.011E+00	9.990E-01	9.990E-01	97.700	87	87	87
Q6R5M7_Q75_lddt	R4ISB3_Q75_lddt	1.011E+00	9.989E-01	9.989E-01	94.200	87	87	87
Q6R5M7_Q75_lddt	Q84H47_Q75_lddt	1.010E+00	9.987E-01	9.987E-01	93.100	87	87	87
Q6R5M7_Q75_lddt	Q84H48_Q75_lddt	1.010E+00	9.984E-01	9.984E-01	93.100	87	87	87
Q6R5M7_Q75_lddt	Q8VQV7_Q75_lddt	1.010E+00	9.984E-01	9.984E-01	93.100	87	87	87
Q6R5M7_Q75_lddt	Q8GHI3_Q75_lddt	1.010E+00	9.981E-01	9.981E-01	80.400	87	87	87
Q6R5M7_Q75_lddt	Q9R429_Q75_lddt	1.010E+00	9.981E-01	9.981E-01	81.600	87	87	87
Q6R5M7_Q75_lddt	H9AXM1_Q75_lddt	1.010E+00	9.980E-01	9.980E-01	78.100	87	87	87
Q6R5M7_Q75_lddt	AF-Q6W7F0-F1-model_v4_Q75_lddt	1.009E+00	9.978E-01	9.978E-01	85.000	87	87	87
Q6R5M7_Q75_lddt	OKP-D-1_Q75_lddt	1.008E+00	9.964E-01	9.964E-01	95.400	87	87	87
Q6R5M7_Q75_lddt	C0LSK3_Q75_lddt	1.010E+00	9.868E-01	9.983E-01	97.600	87	86	86
Q6R5M7_Q75_lddt	OKP-C-1_Q75_lddt	1.010E+00	9.864E-01	9.979E-01	93.100	87	87	86
Q6R5M7_Q75_lddt	Q8VP67_Q75_lddt	1.011E+00	9.995E-01	9.771E-01	94.200	87	87	89
Q6R5M7_Q75_lddt	Q2MJC2_Q75_lddt	1.011E+00	9.995E-01	9.771E-01	94.200	87	87	89
Q6R5M7_Q75_lddt	J7HZA4_Q75_lddt	1.011E+00	9.995E-01	9.771E-01	93.100	87	87	89
Q6R5M7_Q75_lddt	A0A097BQY7_Q75_lddt	1.011E+00	9.994E-01	9.770E-01	94.200	87	87	89
Q6R5M7_Q75_lddt	Q8KRG7_Q75_lddt	1.011E+00	9.993E-01	9.769E-01	93.100	87	87	89
Q6R5M7_Q75_lddt	H2ERK9_Q75_lddt	1.011E+00	9.993E-01	9.768E-01	94.200	87	87	89
Q6R5M7_Q75_lddt	A0ZX80_Q75_lddt	1.011E+00	9.992E-01	9.768E-01	94.200	87	87	89
Q6R5M7_Q75_lddt	A0A2P9E069_Q75_lddt	1.011E+00	9.992E-01	9.768E-01	94.200	87	87	89
Q6R5M7_Q75_lddt	E5Q900_Q75_lddt	1.011E+00	9.992E-01	9.768E-01	94.200	87	87	89
Q6R5M7_Q75_lddt	S4TWB0_Q75_lddt	1.011E+00	9.992E-01	9.768E-01	94.200	87	87	89
Q6R5M7_Q75_lddt	D5LGB4_Q75_lddt	1.011E+00	9.992E-01	9.767E-01	94.200	87	87	89
Q6R5M7_Q75_lddt	A0ZX91_Q75_lddt	1.011E+00	9.992E-01	9.767E-01	94.200	87	87	89
Q6R5M7_Q75_lddt	B0FP98_Q75_lddt	1.011E+00	9.991E-01	9.767E-01	93.100	87	87	89
Q6R5M7_Q75_lddt	B9U2I6_Q75_lddt	1.011E+00	9.991E-01	9.767E-01	94.200	87	87	89
Q6R5M7_Q75_lddt	Q8VP57_Q75_lddt	1.011E+00	9.991E-01	9.767E-01	94.200	87	87	89
Q6R5M7_Q75_lddt	C8CE59_Q75_lddt	1.011E+00	9.763E-01	9.993E-01	91.900	87	87	85
Q6R5M7_Q75_lddt	A3FFR2_Q75_lddt	1.011E+00	9.990E-01	9.766E-01	94.200	87	87	89
Q6R5M7_Q75_lddt	C8CE60_Q75_lddt	1.011E+00	9.762E-01	9.992E-01	91.900	87	87	85
Q6R5M7_Q75_lddt	Q0PGR7_Q75_lddt	1.011E+00	9.990E-01	9.765E-01	93.100	87	87	89
Q6R5M7_Q75_lddt	Q939H5_Q75_lddt	1.011E+00	9.989E-01	9.765E-01	93.100	87	87	89
Q6R5M7_Q75_lddt	Q939H3_Q75_lddt	1.010E+00	9.989E-01	9.765E-01	93.100	87	87	89
Q6R5M7_Q75_lddt	F8SQ10_Q75_lddt	1.010E+00	9.986E-01	9.761E-01	94.200	87	87	89
Q6R5M7_Q75_lddt	O33677_Q75_lddt	1.004E+00	9.808E-01	9.921E-01	79.300	87	87	86
Q6R5M7_Q75_lddt	E5G517_Q75_lddt	1.006E+00	9.942E-01	9.720E-01	93.100	87	87	89
Q6R5M7_Q75_lddt	AF-A0A867XYA1-F1-model_v4_Q75_lddt	1.010E+00	9.870E-01	9.758E-01	85.000	87	87	88
Q6R5M7_Q75_lddt	AF-P18251-F1-model_v4_Q75_lddt	1.008E+00	9.853E-01	9.741E-01	89.600	87	87	88
Q6R5M7_Q75_lddt	B7FDD9_Q75_lddt	1.010E+00	9.405E-01	9.977E-01	88.500	87	87	82
Q6R5M7_Q75_lddt	P14171_Q75_lddt	9.913E-01	9.577E-01	9.799E-01	54.000	87	87	85
Q6R5M7_Q75_lddt	C5HUY1_Q75_lddt	9.930E-01	9.482E-01	9.814E-01	48.200	87	87	84
Q6R5M7_Q75_lddt	C6GC02_Q75_lddt	9.930E-01	9.481E-01	9.814E-01	47.100	87	87	84
Q6R5M7_Q75_lddt	A0A097ZLX5_Q75_lddt	9.930E-01	9.481E-01	9.814E-01	48.200	87	87	84
Q6R5M7_Q75_lddt	Q3SAW3_Q75_lddt	9.922E-01	9.474E-01	9.806E-01	51.700	87	87	84
Q6R5M7_Q75_lddt	AF-A0A1J0HSJ3-F1-model_v4_Q75_lddt	1.001E+00	9.324E-01	9.886E-01	55.100	87	87	82
Q6R5M7_Q75_lddt	AF-A0A3G1JAD7-F1-model_v4_Q75_lddt	9.995E-01	9.314E-01	9.875E-01	54.000	87	87	82
Q6R5M7_Q75_lddt	GES-44_Q75_lddt	9.904E-01	9.458E-01	9.789E-01	48.200	87	87	84
Q6R5M7_Q75_lddt	GES-41_Q75_lddt	9.903E-01	9.457E-01	9.788E-01	48.200	87	87	84
Q6R5M7_Q75_lddt	SGM-3_Q75_lddt	9.935E-01	9.486E-01	9.705E-01	49.400	87	87	85
Q6R5M7_Q75_lddt	SGM-2_Q75_lddt	9.931E-01	9.482E-01	9.701E-01	49.400	87	87	85
Q6R5M7_Q75_lddt	AF-E2D9D5-F1-model_v4_Q75_lddt	9.845E-01	9.404E-01	9.731E-01	28.700	87	87	84
Q6R5M7_Q75_lddt	PER-16_Q75_lddt	9.839E-01	9.398E-01	9.725E-01	40.200	87	87	84
Q6R5M7_Q75_lddt	AF-A0A886X7X6-F1-model_v6_Q75_lddt	9.875E-01	9.432E-01	9.648E-01	32.100	87	87	85
Q6R5M7_Q75_lddt	Q9AMJ7_Q75_lddt	9.870E-01	9.316E-01	9.754E-01	27.500	87	87	83
Q6R5M7_Q75_lddt	A1YTM5_Q75_lddt	9.864E-01	9.311E-01	9.749E-01	27.500	87	87	83
Q6R5M7_Q75_lddt	SGM-5_Q75_lddt	9.848E-01	9.406E-01	9.622E-01	48.200	87	87	85
Q6R5M7_Q75_lddt	A0A1W5QH29_Q75_lddt	9.765E-01	9.439E-01	9.654E-01	39.000	87	87	85
Q6R5M7_Q75_lddt	RAA-1_Q75_lddt	9.846E-01	9.295E-01	9.731E-01	29.800	87	87	83
Q6R5M7_Q75_lddt	A0A3Q8G682_Q75_lddt	9.686E-01	9.470E-01	9.577E-01	52.800	87	87	86
Q6R5M7_Q75_lddt	A0A1W5QCF3_Q75_lddt	9.755E-01	9.430E-01	9.644E-01	39.000	87	87	85
Q6R5M7_Q75_lddt	AF-Q1NAL0-F1-model_v4_Q75_lddt	9.831E-01	9.391E-01	9.606E-01	49.400	87	87	85
Q6R5M7_Q75_lddt	D5HSX5_Q75_lddt	9.827E-01	9.277E-01	9.711E-01	40.200	87	87	83
Q6R5M7_Q75_lddt	Q8VT49_Q75_lddt	9.825E-01	9.276E-01	9.710E-01	29.800	87	87	83
Q6R5M7_Q75_lddt	A0A2Z2Z6H0_Q75_lddt	9.776E-01	9.341E-01	9.664E-01	47.100	87	87	84
Q6R5M7_Q75_lddt	F8T7L4_Q75_lddt	9.813E-01	9.265E-01	9.698E-01	36.700	87	87	83
Q6R5M7_Q75_lddt	A0A1W5QG57_Q75_lddt	9.729E-01	9.405E-01	9.618E-01	39.000	87	87	85
Q6R5M7_Q75_lddt	Q5XQD3_Q75_lddt	9.812E-01	9.264E-01	9.697E-01	36.700	87	87	83
Q6R5M7_Q75_lddt	Q5W3A6_Q75_lddt	9.773E-01	9.339E-01	9.661E-01	33.300	87	87	84
Q6R5M7_Q75_lddt	P74842_Q75_lddt	9.808E-01	9.260E-01	9.693E-01	37.900	87	87	83
Q6R5M7_Q75_lddt	AF-A0A0D0F642-F1-model_v4_Q75_lddt	9.809E-01	9.262E-01	9.695E-01	31.000	87	87	83
Q6R5M7_Q75_lddt	Q9XBM2_Q75_lddt	9.652E-01	9.438E-01	9.544E-01	42.500	87	87	86
Q6R5M7_Q75_lddt	G9MB50_Q75_lddt	9.791E-01	9.246E-01	9.677E-01	31.000	87	87	83
Q6R5M7_Q75_lddt	G9M9P7_Q75_lddt	9.786E-01	9.241E-01	9.672E-01	31.000	87	87	83
Q6R5M7_Q75_lddt	G9MB49_Q75_lddt	9.783E-01	9.239E-01	9.669E-01	32.100	87	87	83
Q6R5M7_Q75_lddt	AF-E4WMC5-F1-model_v6_Q75_lddt	9.771E-01	9.227E-01	9.657E-01	37.900	87	87	83
Q6R5M7_Q75_lddt	AF-A0A8E9ZWD0-F1-model_v6_Q75_lddt	9.742E-01	9.310E-01	9.521E-01	31.000	87	87	85
Q6R5M7_Q75_lddt	A0A0E0SR47_Q75_lddt	9.656E-01	9.337E-01	9.548E-01	40.200	87	87	85
Q6R5M7_Q75_lddt	AF-J9QX37-F1-model_v4_Q75_lddt	9.810E-01	9.043E-01	9.693E-01	29.800	87	87	81
Q6R5M7_Q75_lddt	Q9X6W1_Q75_lddt	9.709E-01	9.170E-01	9.596E-01	31.000	87	87	83
Q6R5M7_Q75_lddt	Q9RAZ9_Q75_lddt	9.765E-01	9.114E-01	9.650E-01	29.800	87	87	82
Q6R5M7_Q75_lddt	B5L5W7_Q75_lddt	9.689E-01	9.366E-01	9.366E-01	40.200	87	87	87
Q6R5M7_Q75_lddt	A0A0B6VPP7_Q75_lddt	9.678E-01	9.142E-01	9.566E-01	29.800	87	87	83
Q6R5M7_Q75_lddt	AF-F4NA56-F1-model_v4_Q75_lddt	9.605E-01	9.289E-01	9.497E-01	39.000	87	87	85
Q6R5M7_Q75_lddt	AF-A0A127SQY3-F1-model_v6_Q75_lddt	9.553E-01	9.030E-01	9.444E-01	26.400	87	87	83
Q6R5M7_Q75_lddt	Q57509_Q75_lddt	9.498E-01	8.975E-01	9.281E-01	27.200	87	88	84
Q6R5M7_Q75_lddt	C8C0I2_Q75_lddt	9.470E-01	8.952E-01	9.362E-01	34.400	87	87	83
Q6R5M7_Q75_lddt	C8C0D8_Q75_lddt	9.170E-01	8.971E-01	9.070E-01	25.800	87	89	86
Q6R5M7_Q75_lddt	Q9X4S7_Q75_lddt	9.146E-01	8.949E-01	9.046E-01	28.000	87	89	86
Q8GHI3_Q75_lddt	Q8GHI3_Q75_lddt	1.012E+00	1.000E+00	1.000E+00	100.000	87	87	87
Q8GHI3_Q75_lddt	Q9R429_Q75_lddt	1.012E+00	9.999E-01	9.999E-01	98.800	87	87	87
Q8GHI3_Q75_lddt	H9AXM1_Q75_lddt	1.011E+00	9.996E-01	9.996E-01	97.700	87	87	87
Q8GHI3_Q75_lddt	Q5I6D4_Q75_lddt	1.010E+00	9.988E-01	9.988E-01	79.300	87	87	87
Q8GHI3_Q75_lddt	B8YHZ8_Q75_lddt	1.010E+00	9.988E-01	9.988E-01	79.300	87	87	87
Q8GHI3_Q75_lddt	Q2YHX8_Q75_lddt	1.010E+00	9.988E-01	9.988E-01	79.300	87	87	87
Q8GHI3_Q75_lddt	Q84H48_Q75_lddt	1.010E+00	9.988E-01	9.988E-01	77.000	87	87	87
Q8GHI3_Q75_lddt	A0A455LP07_Q75_lddt	1.010E+00	9.988E-01	9.988E-01	78.100	87	87	87
Q8GHI3_Q75_lddt	B5D620_Q75_lddt	1.010E+00	9.988E-01	9.988E-01	79.300	87	87	87
Q8GHI3_Q75_lddt	Q2YHX6_Q75_lddt	1.010E+00	9.987E-01	9.987E-01	79.300	87	87	87
Q8GHI3_Q75_lddt	B5D612_Q75_lddt	1.010E+00	9.987E-01	9.987E-01	78.100	87	87	87
Q8GHI3_Q75_lddt	A0A455LP02_Q75_lddt	1.010E+00	9.987E-01	9.987E-01	78.100	87	87	87
Q8GHI3_Q75_lddt	R4ISB3_Q75_lddt	1.010E+00	9.987E-01	9.987E-01	78.100	87	87	87
Q8GHI3_Q75_lddt	Q2YHZ2_Q75_lddt	1.010E+00	9.987E-01	9.987E-01	79.300	87	87	87
Q8GHI3_Q75_lddt	A0A455LP13_Q75_lddt	1.010E+00	9.987E-01	9.987E-01	78.100	87	87	87
Q8GHI3_Q75_lddt	Q2YHZ5_Q75_lddt	1.010E+00	9.986E-01	9.986E-01	79.300	87	87	87
Q8GHI3_Q75_lddt	E9NST5_Q75_lddt	1.010E+00	9.986E-01	9.986E-01	75.800	87	87	87
Q8GHI3_Q75_lddt	Q2YHZ3_Q75_lddt	1.010E+00	9.986E-01	9.986E-01	79.300	87	87	87
Q8GHI3_Q75_lddt	Q2YHZ0_Q75_lddt	1.010E+00	9.986E-01	9.986E-01	79.300	87	87	87
Q8GHI3_Q75_lddt	Q6ZY77_Q75_lddt	1.010E+00	9.985E-01	9.985E-01	78.100	87	87	87
Q8GHI3_Q75_lddt	Q5PU78_Q75_lddt	1.010E+00	9.985E-01	9.985E-01	80.400	87	87	87
Q8GHI3_Q75_lddt	A0A0P0IGT7_Q75_lddt	1.010E+00	9.985E-01	9.985E-01	78.100	87	87	87
Q8GHI3_Q75_lddt	Q84H47_Q75_lddt	1.010E+00	9.985E-01	9.985E-01	77.000	87	87	87
Q8GHI3_Q75_lddt	Q2YHY7_Q75_lddt	1.010E+00	9.984E-01	9.984E-01	79.300	87	87	87
Q8GHI3_Q75_lddt	A0A455LS80_Q75_lddt	1.010E+00	9.983E-01	9.983E-01	79.300	87	87	87
Q8GHI3_Q75_lddt	AF-Q6W7F0-F1-model_v4_Q75_lddt	1.010E+00	9.983E-01	9.983E-01	83.900	87	87	87
Q8GHI3_Q75_lddt	Q8VQV7_Q75_lddt	1.010E+00	9.982E-01	9.982E-01	77.000	87	87	87
Q8GHI3_Q75_lddt	Q6ZY74_Q75_lddt	1.010E+00	9.982E-01	9.982E-01	79.300	87	87	87
Q8GHI3_Q75_lddt	Q6ZY58_Q75_lddt	1.010E+00	9.981E-01	9.981E-01	78.100	87	87	87
Q8GHI3_Q75_lddt	Q6R5M7_Q75_lddt	1.010E+00	9.981E-01	9.981E-01	80.400	87	87	87
Q8GHI3_Q75_lddt	OKP-D-1_Q75_lddt	1.007E+00	9.958E-01	9.958E-01	78.100	87	87	87
Q8GHI3_Q75_lddt	C0LSK3_Q75_lddt	1.010E+00	9.865E-01	9.980E-01	79.000	87	86	86
Q8GHI3_Q75_lddt	OKP-C-1_Q75_lddt	1.009E+00	9.862E-01	9.977E-01	80.400	87	87	86
Q8GHI3_Q75_lddt	B9U2I6_Q75_lddt	1.011E+00	9.990E-01	9.766E-01	80.400	87	87	89
Q8GHI3_Q75_lddt	A0ZX91_Q75_lddt	1.011E+00	9.990E-01	9.766E-01	80.400	87	87	89
Q8GHI3_Q75_lddt	A0A2P9E069_Q75_lddt	1.011E+00	9.990E-01	9.766E-01	80.400	87	87	89
Q8GHI3_Q75_lddt	D5LGB4_Q75_lddt	1.011E+00	9.990E-01	9.765E-01	80.400	87	87	89
Q8GHI3_Q75_lddt	A0ZX80_Q75_lddt	1.011E+00	9.990E-01	9.765E-01	80.400	87	87	89
Q8GHI3_Q75_lddt	S4TWB0_Q75_lddt	1.011E+00	9.989E-01	9.765E-01	80.400	87	87	89
Q8GHI3_Q75_lddt	Q8VP57_Q75_lddt	1.011E+00	9.989E-01	9.765E-01	80.400	87	87	89
Q8GHI3_Q75_lddt	E5Q900_Q75_lddt	1.011E+00	9.989E-01	9.765E-01	80.400	87	87	89
Q8GHI3_Q75_lddt	A3FFR2_Q75_lddt	1.010E+00	9.988E-01	9.764E-01	80.400	87	87	89
Q8GHI3_Q75_lddt	Q0PGR7_Q75_lddt	1.010E+00	9.988E-01	9.764E-01	79.300	87	87	89
Q8GHI3_Q75_lddt	Q2MJC2_Q75_lddt	1.010E+00	9.986E-01	9.762E-01	80.400	87	87	89
Q8GHI3_Q75_lddt	Q939H3_Q75_lddt	1.010E+00	9.986E-01	9.762E-01	77.000	87	87	89
Q8GHI3_Q75_lddt	A0A097BQY7_Q75_lddt	1.010E+00	9.986E-01	9.762E-01	80.400	87	87	89
Q8GHI3_Q75_lddt	C8CE59_Q75_lddt	1.010E+00	9.755E-01	9.984E-01	78.100	87	87	85
Q8GHI3_Q75_lddt	H2ERK9_Q75_lddt	1.010E+00	9.982E-01	9.758E-01	80.400	87	87	89
Q8GHI3_Q75_lddt	Q939H5_Q75_lddt	1.010E+00	9.981E-01	9.758E-01	79.300	87	87	89
Q8GHI3_Q75_lddt	F8SQ10_Q75_lddt	1.010E+00	9.981E-01	9.757E-01	80.400	87	87	89
Q8GHI3_Q75_lddt	O33677_Q75_lddt	1.006E+00	9.827E-01	9.941E-01	97.700	87	87	86
Q8GHI3_Q75_lddt	C8CE60_Q75_lddt	1.010E+00	9.753E-01	9.982E-01	78.100	87	87	85
Q8GHI3_Q75_lddt	Q8VP67_Q75_lddt	1.010E+00	9.980E-01	9.756E-01	80.400	87	87	89
Q8GHI3_Q75_lddt	J7HZA4_Q75_lddt	1.010E+00	9.979E-01	9.756E-01	79.300	87	87	89
Q8GHI3_Q75_lddt	B0FP98_Q75_lddt	1.009E+00	9.979E-01	9.755E-01	79.300	87	87	89
Q8GHI3_Q75_lddt	Q8KRG7_Q75_lddt	1.009E+00	9.977E-01	9.753E-01	79.300	87	87	89
Q8GHI3_Q75_lddt	E5G517_Q75_lddt	1.005E+00	9.934E-01	9.712E-01	79.300	87	87	89
Q8GHI3_Q75_lddt	AF-A0A867XYA1-F1-model_v4_Q75_lddt	1.009E+00	9.856E-01	9.745E-01	70.100	87	87	88
Q8GHI3_Q75_lddt	AF-P18251-F1-model_v4_Q75_lddt	1.009E+00	9.854E-01	9.742E-01	75.800	87	87	88
Q8GHI3_Q75_lddt	B7FDD9_Q75_lddt	1.009E+00	9.399E-01	9.970E-01	74.700	87	87	82
Q8GHI3_Q75_lddt	P14171_Q75_lddt	9.922E-01	9.586E-01	9.807E-01	55.100	87	87	85
Q8GHI3_Q75_lddt	Q3SAW3_Q75_lddt	9.962E-01	9.511E-01	9.845E-01	49.400	87	87	84
Q8GHI3_Q75_lddt	C5HUY1_Q75_lddt	9.953E-01	9.502E-01	9.836E-01	47.100	87	87	84
Q8GHI3_Q75_lddt	C6GC02_Q75_lddt	9.952E-01	9.501E-01	9.835E-01	45.900	87	87	84
Q8GHI3_Q75_lddt	A0A097ZLX5_Q75_lddt	9.952E-01	9.501E-01	9.835E-01	47.100	87	87	84
Q8GHI3_Q75_lddt	AF-A0A3G1JAD7-F1-model_v4_Q75_lddt	1.002E+00	9.336E-01	9.899E-01	52.800	87	87	82
Q8GHI3_Q75_lddt	AF-A0A1J0HSJ3-F1-model_v4_Q75_lddt	1.002E+00	9.334E-01	9.897E-01	52.800	87	87	82
Q8GHI3_Q75_lddt	GES-44_Q75_lddt	9.933E-01	9.484E-01	9.817E-01	47.100	87	87	84
Q8GHI3_Q75_lddt	GES-41_Q75_lddt	9.929E-01	9.481E-01	9.813E-01	47.100	87	87	84
Q8GHI3_Q75_lddt	SGM-3_Q75_lddt	9.944E-01	9.494E-01	9.713E-01	48.200	87	87	85
Q8GHI3_Q75_lddt	SGM-2_Q75_lddt	9.941E-01	9.491E-01	9.711E-01	48.200	87	87	85
Q8GHI3_Q75_lddt	PER-16_Q75_lddt	9.894E-01	9.449E-01	9.779E-01	37.900	87	87	84
Q8GHI3_Q75_lddt	AF-E2D9D5-F1-model_v4_Q75_lddt	9.877E-01	9.434E-01	9.763E-01	28.700	87	87	84
Q8GHI3_Q75_lddt	AF-A0A886X7X6-F1-model_v6_Q75_lddt	9.905E-01	9.458E-01	9.676E-01	33.300	87	87	85
Q8GHI3_Q75_lddt	Q9AMJ7_Q75_lddt	9.902E-01	9.344E-01	9.785E-01	27.500	87	87	83
Q8GHI3_Q75_lddt	A1YTM5_Q75_lddt	9.897E-01	9.340E-01	9.781E-01	27.500	87	87	83
Q8GHI3_Q75_lddt	RAA-1_Q75_lddt	9.885E-01	9.329E-01	9.768E-01	27.500	87	87	83
Q8GHI3_Q75_lddt	D5HSX5_Q75_lddt	9.881E-01	9.326E-01	9.765E-01	41.300	87	87	83
Q8GHI3_Q75_lddt	F8T7L4_Q75_lddt	9.869E-01	9.315E-01	9.753E-01	35.600	87	87	83
Q8GHI3_Q75_lddt	Q5XQD3_Q75_lddt	9.868E-01	9.314E-01	9.752E-01	35.600	87	87	83
Q8GHI3_Q75_lddt	SGM-5_Q75_lddt	9.866E-01	9.423E-01	9.639E-01	48.200	87	87	85
Q8GHI3_Q75_lddt	P74842_Q75_lddt	9.866E-01	9.312E-01	9.750E-01	37.900	87	87	83
Q8GHI3_Q75_lddt	A0A2Z2Z6H0_Q75_lddt	9.824E-01	9.385E-01	9.711E-01	47.100	87	87	84
Q8GHI3_Q75_lddt	A0A1W5QH29_Q75_lddt	9.779E-01	9.453E-01	9.668E-01	41.300	87	87	85
Q8GHI3_Q75_lddt	A0A1W5QCF3_Q75_lddt	9.770E-01	9.444E-01	9.659E-01	41.300	87	87	85
Q8GHI3_Q75_lddt	AF-Q1NAL0-F1-model_v4_Q75_lddt	9.850E-01	9.408E-01	9.624E-01	49.400	87	87	85
Q8GHI3_Q75_lddt	A0A3Q8G682_Q75_lddt	9.699E-01	9.483E-01	9.589E-01	52.800	87	87	86
Q8GHI3_Q75_lddt	Q8VT49_Q75_lddt	9.852E-01	9.300E-01	9.737E-01	27.500	87	87	83
Q8GHI3_Q75_lddt	AF-A0A0D0F642-F1-model_v4_Q75_lddt	9.847E-01	9.295E-01	9.731E-01	33.300	87	87	83
Q8GHI3_Q75_lddt	Q5W3A6_Q75_lddt	9.804E-01	9.367E-01	9.691E-01	31.000	87	87	84
Q8GHI3_Q75_lddt	Q9XBM2_Q75_lddt	9.675E-01	9.460E-01	9.567E-01	47.100	87	87	86
Q8GHI3_Q75_lddt	A0A1W5QG57_Q75_lddt	9.739E-01	9.414E-01	9.628E-01	42.500	87	87	85
Q8GHI3_Q75_lddt	G9MB50_Q75_lddt	9.811E-01	9.263E-01	9.696E-01	28.700	87	87	83
Q8GHI3_Q75_lddt	G9M9P7_Q75_lddt	9.805E-01	9.258E-01	9.691E-01	26.400	87	87	83
Q8GHI3_Q75_lddt	G9MB49_Q75_lddt	9.803E-01	9.256E-01	9.688E-01	27.500	87	87	83
Q8GHI3_Q75_lddt	AF-E4WMC5-F1-model_v6_Q75_lddt	9.798E-01	9.251E-01	9.683E-01	35.600	87	87	83
Q8GHI3_Q75_lddt	A0A0E0SR47_Q75_lddt	9.704E-01	9.382E-01	9.594E-01	41.300	87	87	85
Q8GHI3_Q75_lddt	AF-J9QX37-F1-model_v4_Q75_lddt	9.858E-01	9.084E-01	9.740E-01	25.200	87	87	81
Q8GHI3_Q75_lddt	AF-A0A8E9ZWD0-F1-model_v6_Q75_lddt	9.769E-01	9.335E-01	9.547E-01	33.300	87	87	85
Q8GHI3_Q75_lddt	Q9X6W1_Q75_lddt	9.746E-01	9.203E-01	9.632E-01	29.800	87	87	83
Q8GHI3_Q75_lddt	Q9RAZ9_Q75_lddt	9.800E-01	9.144E-01	9.684E-01	27.500	87	87	82
Q8GHI3_Q75_lddt	AF-F4NA56-F1-model_v4_Q75_lddt	9.659E-01	9.339E-01	9.550E-01	37.900	87	87	85
Q8GHI3_Q75_lddt	A0A0B6VPP7_Q75_lddt	9.715E-01	9.174E-01	9.602E-01	28.700	87	87	83
Q8GHI3_Q75_lddt	B5L5W7_Q75_lddt	9.703E-01	9.380E-01	9.380E-01	33.300	87	87	87
Q8GHI3_Q75_lddt	AF-A0A127SQY3-F1-model_v6_Q75_lddt	9.571E-01	9.045E-01	9.461E-01	24.100	87	87	83
Q8GHI3_Q75_lddt	Q57509_Q75_lddt	9.532E-01	9.005E-01	9.314E-01	27.200	87	88	84
Q8GHI3_Q75_lddt	C8C0I2_Q75_lddt	9.501E-01	8.980E-01	9.393E-01	31.000	87	87	83
Q8GHI3_Q75_lddt	C8C0D8_Q75_lddt	9.203E-01	9.003E-01	9.102E-01	25.800	87	89	86
Q8GHI3_Q75_lddt	Q9X4S7_Q75_lddt	9.180E-01	8.980E-01	9.079E-01	28.000	87	89	86
Q939H3_Q75_lddt	Q939H3_Q75_lddt	1.011E+00	1.000E+00	1.000E+00	100.000	89	89	89
Q939H3_Q75_lddt	Q0PGR7_Q75_lddt	1.011E+00	9.994E-01	9.994E-01	92.100	89	89	89
Q939H3_Q75_lddt	D5LGB4_Q75_lddt	1.011E+00	9.992E-01	9.992E-01	92.100	89	89	89
Q939H3_Q75_lddt	B9U2I6_Q75_lddt	1.011E+00	9.992E-01	9.992E-01	92.100	89	89	89
Q939H3_Q75_lddt	A0ZX91_Q75_lddt	1.011E+00	9.992E-01	9.992E-01	92.100	89	89	89
Q939H3_Q75_lddt	E5Q900_Q75_lddt	1.011E+00	9.992E-01	9.992E-01	92.100	89	89	89
Q939H3_Q75_lddt	A0A2P9E069_Q75_lddt	1.010E+00	9.991E-01	9.991E-01	92.100	89	89	89
Q939H3_Q75_lddt	S4TWB0_Q75_lddt	1.010E+00	9.991E-01	9.991E-01	92.100	89	89	89
Q939H3_Q75_lddt	A0ZX80_Q75_lddt	1.010E+00	9.990E-01	9.990E-01	92.100	89	89	89
Q939H3_Q75_lddt	Q8VP57_Q75_lddt	1.010E+00	9.990E-01	9.990E-01	92.100	89	89	89
Q939H3_Q75_lddt	A3FFR2_Q75_lddt	1.010E+00	9.988E-01	9.988E-01	92.100	89	89	89
Q939H3_Q75_lddt	B0FP98_Q75_lddt	1.010E+00	9.987E-01	9.987E-01	91.000	89	89	89
Q939H3_Q75_lddt	H2ERK9_Q75_lddt	1.010E+00	9.987E-01	9.987E-01	92.100	89	89	89
Q939H3_Q75_lddt	A0A097BQY7_Q75_lddt	1.010E+00	9.985E-01	9.985E-01	92.100	89	89	89
Q939H3_Q75_lddt	Q939H5_Q75_lddt	1.010E+00	9.985E-01	9.985E-01	91.000	89	89	89
Q939H3_Q75_lddt	Q8VP67_Q75_lddt	1.010E+00	9.985E-01	9.985E-01	92.100	89	89	89
Q939H3_Q75_lddt	Q2MJC2_Q75_lddt	1.010E+00	9.983E-01	9.983E-01	92.100	89	89	89
Q939H3_Q75_lddt	Q8KRG7_Q75_lddt	1.010E+00	9.983E-01	9.983E-01	92.100	89	89	89
Q939H3_Q75_lddt	J7HZA4_Q75_lddt	1.010E+00	9.982E-01	9.982E-01	91.000	89	89	89
Q939H3_Q75_lddt	F8SQ10_Q75_lddt	1.009E+00	9.978E-01	9.978E-01	92.100	89	89	89
Q939H3_Q75_lddt	E5G517_Q75_lddt	1.005E+00	9.935E-01	9.935E-01	91.000	89	89	89
Q939H3_Q75_lddt	AF-A0A867XYA1-F1-model_v4_Q75_lddt	1.009E+00	9.868E-01	9.979E-01	82.000	89	89	88
Q939H3_Q75_lddt	AF-P18251-F1-model_v4_Q75_lddt	1.009E+00	9.860E-01	9.971E-01	87.600	89	89	88
Q939H3_Q75_lddt	A0A455LP02_Q75_lddt	1.012E+00	9.775E-01	9.999E-01	98.800	89	87	87
Q939H3_Q75_lddt	A0A455LP07_Q75_lddt	1.012E+00	9.775E-01	9.999E-01	98.800	89	87	87
Q939H3_Q75_lddt	A0A455LP13_Q75_lddt	1.012E+00	9.774E-01	9.999E-01	98.800	89	87	87
Q939H3_Q75_lddt	R4ISB3_Q75_lddt	1.012E+00	9.774E-01	9.999E-01	98.800	89	87	87
Q939H3_Q75_lddt	E9NST5_Q75_lddt	1.011E+00	9.774E-01	9.999E-01	97.700	89	87	87
Q939H3_Q75_lddt	B5D612_Q75_lddt	1.011E+00	9.774E-01	9.998E-01	97.700	89	87	87
Q939H3_Q75_lddt	A0A0P0IGT7_Q75_lddt	1.011E+00	9.773E-01	9.997E-01	97.700	89	87	87
Q939H3_Q75_lddt	Q84H48_Q75_lddt	1.011E+00	9.772E-01	9.997E-01	98.800	89	87	87
Q939H3_Q75_lddt	B8YHZ8_Q75_lddt	1.011E+00	9.771E-01	9.995E-01	93.100	89	87	87
Q939H3_Q75_lddt	A0A455LS80_Q75_lddt	1.011E+00	9.770E-01	9.995E-01	97.700	89	87	87
Q939H3_Q75_lddt	Q5I6D4_Q75_lddt	1.011E+00	9.770E-01	9.995E-01	94.200	89	87	87
Q939H3_Q75_lddt	Q2YHX8_Q75_lddt	1.011E+00	9.770E-01	9.995E-01	94.200	89	87	87
Q939H3_Q75_lddt	B5D620_Q75_lddt	1.011E+00	9.770E-01	9.994E-01	93.100	89	87	87
Q939H3_Q75_lddt	Q2YHX6_Q75_lddt	1.011E+00	9.770E-01	9.994E-01	94.200	89	87	87
Q939H3_Q75_lddt	Q84H47_Q75_lddt	1.011E+00	9.768E-01	9.993E-01	98.800	89	87	87
Q939H3_Q75_lddt	Q2YHZ5_Q75_lddt	1.011E+00	9.767E-01	9.992E-01	93.100	89	87	87
Q939H3_Q75_lddt	Q6ZY77_Q75_lddt	1.011E+00	9.766E-01	9.991E-01	91.900	89	87	87
Q939H3_Q75_lddt	Q2YHZ3_Q75_lddt	1.011E+00	9.766E-01	9.991E-01	93.100	89	87	87
Q939H3_Q75_lddt	Q2YHZ0_Q75_lddt	1.011E+00	9.766E-01	9.991E-01	93.100	89	87	87
Q939H3_Q75_lddt	Q5PU78_Q75_lddt	1.011E+00	9.766E-01	9.990E-01	93.100	89	87	87
Q939H3_Q75_lddt	Q2YHZ2_Q75_lddt	1.011E+00	9.766E-01	9.990E-01	93.100	89	87	87
Q939H3_Q75_lddt	Q8VQV7_Q75_lddt	1.011E+00	9.766E-01	9.990E-01	98.800	89	87	87
Q939H3_Q75_lddt	Q6ZY74_Q75_lddt	1.011E+00	9.766E-01	9.990E-01	93.100	89	87	87
Q939H3_Q75_lddt	Q6R5M7_Q75_lddt	1.010E+00	9.765E-01	9.989E-01	93.100	89	87	87
Q939H3_Q75_lddt	Q2YHY7_Q75_lddt	1.010E+00	9.763E-01	9.987E-01	93.100	89	87	87
Q939H3_Q75_lddt	Q9R429_Q75_lddt	1.010E+00	9.763E-01	9.987E-01	78.100	89	87	87
Q939H3_Q75_lddt	Q6ZY58_Q75_lddt	1.010E+00	9.762E-01	9.986E-01	91.900	89	87	87
Q939H3_Q75_lddt	Q8GHI3_Q75_lddt	1.010E+00	9.762E-01	9.986E-01	77.000	89	87	87
Q939H3_Q75_lddt	AF-Q6W7F0-F1-model_v4_Q75_lddt	1.010E+00	9.760E-01	9.984E-01	83.900	89	87	87
Q939H3_Q75_lddt	H9AXM1_Q75_lddt	1.010E+00	9.759E-01	9.983E-01	74.700	89	87	87
Q939H3_Q75_lddt	OKP-D-1_Q75_lddt	1.009E+00	9.749E-01	9.972E-01	94.200	89	87	87
Q939H3_Q75_lddt	OKP-C-1_Q75_lddt	1.010E+00	9.649E-01	9.985E-01	90.800	89	87	86
Q939H3_Q75_lddt	C0LSK3_Q75_lddt	1.010E+00	9.647E-01	9.983E-01	93.000	89	86	86
Q939H3_Q75_lddt	C8CE59_Q75_lddt	1.011E+00	9.540E-01	9.988E-01	89.600	89	87	85
Q939H3_Q75_lddt	C8CE60_Q75_lddt	1.011E+00	9.539E-01	9.987E-01	89.600	89	87	85
Q939H3_Q75_lddt	O33677_Q75_lddt	1.004E+00	9.595E-01	9.928E-01	75.800	89	87	86
Q939H3_Q75_lddt	B7FDD9_Q75_lddt	1.010E+00	9.196E-01	9.980E-01	86.200	89	87	82
Q939H3_Q75_lddt	P14171_Q75_lddt	9.930E-01	9.381E-01	9.815E-01	54.000	89	87	85
Q939H3_Q75_lddt	Q3SAW3_Q75_lddt	9.956E-01	9.294E-01	9.839E-01	52.800	89	87	84
Q939H3_Q75_lddt	C5HUY1_Q75_lddt	9.945E-01	9.285E-01	9.828E-01	49.400	89	87	84
Q939H3_Q75_lddt	C6GC02_Q75_lddt	9.944E-01	9.284E-01	9.828E-01	48.200	89	87	84
Q939H3_Q75_lddt	A0A097ZLX5_Q75_lddt	9.943E-01	9.283E-01	9.827E-01	49.400	89	87	84
Q939H3_Q75_lddt	AF-A0A1J0HSJ3-F1-model_v4_Q75_lddt	1.002E+00	9.128E-01	9.900E-01	55.100	89	87	82
Q939H3_Q75_lddt	GES-44_Q75_lddt	9.928E-01	9.270E-01	9.812E-01	49.400	89	87	84
Q939H3_Q75_lddt	AF-A0A3G1JAD7-F1-model_v4_Q75_lddt	1.001E+00	9.119E-01	9.888E-01	55.100	89	87	82
Q939H3_Q75_lddt	GES-41_Q75_lddt	9.926E-01	9.268E-01	9.810E-01	49.400	89	87	84
Q939H3_Q75_lddt	SGM-3_Q75_lddt	9.941E-01	9.282E-01	9.711E-01	51.700	89	87	85
Q939H3_Q75_lddt	SGM-2_Q75_lddt	9.939E-01	9.280E-01	9.709E-01	51.700	89	87	85
Q939H3_Q75_lddt	PER-16_Q75_lddt	9.863E-01	9.214E-01	9.749E-01	40.200	89	87	84
Q939H3_Q75_lddt	AF-E2D9D5-F1-model_v4_Q75_lddt	9.854E-01	9.206E-01	9.740E-01	29.800	89	87	84
Q939H3_Q75_lddt	AF-A0A886X7X6-F1-model_v6_Q75_lddt	9.881E-01	9.229E-01	9.653E-01	33.300	89	87	85
Q939H3_Q75_lddt	Q9AMJ7_Q75_lddt	9.877E-01	9.118E-01	9.761E-01	29.800	89	87	83
Q939H3_Q75_lddt	A1YTM5_Q75_lddt	9.873E-01	9.113E-01	9.756E-01	29.800	89	87	83
Q939H3_Q75_lddt	A0A1W5QH29_Q75_lddt	9.784E-01	9.251E-01	9.673E-01	37.900	89	87	85
Q939H3_Q75_lddt	SGM-5_Q75_lddt	9.860E-01	9.211E-01	9.634E-01	50.500	89	87	85
Q939H3_Q75_lddt	A0A2Z2Z6H0_Q75_lddt	9.819E-01	9.175E-01	9.705E-01	47.100	89	87	84
Q939H3_Q75_lddt	RAA-1_Q75_lddt	9.861E-01	9.104E-01	9.745E-01	31.000	89	87	83
Q939H3_Q75_lddt	A0A1W5QCF3_Q75_lddt	9.775E-01	9.242E-01	9.663E-01	37.900	89	87	85
Q939H3_Q75_lddt	D5HSX5_Q75_lddt	9.852E-01	9.096E-01	9.737E-01	40.200	89	87	83
Q939H3_Q75_lddt	A0A3Q8G682_Q75_lddt	9.696E-01	9.274E-01	9.587E-01	55.100	89	87	86
Q939H3_Q75_lddt	AF-Q1NAL0-F1-model_v4_Q75_lddt	9.847E-01	9.199E-01	9.621E-01	51.700	89	87	85
Q939H3_Q75_lddt	F8T7L4_Q75_lddt	9.840E-01	9.086E-01	9.725E-01	36.700	89	87	83
Q939H3_Q75_lddt	Q5XQD3_Q75_lddt	9.839E-01	9.085E-01	9.724E-01	37.900	89	87	83
Q939H3_Q75_lddt	P74842_Q75_lddt	9.837E-01	9.083E-01	9.722E-01	37.900	89	87	83
Q939H3_Q75_lddt	Q8VT49_Q75_lddt	9.830E-01	9.077E-01	9.715E-01	31.000	89	87	83
Q939H3_Q75_lddt	A0A1W5QG57_Q75_lddt	9.744E-01	9.215E-01	9.634E-01	37.900	89	87	85
Q939H3_Q75_lddt	Q5W3A6_Q75_lddt	9.784E-01	9.145E-01	9.671E-01	33.300	89	87	84
Q939H3_Q75_lddt	Q9XBM2_Q75_lddt	9.674E-01	9.253E-01	9.565E-01	41.300	89	87	86
Q939H3_Q75_lddt	AF-A0A0D0F642-F1-model_v4_Q75_lddt	9.822E-01	9.070E-01	9.707E-01	32.100	89	87	83
Q939H3_Q75_lddt	AF-E4WMC5-F1-model_v6_Q75_lddt	9.789E-01	9.041E-01	9.674E-01	36.700	89	87	83
Q939H3_Q75_lddt	G9MB50_Q75_lddt	9.785E-01	9.039E-01	9.671E-01	29.800	89	87	83
Q939H3_Q75_lddt	G9M9P7_Q75_lddt	9.780E-01	9.034E-01	9.666E-01	29.800	89	87	83
Q939H3_Q75_lddt	A0A0E0SR47_Q75_lddt	9.695E-01	9.171E-01	9.585E-01	39.000	89	87	85
Q939H3_Q75_lddt	G9MB49_Q75_lddt	9.777E-01	9.032E-01	9.663E-01	31.000	89	87	83
Q939H3_Q75_lddt	AF-A0A8E9ZWD0-F1-model_v6_Q75_lddt	9.751E-01	9.116E-01	9.530E-01	31.000	89	87	85
Q939H3_Q75_lddt	AF-J9QX37-F1-model_v4_Q75_lddt	9.823E-01	8.856E-01	9.706E-01	28.700	89	87	81
Q939H3_Q75_lddt	Q9RAZ9_Q75_lddt	9.777E-01	8.926E-01	9.662E-01	31.000	89	87	82
Q939H3_Q75_lddt	Q9X6W1_Q75_lddt	9.715E-01	8.976E-01	9.602E-01	33.300	89	87	83
Q939H3_Q75_lddt	AF-F4NA56-F1-model_v4_Q75_lddt	9.644E-01	9.125E-01	9.536E-01	37.900	89	87	85
Q939H3_Q75_lddt	A0A0B6VPP7_Q75_lddt	9.685E-01	8.950E-01	9.572E-01	31.000	89	87	83
Q939H3_Q75_lddt	B5L5W7_Q75_lddt	9.679E-01	9.155E-01	9.358E-01	36.700	89	87	87
Q939H3_Q75_lddt	AF-A0A127SQY3-F1-model_v6_Q75_lddt	9.546E-01	8.829E-01	9.436E-01	25.200	89	87	83
Q939H3_Q75_lddt	Q57509_Q75_lddt	9.509E-01	8.791E-01	9.292E-01	28.400	89	88	84
Q939H3_Q75_lddt	C8C0I2_Q75_lddt	9.475E-01	8.765E-01	9.367E-01	33.300	89	87	83
Q939H3_Q75_lddt	C8C0D8_Q75_lddt	9.177E-01	8.787E-01	9.076E-01	24.700	89	89	86
Q939H3_Q75_lddt	Q9X4S7_Q75_lddt	9.155E-01	8.767E-01	9.055E-01	26.900	89	89	86
Q9X6W1_Q75_lddt	Q9X6W1_Q75_lddt	1.012E+00	1.000E+00	1.000E+00	100.000	83	83	83
Q9X6W1_Q75_lddt	A0A0B6VPP7_Q75_lddt	1.011E+00	9.991E-01	9.991E-01	92.700	83	83	83
Q9X6W1_Q75_lddt	AF-A0A127SQY3-F1-model_v6_Q75_lddt	9.989E-01	9.870E-01	9.870E-01	45.700	83	83	83
Q9X6W1_Q75_lddt	AF-A0A0D0F642-F1-model_v4_Q75_lddt	9.962E-01	9.843E-01	9.843E-01	65.000	83	83	83
Q9X6W1_Q75_lddt	A1YTM5_Q75_lddt	9.934E-01	9.816E-01	9.816E-01	59.000	83	83	83
Q9X6W1_Q75_lddt	Q9AMJ7_Q75_lddt	9.933E-01	9.815E-01	9.815E-01	59.000	83	83	83
Q9X6W1_Q75_lddt	C8C0I2_Q75_lddt	9.890E-01	9.772E-01	9.772E-01	47.600	83	84	83
Q9X6W1_Q75_lddt	RAA-1_Q75_lddt	9.905E-01	9.788E-01	9.788E-01	53.000	83	83	83
Q9X6W1_Q75_lddt	G9MB50_Q75_lddt	9.898E-01	9.781E-01	9.781E-01	48.100	83	83	83
Q9X6W1_Q75_lddt	Q8VT49_Q75_lddt	9.897E-01	9.780E-01	9.780E-01	49.300	83	83	83
Q9X6W1_Q75_lddt	G9MB49_Q75_lddt	9.894E-01	9.777E-01	9.777E-01	49.300	83	83	83
Q9X6W1_Q75_lddt	AF-E2D9D5-F1-model_v4_Q75_lddt	9.931E-01	9.813E-01	9.697E-01	50.000	83	84	84
Q9X6W1_Q75_lddt	G9M9P7_Q75_lddt	9.891E-01	9.774E-01	9.774E-01	49.300	83	83	83
Q9X6W1_Q75_lddt	Q5W3A6_Q75_lddt	9.913E-01	9.795E-01	9.681E-01	55.900	83	84	84
Q9X6W1_Q75_lddt	Q9RAZ9_Q75_lddt	9.911E-01	9.676E-01	9.792E-01	49.300	83	83	82
Q9X6W1_Q75_lddt	D5HSX5_Q75_lddt	9.856E-01	9.740E-01	9.740E-01	49.300	83	83	83
Q9X6W1_Q75_lddt	P74842_Q75_lddt	9.855E-01	9.739E-01	9.739E-01	46.900	83	83	83
Q9X6W1_Q75_lddt	Q57509_Q75_lddt	9.874E-01	9.757E-01	9.642E-01	50.000	83	84	84
Q9X6W1_Q75_lddt	Q5XQD3_Q75_lddt	9.851E-01	9.735E-01	9.735E-01	44.500	83	83	83
Q9X6W1_Q75_lddt	F8T7L4_Q75_lddt	9.850E-01	9.734E-01	9.734E-01	44.500	83	83	83
Q9X6W1_Q75_lddt	AF-A0A886X7X6-F1-model_v6_Q75_lddt	9.923E-01	9.805E-01	9.578E-01	48.800	83	84	85
Q9X6W1_Q75_lddt	PER-16_Q75_lddt	9.864E-01	9.747E-01	9.634E-01	45.200	83	84	84
Q9X6W1_Q75_lddt	AF-E4WMC5-F1-model_v6_Q75_lddt	9.814E-01	9.699E-01	9.699E-01	49.300	83	83	83
Q9X6W1_Q75_lddt	AF-J9QX37-F1-model_v4_Q75_lddt	9.832E-01	9.484E-01	9.713E-01	39.700	83	83	81
Q9X6W1_Q75_lddt	AF-A0A8E9ZWD0-F1-model_v6_Q75_lddt	9.808E-01	9.693E-01	9.470E-01	38.000	83	84	85
Q9X6W1_Q75_lddt	AF-A0A3G1JAD7-F1-model_v4_Q75_lddt	9.724E-01	9.497E-01	9.609E-01	33.700	83	83	82
Q9X6W1_Q75_lddt	AF-A0A1J0HSJ3-F1-model_v4_Q75_lddt	9.716E-01	9.490E-01	9.602E-01	32.500	83	83	82
Q9X6W1_Q75_lddt	Q3SAW3_Q75_lddt	9.702E-01	9.589E-01	9.479E-01	34.500	83	84	84
Q9X6W1_Q75_lddt	C8C0D8_Q75_lddt	9.748E-01	9.633E-01	9.304E-01	35.600	83	87	86
Q9X6W1_Q75_lddt	Q9X4S7_Q75_lddt	9.744E-01	9.629E-01	9.300E-01	33.300	83	87	86
Q9X6W1_Q75_lddt	B7FDD9_Q75_lddt	9.697E-01	9.472E-01	9.583E-01	32.500	83	83	82
Q9X6W1_Q75_lddt	C8CE59_Q75_lddt	9.716E-01	9.603E-01	9.385E-01	32.900	83	85	85
Q9X6W1_Q75_lddt	SGM-2_Q75_lddt	9.706E-01	9.594E-01	9.375E-01	36.900	83	84	85
Q9X6W1_Q75_lddt	SGM-3_Q75_lddt	9.704E-01	9.591E-01	9.373E-01	36.900	83	84	85
Q9X6W1_Q75_lddt	C8CE60_Q75_lddt	9.695E-01	9.582E-01	9.365E-01	32.900	83	85	85
Q9X6W1_Q75_lddt	H9AXM1_Q75_lddt	9.750E-01	9.636E-01	9.206E-01	29.800	83	87	87
Q9X6W1_Q75_lddt	Q9R429_Q75_lddt	9.748E-01	9.634E-01	9.204E-01	31.000	83	87	87
Q9X6W1_Q75_lddt	Q8GHI3_Q75_lddt	9.746E-01	9.632E-01	9.203E-01	29.800	83	87	87
Q9X6W1_Q75_lddt	GES-44_Q75_lddt	9.630E-01	9.519E-01	9.410E-01	39.200	83	84	84
Q9X6W1_Q75_lddt	OKP-C-1_Q75_lddt	9.703E-01	9.590E-01	9.267E-01	31.300	83	86	86
Q9X6W1_Q75_lddt	AF-Q6W7F0-F1-model_v4_Q75_lddt	9.732E-01	9.619E-01	9.190E-01	34.400	83	87	87
Q9X6W1_Q75_lddt	C5HUY1_Q75_lddt	9.621E-01	9.510E-01	9.402E-01	39.200	83	84	84
Q9X6W1_Q75_lddt	A0A097ZLX5_Q75_lddt	9.621E-01	9.510E-01	9.401E-01	39.200	83	84	84
Q9X6W1_Q75_lddt	C6GC02_Q75_lddt	9.618E-01	9.507E-01	9.399E-01	38.000	83	84	84
Q9X6W1_Q75_lddt	Q2YHX6_Q75_lddt	9.723E-01	9.610E-01	9.182E-01	31.000	83	87	87
Q9X6W1_Q75_lddt	GES-41_Q75_lddt	9.613E-01	9.503E-01	9.394E-01	39.200	83	84	84
Q9X6W1_Q75_lddt	Q84H48_Q75_lddt	9.722E-01	9.609E-01	9.181E-01	33.300	83	87	87
Q9X6W1_Q75_lddt	Q84H47_Q75_lddt	9.720E-01	9.607E-01	9.179E-01	33.300	83	87	87
Q9X6W1_Q75_lddt	Q5PU78_Q75_lddt	9.719E-01	9.606E-01	9.179E-01	31.000	83	87	87
Q9X6W1_Q75_lddt	Q2YHZ2_Q75_lddt	9.718E-01	9.605E-01	9.178E-01	31.000	83	87	87
Q9X6W1_Q75_lddt	Q8VQV7_Q75_lddt	9.718E-01	9.605E-01	9.178E-01	33.300	83	87	87
Q9X6W1_Q75_lddt	B5D612_Q75_lddt	9.719E-01	9.605E-01	9.178E-01	32.100	83	87	87
Q9X6W1_Q75_lddt	Q2YHY7_Q75_lddt	9.718E-01	9.604E-01	9.177E-01	31.000	83	87	87
Q9X6W1_Q75_lddt	Q5I6D4_Q75_lddt	9.718E-01	9.605E-01	9.178E-01	31.000	83	87	87
Q9X6W1_Q75_lddt	B5D620_Q75_lddt	9.718E-01	9.605E-01	9.178E-01	31.000	83	87	87
Q9X6W1_Q75_lddt	A0A0P0IGT7_Q75_lddt	9.717E-01	9.604E-01	9.177E-01	32.100	83	87	87
Q9X6W1_Q75_lddt	B8YHZ8_Q75_lddt	9.716E-01	9.603E-01	9.176E-01	31.000	83	87	87
Q9X6W1_Q75_lddt	A0A455LP07_Q75_lddt	9.717E-01	9.604E-01	9.177E-01	33.300	83	87	87
Q9X6W1_Q75_lddt	E9NST5_Q75_lddt	9.715E-01	9.602E-01	9.175E-01	33.300	83	87	87
Q9X6W1_Q75_lddt	Q2YHX8_Q75_lddt	9.715E-01	9.602E-01	9.175E-01	31.000	83	87	87
Q9X6W1_Q75_lddt	A0A455LP13_Q75_lddt	9.715E-01	9.602E-01	9.175E-01	33.300	83	87	87
Q9X6W1_Q75_lddt	A0A455LP02_Q75_lddt	9.715E-01	9.602E-01	9.175E-01	33.300	83	87	87
Q9X6W1_Q75_lddt	A0A455LS80_Q75_lddt	9.714E-01	9.601E-01	9.175E-01	32.100	83	87	87
Q9X6W1_Q75_lddt	R4ISB3_Q75_lddt	9.712E-01	9.599E-01	9.172E-01	33.300	83	87	87
Q9X6W1_Q75_lddt	AF-Q1NAL0-F1-model_v4_Q75_lddt	9.635E-01	9.523E-01	9.308E-01	38.000	83	84	85
Q9X6W1_Q75_lddt	Q2YHZ3_Q75_lddt	9.710E-01	9.597E-01	9.170E-01	31.000	83	87	87
Q9X6W1_Q75_lddt	Q6ZY77_Q75_lddt	9.710E-01	9.597E-01	9.170E-01	31.000	83	87	87
Q9X6W1_Q75_lddt	Q2YHZ5_Q75_lddt	9.710E-01	9.597E-01	9.170E-01	31.000	83	87	87
Q9X6W1_Q75_lddt	Q6R5M7_Q75_lddt	9.709E-01	9.596E-01	9.170E-01	31.000	83	87	87
Q9X6W1_Q75_lddt	Q2YHZ0_Q75_lddt	9.707E-01	9.594E-01	9.168E-01	31.000	83	87	87
Q9X6W1_Q75_lddt	Q6ZY74_Q75_lddt	9.704E-01	9.591E-01	9.165E-01	31.000	83	87	87
Q9X6W1_Q75_lddt	Q6ZY58_Q75_lddt	9.687E-01	9.574E-01	9.150E-01	31.000	83	87	87
Q9X6W1_Q75_lddt	SGM-5_Q75_lddt	9.606E-01	9.495E-01	9.281E-01	39.200	83	84	85
Q9X6W1_Q75_lddt	AF-P18251-F1-model_v4_Q75_lddt	9.716E-01	9.603E-01	9.075E-01	30.200	83	86	88
Q9X6W1_Q75_lddt	A0A2Z2Z6H0_Q75_lddt	9.561E-01	9.451E-01	9.344E-01	34.500	83	84	84
Q9X6W1_Q75_lddt	P14171_Q75_lddt	9.598E-01	9.487E-01	9.274E-01	25.800	83	85	85
Q9X6W1_Q75_lddt	C0LSK3_Q75_lddt	9.706E-01	9.481E-01	9.161E-01	30.200	83	86	86
Q9X6W1_Q75_lddt	OKP-D-1_Q75_lddt	9.664E-01	9.552E-01	9.129E-01	29.800	83	87	87
Q9X6W1_Q75_lddt	E5G517_Q75_lddt	9.723E-01	9.610E-01	8.983E-01	32.100	83	87	89
Q9X6W1_Q75_lddt	A0ZX91_Q75_lddt	9.723E-01	9.610E-01	8.983E-01	32.100	83	87	89
Q9X6W1_Q75_lddt	Q8VP57_Q75_lddt	9.723E-01	9.609E-01	8.982E-01	32.100	83	87	89
Q9X6W1_Q75_lddt	B9U2I6_Q75_lddt	9.722E-01	9.609E-01	8.981E-01	32.100	83	87	89
Q9X6W1_Q75_lddt	S4TWB0_Q75_lddt	9.721E-01	9.608E-01	8.980E-01	32.100	83	87	89
Q9X6W1_Q75_lddt	A0ZX80_Q75_lddt	9.721E-01	9.607E-01	8.980E-01	32.100	83	87	89
Q9X6W1_Q75_lddt	D5LGB4_Q75_lddt	9.721E-01	9.608E-01	8.980E-01	32.100	83	87	89
Q9X6W1_Q75_lddt	AF-A0A867XYA1-F1-model_v4_Q75_lddt	9.685E-01	9.573E-01	9.048E-01	27.900	83	86	88
Q9X6W1_Q75_lddt	A0A2P9E069_Q75_lddt	9.720E-01	9.607E-01	8.979E-01	32.100	83	87	89
Q9X6W1_Q75_lddt	O33677_Q75_lddt	9.574E-01	9.463E-01	9.144E-01	29.800	83	87	86
Q9X6W1_Q75_lddt	E5Q900_Q75_lddt	9.718E-01	9.605E-01	8.978E-01	32.100	83	87	89
Q9X6W1_Q75_lddt	F8SQ10_Q75_lddt	9.717E-01	9.604E-01	8.977E-01	32.100	83	87	89
Q9X6W1_Q75_lddt	Q2MJC2_Q75_lddt	9.717E-01	9.604E-01	8.977E-01	32.100	83	87	89
Q9X6W1_Q75_lddt	A3FFR2_Q75_lddt	9.716E-01	9.603E-01	8.976E-01	32.100	83	87	89
Q9X6W1_Q75_lddt	Q0PGR7_Q75_lddt	9.716E-01	9.603E-01	8.976E-01	32.100	83	87	89
Q9X6W1_Q75_lddt	Q939H3_Q75_lddt	9.715E-01	9.602E-01	8.976E-01	33.300	83	87	89
Q9X6W1_Q75_lddt	Q939H5_Q75_lddt	9.714E-01	9.601E-01	8.974E-01	32.100	83	87	89
Q9X6W1_Q75_lddt	H2ERK9_Q75_lddt	9.706E-01	9.593E-01	8.968E-01	32.100	83	87	89
Q9X6W1_Q75_lddt	Q9XBM2_Q75_lddt	9.552E-01	9.441E-01	9.123E-01	25.200	83	87	86
Q9X6W1_Q75_lddt	A0A097BQY7_Q75_lddt	9.703E-01	9.590E-01	8.965E-01	32.100	83	87	89
Q9X6W1_Q75_lddt	Q8VP67_Q75_lddt	9.702E-01	9.589E-01	8.964E-01	32.100	83	87	89
Q9X6W1_Q75_lddt	B0FP98_Q75_lddt	9.700E-01	9.587E-01	8.962E-01	32.100	83	87	89
Q9X6W1_Q75_lddt	J7HZA4_Q75_lddt	9.699E-01	9.586E-01	8.962E-01	31.000	83	87	89
Q9X6W1_Q75_lddt	Q8KRG7_Q75_lddt	9.698E-01	9.586E-01	8.961E-01	32.100	83	87	89
Q9X6W1_Q75_lddt	B5L5W7_Q75_lddt	9.574E-01	9.463E-01	9.045E-01	32.900	83	85	87
Q9X6W1_Q75_lddt	A0A0E0SR47_Q75_lddt	9.419E-01	9.311E-01	9.101E-01	29.800	83	87	85
Q9X6W1_Q75_lddt	A0A3Q8G682_Q75_lddt	9.449E-01	9.340E-01	9.029E-01	32.100	83	87	86
Q9X6W1_Q75_lddt	AF-F4NA56-F1-model_v4_Q75_lddt	9.351E-01	9.244E-01	9.038E-01	31.000	83	87	85
Q9X6W1_Q75_lddt	A0A1W5QH29_Q75_lddt	9.341E-01	9.235E-01	9.028E-01	29.800	83	87	85
Q9X6W1_Q75_lddt	A0A1W5QCF3_Q75_lddt	9.331E-01	9.225E-01	9.019E-01	28.700	83	87	85
Q9X6W1_Q75_lddt	A0A1W5QG57_Q75_lddt	9.298E-01	9.193E-01	8.988E-01	29.800	83	87	85
SGM-2_Q75_lddt	SGM-2_Q75_lddt	1.012E+00	1.000E+00	1.000E+00	100.000	85	85	85
SGM-2_Q75_lddt	SGM-3_Q75_lddt	1.012E+00	9.881E-01	9.881E-01	100.000	85	84	85
SGM-2_Q75_lddt	SGM-5_Q75_lddt	1.009E+00	9.850E-01	9.850E-01	88.000	85	84	85
SGM-2_Q75_lddt	AF-Q1NAL0-F1-model_v4_Q75_lddt	1.007E+00	9.834E-01	9.834E-01	86.900	85	84	85
SGM-2_Q75_lddt	GES-41_Q75_lddt	9.980E-01	9.748E-01	9.862E-01	54.700	85	84	84
SGM-2_Q75_lddt	A0A097ZLX5_Q75_lddt	9.977E-01	9.746E-01	9.860E-01	54.700	85	84	84
SGM-2_Q75_lddt	C5HUY1_Q75_lddt	9.977E-01	9.745E-01	9.860E-01	54.700	85	84	84
SGM-2_Q75_lddt	GES-44_Q75_lddt	9.976E-01	9.745E-01	9.859E-01	54.700	85	84	84
SGM-2_Q75_lddt	C6GC02_Q75_lddt	9.975E-01	9.744E-01	9.858E-01	53.500	85	84	84
SGM-2_Q75_lddt	AF-A0A1J0HSJ3-F1-model_v4_Q75_lddt	1.005E+00	9.579E-01	9.927E-01	54.700	85	84	82
SGM-2_Q75_lddt	Q3SAW3_Q75_lddt	9.965E-01	9.734E-01	9.848E-01	59.500	85	84	84
SGM-2_Q75_lddt	AF-A0A3G1JAD7-F1-model_v4_Q75_lddt	1.004E+00	9.569E-01	9.916E-01	57.100	85	84	82
SGM-2_Q75_lddt	B7FDD9_Q75_lddt	9.987E-01	9.523E-01	9.867E-01	54.700	85	84	82
SGM-2_Q75_lddt	OKP-C-1_Q75_lddt	9.970E-01	9.739E-01	9.627E-01	53.400	85	86	86
SGM-2_Q75_lddt	PER-16_Q75_lddt	9.886E-01	9.658E-01	9.771E-01	45.200	85	84	84
SGM-2_Q75_lddt	A0A2Z2Z6H0_Q75_lddt	9.865E-01	9.639E-01	9.751E-01	57.100	85	84	84
SGM-2_Q75_lddt	D5HSX5_Q75_lddt	9.885E-01	9.543E-01	9.768E-01	45.200	85	84	83
SGM-2_Q75_lddt	AF-Q6W7F0-F1-model_v4_Q75_lddt	9.961E-01	9.730E-01	9.509E-01	49.400	85	87	87
SGM-2_Q75_lddt	Q8VQV7_Q75_lddt	9.961E-01	9.730E-01	9.510E-01	51.700	85	87	87
SGM-2_Q75_lddt	AF-P18251-F1-model_v4_Q75_lddt	9.998E-01	9.766E-01	9.436E-01	52.300	85	86	88
SGM-2_Q75_lddt	Q2YHY7_Q75_lddt	9.960E-01	9.729E-01	9.508E-01	50.500	85	87	87
SGM-2_Q75_lddt	OKP-D-1_Q75_lddt	9.959E-01	9.728E-01	9.508E-01	50.500	85	87	87
SGM-2_Q75_lddt	Q84H47_Q75_lddt	9.957E-01	9.726E-01	9.506E-01	51.700	85	87	87
SGM-2_Q75_lddt	F8T7L4_Q75_lddt	9.876E-01	9.535E-01	9.759E-01	45.200	85	84	83
SGM-2_Q75_lddt	Q5XQD3_Q75_lddt	9.875E-01	9.534E-01	9.759E-01	45.200	85	84	83
SGM-2_Q75_lddt	P74842_Q75_lddt	9.874E-01	9.533E-01	9.758E-01	44.000	85	84	83
SGM-2_Q75_lddt	Q84H48_Q75_lddt	9.948E-01	9.718E-01	9.498E-01	51.700	85	87	87
SGM-2_Q75_lddt	Q6ZY77_Q75_lddt	9.947E-01	9.716E-01	9.497E-01	50.500	85	87	87
SGM-2_Q75_lddt	B8YHZ8_Q75_lddt	9.945E-01	9.715E-01	9.495E-01	50.500	85	87	87
SGM-2_Q75_lddt	Q2YHZ3_Q75_lddt	9.944E-01	9.714E-01	9.494E-01	50.500	85	87	87
SGM-2_Q75_lddt	Q2YHZ5_Q75_lddt	9.944E-01	9.714E-01	9.494E-01	50.500	85	87	87
SGM-2_Q75_lddt	Q2YHZ0_Q75_lddt	9.943E-01	9.713E-01	9.494E-01	50.500	85	87	87
SGM-2_Q75_lddt	B5D620_Q75_lddt	9.943E-01	9.713E-01	9.493E-01	50.500	85	87	87
SGM-2_Q75_lddt	H9AXM1_Q75_lddt	9.943E-01	9.713E-01	9.493E-01	47.100	85	87	87
SGM-2_Q75_lddt	Q9R429_Q75_lddt	9.942E-01	9.712E-01	9.493E-01	48.200	85	87	87
SGM-2_Q75_lddt	A0A455LS80_Q75_lddt	9.942E-01	9.712E-01	9.493E-01	51.700	85	87	87
SGM-2_Q75_lddt	Q5I6D4_Q75_lddt	9.942E-01	9.712E-01	9.492E-01	50.500	85	87	87
SGM-2_Q75_lddt	Q2YHX8_Q75_lddt	9.941E-01	9.711E-01	9.492E-01	50.500	85	87	87
SGM-2_Q75_lddt	A0A0P0IGT7_Q75_lddt	9.942E-01	9.712E-01	9.492E-01	51.700	85	87	87
SGM-2_Q75_lddt	Q8GHI3_Q75_lddt	9.941E-01	9.711E-01	9.491E-01	48.200	85	87	87
SGM-2_Q75_lddt	Q2YHZ2_Q75_lddt	9.941E-01	9.711E-01	9.491E-01	50.500	85	87	87
SGM-2_Q75_lddt	B5D612_Q75_lddt	9.940E-01	9.710E-01	9.491E-01	51.700	85	87	87
SGM-2_Q75_lddt	E9NST5_Q75_lddt	9.939E-01	9.710E-01	9.490E-01	51.700	85	87	87
SGM-2_Q75_lddt	Q6ZY74_Q75_lddt	9.938E-01	9.709E-01	9.489E-01	50.500	85	87	87
SGM-2_Q75_lddt	A0A455LP07_Q75_lddt	9.938E-01	9.709E-01	9.489E-01	51.700	85	87	87
SGM-2_Q75_lddt	A0A455LP02_Q75_lddt	9.938E-01	9.708E-01	9.489E-01	51.700	85	87	87
SGM-2_Q75_lddt	Q2YHX6_Q75_lddt	9.937E-01	9.707E-01	9.488E-01	50.500	85	87	87
SGM-2_Q75_lddt	A0A455LP13_Q75_lddt	9.936E-01	9.706E-01	9.487E-01	51.700	85	87	87
SGM-2_Q75_lddt	R4ISB3_Q75_lddt	9.936E-01	9.706E-01	9.487E-01	51.700	85	87	87
SGM-2_Q75_lddt	Q5PU78_Q75_lddt	9.935E-01	9.705E-01	9.486E-01	49.400	85	87	87
SGM-2_Q75_lddt	Q6R5M7_Q75_lddt	9.931E-01	9.701E-01	9.482E-01	49.400	85	87	87
SGM-2_Q75_lddt	Q6ZY58_Q75_lddt	9.929E-01	9.700E-01	9.481E-01	50.500	85	87	87
SGM-2_Q75_lddt	C8CE59_Q75_lddt	9.816E-01	9.589E-01	9.589E-01	54.600	85	86	85
SGM-2_Q75_lddt	Q9AMJ7_Q75_lddt	9.856E-01	9.517E-01	9.740E-01	36.900	85	84	83
SGM-2_Q75_lddt	C0LSK3_Q75_lddt	9.966E-01	9.620E-01	9.509E-01	50.000	85	86	86
SGM-2_Q75_lddt	A1YTM5_Q75_lddt	9.850E-01	9.511E-01	9.734E-01	36.900	85	84	83
SGM-2_Q75_lddt	AF-A0A886X7X6-F1-model_v6_Q75_lddt	9.847E-01	9.621E-01	9.621E-01	39.200	85	84	85
SGM-2_Q75_lddt	C8CE60_Q75_lddt	9.806E-01	9.580E-01	9.580E-01	54.600	85	86	85
SGM-2_Q75_lddt	AF-E2D9D5-F1-model_v4_Q75_lddt	9.800E-01	9.576E-01	9.687E-01	35.700	85	84	84
SGM-2_Q75_lddt	P14171_Q75_lddt	9.827E-01	9.601E-01	9.601E-01	48.200	85	85	85
SGM-2_Q75_lddt	AF-A0A867XYA1-F1-model_v4_Q75_lddt	9.943E-01	9.713E-01	9.387E-01	47.600	85	86	88
SGM-2_Q75_lddt	A3FFR2_Q75_lddt	9.948E-01	9.718E-01	9.288E-01	54.000	85	87	89
SGM-2_Q75_lddt	E5G517_Q75_lddt	9.942E-01	9.712E-01	9.282E-01	54.000	85	87	89
SGM-2_Q75_lddt	D5LGB4_Q75_lddt	9.940E-01	9.710E-01	9.281E-01	54.000	85	87	89
SGM-2_Q75_lddt	A0ZX80_Q75_lddt	9.940E-01	9.710E-01	9.281E-01	54.000	85	87	89
SGM-2_Q75_lddt	A0ZX91_Q75_lddt	9.940E-01	9.710E-01	9.281E-01	54.000	85	87	89
SGM-2_Q75_lddt	B9U2I6_Q75_lddt	9.939E-01	9.709E-01	9.280E-01	54.000	85	87	89
SGM-2_Q75_lddt	AF-A0A0D0F642-F1-model_v4_Q75_lddt	9.789E-01	9.454E-01	9.675E-01	38.000	85	84	83
SGM-2_Q75_lddt	Q939H3_Q75_lddt	9.939E-01	9.709E-01	9.280E-01	51.700	85	87	89
SGM-2_Q75_lddt	S4TWB0_Q75_lddt	9.938E-01	9.709E-01	9.279E-01	54.000	85	87	89
SGM-2_Q75_lddt	Q2MJC2_Q75_lddt	9.939E-01	9.709E-01	9.279E-01	54.000	85	87	89
SGM-2_Q75_lddt	A0A2P9E069_Q75_lddt	9.938E-01	9.709E-01	9.279E-01	54.000	85	87	89
SGM-2_Q75_lddt	F8SQ10_Q75_lddt	9.938E-01	9.708E-01	9.279E-01	54.000	85	87	89
SGM-2_Q75_lddt	E5Q900_Q75_lddt	9.938E-01	9.708E-01	9.279E-01	54.000	85	87	89
SGM-2_Q75_lddt	A0A097BQY7_Q75_lddt	9.937E-01	9.707E-01	9.278E-01	54.000	85	87	89
SGM-2_Q75_lddt	Q8VP57_Q75_lddt	9.936E-01	9.706E-01	9.277E-01	54.000	85	87	89
SGM-2_Q75_lddt	Q939H5_Q75_lddt	9.935E-01	9.706E-01	9.277E-01	52.800	85	87	89
SGM-2_Q75_lddt	Q0PGR7_Q75_lddt	9.932E-01	9.702E-01	9.274E-01	54.000	85	87	89
SGM-2_Q75_lddt	Q8KRG7_Q75_lddt	9.928E-01	9.699E-01	9.270E-01	55.100	85	87	89
SGM-2_Q75_lddt	H2ERK9_Q75_lddt	9.927E-01	9.698E-01	9.270E-01	54.000	85	87	89
SGM-2_Q75_lddt	Q8VP67_Q75_lddt	9.927E-01	9.697E-01	9.269E-01	54.000	85	87	89
SGM-2_Q75_lddt	B0FP98_Q75_lddt	9.925E-01	9.696E-01	9.268E-01	54.000	85	87	89
SGM-2_Q75_lddt	AF-E4WMC5-F1-model_v6_Q75_lddt	9.775E-01	9.441E-01	9.661E-01	38.000	85	84	83
SGM-2_Q75_lddt	J7HZA4_Q75_lddt	9.922E-01	9.693E-01	9.265E-01	52.800	85	87	89
SGM-2_Q75_lddt	O33677_Q75_lddt	9.767E-01	9.542E-01	9.433E-01	47.100	85	87	86
SGM-2_Q75_lddt	Q8VT49_Q75_lddt	9.757E-01	9.424E-01	9.643E-01	33.300	85	84	83
SGM-2_Q75_lddt	RAA-1_Q75_lddt	9.757E-01	9.424E-01	9.643E-01	38.000	85	84	83
SGM-2_Q75_lddt	Q5W3A6_Q75_lddt	9.711E-01	9.491E-01	9.600E-01	29.700	85	84	84
SGM-2_Q75_lddt	AF-A0A8E9ZWD0-F1-model_v6_Q75_lddt	9.749E-01	9.528E-01	9.528E-01	39.200	85	84	85
SGM-2_Q75_lddt	Q9X6W1_Q75_lddt	9.706E-01	9.375E-01	9.594E-01	36.900	85	84	83
SGM-2_Q75_lddt	G9MB50_Q75_lddt	9.713E-01	9.383E-01	9.600E-01	41.600	85	84	83
SGM-2_Q75_lddt	B5L5W7_Q75_lddt	9.765E-01	9.542E-01	9.329E-01	35.200	85	85	87
SGM-2_Q75_lddt	G9MB49_Q75_lddt	9.703E-01	9.374E-01	9.591E-01	40.400	85	84	83
SGM-2_Q75_lddt	G9M9P7_Q75_lddt	9.702E-01	9.373E-01	9.590E-01	39.200	85	84	83
SGM-2_Q75_lddt	AF-J9QX37-F1-model_v4_Q75_lddt	9.780E-01	9.223E-01	9.663E-01	29.700	85	84	81
SGM-2_Q75_lddt	Q9RAZ9_Q75_lddt	9.728E-01	9.287E-01	9.614E-01	30.900	85	84	82
SGM-2_Q75_lddt	A0A0B6VPP7_Q75_lddt	9.666E-01	9.337E-01	9.554E-01	35.700	85	84	83
SGM-2_Q75_lddt	A0A1W5QH29_Q75_lddt	9.612E-01	9.392E-01	9.392E-01	36.700	85	87	85
SGM-2_Q75_lddt	A0A1W5QCF3_Q75_lddt	9.604E-01	9.384E-01	9.384E-01	36.700	85	87	85
SGM-2_Q75_lddt	A0A1W5QG57_Q75_lddt	9.601E-01	9.381E-01	9.381E-01	36.700	85	87	85
SGM-2_Q75_lddt	A0A3Q8G682_Q75_lddt	9.613E-01	9.393E-01	9.287E-01	48.200	85	87	86
SGM-2_Q75_lddt	AF-A0A127SQY3-F1-model_v6_Q75_lddt	9.537E-01	9.216E-01	9.428E-01	27.300	85	84	83
SGM-2_Q75_lddt	A0A0E0SR47_Q75_lddt	9.486E-01	9.271E-01	9.271E-01	34.400	85	87	85
SGM-2_Q75_lddt	Q9XBM2_Q75_lddt	9.511E-01	9.296E-01	9.192E-01	39.000	85	87	86
SGM-2_Q75_lddt	AF-F4NA56-F1-model_v4_Q75_lddt	9.471E-01	9.257E-01	9.257E-01	32.100	85	87	85
SGM-2_Q75_lddt	Q57509_Q75_lddt	9.455E-01	9.137E-01	9.241E-01	32.900	85	85	84
SGM-2_Q75_lddt	C8C0I2_Q75_lddt	9.373E-01	9.058E-01	9.265E-01	35.200	85	85	83
SGM-2_Q75_lddt	C8C0D8_Q75_lddt	9.272E-01	9.065E-01	8.965E-01	27.200	85	88	86
SGM-2_Q75_lddt	Q9X4S7_Q75_lddt	9.223E-01	9.018E-01	8.919E-01	28.400	85	88	86
A0A455LP02_Q75_lddt	A0A455LP02_Q75_lddt	1.012E+00	1.000E+00	1.000E+00	100.000	87	87	87
A0A455LP02_Q75_lddt	A0A455LP07_Q75_lddt	1.012E+00	1.000E+00	1.000E+00	100.000	87	87	87
A0A455LP02_Q75_lddt	A0A455LP13_Q75_lddt	1.012E+00	1.000E+00	1.000E+00	100.000	87	87	87
A0A455LP02_Q75_lddt	R4ISB3_Q75_lddt	1.012E+00	9.999E-01	9.999E-01	100.000	87	87	87
A0A455LP02_Q75_lddt	E9NST5_Q75_lddt	1.011E+00	9.998E-01	9.998E-01	96.500	87	87	87
A0A455LP02_Q75_lddt	B5D612_Q75_lddt	1.011E+00	9.998E-01	9.998E-01	96.500	87	87	87
A0A455LP02_Q75_lddt	A0A0P0IGT7_Q75_lddt	1.011E+00	9.997E-01	9.997E-01	96.500	87	87	87
A0A455LP02_Q75_lddt	Q84H48_Q75_lddt	1.011E+00	9.997E-01	9.997E-01	97.700	87	87	87
A0A455LP02_Q75_lddt	B8YHZ8_Q75_lddt	1.011E+00	9.996E-01	9.996E-01	94.200	87	87	87
A0A455LP02_Q75_lddt	A0A455LS80_Q75_lddt	1.011E+00	9.996E-01	9.996E-01	98.800	87	87	87
A0A455LP02_Q75_lddt	Q2YHX8_Q75_lddt	1.011E+00	9.995E-01	9.995E-01	95.400	87	87	87
A0A455LP02_Q75_lddt	Q5I6D4_Q75_lddt	1.011E+00	9.995E-01	9.995E-01	95.400	87	87	87
A0A455LP02_Q75_lddt	Q2YHX6_Q75_lddt	1.011E+00	9.995E-01	9.995E-01	95.400	87	87	87
A0A455LP02_Q75_lddt	B5D620_Q75_lddt	1.011E+00	9.995E-01	9.995E-01	94.200	87	87	87
A0A455LP02_Q75_lddt	Q84H47_Q75_lddt	1.011E+00	9.993E-01	9.993E-01	97.700	87	87	87
A0A455LP02_Q75_lddt	Q2YHZ5_Q75_lddt	1.011E+00	9.993E-01	9.993E-01	94.200	87	87	87
A0A455LP02_Q75_lddt	Q2YHZ0_Q75_lddt	1.011E+00	9.992E-01	9.992E-01	94.200	87	87	87
A0A455LP02_Q75_lddt	Q2YHZ3_Q75_lddt	1.011E+00	9.992E-01	9.992E-01	94.200	87	87	87
A0A455LP02_Q75_lddt	Q6ZY77_Q75_lddt	1.011E+00	9.992E-01	9.992E-01	93.100	87	87	87
A0A455LP02_Q75_lddt	Q2YHZ2_Q75_lddt	1.011E+00	9.991E-01	9.991E-01	94.200	87	87	87
A0A455LP02_Q75_lddt	Q5PU78_Q75_lddt	1.011E+00	9.991E-01	9.991E-01	94.200	87	87	87
A0A455LP02_Q75_lddt	Q6ZY74_Q75_lddt	1.011E+00	9.991E-01	9.991E-01	94.200	87	87	87
A0A455LP02_Q75_lddt	Q8VQV7_Q75_lddt	1.011E+00	9.990E-01	9.990E-01	97.700	87	87	87
A0A455LP02_Q75_lddt	Q6R5M7_Q75_lddt	1.011E+00	9.990E-01	9.990E-01	94.200	87	87	87
A0A455LP02_Q75_lddt	Q2YHY7_Q75_lddt	1.010E+00	9.989E-01	9.989E-01	94.200	87	87	87
A0A455LP02_Q75_lddt	Q9R429_Q75_lddt	1.010E+00	9.987E-01	9.987E-01	79.300	87	87	87
A0A455LP02_Q75_lddt	Q6ZY58_Q75_lddt	1.010E+00	9.987E-01	9.987E-01	93.100	87	87	87
A0A455LP02_Q75_lddt	Q8GHI3_Q75_lddt	1.010E+00	9.987E-01	9.987E-01	78.100	87	87	87
A0A455LP02_Q75_lddt	H9AXM1_Q75_lddt	1.010E+00	9.984E-01	9.984E-01	75.800	87	87	87
A0A455LP02_Q75_lddt	AF-Q6W7F0-F1-model_v4_Q75_lddt	1.010E+00	9.983E-01	9.983E-01	82.700	87	87	87
A0A455LP02_Q75_lddt	OKP-D-1_Q75_lddt	1.009E+00	9.972E-01	9.972E-01	95.400	87	87	87
A0A455LP02_Q75_lddt	OKP-C-1_Q75_lddt	1.010E+00	9.870E-01	9.985E-01	91.900	87	87	86
A0A455LP02_Q75_lddt	C0LSK3_Q75_lddt	1.010E+00	9.869E-01	9.984E-01	94.100	87	86	86
A0A455LP02_Q75_lddt	Q939H3_Q75_lddt	1.012E+00	9.999E-01	9.775E-01	98.800	87	87	89
A0A455LP02_Q75_lddt	Q0PGR7_Q75_lddt	1.011E+00	9.997E-01	9.772E-01	93.100	87	87	89
A0A455LP02_Q75_lddt	A0ZX80_Q75_lddt	1.011E+00	9.995E-01	9.771E-01	93.100	87	87	89
A0A455LP02_Q75_lddt	Q8VP57_Q75_lddt	1.011E+00	9.995E-01	9.771E-01	93.100	87	87	89
A0A455LP02_Q75_lddt	D5LGB4_Q75_lddt	1.011E+00	9.995E-01	9.771E-01	93.100	87	87	89
A0A455LP02_Q75_lddt	A0ZX91_Q75_lddt	1.011E+00	9.995E-01	9.771E-01	93.100	87	87	89
A0A455LP02_Q75_lddt	S4TWB0_Q75_lddt	1.011E+00	9.995E-01	9.771E-01	93.100	87	87	89
A0A455LP02_Q75_lddt	B9U2I6_Q75_lddt	1.011E+00	9.995E-01	9.771E-01	93.100	87	87	89
A0A455LP02_Q75_lddt	A0A2P9E069_Q75_lddt	1.011E+00	9.995E-01	9.771E-01	93.100	87	87	89
A0A455LP02_Q75_lddt	E5Q900_Q75_lddt	1.011E+00	9.995E-01	9.770E-01	93.100	87	87	89
A0A455LP02_Q75_lddt	A3FFR2_Q75_lddt	1.011E+00	9.993E-01	9.769E-01	93.100	87	87	89
A0A455LP02_Q75_lddt	Q2MJC2_Q75_lddt	1.011E+00	9.991E-01	9.766E-01	93.100	87	87	89
A0A455LP02_Q75_lddt	H2ERK9_Q75_lddt	1.011E+00	9.990E-01	9.766E-01	93.100	87	87	89
A0A455LP02_Q75_lddt	A0A097BQY7_Q75_lddt	1.011E+00	9.990E-01	9.765E-01	93.100	87	87	89
A0A455LP02_Q75_lddt	B0FP98_Q75_lddt	1.011E+00	9.989E-01	9.765E-01	91.900	87	87	89
A0A455LP02_Q75_lddt	F8SQ10_Q75_lddt	1.011E+00	9.989E-01	9.765E-01	93.100	87	87	89
A0A455LP02_Q75_lddt	Q939H5_Q75_lddt	1.010E+00	9.988E-01	9.764E-01	91.900	87	87	89
A0A455LP02_Q75_lddt	C8CE59_Q75_lddt	1.011E+00	9.760E-01	9.989E-01	90.800	87	87	85
A0A455LP02_Q75_lddt	Q8VP67_Q75_lddt	1.010E+00	9.987E-01	9.763E-01	93.100	87	87	89
A0A455LP02_Q75_lddt	C8CE60_Q75_lddt	1.011E+00	9.759E-01	9.988E-01	90.800	87	87	85
A0A455LP02_Q75_lddt	J7HZA4_Q75_lddt	1.010E+00	9.986E-01	9.762E-01	91.900	87	87	89
A0A455LP02_Q75_lddt	Q8KRG7_Q75_lddt	1.010E+00	9.984E-01	9.760E-01	91.900	87	87	89
A0A455LP02_Q75_lddt	O33677_Q75_lddt	1.004E+00	9.815E-01	9.928E-01	77.000	87	87	86
A0A455LP02_Q75_lddt	E5G517_Q75_lddt	1.005E+00	9.939E-01	9.717E-01	91.900	87	87	89
A0A455LP02_Q75_lddt	AF-A0A867XYA1-F1-model_v4_Q75_lddt	1.010E+00	9.868E-01	9.756E-01	82.700	87	87	88
A0A455LP02_Q75_lddt	AF-P18251-F1-model_v4_Q75_lddt	1.009E+00	9.858E-01	9.747E-01	88.500	87	87	88
A0A455LP02_Q75_lddt	B7FDD9_Q75_lddt	1.010E+00	9.407E-01	9.980E-01	87.300	87	87	82
A0A455LP02_Q75_lddt	P14171_Q75_lddt	9.928E-01	9.591E-01	9.813E-01	55.100	87	87	85
A0A455LP02_Q75_lddt	Q3SAW3_Q75_lddt	9.955E-01	9.504E-01	9.838E-01	51.700	87	87	84
A0A455LP02_Q75_lddt	C5HUY1_Q75_lddt	9.945E-01	9.495E-01	9.829E-01	48.200	87	87	84
A0A455LP02_Q75_lddt	C6GC02_Q75_lddt	9.945E-01	9.495E-01	9.828E-01	47.100	87	87	84
A0A455LP02_Q75_lddt	A0A097ZLX5_Q75_lddt	9.943E-01	9.494E-01	9.827E-01	48.200	87	87	84
A0A455LP02_Q75_lddt	AF-A0A1J0HSJ3-F1-model_v4_Q75_lddt	1.002E+00	9.337E-01	9.900E-01	55.100	87	87	82
A0A455LP02_Q75_lddt	AF-A0A3G1JAD7-F1-model_v4_Q75_lddt	1.001E+00	9.326E-01	9.889E-01	55.100	87	87	82
A0A455LP02_Q75_lddt	GES-44_Q75_lddt	9.927E-01	9.479E-01	9.811E-01	48.200	87	87	84
A0A455LP02_Q75_lddt	GES-41_Q75_lddt	9.926E-01	9.478E-01	9.810E-01	48.200	87	87	84
A0A455LP02_Q75_lddt	SGM-3_Q75_lddt	9.941E-01	9.491E-01	9.711E-01	51.700	87	87	85
A0A455LP02_Q75_lddt	SGM-2_Q75_lddt	9.938E-01	9.489E-01	9.708E-01	51.700	87	87	85
A0A455LP02_Q75_lddt	PER-16_Q75_lddt	9.863E-01	9.421E-01	9.749E-01	40.200	87	87	84
A0A455LP02_Q75_lddt	AF-E2D9D5-F1-model_v4_Q75_lddt	9.854E-01	9.412E-01	9.740E-01	29.800	87	87	84
A0A455LP02_Q75_lddt	AF-A0A886X7X6-F1-model_v6_Q75_lddt	9.881E-01	9.437E-01	9.654E-01	33.300	87	87	85
A0A455LP02_Q75_lddt	Q9AMJ7_Q75_lddt	9.878E-01	9.323E-01	9.761E-01	29.800	87	87	83
A0A455LP02_Q75_lddt	A1YTM5_Q75_lddt	9.872E-01	9.318E-01	9.756E-01	29.800	87	87	83
A0A455LP02_Q75_lddt	A0A1W5QH29_Q75_lddt	9.782E-01	9.455E-01	9.671E-01	37.900	87	87	85
A0A455LP02_Q75_lddt	SGM-5_Q75_lddt	9.859E-01	9.417E-01	9.633E-01	50.500	87	87	85
A0A455LP02_Q75_lddt	RAA-1_Q75_lddt	9.861E-01	9.308E-01	9.745E-01	31.000	87	87	83
A0A455LP02_Q75_lddt	A0A2Z2Z6H0_Q75_lddt	9.817E-01	9.378E-01	9.704E-01	45.900	87	87	84
A0A455LP02_Q75_lddt	A0A1W5QCF3_Q75_lddt	9.773E-01	9.447E-01	9.662E-01	37.900	87	87	85
A0A455LP02_Q75_lddt	D5HSX5_Q75_lddt	9.851E-01	9.299E-01	9.736E-01	40.200	87	87	83
A0A455LP02_Q75_lddt	A0A3Q8G682_Q75_lddt	9.695E-01	9.479E-01	9.586E-01	55.100	87	87	86
A0A455LP02_Q75_lddt	AF-Q1NAL0-F1-model_v4_Q75_lddt	9.845E-01	9.404E-01	9.619E-01	51.700	87	87	85
A0A455LP02_Q75_lddt	F8T7L4_Q75_lddt	9.840E-01	9.289E-01	9.724E-01	36.700	87	87	83
A0A455LP02_Q75_lddt	Q5XQD3_Q75_lddt	9.839E-01	9.288E-01	9.723E-01	36.700	87	87	83
A0A455LP02_Q75_lddt	P74842_Q75_lddt	9.836E-01	9.285E-01	9.721E-01	37.900	87	87	83
A0A455LP02_Q75_lddt	Q8VT49_Q75_lddt	9.831E-01	9.281E-01	9.716E-01	31.000	87	87	83
A0A455LP02_Q75_lddt	A0A1W5QG57_Q75_lddt	9.743E-01	9.419E-01	9.632E-01	37.900	87	87	85
A0A455LP02_Q75_lddt	Q5W3A6_Q75_lddt	9.783E-01	9.347E-01	9.670E-01	33.300	87	87	84
A0A455LP02_Q75_lddt	Q9XBM2_Q75_lddt	9.671E-01	9.456E-01	9.562E-01	41.300	87	87	86
A0A455LP02_Q75_lddt	AF-A0A0D0F642-F1-model_v4_Q75_lddt	9.821E-01	9.272E-01	9.706E-01	32.100	87	87	83
A0A455LP02_Q75_lddt	AF-E4WMC5-F1-model_v6_Q75_lddt	9.789E-01	9.243E-01	9.674E-01	36.700	87	87	83
A0A455LP02_Q75_lddt	G9MB50_Q75_lddt	9.788E-01	9.243E-01	9.674E-01	29.800	87	87	83
A0A455LP02_Q75_lddt	G9M9P7_Q75_lddt	9.783E-01	9.238E-01	9.669E-01	29.800	87	87	83
A0A455LP02_Q75_lddt	G9MB49_Q75_lddt	9.780E-01	9.235E-01	9.666E-01	31.000	87	87	83
A0A455LP02_Q75_lddt	A0A0E0SR47_Q75_lddt	9.690E-01	9.369E-01	9.580E-01	39.000	87	87	85
A0A455LP02_Q75_lddt	AF-A0A8E9ZWD0-F1-model_v6_Q75_lddt	9.751E-01	9.318E-01	9.530E-01	31.000	87	87	85
A0A455LP02_Q75_lddt	AF-J9QX37-F1-model_v4_Q75_lddt	9.827E-01	9.058E-01	9.709E-01	28.700	87	87	81
A0A455LP02_Q75_lddt	Q9RAZ9_Q75_lddt	9.778E-01	9.125E-01	9.663E-01	31.000	87	87	82
A0A455LP02_Q75_lddt	Q9X6W1_Q75_lddt	9.715E-01	9.175E-01	9.602E-01	33.300	87	87	83
A0A455LP02_Q75_lddt	AF-F4NA56-F1-model_v4_Q75_lddt	9.639E-01	9.321E-01	9.531E-01	37.900	87	87	85
A0A455LP02_Q75_lddt	B5L5W7_Q75_lddt	9.681E-01	9.359E-01	9.359E-01	36.700	87	87	87
A0A455LP02_Q75_lddt	A0A0B6VPP7_Q75_lddt	9.684E-01	9.147E-01	9.572E-01	31.000	87	87	83
A0A455LP02_Q75_lddt	AF-A0A127SQY3-F1-model_v6_Q75_lddt	9.546E-01	9.023E-01	9.437E-01	25.200	87	87	83
A0A455LP02_Q75_lddt	Q57509_Q75_lddt	9.509E-01	8.985E-01	9.292E-01	28.400	87	88	84
A0A455LP02_Q75_lddt	C8C0I2_Q75_lddt	9.475E-01	8.957E-01	9.367E-01	33.300	87	87	83
A0A455LP02_Q75_lddt	C8C0D8_Q75_lddt	9.178E-01	8.979E-01	9.077E-01	24.700	87	89	86
A0A455LP02_Q75_lddt	Q9X4S7_Q75_lddt	9.155E-01	8.957E-01	9.055E-01	26.900	87	89	86
AF-J9QX37-F1-model_v4_Q75_lddt	AF-J9QX37-F1-model_v4_Q75_lddt	1.013E+00	1.000E+00	1.000E+00	100.000	81	81	81
AF-J9QX37-F1-model_v4_Q75_lddt	Q9RAZ9_Q75_lddt	9.937E-01	9.817E-01	9.699E-01	45.100	81	82	82
AF-J9QX37-F1-model_v4_Q75_lddt	RAA-1_Q75_lddt	9.967E-01	9.845E-01	9.612E-01	49.300	81	83	83
AF-J9QX37-F1-model_v4_Q75_lddt	Q9AMJ7_Q75_lddt	9.956E-01	9.835E-01	9.602E-01	39.700	81	83	83
AF-J9QX37-F1-model_v4_Q75_lddt	AF-A0A0D0F642-F1-model_v4_Q75_lddt	9.955E-01	9.834E-01	9.601E-01	38.500	81	83	83
AF-J9QX37-F1-model_v4_Q75_lddt	A1YTM5_Q75_lddt	9.952E-01	9.831E-01	9.598E-01	39.700	81	83	83
AF-J9QX37-F1-model_v4_Q75_lddt	AF-E2D9D5-F1-model_v4_Q75_lddt	9.976E-01	9.854E-01	9.507E-01	44.000	81	84	84
AF-J9QX37-F1-model_v4_Q75_lddt	G9MB50_Q75_lddt	9.909E-01	9.789E-01	9.558E-01	38.500	81	83	83
AF-J9QX37-F1-model_v4_Q75_lddt	Q8VT49_Q75_lddt	9.901E-01	9.781E-01	9.550E-01	45.700	81	83	83
AF-J9QX37-F1-model_v4_Q75_lddt	G9MB49_Q75_lddt	9.899E-01	9.779E-01	9.549E-01	38.500	81	83	83
AF-J9QX37-F1-model_v4_Q75_lddt	G9M9P7_Q75_lddt	9.897E-01	9.778E-01	9.547E-01	39.700	81	83	83
AF-J9QX37-F1-model_v4_Q75_lddt	AF-A0A3G1JAD7-F1-model_v4_Q75_lddt	9.857E-01	9.738E-01	9.623E-01	28.000	81	82	82
AF-J9QX37-F1-model_v4_Q75_lddt	AF-A0A1J0HSJ3-F1-model_v4_Q75_lddt	9.851E-01	9.732E-01	9.617E-01	26.800	81	82	82
AF-J9QX37-F1-model_v4_Q75_lddt	D5HSX5_Q75_lddt	9.886E-01	9.767E-01	9.537E-01	30.100	81	83	83
AF-J9QX37-F1-model_v4_Q75_lddt	P74842_Q75_lddt	9.875E-01	9.756E-01	9.526E-01	31.300	81	83	83
AF-J9QX37-F1-model_v4_Q75_lddt	F8T7L4_Q75_lddt	9.872E-01	9.753E-01	9.523E-01	30.100	81	83	83
AF-J9QX37-F1-model_v4_Q75_lddt	Q5XQD3_Q75_lddt	9.871E-01	9.752E-01	9.523E-01	30.100	81	83	83
AF-J9QX37-F1-model_v4_Q75_lddt	Q5W3A6_Q75_lddt	9.901E-01	9.782E-01	9.440E-01	42.800	81	84	84
AF-J9QX37-F1-model_v4_Q75_lddt	PER-16_Q75_lddt	9.893E-01	9.774E-01	9.433E-01	30.900	81	84	84
AF-J9QX37-F1-model_v4_Q75_lddt	B7FDD9_Q75_lddt	9.817E-01	9.699E-01	9.584E-01	30.400	81	82	82
AF-J9QX37-F1-model_v4_Q75_lddt	Q9X6W1_Q75_lddt	9.832E-01	9.713E-01	9.484E-01	39.700	81	83	83
AF-J9QX37-F1-model_v4_Q75_lddt	AF-A0A886X7X6-F1-model_v6_Q75_lddt	9.916E-01	9.796E-01	9.344E-01	32.100	81	84	85
AF-J9QX37-F1-model_v4_Q75_lddt	AF-E4WMC5-F1-model_v6_Q75_lddt	9.839E-01	9.721E-01	9.493E-01	30.100	81	83	83
AF-J9QX37-F1-model_v4_Q75_lddt	A0A0B6VPP7_Q75_lddt	9.792E-01	9.674E-01	9.447E-01	38.500	81	83	83
AF-J9QX37-F1-model_v4_Q75_lddt	Q3SAW3_Q75_lddt	9.828E-01	9.710E-01	9.373E-01	30.900	81	84	84
AF-J9QX37-F1-model_v4_Q75_lddt	A0A097ZLX5_Q75_lddt	9.801E-01	9.683E-01	9.348E-01	26.100	81	84	84
AF-J9QX37-F1-model_v4_Q75_lddt	C6GC02_Q75_lddt	9.801E-01	9.683E-01	9.348E-01	25.000	81	84	84
AF-J9QX37-F1-model_v4_Q75_lddt	C5HUY1_Q75_lddt	9.799E-01	9.682E-01	9.347E-01	26.100	81	84	84
AF-J9QX37-F1-model_v4_Q75_lddt	GES-44_Q75_lddt	9.792E-01	9.675E-01	9.340E-01	26.100	81	84	84
AF-J9QX37-F1-model_v4_Q75_lddt	C8CE59_Q75_lddt	9.828E-01	9.710E-01	9.266E-01	29.400	81	85	85
AF-J9QX37-F1-model_v4_Q75_lddt	GES-41_Q75_lddt	9.780E-01	9.663E-01	9.329E-01	26.100	81	84	84
AF-J9QX37-F1-model_v4_Q75_lddt	C8CE60_Q75_lddt	9.815E-01	9.697E-01	9.254E-01	29.400	81	85	85
AF-J9QX37-F1-model_v4_Q75_lddt	AF-A0A8E9ZWD0-F1-model_v6_Q75_lddt	9.811E-01	9.694E-01	9.251E-01	30.900	81	84	85
AF-J9QX37-F1-model_v4_Q75_lddt	C8C0I2_Q75_lddt	9.705E-01	9.589E-01	9.366E-01	39.700	81	83	83
AF-J9QX37-F1-model_v4_Q75_lddt	Q57509_Q75_lddt	9.738E-01	9.622E-01	9.289E-01	34.900	81	83	84
AF-J9QX37-F1-model_v4_Q75_lddt	Q8GHI3_Q75_lddt	9.858E-01	9.740E-01	9.084E-01	25.200	81	87	87
AF-J9QX37-F1-model_v4_Q75_lddt	Q9R429_Q75_lddt	9.855E-01	9.736E-01	9.081E-01	26.400	81	87	87
AF-J9QX37-F1-model_v4_Q75_lddt	SGM-2_Q75_lddt	9.780E-01	9.663E-01	9.223E-01	29.700	81	84	85
AF-J9QX37-F1-model_v4_Q75_lddt	H9AXM1_Q75_lddt	9.853E-01	9.735E-01	9.080E-01	25.200	81	87	87
AF-J9QX37-F1-model_v4_Q75_lddt	SGM-3_Q75_lddt	9.779E-01	9.662E-01	9.222E-01	29.700	81	84	85
AF-J9QX37-F1-model_v4_Q75_lddt	OKP-C-1_Q75_lddt	9.814E-01	9.697E-01	9.149E-01	29.000	81	86	86
AF-J9QX37-F1-model_v4_Q75_lddt	AF-Q6W7F0-F1-model_v4_Q75_lddt	9.839E-01	9.721E-01	9.068E-01	28.700	81	87	87
AF-J9QX37-F1-model_v4_Q75_lddt	Q84H48_Q75_lddt	9.836E-01	9.718E-01	9.065E-01	28.700	81	87	87
AF-J9QX37-F1-model_v4_Q75_lddt	Q84H47_Q75_lddt	9.832E-01	9.714E-01	9.062E-01	28.700	81	87	87
AF-J9QX37-F1-model_v4_Q75_lddt	Q8VQV7_Q75_lddt	9.832E-01	9.714E-01	9.062E-01	28.700	81	87	87
AF-J9QX37-F1-model_v4_Q75_lddt	Q2YHY7_Q75_lddt	9.832E-01	9.714E-01	9.062E-01	29.800	81	87	87
AF-J9QX37-F1-model_v4_Q75_lddt	Q2YHZ2_Q75_lddt	9.830E-01	9.712E-01	9.060E-01	29.800	81	87	87
AF-J9QX37-F1-model_v4_Q75_lddt	A0A455LP07_Q75_lddt	9.828E-01	9.710E-01	9.058E-01	28.700	81	87	87
AF-J9QX37-F1-model_v4_Q75_lddt	B5D612_Q75_lddt	9.827E-01	9.709E-01	9.058E-01	28.700	81	87	87
AF-J9QX37-F1-model_v4_Q75_lddt	A0A455LP02_Q75_lddt	9.827E-01	9.709E-01	9.058E-01	28.700	81	87	87
AF-J9QX37-F1-model_v4_Q75_lddt	Q2YHX6_Q75_lddt	9.827E-01	9.709E-01	9.057E-01	29.800	81	87	87
AF-J9QX37-F1-model_v4_Q75_lddt	B5D620_Q75_lddt	9.826E-01	9.709E-01	9.057E-01	29.800	81	87	87
AF-J9QX37-F1-model_v4_Q75_lddt	Q2YHX8_Q75_lddt	9.825E-01	9.707E-01	9.056E-01	29.800	81	87	87
AF-J9QX37-F1-model_v4_Q75_lddt	B8YHZ8_Q75_lddt	9.825E-01	9.707E-01	9.056E-01	29.800	81	87	87
AF-J9QX37-F1-model_v4_Q75_lddt	R4ISB3_Q75_lddt	9.824E-01	9.707E-01	9.055E-01	28.700	81	87	87
AF-J9QX37-F1-model_v4_Q75_lddt	Q5I6D4_Q75_lddt	9.824E-01	9.707E-01	9.055E-01	29.800	81	87	87
AF-J9QX37-F1-model_v4_Q75_lddt	E9NST5_Q75_lddt	9.824E-01	9.706E-01	9.055E-01	28.700	81	87	87
AF-J9QX37-F1-model_v4_Q75_lddt	A0A455LP13_Q75_lddt	9.823E-01	9.706E-01	9.055E-01	28.700	81	87	87
AF-J9QX37-F1-model_v4_Q75_lddt	Q2YHZ3_Q75_lddt	9.823E-01	9.706E-01	9.054E-01	29.800	81	87	87
AF-J9QX37-F1-model_v4_Q75_lddt	Q2YHZ0_Q75_lddt	9.822E-01	9.704E-01	9.053E-01	29.800	81	87	87
AF-J9QX37-F1-model_v4_Q75_lddt	A0A455LS80_Q75_lddt	9.821E-01	9.704E-01	9.053E-01	28.700	81	87	87
AF-J9QX37-F1-model_v4_Q75_lddt	Q2YHZ5_Q75_lddt	9.821E-01	9.703E-01	9.052E-01	29.800	81	87	87
AF-J9QX37-F1-model_v4_Q75_lddt	A0A0P0IGT7_Q75_lddt	9.821E-01	9.703E-01	9.052E-01	28.700	81	87	87
AF-J9QX37-F1-model_v4_Q75_lddt	Q5PU78_Q75_lddt	9.819E-01	9.702E-01	9.051E-01	29.800	81	87	87
AF-J9QX37-F1-model_v4_Q75_lddt	Q6ZY77_Q75_lddt	9.816E-01	9.699E-01	9.048E-01	29.800	81	87	87
AF-J9QX37-F1-model_v4_Q75_lddt	Q6ZY58_Q75_lddt	9.812E-01	9.695E-01	9.045E-01	29.800	81	87	87
AF-J9QX37-F1-model_v4_Q75_lddt	AF-A0A127SQY3-F1-model_v6_Q75_lddt	9.641E-01	9.527E-01	9.307E-01	28.900	81	83	83
AF-J9QX37-F1-model_v4_Q75_lddt	Q6R5M7_Q75_lddt	9.810E-01	9.693E-01	9.043E-01	29.800	81	87	87
AF-J9QX37-F1-model_v4_Q75_lddt	Q6ZY74_Q75_lddt	9.809E-01	9.692E-01	9.042E-01	29.800	81	87	87
AF-J9QX37-F1-model_v4_Q75_lddt	AF-Q1NAL0-F1-model_v4_Q75_lddt	9.718E-01	9.603E-01	9.168E-01	30.900	81	84	85
AF-J9QX37-F1-model_v4_Q75_lddt	AF-P18251-F1-model_v4_Q75_lddt	9.820E-01	9.703E-01	8.952E-01	27.900	81	86	88
AF-J9QX37-F1-model_v4_Q75_lddt	OKP-D-1_Q75_lddt	9.779E-01	9.663E-01	9.017E-01	29.800	81	87	87
AF-J9QX37-F1-model_v4_Q75_lddt	P14171_Q75_lddt	9.701E-01	9.586E-01	9.152E-01	27.000	81	85	85
AF-J9QX37-F1-model_v4_Q75_lddt	C0LSK3_Q75_lddt	9.822E-01	9.587E-01	9.045E-01	29.000	81	86	86
AF-J9QX37-F1-model_v4_Q75_lddt	SGM-5_Q75_lddt	9.701E-01	9.586E-01	9.152E-01	28.500	81	84	85
AF-J9QX37-F1-model_v4_Q75_lddt	AF-A0A867XYA1-F1-model_v4_Q75_lddt	9.807E-01	9.690E-01	8.941E-01	25.500	81	86	88
AF-J9QX37-F1-model_v4_Q75_lddt	A0A2Z2Z6H0_Q75_lddt	9.658E-01	9.544E-01	9.217E-01	25.000	81	84	84
AF-J9QX37-F1-model_v4_Q75_lddt	Q939H5_Q75_lddt	9.835E-01	9.717E-01	8.866E-01	28.700	81	87	89
AF-J9QX37-F1-model_v4_Q75_lddt	O33677_Q75_lddt	9.684E-01	9.568E-01	9.028E-01	25.200	81	87	86
AF-J9QX37-F1-model_v4_Q75_lddt	A0ZX91_Q75_lddt	9.830E-01	9.712E-01	8.862E-01	28.700	81	87	89
AF-J9QX37-F1-model_v4_Q75_lddt	B9U2I6_Q75_lddt	9.829E-01	9.711E-01	8.861E-01	28.700	81	87	89
AF-J9QX37-F1-model_v4_Q75_lddt	A0ZX80_Q75_lddt	9.828E-01	9.711E-01	8.861E-01	28.700	81	87	89
AF-J9QX37-F1-model_v4_Q75_lddt	S4TWB0_Q75_lddt	9.828E-01	9.710E-01	8.860E-01	28.700	81	87	89
AF-J9QX37-F1-model_v4_Q75_lddt	D5LGB4_Q75_lddt	9.827E-01	9.709E-01	8.859E-01	28.700	81	87	89
AF-J9QX37-F1-model_v4_Q75_lddt	Q8VP57_Q75_lddt	9.826E-01	9.709E-01	8.859E-01	28.700	81	87	89
AF-J9QX37-F1-model_v4_Q75_lddt	A3FFR2_Q75_lddt	9.826E-01	9.708E-01	8.859E-01	28.700	81	87	89
AF-J9QX37-F1-model_v4_Q75_lddt	A0A2P9E069_Q75_lddt	9.826E-01	9.708E-01	8.858E-01	28.700	81	87	89
AF-J9QX37-F1-model_v4_Q75_lddt	E5Q900_Q75_lddt	9.825E-01	9.707E-01	8.858E-01	28.700	81	87	89
AF-J9QX37-F1-model_v4_Q75_lddt	E5G517_Q75_lddt	9.825E-01	9.707E-01	8.858E-01	28.700	81	87	89
AF-J9QX37-F1-model_v4_Q75_lddt	Q0PGR7_Q75_lddt	9.824E-01	9.706E-01	8.857E-01	28.700	81	87	89
AF-J9QX37-F1-model_v4_Q75_lddt	Q939H3_Q75_lddt	9.823E-01	9.706E-01	8.856E-01	28.700	81	87	89
AF-J9QX37-F1-model_v4_Q75_lddt	Q2MJC2_Q75_lddt	9.822E-01	9.704E-01	8.855E-01	28.700	81	87	89
AF-J9QX37-F1-model_v4_Q75_lddt	F8SQ10_Q75_lddt	9.819E-01	9.701E-01	8.853E-01	28.700	81	87	89
AF-J9QX37-F1-model_v4_Q75_lddt	A0A097BQY7_Q75_lddt	9.817E-01	9.700E-01	8.852E-01	28.700	81	87	89
AF-J9QX37-F1-model_v4_Q75_lddt	H2ERK9_Q75_lddt	9.810E-01	9.693E-01	8.846E-01	28.700	81	87	89
AF-J9QX37-F1-model_v4_Q75_lddt	B0FP98_Q75_lddt	9.810E-01	9.693E-01	8.845E-01	28.700	81	87	89
AF-J9QX37-F1-model_v4_Q75_lddt	J7HZA4_Q75_lddt	9.807E-01	9.690E-01	8.843E-01	27.500	81	87	89
AF-J9QX37-F1-model_v4_Q75_lddt	Q8VP67_Q75_lddt	9.807E-01	9.690E-01	8.843E-01	28.700	81	87	89
AF-J9QX37-F1-model_v4_Q75_lddt	Q8KRG7_Q75_lddt	9.802E-01	9.685E-01	8.839E-01	28.700	81	87	89
AF-J9QX37-F1-model_v4_Q75_lddt	B5L5W7_Q75_lddt	9.662E-01	9.547E-01	8.914E-01	24.700	81	85	87
AF-J9QX37-F1-model_v4_Q75_lddt	C8C0D8_Q75_lddt	9.607E-01	9.493E-01	8.963E-01	27.900	81	86	86
AF-J9QX37-F1-model_v4_Q75_lddt	Q9X4S7_Q75_lddt	9.599E-01	9.486E-01	8.956E-01	26.700	81	86	86
AF-J9QX37-F1-model_v4_Q75_lddt	A0A0E0SR47_Q75_lddt	9.415E-01	9.304E-01	8.885E-01	33.300	81	87	85
AF-J9QX37-F1-model_v4_Q75_lddt	A0A1W5QH29_Q75_lddt	9.387E-01	9.276E-01	8.860E-01	27.500	81	87	85
AF-J9QX37-F1-model_v4_Q75_lddt	AF-F4NA56-F1-model_v4_Q75_lddt	9.383E-01	9.273E-01	8.856E-01	25.200	81	87	85
AF-J9QX37-F1-model_v4_Q75_lddt	A0A1W5QCF3_Q75_lddt	9.381E-01	9.271E-01	8.855E-01	26.400	81	87	85
AF-J9QX37-F1-model_v4_Q75_lddt	Q9XBM2_Q75_lddt	9.402E-01	9.291E-01	8.776E-01	21.800	81	87	86
AF-J9QX37-F1-model_v4_Q75_lddt	A0A1W5QG57_Q75_lddt	9.350E-01	9.240E-01	8.827E-01	28.700	81	87	85
AF-J9QX37-F1-model_v4_Q75_lddt	A0A3Q8G682_Q75_lddt	9.370E-01	9.261E-01	8.750E-01	25.200	81	87	86
B5D620_Q75_lddt	B5D620_Q75_lddt	1.012E+00	1.000E+00	1.000E+00	100.000	87	87	87
B5D620_Q75_lddt	Q5I6D4_Q75_lddt	1.012E+00	1.000E+00	1.000E+00	98.800	87	87	87
B5D620_Q75_lddt	Q2YHX8_Q75_lddt	1.012E+00	1.000E+00	1.000E+00	98.800	87	87	87
B5D620_Q75_lddt	B8YHZ8_Q75_lddt	1.012E+00	9.999E-01	9.999E-01	100.000	87	87	87
B5D620_Q75_lddt	Q2YHX6_Q75_lddt	1.012E+00	9.999E-01	9.999E-01	98.800	87	87	87
B5D620_Q75_lddt	Q2YHZ5_Q75_lddt	1.011E+00	9.997E-01	9.997E-01	100.000	87	87	87
B5D620_Q75_lddt	Q6ZY77_Q75_lddt	1.011E+00	9.997E-01	9.997E-01	98.800	87	87	87
B5D620_Q75_lddt	Q2YHZ3_Q75_lddt	1.011E+00	9.996E-01	9.996E-01	100.000	87	87	87
B5D620_Q75_lddt	Q2YHZ0_Q75_lddt	1.011E+00	9.996E-01	9.996E-01	100.000	87	87	87
B5D620_Q75_lddt	Q2YHZ2_Q75_lddt	1.011E+00	9.996E-01	9.996E-01	100.000	87	87	87
B5D620_Q75_lddt	Q5PU78_Q75_lddt	1.011E+00	9.996E-01	9.996E-01	97.700	87	87	87
B5D620_Q75_lddt	B5D612_Q75_lddt	1.011E+00	9.996E-01	9.996E-01	94.200	87	87	87
B5D620_Q75_lddt	Q6ZY74_Q75_lddt	1.011E+00	9.996E-01	9.996E-01	100.000	87	87	87
B5D620_Q75_lddt	A0A455LP07_Q75_lddt	1.011E+00	9.995E-01	9.995E-01	94.200	87	87	87
B5D620_Q75_lddt	E9NST5_Q75_lddt	1.011E+00	9.995E-01	9.995E-01	91.900	87	87	87
B5D620_Q75_lddt	A0A0P0IGT7_Q75_lddt	1.011E+00	9.995E-01	9.995E-01	94.200	87	87	87
B5D620_Q75_lddt	A0A455LP13_Q75_lddt	1.011E+00	9.995E-01	9.995E-01	94.200	87	87	87
B5D620_Q75_lddt	A0A455LP02_Q75_lddt	1.011E+00	9.995E-01	9.995E-01	94.200	87	87	87
B5D620_Q75_lddt	R4ISB3_Q75_lddt	1.011E+00	9.995E-01	9.995E-01	94.200	87	87	87
B5D620_Q75_lddt	Q6R5M7_Q75_lddt	1.011E+00	9.994E-01	9.994E-01	97.700	87	87	87
B5D620_Q75_lddt	Q2YHY7_Q75_lddt	1.011E+00	9.993E-01	9.993E-01	100.000	87	87	87
B5D620_Q75_lddt	Q6ZY58_Q75_lddt	1.011E+00	9.993E-01	9.993E-01	98.800	87	87	87
B5D620_Q75_lddt	Q84H48_Q75_lddt	1.011E+00	9.993E-01	9.993E-01	93.100	87	87	87
B5D620_Q75_lddt	A0A455LS80_Q75_lddt	1.011E+00	9.993E-01	9.993E-01	95.400	87	87	87
B5D620_Q75_lddt	Q84H47_Q75_lddt	1.011E+00	9.989E-01	9.989E-01	93.100	87	87	87
B5D620_Q75_lddt	Q9R429_Q75_lddt	1.010E+00	9.988E-01	9.988E-01	80.400	87	87	87
B5D620_Q75_lddt	Q8GHI3_Q75_lddt	1.010E+00	9.988E-01	9.988E-01	79.300	87	87	87
B5D620_Q75_lddt	AF-Q6W7F0-F1-model_v4_Q75_lddt	1.010E+00	9.987E-01	9.987E-01	83.900	87	87	87
B5D620_Q75_lddt	Q8VQV7_Q75_lddt	1.010E+00	9.986E-01	9.986E-01	93.100	87	87	87
B5D620_Q75_lddt	H9AXM1_Q75_lddt	1.010E+00	9.984E-01	9.984E-01	77.000	87	87	87
B5D620_Q75_lddt	OKP-D-1_Q75_lddt	1.009E+00	9.972E-01	9.972E-01	95.400	87	87	87
B5D620_Q75_lddt	C0LSK3_Q75_lddt	1.011E+00	9.874E-01	9.989E-01	100.000	87	86	86
B5D620_Q75_lddt	OKP-C-1_Q75_lddt	1.010E+00	9.872E-01	9.986E-01	93.100	87	87	86
B5D620_Q75_lddt	A0ZX80_Q75_lddt	1.011E+00	9.997E-01	9.772E-01	94.200	87	87	89
B5D620_Q75_lddt	A0ZX91_Q75_lddt	1.011E+00	9.996E-01	9.772E-01	94.200	87	87	89
B5D620_Q75_lddt	S4TWB0_Q75_lddt	1.011E+00	9.996E-01	9.772E-01	94.200	87	87	89
B5D620_Q75_lddt	B9U2I6_Q75_lddt	1.011E+00	9.996E-01	9.772E-01	94.200	87	87	89
B5D620_Q75_lddt	A0A2P9E069_Q75_lddt	1.011E+00	9.996E-01	9.772E-01	94.200	87	87	89
B5D620_Q75_lddt	D5LGB4_Q75_lddt	1.011E+00	9.996E-01	9.772E-01	94.200	87	87	89
B5D620_Q75_lddt	E5Q900_Q75_lddt	1.011E+00	9.996E-01	9.772E-01	94.200	87	87	89
B5D620_Q75_lddt	A3FFR2_Q75_lddt	1.011E+00	9.996E-01	9.771E-01	94.200	87	87	89
B5D620_Q75_lddt	Q8VP57_Q75_lddt	1.011E+00	9.996E-01	9.771E-01	94.200	87	87	89
B5D620_Q75_lddt	Q939H3_Q75_lddt	1.011E+00	9.994E-01	9.770E-01	93.100	87	87	89
B5D620_Q75_lddt	Q0PGR7_Q75_lddt	1.011E+00	9.994E-01	9.769E-01	93.100	87	87	89
B5D620_Q75_lddt	Q2MJC2_Q75_lddt	1.011E+00	9.993E-01	9.768E-01	94.200	87	87	89
B5D620_Q75_lddt	H2ERK9_Q75_lddt	1.011E+00	9.992E-01	9.767E-01	94.200	87	87	89
B5D620_Q75_lddt	A0A097BQY7_Q75_lddt	1.011E+00	9.991E-01	9.767E-01	94.200	87	87	89
B5D620_Q75_lddt	F8SQ10_Q75_lddt	1.011E+00	9.991E-01	9.767E-01	94.200	87	87	89
B5D620_Q75_lddt	B0FP98_Q75_lddt	1.011E+00	9.990E-01	9.766E-01	93.100	87	87	89
B5D620_Q75_lddt	Q939H5_Q75_lddt	1.011E+00	9.990E-01	9.765E-01	93.100	87	87	89
B5D620_Q75_lddt	C8CE59_Q75_lddt	1.011E+00	9.762E-01	9.991E-01	91.900	87	87	85
B5D620_Q75_lddt	Q8VP67_Q75_lddt	1.011E+00	9.989E-01	9.765E-01	94.200	87	87	89
B5D620_Q75_lddt	J7HZA4_Q75_lddt	1.010E+00	9.988E-01	9.764E-01	93.100	87	87	89
B5D620_Q75_lddt	C8CE60_Q75_lddt	1.011E+00	9.760E-01	9.989E-01	91.900	87	87	85
B5D620_Q75_lddt	Q8KRG7_Q75_lddt	1.010E+00	9.987E-01	9.763E-01	93.100	87	87	89
B5D620_Q75_lddt	O33677_Q75_lddt	1.004E+00	9.814E-01	9.927E-01	78.100	87	87	86
B5D620_Q75_lddt	E5G517_Q75_lddt	1.006E+00	9.942E-01	9.719E-01	93.100	87	87	89
B5D620_Q75_lddt	AF-A0A867XYA1-F1-model_v4_Q75_lddt	1.010E+00	9.871E-01	9.759E-01	85.000	87	87	88
B5D620_Q75_lddt	AF-P18251-F1-model_v4_Q75_lddt	1.009E+00	9.861E-01	9.750E-01	89.600	87	87	88
B5D620_Q75_lddt	B7FDD9_Q75_lddt	1.010E+00	9.408E-01	9.981E-01	88.500	87	87	82
B5D620_Q75_lddt	P14171_Q75_lddt	9.927E-01	9.590E-01	9.812E-01	54.000	87	87	85
B5D620_Q75_lddt	Q3SAW3_Q75_lddt	9.955E-01	9.504E-01	9.838E-01	52.800	87	87	84
B5D620_Q75_lddt	C5HUY1_Q75_lddt	9.947E-01	9.497E-01	9.831E-01	49.400	87	87	84
B5D620_Q75_lddt	C6GC02_Q75_lddt	9.946E-01	9.497E-01	9.830E-01	48.200	87	87	84
B5D620_Q75_lddt	A0A097ZLX5_Q75_lddt	9.946E-01	9.496E-01	9.830E-01	49.400	87	87	84
B5D620_Q75_lddt	AF-A0A1J0HSJ3-F1-model_v4_Q75_lddt	1.002E+00	9.337E-01	9.901E-01	54.000	87	87	82
B5D620_Q75_lddt	AF-A0A3G1JAD7-F1-model_v4_Q75_lddt	1.001E+00	9.330E-01	9.893E-01	54.000	87	87	82
B5D620_Q75_lddt	GES-44_Q75_lddt	9.926E-01	9.478E-01	9.810E-01	49.400	87	87	84
B5D620_Q75_lddt	GES-41_Q75_lddt	9.924E-01	9.476E-01	9.808E-01	49.400	87	87	84
B5D620_Q75_lddt	SGM-3_Q75_lddt	9.946E-01	9.496E-01	9.716E-01	50.500	87	87	85
B5D620_Q75_lddt	SGM-2_Q75_lddt	9.943E-01	9.493E-01	9.713E-01	50.500	87	87	85
B5D620_Q75_lddt	PER-16_Q75_lddt	9.867E-01	9.424E-01	9.752E-01	40.200	87	87	84
B5D620_Q75_lddt	AF-E2D9D5-F1-model_v4_Q75_lddt	9.855E-01	9.413E-01	9.741E-01	28.700	87	87	84
B5D620_Q75_lddt	AF-A0A886X7X6-F1-model_v6_Q75_lddt	9.883E-01	9.438E-01	9.656E-01	31.000	87	87	85
B5D620_Q75_lddt	Q9AMJ7_Q75_lddt	9.883E-01	9.328E-01	9.767E-01	27.500	87	87	83
B5D620_Q75_lddt	A1YTM5_Q75_lddt	9.879E-01	9.324E-01	9.762E-01	27.500	87	87	83
B5D620_Q75_lddt	SGM-5_Q75_lddt	9.865E-01	9.422E-01	9.638E-01	49.400	87	87	85
B5D620_Q75_lddt	A0A1W5QH29_Q75_lddt	9.777E-01	9.450E-01	9.666E-01	37.900	87	87	85
B5D620_Q75_lddt	RAA-1_Q75_lddt	9.859E-01	9.307E-01	9.744E-01	29.800	87	87	83
B5D620_Q75_lddt	D5HSX5_Q75_lddt	9.856E-01	9.304E-01	9.741E-01	40.200	87	87	83
B5D620_Q75_lddt	AF-Q1NAL0-F1-model_v4_Q75_lddt	9.852E-01	9.410E-01	9.626E-01	50.500	87	87	85
B5D620_Q75_lddt	A0A2Z2Z6H0_Q75_lddt	9.813E-01	9.375E-01	9.700E-01	45.900	87	87	84
B5D620_Q75_lddt	A0A1W5QCF3_Q75_lddt	9.768E-01	9.442E-01	9.657E-01	37.900	87	87	85
B5D620_Q75_lddt	A0A3Q8G682_Q75_lddt	9.692E-01	9.476E-01	9.583E-01	54.000	87	87	86
B5D620_Q75_lddt	F8T7L4_Q75_lddt	9.844E-01	9.292E-01	9.728E-01	36.700	87	87	83
B5D620_Q75_lddt	Q5XQD3_Q75_lddt	9.843E-01	9.291E-01	9.727E-01	36.700	87	87	83
B5D620_Q75_lddt	P74842_Q75_lddt	9.840E-01	9.289E-01	9.724E-01	37.900	87	87	83
B5D620_Q75_lddt	Q8VT49_Q75_lddt	9.832E-01	9.282E-01	9.717E-01	29.800	87	87	83
B5D620_Q75_lddt	Q5W3A6_Q75_lddt	9.780E-01	9.344E-01	9.667E-01	33.300	87	87	84
B5D620_Q75_lddt	Q9XBM2_Q75_lddt	9.669E-01	9.455E-01	9.561E-01	41.300	87	87	86
B5D620_Q75_lddt	A0A1W5QG57_Q75_lddt	9.736E-01	9.412E-01	9.625E-01	37.900	87	87	85
B5D620_Q75_lddt	AF-A0A0D0F642-F1-model_v4_Q75_lddt	9.818E-01	9.270E-01	9.703E-01	31.000	87	87	83
B5D620_Q75_lddt	AF-E4WMC5-F1-model_v6_Q75_lddt	9.787E-01	9.242E-01	9.673E-01	36.700	87	87	83
B5D620_Q75_lddt	G9MB50_Q75_lddt	9.788E-01	9.242E-01	9.673E-01	31.000	87	87	83
B5D620_Q75_lddt	G9M9P7_Q75_lddt	9.782E-01	9.237E-01	9.668E-01	31.000	87	87	83
B5D620_Q75_lddt	G9MB49_Q75_lddt	9.780E-01	9.235E-01	9.666E-01	32.100	87	87	83
B5D620_Q75_lddt	A0A0E0SR47_Q75_lddt	9.681E-01	9.361E-01	9.572E-01	39.000	87	87	85
B5D620_Q75_lddt	AF-A0A8E9ZWD0-F1-model_v6_Q75_lddt	9.752E-01	9.318E-01	9.530E-01	29.800	87	87	85
B5D620_Q75_lddt	AF-J9QX37-F1-model_v4_Q75_lddt	9.826E-01	9.057E-01	9.709E-01	29.800	87	87	81
B5D620_Q75_lddt	Q9X6W1_Q75_lddt	9.718E-01	9.178E-01	9.605E-01	31.000	87	87	83
B5D620_Q75_lddt	Q9RAZ9_Q75_lddt	9.775E-01	9.122E-01	9.660E-01	29.800	87	87	82
B5D620_Q75_lddt	AF-F4NA56-F1-model_v4_Q75_lddt	9.631E-01	9.313E-01	9.523E-01	37.900	87	87	85
B5D620_Q75_lddt	B5L5W7_Q75_lddt	9.690E-01	9.368E-01	9.368E-01	39.000	87	87	87
B5D620_Q75_lddt	A0A0B6VPP7_Q75_lddt	9.685E-01	9.148E-01	9.573E-01	29.800	87	87	83
B5D620_Q75_lddt	AF-A0A127SQY3-F1-model_v6_Q75_lddt	9.546E-01	9.023E-01	9.436E-01	26.400	87	87	83
B5D620_Q75_lddt	Q57509_Q75_lddt	9.508E-01	8.984E-01	9.291E-01	28.400	87	88	84
B5D620_Q75_lddt	C8C0I2_Q75_lddt	9.470E-01	8.952E-01	9.361E-01	34.400	87	87	83
B5D620_Q75_lddt	C8C0D8_Q75_lddt	9.180E-01	8.981E-01	9.080E-01	25.800	87	89	86
B5D620_Q75_lddt	Q9X4S7_Q75_lddt	9.158E-01	8.960E-01	9.058E-01	28.000	87	89	86
C8CE59_Q75_lddt	C8CE59_Q75_lddt	1.012E+00	1.000E+00	1.000E+00	100.000	85	85	85
C8CE59_Q75_lddt	C8CE60_Q75_lddt	1.012E+00	9.998E-01	9.998E-01	100.000	85	85	85
C8CE59_Q75_lddt	OKP-C-1_Q75_lddt	1.010E+00	9.979E-01	9.863E-01	96.500	85	86	86
C8CE59_Q75_lddt	Q6ZY74_Q75_lddt	1.011E+00	9.994E-01	9.764E-01	91.900	85	87	87
C8CE59_Q75_lddt	Q2YHZ2_Q75_lddt	1.011E+00	9.993E-01	9.764E-01	91.900	85	87	87
C8CE59_Q75_lddt	Q6ZY77_Q75_lddt	1.011E+00	9.993E-01	9.764E-01	90.800	85	87	87
C8CE59_Q75_lddt	Q6ZY58_Q75_lddt	1.011E+00	9.993E-01	9.763E-01	90.800	85	87	87
C8CE59_Q75_lddt	Q6R5M7_Q75_lddt	1.011E+00	9.993E-01	9.763E-01	91.900	85	87	87
C8CE59_Q75_lddt	Q2YHZ3_Q75_lddt	1.011E+00	9.993E-01	9.763E-01	91.900	85	87	87
C8CE59_Q75_lddt	Q2YHZ5_Q75_lddt	1.011E+00	9.993E-01	9.763E-01	91.900	85	87	87
C8CE59_Q75_lddt	Q5PU78_Q75_lddt	1.011E+00	9.992E-01	9.763E-01	91.900	85	87	87
C8CE59_Q75_lddt	Q2YHZ0_Q75_lddt	1.011E+00	9.992E-01	9.763E-01	91.900	85	87	87
C8CE59_Q75_lddt	B5D620_Q75_lddt	1.011E+00	9.991E-01	9.762E-01	91.900	85	87	87
C8CE59_Q75_lddt	A0A0P0IGT7_Q75_lddt	1.011E+00	9.991E-01	9.762E-01	90.800	85	87	87
C8CE59_Q75_lddt	Q2YHX8_Q75_lddt	1.011E+00	9.991E-01	9.762E-01	93.100	85	87	87
C8CE59_Q75_lddt	Q2YHX6_Q75_lddt	1.011E+00	9.991E-01	9.761E-01	93.100	85	87	87
C8CE59_Q75_lddt	Q5I6D4_Q75_lddt	1.011E+00	9.991E-01	9.761E-01	93.100	85	87	87
C8CE59_Q75_lddt	B5D612_Q75_lddt	1.011E+00	9.991E-01	9.761E-01	90.800	85	87	87
C8CE59_Q75_lddt	A0A455LS80_Q75_lddt	1.011E+00	9.991E-01	9.761E-01	91.900	85	87	87
C8CE59_Q75_lddt	B8YHZ8_Q75_lddt	1.011E+00	9.990E-01	9.761E-01	91.900	85	87	87
C8CE59_Q75_lddt	A0A455LP07_Q75_lddt	1.011E+00	9.990E-01	9.760E-01	90.800	85	87	87
C8CE59_Q75_lddt	E9NST5_Q75_lddt	1.011E+00	9.990E-01	9.760E-01	88.500	85	87	87
C8CE59_Q75_lddt	A0A455LP13_Q75_lddt	1.011E+00	9.989E-01	9.760E-01	90.800	85	87	87
C8CE59_Q75_lddt	R4ISB3_Q75_lddt	1.011E+00	9.989E-01	9.760E-01	90.800	85	87	87
C8CE59_Q75_lddt	A0A455LP02_Q75_lddt	1.011E+00	9.989E-01	9.760E-01	90.800	85	87	87
C8CE59_Q75_lddt	Q84H47_Q75_lddt	1.010E+00	9.986E-01	9.756E-01	89.600	85	87	87
C8CE59_Q75_lddt	Q2YHY7_Q75_lddt	1.010E+00	9.984E-01	9.755E-01	91.900	85	87	87
C8CE59_Q75_lddt	Q84H48_Q75_lddt	1.010E+00	9.984E-01	9.755E-01	89.600	85	87	87
C8CE59_Q75_lddt	Q8GHI3_Q75_lddt	1.010E+00	9.984E-01	9.755E-01	78.100	85	87	87
C8CE59_Q75_lddt	H9AXM1_Q75_lddt	1.010E+00	9.983E-01	9.754E-01	77.000	85	87	87
C8CE59_Q75_lddt	Q9R429_Q75_lddt	1.010E+00	9.983E-01	9.754E-01	79.300	85	87	87
C8CE59_Q75_lddt	Q8VQV7_Q75_lddt	1.010E+00	9.983E-01	9.754E-01	89.600	85	87	87
C8CE59_Q75_lddt	AF-Q6W7F0-F1-model_v4_Q75_lddt	1.010E+00	9.980E-01	9.751E-01	81.600	85	87	87
C8CE59_Q75_lddt	OKP-D-1_Q75_lddt	1.008E+00	9.960E-01	9.732E-01	89.600	85	87	87
C8CE59_Q75_lddt	AF-A0A867XYA1-F1-model_v4_Q75_lddt	1.010E+00	9.985E-01	9.645E-01	89.500	85	86	88
C8CE59_Q75_lddt	C0LSK3_Q75_lddt	1.010E+00	9.861E-01	9.747E-01	91.800	85	86	86
C8CE59_Q75_lddt	B7FDD9_Q75_lddt	1.010E+00	9.628E-01	9.980E-01	96.400	85	85	82
C8CE59_Q75_lddt	AF-P18251-F1-model_v4_Q75_lddt	1.009E+00	9.971E-01	9.632E-01	95.300	85	86	88
C8CE59_Q75_lddt	Q2MJC2_Q75_lddt	1.012E+00	9.998E-01	9.548E-01	97.700	85	87	89
C8CE59_Q75_lddt	E5G517_Q75_lddt	1.011E+00	9.996E-01	9.547E-01	97.700	85	87	89
C8CE59_Q75_lddt	Q8VP67_Q75_lddt	1.011E+00	9.996E-01	9.547E-01	97.700	85	87	89
C8CE59_Q75_lddt	J7HZA4_Q75_lddt	1.011E+00	9.996E-01	9.547E-01	96.500	85	87	89
C8CE59_Q75_lddt	A0A097BQY7_Q75_lddt	1.011E+00	9.996E-01	9.547E-01	97.700	85	87	89
C8CE59_Q75_lddt	Q8KRG7_Q75_lddt	1.011E+00	9.995E-01	9.546E-01	96.500	85	87	89
C8CE59_Q75_lddt	A0ZX80_Q75_lddt	1.011E+00	9.993E-01	9.545E-01	97.700	85	87	89
C8CE59_Q75_lddt	D5LGB4_Q75_lddt	1.011E+00	9.993E-01	9.544E-01	97.700	85	87	89
C8CE59_Q75_lddt	A0A2P9E069_Q75_lddt	1.011E+00	9.993E-01	9.544E-01	97.700	85	87	89
C8CE59_Q75_lddt	S4TWB0_Q75_lddt	1.011E+00	9.993E-01	9.544E-01	97.700	85	87	89
C8CE59_Q75_lddt	E5Q900_Q75_lddt	1.011E+00	9.993E-01	9.544E-01	97.700	85	87	89
C8CE59_Q75_lddt	A0ZX91_Q75_lddt	1.011E+00	9.993E-01	9.544E-01	97.700	85	87	89
C8CE59_Q75_lddt	H2ERK9_Q75_lddt	1.011E+00	9.993E-01	9.544E-01	97.700	85	87	89
C8CE59_Q75_lddt	B9U2I6_Q75_lddt	1.011E+00	9.992E-01	9.544E-01	97.700	85	87	89
C8CE59_Q75_lddt	Q8VP57_Q75_lddt	1.011E+00	9.992E-01	9.543E-01	97.700	85	87	89
C8CE59_Q75_lddt	B0FP98_Q75_lddt	1.011E+00	9.992E-01	9.543E-01	96.500	85	87	89
C8CE59_Q75_lddt	A3FFR2_Q75_lddt	1.011E+00	9.992E-01	9.543E-01	97.700	85	87	89
C8CE59_Q75_lddt	Q0PGR7_Q75_lddt	1.011E+00	9.990E-01	9.542E-01	96.500	85	87	89
C8CE59_Q75_lddt	Q939H5_Q75_lddt	1.011E+00	9.990E-01	9.542E-01	96.500	85	87	89
C8CE59_Q75_lddt	Q939H3_Q75_lddt	1.011E+00	9.988E-01	9.540E-01	89.600	85	87	89
C8CE59_Q75_lddt	F8SQ10_Q75_lddt	1.010E+00	9.986E-01	9.538E-01	97.700	85	87	89
C8CE59_Q75_lddt	O33677_Q75_lddt	9.929E-01	9.813E-01	9.700E-01	77.000	85	87	86
C8CE59_Q75_lddt	AF-A0A1J0HSJ3-F1-model_v4_Q75_lddt	1.001E+00	9.542E-01	9.887E-01	54.100	85	85	82
C8CE59_Q75_lddt	AF-A0A3G1JAD7-F1-model_v4_Q75_lddt	1.001E+00	9.541E-01	9.886E-01	55.200	85	85	82
C8CE59_Q75_lddt	P14171_Q75_lddt	9.814E-01	9.700E-01	9.700E-01	56.900	85	86	85
C8CE59_Q75_lddt	C5HUY1_Q75_lddt	9.813E-01	9.586E-01	9.698E-01	50.000	85	86	84
C8CE59_Q75_lddt	C6GC02_Q75_lddt	9.812E-01	9.585E-01	9.698E-01	48.800	85	86	84
C8CE59_Q75_lddt	Q3SAW3_Q75_lddt	9.809E-01	9.583E-01	9.695E-01	56.900	85	86	84
C8CE59_Q75_lddt	A0A097ZLX5_Q75_lddt	9.811E-01	9.585E-01	9.697E-01	50.000	85	86	84
C8CE59_Q75_lddt	Q9AMJ7_Q75_lddt	9.876E-01	9.535E-01	9.760E-01	31.700	85	85	83
C8CE59_Q75_lddt	A1YTM5_Q75_lddt	9.871E-01	9.531E-01	9.755E-01	31.700	85	85	83
C8CE59_Q75_lddt	GES-44_Q75_lddt	9.786E-01	9.561E-01	9.672E-01	50.000	85	86	84
C8CE59_Q75_lddt	GES-41_Q75_lddt	9.785E-01	9.560E-01	9.671E-01	50.000	85	86	84
C8CE59_Q75_lddt	SGM-3_Q75_lddt	9.819E-01	9.592E-01	9.592E-01	54.600	85	86	85
C8CE59_Q75_lddt	SGM-2_Q75_lddt	9.816E-01	9.589E-01	9.589E-01	54.600	85	86	85
C8CE59_Q75_lddt	RAA-1_Q75_lddt	9.848E-01	9.509E-01	9.732E-01	34.100	85	85	83
C8CE59_Q75_lddt	D5HSX5_Q75_lddt	9.833E-01	9.495E-01	9.718E-01	42.300	85	85	83
C8CE59_Q75_lddt	F8T7L4_Q75_lddt	9.820E-01	9.483E-01	9.705E-01	38.800	85	85	83
C8CE59_Q75_lddt	Q8VT49_Q75_lddt	9.823E-01	9.486E-01	9.708E-01	31.700	85	85	83
C8CE59_Q75_lddt	Q5XQD3_Q75_lddt	9.819E-01	9.482E-01	9.704E-01	38.800	85	85	83
C8CE59_Q75_lddt	P74842_Q75_lddt	9.816E-01	9.480E-01	9.701E-01	40.000	85	85	83
C8CE59_Q75_lddt	AF-A0A0D0F642-F1-model_v4_Q75_lddt	9.814E-01	9.478E-01	9.700E-01	32.900	85	85	83
C8CE59_Q75_lddt	PER-16_Q75_lddt	9.726E-01	9.503E-01	9.613E-01	41.800	85	86	84
C8CE59_Q75_lddt	AF-E2D9D5-F1-model_v4_Q75_lddt	9.727E-01	9.504E-01	9.614E-01	31.300	85	86	84
C8CE59_Q75_lddt	AF-A0A886X7X6-F1-model_v6_Q75_lddt	9.757E-01	9.533E-01	9.533E-01	32.500	85	86	85
C8CE59_Q75_lddt	G9MB50_Q75_lddt	9.787E-01	9.453E-01	9.673E-01	31.700	85	85	83
C8CE59_Q75_lddt	G9M9P7_Q75_lddt	9.782E-01	9.448E-01	9.668E-01	30.500	85	85	83
C8CE59_Q75_lddt	AF-E4WMC5-F1-model_v6_Q75_lddt	9.776E-01	9.441E-01	9.662E-01	36.400	85	85	83
C8CE59_Q75_lddt	G9MB49_Q75_lddt	9.780E-01	9.446E-01	9.666E-01	31.700	85	85	83
C8CE59_Q75_lddt	SGM-5_Q75_lddt	9.735E-01	9.512E-01	9.512E-01	51.100	85	86	85
C8CE59_Q75_lddt	AF-Q1NAL0-F1-model_v4_Q75_lddt	9.719E-01	9.497E-01	9.497E-01	54.600	85	86	85
C8CE59_Q75_lddt	AF-J9QX37-F1-model_v4_Q75_lddt	9.828E-01	9.266E-01	9.710E-01	29.400	85	85	81
C8CE59_Q75_lddt	A0A2Z2Z6H0_Q75_lddt	9.657E-01	9.437E-01	9.546E-01	47.600	85	86	84
C8CE59_Q75_lddt	Q5W3A6_Q75_lddt	9.658E-01	9.438E-01	9.547E-01	34.800	85	86	84
C8CE59_Q75_lddt	Q9X6W1_Q75_lddt	9.716E-01	9.385E-01	9.603E-01	32.900	85	85	83
C8CE59_Q75_lddt	Q9RAZ9_Q75_lddt	9.766E-01	9.322E-01	9.651E-01	31.700	85	85	82
C8CE59_Q75_lddt	A0A1W5QH29_Q75_lddt	9.553E-01	9.444E-01	9.444E-01	36.700	85	87	85
C8CE59_Q75_lddt	A0A0B6VPP7_Q75_lddt	9.685E-01	9.356E-01	9.573E-01	31.700	85	85	83
C8CE59_Q75_lddt	A0A1W5QCF3_Q75_lddt	9.543E-01	9.434E-01	9.434E-01	36.700	85	87	85
C8CE59_Q75_lddt	A0A3Q8G682_Q75_lddt	9.578E-01	9.468E-01	9.362E-01	51.700	85	87	86
C8CE59_Q75_lddt	A0A1W5QG57_Q75_lddt	9.517E-01	9.408E-01	9.408E-01	36.700	85	87	85
C8CE59_Q75_lddt	AF-A0A8E9ZWD0-F1-model_v6_Q75_lddt	9.626E-01	9.407E-01	9.407E-01	31.300	85	86	85
C8CE59_Q75_lddt	Q9XBM2_Q75_lddt	9.538E-01	9.430E-01	9.324E-01	41.300	85	87	86
C8CE59_Q75_lddt	B5L5W7_Q75_lddt	9.583E-01	9.474E-01	9.264E-01	38.300	85	86	87
C8CE59_Q75_lddt	A0A0E0SR47_Q75_lddt	9.452E-01	9.346E-01	9.346E-01	39.000	85	87	85
C8CE59_Q75_lddt	AF-A0A127SQY3-F1-model_v6_Q75_lddt	9.558E-01	9.236E-01	9.448E-01	25.800	85	85	83
C8CE59_Q75_lddt	AF-F4NA56-F1-model_v4_Q75_lddt	9.403E-01	9.297E-01	9.297E-01	36.700	85	87	85
C8CE59_Q75_lddt	Q57509_Q75_lddt	9.515E-01	9.193E-01	9.298E-01	29.000	85	86	84
C8CE59_Q75_lddt	C8C0I2_Q75_lddt	9.481E-01	9.163E-01	9.373E-01	32.900	85	85	83
C8CE59_Q75_lddt	C8C0D8_Q75_lddt	9.283E-01	9.180E-01	9.079E-01	26.400	85	87	86
C8CE59_Q75_lddt	Q9X4S7_Q75_lddt	9.260E-01	9.157E-01	9.057E-01	28.700	85	87	86
A0A1W5QCF3_Q75_lddt	A0A1W5QCF3_Q75_lddt	1.012E+00	1.000E+00	1.000E+00	100.000	85	85	85
A0A1W5QCF3_Q75_lddt	A0A1W5QH29_Q75_lddt	1.012E+00	9.998E-01	9.998E-01	98.800	85	85	85
A0A1W5QCF3_Q75_lddt	A0A1W5QG57_Q75_lddt	1.010E+00	9.980E-01	9.980E-01	94.100	85	85	85
A0A1W5QCF3_Q75_lddt	A0A0E0SR47_Q75_lddt	9.963E-01	9.848E-01	9.848E-01	64.700	85	85	85
A0A1W5QCF3_Q75_lddt	AF-F4NA56-F1-model_v4_Q75_lddt	9.960E-01	9.844E-01	9.844E-01	65.800	85	85	85
A0A1W5QCF3_Q75_lddt	A0A3Q8G682_Q75_lddt	9.851E-01	9.738E-01	9.627E-01	53.400	85	86	86
A0A1W5QCF3_Q75_lddt	OKP-D-1_Q75_lddt	9.802E-01	9.690E-01	9.474E-01	37.900	85	87	87
A0A1W5QCF3_Q75_lddt	Q8VQV7_Q75_lddt	9.792E-01	9.681E-01	9.465E-01	37.900	85	87	87
A0A1W5QCF3_Q75_lddt	Q84H47_Q75_lddt	9.788E-01	9.676E-01	9.460E-01	37.900	85	87	87
A0A1W5QCF3_Q75_lddt	Q84H48_Q75_lddt	9.783E-01	9.671E-01	9.456E-01	37.900	85	87	87
A0A1W5QCF3_Q75_lddt	Q9XBM2_Q75_lddt	9.743E-01	9.633E-01	9.525E-01	50.000	85	86	86
A0A1W5QCF3_Q75_lddt	A0A0P0IGT7_Q75_lddt	9.777E-01	9.666E-01	9.451E-01	37.900	85	87	87
A0A1W5QCF3_Q75_lddt	AF-Q6W7F0-F1-model_v4_Q75_lddt	9.779E-01	9.667E-01	9.452E-01	39.000	85	87	87
A0A1W5QCF3_Q75_lddt	Q2YHY7_Q75_lddt	9.776E-01	9.665E-01	9.449E-01	37.900	85	87	87
A0A1W5QCF3_Q75_lddt	B8YHZ8_Q75_lddt	9.774E-01	9.663E-01	9.448E-01	37.900	85	87	87
A0A1W5QCF3_Q75_lddt	R4ISB3_Q75_lddt	9.773E-01	9.662E-01	9.447E-01	37.900	85	87	87
A0A1W5QCF3_Q75_lddt	A0A455LP02_Q75_lddt	9.773E-01	9.662E-01	9.447E-01	37.900	85	87	87
A0A1W5QCF3_Q75_lddt	B5D612_Q75_lddt	9.773E-01	9.662E-01	9.447E-01	37.900	85	87	87
A0A1W5QCF3_Q75_lddt	Q6ZY77_Q75_lddt	9.772E-01	9.660E-01	9.445E-01	36.700	85	87	87
A0A1W5QCF3_Q75_lddt	E9NST5_Q75_lddt	9.772E-01	9.661E-01	9.446E-01	36.700	85	87	87
A0A1W5QCF3_Q75_lddt	A0A455LP07_Q75_lddt	9.772E-01	9.660E-01	9.445E-01	37.900	85	87	87
A0A1W5QCF3_Q75_lddt	Q2YHZ3_Q75_lddt	9.771E-01	9.660E-01	9.445E-01	37.900	85	87	87
A0A1W5QCF3_Q75_lddt	Q2YHZ0_Q75_lddt	9.771E-01	9.659E-01	9.444E-01	37.900	85	87	87
A0A1W5QCF3_Q75_lddt	H9AXM1_Q75_lddt	9.772E-01	9.660E-01	9.445E-01	40.200	85	87	87
A0A1W5QCF3_Q75_lddt	Q8GHI3_Q75_lddt	9.770E-01	9.659E-01	9.444E-01	41.300	85	87	87
A0A1W5QCF3_Q75_lddt	A0A455LP13_Q75_lddt	9.768E-01	9.657E-01	9.442E-01	37.900	85	87	87
A0A1W5QCF3_Q75_lddt	B5D620_Q75_lddt	9.768E-01	9.657E-01	9.442E-01	37.900	85	87	87
A0A1W5QCF3_Q75_lddt	Q6ZY74_Q75_lddt	9.767E-01	9.656E-01	9.441E-01	37.900	85	87	87
A0A1W5QCF3_Q75_lddt	Q2YHZ5_Q75_lddt	9.767E-01	9.656E-01	9.441E-01	37.900	85	87	87
A0A1W5QCF3_Q75_lddt	Q9R429_Q75_lddt	9.767E-01	9.656E-01	9.441E-01	42.500	85	87	87
A0A1W5QCF3_Q75_lddt	Q2YHX8_Q75_lddt	9.765E-01	9.654E-01	9.439E-01	37.900	85	87	87
A0A1W5QCF3_Q75_lddt	Q5I6D4_Q75_lddt	9.765E-01	9.654E-01	9.439E-01	37.900	85	87	87
A0A1W5QCF3_Q75_lddt	Q2YHZ2_Q75_lddt	9.762E-01	9.651E-01	9.436E-01	37.900	85	87	87
A0A1W5QCF3_Q75_lddt	Q6ZY58_Q75_lddt	9.760E-01	9.649E-01	9.434E-01	37.900	85	87	87
A0A1W5QCF3_Q75_lddt	A0A455LS80_Q75_lddt	9.763E-01	9.652E-01	9.437E-01	37.900	85	87	87
A0A1W5QCF3_Q75_lddt	Q2YHX6_Q75_lddt	9.762E-01	9.651E-01	9.436E-01	37.900	85	87	87
A0A1W5QCF3_Q75_lddt	Q5PU78_Q75_lddt	9.759E-01	9.648E-01	9.434E-01	39.000	85	87	87
A0A1W5QCF3_Q75_lddt	Q6R5M7_Q75_lddt	9.755E-01	9.644E-01	9.430E-01	39.000	85	87	87
A0A1W5QCF3_Q75_lddt	C0LSK3_Q75_lddt	9.796E-01	9.572E-01	9.464E-01	37.200	85	86	86
A0A1W5QCF3_Q75_lddt	OKP-C-1_Q75_lddt	9.676E-01	9.566E-01	9.458E-01	36.700	85	87	86
A0A1W5QCF3_Q75_lddt	A3FFR2_Q75_lddt	9.783E-01	9.672E-01	9.250E-01	37.900	85	87	89
A0A1W5QCF3_Q75_lddt	A0A097BQY7_Q75_lddt	9.777E-01	9.666E-01	9.244E-01	37.900	85	87	89
A0A1W5QCF3_Q75_lddt	Q2MJC2_Q75_lddt	9.776E-01	9.665E-01	9.244E-01	37.900	85	87	89
A0A1W5QCF3_Q75_lddt	A0A2P9E069_Q75_lddt	9.776E-01	9.664E-01	9.243E-01	37.900	85	87	89
A0A1W5QCF3_Q75_lddt	E5Q900_Q75_lddt	9.775E-01	9.664E-01	9.243E-01	37.900	85	87	89
A0A1W5QCF3_Q75_lddt	A0ZX80_Q75_lddt	9.775E-01	9.664E-01	9.242E-01	37.900	85	87	89
A0A1W5QCF3_Q75_lddt	D5LGB4_Q75_lddt	9.775E-01	9.664E-01	9.243E-01	37.900	85	87	89
A0A1W5QCF3_Q75_lddt	B9U2I6_Q75_lddt	9.774E-01	9.663E-01	9.242E-01	37.900	85	87	89
A0A1W5QCF3_Q75_lddt	Q939H3_Q75_lddt	9.775E-01	9.663E-01	9.242E-01	37.900	85	87	89
A0A1W5QCF3_Q75_lddt	S4TWB0_Q75_lddt	9.773E-01	9.662E-01	9.241E-01	37.900	85	87	89
A0A1W5QCF3_Q75_lddt	A0ZX91_Q75_lddt	9.774E-01	9.662E-01	9.241E-01	37.900	85	87	89
A0A1W5QCF3_Q75_lddt	Q8VP57_Q75_lddt	9.773E-01	9.662E-01	9.241E-01	37.900	85	87	89
A0A1W5QCF3_Q75_lddt	Q939H5_Q75_lddt	9.771E-01	9.660E-01	9.239E-01	36.700	85	87	89
A0A1W5QCF3_Q75_lddt	Q0PGR7_Q75_lddt	9.769E-01	9.658E-01	9.238E-01	37.900	85	87	89
A0A1W5QCF3_Q75_lddt	SGM-5_Q75_lddt	9.632E-01	9.411E-01	9.411E-01	37.900	85	87	85
A0A1W5QCF3_Q75_lddt	Q3SAW3_Q75_lddt	9.592E-01	9.373E-01	9.481E-01	36.700	85	87	84
A0A1W5QCF3_Q75_lddt	Q8KRG7_Q75_lddt	9.763E-01	9.652E-01	9.232E-01	37.900	85	87	89
A0A1W5QCF3_Q75_lddt	H2ERK9_Q75_lddt	9.764E-01	9.652E-01	9.232E-01	37.900	85	87	89
A0A1W5QCF3_Q75_lddt	B0FP98_Q75_lddt	9.763E-01	9.652E-01	9.232E-01	36.700	85	87	89
A0A1W5QCF3_Q75_lddt	O33677_Q75_lddt	9.619E-01	9.510E-01	9.403E-01	41.300	85	87	86
A0A1W5QCF3_Q75_lddt	F8SQ10_Q75_lddt	9.764E-01	9.653E-01	9.233E-01	37.900	85	87	89
A0A1W5QCF3_Q75_lddt	AF-P18251-F1-model_v4_Q75_lddt	9.694E-01	9.584E-01	9.266E-01	35.600	85	87	88
A0A1W5QCF3_Q75_lddt	Q8VP67_Q75_lddt	9.760E-01	9.649E-01	9.229E-01	37.900	85	87	89
A0A1W5QCF3_Q75_lddt	J7HZA4_Q75_lddt	9.757E-01	9.646E-01	9.227E-01	36.700	85	87	89
A0A1W5QCF3_Q75_lddt	C8CE59_Q75_lddt	9.543E-01	9.434E-01	9.434E-01	36.700	85	87	85
A0A1W5QCF3_Q75_lddt	C8CE60_Q75_lddt	9.537E-01	9.428E-01	9.428E-01	36.700	85	87	85
A0A1W5QCF3_Q75_lddt	AF-A0A867XYA1-F1-model_v4_Q75_lddt	9.678E-01	9.568E-01	9.251E-01	32.100	85	87	88
A0A1W5QCF3_Q75_lddt	SGM-2_Q75_lddt	9.604E-01	9.384E-01	9.384E-01	36.700	85	87	85
A0A1W5QCF3_Q75_lddt	AF-Q1NAL0-F1-model_v4_Q75_lddt	9.596E-01	9.377E-01	9.377E-01	40.200	85	87	85
A0A1W5QCF3_Q75_lddt	E5G517_Q75_lddt	9.722E-01	9.612E-01	9.194E-01	36.700	85	87	89
A0A1W5QCF3_Q75_lddt	SGM-3_Q75_lddt	9.593E-01	9.373E-01	9.373E-01	36.700	85	87	85
A0A1W5QCF3_Q75_lddt	GES-41_Q75_lddt	9.554E-01	9.336E-01	9.444E-01	33.300	85	87	84
A0A1W5QCF3_Q75_lddt	GES-44_Q75_lddt	9.553E-01	9.336E-01	9.443E-01	33.300	85	87	84
A0A1W5QCF3_Q75_lddt	C6GC02_Q75_lddt	9.540E-01	9.323E-01	9.431E-01	32.100	85	87	84
A0A1W5QCF3_Q75_lddt	C5HUY1_Q75_lddt	9.539E-01	9.322E-01	9.429E-01	33.300	85	87	84
A0A1W5QCF3_Q75_lddt	A0A097ZLX5_Q75_lddt	9.537E-01	9.320E-01	9.427E-01	33.300	85	87	84
A0A1W5QCF3_Q75_lddt	P14171_Q75_lddt	9.473E-01	9.366E-01	9.366E-01	35.600	85	87	85
A0A1W5QCF3_Q75_lddt	AF-A0A3G1JAD7-F1-model_v4_Q75_lddt	9.577E-01	9.139E-01	9.464E-01	36.700	85	87	82
A0A1W5QCF3_Q75_lddt	AF-A0A1J0HSJ3-F1-model_v4_Q75_lddt	9.575E-01	9.137E-01	9.462E-01	39.000	85	87	82
A0A1W5QCF3_Q75_lddt	B7FDD9_Q75_lddt	9.564E-01	9.127E-01	9.451E-01	34.400	85	87	82
A0A1W5QCF3_Q75_lddt	A0A2Z2Z6H0_Q75_lddt	9.456E-01	9.242E-01	9.348E-01	41.300	85	87	84
A0A1W5QCF3_Q75_lddt	PER-16_Q75_lddt	9.418E-01	9.206E-01	9.311E-01	32.100	85	87	84
A0A1W5QCF3_Q75_lddt	D5HSX5_Q75_lddt	9.440E-01	9.121E-01	9.331E-01	36.700	85	87	83
A0A1W5QCF3_Q75_lddt	F8T7L4_Q75_lddt	9.433E-01	9.114E-01	9.324E-01	32.100	85	87	83
A0A1W5QCF3_Q75_lddt	Q5XQD3_Q75_lddt	9.432E-01	9.113E-01	9.323E-01	32.100	85	87	83
A0A1W5QCF3_Q75_lddt	P74842_Q75_lddt	9.431E-01	9.112E-01	9.322E-01	32.100	85	87	83
A0A1W5QCF3_Q75_lddt	AF-E4WMC5-F1-model_v6_Q75_lddt	9.422E-01	9.104E-01	9.313E-01	33.300	85	87	83
A0A1W5QCF3_Q75_lddt	B5L5W7_Q75_lddt	9.371E-01	9.266E-01	9.062E-01	31.000	85	87	87
A0A1W5QCF3_Q75_lddt	Q9AMJ7_Q75_lddt	9.383E-01	9.068E-01	9.276E-01	28.700	85	87	83
A0A1W5QCF3_Q75_lddt	A1YTM5_Q75_lddt	9.378E-01	9.063E-01	9.271E-01	28.700	85	87	83
A0A1W5QCF3_Q75_lddt	AF-E2D9D5-F1-model_v4_Q75_lddt	9.329E-01	9.121E-01	9.224E-01	31.000	85	87	84
A0A1W5QCF3_Q75_lddt	AF-A0A8E9ZWD0-F1-model_v6_Q75_lddt	9.357E-01	9.148E-01	9.148E-01	37.900	85	87	85
A0A1W5QCF3_Q75_lddt	AF-A0A886X7X6-F1-model_v6_Q75_lddt	9.355E-01	9.146E-01	9.146E-01	32.100	85	87	85
A0A1W5QCF3_Q75_lddt	Q5W3A6_Q75_lddt	9.311E-01	9.103E-01	9.206E-01	31.000	85	87	84
A0A1W5QCF3_Q75_lddt	Q9X6W1_Q75_lddt	9.331E-01	9.019E-01	9.225E-01	28.700	85	87	83
A0A1W5QCF3_Q75_lddt	AF-J9QX37-F1-model_v4_Q75_lddt	9.381E-01	8.855E-01	9.271E-01	26.400	85	87	81
A0A1W5QCF3_Q75_lddt	RAA-1_Q75_lddt	9.298E-01	8.988E-01	9.192E-01	29.800	85	87	83
A0A1W5QCF3_Q75_lddt	AF-A0A0D0F642-F1-model_v4_Q75_lddt	9.292E-01	8.982E-01	9.186E-01	31.000	85	87	83
A0A1W5QCF3_Q75_lddt	A0A0B6VPP7_Q75_lddt	9.282E-01	8.972E-01	9.176E-01	29.800	85	87	83
A0A1W5QCF3_Q75_lddt	Q8VT49_Q75_lddt	9.235E-01	8.929E-01	9.131E-01	26.400	85	87	83
A0A1W5QCF3_Q75_lddt	AF-A0A127SQY3-F1-model_v6_Q75_lddt	9.200E-01	8.895E-01	9.096E-01	29.800	85	87	83
A0A1W5QCF3_Q75_lddt	Q9RAZ9_Q75_lddt	9.220E-01	8.813E-01	9.115E-01	28.700	85	87	82
A0A1W5QCF3_Q75_lddt	G9MB50_Q75_lddt	9.167E-01	8.865E-01	9.064E-01	29.800	85	87	83
A0A1W5QCF3_Q75_lddt	G9M9P7_Q75_lddt	9.152E-01	8.851E-01	9.049E-01	29.800	85	87	83
A0A1W5QCF3_Q75_lddt	G9MB49_Q75_lddt	9.151E-01	8.850E-01	9.048E-01	29.800	85	87	83
A0A1W5QCF3_Q75_lddt	Q57509_Q75_lddt	9.145E-01	8.841E-01	8.940E-01	29.500	85	88	84
A0A1W5QCF3_Q75_lddt	C8C0I2_Q75_lddt	9.073E-01	8.775E-01	8.971E-01	37.900	85	87	83
A0A1W5QCF3_Q75_lddt	C8C0D8_Q75_lddt	8.884E-01	8.788E-01	8.694E-01	31.400	85	89	86
A0A1W5QCF3_Q75_lddt	Q9X4S7_Q75_lddt	8.869E-01	8.773E-01	8.679E-01	31.400	85	89	86
A0A1W5QG57_Q75_lddt	A0A1W5QG57_Q75_lddt	1.012E+00	1.000E+00	1.000E+00	100.000	85	85	85
A0A1W5QG57_Q75_lddt	A0A1W5QH29_Q75_lddt	1.010E+00	9.982E-01	9.982E-01	95.200	85	85	85
A0A1W5QG57_Q75_lddt	A0A1W5QCF3_Q75_lddt	1.010E+00	9.980E-01	9.980E-01	94.100	85	85	85
A0A1W5QG57_Q75_lddt	AF-F4NA56-F1-model_v4_Q75_lddt	9.938E-01	9.823E-01	9.823E-01	64.700	85	85	85
A0A1W5QG57_Q75_lddt	A0A0E0SR47_Q75_lddt	9.937E-01	9.823E-01	9.823E-01	65.800	85	85	85
A0A1W5QG57_Q75_lddt	A0A3Q8G682_Q75_lddt	9.838E-01	9.725E-01	9.615E-01	53.400	85	86	86
A0A1W5QG57_Q75_lddt	OKP-D-1_Q75_lddt	9.773E-01	9.662E-01	9.446E-01	37.900	85	87	87
A0A1W5QG57_Q75_lddt	Q8VQV7_Q75_lddt	9.764E-01	9.653E-01	9.439E-01	37.900	85	87	87
A0A1W5QG57_Q75_lddt	Q84H47_Q75_lddt	9.759E-01	9.648E-01	9.434E-01	37.900	85	87	87
A0A1W5QG57_Q75_lddt	Q84H48_Q75_lddt	9.751E-01	9.640E-01	9.426E-01	37.900	85	87	87
A0A1W5QG57_Q75_lddt	A0A0P0IGT7_Q75_lddt	9.747E-01	9.637E-01	9.423E-01	37.900	85	87	87
A0A1W5QG57_Q75_lddt	Q2YHY7_Q75_lddt	9.746E-01	9.636E-01	9.422E-01	37.900	85	87	87
A0A1W5QG57_Q75_lddt	Q6ZY77_Q75_lddt	9.744E-01	9.633E-01	9.419E-01	36.700	85	87	87
A0A1W5QG57_Q75_lddt	AF-Q6W7F0-F1-model_v4_Q75_lddt	9.745E-01	9.634E-01	9.420E-01	40.200	85	87	87
A0A1W5QG57_Q75_lddt	B8YHZ8_Q75_lddt	9.743E-01	9.632E-01	9.419E-01	37.900	85	87	87
A0A1W5QG57_Q75_lddt	A0A455LP02_Q75_lddt	9.743E-01	9.632E-01	9.419E-01	37.900	85	87	87
A0A1W5QG57_Q75_lddt	Q2YHZ0_Q75_lddt	9.742E-01	9.631E-01	9.417E-01	37.900	85	87	87
A0A1W5QG57_Q75_lddt	R4ISB3_Q75_lddt	9.742E-01	9.632E-01	9.418E-01	37.900	85	87	87
A0A1W5QG57_Q75_lddt	Q2YHZ3_Q75_lddt	9.742E-01	9.632E-01	9.418E-01	37.900	85	87	87
A0A1W5QG57_Q75_lddt	B5D612_Q75_lddt	9.742E-01	9.632E-01	9.418E-01	37.900	85	87	87
A0A1W5QG57_Q75_lddt	E9NST5_Q75_lddt	9.742E-01	9.631E-01	9.418E-01	36.700	85	87	87
A0A1W5QG57_Q75_lddt	Q6ZY74_Q75_lddt	9.740E-01	9.630E-01	9.416E-01	37.900	85	87	87
A0A1W5QG57_Q75_lddt	A0A455LP07_Q75_lddt	9.741E-01	9.630E-01	9.417E-01	37.900	85	87	87
A0A1W5QG57_Q75_lddt	Q9XBM2_Q75_lddt	9.706E-01	9.596E-01	9.489E-01	48.800	85	86	86
A0A1W5QG57_Q75_lddt	Q2YHZ5_Q75_lddt	9.738E-01	9.628E-01	9.414E-01	37.900	85	87	87
A0A1W5QG57_Q75_lddt	Q8GHI3_Q75_lddt	9.739E-01	9.628E-01	9.414E-01	42.500	85	87	87
A0A1W5QG57_Q75_lddt	A0A455LP13_Q75_lddt	9.738E-01	9.627E-01	9.414E-01	37.900	85	87	87
A0A1W5QG57_Q75_lddt	H9AXM1_Q75_lddt	9.738E-01	9.627E-01	9.414E-01	41.300	85	87	87
A0A1W5QG57_Q75_lddt	B5D620_Q75_lddt	9.736E-01	9.625E-01	9.412E-01	37.900	85	87	87
A0A1W5QG57_Q75_lddt	A0A455LS80_Q75_lddt	9.735E-01	9.624E-01	9.411E-01	37.900	85	87	87
A0A1W5QG57_Q75_lddt	Q2YHX8_Q75_lddt	9.734E-01	9.624E-01	9.410E-01	37.900	85	87	87
A0A1W5QG57_Q75_lddt	Q2YHZ2_Q75_lddt	9.733E-01	9.623E-01	9.409E-01	37.900	85	87	87
A0A1W5QG57_Q75_lddt	Q9R429_Q75_lddt	9.734E-01	9.624E-01	9.410E-01	43.600	85	87	87
A0A1W5QG57_Q75_lddt	Q5I6D4_Q75_lddt	9.733E-01	9.623E-01	9.410E-01	37.900	85	87	87
A0A1W5QG57_Q75_lddt	Q6ZY58_Q75_lddt	9.730E-01	9.620E-01	9.407E-01	37.900	85	87	87
A0A1W5QG57_Q75_lddt	Q2YHX6_Q75_lddt	9.731E-01	9.621E-01	9.407E-01	37.900	85	87	87
A0A1W5QG57_Q75_lddt	Q5PU78_Q75_lddt	9.730E-01	9.620E-01	9.406E-01	39.000	85	87	87
A0A1W5QG57_Q75_lddt	Q6R5M7_Q75_lddt	9.729E-01	9.618E-01	9.405E-01	39.000	85	87	87
A0A1W5QG57_Q75_lddt	C0LSK3_Q75_lddt	9.763E-01	9.541E-01	9.434E-01	37.200	85	86	86
A0A1W5QG57_Q75_lddt	OKP-C-1_Q75_lddt	9.647E-01	9.537E-01	9.430E-01	36.700	85	87	86
A0A1W5QG57_Q75_lddt	SGM-5_Q75_lddt	9.637E-01	9.415E-01	9.415E-01	36.700	85	87	85
A0A1W5QG57_Q75_lddt	A0A097BQY7_Q75_lddt	9.753E-01	9.642E-01	9.223E-01	37.900	85	87	89
A0A1W5QG57_Q75_lddt	A3FFR2_Q75_lddt	9.754E-01	9.643E-01	9.224E-01	37.900	85	87	89
A0A1W5QG57_Q75_lddt	Q2MJC2_Q75_lddt	9.751E-01	9.640E-01	9.221E-01	37.900	85	87	89
A0A1W5QG57_Q75_lddt	Q939H5_Q75_lddt	9.746E-01	9.636E-01	9.217E-01	36.700	85	87	89
A0A1W5QG57_Q75_lddt	A0A2P9E069_Q75_lddt	9.746E-01	9.635E-01	9.217E-01	37.900	85	87	89
A0A1W5QG57_Q75_lddt	A0ZX80_Q75_lddt	9.746E-01	9.635E-01	9.217E-01	37.900	85	87	89
A0A1W5QG57_Q75_lddt	E5Q900_Q75_lddt	9.745E-01	9.635E-01	9.216E-01	37.900	85	87	89
A0A1W5QG57_Q75_lddt	D5LGB4_Q75_lddt	9.745E-01	9.635E-01	9.216E-01	37.900	85	87	89
A0A1W5QG57_Q75_lddt	B9U2I6_Q75_lddt	9.745E-01	9.634E-01	9.216E-01	37.900	85	87	89
A0A1W5QG57_Q75_lddt	Q939H3_Q75_lddt	9.744E-01	9.634E-01	9.215E-01	37.900	85	87	89
A0A1W5QG57_Q75_lddt	S4TWB0_Q75_lddt	9.744E-01	9.633E-01	9.215E-01	37.900	85	87	89
A0A1W5QG57_Q75_lddt	A0ZX91_Q75_lddt	9.744E-01	9.633E-01	9.215E-01	37.900	85	87	89
A0A1W5QG57_Q75_lddt	Q8VP57_Q75_lddt	9.743E-01	9.632E-01	9.214E-01	37.900	85	87	89
A0A1W5QG57_Q75_lddt	Q8KRG7_Q75_lddt	9.741E-01	9.630E-01	9.212E-01	37.900	85	87	89
A0A1W5QG57_Q75_lddt	B0FP98_Q75_lddt	9.739E-01	9.628E-01	9.210E-01	36.700	85	87	89
A0A1W5QG57_Q75_lddt	Q0PGR7_Q75_lddt	9.739E-01	9.629E-01	9.211E-01	37.900	85	87	89
A0A1W5QG57_Q75_lddt	Q8VP67_Q75_lddt	9.737E-01	9.626E-01	9.208E-01	37.900	85	87	89
A0A1W5QG57_Q75_lddt	H2ERK9_Q75_lddt	9.737E-01	9.627E-01	9.209E-01	37.900	85	87	89
A0A1W5QG57_Q75_lddt	J7HZA4_Q75_lddt	9.735E-01	9.624E-01	9.206E-01	36.700	85	87	89
A0A1W5QG57_Q75_lddt	SGM-2_Q75_lddt	9.601E-01	9.381E-01	9.381E-01	36.700	85	87	85
A0A1W5QG57_Q75_lddt	F8SQ10_Q75_lddt	9.735E-01	9.624E-01	9.206E-01	37.900	85	87	89
A0A1W5QG57_Q75_lddt	O33677_Q75_lddt	9.590E-01	9.482E-01	9.376E-01	42.500	85	87	86
A0A1W5QG57_Q75_lddt	Q3SAW3_Q75_lddt	9.560E-01	9.342E-01	9.449E-01	35.600	85	87	84
A0A1W5QG57_Q75_lddt	C8CE59_Q75_lddt	9.517E-01	9.408E-01	9.408E-01	36.700	85	87	85
A0A1W5QG57_Q75_lddt	AF-P18251-F1-model_v4_Q75_lddt	9.662E-01	9.552E-01	9.236E-01	35.600	85	87	88
A0A1W5QG57_Q75_lddt	AF-Q1NAL0-F1-model_v4_Q75_lddt	9.593E-01	9.374E-01	9.374E-01	39.000	85	87	85
A0A1W5QG57_Q75_lddt	C8CE60_Q75_lddt	9.512E-01	9.404E-01	9.404E-01	36.700	85	87	85
A0A1W5QG57_Q75_lddt	SGM-3_Q75_lddt	9.591E-01	9.372E-01	9.372E-01	36.700	85	87	85
A0A1W5QG57_Q75_lddt	AF-A0A867XYA1-F1-model_v4_Q75_lddt	9.652E-01	9.542E-01	9.227E-01	32.100	85	87	88
A0A1W5QG57_Q75_lddt	GES-41_Q75_lddt	9.545E-01	9.328E-01	9.435E-01	32.100	85	87	84
A0A1W5QG57_Q75_lddt	GES-44_Q75_lddt	9.542E-01	9.325E-01	9.433E-01	32.100	85	87	84
A0A1W5QG57_Q75_lddt	C6GC02_Q75_lddt	9.530E-01	9.313E-01	9.420E-01	31.000	85	87	84
A0A1W5QG57_Q75_lddt	E5G517_Q75_lddt	9.694E-01	9.584E-01	9.169E-01	36.700	85	87	89
A0A1W5QG57_Q75_lddt	C5HUY1_Q75_lddt	9.528E-01	9.312E-01	9.419E-01	32.100	85	87	84
A0A1W5QG57_Q75_lddt	A0A097ZLX5_Q75_lddt	9.527E-01	9.310E-01	9.418E-01	32.100	85	87	84
A0A1W5QG57_Q75_lddt	AF-A0A3G1JAD7-F1-model_v4_Q75_lddt	9.565E-01	9.128E-01	9.452E-01	37.900	85	87	82
A0A1W5QG57_Q75_lddt	P14171_Q75_lddt	9.436E-01	9.330E-01	9.330E-01	36.700	85	87	85
A0A1W5QG57_Q75_lddt	AF-A0A1J0HSJ3-F1-model_v4_Q75_lddt	9.555E-01	9.119E-01	9.442E-01	40.200	85	87	82
A0A1W5QG57_Q75_lddt	B7FDD9_Q75_lddt	9.545E-01	9.109E-01	9.432E-01	34.400	85	87	82
A0A1W5QG57_Q75_lddt	A0A2Z2Z6H0_Q75_lddt	9.437E-01	9.225E-01	9.330E-01	40.200	85	87	84
A0A1W5QG57_Q75_lddt	PER-16_Q75_lddt	9.377E-01	9.167E-01	9.271E-01	32.100	85	87	84
A0A1W5QG57_Q75_lddt	D5HSX5_Q75_lddt	9.398E-01	9.082E-01	9.290E-01	36.700	85	87	83
A0A1W5QG57_Q75_lddt	F8T7L4_Q75_lddt	9.392E-01	9.076E-01	9.284E-01	32.100	85	87	83
A0A1W5QG57_Q75_lddt	Q5XQD3_Q75_lddt	9.391E-01	9.075E-01	9.283E-01	32.100	85	87	83
A0A1W5QG57_Q75_lddt	P74842_Q75_lddt	9.390E-01	9.074E-01	9.282E-01	32.100	85	87	83
A0A1W5QG57_Q75_lddt	B5L5W7_Q75_lddt	9.365E-01	9.259E-01	9.056E-01	31.000	85	87	87
A0A1W5QG57_Q75_lddt	AF-E4WMC5-F1-model_v6_Q75_lddt	9.383E-01	9.067E-01	9.275E-01	32.100	85	87	83
A0A1W5QG57_Q75_lddt	Q9AMJ7_Q75_lddt	9.350E-01	9.036E-01	9.243E-01	29.800	85	87	83
A0A1W5QG57_Q75_lddt	A1YTM5_Q75_lddt	9.344E-01	9.031E-01	9.237E-01	29.800	85	87	83
A0A1W5QG57_Q75_lddt	AF-A0A8E9ZWD0-F1-model_v6_Q75_lddt	9.335E-01	9.126E-01	9.126E-01	36.700	85	87	85
A0A1W5QG57_Q75_lddt	AF-E2D9D5-F1-model_v4_Q75_lddt	9.297E-01	9.091E-01	9.193E-01	32.100	85	87	84
A0A1W5QG57_Q75_lddt	AF-A0A886X7X6-F1-model_v6_Q75_lddt	9.325E-01	9.117E-01	9.117E-01	31.000	85	87	85
A0A1W5QG57_Q75_lddt	Q5W3A6_Q75_lddt	9.280E-01	9.074E-01	9.176E-01	32.100	85	87	84
A0A1W5QG57_Q75_lddt	Q9X6W1_Q75_lddt	9.298E-01	8.988E-01	9.193E-01	29.800	85	87	83
A0A1W5QG57_Q75_lddt	AF-J9QX37-F1-model_v4_Q75_lddt	9.350E-01	8.827E-01	9.240E-01	28.700	85	87	81
A0A1W5QG57_Q75_lddt	RAA-1_Q75_lddt	9.266E-01	8.958E-01	9.161E-01	31.000	85	87	83
A0A1W5QG57_Q75_lddt	AF-A0A0D0F642-F1-model_v4_Q75_lddt	9.256E-01	8.949E-01	9.152E-01	32.100	85	87	83
A0A1W5QG57_Q75_lddt	A0A0B6VPP7_Q75_lddt	9.249E-01	8.942E-01	9.144E-01	31.000	85	87	83
A0A1W5QG57_Q75_lddt	Q8VT49_Q75_lddt	9.205E-01	8.901E-01	9.102E-01	28.700	85	87	83
A0A1W5QG57_Q75_lddt	AF-A0A127SQY3-F1-model_v6_Q75_lddt	9.183E-01	8.878E-01	9.079E-01	31.000	85	87	83
A0A1W5QG57_Q75_lddt	G9MB50_Q75_lddt	9.144E-01	8.844E-01	9.042E-01	31.000	85	87	83
A0A1W5QG57_Q75_lddt	Q9RAZ9_Q75_lddt	9.185E-01	8.781E-01	9.081E-01	29.800	85	87	82
A0A1W5QG57_Q75_lddt	G9M9P7_Q75_lddt	9.130E-01	8.830E-01	9.028E-01	31.000	85	87	83
A0A1W5QG57_Q75_lddt	G9MB49_Q75_lddt	9.130E-01	8.830E-01	9.027E-01	31.000	85	87	83
A0A1W5QG57_Q75_lddt	Q57509_Q75_lddt	9.098E-01	8.797E-01	8.895E-01	30.600	85	88	84
A0A1W5QG57_Q75_lddt	C8C0I2_Q75_lddt	9.041E-01	8.745E-01	8.940E-01	37.900	85	87	83
A0A1W5QG57_Q75_lddt	C8C0D8_Q75_lddt	8.852E-01	8.757E-01	8.663E-01	33.700	85	89	86
A0A1W5QG57_Q75_lddt	Q9X4S7_Q75_lddt	8.841E-01	8.745E-01	8.652E-01	32.500	85	89	86
A0A455LP07_Q75_lddt	A0A455LP07_Q75_lddt	1.012E+00	1.000E+00	1.000E+00	100.000	87	87	87
A0A455LP07_Q75_lddt	A0A455LP02_Q75_lddt	1.012E+00	1.000E+00	1.000E+00	100.000	87	87	87
A0A455LP07_Q75_lddt	A0A455LP13_Q75_lddt	1.012E+00	1.000E+00	1.000E+00	100.000	87	87	87
A0A455LP07_Q75_lddt	R4ISB3_Q75_lddt	1.012E+00	1.000E+00	1.000E+00	100.000	87	87	87
A0A455LP07_Q75_lddt	E9NST5_Q75_lddt	1.011E+00	9.999E-01	9.999E-01	96.500	87	87	87
A0A455LP07_Q75_lddt	B5D612_Q75_lddt	1.011E+00	9.999E-01	9.999E-01	96.500	87	87	87
A0A455LP07_Q75_lddt	A0A0P0IGT7_Q75_lddt	1.011E+00	9.997E-01	9.997E-01	96.500	87	87	87
A0A455LP07_Q75_lddt	Q84H48_Q75_lddt	1.011E+00	9.997E-01	9.997E-01	97.700	87	87	87
A0A455LP07_Q75_lddt	B8YHZ8_Q75_lddt	1.011E+00	9.996E-01	9.996E-01	94.200	87	87	87
A0A455LP07_Q75_lddt	A0A455LS80_Q75_lddt	1.011E+00	9.996E-01	9.996E-01	98.800	87	87	87
A0A455LP07_Q75_lddt	Q5I6D4_Q75_lddt	1.011E+00	9.996E-01	9.996E-01	95.400	87	87	87
A0A455LP07_Q75_lddt	Q2YHX8_Q75_lddt	1.011E+00	9.995E-01	9.995E-01	95.400	87	87	87
A0A455LP07_Q75_lddt	Q2YHX6_Q75_lddt	1.011E+00	9.995E-01	9.995E-01	95.400	87	87	87
A0A455LP07_Q75_lddt	B5D620_Q75_lddt	1.011E+00	9.995E-01	9.995E-01	94.200	87	87	87
A0A455LP07_Q75_lddt	Q2YHZ5_Q75_lddt	1.011E+00	9.993E-01	9.993E-01	94.200	87	87	87
A0A455LP07_Q75_lddt	Q84H47_Q75_lddt	1.011E+00	9.993E-01	9.993E-01	97.700	87	87	87
A0A455LP07_Q75_lddt	Q2YHZ0_Q75_lddt	1.011E+00	9.992E-01	9.992E-01	94.200	87	87	87
A0A455LP07_Q75_lddt	Q2YHZ3_Q75_lddt	1.011E+00	9.992E-01	9.992E-01	94.200	87	87	87
A0A455LP07_Q75_lddt	Q2YHZ2_Q75_lddt	1.011E+00	9.992E-01	9.992E-01	94.200	87	87	87
A0A455LP07_Q75_lddt	Q6ZY77_Q75_lddt	1.011E+00	9.992E-01	9.992E-01	93.100	87	87	87
A0A455LP07_Q75_lddt	Q5PU78_Q75_lddt	1.011E+00	9.992E-01	9.992E-01	94.200	87	87	87
A0A455LP07_Q75_lddt	Q6ZY74_Q75_lddt	1.011E+00	9.991E-01	9.991E-01	94.200	87	87	87
A0A455LP07_Q75_lddt	Q8VQV7_Q75_lddt	1.011E+00	9.991E-01	9.991E-01	97.700	87	87	87
A0A455LP07_Q75_lddt	Q6R5M7_Q75_lddt	1.011E+00	9.990E-01	9.990E-01	94.200	87	87	87
A0A455LP07_Q75_lddt	Q2YHY7_Q75_lddt	1.011E+00	9.989E-01	9.989E-01	94.200	87	87	87
A0A455LP07_Q75_lddt	Q9R429_Q75_lddt	1.010E+00	9.988E-01	9.988E-01	79.300	87	87	87
A0A455LP07_Q75_lddt	Q6ZY58_Q75_lddt	1.010E+00	9.988E-01	9.988E-01	93.100	87	87	87
A0A455LP07_Q75_lddt	Q8GHI3_Q75_lddt	1.010E+00	9.988E-01	9.988E-01	78.100	87	87	87
A0A455LP07_Q75_lddt	H9AXM1_Q75_lddt	1.010E+00	9.985E-01	9.985E-01	75.800	87	87	87
A0A455LP07_Q75_lddt	AF-Q6W7F0-F1-model_v4_Q75_lddt	1.010E+00	9.983E-01	9.983E-01	82.700	87	87	87
A0A455LP07_Q75_lddt	OKP-D-1_Q75_lddt	1.009E+00	9.971E-01	9.971E-01	95.400	87	87	87
A0A455LP07_Q75_lddt	OKP-C-1_Q75_lddt	1.010E+00	9.870E-01	9.985E-01	91.900	87	87	86
A0A455LP07_Q75_lddt	C0LSK3_Q75_lddt	1.010E+00	9.869E-01	9.984E-01	94.100	87	86	86
A0A455LP07_Q75_lddt	Q939H3_Q75_lddt	1.012E+00	9.999E-01	9.775E-01	98.800	87	87	89
A0A455LP07_Q75_lddt	Q0PGR7_Q75_lddt	1.011E+00	9.997E-01	9.772E-01	93.100	87	87	89
A0A455LP07_Q75_lddt	A0ZX80_Q75_lddt	1.011E+00	9.996E-01	9.771E-01	93.100	87	87	89
A0A455LP07_Q75_lddt	A0ZX91_Q75_lddt	1.011E+00	9.996E-01	9.771E-01	93.100	87	87	89
A0A455LP07_Q75_lddt	S4TWB0_Q75_lddt	1.011E+00	9.996E-01	9.771E-01	93.100	87	87	89
A0A455LP07_Q75_lddt	D5LGB4_Q75_lddt	1.011E+00	9.996E-01	9.771E-01	93.100	87	87	89
A0A455LP07_Q75_lddt	B9U2I6_Q75_lddt	1.011E+00	9.996E-01	9.771E-01	93.100	87	87	89
A0A455LP07_Q75_lddt	Q8VP57_Q75_lddt	1.011E+00	9.996E-01	9.771E-01	93.100	87	87	89
A0A455LP07_Q75_lddt	A0A2P9E069_Q75_lddt	1.011E+00	9.995E-01	9.771E-01	93.100	87	87	89
A0A455LP07_Q75_lddt	E5Q900_Q75_lddt	1.011E+00	9.995E-01	9.771E-01	93.100	87	87	89
A0A455LP07_Q75_lddt	A3FFR2_Q75_lddt	1.011E+00	9.994E-01	9.769E-01	93.100	87	87	89
A0A455LP07_Q75_lddt	Q2MJC2_Q75_lddt	1.011E+00	9.991E-01	9.767E-01	93.100	87	87	89
A0A455LP07_Q75_lddt	H2ERK9_Q75_lddt	1.011E+00	9.991E-01	9.766E-01	93.100	87	87	89
A0A455LP07_Q75_lddt	A0A097BQY7_Q75_lddt	1.011E+00	9.990E-01	9.766E-01	93.100	87	87	89
A0A455LP07_Q75_lddt	B0FP98_Q75_lddt	1.011E+00	9.990E-01	9.766E-01	91.900	87	87	89
A0A455LP07_Q75_lddt	F8SQ10_Q75_lddt	1.011E+00	9.990E-01	9.765E-01	93.100	87	87	89
A0A455LP07_Q75_lddt	Q939H5_Q75_lddt	1.010E+00	9.988E-01	9.764E-01	91.900	87	87	89
A0A455LP07_Q75_lddt	C8CE59_Q75_lddt	1.011E+00	9.760E-01	9.990E-01	90.800	87	87	85
A0A455LP07_Q75_lddt	Q8VP67_Q75_lddt	1.010E+00	9.987E-01	9.763E-01	93.100	87	87	89
A0A455LP07_Q75_lddt	C8CE60_Q75_lddt	1.011E+00	9.760E-01	9.989E-01	90.800	87	87	85
A0A455LP07_Q75_lddt	J7HZA4_Q75_lddt	1.010E+00	9.987E-01	9.762E-01	91.900	87	87	89
A0A455LP07_Q75_lddt	Q8KRG7_Q75_lddt	1.010E+00	9.985E-01	9.761E-01	91.900	87	87	89
A0A455LP07_Q75_lddt	O33677_Q75_lddt	1.004E+00	9.815E-01	9.928E-01	77.000	87	87	86
A0A455LP07_Q75_lddt	E5G517_Q75_lddt	1.006E+00	9.940E-01	9.718E-01	91.900	87	87	89
A0A455LP07_Q75_lddt	AF-A0A867XYA1-F1-model_v4_Q75_lddt	1.010E+00	9.868E-01	9.756E-01	82.700	87	87	88
A0A455LP07_Q75_lddt	AF-P18251-F1-model_v4_Q75_lddt	1.009E+00	9.859E-01	9.747E-01	88.500	87	87	88
A0A455LP07_Q75_lddt	B7FDD9_Q75_lddt	1.010E+00	9.407E-01	9.980E-01	87.300	87	87	82
A0A455LP07_Q75_lddt	P14171_Q75_lddt	9.928E-01	9.591E-01	9.813E-01	55.100	87	87	85
A0A455LP07_Q75_lddt	Q3SAW3_Q75_lddt	9.953E-01	9.502E-01	9.836E-01	51.700	87	87	84
A0A455LP07_Q75_lddt	C5HUY1_Q75_lddt	9.944E-01	9.494E-01	9.827E-01	48.200	87	87	84
A0A455LP07_Q75_lddt	C6GC02_Q75_lddt	9.943E-01	9.494E-01	9.827E-01	47.100	87	87	84
A0A455LP07_Q75_lddt	A0A097ZLX5_Q75_lddt	9.942E-01	9.493E-01	9.826E-01	48.200	87	87	84
A0A455LP07_Q75_lddt	AF-A0A1J0HSJ3-F1-model_v4_Q75_lddt	1.002E+00	9.337E-01	9.900E-01	55.100	87	87	82
A0A455LP07_Q75_lddt	AF-A0A3G1JAD7-F1-model_v4_Q75_lddt	1.001E+00	9.326E-01	9.889E-01	55.100	87	87	82
A0A455LP07_Q75_lddt	GES-44_Q75_lddt	9.926E-01	9.478E-01	9.810E-01	48.200	87	87	84
A0A455LP07_Q75_lddt	GES-41_Q75_lddt	9.924E-01	9.476E-01	9.808E-01	48.200	87	87	84
A0A455LP07_Q75_lddt	SGM-3_Q75_lddt	9.941E-01	9.492E-01	9.711E-01	51.700	87	87	85
A0A455LP07_Q75_lddt	SGM-2_Q75_lddt	9.938E-01	9.489E-01	9.709E-01	51.700	87	87	85
A0A455LP07_Q75_lddt	PER-16_Q75_lddt	9.864E-01	9.421E-01	9.749E-01	40.200	87	87	84
A0A455LP07_Q75_lddt	AF-E2D9D5-F1-model_v4_Q75_lddt	9.855E-01	9.413E-01	9.741E-01	29.800	87	87	84
A0A455LP07_Q75_lddt	AF-A0A886X7X6-F1-model_v6_Q75_lddt	9.882E-01	9.437E-01	9.655E-01	33.300	87	87	85
A0A455LP07_Q75_lddt	Q9AMJ7_Q75_lddt	9.879E-01	9.324E-01	9.763E-01	29.800	87	87	83
A0A455LP07_Q75_lddt	A1YTM5_Q75_lddt	9.874E-01	9.320E-01	9.758E-01	29.800	87	87	83
A0A455LP07_Q75_lddt	A0A1W5QH29_Q75_lddt	9.781E-01	9.454E-01	9.669E-01	37.900	87	87	85
A0A455LP07_Q75_lddt	SGM-5_Q75_lddt	9.859E-01	9.417E-01	9.633E-01	50.500	87	87	85
A0A455LP07_Q75_lddt	RAA-1_Q75_lddt	9.862E-01	9.309E-01	9.746E-01	31.000	87	87	83
A0A455LP07_Q75_lddt	A0A1W5QCF3_Q75_lddt	9.772E-01	9.445E-01	9.660E-01	37.900	87	87	85
A0A455LP07_Q75_lddt	A0A2Z2Z6H0_Q75_lddt	9.813E-01	9.375E-01	9.700E-01	45.900	87	87	84
A0A455LP07_Q75_lddt	D5HSX5_Q75_lddt	9.852E-01	9.300E-01	9.736E-01	40.200	87	87	83
A0A455LP07_Q75_lddt	A0A3Q8G682_Q75_lddt	9.693E-01	9.478E-01	9.584E-01	55.100	87	87	86
A0A455LP07_Q75_lddt	AF-Q1NAL0-F1-model_v4_Q75_lddt	9.844E-01	9.403E-01	9.618E-01	51.700	87	87	85
A0A455LP07_Q75_lddt	F8T7L4_Q75_lddt	9.840E-01	9.289E-01	9.725E-01	36.700	87	87	83
A0A455LP07_Q75_lddt	Q5XQD3_Q75_lddt	9.839E-01	9.288E-01	9.723E-01	36.700	87	87	83
A0A455LP07_Q75_lddt	P74842_Q75_lddt	9.836E-01	9.286E-01	9.721E-01	37.900	87	87	83
A0A455LP07_Q75_lddt	Q8VT49_Q75_lddt	9.832E-01	9.282E-01	9.717E-01	31.000	87	87	83
A0A455LP07_Q75_lddt	A0A1W5QG57_Q75_lddt	9.741E-01	9.417E-01	9.630E-01	37.900	87	87	85
A0A455LP07_Q75_lddt	Q5W3A6_Q75_lddt	9.783E-01	9.347E-01	9.670E-01	33.300	87	87	84
A0A455LP07_Q75_lddt	Q9XBM2_Q75_lddt	9.671E-01	9.456E-01	9.562E-01	41.300	87	87	86
A0A455LP07_Q75_lddt	AF-A0A0D0F642-F1-model_v4_Q75_lddt	9.822E-01	9.273E-01	9.707E-01	32.100	87	87	83
A0A455LP07_Q75_lddt	AF-E4WMC5-F1-model_v6_Q75_lddt	9.789E-01	9.243E-01	9.674E-01	36.700	87	87	83
A0A455LP07_Q75_lddt	G9MB50_Q75_lddt	9.790E-01	9.244E-01	9.675E-01	29.800	87	87	83
A0A455LP07_Q75_lddt	G9M9P7_Q75_lddt	9.784E-01	9.239E-01	9.670E-01	29.800	87	87	83
A0A455LP07_Q75_lddt	G9MB49_Q75_lddt	9.781E-01	9.237E-01	9.668E-01	31.000	87	87	83
A0A455LP07_Q75_lddt	A0A0E0SR47_Q75_lddt	9.689E-01	9.368E-01	9.579E-01	39.000	87	87	85
A0A455LP07_Q75_lddt	AF-A0A8E9ZWD0-F1-model_v6_Q75_lddt	9.752E-01	9.319E-01	9.531E-01	31.000	87	87	85
A0A455LP07_Q75_lddt	AF-J9QX37-F1-model_v4_Q75_lddt	9.828E-01	9.058E-01	9.710E-01	28.700	87	87	81
A0A455LP07_Q75_lddt	Q9RAZ9_Q75_lddt	9.779E-01	9.126E-01	9.664E-01	31.000	87	87	82
A0A455LP07_Q75_lddt	Q9X6W1_Q75_lddt	9.717E-01	9.177E-01	9.604E-01	33.300	87	87	83
A0A455LP07_Q75_lddt	AF-F4NA56-F1-model_v4_Q75_lddt	9.637E-01	9.319E-01	9.529E-01	37.900	87	87	85
A0A455LP07_Q75_lddt	B5L5W7_Q75_lddt	9.683E-01	9.361E-01	9.361E-01	36.700	87	87	87
A0A455LP07_Q75_lddt	A0A0B6VPP7_Q75_lddt	9.686E-01	9.149E-01	9.574E-01	31.000	87	87	83
A0A455LP07_Q75_lddt	AF-A0A127SQY3-F1-model_v6_Q75_lddt	9.548E-01	9.025E-01	9.438E-01	25.200	87	87	83
A0A455LP07_Q75_lddt	Q57509_Q75_lddt	9.511E-01	8.986E-01	9.294E-01	28.400	87	88	84
A0A455LP07_Q75_lddt	C8C0I2_Q75_lddt	9.478E-01	8.959E-01	9.369E-01	33.300	87	87	83
A0A455LP07_Q75_lddt	C8C0D8_Q75_lddt	9.181E-01	8.982E-01	9.080E-01	24.700	87	89	86
A0A455LP07_Q75_lddt	Q9X4S7_Q75_lddt	9.158E-01	8.960E-01	9.058E-01	26.900	87	89	86
A1YTM5_Q75_lddt	A1YTM5_Q75_lddt	1.012E+00	1.000E+00	1.000E+00	100.000	83	83	83
A1YTM5_Q75_lddt	Q9AMJ7_Q75_lddt	1.012E+00	9.999E-01	9.999E-01	100.000	83	83	83
A1YTM5_Q75_lddt	Q8VT49_Q75_lddt	1.001E+00	9.894E-01	9.894E-01	53.000	83	83	83
A1YTM5_Q75_lddt	AF-A0A0D0F642-F1-model_v4_Q75_lddt	1.001E+00	9.886E-01	9.886E-01	59.000	83	83	83
A1YTM5_Q75_lddt	RAA-1_Q75_lddt	9.998E-01	9.879E-01	9.879E-01	57.800	83	83	83
A1YTM5_Q75_lddt	AF-E2D9D5-F1-model_v4_Q75_lddt	1.003E+00	9.913E-01	9.796E-01	57.100	83	84	84
A1YTM5_Q75_lddt	Q9RAZ9_Q75_lddt	1.003E+00	9.787E-01	9.906E-01	55.400	83	83	82
A1YTM5_Q75_lddt	D5HSX5_Q75_lddt	9.982E-01	9.864E-01	9.864E-01	51.800	83	83	83
A1YTM5_Q75_lddt	G9MB50_Q75_lddt	9.981E-01	9.862E-01	9.862E-01	50.600	83	83	83
A1YTM5_Q75_lddt	Q5XQD3_Q75_lddt	9.977E-01	9.858E-01	9.858E-01	49.300	83	83	83
A1YTM5_Q75_lddt	P74842_Q75_lddt	9.976E-01	9.857E-01	9.857E-01	51.800	83	83	83
A1YTM5_Q75_lddt	F8T7L4_Q75_lddt	9.976E-01	9.857E-01	9.857E-01	49.300	83	83	83
A1YTM5_Q75_lddt	G9MB49_Q75_lddt	9.974E-01	9.855E-01	9.855E-01	50.600	83	83	83
A1YTM5_Q75_lddt	G9M9P7_Q75_lddt	9.971E-01	9.853E-01	9.853E-01	50.600	83	83	83
A1YTM5_Q75_lddt	AF-E4WMC5-F1-model_v6_Q75_lddt	9.964E-01	9.846E-01	9.846E-01	45.700	83	83	83
A1YTM5_Q75_lddt	Q9X6W1_Q75_lddt	9.934E-01	9.816E-01	9.816E-01	59.000	83	83	83
A1YTM5_Q75_lddt	PER-16_Q75_lddt	9.993E-01	9.874E-01	9.758E-01	50.000	83	84	84
A1YTM5_Q75_lddt	A0A0B6VPP7_Q75_lddt	9.909E-01	9.792E-01	9.792E-01	57.800	83	83	83
A1YTM5_Q75_lddt	AF-A0A886X7X6-F1-model_v6_Q75_lddt	1.001E+00	9.888E-01	9.658E-01	63.000	83	84	85
A1YTM5_Q75_lddt	Q5W3A6_Q75_lddt	9.968E-01	9.850E-01	9.735E-01	48.800	83	84	84
A1YTM5_Q75_lddt	AF-J9QX37-F1-model_v4_Q75_lddt	9.952E-01	9.598E-01	9.831E-01	39.700	83	83	81
A1YTM5_Q75_lddt	AF-A0A8E9ZWD0-F1-model_v6_Q75_lddt	9.922E-01	9.805E-01	9.579E-01	48.800	83	84	85
A1YTM5_Q75_lddt	AF-A0A3G1JAD7-F1-model_v4_Q75_lddt	9.875E-01	9.643E-01	9.757E-01	31.300	83	83	82
A1YTM5_Q75_lddt	AF-A0A1J0HSJ3-F1-model_v4_Q75_lddt	9.867E-01	9.635E-01	9.750E-01	32.500	83	83	82
A1YTM5_Q75_lddt	B7FDD9_Q75_lddt	9.860E-01	9.629E-01	9.743E-01	31.300	83	83	82
A1YTM5_Q75_lddt	AF-A0A127SQY3-F1-model_v6_Q75_lddt	9.777E-01	9.662E-01	9.662E-01	40.900	83	83	83
A1YTM5_Q75_lddt	C8CE59_Q75_lddt	9.871E-01	9.755E-01	9.531E-01	31.700	83	85	85
A1YTM5_Q75_lddt	Q3SAW3_Q75_lddt	9.825E-01	9.710E-01	9.597E-01	36.900	83	84	84
A1YTM5_Q75_lddt	C8CE60_Q75_lddt	9.856E-01	9.740E-01	9.517E-01	31.700	83	85	85
A1YTM5_Q75_lddt	SGM-3_Q75_lddt	9.852E-01	9.736E-01	9.513E-01	36.900	83	84	85
A1YTM5_Q75_lddt	Q57509_Q75_lddt	9.754E-01	9.638E-01	9.526E-01	47.600	83	84	84
A1YTM5_Q75_lddt	SGM-2_Q75_lddt	9.850E-01	9.734E-01	9.511E-01	36.900	83	84	85
A1YTM5_Q75_lddt	C8C0I2_Q75_lddt	9.691E-01	9.577E-01	9.577E-01	48.800	83	84	83
A1YTM5_Q75_lddt	OKP-C-1_Q75_lddt	9.863E-01	9.747E-01	9.416E-01	30.200	83	86	86
A1YTM5_Q75_lddt	Q9R429_Q75_lddt	9.898E-01	9.782E-01	9.341E-01	28.700	83	87	87
A1YTM5_Q75_lddt	Q8GHI3_Q75_lddt	9.897E-01	9.781E-01	9.340E-01	27.500	83	87	87
A1YTM5_Q75_lddt	H9AXM1_Q75_lddt	9.894E-01	9.778E-01	9.338E-01	26.400	83	87	87
A1YTM5_Q75_lddt	AF-Q6W7F0-F1-model_v4_Q75_lddt	9.891E-01	9.774E-01	9.334E-01	31.000	83	87	87
A1YTM5_Q75_lddt	Q2YHY7_Q75_lddt	9.883E-01	9.766E-01	9.327E-01	27.500	83	87	87
A1YTM5_Q75_lddt	Q84H48_Q75_lddt	9.880E-01	9.763E-01	9.324E-01	29.800	83	87	87
A1YTM5_Q75_lddt	B5D620_Q75_lddt	9.879E-01	9.762E-01	9.324E-01	27.500	83	87	87
A1YTM5_Q75_lddt	Q84H47_Q75_lddt	9.878E-01	9.762E-01	9.323E-01	29.800	83	87	87
A1YTM5_Q75_lddt	Q5I6D4_Q75_lddt	9.878E-01	9.762E-01	9.323E-01	27.500	83	87	87
A1YTM5_Q75_lddt	Q2YHZ2_Q75_lddt	9.878E-01	9.762E-01	9.323E-01	27.500	83	87	87
A1YTM5_Q75_lddt	Q2YHX6_Q75_lddt	9.878E-01	9.762E-01	9.323E-01	27.500	83	87	87
A1YTM5_Q75_lddt	Q8VQV7_Q75_lddt	9.876E-01	9.760E-01	9.322E-01	29.800	83	87	87
A1YTM5_Q75_lddt	Q2YHX8_Q75_lddt	9.876E-01	9.760E-01	9.321E-01	27.500	83	87	87
A1YTM5_Q75_lddt	B8YHZ8_Q75_lddt	9.876E-01	9.760E-01	9.321E-01	27.500	83	87	87
A1YTM5_Q75_lddt	B5D612_Q75_lddt	9.875E-01	9.759E-01	9.321E-01	28.700	83	87	87
A1YTM5_Q75_lddt	Q5PU78_Q75_lddt	9.875E-01	9.759E-01	9.320E-01	27.500	83	87	87
A1YTM5_Q75_lddt	Q2YHZ3_Q75_lddt	9.874E-01	9.758E-01	9.320E-01	27.500	83	87	87
A1YTM5_Q75_lddt	A0A455LP07_Q75_lddt	9.874E-01	9.758E-01	9.320E-01	29.800	83	87	87
A1YTM5_Q75_lddt	Q2YHZ5_Q75_lddt	9.873E-01	9.757E-01	9.319E-01	27.500	83	87	87
A1YTM5_Q75_lddt	Q2YHZ0_Q75_lddt	9.873E-01	9.757E-01	9.319E-01	27.500	83	87	87
A1YTM5_Q75_lddt	E9NST5_Q75_lddt	9.873E-01	9.757E-01	9.318E-01	28.700	83	87	87
A1YTM5_Q75_lddt	A0A455LP02_Q75_lddt	9.872E-01	9.756E-01	9.318E-01	29.800	83	87	87
A1YTM5_Q75_lddt	Q6ZY77_Q75_lddt	9.872E-01	9.756E-01	9.318E-01	27.500	83	87	87
A1YTM5_Q75_lddt	A0A455LS80_Q75_lddt	9.872E-01	9.756E-01	9.318E-01	28.700	83	87	87
A1YTM5_Q75_lddt	A0A455LP13_Q75_lddt	9.871E-01	9.755E-01	9.317E-01	29.800	83	87	87
A1YTM5_Q75_lddt	A0A0P0IGT7_Q75_lddt	9.869E-01	9.753E-01	9.315E-01	28.700	83	87	87
A1YTM5_Q75_lddt	R4ISB3_Q75_lddt	9.868E-01	9.752E-01	9.314E-01	29.800	83	87	87
A1YTM5_Q75_lddt	Q6ZY74_Q75_lddt	9.866E-01	9.750E-01	9.312E-01	27.500	83	87	87
A1YTM5_Q75_lddt	Q6R5M7_Q75_lddt	9.864E-01	9.749E-01	9.311E-01	27.500	83	87	87
A1YTM5_Q75_lddt	GES-44_Q75_lddt	9.751E-01	9.638E-01	9.527E-01	36.900	83	84	84
A1YTM5_Q75_lddt	C5HUY1_Q75_lddt	9.747E-01	9.634E-01	9.523E-01	36.900	83	84	84
A1YTM5_Q75_lddt	A0A097ZLX5_Q75_lddt	9.747E-01	9.634E-01	9.523E-01	36.900	83	84	84
A1YTM5_Q75_lddt	Q6ZY58_Q75_lddt	9.852E-01	9.736E-01	9.300E-01	27.500	83	87	87
A1YTM5_Q75_lddt	C6GC02_Q75_lddt	9.742E-01	9.629E-01	9.519E-01	35.700	83	84	84
A1YTM5_Q75_lddt	GES-41_Q75_lddt	9.739E-01	9.626E-01	9.516E-01	36.900	83	84	84
A1YTM5_Q75_lddt	AF-P18251-F1-model_v4_Q75_lddt	9.876E-01	9.760E-01	9.218E-01	29.000	83	86	88
A1YTM5_Q75_lddt	AF-Q1NAL0-F1-model_v4_Q75_lddt	9.761E-01	9.648E-01	9.429E-01	35.700	83	84	85
A1YTM5_Q75_lddt	C0LSK3_Q75_lddt	9.873E-01	9.640E-01	9.312E-01	26.700	83	86	86
A1YTM5_Q75_lddt	OKP-D-1_Q75_lddt	9.826E-01	9.711E-01	9.277E-01	27.500	83	87	87
A1YTM5_Q75_lddt	SGM-5_Q75_lddt	9.741E-01	9.628E-01	9.409E-01	33.300	83	84	85
A1YTM5_Q75_lddt	E5G517_Q75_lddt	9.880E-01	9.764E-01	9.120E-01	31.000	83	87	89
A1YTM5_Q75_lddt	A0ZX91_Q75_lddt	9.880E-01	9.764E-01	9.120E-01	31.000	83	87	89
A1YTM5_Q75_lddt	AF-A0A867XYA1-F1-model_v4_Q75_lddt	9.843E-01	9.728E-01	9.189E-01	25.500	83	86	88
A1YTM5_Q75_lddt	A0ZX80_Q75_lddt	9.878E-01	9.762E-01	9.118E-01	31.000	83	87	89
A1YTM5_Q75_lddt	D5LGB4_Q75_lddt	9.878E-01	9.762E-01	9.118E-01	31.000	83	87	89
A1YTM5_Q75_lddt	B9U2I6_Q75_lddt	9.878E-01	9.762E-01	9.118E-01	31.000	83	87	89
A1YTM5_Q75_lddt	S4TWB0_Q75_lddt	9.877E-01	9.761E-01	9.118E-01	31.000	83	87	89
A1YTM5_Q75_lddt	Q8VP57_Q75_lddt	9.877E-01	9.761E-01	9.117E-01	31.000	83	87	89
A1YTM5_Q75_lddt	P14171_Q75_lddt	9.722E-01	9.609E-01	9.391E-01	28.200	83	85	85
A1YTM5_Q75_lddt	A0A2P9E069_Q75_lddt	9.876E-01	9.760E-01	9.117E-01	31.000	83	87	89
A1YTM5_Q75_lddt	E5Q900_Q75_lddt	9.875E-01	9.759E-01	9.116E-01	31.000	83	87	89
A1YTM5_Q75_lddt	Q2MJC2_Q75_lddt	9.873E-01	9.757E-01	9.114E-01	31.000	83	87	89
A1YTM5_Q75_lddt	A3FFR2_Q75_lddt	9.873E-01	9.757E-01	9.114E-01	31.000	83	87	89
A1YTM5_Q75_lddt	Q939H3_Q75_lddt	9.873E-01	9.756E-01	9.113E-01	29.800	83	87	89
A1YTM5_Q75_lddt	Q939H5_Q75_lddt	9.871E-01	9.755E-01	9.112E-01	31.000	83	87	89
A1YTM5_Q75_lddt	Q0PGR7_Q75_lddt	9.871E-01	9.755E-01	9.112E-01	31.000	83	87	89
A1YTM5_Q75_lddt	F8SQ10_Q75_lddt	9.868E-01	9.752E-01	9.110E-01	31.000	83	87	89
A1YTM5_Q75_lddt	O33677_Q75_lddt	9.719E-01	9.605E-01	9.279E-01	27.500	83	87	86
A1YTM5_Q75_lddt	A0A097BQY7_Q75_lddt	9.864E-01	9.748E-01	9.106E-01	31.000	83	87	89
A1YTM5_Q75_lddt	H2ERK9_Q75_lddt	9.860E-01	9.745E-01	9.103E-01	31.000	83	87	89
A1YTM5_Q75_lddt	Q8VP67_Q75_lddt	9.860E-01	9.744E-01	9.103E-01	31.000	83	87	89
A1YTM5_Q75_lddt	B0FP98_Q75_lddt	9.858E-01	9.742E-01	9.101E-01	31.000	83	87	89
A1YTM5_Q75_lddt	J7HZA4_Q75_lddt	9.856E-01	9.740E-01	9.099E-01	31.000	83	87	89
A1YTM5_Q75_lddt	Q8KRG7_Q75_lddt	9.856E-01	9.740E-01	9.099E-01	31.000	83	87	89
A1YTM5_Q75_lddt	A0A2Z2Z6H0_Q75_lddt	9.663E-01	9.552E-01	9.443E-01	32.100	83	84	84
A1YTM5_Q75_lddt	B5L5W7_Q75_lddt	9.737E-01	9.623E-01	9.194E-01	35.200	83	85	87
A1YTM5_Q75_lddt	C8C0D8_Q75_lddt	9.622E-01	9.509E-01	9.187E-01	36.700	83	87	86
A1YTM5_Q75_lddt	Q9X4S7_Q75_lddt	9.592E-01	9.480E-01	9.159E-01	33.300	83	87	86
A1YTM5_Q75_lddt	Q9XBM2_Q75_lddt	9.519E-01	9.409E-01	9.093E-01	24.100	83	87	86
A1YTM5_Q75_lddt	A0A3Q8G682_Q75_lddt	9.457E-01	9.349E-01	9.036E-01	31.000	83	87	86
A1YTM5_Q75_lddt	A0A0E0SR47_Q75_lddt	9.410E-01	9.302E-01	9.093E-01	28.700	83	87	85
A1YTM5_Q75_lddt	A0A1W5QH29_Q75_lddt	9.390E-01	9.282E-01	9.074E-01	29.800	83	87	85
A1YTM5_Q75_lddt	A0A1W5QCF3_Q75_lddt	9.378E-01	9.271E-01	9.063E-01	28.700	83	87	85
A1YTM5_Q75_lddt	AF-F4NA56-F1-model_v4_Q75_lddt	9.345E-01	9.238E-01	9.032E-01	28.700	83	87	85
A1YTM5_Q75_lddt	A0A1W5QG57_Q75_lddt	9.344E-01	9.237E-01	9.031E-01	29.800	83	87	85
AF-A0A1J0HSJ3-F1-model_v4_Q75_lddt	AF-A0A1J0HSJ3-F1-model_v4_Q75_lddt	1.012E+00	1.000E+00	1.000E+00	100.000	82	82	82
AF-A0A1J0HSJ3-F1-model_v4_Q75_lddt	AF-A0A3G1JAD7-F1-model_v4_Q75_lddt	1.007E+00	9.951E-01	9.951E-01	76.800	82	82	82
AF-A0A1J0HSJ3-F1-model_v4_Q75_lddt	B7FDD9_Q75_lddt	1.005E+00	9.925E-01	9.925E-01	56.000	82	82	82
AF-A0A1J0HSJ3-F1-model_v4_Q75_lddt	Q3SAW3_Q75_lddt	1.002E+00	9.901E-01	9.667E-01	53.500	82	84	84
AF-A0A1J0HSJ3-F1-model_v4_Q75_lddt	SGM-2_Q75_lddt	1.005E+00	9.927E-01	9.579E-01	54.700	82	84	85
AF-A0A1J0HSJ3-F1-model_v4_Q75_lddt	SGM-3_Q75_lddt	1.005E+00	9.926E-01	9.578E-01	54.700	82	84	85
AF-A0A1J0HSJ3-F1-model_v4_Q75_lddt	C5HUY1_Q75_lddt	9.996E-01	9.876E-01	9.643E-01	51.100	82	84	84
AF-A0A1J0HSJ3-F1-model_v4_Q75_lddt	C6GC02_Q75_lddt	9.996E-01	9.875E-01	9.643E-01	50.000	82	84	84
AF-A0A1J0HSJ3-F1-model_v4_Q75_lddt	A0A097ZLX5_Q75_lddt	9.995E-01	9.875E-01	9.643E-01	51.100	82	84	84
AF-A0A1J0HSJ3-F1-model_v4_Q75_lddt	GES-44_Q75_lddt	9.987E-01	9.867E-01	9.635E-01	51.100	82	84	84
AF-A0A1J0HSJ3-F1-model_v4_Q75_lddt	GES-41_Q75_lddt	9.987E-01	9.867E-01	9.635E-01	51.100	82	84	84
AF-A0A1J0HSJ3-F1-model_v4_Q75_lddt	C8CE59_Q75_lddt	1.001E+00	9.887E-01	9.542E-01	54.100	82	85	85
AF-A0A1J0HSJ3-F1-model_v4_Q75_lddt	OKP-C-1_Q75_lddt	1.004E+00	9.918E-01	9.460E-01	54.600	82	86	86
AF-A0A1J0HSJ3-F1-model_v4_Q75_lddt	C8CE60_Q75_lddt	1.000E+00	9.880E-01	9.536E-01	54.100	82	85	85
AF-A0A1J0HSJ3-F1-model_v4_Q75_lddt	SGM-5_Q75_lddt	9.994E-01	9.873E-01	9.529E-01	54.700	82	84	85
AF-A0A1J0HSJ3-F1-model_v4_Q75_lddt	AF-Q1NAL0-F1-model_v4_Q75_lddt	9.978E-01	9.858E-01	9.515E-01	51.100	82	84	85
AF-A0A1J0HSJ3-F1-model_v4_Q75_lddt	D5HSX5_Q75_lddt	9.889E-01	9.771E-01	9.656E-01	44.500	82	83	83
AF-A0A1J0HSJ3-F1-model_v4_Q75_lddt	Q8VQV7_Q75_lddt	1.004E+00	9.914E-01	9.349E-01	55.100	82	87	87
AF-A0A1J0HSJ3-F1-model_v4_Q75_lddt	Q2YHY7_Q75_lddt	1.003E+00	9.913E-01	9.348E-01	54.000	82	87	87
AF-A0A1J0HSJ3-F1-model_v4_Q75_lddt	Q84H47_Q75_lddt	1.003E+00	9.911E-01	9.346E-01	55.100	82	87	87
AF-A0A1J0HSJ3-F1-model_v4_Q75_lddt	Q84H48_Q75_lddt	1.003E+00	9.910E-01	9.345E-01	55.100	82	87	87
AF-A0A1J0HSJ3-F1-model_v4_Q75_lddt	F8T7L4_Q75_lddt	9.877E-01	9.759E-01	9.644E-01	40.900	82	83	83
AF-A0A1J0HSJ3-F1-model_v4_Q75_lddt	Q5XQD3_Q75_lddt	9.876E-01	9.758E-01	9.643E-01	40.900	82	83	83
AF-A0A1J0HSJ3-F1-model_v4_Q75_lddt	AF-Q6W7F0-F1-model_v4_Q75_lddt	1.003E+00	9.908E-01	9.343E-01	56.300	82	87	87
AF-A0A1J0HSJ3-F1-model_v4_Q75_lddt	OKP-D-1_Q75_lddt	1.003E+00	9.906E-01	9.342E-01	54.000	82	87	87
AF-A0A1J0HSJ3-F1-model_v4_Q75_lddt	P74842_Q75_lddt	9.872E-01	9.755E-01	9.640E-01	42.100	82	83	83
AF-A0A1J0HSJ3-F1-model_v4_Q75_lddt	Q9AMJ7_Q75_lddt	9.874E-01	9.756E-01	9.641E-01	32.500	82	83	83
AF-A0A1J0HSJ3-F1-model_v4_Q75_lddt	B8YHZ8_Q75_lddt	1.002E+00	9.902E-01	9.338E-01	54.000	82	87	87
AF-A0A1J0HSJ3-F1-model_v4_Q75_lddt	B5D620_Q75_lddt	1.002E+00	9.901E-01	9.337E-01	54.000	82	87	87
AF-A0A1J0HSJ3-F1-model_v4_Q75_lddt	A0A455LP07_Q75_lddt	1.002E+00	9.900E-01	9.337E-01	55.100	82	87	87
AF-A0A1J0HSJ3-F1-model_v4_Q75_lddt	A0A455LP02_Q75_lddt	1.002E+00	9.900E-01	9.337E-01	55.100	82	87	87
AF-A0A1J0HSJ3-F1-model_v4_Q75_lddt	A0A455LS80_Q75_lddt	1.002E+00	9.900E-01	9.336E-01	55.100	82	87	87
AF-A0A1J0HSJ3-F1-model_v4_Q75_lddt	B5D612_Q75_lddt	1.002E+00	9.900E-01	9.336E-01	55.100	82	87	87
AF-A0A1J0HSJ3-F1-model_v4_Q75_lddt	A0A0P0IGT7_Q75_lddt	1.002E+00	9.900E-01	9.336E-01	55.100	82	87	87
AF-A0A1J0HSJ3-F1-model_v4_Q75_lddt	Q2YHX8_Q75_lddt	1.002E+00	9.899E-01	9.336E-01	54.000	82	87	87
AF-A0A1J0HSJ3-F1-model_v4_Q75_lddt	E9NST5_Q75_lddt	1.002E+00	9.899E-01	9.335E-01	54.000	82	87	87
AF-A0A1J0HSJ3-F1-model_v4_Q75_lddt	Q5I6D4_Q75_lddt	1.002E+00	9.899E-01	9.335E-01	54.000	82	87	87
AF-A0A1J0HSJ3-F1-model_v4_Q75_lddt	Q6ZY77_Q75_lddt	1.002E+00	9.899E-01	9.335E-01	52.800	82	87	87
AF-A0A1J0HSJ3-F1-model_v4_Q75_lddt	Q2YHZ3_Q75_lddt	1.002E+00	9.898E-01	9.335E-01	54.000	82	87	87
AF-A0A1J0HSJ3-F1-model_v4_Q75_lddt	R4ISB3_Q75_lddt	1.002E+00	9.898E-01	9.335E-01	55.100	82	87	87
AF-A0A1J0HSJ3-F1-model_v4_Q75_lddt	A0A455LP13_Q75_lddt	1.002E+00	9.898E-01	9.335E-01	55.100	82	87	87
AF-A0A1J0HSJ3-F1-model_v4_Q75_lddt	Q2YHZ5_Q75_lddt	1.002E+00	9.898E-01	9.335E-01	54.000	82	87	87
AF-A0A1J0HSJ3-F1-model_v4_Q75_lddt	H9AXM1_Q75_lddt	1.002E+00	9.898E-01	9.335E-01	51.700	82	87	87
AF-A0A1J0HSJ3-F1-model_v4_Q75_lddt	Q9R429_Q75_lddt	1.002E+00	9.898E-01	9.335E-01	52.800	82	87	87
AF-A0A1J0HSJ3-F1-model_v4_Q75_lddt	Q2YHZ0_Q75_lddt	1.002E+00	9.898E-01	9.334E-01	54.000	82	87	87
AF-A0A1J0HSJ3-F1-model_v4_Q75_lddt	A1YTM5_Q75_lddt	9.867E-01	9.750E-01	9.635E-01	32.500	82	83	83
AF-A0A1J0HSJ3-F1-model_v4_Q75_lddt	Q2YHX6_Q75_lddt	1.002E+00	9.897E-01	9.334E-01	54.000	82	87	87
AF-A0A1J0HSJ3-F1-model_v4_Q75_lddt	Q8GHI3_Q75_lddt	1.002E+00	9.897E-01	9.334E-01	52.800	82	87	87
AF-A0A1J0HSJ3-F1-model_v4_Q75_lddt	Q2YHZ2_Q75_lddt	1.002E+00	9.895E-01	9.332E-01	54.000	82	87	87
AF-A0A1J0HSJ3-F1-model_v4_Q75_lddt	Q5PU78_Q75_lddt	1.001E+00	9.892E-01	9.329E-01	55.100	82	87	87
AF-A0A1J0HSJ3-F1-model_v4_Q75_lddt	AF-P18251-F1-model_v4_Q75_lddt	1.005E+00	9.929E-01	9.256E-01	51.100	82	86	88
AF-A0A1J0HSJ3-F1-model_v4_Q75_lddt	Q6ZY74_Q75_lddt	1.001E+00	9.890E-01	9.328E-01	54.000	82	87	87
AF-A0A1J0HSJ3-F1-model_v4_Q75_lddt	Q6ZY58_Q75_lddt	1.001E+00	9.889E-01	9.326E-01	54.000	82	87	87
AF-A0A1J0HSJ3-F1-model_v4_Q75_lddt	PER-16_Q75_lddt	9.893E-01	9.775E-01	9.547E-01	42.800	82	84	84
AF-A0A1J0HSJ3-F1-model_v4_Q75_lddt	Q6R5M7_Q75_lddt	1.001E+00	9.886E-01	9.324E-01	55.100	82	87	87
AF-A0A1J0HSJ3-F1-model_v4_Q75_lddt	A0A2Z2Z6H0_Q75_lddt	9.890E-01	9.773E-01	9.545E-01	51.100	82	84	84
AF-A0A1J0HSJ3-F1-model_v4_Q75_lddt	AF-J9QX37-F1-model_v4_Q75_lddt	9.851E-01	9.617E-01	9.732E-01	26.800	82	82	81
AF-A0A1J0HSJ3-F1-model_v4_Q75_lddt	C0LSK3_Q75_lddt	1.004E+00	9.796E-01	9.344E-01	53.400	82	86	86
AF-A0A1J0HSJ3-F1-model_v4_Q75_lddt	P14171_Q75_lddt	9.909E-01	9.790E-01	9.451E-01	48.200	82	85	85
AF-A0A1J0HSJ3-F1-model_v4_Q75_lddt	RAA-1_Q75_lddt	9.830E-01	9.713E-01	9.599E-01	32.500	82	83	83
AF-A0A1J0HSJ3-F1-model_v4_Q75_lddt	AF-A0A867XYA1-F1-model_v4_Q75_lddt	1.002E+00	9.895E-01	9.227E-01	45.300	82	86	88
AF-A0A1J0HSJ3-F1-model_v4_Q75_lddt	AF-A0A0D0F642-F1-model_v4_Q75_lddt	9.816E-01	9.700E-01	9.586E-01	32.500	82	83	83
AF-A0A1J0HSJ3-F1-model_v4_Q75_lddt	Q9RAZ9_Q75_lddt	9.773E-01	9.658E-01	9.658E-01	30.400	82	82	82
AF-A0A1J0HSJ3-F1-model_v4_Q75_lddt	AF-A0A886X7X6-F1-model_v6_Q75_lddt	9.880E-01	9.763E-01	9.426E-01	34.500	82	84	85
AF-A0A1J0HSJ3-F1-model_v4_Q75_lddt	AF-E4WMC5-F1-model_v6_Q75_lddt	9.801E-01	9.685E-01	9.572E-01	34.900	82	83	83
AF-A0A1J0HSJ3-F1-model_v4_Q75_lddt	Q8VT49_Q75_lddt	9.803E-01	9.687E-01	9.574E-01	30.100	82	83	83
AF-A0A1J0HSJ3-F1-model_v4_Q75_lddt	AF-E2D9D5-F1-model_v4_Q75_lddt	9.841E-01	9.724E-01	9.499E-01	30.900	82	84	84
AF-A0A1J0HSJ3-F1-model_v4_Q75_lddt	Q939H3_Q75_lddt	1.002E+00	9.900E-01	9.128E-01	55.100	82	87	89
AF-A0A1J0HSJ3-F1-model_v4_Q75_lddt	A3FFR2_Q75_lddt	1.002E+00	9.899E-01	9.128E-01	52.800	82	87	89
AF-A0A1J0HSJ3-F1-model_v4_Q75_lddt	D5LGB4_Q75_lddt	1.002E+00	9.895E-01	9.124E-01	52.800	82	87	89
AF-A0A1J0HSJ3-F1-model_v4_Q75_lddt	A0ZX80_Q75_lddt	1.002E+00	9.895E-01	9.124E-01	52.800	82	87	89
AF-A0A1J0HSJ3-F1-model_v4_Q75_lddt	B9U2I6_Q75_lddt	1.002E+00	9.894E-01	9.124E-01	52.800	82	87	89
AF-A0A1J0HSJ3-F1-model_v4_Q75_lddt	A0ZX91_Q75_lddt	1.002E+00	9.894E-01	9.124E-01	52.800	82	87	89
AF-A0A1J0HSJ3-F1-model_v4_Q75_lddt	F8SQ10_Q75_lddt	1.001E+00	9.893E-01	9.123E-01	52.800	82	87	89
AF-A0A1J0HSJ3-F1-model_v4_Q75_lddt	Q0PGR7_Q75_lddt	1.001E+00	9.893E-01	9.122E-01	52.800	82	87	89
AF-A0A1J0HSJ3-F1-model_v4_Q75_lddt	S4TWB0_Q75_lddt	1.001E+00	9.893E-01	9.122E-01	52.800	82	87	89
AF-A0A1J0HSJ3-F1-model_v4_Q75_lddt	A0A2P9E069_Q75_lddt	1.001E+00	9.893E-01	9.122E-01	52.800	82	87	89
AF-A0A1J0HSJ3-F1-model_v4_Q75_lddt	E5Q900_Q75_lddt	1.001E+00	9.893E-01	9.122E-01	52.800	82	87	89
AF-A0A1J0HSJ3-F1-model_v4_Q75_lddt	Q8VP57_Q75_lddt	1.001E+00	9.892E-01	9.122E-01	52.800	82	87	89
AF-A0A1J0HSJ3-F1-model_v4_Q75_lddt	E5G517_Q75_lddt	1.001E+00	9.888E-01	9.118E-01	52.800	82	87	89
AF-A0A1J0HSJ3-F1-model_v4_Q75_lddt	Q2MJC2_Q75_lddt	1.001E+00	9.887E-01	9.118E-01	52.800	82	87	89
AF-A0A1J0HSJ3-F1-model_v4_Q75_lddt	Q939H5_Q75_lddt	1.001E+00	9.887E-01	9.117E-01	52.800	82	87	89
AF-A0A1J0HSJ3-F1-model_v4_Q75_lddt	A0A097BQY7_Q75_lddt	1.001E+00	9.886E-01	9.116E-01	52.800	82	87	89
AF-A0A1J0HSJ3-F1-model_v4_Q75_lddt	H2ERK9_Q75_lddt	1.000E+00	9.881E-01	9.112E-01	52.800	82	87	89
AF-A0A1J0HSJ3-F1-model_v4_Q75_lddt	B0FP98_Q75_lddt	9.999E-01	9.878E-01	9.110E-01	52.800	82	87	89
AF-A0A1J0HSJ3-F1-model_v4_Q75_lddt	Q8KRG7_Q75_lddt	9.996E-01	9.875E-01	9.107E-01	52.800	82	87	89
AF-A0A1J0HSJ3-F1-model_v4_Q75_lddt	Q8VP67_Q75_lddt	9.995E-01	9.875E-01	9.107E-01	52.800	82	87	89
AF-A0A1J0HSJ3-F1-model_v4_Q75_lddt	J7HZA4_Q75_lddt	9.994E-01	9.873E-01	9.106E-01	52.800	82	87	89
AF-A0A1J0HSJ3-F1-model_v4_Q75_lddt	O33677_Q75_lddt	9.839E-01	9.721E-01	9.275E-01	51.700	82	87	86
AF-A0A1J0HSJ3-F1-model_v4_Q75_lddt	G9MB50_Q75_lddt	9.753E-01	9.638E-01	9.526E-01	36.100	82	83	83
AF-A0A1J0HSJ3-F1-model_v4_Q75_lddt	G9MB49_Q75_lddt	9.743E-01	9.629E-01	9.517E-01	36.100	82	83	83
AF-A0A1J0HSJ3-F1-model_v4_Q75_lddt	G9M9P7_Q75_lddt	9.743E-01	9.629E-01	9.517E-01	34.900	82	83	83
AF-A0A1J0HSJ3-F1-model_v4_Q75_lddt	Q9X6W1_Q75_lddt	9.716E-01	9.602E-01	9.490E-01	32.500	82	83	83
AF-A0A1J0HSJ3-F1-model_v4_Q75_lddt	Q5W3A6_Q75_lddt	9.767E-01	9.652E-01	9.429E-01	33.300	82	84	84
AF-A0A1J0HSJ3-F1-model_v4_Q75_lddt	A0A0B6VPP7_Q75_lddt	9.677E-01	9.563E-01	9.452E-01	31.300	82	83	83
AF-A0A1J0HSJ3-F1-model_v4_Q75_lddt	AF-A0A8E9ZWD0-F1-model_v6_Q75_lddt	9.744E-01	9.629E-01	9.301E-01	35.700	82	84	85
AF-A0A1J0HSJ3-F1-model_v4_Q75_lddt	B5L5W7_Q75_lddt	9.739E-01	9.624E-01	9.088E-01	38.800	82	85	87
AF-A0A1J0HSJ3-F1-model_v4_Q75_lddt	A0A1W5QH29_Q75_lddt	9.584E-01	9.470E-01	9.145E-01	39.000	82	87	85
AF-A0A1J0HSJ3-F1-model_v4_Q75_lddt	Q57509_Q75_lddt	9.595E-01	9.483E-01	9.267E-01	34.900	82	83	84
AF-A0A1J0HSJ3-F1-model_v4_Q75_lddt	A0A1W5QCF3_Q75_lddt	9.575E-01	9.462E-01	9.137E-01	39.000	82	87	85
AF-A0A1J0HSJ3-F1-model_v4_Q75_lddt	AF-A0A127SQY3-F1-model_v6_Q75_lddt	9.531E-01	9.420E-01	9.312E-01	24.000	82	83	83
AF-A0A1J0HSJ3-F1-model_v4_Q75_lddt	C8C0I2_Q75_lddt	9.523E-01	9.413E-01	9.305E-01	36.100	82	83	83
AF-A0A1J0HSJ3-F1-model_v4_Q75_lddt	A0A1W5QG57_Q75_lddt	9.555E-01	9.442E-01	9.119E-01	40.200	82	87	85
AF-A0A1J0HSJ3-F1-model_v4_Q75_lddt	A0A3Q8G682_Q75_lddt	9.563E-01	9.451E-01	9.025E-01	47.100	82	87	86
AF-A0A1J0HSJ3-F1-model_v4_Q75_lddt	Q9XBM2_Q75_lddt	9.518E-01	9.406E-01	8.984E-01	40.200	82	87	86
AF-A0A1J0HSJ3-F1-model_v4_Q75_lddt	A0A0E0SR47_Q75_lddt	9.471E-01	9.360E-01	9.042E-01	35.600	82	87	85
AF-A0A1J0HSJ3-F1-model_v4_Q75_lddt	AF-F4NA56-F1-model_v4_Q75_lddt	9.453E-01	9.343E-01	9.026E-01	36.700	82	87	85
AF-A0A1J0HSJ3-F1-model_v4_Q75_lddt	C8C0D8_Q75_lddt	9.485E-01	9.376E-01	8.962E-01	29.000	82	86	86
AF-A0A1J0HSJ3-F1-model_v4_Q75_lddt	Q9X4S7_Q75_lddt	9.454E-01	9.345E-01	8.933E-01	31.300	82	86	86
AF-E4WMC5-F1-model_v6_Q75_lddt	AF-E4WMC5-F1-model_v6_Q75_lddt	1.012E+00	1.000E+00	1.000E+00	100.000	83	83	83
AF-E4WMC5-F1-model_v6_Q75_lddt	Q9AMJ7_Q75_lddt	9.966E-01	9.847E-01	9.847E-01	45.700	83	83	83
AF-E4WMC5-F1-model_v6_Q75_lddt	A1YTM5_Q75_lddt	9.964E-01	9.846E-01	9.846E-01	45.700	83	83	83
AF-E4WMC5-F1-model_v6_Q75_lddt	RAA-1_Q75_lddt	9.916E-01	9.799E-01	9.799E-01	42.100	83	83	83
AF-E4WMC5-F1-model_v6_Q75_lddt	Q8VT49_Q75_lddt	9.914E-01	9.797E-01	9.797E-01	43.300	83	83	83
AF-E4WMC5-F1-model_v6_Q75_lddt	AF-A0A0D0F642-F1-model_v4_Q75_lddt	9.907E-01	9.790E-01	9.790E-01	55.400	83	83	83
AF-E4WMC5-F1-model_v6_Q75_lddt	AF-E2D9D5-F1-model_v4_Q75_lddt	9.932E-01	9.814E-01	9.699E-01	39.200	83	84	84
AF-E4WMC5-F1-model_v6_Q75_lddt	Q5XQD3_Q75_lddt	9.892E-01	9.775E-01	9.775E-01	55.400	83	83	83
AF-E4WMC5-F1-model_v6_Q75_lddt	F8T7L4_Q75_lddt	9.891E-01	9.774E-01	9.774E-01	55.400	83	83	83
AF-E4WMC5-F1-model_v6_Q75_lddt	Q5W3A6_Q75_lddt	9.928E-01	9.811E-01	9.696E-01	47.600	83	84	84
AF-E4WMC5-F1-model_v6_Q75_lddt	D5HSX5_Q75_lddt	9.885E-01	9.769E-01	9.769E-01	56.600	83	83	83
AF-E4WMC5-F1-model_v6_Q75_lddt	P74842_Q75_lddt	9.882E-01	9.765E-01	9.765E-01	55.400	83	83	83
AF-E4WMC5-F1-model_v6_Q75_lddt	PER-16_Q75_lddt	9.903E-01	9.787E-01	9.672E-01	55.900	83	84	84
AF-E4WMC5-F1-model_v6_Q75_lddt	AF-A0A886X7X6-F1-model_v6_Q75_lddt	9.935E-01	9.818E-01	9.591E-01	50.000	83	84	85
AF-E4WMC5-F1-model_v6_Q75_lddt	AF-A0A8E9ZWD0-F1-model_v6_Q75_lddt	9.936E-01	9.819E-01	9.592E-01	54.700	83	84	85
AF-E4WMC5-F1-model_v6_Q75_lddt	Q9RAZ9_Q75_lddt	9.890E-01	9.657E-01	9.773E-01	38.500	83	83	82
AF-E4WMC5-F1-model_v6_Q75_lddt	Q9X6W1_Q75_lddt	9.814E-01	9.699E-01	9.699E-01	49.300	83	83	83
AF-E4WMC5-F1-model_v6_Q75_lddt	G9MB50_Q75_lddt	9.816E-01	9.701E-01	9.701E-01	37.300	83	83	83
AF-E4WMC5-F1-model_v6_Q75_lddt	A0A0B6VPP7_Q75_lddt	9.791E-01	9.676E-01	9.676E-01	48.100	83	83	83
AF-E4WMC5-F1-model_v6_Q75_lddt	G9M9P7_Q75_lddt	9.806E-01	9.692E-01	9.692E-01	38.500	83	83	83
AF-E4WMC5-F1-model_v6_Q75_lddt	G9MB49_Q75_lddt	9.806E-01	9.692E-01	9.692E-01	38.500	83	83	83
AF-E4WMC5-F1-model_v6_Q75_lddt	Q3SAW3_Q75_lddt	9.826E-01	9.711E-01	9.598E-01	32.100	83	84	84
AF-E4WMC5-F1-model_v6_Q75_lddt	AF-A0A1J0HSJ3-F1-model_v4_Q75_lddt	9.801E-01	9.572E-01	9.685E-01	34.900	83	83	82
AF-E4WMC5-F1-model_v6_Q75_lddt	AF-J9QX37-F1-model_v4_Q75_lddt	9.839E-01	9.493E-01	9.721E-01	30.100	83	83	81
AF-E4WMC5-F1-model_v6_Q75_lddt	AF-A0A3G1JAD7-F1-model_v4_Q75_lddt	9.772E-01	9.544E-01	9.656E-01	33.700	83	83	82
AF-E4WMC5-F1-model_v6_Q75_lddt	B7FDD9_Q75_lddt	9.766E-01	9.538E-01	9.651E-01	36.100	83	83	82
AF-E4WMC5-F1-model_v6_Q75_lddt	AF-A0A127SQY3-F1-model_v6_Q75_lddt	9.685E-01	9.573E-01	9.573E-01	34.900	83	83	83
AF-E4WMC5-F1-model_v6_Q75_lddt	SGM-3_Q75_lddt	9.778E-01	9.664E-01	9.444E-01	38.000	83	84	85
AF-E4WMC5-F1-model_v6_Q75_lddt	C8CE59_Q75_lddt	9.776E-01	9.662E-01	9.441E-01	36.400	83	85	85
AF-E4WMC5-F1-model_v6_Q75_lddt	SGM-2_Q75_lddt	9.775E-01	9.661E-01	9.441E-01	38.000	83	84	85
AF-E4WMC5-F1-model_v6_Q75_lddt	C8CE60_Q75_lddt	9.757E-01	9.644E-01	9.424E-01	36.400	83	85	85
AF-E4WMC5-F1-model_v6_Q75_lddt	OKP-C-1_Q75_lddt	9.778E-01	9.664E-01	9.337E-01	37.200	83	86	86
AF-E4WMC5-F1-model_v6_Q75_lddt	GES-44_Q75_lddt	9.705E-01	9.592E-01	9.483E-01	33.300	83	84	84
AF-E4WMC5-F1-model_v6_Q75_lddt	A0A2Z2Z6H0_Q75_lddt	9.699E-01	9.587E-01	9.477E-01	35.700	83	84	84
AF-E4WMC5-F1-model_v6_Q75_lddt	Q9R429_Q75_lddt	9.800E-01	9.686E-01	9.253E-01	35.600	83	87	87
AF-E4WMC5-F1-model_v6_Q75_lddt	GES-41_Q75_lddt	9.688E-01	9.576E-01	9.467E-01	33.300	83	84	84
AF-E4WMC5-F1-model_v6_Q75_lddt	C5HUY1_Q75_lddt	9.690E-01	9.578E-01	9.469E-01	33.300	83	84	84
AF-E4WMC5-F1-model_v6_Q75_lddt	Q8GHI3_Q75_lddt	9.798E-01	9.683E-01	9.251E-01	35.600	83	87	87
AF-E4WMC5-F1-model_v6_Q75_lddt	AF-Q1NAL0-F1-model_v4_Q75_lddt	9.726E-01	9.613E-01	9.395E-01	36.900	83	84	85
AF-E4WMC5-F1-model_v6_Q75_lddt	AF-Q6W7F0-F1-model_v4_Q75_lddt	9.795E-01	9.681E-01	9.249E-01	36.700	83	87	87
AF-E4WMC5-F1-model_v6_Q75_lddt	Q84H48_Q75_lddt	9.795E-01	9.680E-01	9.248E-01	36.700	83	87	87
AF-E4WMC5-F1-model_v6_Q75_lddt	A0A097ZLX5_Q75_lddt	9.688E-01	9.576E-01	9.466E-01	33.300	83	84	84
AF-E4WMC5-F1-model_v6_Q75_lddt	H9AXM1_Q75_lddt	9.792E-01	9.678E-01	9.246E-01	35.600	83	87	87
AF-E4WMC5-F1-model_v6_Q75_lddt	C6GC02_Q75_lddt	9.685E-01	9.573E-01	9.463E-01	32.100	83	84	84
AF-E4WMC5-F1-model_v6_Q75_lddt	Q2YHX6_Q75_lddt	9.789E-01	9.675E-01	9.243E-01	36.700	83	87	87
AF-E4WMC5-F1-model_v6_Q75_lddt	A0A455LP07_Q75_lddt	9.789E-01	9.674E-01	9.243E-01	36.700	83	87	87
AF-E4WMC5-F1-model_v6_Q75_lddt	A0A455LP02_Q75_lddt	9.789E-01	9.674E-01	9.243E-01	36.700	83	87	87
AF-E4WMC5-F1-model_v6_Q75_lddt	B5D620_Q75_lddt	9.787E-01	9.673E-01	9.242E-01	36.700	83	87	87
AF-E4WMC5-F1-model_v6_Q75_lddt	E9NST5_Q75_lddt	9.788E-01	9.674E-01	9.242E-01	36.700	83	87	87
AF-E4WMC5-F1-model_v6_Q75_lddt	Q5I6D4_Q75_lddt	9.788E-01	9.673E-01	9.242E-01	36.700	83	87	87
AF-E4WMC5-F1-model_v6_Q75_lddt	B5D612_Q75_lddt	9.788E-01	9.673E-01	9.242E-01	37.900	83	87	87
AF-E4WMC5-F1-model_v6_Q75_lddt	A0A455LP13_Q75_lddt	9.787E-01	9.673E-01	9.241E-01	36.700	83	87	87
AF-E4WMC5-F1-model_v6_Q75_lddt	B8YHZ8_Q75_lddt	9.786E-01	9.672E-01	9.240E-01	36.700	83	87	87
AF-E4WMC5-F1-model_v6_Q75_lddt	C8C0I2_Q75_lddt	9.583E-01	9.471E-01	9.471E-01	40.400	83	84	83
AF-E4WMC5-F1-model_v6_Q75_lddt	Q2YHX8_Q75_lddt	9.787E-01	9.672E-01	9.241E-01	36.700	83	87	87
AF-E4WMC5-F1-model_v6_Q75_lddt	A0A0P0IGT7_Q75_lddt	9.786E-01	9.671E-01	9.240E-01	37.900	83	87	87
AF-E4WMC5-F1-model_v6_Q75_lddt	Q2YHY7_Q75_lddt	9.783E-01	9.669E-01	9.237E-01	36.700	83	87	87
AF-E4WMC5-F1-model_v6_Q75_lddt	R4ISB3_Q75_lddt	9.784E-01	9.670E-01	9.238E-01	36.700	83	87	87
AF-E4WMC5-F1-model_v6_Q75_lddt	Q84H47_Q75_lddt	9.782E-01	9.668E-01	9.237E-01	36.700	83	87	87
AF-E4WMC5-F1-model_v6_Q75_lddt	Q57509_Q75_lddt	9.622E-01	9.510E-01	9.400E-01	38.000	83	84	84
AF-E4WMC5-F1-model_v6_Q75_lddt	Q8VQV7_Q75_lddt	9.781E-01	9.667E-01	9.235E-01	36.700	83	87	87
AF-E4WMC5-F1-model_v6_Q75_lddt	A0A455LS80_Q75_lddt	9.780E-01	9.666E-01	9.235E-01	37.900	83	87	87
AF-E4WMC5-F1-model_v6_Q75_lddt	Q5PU78_Q75_lddt	9.779E-01	9.665E-01	9.235E-01	37.900	83	87	87
AF-E4WMC5-F1-model_v6_Q75_lddt	Q2YHZ2_Q75_lddt	9.778E-01	9.664E-01	9.234E-01	36.700	83	87	87
AF-E4WMC5-F1-model_v6_Q75_lddt	Q2YHZ5_Q75_lddt	9.775E-01	9.661E-01	9.231E-01	36.700	83	87	87
AF-E4WMC5-F1-model_v6_Q75_lddt	Q2YHZ3_Q75_lddt	9.774E-01	9.661E-01	9.230E-01	36.700	83	87	87
AF-E4WMC5-F1-model_v6_Q75_lddt	Q2YHZ0_Q75_lddt	9.773E-01	9.659E-01	9.228E-01	36.700	83	87	87
AF-E4WMC5-F1-model_v6_Q75_lddt	Q6R5M7_Q75_lddt	9.771E-01	9.657E-01	9.227E-01	37.900	83	87	87
AF-E4WMC5-F1-model_v6_Q75_lddt	Q6ZY77_Q75_lddt	9.771E-01	9.657E-01	9.227E-01	36.700	83	87	87
AF-E4WMC5-F1-model_v6_Q75_lddt	Q6ZY74_Q75_lddt	9.770E-01	9.657E-01	9.227E-01	36.700	83	87	87
AF-E4WMC5-F1-model_v6_Q75_lddt	Q6ZY58_Q75_lddt	9.749E-01	9.636E-01	9.208E-01	36.700	83	87	87
AF-E4WMC5-F1-model_v6_Q75_lddt	SGM-5_Q75_lddt	9.673E-01	9.562E-01	9.346E-01	38.000	83	84	85
AF-E4WMC5-F1-model_v6_Q75_lddt	AF-P18251-F1-model_v4_Q75_lddt	9.778E-01	9.664E-01	9.132E-01	33.700	83	86	88
AF-E4WMC5-F1-model_v6_Q75_lddt	P14171_Q75_lddt	9.662E-01	9.550E-01	9.335E-01	29.400	83	85	85
AF-E4WMC5-F1-model_v6_Q75_lddt	OKP-D-1_Q75_lddt	9.733E-01	9.620E-01	9.193E-01	35.600	83	87	87
AF-E4WMC5-F1-model_v6_Q75_lddt	C0LSK3_Q75_lddt	9.774E-01	9.546E-01	9.223E-01	36.000	83	86	86
AF-E4WMC5-F1-model_v6_Q75_lddt	AF-A0A867XYA1-F1-model_v4_Q75_lddt	9.766E-01	9.652E-01	9.121E-01	32.500	83	86	88
AF-E4WMC5-F1-model_v6_Q75_lddt	Q8VP57_Q75_lddt	9.795E-01	9.680E-01	9.046E-01	35.600	83	87	89
AF-E4WMC5-F1-model_v6_Q75_lddt	A0ZX91_Q75_lddt	9.794E-01	9.680E-01	9.046E-01	35.600	83	87	89
AF-E4WMC5-F1-model_v6_Q75_lddt	B9U2I6_Q75_lddt	9.793E-01	9.679E-01	9.045E-01	35.600	83	87	89
AF-E4WMC5-F1-model_v6_Q75_lddt	D5LGB4_Q75_lddt	9.793E-01	9.679E-01	9.045E-01	35.600	83	87	89
AF-E4WMC5-F1-model_v6_Q75_lddt	A0ZX80_Q75_lddt	9.793E-01	9.678E-01	9.044E-01	35.600	83	87	89
AF-E4WMC5-F1-model_v6_Q75_lddt	F8SQ10_Q75_lddt	9.793E-01	9.678E-01	9.045E-01	35.600	83	87	89
AF-E4WMC5-F1-model_v6_Q75_lddt	S4TWB0_Q75_lddt	9.792E-01	9.678E-01	9.044E-01	35.600	83	87	89
AF-E4WMC5-F1-model_v6_Q75_lddt	A0A2P9E069_Q75_lddt	9.791E-01	9.677E-01	9.043E-01	35.600	83	87	89
AF-E4WMC5-F1-model_v6_Q75_lddt	E5Q900_Q75_lddt	9.789E-01	9.675E-01	9.041E-01	35.600	83	87	89
AF-E4WMC5-F1-model_v6_Q75_lddt	Q939H3_Q75_lddt	9.789E-01	9.674E-01	9.041E-01	36.700	83	87	89
AF-E4WMC5-F1-model_v6_Q75_lddt	Q0PGR7_Q75_lddt	9.788E-01	9.674E-01	9.040E-01	35.600	83	87	89
AF-E4WMC5-F1-model_v6_Q75_lddt	A3FFR2_Q75_lddt	9.784E-01	9.670E-01	9.037E-01	35.600	83	87	89
AF-E4WMC5-F1-model_v6_Q75_lddt	Q939H5_Q75_lddt	9.783E-01	9.669E-01	9.036E-01	34.400	83	87	89
AF-E4WMC5-F1-model_v6_Q75_lddt	H2ERK9_Q75_lddt	9.780E-01	9.666E-01	9.033E-01	35.600	83	87	89
AF-E4WMC5-F1-model_v6_Q75_lddt	E5G517_Q75_lddt	9.780E-01	9.666E-01	9.033E-01	35.600	83	87	89
AF-E4WMC5-F1-model_v6_Q75_lddt	B0FP98_Q75_lddt	9.775E-01	9.661E-01	9.029E-01	35.600	83	87	89
AF-E4WMC5-F1-model_v6_Q75_lddt	Q2MJC2_Q75_lddt	9.774E-01	9.660E-01	9.029E-01	35.600	83	87	89
AF-E4WMC5-F1-model_v6_Q75_lddt	O33677_Q75_lddt	9.618E-01	9.506E-01	9.186E-01	36.700	83	87	86
AF-E4WMC5-F1-model_v6_Q75_lddt	Q8VP67_Q75_lddt	9.765E-01	9.651E-01	9.021E-01	35.600	83	87	89
AF-E4WMC5-F1-model_v6_Q75_lddt	A0A097BQY7_Q75_lddt	9.764E-01	9.650E-01	9.020E-01	35.600	83	87	89
AF-E4WMC5-F1-model_v6_Q75_lddt	Q8KRG7_Q75_lddt	9.763E-01	9.649E-01	9.019E-01	35.600	83	87	89
AF-E4WMC5-F1-model_v6_Q75_lddt	J7HZA4_Q75_lddt	9.761E-01	9.648E-01	9.018E-01	35.600	83	87	89
AF-E4WMC5-F1-model_v6_Q75_lddt	B5L5W7_Q75_lddt	9.629E-01	9.518E-01	9.098E-01	35.200	83	85	87
AF-E4WMC5-F1-model_v6_Q75_lddt	Q9XBM2_Q75_lddt	9.547E-01	9.436E-01	9.118E-01	29.800	83	87	86
AF-E4WMC5-F1-model_v6_Q75_lddt	A0A0E0SR47_Q75_lddt	9.455E-01	9.346E-01	9.135E-01	32.100	83	87	85
AF-E4WMC5-F1-model_v6_Q75_lddt	C8C0D8_Q75_lddt	9.474E-01	9.365E-01	9.052E-01	36.700	83	87	86
AF-E4WMC5-F1-model_v6_Q75_lddt	A0A1W5QH29_Q75_lddt	9.425E-01	9.316E-01	9.106E-01	32.100	83	87	85
AF-E4WMC5-F1-model_v6_Q75_lddt	A0A1W5QCF3_Q75_lddt	9.422E-01	9.313E-01	9.104E-01	33.300	83	87	85
AF-E4WMC5-F1-model_v6_Q75_lddt	Q9X4S7_Q75_lddt	9.456E-01	9.348E-01	9.036E-01	35.600	83	87	86
AF-E4WMC5-F1-model_v6_Q75_lddt	AF-F4NA56-F1-model_v4_Q75_lddt	9.397E-01	9.289E-01	9.080E-01	29.800	83	87	85
AF-E4WMC5-F1-model_v6_Q75_lddt	A0A1W5QG57_Q75_lddt	9.383E-01	9.275E-01	9.067E-01	32.100	83	87	85
AF-E4WMC5-F1-model_v6_Q75_lddt	A0A3Q8G682_Q75_lddt	9.424E-01	9.316E-01	9.006E-01	29.800	83	87	86
B5D612_Q75_lddt	B5D612_Q75_lddt	1.012E+00	1.000E+00	1.000E+00	100.000	87	87	87
B5D612_Q75_lddt	E9NST5_Q75_lddt	1.012E+00	9.999E-01	9.999E-01	97.700	87	87	87
B5D612_Q75_lddt	A0A0P0IGT7_Q75_lddt	1.012E+00	9.999E-01	9.999E-01	100.000	87	87	87
B5D612_Q75_lddt	A0A455LP07_Q75_lddt	1.011E+00	9.999E-01	9.999E-01	96.500	87	87	87
B5D612_Q75_lddt	A0A455LP13_Q75_lddt	1.011E+00	9.998E-01	9.998E-01	96.500	87	87	87
B5D612_Q75_lddt	R4ISB3_Q75_lddt	1.011E+00	9.998E-01	9.998E-01	96.500	87	87	87
B5D612_Q75_lddt	A0A455LP02_Q75_lddt	1.011E+00	9.998E-01	9.998E-01	96.500	87	87	87
B5D612_Q75_lddt	Q84H48_Q75_lddt	1.011E+00	9.997E-01	9.997E-01	98.800	87	87	87
B5D612_Q75_lddt	B8YHZ8_Q75_lddt	1.011E+00	9.997E-01	9.997E-01	94.200	87	87	87
B5D612_Q75_lddt	Q5I6D4_Q75_lddt	1.011E+00	9.996E-01	9.996E-01	95.400	87	87	87
B5D612_Q75_lddt	Q2YHX8_Q75_lddt	1.011E+00	9.996E-01	9.996E-01	95.400	87	87	87
B5D612_Q75_lddt	Q2YHX6_Q75_lddt	1.011E+00	9.996E-01	9.996E-01	95.400	87	87	87
B5D612_Q75_lddt	B5D620_Q75_lddt	1.011E+00	9.996E-01	9.996E-01	94.200	87	87	87
B5D612_Q75_lddt	A0A455LS80_Q75_lddt	1.011E+00	9.995E-01	9.995E-01	97.700	87	87	87
B5D612_Q75_lddt	Q2YHZ5_Q75_lddt	1.011E+00	9.994E-01	9.994E-01	94.200	87	87	87
B5D612_Q75_lddt	Q84H47_Q75_lddt	1.011E+00	9.993E-01	9.993E-01	98.800	87	87	87
B5D612_Q75_lddt	Q2YHZ2_Q75_lddt	1.011E+00	9.993E-01	9.993E-01	94.200	87	87	87
B5D612_Q75_lddt	Q6ZY77_Q75_lddt	1.011E+00	9.993E-01	9.993E-01	93.100	87	87	87
B5D612_Q75_lddt	Q5PU78_Q75_lddt	1.011E+00	9.993E-01	9.993E-01	94.200	87	87	87
B5D612_Q75_lddt	Q2YHZ3_Q75_lddt	1.011E+00	9.992E-01	9.992E-01	94.200	87	87	87
B5D612_Q75_lddt	Q2YHZ0_Q75_lddt	1.011E+00	9.992E-01	9.992E-01	94.200	87	87	87
B5D612_Q75_lddt	Q6ZY74_Q75_lddt	1.011E+00	9.992E-01	9.992E-01	94.200	87	87	87
B5D612_Q75_lddt	Q6R5M7_Q75_lddt	1.011E+00	9.991E-01	9.991E-01	94.200	87	87	87
B5D612_Q75_lddt	Q8VQV7_Q75_lddt	1.011E+00	9.991E-01	9.991E-01	98.800	87	87	87
B5D612_Q75_lddt	Q2YHY7_Q75_lddt	1.011E+00	9.990E-01	9.990E-01	94.200	87	87	87
B5D612_Q75_lddt	Q6ZY58_Q75_lddt	1.010E+00	9.989E-01	9.989E-01	93.100	87	87	87
B5D612_Q75_lddt	Q9R429_Q75_lddt	1.010E+00	9.988E-01	9.988E-01	79.300	87	87	87
B5D612_Q75_lddt	Q8GHI3_Q75_lddt	1.010E+00	9.987E-01	9.987E-01	78.100	87	87	87
B5D612_Q75_lddt	AF-Q6W7F0-F1-model_v4_Q75_lddt	1.010E+00	9.985E-01	9.985E-01	85.000	87	87	87
B5D612_Q75_lddt	H9AXM1_Q75_lddt	1.010E+00	9.984E-01	9.984E-01	75.800	87	87	87
B5D612_Q75_lddt	OKP-D-1_Q75_lddt	1.009E+00	9.971E-01	9.971E-01	94.200	87	87	87
B5D612_Q75_lddt	OKP-C-1_Q75_lddt	1.010E+00	9.871E-01	9.985E-01	91.900	87	87	86
B5D612_Q75_lddt	C0LSK3_Q75_lddt	1.010E+00	9.870E-01	9.984E-01	94.100	87	86	86
B5D612_Q75_lddt	Q939H3_Q75_lddt	1.011E+00	9.998E-01	9.774E-01	97.700	87	87	89
B5D612_Q75_lddt	Q0PGR7_Q75_lddt	1.011E+00	9.998E-01	9.773E-01	93.100	87	87	89
B5D612_Q75_lddt	A0ZX80_Q75_lddt	1.011E+00	9.997E-01	9.772E-01	93.100	87	87	89
B5D612_Q75_lddt	S4TWB0_Q75_lddt	1.011E+00	9.996E-01	9.772E-01	93.100	87	87	89
B5D612_Q75_lddt	A0ZX91_Q75_lddt	1.011E+00	9.996E-01	9.772E-01	93.100	87	87	89
B5D612_Q75_lddt	A0A2P9E069_Q75_lddt	1.011E+00	9.996E-01	9.772E-01	93.100	87	87	89
B5D612_Q75_lddt	D5LGB4_Q75_lddt	1.011E+00	9.996E-01	9.772E-01	93.100	87	87	89
B5D612_Q75_lddt	B9U2I6_Q75_lddt	1.011E+00	9.996E-01	9.772E-01	93.100	87	87	89
B5D612_Q75_lddt	Q8VP57_Q75_lddt	1.011E+00	9.996E-01	9.771E-01	93.100	87	87	89
B5D612_Q75_lddt	E5Q900_Q75_lddt	1.011E+00	9.996E-01	9.771E-01	93.100	87	87	89
B5D612_Q75_lddt	A3FFR2_Q75_lddt	1.011E+00	9.995E-01	9.771E-01	93.100	87	87	89
B5D612_Q75_lddt	Q2MJC2_Q75_lddt	1.011E+00	9.992E-01	9.768E-01	93.100	87	87	89
B5D612_Q75_lddt	H2ERK9_Q75_lddt	1.011E+00	9.991E-01	9.767E-01	93.100	87	87	89
B5D612_Q75_lddt	A0A097BQY7_Q75_lddt	1.011E+00	9.991E-01	9.767E-01	93.100	87	87	89
B5D612_Q75_lddt	F8SQ10_Q75_lddt	1.011E+00	9.990E-01	9.766E-01	93.100	87	87	89
B5D612_Q75_lddt	B0FP98_Q75_lddt	1.011E+00	9.990E-01	9.766E-01	91.900	87	87	89
B5D612_Q75_lddt	Q939H5_Q75_lddt	1.011E+00	9.989E-01	9.765E-01	91.900	87	87	89
B5D612_Q75_lddt	C8CE59_Q75_lddt	1.011E+00	9.761E-01	9.991E-01	90.800	87	87	85
B5D612_Q75_lddt	Q8VP67_Q75_lddt	1.010E+00	9.988E-01	9.764E-01	93.100	87	87	89
B5D612_Q75_lddt	C8CE60_Q75_lddt	1.011E+00	9.760E-01	9.990E-01	90.800	87	87	85
B5D612_Q75_lddt	J7HZA4_Q75_lddt	1.010E+00	9.987E-01	9.763E-01	91.900	87	87	89
B5D612_Q75_lddt	Q8KRG7_Q75_lddt	1.010E+00	9.986E-01	9.762E-01	93.100	87	87	89
B5D612_Q75_lddt	O33677_Q75_lddt	1.004E+00	9.815E-01	9.928E-01	77.000	87	87	86
B5D612_Q75_lddt	E5G517_Q75_lddt	1.006E+00	9.941E-01	9.718E-01	91.900	87	87	89
B5D612_Q75_lddt	AF-A0A867XYA1-F1-model_v4_Q75_lddt	1.010E+00	9.869E-01	9.757E-01	83.900	87	87	88
B5D612_Q75_lddt	AF-P18251-F1-model_v4_Q75_lddt	1.009E+00	9.860E-01	9.748E-01	88.500	87	87	88
B5D612_Q75_lddt	B7FDD9_Q75_lddt	1.011E+00	9.409E-01	9.982E-01	87.300	87	87	82
B5D612_Q75_lddt	P14171_Q75_lddt	9.922E-01	9.586E-01	9.807E-01	54.000	87	87	85
B5D612_Q75_lddt	Q3SAW3_Q75_lddt	9.952E-01	9.501E-01	9.835E-01	54.000	87	87	84
B5D612_Q75_lddt	C5HUY1_Q75_lddt	9.943E-01	9.494E-01	9.827E-01	50.500	87	87	84
B5D612_Q75_lddt	C6GC02_Q75_lddt	9.943E-01	9.493E-01	9.826E-01	49.400	87	87	84
B5D612_Q75_lddt	A0A097ZLX5_Q75_lddt	9.942E-01	9.492E-01	9.825E-01	50.500	87	87	84
B5D612_Q75_lddt	AF-A0A1J0HSJ3-F1-model_v4_Q75_lddt	1.002E+00	9.336E-01	9.900E-01	55.100	87	87	82
B5D612_Q75_lddt	AF-A0A3G1JAD7-F1-model_v4_Q75_lddt	1.001E+00	9.329E-01	9.891E-01	55.100	87	87	82
B5D612_Q75_lddt	GES-44_Q75_lddt	9.924E-01	9.476E-01	9.808E-01	50.500	87	87	84
B5D612_Q75_lddt	GES-41_Q75_lddt	9.922E-01	9.474E-01	9.806E-01	50.500	87	87	84
B5D612_Q75_lddt	SGM-3_Q75_lddt	9.943E-01	9.493E-01	9.713E-01	51.700	87	87	85
B5D612_Q75_lddt	SGM-2_Q75_lddt	9.940E-01	9.491E-01	9.710E-01	51.700	87	87	85
B5D612_Q75_lddt	PER-16_Q75_lddt	9.864E-01	9.421E-01	9.750E-01	41.300	87	87	84
B5D612_Q75_lddt	AF-E2D9D5-F1-model_v4_Q75_lddt	9.854E-01	9.412E-01	9.739E-01	29.800	87	87	84
B5D612_Q75_lddt	AF-A0A886X7X6-F1-model_v6_Q75_lddt	9.879E-01	9.435E-01	9.651E-01	32.100	87	87	85
B5D612_Q75_lddt	Q9AMJ7_Q75_lddt	9.880E-01	9.325E-01	9.764E-01	28.700	87	87	83
B5D612_Q75_lddt	A1YTM5_Q75_lddt	9.875E-01	9.321E-01	9.759E-01	28.700	87	87	83
B5D612_Q75_lddt	A0A1W5QH29_Q75_lddt	9.783E-01	9.456E-01	9.672E-01	37.900	87	87	85
B5D612_Q75_lddt	SGM-5_Q75_lddt	9.863E-01	9.421E-01	9.637E-01	50.500	87	87	85
B5D612_Q75_lddt	RAA-1_Q75_lddt	9.861E-01	9.308E-01	9.745E-01	31.000	87	87	83
B5D612_Q75_lddt	A0A1W5QCF3_Q75_lddt	9.773E-01	9.447E-01	9.662E-01	37.900	87	87	85
B5D612_Q75_lddt	D5HSX5_Q75_lddt	9.853E-01	9.301E-01	9.738E-01	41.300	87	87	83
B5D612_Q75_lddt	A0A2Z2Z6H0_Q75_lddt	9.810E-01	9.372E-01	9.696E-01	48.200	87	87	84
B5D612_Q75_lddt	AF-Q1NAL0-F1-model_v4_Q75_lddt	9.848E-01	9.406E-01	9.622E-01	51.700	87	87	85
B5D612_Q75_lddt	A0A3Q8G682_Q75_lddt	9.696E-01	9.480E-01	9.587E-01	54.000	87	87	86
B5D612_Q75_lddt	F8T7L4_Q75_lddt	9.841E-01	9.290E-01	9.726E-01	37.900	87	87	83
B5D612_Q75_lddt	Q5XQD3_Q75_lddt	9.840E-01	9.289E-01	9.724E-01	39.000	87	87	83
B5D612_Q75_lddt	P74842_Q75_lddt	9.837E-01	9.286E-01	9.722E-01	39.000	87	87	83
B5D612_Q75_lddt	Q8VT49_Q75_lddt	9.831E-01	9.281E-01	9.716E-01	31.000	87	87	83
B5D612_Q75_lddt	Q9XBM2_Q75_lddt	9.675E-01	9.460E-01	9.566E-01	41.300	87	87	86
B5D612_Q75_lddt	A0A1W5QG57_Q75_lddt	9.742E-01	9.418E-01	9.632E-01	37.900	87	87	85
B5D612_Q75_lddt	Q5W3A6_Q75_lddt	9.782E-01	9.347E-01	9.670E-01	33.300	87	87	84
B5D612_Q75_lddt	AF-A0A0D0F642-F1-model_v4_Q75_lddt	9.821E-01	9.272E-01	9.706E-01	32.100	87	87	83
B5D612_Q75_lddt	AF-E4WMC5-F1-model_v6_Q75_lddt	9.788E-01	9.242E-01	9.673E-01	37.900	87	87	83
B5D612_Q75_lddt	G9MB50_Q75_lddt	9.786E-01	9.241E-01	9.672E-01	29.800	87	87	83
B5D612_Q75_lddt	G9M9P7_Q75_lddt	9.780E-01	9.236E-01	9.666E-01	29.800	87	87	83
B5D612_Q75_lddt	G9MB49_Q75_lddt	9.777E-01	9.233E-01	9.664E-01	31.000	87	87	83
B5D612_Q75_lddt	A0A0E0SR47_Q75_lddt	9.693E-01	9.372E-01	9.584E-01	39.000	87	87	85
B5D612_Q75_lddt	AF-A0A8E9ZWD0-F1-model_v6_Q75_lddt	9.752E-01	9.319E-01	9.531E-01	31.000	87	87	85
B5D612_Q75_lddt	AF-J9QX37-F1-model_v4_Q75_lddt	9.827E-01	9.058E-01	9.709E-01	28.700	87	87	81
B5D612_Q75_lddt	Q9RAZ9_Q75_lddt	9.778E-01	9.125E-01	9.663E-01	31.000	87	87	82
B5D612_Q75_lddt	Q9X6W1_Q75_lddt	9.719E-01	9.178E-01	9.605E-01	32.100	87	87	83
B5D612_Q75_lddt	AF-F4NA56-F1-model_v4_Q75_lddt	9.641E-01	9.323E-01	9.533E-01	37.900	87	87	85
B5D612_Q75_lddt	B5L5W7_Q75_lddt	9.685E-01	9.363E-01	9.363E-01	37.900	87	87	87
B5D612_Q75_lddt	A0A0B6VPP7_Q75_lddt	9.687E-01	9.150E-01	9.574E-01	31.000	87	87	83
B5D612_Q75_lddt	AF-A0A127SQY3-F1-model_v6_Q75_lddt	9.549E-01	9.026E-01	9.440E-01	25.200	87	87	83
B5D612_Q75_lddt	Q57509_Q75_lddt	9.512E-01	8.987E-01	9.295E-01	27.200	87	88	84
B5D612_Q75_lddt	C8C0I2_Q75_lddt	9.479E-01	8.960E-01	9.370E-01	33.300	87	87	83
B5D612_Q75_lddt	C8C0D8_Q75_lddt	9.182E-01	8.983E-01	9.081E-01	25.800	87	89	86
B5D612_Q75_lddt	Q9X4S7_Q75_lddt	9.158E-01	8.960E-01	9.058E-01	28.000	87	89	86
C0LSK3_Q75_lddt	C0LSK3_Q75_lddt	1.012E+00	1.000E+00	1.000E+00	100.000	86	86	86
C0LSK3_Q75_lddt	Q2YHY7_Q75_lddt	1.011E+00	9.996E-01	9.881E-01	100.000	86	86	87
C0LSK3_Q75_lddt	Q84H47_Q75_lddt	1.011E+00	9.992E-01	9.877E-01	93.000	86	86	87
C0LSK3_Q75_lddt	Q8VQV7_Q75_lddt	1.011E+00	9.991E-01	9.876E-01	93.000	86	86	87
C0LSK3_Q75_lddt	Q2YHZ3_Q75_lddt	1.011E+00	9.991E-01	9.876E-01	100.000	86	86	87
C0LSK3_Q75_lddt	Q6ZY77_Q75_lddt	1.011E+00	9.990E-01	9.876E-01	98.800	86	86	87
C0LSK3_Q75_lddt	Q2YHZ0_Q75_lddt	1.011E+00	9.990E-01	9.876E-01	100.000	86	86	87
C0LSK3_Q75_lddt	Q2YHZ5_Q75_lddt	1.011E+00	9.990E-01	9.876E-01	100.000	86	86	87
C0LSK3_Q75_lddt	B8YHZ8_Q75_lddt	1.011E+00	9.990E-01	9.875E-01	100.000	86	86	87
C0LSK3_Q75_lddt	Q2YHZ2_Q75_lddt	1.011E+00	9.989E-01	9.874E-01	100.000	86	86	87
C0LSK3_Q75_lddt	B5D620_Q75_lddt	1.011E+00	9.989E-01	9.874E-01	100.000	86	86	87
C0LSK3_Q75_lddt	Q5I6D4_Q75_lddt	1.011E+00	9.988E-01	9.874E-01	98.800	86	86	87
C0LSK3_Q75_lddt	Q2YHX8_Q75_lddt	1.011E+00	9.988E-01	9.874E-01	98.800	86	86	87
C0LSK3_Q75_lddt	Q5PU78_Q75_lddt	1.011E+00	9.988E-01	9.873E-01	97.600	86	86	87
C0LSK3_Q75_lddt	Q2YHX6_Q75_lddt	1.010E+00	9.987E-01	9.873E-01	98.800	86	86	87
C0LSK3_Q75_lddt	Q84H48_Q75_lddt	1.010E+00	9.987E-01	9.873E-01	93.000	86	86	87
C0LSK3_Q75_lddt	Q6ZY74_Q75_lddt	1.010E+00	9.986E-01	9.872E-01	100.000	86	86	87
C0LSK3_Q75_lddt	AF-Q6W7F0-F1-model_v4_Q75_lddt	1.010E+00	9.986E-01	9.871E-01	83.700	86	86	87
C0LSK3_Q75_lddt	A0A455LS80_Q75_lddt	1.010E+00	9.985E-01	9.871E-01	95.300	86	86	87
C0LSK3_Q75_lddt	Q6ZY58_Q75_lddt	1.010E+00	9.985E-01	9.871E-01	98.800	86	86	87
C0LSK3_Q75_lddt	B5D612_Q75_lddt	1.010E+00	9.984E-01	9.870E-01	94.100	86	86	87
C0LSK3_Q75_lddt	A0A455LP07_Q75_lddt	1.010E+00	9.984E-01	9.869E-01	94.100	86	86	87
C0LSK3_Q75_lddt	A0A455LP02_Q75_lddt	1.010E+00	9.984E-01	9.869E-01	94.100	86	86	87
C0LSK3_Q75_lddt	R4ISB3_Q75_lddt	1.010E+00	9.983E-01	9.869E-01	94.100	86	86	87
C0LSK3_Q75_lddt	E9NST5_Q75_lddt	1.010E+00	9.983E-01	9.869E-01	91.800	86	86	87
C0LSK3_Q75_lddt	A0A0P0IGT7_Q75_lddt	1.010E+00	9.983E-01	9.868E-01	94.100	86	86	87
C0LSK3_Q75_lddt	A0A455LP13_Q75_lddt	1.010E+00	9.983E-01	9.868E-01	94.100	86	86	87
C0LSK3_Q75_lddt	Q6R5M7_Q75_lddt	1.010E+00	9.983E-01	9.868E-01	97.600	86	86	87
C0LSK3_Q75_lddt	OKP-D-1_Q75_lddt	1.010E+00	9.982E-01	9.867E-01	95.300	86	86	87
C0LSK3_Q75_lddt	H9AXM1_Q75_lddt	1.010E+00	9.981E-01	9.866E-01	76.700	86	86	87
C0LSK3_Q75_lddt	Q9R429_Q75_lddt	1.010E+00	9.980E-01	9.866E-01	80.200	86	86	87
C0LSK3_Q75_lddt	Q8GHI3_Q75_lddt	1.010E+00	9.980E-01	9.865E-01	79.000	86	86	87
C0LSK3_Q75_lddt	OKP-C-1_Q75_lddt	1.010E+00	9.869E-01	9.869E-01	93.000	86	86	86
C0LSK3_Q75_lddt	A3FFR2_Q75_lddt	1.010E+00	9.983E-01	9.647E-01	94.100	86	86	89
C0LSK3_Q75_lddt	Q939H3_Q75_lddt	1.010E+00	9.983E-01	9.647E-01	93.000	86	86	89
C0LSK3_Q75_lddt	A0ZX80_Q75_lddt	1.010E+00	9.983E-01	9.647E-01	94.100	86	86	89
C0LSK3_Q75_lddt	A0A097BQY7_Q75_lddt	1.010E+00	9.982E-01	9.646E-01	94.100	86	86	89
C0LSK3_Q75_lddt	E5Q900_Q75_lddt	1.010E+00	9.982E-01	9.646E-01	94.100	86	86	89
C0LSK3_Q75_lddt	A0ZX91_Q75_lddt	1.010E+00	9.982E-01	9.646E-01	94.100	86	86	89
C0LSK3_Q75_lddt	B9U2I6_Q75_lddt	1.010E+00	9.982E-01	9.646E-01	94.100	86	86	89
C0LSK3_Q75_lddt	Q2MJC2_Q75_lddt	1.010E+00	9.982E-01	9.646E-01	94.100	86	86	89
C0LSK3_Q75_lddt	D5LGB4_Q75_lddt	1.010E+00	9.982E-01	9.646E-01	94.100	86	86	89
C0LSK3_Q75_lddt	A0A2P9E069_Q75_lddt	1.010E+00	9.982E-01	9.646E-01	94.100	86	86	89
C0LSK3_Q75_lddt	S4TWB0_Q75_lddt	1.010E+00	9.981E-01	9.646E-01	94.100	86	86	89
C0LSK3_Q75_lddt	Q8VP57_Q75_lddt	1.010E+00	9.980E-01	9.645E-01	94.100	86	86	89
C0LSK3_Q75_lddt	Q0PGR7_Q75_lddt	1.010E+00	9.979E-01	9.643E-01	93.000	86	86	89
C0LSK3_Q75_lddt	Q8VP67_Q75_lddt	1.009E+00	9.974E-01	9.639E-01	94.100	86	86	89
C0LSK3_Q75_lddt	C8CE59_Q75_lddt	1.010E+00	9.747E-01	9.861E-01	91.800	86	86	85
C0LSK3_Q75_lddt	C8CE60_Q75_lddt	1.010E+00	9.746E-01	9.861E-01	91.800	86	86	85
C0LSK3_Q75_lddt	Q939H5_Q75_lddt	1.009E+00	9.973E-01	9.638E-01	93.000	86	86	89
C0LSK3_Q75_lddt	H2ERK9_Q75_lddt	1.009E+00	9.972E-01	9.637E-01	94.100	86	86	89
C0LSK3_Q75_lddt	J7HZA4_Q75_lddt	1.009E+00	9.972E-01	9.637E-01	93.000	86	86	89
C0LSK3_Q75_lddt	B0FP98_Q75_lddt	1.009E+00	9.972E-01	9.637E-01	93.000	86	86	89
C0LSK3_Q75_lddt	F8SQ10_Q75_lddt	1.009E+00	9.972E-01	9.636E-01	94.100	86	86	89
C0LSK3_Q75_lddt	Q8KRG7_Q75_lddt	1.009E+00	9.972E-01	9.636E-01	93.000	86	86	89
C0LSK3_Q75_lddt	O33677_Q75_lddt	1.004E+00	9.810E-01	9.810E-01	77.900	86	86	86
C0LSK3_Q75_lddt	AF-P18251-F1-model_v4_Q75_lddt	1.010E+00	9.870E-01	9.646E-01	89.500	86	86	88
C0LSK3_Q75_lddt	E5G517_Q75_lddt	1.005E+00	9.929E-01	9.596E-01	93.000	86	86	89
C0LSK3_Q75_lddt	AF-A0A867XYA1-F1-model_v4_Q75_lddt	1.009E+00	9.860E-01	9.636E-01	84.800	86	86	88
C0LSK3_Q75_lddt	B7FDD9_Q75_lddt	1.011E+00	9.410E-01	9.868E-01	88.300	86	86	82
C0LSK3_Q75_lddt	P14171_Q75_lddt	9.937E-01	9.595E-01	9.707E-01	53.400	86	86	85
C0LSK3_Q75_lddt	Q3SAW3_Q75_lddt	9.960E-01	9.504E-01	9.727E-01	52.300	86	86	84
C0LSK3_Q75_lddt	C5HUY1_Q75_lddt	9.962E-01	9.505E-01	9.728E-01	48.800	86	86	84
C0LSK3_Q75_lddt	C6GC02_Q75_lddt	9.961E-01	9.505E-01	9.728E-01	47.600	86	86	84
C0LSK3_Q75_lddt	A0A097ZLX5_Q75_lddt	9.961E-01	9.505E-01	9.728E-01	48.800	86	86	84
C0LSK3_Q75_lddt	AF-A0A1J0HSJ3-F1-model_v4_Q75_lddt	1.004E+00	9.344E-01	9.796E-01	53.400	86	86	82
C0LSK3_Q75_lddt	AF-A0A3G1JAD7-F1-model_v4_Q75_lddt	1.003E+00	9.336E-01	9.787E-01	53.400	86	86	82
C0LSK3_Q75_lddt	GES-41_Q75_lddt	9.939E-01	9.485E-01	9.707E-01	48.800	86	86	84
C0LSK3_Q75_lddt	GES-44_Q75_lddt	9.938E-01	9.483E-01	9.705E-01	48.800	86	86	84
C0LSK3_Q75_lddt	SGM-3_Q75_lddt	9.967E-01	9.511E-01	9.621E-01	50.000	86	86	85
C0LSK3_Q75_lddt	SGM-2_Q75_lddt	9.966E-01	9.509E-01	9.620E-01	50.000	86	86	85
C0LSK3_Q75_lddt	PER-16_Q75_lddt	9.876E-01	9.427E-01	9.646E-01	39.500	86	86	84
C0LSK3_Q75_lddt	SGM-5_Q75_lddt	9.900E-01	9.449E-01	9.558E-01	48.800	86	86	85
C0LSK3_Q75_lddt	A0A1W5QH29_Q75_lddt	9.804E-01	9.472E-01	9.580E-01	37.200	86	86	85
C0LSK3_Q75_lddt	AF-E2D9D5-F1-model_v4_Q75_lddt	9.843E-01	9.397E-01	9.615E-01	29.000	86	86	84
C0LSK3_Q75_lddt	A0A1W5QCF3_Q75_lddt	9.796E-01	9.464E-01	9.572E-01	37.200	86	86	85
C0LSK3_Q75_lddt	AF-A0A886X7X6-F1-model_v6_Q75_lddt	9.878E-01	9.429E-01	9.538E-01	30.200	86	86	85
C0LSK3_Q75_lddt	AF-Q1NAL0-F1-model_v4_Q75_lddt	9.876E-01	9.427E-01	9.535E-01	50.000	86	86	85
C0LSK3_Q75_lddt	Q9AMJ7_Q75_lddt	9.878E-01	9.316E-01	9.645E-01	26.700	86	86	83
C0LSK3_Q75_lddt	A0A3Q8G682_Q75_lddt	9.715E-01	9.496E-01	9.496E-01	53.400	86	86	86
C0LSK3_Q75_lddt	A1YTM5_Q75_lddt	9.873E-01	9.312E-01	9.640E-01	26.700	86	86	83
C0LSK3_Q75_lddt	D5HSX5_Q75_lddt	9.861E-01	9.301E-01	9.629E-01	39.500	86	86	83
C0LSK3_Q75_lddt	A0A2Z2Z6H0_Q75_lddt	9.814E-01	9.371E-01	9.587E-01	45.300	86	86	84
C0LSK3_Q75_lddt	A0A1W5QG57_Q75_lddt	9.763E-01	9.434E-01	9.541E-01	37.200	86	86	85
C0LSK3_Q75_lddt	F8T7L4_Q75_lddt	9.846E-01	9.288E-01	9.615E-01	36.000	86	86	83
C0LSK3_Q75_lddt	Q5XQD3_Q75_lddt	9.845E-01	9.287E-01	9.614E-01	36.000	86	86	83
C0LSK3_Q75_lddt	P74842_Q75_lddt	9.843E-01	9.286E-01	9.613E-01	37.200	86	86	83
C0LSK3_Q75_lddt	RAA-1_Q75_lddt	9.832E-01	9.276E-01	9.602E-01	29.000	86	86	83
C0LSK3_Q75_lddt	Q8VT49_Q75_lddt	9.818E-01	9.264E-01	9.589E-01	29.000	86	86	83
C0LSK3_Q75_lddt	Q9XBM2_Q75_lddt	9.654E-01	9.438E-01	9.438E-01	40.600	86	86	86
C0LSK3_Q75_lddt	AF-A0A0D0F642-F1-model_v4_Q75_lddt	9.808E-01	9.254E-01	9.579E-01	30.200	86	86	83
C0LSK3_Q75_lddt	Q5W3A6_Q75_lddt	9.764E-01	9.325E-01	9.539E-01	32.500	86	86	84
C0LSK3_Q75_lddt	AF-E4WMC5-F1-model_v6_Q75_lddt	9.774E-01	9.223E-01	9.546E-01	36.000	86	86	83
C0LSK3_Q75_lddt	G9MB50_Q75_lddt	9.773E-01	9.223E-01	9.545E-01	30.200	86	86	83
C0LSK3_Q75_lddt	A0A0E0SR47_Q75_lddt	9.684E-01	9.360E-01	9.465E-01	38.300	86	86	85
C0LSK3_Q75_lddt	G9M9P7_Q75_lddt	9.767E-01	9.217E-01	9.539E-01	30.200	86	86	83
C0LSK3_Q75_lddt	G9MB49_Q75_lddt	9.765E-01	9.215E-01	9.537E-01	31.300	86	86	83
C0LSK3_Q75_lddt	B5L5W7_Q75_lddt	9.720E-01	9.392E-01	9.288E-01	38.300	86	86	87
C0LSK3_Q75_lddt	AF-J9QX37-F1-model_v4_Q75_lddt	9.822E-01	9.045E-01	9.587E-01	29.000	86	86	81
C0LSK3_Q75_lddt	AF-F4NA56-F1-model_v4_Q75_lddt	9.643E-01	9.321E-01	9.426E-01	37.200	86	86	85
C0LSK3_Q75_lddt	AF-A0A8E9ZWD0-F1-model_v6_Q75_lddt	9.724E-01	9.289E-01	9.394E-01	29.000	86	86	85
C0LSK3_Q75_lddt	Q9RAZ9_Q75_lddt	9.769E-01	9.109E-01	9.539E-01	30.200	86	86	82
C0LSK3_Q75_lddt	Q9X6W1_Q75_lddt	9.706E-01	9.161E-01	9.481E-01	30.200	86	86	83
C0LSK3_Q75_lddt	A0A0B6VPP7_Q75_lddt	9.672E-01	9.130E-01	9.448E-01	29.000	86	86	83
C0LSK3_Q75_lddt	AF-A0A127SQY3-F1-model_v6_Q75_lddt	9.526E-01	8.999E-01	9.308E-01	25.500	86	86	83
C0LSK3_Q75_lddt	Q57509_Q75_lddt	9.499E-01	8.970E-01	9.174E-01	27.500	86	87	84
C0LSK3_Q75_lddt	C8C0I2_Q75_lddt	9.443E-01	8.922E-01	9.227E-01	33.700	86	86	83
C0LSK3_Q75_lddt	C8C0D8_Q75_lddt	9.157E-01	8.957E-01	8.957E-01	25.000	86	88	86
C0LSK3_Q75_lddt	Q9X4S7_Q75_lddt	9.128E-01	8.928E-01	8.928E-01	27.200	86	88	86
C8C0I2_Q75_lddt	C8C0I2_Q75_lddt	1.012E+00	1.000E+00	1.000E+00	100.000	83	83	83
C8C0I2_Q75_lddt	AF-A0A127SQY3-F1-model_v6_Q75_lddt	9.924E-01	9.806E-01	9.806E-01	50.000	83	84	83
C8C0I2_Q75_lddt	A0A0B6VPP7_Q75_lddt	9.911E-01	9.792E-01	9.792E-01	48.800	83	84	83
C8C0I2_Q75_lddt	Q9X6W1_Q75_lddt	9.890E-01	9.772E-01	9.772E-01	47.600	83	84	83
C8C0I2_Q75_lddt	AF-A0A0D0F642-F1-model_v4_Q75_lddt	9.776E-01	9.660E-01	9.660E-01	53.500	83	84	83
C8C0I2_Q75_lddt	Q9RAZ9_Q75_lddt	9.854E-01	9.622E-01	9.737E-01	48.100	83	83	82
C8C0I2_Q75_lddt	Q57509_Q75_lddt	9.828E-01	9.712E-01	9.598E-01	53.500	83	84	84
C8C0I2_Q75_lddt	G9MB49_Q75_lddt	9.741E-01	9.626E-01	9.626E-01	50.000	83	84	83
C8C0I2_Q75_lddt	Q5W3A6_Q75_lddt	9.777E-01	9.661E-01	9.548E-01	52.900	83	85	84
C8C0I2_Q75_lddt	G9M9P7_Q75_lddt	9.739E-01	9.624E-01	9.624E-01	50.000	83	84	83
C8C0I2_Q75_lddt	G9MB50_Q75_lddt	9.739E-01	9.624E-01	9.624E-01	48.800	83	84	83
C8C0I2_Q75_lddt	RAA-1_Q75_lddt	9.726E-01	9.611E-01	9.611E-01	47.600	83	84	83
C8C0I2_Q75_lddt	Q8VT49_Q75_lddt	9.719E-01	9.605E-01	9.605E-01	44.000	83	84	83
C8C0I2_Q75_lddt	AF-E2D9D5-F1-model_v4_Q75_lddt	9.738E-01	9.623E-01	9.511E-01	50.500	83	85	84
C8C0I2_Q75_lddt	A1YTM5_Q75_lddt	9.691E-01	9.577E-01	9.577E-01	48.800	83	84	83
C8C0I2_Q75_lddt	Q9AMJ7_Q75_lddt	9.690E-01	9.576E-01	9.576E-01	48.800	83	84	83
C8C0I2_Q75_lddt	AF-A0A886X7X6-F1-model_v6_Q75_lddt	9.706E-01	9.592E-01	9.371E-01	51.700	83	85	85
C8C0I2_Q75_lddt	Q9X4S7_Q75_lddt	9.753E-01	9.639E-01	9.313E-01	37.200	83	86	86
C8C0I2_Q75_lddt	AF-J9QX37-F1-model_v4_Q75_lddt	9.705E-01	9.366E-01	9.589E-01	39.700	83	83	81
C8C0I2_Q75_lddt	AF-E4WMC5-F1-model_v6_Q75_lddt	9.583E-01	9.471E-01	9.471E-01	40.400	83	84	83
C8C0I2_Q75_lddt	P74842_Q75_lddt	9.572E-01	9.460E-01	9.460E-01	46.400	83	84	83
C8C0I2_Q75_lddt	C8C0D8_Q75_lddt	9.726E-01	9.613E-01	9.288E-01	39.500	83	86	86
C8C0I2_Q75_lddt	D5HSX5_Q75_lddt	9.563E-01	9.452E-01	9.452E-01	46.400	83	84	83
C8C0I2_Q75_lddt	Q5XQD3_Q75_lddt	9.561E-01	9.449E-01	9.449E-01	44.000	83	84	83
C8C0I2_Q75_lddt	F8T7L4_Q75_lddt	9.561E-01	9.449E-01	9.449E-01	44.000	83	84	83
C8C0I2_Q75_lddt	AF-A0A8E9ZWD0-F1-model_v6_Q75_lddt	9.639E-01	9.526E-01	9.308E-01	37.600	83	85	85
C8C0I2_Q75_lddt	PER-16_Q75_lddt	9.590E-01	9.478E-01	9.369E-01	43.500	83	85	84
C8C0I2_Q75_lddt	AF-A0A1J0HSJ3-F1-model_v4_Q75_lddt	9.523E-01	9.305E-01	9.413E-01	36.100	83	83	82
C8C0I2_Q75_lddt	AF-A0A3G1JAD7-F1-model_v4_Q75_lddt	9.516E-01	9.298E-01	9.406E-01	39.700	83	83	82
C8C0I2_Q75_lddt	B7FDD9_Q75_lddt	9.521E-01	9.303E-01	9.411E-01	33.700	83	83	82
C8C0I2_Q75_lddt	C8CE59_Q75_lddt	9.481E-01	9.373E-01	9.163E-01	32.900	83	85	85
C8C0I2_Q75_lddt	Q3SAW3_Q75_lddt	9.391E-01	9.284E-01	9.179E-01	32.900	83	85	84
C8C0I2_Q75_lddt	C8CE60_Q75_lddt	9.457E-01	9.349E-01	9.140E-01	32.900	83	85	85
C8C0I2_Q75_lddt	H9AXM1_Q75_lddt	9.505E-01	9.396E-01	8.984E-01	29.800	83	87	87
C8C0I2_Q75_lddt	Q9R429_Q75_lddt	9.505E-01	9.396E-01	8.983E-01	32.100	83	87	87
C8C0I2_Q75_lddt	Q8GHI3_Q75_lddt	9.501E-01	9.393E-01	8.980E-01	31.000	83	87	87
C8C0I2_Q75_lddt	OKP-C-1_Q75_lddt	9.446E-01	9.339E-01	9.030E-01	32.500	83	86	86
C8C0I2_Q75_lddt	B5D612_Q75_lddt	9.479E-01	9.370E-01	8.960E-01	33.300	83	87	87
C8C0I2_Q75_lddt	Q2YHX6_Q75_lddt	9.479E-01	9.371E-01	8.961E-01	34.400	83	87	87
C8C0I2_Q75_lddt	A0A0P0IGT7_Q75_lddt	9.479E-01	9.370E-01	8.960E-01	33.300	83	87	87
C8C0I2_Q75_lddt	E9NST5_Q75_lddt	9.478E-01	9.370E-01	8.960E-01	32.100	83	87	87
C8C0I2_Q75_lddt	AF-Q6W7F0-F1-model_v4_Q75_lddt	9.474E-01	9.366E-01	8.955E-01	32.100	83	87	87
C8C0I2_Q75_lddt	A0A455LP07_Q75_lddt	9.478E-01	9.369E-01	8.959E-01	33.300	83	87	87
C8C0I2_Q75_lddt	A0A455LP13_Q75_lddt	9.478E-01	9.370E-01	8.960E-01	33.300	83	87	87
C8C0I2_Q75_lddt	Q84H48_Q75_lddt	9.475E-01	9.367E-01	8.957E-01	33.300	83	87	87
C8C0I2_Q75_lddt	Q5PU78_Q75_lddt	9.477E-01	9.369E-01	8.959E-01	34.400	83	87	87
C8C0I2_Q75_lddt	A0A455LP02_Q75_lddt	9.475E-01	9.367E-01	8.957E-01	33.300	83	87	87
C8C0I2_Q75_lddt	Q2YHZ2_Q75_lddt	9.474E-01	9.366E-01	8.956E-01	34.400	83	87	87
C8C0I2_Q75_lddt	A0A455LS80_Q75_lddt	9.475E-01	9.367E-01	8.957E-01	33.300	83	87	87
C8C0I2_Q75_lddt	SGM-2_Q75_lddt	9.373E-01	9.265E-01	9.058E-01	35.200	83	85	85
C8C0I2_Q75_lddt	Q84H47_Q75_lddt	9.471E-01	9.363E-01	8.953E-01	33.300	83	87	87
C8C0I2_Q75_lddt	Q5I6D4_Q75_lddt	9.473E-01	9.364E-01	8.954E-01	34.400	83	87	87
C8C0I2_Q75_lddt	R4ISB3_Q75_lddt	9.473E-01	9.365E-01	8.955E-01	33.300	83	87	87
C8C0I2_Q75_lddt	B5D620_Q75_lddt	9.470E-01	9.361E-01	8.952E-01	34.400	83	87	87
C8C0I2_Q75_lddt	Q8VQV7_Q75_lddt	9.468E-01	9.360E-01	8.951E-01	33.300	83	87	87
C8C0I2_Q75_lddt	Q2YHX8_Q75_lddt	9.470E-01	9.361E-01	8.952E-01	34.400	83	87	87
C8C0I2_Q75_lddt	SGM-3_Q75_lddt	9.369E-01	9.262E-01	9.055E-01	35.200	83	85	85
C8C0I2_Q75_lddt	B8YHZ8_Q75_lddt	9.469E-01	9.360E-01	8.951E-01	34.400	83	87	87
C8C0I2_Q75_lddt	Q6R5M7_Q75_lddt	9.470E-01	9.362E-01	8.952E-01	34.400	83	87	87
C8C0I2_Q75_lddt	Q2YHY7_Q75_lddt	9.461E-01	9.353E-01	8.944E-01	34.400	83	87	87
C8C0I2_Q75_lddt	Q2YHZ3_Q75_lddt	9.461E-01	9.353E-01	8.944E-01	34.400	83	87	87
C8C0I2_Q75_lddt	Q6ZY77_Q75_lddt	9.461E-01	9.353E-01	8.944E-01	34.400	83	87	87
C8C0I2_Q75_lddt	Q2YHZ5_Q75_lddt	9.460E-01	9.352E-01	8.943E-01	34.400	83	87	87
C8C0I2_Q75_lddt	Q6ZY74_Q75_lddt	9.461E-01	9.353E-01	8.944E-01	34.400	83	87	87
C8C0I2_Q75_lddt	Q2YHZ0_Q75_lddt	9.458E-01	9.350E-01	8.942E-01	34.400	83	87	87
C8C0I2_Q75_lddt	Q9XBM2_Q75_lddt	9.378E-01	9.271E-01	8.962E-01	32.100	83	87	86
C8C0I2_Q75_lddt	Q6ZY58_Q75_lddt	9.440E-01	9.332E-01	8.925E-01	34.400	83	87	87
C8C0I2_Q75_lddt	P14171_Q75_lddt	9.347E-01	9.241E-01	9.037E-01	32.900	83	85	85
C8C0I2_Q75_lddt	AF-P18251-F1-model_v4_Q75_lddt	9.451E-01	9.343E-01	8.838E-01	30.200	83	86	88
C8C0I2_Q75_lddt	GES-44_Q75_lddt	9.286E-01	9.181E-01	9.078E-01	35.200	83	85	84
C8C0I2_Q75_lddt	E5G517_Q75_lddt	9.486E-01	9.377E-01	8.775E-01	32.100	83	87	89
C8C0I2_Q75_lddt	A0ZX91_Q75_lddt	9.483E-01	9.375E-01	8.772E-01	32.100	83	87	89
C8C0I2_Q75_lddt	Q8VP57_Q75_lddt	9.482E-01	9.374E-01	8.772E-01	32.100	83	87	89
C8C0I2_Q75_lddt	B9U2I6_Q75_lddt	9.482E-01	9.373E-01	8.771E-01	32.100	83	87	89
C8C0I2_Q75_lddt	A0ZX80_Q75_lddt	9.482E-01	9.373E-01	8.771E-01	32.100	83	87	89
C8C0I2_Q75_lddt	D5LGB4_Q75_lddt	9.480E-01	9.372E-01	8.770E-01	32.100	83	87	89
C8C0I2_Q75_lddt	A0A2P9E069_Q75_lddt	9.481E-01	9.373E-01	8.771E-01	32.100	83	87	89
C8C0I2_Q75_lddt	S4TWB0_Q75_lddt	9.481E-01	9.373E-01	8.771E-01	32.100	83	87	89
C8C0I2_Q75_lddt	Q2MJC2_Q75_lddt	9.480E-01	9.372E-01	8.770E-01	32.100	83	87	89
C8C0I2_Q75_lddt	F8SQ10_Q75_lddt	9.480E-01	9.372E-01	8.770E-01	32.100	83	87	89
C8C0I2_Q75_lddt	Q0PGR7_Q75_lddt	9.480E-01	9.371E-01	8.769E-01	32.100	83	87	89
C8C0I2_Q75_lddt	E5Q900_Q75_lddt	9.479E-01	9.370E-01	8.768E-01	32.100	83	87	89
C8C0I2_Q75_lddt	Q939H3_Q75_lddt	9.475E-01	9.367E-01	8.765E-01	33.300	83	87	89
C8C0I2_Q75_lddt	C5HUY1_Q75_lddt	9.274E-01	9.169E-01	9.066E-01	35.200	83	85	84
C8C0I2_Q75_lddt	Q939H5_Q75_lddt	9.474E-01	9.366E-01	8.765E-01	32.100	83	87	89
C8C0I2_Q75_lddt	C0LSK3_Q75_lddt	9.443E-01	9.227E-01	8.922E-01	33.700	83	86	86
C8C0I2_Q75_lddt	A0A097ZLX5_Q75_lddt	9.272E-01	9.167E-01	9.065E-01	35.200	83	85	84
C8C0I2_Q75_lddt	OKP-D-1_Q75_lddt	9.401E-01	9.294E-01	8.890E-01	34.400	83	87	87
C8C0I2_Q75_lddt	O33677_Q75_lddt	9.335E-01	9.229E-01	8.923E-01	31.000	83	87	86
C8C0I2_Q75_lddt	A3FFR2_Q75_lddt	9.471E-01	9.363E-01	8.762E-01	32.100	83	87	89
C8C0I2_Q75_lddt	AF-A0A867XYA1-F1-model_v4_Q75_lddt	9.437E-01	9.329E-01	8.826E-01	27.900	83	86	88
C8C0I2_Q75_lddt	C6GC02_Q75_lddt	9.270E-01	9.166E-01	9.063E-01	34.100	83	85	84
C8C0I2_Q75_lddt	H2ERK9_Q75_lddt	9.473E-01	9.364E-01	8.763E-01	32.100	83	87	89
C8C0I2_Q75_lddt	A0A2Z2Z6H0_Q75_lddt	9.257E-01	9.152E-01	9.049E-01	35.200	83	85	84
C8C0I2_Q75_lddt	GES-41_Q75_lddt	9.266E-01	9.162E-01	9.060E-01	35.200	83	85	84
C8C0I2_Q75_lddt	Q8VP67_Q75_lddt	9.470E-01	9.361E-01	8.761E-01	32.100	83	87	89
C8C0I2_Q75_lddt	B0FP98_Q75_lddt	9.467E-01	9.359E-01	8.759E-01	32.100	83	87	89
C8C0I2_Q75_lddt	J7HZA4_Q75_lddt	9.467E-01	9.359E-01	8.759E-01	32.100	83	87	89
C8C0I2_Q75_lddt	A0A097BQY7_Q75_lddt	9.463E-01	9.355E-01	8.755E-01	32.100	83	87	89
C8C0I2_Q75_lddt	Q8KRG7_Q75_lddt	9.464E-01	9.356E-01	8.756E-01	32.100	83	87	89
C8C0I2_Q75_lddt	AF-Q1NAL0-F1-model_v4_Q75_lddt	9.288E-01	9.183E-01	8.979E-01	34.100	83	85	85
C8C0I2_Q75_lddt	SGM-5_Q75_lddt	9.252E-01	9.148E-01	8.945E-01	35.200	83	85	85
C8C0I2_Q75_lddt	B5L5W7_Q75_lddt	9.310E-01	9.205E-01	8.805E-01	32.900	83	85	87
C8C0I2_Q75_lddt	A0A0E0SR47_Q75_lddt	9.195E-01	9.091E-01	8.889E-01	34.400	83	87	85
C8C0I2_Q75_lddt	A0A3Q8G682_Q75_lddt	9.203E-01	9.100E-01	8.802E-01	32.100	83	87	86
C8C0I2_Q75_lddt	AF-F4NA56-F1-model_v4_Q75_lddt	9.117E-01	9.015E-01	8.816E-01	34.400	83	87	85
C8C0I2_Q75_lddt	A0A1W5QH29_Q75_lddt	9.085E-01	8.983E-01	8.785E-01	39.000	83	87	85
C8C0I2_Q75_lddt	A0A1W5QCF3_Q75_lddt	9.073E-01	8.971E-01	8.775E-01	37.900	83	87	85
C8C0I2_Q75_lddt	A0A1W5QG57_Q75_lddt	9.041E-01	8.940E-01	8.745E-01	37.900	83	87	85
E9NST5_Q75_lddt	E9NST5_Q75_lddt	1.012E+00	1.000E+00	1.000E+00	100.000	87	87	87
E9NST5_Q75_lddt	B5D612_Q75_lddt	1.012E+00	9.999E-01	9.999E-01	97.700	87	87	87
E9NST5_Q75_lddt	A0A455LP07_Q75_lddt	1.011E+00	9.999E-01	9.999E-01	96.500	87	87	87
E9NST5_Q75_lddt	A0A455LP13_Q75_lddt	1.011E+00	9.999E-01	9.999E-01	96.500	87	87	87
E9NST5_Q75_lddt	R4ISB3_Q75_lddt	1.011E+00	9.998E-01	9.998E-01	96.500	87	87	87
E9NST5_Q75_lddt	A0A455LP02_Q75_lddt	1.011E+00	9.998E-01	9.998E-01	96.500	87	87	87
E9NST5_Q75_lddt	A0A0P0IGT7_Q75_lddt	1.011E+00	9.998E-01	9.998E-01	97.700	87	87	87
E9NST5_Q75_lddt	Q84H48_Q75_lddt	1.011E+00	9.997E-01	9.997E-01	98.800	87	87	87
E9NST5_Q75_lddt	B8YHZ8_Q75_lddt	1.011E+00	9.996E-01	9.996E-01	91.900	87	87	87
E9NST5_Q75_lddt	Q5I6D4_Q75_lddt	1.011E+00	9.995E-01	9.995E-01	93.100	87	87	87
E9NST5_Q75_lddt	Q2YHX8_Q75_lddt	1.011E+00	9.995E-01	9.995E-01	93.100	87	87	87
E9NST5_Q75_lddt	A0A455LS80_Q75_lddt	1.011E+00	9.995E-01	9.995E-01	95.400	87	87	87
E9NST5_Q75_lddt	B5D620_Q75_lddt	1.011E+00	9.995E-01	9.995E-01	91.900	87	87	87
E9NST5_Q75_lddt	Q2YHX6_Q75_lddt	1.011E+00	9.995E-01	9.995E-01	93.100	87	87	87
E9NST5_Q75_lddt	Q84H47_Q75_lddt	1.011E+00	9.993E-01	9.993E-01	98.800	87	87	87
E9NST5_Q75_lddt	Q2YHZ5_Q75_lddt	1.011E+00	9.993E-01	9.993E-01	91.900	87	87	87
E9NST5_Q75_lddt	Q6ZY77_Q75_lddt	1.011E+00	9.992E-01	9.992E-01	90.800	87	87	87
E9NST5_Q75_lddt	Q2YHZ3_Q75_lddt	1.011E+00	9.992E-01	9.992E-01	91.900	87	87	87
E9NST5_Q75_lddt	Q2YHZ2_Q75_lddt	1.011E+00	9.992E-01	9.992E-01	91.900	87	87	87
E9NST5_Q75_lddt	Q2YHZ0_Q75_lddt	1.011E+00	9.992E-01	9.992E-01	91.900	87	87	87
E9NST5_Q75_lddt	Q5PU78_Q75_lddt	1.011E+00	9.992E-01	9.992E-01	91.900	87	87	87
E9NST5_Q75_lddt	Q6ZY74_Q75_lddt	1.011E+00	9.992E-01	9.992E-01	91.900	87	87	87
E9NST5_Q75_lddt	Q8VQV7_Q75_lddt	1.011E+00	9.991E-01	9.991E-01	98.800	87	87	87
E9NST5_Q75_lddt	Q6R5M7_Q75_lddt	1.011E+00	9.990E-01	9.990E-01	91.900	87	87	87
E9NST5_Q75_lddt	Q2YHY7_Q75_lddt	1.010E+00	9.989E-01	9.989E-01	91.900	87	87	87
E9NST5_Q75_lddt	Q6ZY58_Q75_lddt	1.010E+00	9.988E-01	9.988E-01	90.800	87	87	87
E9NST5_Q75_lddt	Q9R429_Q75_lddt	1.010E+00	9.987E-01	9.987E-01	77.000	87	87	87
E9NST5_Q75_lddt	Q8GHI3_Q75_lddt	1.010E+00	9.986E-01	9.986E-01	75.800	87	87	87
E9NST5_Q75_lddt	AF-Q6W7F0-F1-model_v4_Q75_lddt	1.010E+00	9.984E-01	9.984E-01	82.700	87	87	87
E9NST5_Q75_lddt	H9AXM1_Q75_lddt	1.010E+00	9.983E-01	9.983E-01	73.500	87	87	87
E9NST5_Q75_lddt	OKP-D-1_Q75_lddt	1.009E+00	9.970E-01	9.970E-01	91.900	87	87	87
E9NST5_Q75_lddt	OKP-C-1_Q75_lddt	1.010E+00	9.870E-01	9.985E-01	89.600	87	87	86
E9NST5_Q75_lddt	C0LSK3_Q75_lddt	1.010E+00	9.869E-01	9.983E-01	91.800	87	86	86
E9NST5_Q75_lddt	Q939H3_Q75_lddt	1.011E+00	9.999E-01	9.774E-01	97.700	87	87	89
E9NST5_Q75_lddt	Q0PGR7_Q75_lddt	1.011E+00	9.996E-01	9.772E-01	90.800	87	87	89
E9NST5_Q75_lddt	A0ZX80_Q75_lddt	1.011E+00	9.996E-01	9.771E-01	90.800	87	87	89
E9NST5_Q75_lddt	D5LGB4_Q75_lddt	1.011E+00	9.995E-01	9.771E-01	90.800	87	87	89
E9NST5_Q75_lddt	A0ZX91_Q75_lddt	1.011E+00	9.995E-01	9.771E-01	90.800	87	87	89
E9NST5_Q75_lddt	S4TWB0_Q75_lddt	1.011E+00	9.995E-01	9.771E-01	90.800	87	87	89
E9NST5_Q75_lddt	A0A2P9E069_Q75_lddt	1.011E+00	9.995E-01	9.771E-01	90.800	87	87	89
E9NST5_Q75_lddt	B9U2I6_Q75_lddt	1.011E+00	9.995E-01	9.771E-01	90.800	87	87	89
E9NST5_Q75_lddt	Q8VP57_Q75_lddt	1.011E+00	9.995E-01	9.770E-01	90.800	87	87	89
E9NST5_Q75_lddt	E5Q900_Q75_lddt	1.011E+00	9.995E-01	9.770E-01	90.800	87	87	89
E9NST5_Q75_lddt	A3FFR2_Q75_lddt	1.011E+00	9.994E-01	9.769E-01	90.800	87	87	89
E9NST5_Q75_lddt	Q2MJC2_Q75_lddt	1.011E+00	9.991E-01	9.767E-01	90.800	87	87	89
E9NST5_Q75_lddt	H2ERK9_Q75_lddt	1.011E+00	9.990E-01	9.766E-01	90.800	87	87	89
E9NST5_Q75_lddt	A0A097BQY7_Q75_lddt	1.011E+00	9.990E-01	9.766E-01	90.800	87	87	89
E9NST5_Q75_lddt	B0FP98_Q75_lddt	1.011E+00	9.990E-01	9.766E-01	89.600	87	87	89
E9NST5_Q75_lddt	F8SQ10_Q75_lddt	1.011E+00	9.989E-01	9.765E-01	90.800	87	87	89
E9NST5_Q75_lddt	Q939H5_Q75_lddt	1.010E+00	9.989E-01	9.764E-01	89.600	87	87	89
E9NST5_Q75_lddt	C8CE59_Q75_lddt	1.011E+00	9.760E-01	9.990E-01	88.500	87	87	85
E9NST5_Q75_lddt	Q8VP67_Q75_lddt	1.010E+00	9.987E-01	9.763E-01	90.800	87	87	89
E9NST5_Q75_lddt	C8CE60_Q75_lddt	1.011E+00	9.759E-01	9.989E-01	88.500	87	87	85
E9NST5_Q75_lddt	J7HZA4_Q75_lddt	1.010E+00	9.987E-01	9.762E-01	89.600	87	87	89
E9NST5_Q75_lddt	Q8KRG7_Q75_lddt	1.010E+00	9.986E-01	9.762E-01	90.800	87	87	89
E9NST5_Q75_lddt	O33677_Q75_lddt	1.004E+00	9.814E-01	9.928E-01	74.700	87	87	86
E9NST5_Q75_lddt	E5G517_Q75_lddt	1.006E+00	9.940E-01	9.717E-01	89.600	87	87	89
E9NST5_Q75_lddt	AF-A0A867XYA1-F1-model_v4_Q75_lddt	1.010E+00	9.870E-01	9.758E-01	82.700	87	87	88
E9NST5_Q75_lddt	AF-P18251-F1-model_v4_Q75_lddt	1.009E+00	9.858E-01	9.747E-01	86.200	87	87	88
E9NST5_Q75_lddt	B7FDD9_Q75_lddt	1.010E+00	9.408E-01	9.981E-01	85.000	87	87	82
E9NST5_Q75_lddt	P14171_Q75_lddt	9.923E-01	9.587E-01	9.808E-01	52.800	87	87	85
E9NST5_Q75_lddt	Q3SAW3_Q75_lddt	9.953E-01	9.503E-01	9.837E-01	51.700	87	87	84
E9NST5_Q75_lddt	C5HUY1_Q75_lddt	9.944E-01	9.494E-01	9.828E-01	48.200	87	87	84
E9NST5_Q75_lddt	C6GC02_Q75_lddt	9.943E-01	9.494E-01	9.827E-01	47.100	87	87	84
E9NST5_Q75_lddt	A0A097ZLX5_Q75_lddt	9.942E-01	9.493E-01	9.826E-01	48.200	87	87	84
E9NST5_Q75_lddt	AF-A0A1J0HSJ3-F1-model_v4_Q75_lddt	1.002E+00	9.335E-01	9.899E-01	54.000	87	87	82
E9NST5_Q75_lddt	AF-A0A3G1JAD7-F1-model_v4_Q75_lddt	1.001E+00	9.327E-01	9.889E-01	54.000	87	87	82
E9NST5_Q75_lddt	GES-44_Q75_lddt	9.925E-01	9.477E-01	9.809E-01	48.200	87	87	84
E9NST5_Q75_lddt	GES-41_Q75_lddt	9.923E-01	9.475E-01	9.807E-01	48.200	87	87	84
E9NST5_Q75_lddt	SGM-3_Q75_lddt	9.942E-01	9.493E-01	9.712E-01	51.700	87	87	85
E9NST5_Q75_lddt	SGM-2_Q75_lddt	9.939E-01	9.490E-01	9.710E-01	51.700	87	87	85
E9NST5_Q75_lddt	PER-16_Q75_lddt	9.863E-01	9.421E-01	9.749E-01	41.300	87	87	84
E9NST5_Q75_lddt	AF-E2D9D5-F1-model_v4_Q75_lddt	9.852E-01	9.411E-01	9.738E-01	29.800	87	87	84
E9NST5_Q75_lddt	AF-A0A886X7X6-F1-model_v6_Q75_lddt	9.879E-01	9.435E-01	9.652E-01	32.100	87	87	85
E9NST5_Q75_lddt	Q9AMJ7_Q75_lddt	9.878E-01	9.323E-01	9.761E-01	28.700	87	87	83
E9NST5_Q75_lddt	A1YTM5_Q75_lddt	9.873E-01	9.318E-01	9.757E-01	28.700	87	87	83
E9NST5_Q75_lddt	A0A1W5QH29_Q75_lddt	9.781E-01	9.455E-01	9.670E-01	36.700	87	87	85
E9NST5_Q75_lddt	SGM-5_Q75_lddt	9.862E-01	9.419E-01	9.636E-01	50.500	87	87	85
E9NST5_Q75_lddt	RAA-1_Q75_lddt	9.861E-01	9.308E-01	9.745E-01	31.000	87	87	83
E9NST5_Q75_lddt	A0A2Z2Z6H0_Q75_lddt	9.815E-01	9.376E-01	9.701E-01	45.900	87	87	84
E9NST5_Q75_lddt	A0A1W5QCF3_Q75_lddt	9.772E-01	9.446E-01	9.661E-01	36.700	87	87	85
E9NST5_Q75_lddt	D5HSX5_Q75_lddt	9.852E-01	9.299E-01	9.736E-01	39.000	87	87	83
E9NST5_Q75_lddt	AF-Q1NAL0-F1-model_v4_Q75_lddt	9.848E-01	9.407E-01	9.622E-01	51.700	87	87	85
E9NST5_Q75_lddt	A0A3Q8G682_Q75_lddt	9.692E-01	9.476E-01	9.583E-01	54.000	87	87	86
E9NST5_Q75_lddt	F8T7L4_Q75_lddt	9.841E-01	9.289E-01	9.725E-01	36.700	87	87	83
E9NST5_Q75_lddt	Q5XQD3_Q75_lddt	9.839E-01	9.288E-01	9.724E-01	37.900	87	87	83
E9NST5_Q75_lddt	P74842_Q75_lddt	9.837E-01	9.286E-01	9.722E-01	39.000	87	87	83
E9NST5_Q75_lddt	Q8VT49_Q75_lddt	9.830E-01	9.280E-01	9.715E-01	31.000	87	87	83
E9NST5_Q75_lddt	A0A1W5QG57_Q75_lddt	9.742E-01	9.418E-01	9.631E-01	36.700	87	87	85
E9NST5_Q75_lddt	Q5W3A6_Q75_lddt	9.782E-01	9.347E-01	9.670E-01	33.300	87	87	84
E9NST5_Q75_lddt	Q9XBM2_Q75_lddt	9.672E-01	9.457E-01	9.563E-01	40.200	87	87	86
E9NST5_Q75_lddt	AF-A0A0D0F642-F1-model_v4_Q75_lddt	9.819E-01	9.270E-01	9.704E-01	32.100	87	87	83
E9NST5_Q75_lddt	AF-E4WMC5-F1-model_v6_Q75_lddt	9.788E-01	9.242E-01	9.674E-01	36.700	87	87	83
E9NST5_Q75_lddt	G9MB50_Q75_lddt	9.785E-01	9.240E-01	9.671E-01	29.800	87	87	83
E9NST5_Q75_lddt	G9M9P7_Q75_lddt	9.780E-01	9.236E-01	9.666E-01	29.800	87	87	83
E9NST5_Q75_lddt	G9MB49_Q75_lddt	9.777E-01	9.233E-01	9.663E-01	31.000	87	87	83
E9NST5_Q75_lddt	A0A0E0SR47_Q75_lddt	9.693E-01	9.372E-01	9.584E-01	40.200	87	87	85
E9NST5_Q75_lddt	AF-A0A8E9ZWD0-F1-model_v6_Q75_lddt	9.751E-01	9.318E-01	9.529E-01	31.000	87	87	85
E9NST5_Q75_lddt	AF-J9QX37-F1-model_v4_Q75_lddt	9.824E-01	9.055E-01	9.706E-01	28.700	87	87	81
E9NST5_Q75_lddt	Q9RAZ9_Q75_lddt	9.776E-01	9.123E-01	9.661E-01	31.000	87	87	82
E9NST5_Q75_lddt	Q9X6W1_Q75_lddt	9.715E-01	9.175E-01	9.602E-01	33.300	87	87	83
E9NST5_Q75_lddt	AF-F4NA56-F1-model_v4_Q75_lddt	9.641E-01	9.323E-01	9.533E-01	36.700	87	87	85
E9NST5_Q75_lddt	A0A0B6VPP7_Q75_lddt	9.685E-01	9.149E-01	9.573E-01	31.000	87	87	83
E9NST5_Q75_lddt	B5L5W7_Q75_lddt	9.679E-01	9.357E-01	9.357E-01	35.600	87	87	87
E9NST5_Q75_lddt	AF-A0A127SQY3-F1-model_v6_Q75_lddt	9.548E-01	9.024E-01	9.438E-01	25.200	87	87	83
E9NST5_Q75_lddt	Q57509_Q75_lddt	9.509E-01	8.985E-01	9.292E-01	28.400	87	88	84
E9NST5_Q75_lddt	C8C0I2_Q75_lddt	9.478E-01	8.960E-01	9.370E-01	32.100	87	87	83
E9NST5_Q75_lddt	C8C0D8_Q75_lddt	9.176E-01	8.977E-01	9.075E-01	23.500	87	89	86
E9NST5_Q75_lddt	Q9X4S7_Q75_lddt	9.154E-01	8.956E-01	9.054E-01	25.800	87	89	86
D5HSX5_Q75_lddt	D5HSX5_Q75_lddt	1.012E+00	1.000E+00	1.000E+00	100.000	83	83	83
D5HSX5_Q75_lddt	P74842_Q75_lddt	1.012E+00	9.995E-01	9.995E-01	92.700	83	83	83
D5HSX5_Q75_lddt	F8T7L4_Q75_lddt	1.012E+00	9.994E-01	9.994E-01	90.300	83	83	83
D5HSX5_Q75_lddt	Q5XQD3_Q75_lddt	1.012E+00	9.993E-01	9.993E-01	89.100	83	83	83
D5HSX5_Q75_lddt	PER-16_Q75_lddt	1.010E+00	9.976E-01	9.857E-01	90.400	83	84	84
D5HSX5_Q75_lddt	Q9AMJ7_Q75_lddt	9.985E-01	9.866E-01	9.866E-01	51.800	83	83	83
D5HSX5_Q75_lddt	A1YTM5_Q75_lddt	9.982E-01	9.864E-01	9.864E-01	51.800	83	83	83
D5HSX5_Q75_lddt	AF-A0A0D0F642-F1-model_v4_Q75_lddt	9.941E-01	9.823E-01	9.823E-01	57.800	83	83	83
D5HSX5_Q75_lddt	RAA-1_Q75_lddt	9.906E-01	9.789E-01	9.789E-01	45.700	83	83	83
D5HSX5_Q75_lddt	AF-E2D9D5-F1-model_v4_Q75_lddt	9.938E-01	9.820E-01	9.706E-01	45.200	83	84	84
D5HSX5_Q75_lddt	AF-E4WMC5-F1-model_v6_Q75_lddt	9.885E-01	9.769E-01	9.769E-01	56.600	83	83	83
D5HSX5_Q75_lddt	Q9X6W1_Q75_lddt	9.856E-01	9.740E-01	9.740E-01	49.300	83	83	83
D5HSX5_Q75_lddt	Q3SAW3_Q75_lddt	9.909E-01	9.792E-01	9.677E-01	36.900	83	84	84
D5HSX5_Q75_lddt	Q8VT49_Q75_lddt	9.863E-01	9.747E-01	9.747E-01	46.900	83	83	83
D5HSX5_Q75_lddt	AF-A0A886X7X6-F1-model_v6_Q75_lddt	9.936E-01	9.818E-01	9.591E-01	59.500	83	84	85
D5HSX5_Q75_lddt	AF-A0A3G1JAD7-F1-model_v4_Q75_lddt	9.892E-01	9.659E-01	9.774E-01	39.700	83	83	82
D5HSX5_Q75_lddt	AF-A0A1J0HSJ3-F1-model_v4_Q75_lddt	9.889E-01	9.656E-01	9.771E-01	44.500	83	83	82
D5HSX5_Q75_lddt	A0A0B6VPP7_Q75_lddt	9.818E-01	9.703E-01	9.703E-01	49.300	83	83	83
D5HSX5_Q75_lddt	GES-44_Q75_lddt	9.880E-01	9.764E-01	9.650E-01	39.200	83	84	84
D5HSX5_Q75_lddt	Q9RAZ9_Q75_lddt	9.880E-01	9.648E-01	9.763E-01	42.100	83	83	82
D5HSX5_Q75_lddt	G9MB50_Q75_lddt	9.825E-01	9.710E-01	9.710E-01	48.100	83	83	83
D5HSX5_Q75_lddt	GES-41_Q75_lddt	9.867E-01	9.751E-01	9.638E-01	39.200	83	84	84
D5HSX5_Q75_lddt	G9MB49_Q75_lddt	9.810E-01	9.695E-01	9.695E-01	48.100	83	83	83
D5HSX5_Q75_lddt	G9M9P7_Q75_lddt	9.808E-01	9.694E-01	9.694E-01	46.900	83	83	83
D5HSX5_Q75_lddt	SGM-2_Q75_lddt	9.885E-01	9.768E-01	9.543E-01	45.200	83	84	85
D5HSX5_Q75_lddt	B7FDD9_Q75_lddt	9.850E-01	9.619E-01	9.733E-01	42.100	83	83	82
D5HSX5_Q75_lddt	Q5W3A6_Q75_lddt	9.846E-01	9.730E-01	9.618E-01	42.800	83	84	84
D5HSX5_Q75_lddt	A0A097ZLX5_Q75_lddt	9.846E-01	9.731E-01	9.618E-01	39.200	83	84	84
D5HSX5_Q75_lddt	C5HUY1_Q75_lddt	9.845E-01	9.730E-01	9.617E-01	39.200	83	84	84
D5HSX5_Q75_lddt	SGM-3_Q75_lddt	9.879E-01	9.763E-01	9.538E-01	45.200	83	84	85
D5HSX5_Q75_lddt	AF-J9QX37-F1-model_v4_Q75_lddt	9.886E-01	9.537E-01	9.767E-01	30.100	83	83	81
D5HSX5_Q75_lddt	C6GC02_Q75_lddt	9.840E-01	9.725E-01	9.612E-01	38.000	83	84	84
D5HSX5_Q75_lddt	AF-Q1NAL0-F1-model_v4_Q75_lddt	9.843E-01	9.728E-01	9.505E-01	45.200	83	84	85
D5HSX5_Q75_lddt	AF-A0A8E9ZWD0-F1-model_v6_Q75_lddt	9.842E-01	9.727E-01	9.504E-01	51.100	83	84	85
D5HSX5_Q75_lddt	A0A2Z2Z6H0_Q75_lddt	9.803E-01	9.688E-01	9.576E-01	40.400	83	84	84
D5HSX5_Q75_lddt	C8CE59_Q75_lddt	9.833E-01	9.718E-01	9.495E-01	42.300	83	85	85
D5HSX5_Q75_lddt	SGM-5_Q75_lddt	9.830E-01	9.715E-01	9.493E-01	46.400	83	84	85
D5HSX5_Q75_lddt	C8CE60_Q75_lddt	9.821E-01	9.706E-01	9.484E-01	42.300	83	85	85
D5HSX5_Q75_lddt	OKP-C-1_Q75_lddt	9.852E-01	9.736E-01	9.405E-01	41.800	83	86	86
D5HSX5_Q75_lddt	Q9R429_Q75_lddt	9.882E-01	9.766E-01	9.326E-01	41.300	83	87	87
D5HSX5_Q75_lddt	Q8GHI3_Q75_lddt	9.881E-01	9.765E-01	9.326E-01	41.300	83	87	87
D5HSX5_Q75_lddt	AF-Q6W7F0-F1-model_v4_Q75_lddt	9.879E-01	9.763E-01	9.324E-01	42.500	83	87	87
D5HSX5_Q75_lddt	H9AXM1_Q75_lddt	9.872E-01	9.756E-01	9.317E-01	41.300	83	87	87
D5HSX5_Q75_lddt	Q84H48_Q75_lddt	9.868E-01	9.752E-01	9.314E-01	40.200	83	87	87
D5HSX5_Q75_lddt	B8YHZ8_Q75_lddt	9.859E-01	9.743E-01	9.306E-01	40.200	83	87	87
D5HSX5_Q75_lddt	Q2YHY7_Q75_lddt	9.859E-01	9.743E-01	9.305E-01	40.200	83	87	87
D5HSX5_Q75_lddt	B5D620_Q75_lddt	9.856E-01	9.741E-01	9.304E-01	40.200	83	87	87
D5HSX5_Q75_lddt	Q5I6D4_Q75_lddt	9.855E-01	9.740E-01	9.303E-01	40.200	83	87	87
D5HSX5_Q75_lddt	Q84H47_Q75_lddt	9.855E-01	9.739E-01	9.302E-01	40.200	83	87	87
D5HSX5_Q75_lddt	Q8VQV7_Q75_lddt	9.854E-01	9.739E-01	9.302E-01	40.200	83	87	87
D5HSX5_Q75_lddt	Q2YHX6_Q75_lddt	9.854E-01	9.738E-01	9.301E-01	40.200	83	87	87
D5HSX5_Q75_lddt	Q2YHX8_Q75_lddt	9.853E-01	9.738E-01	9.301E-01	40.200	83	87	87
D5HSX5_Q75_lddt	B5D612_Q75_lddt	9.853E-01	9.738E-01	9.301E-01	41.300	83	87	87
D5HSX5_Q75_lddt	A0A455LP07_Q75_lddt	9.852E-01	9.736E-01	9.300E-01	40.200	83	87	87
D5HSX5_Q75_lddt	E9NST5_Q75_lddt	9.852E-01	9.736E-01	9.299E-01	39.000	83	87	87
D5HSX5_Q75_lddt	A0A455LP02_Q75_lddt	9.851E-01	9.736E-01	9.299E-01	40.200	83	87	87
D5HSX5_Q75_lddt	R4ISB3_Q75_lddt	9.848E-01	9.733E-01	9.296E-01	40.200	83	87	87
D5HSX5_Q75_lddt	A0A455LP13_Q75_lddt	9.848E-01	9.732E-01	9.296E-01	40.200	83	87	87
D5HSX5_Q75_lddt	A0A0P0IGT7_Q75_lddt	9.847E-01	9.732E-01	9.295E-01	41.300	83	87	87
D5HSX5_Q75_lddt	AF-A0A127SQY3-F1-model_v6_Q75_lddt	9.663E-01	9.550E-01	9.550E-01	36.100	83	83	83
D5HSX5_Q75_lddt	Q2YHZ3_Q75_lddt	9.843E-01	9.727E-01	9.291E-01	40.200	83	87	87
D5HSX5_Q75_lddt	Q2YHZ5_Q75_lddt	9.842E-01	9.727E-01	9.291E-01	40.200	83	87	87
D5HSX5_Q75_lddt	Q2YHZ0_Q75_lddt	9.842E-01	9.726E-01	9.291E-01	40.200	83	87	87
D5HSX5_Q75_lddt	Q2YHZ2_Q75_lddt	9.841E-01	9.726E-01	9.290E-01	40.200	83	87	87
D5HSX5_Q75_lddt	Q6ZY77_Q75_lddt	9.840E-01	9.725E-01	9.289E-01	40.200	83	87	87
D5HSX5_Q75_lddt	Q5PU78_Q75_lddt	9.839E-01	9.723E-01	9.288E-01	40.200	83	87	87
D5HSX5_Q75_lddt	A0A455LS80_Q75_lddt	9.838E-01	9.723E-01	9.287E-01	41.300	83	87	87
D5HSX5_Q75_lddt	OKP-D-1_Q75_lddt	9.835E-01	9.720E-01	9.285E-01	40.200	83	87	87
D5HSX5_Q75_lddt	Q6ZY74_Q75_lddt	9.831E-01	9.715E-01	9.280E-01	40.200	83	87	87
D5HSX5_Q75_lddt	AF-P18251-F1-model_v4_Q75_lddt	9.864E-01	9.748E-01	9.207E-01	40.600	83	86	88
D5HSX5_Q75_lddt	Q6R5M7_Q75_lddt	9.827E-01	9.711E-01	9.277E-01	40.200	83	87	87
D5HSX5_Q75_lddt	Q6ZY58_Q75_lddt	9.820E-01	9.705E-01	9.271E-01	39.000	83	87	87
D5HSX5_Q75_lddt	C0LSK3_Q75_lddt	9.861E-01	9.629E-01	9.301E-01	39.500	83	86	86
D5HSX5_Q75_lddt	P14171_Q75_lddt	9.736E-01	9.623E-01	9.404E-01	34.100	83	85	85
D5HSX5_Q75_lddt	AF-A0A867XYA1-F1-model_v4_Q75_lddt	9.829E-01	9.714E-01	9.176E-01	34.800	83	86	88
D5HSX5_Q75_lddt	A0ZX91_Q75_lddt	9.860E-01	9.744E-01	9.102E-01	41.300	83	87	89
D5HSX5_Q75_lddt	B9U2I6_Q75_lddt	9.860E-01	9.744E-01	9.102E-01	41.300	83	87	89
D5HSX5_Q75_lddt	Q8VP57_Q75_lddt	9.859E-01	9.743E-01	9.102E-01	41.300	83	87	89
D5HSX5_Q75_lddt	A3FFR2_Q75_lddt	9.859E-01	9.743E-01	9.102E-01	41.300	83	87	89
D5HSX5_Q75_lddt	S4TWB0_Q75_lddt	9.858E-01	9.742E-01	9.101E-01	41.300	83	87	89
D5HSX5_Q75_lddt	D5LGB4_Q75_lddt	9.858E-01	9.742E-01	9.100E-01	41.300	83	87	89
D5HSX5_Q75_lddt	A0ZX80_Q75_lddt	9.857E-01	9.741E-01	9.100E-01	41.300	83	87	89
D5HSX5_Q75_lddt	A0A2P9E069_Q75_lddt	9.856E-01	9.741E-01	9.099E-01	41.300	83	87	89
D5HSX5_Q75_lddt	E5Q900_Q75_lddt	9.855E-01	9.739E-01	9.098E-01	41.300	83	87	89
D5HSX5_Q75_lddt	F8SQ10_Q75_lddt	9.852E-01	9.737E-01	9.096E-01	41.300	83	87	89
D5HSX5_Q75_lddt	O33677_Q75_lddt	9.705E-01	9.591E-01	9.265E-01	40.200	83	87	86
D5HSX5_Q75_lddt	Q939H3_Q75_lddt	9.852E-01	9.737E-01	9.096E-01	40.200	83	87	89
D5HSX5_Q75_lddt	Q0PGR7_Q75_lddt	9.852E-01	9.736E-01	9.096E-01	41.300	83	87	89
D5HSX5_Q75_lddt	C8C0I2_Q75_lddt	9.563E-01	9.452E-01	9.452E-01	46.400	83	84	83
D5HSX5_Q75_lddt	Q939H5_Q75_lddt	9.847E-01	9.731E-01	9.091E-01	41.300	83	87	89
D5HSX5_Q75_lddt	E5G517_Q75_lddt	9.843E-01	9.727E-01	9.087E-01	41.300	83	87	89
D5HSX5_Q75_lddt	Q57509_Q75_lddt	9.605E-01	9.493E-01	9.384E-01	46.400	83	84	84
D5HSX5_Q75_lddt	H2ERK9_Q75_lddt	9.835E-01	9.720E-01	9.081E-01	41.300	83	87	89
D5HSX5_Q75_lddt	Q2MJC2_Q75_lddt	9.835E-01	9.720E-01	9.081E-01	41.300	83	87	89
D5HSX5_Q75_lddt	B0FP98_Q75_lddt	9.831E-01	9.716E-01	9.078E-01	41.300	83	87	89
D5HSX5_Q75_lddt	A0A097BQY7_Q75_lddt	9.830E-01	9.715E-01	9.076E-01	41.300	83	87	89
D5HSX5_Q75_lddt	Q8VP67_Q75_lddt	9.818E-01	9.703E-01	9.066E-01	41.300	83	87	89
D5HSX5_Q75_lddt	Q8KRG7_Q75_lddt	9.814E-01	9.699E-01	9.063E-01	41.300	83	87	89
D5HSX5_Q75_lddt	J7HZA4_Q75_lddt	9.813E-01	9.699E-01	9.063E-01	41.300	83	87	89
D5HSX5_Q75_lddt	B5L5W7_Q75_lddt	9.637E-01	9.525E-01	9.103E-01	41.100	83	85	87
D5HSX5_Q75_lddt	A0A0E0SR47_Q75_lddt	9.501E-01	9.391E-01	9.178E-01	34.400	83	87	85
D5HSX5_Q75_lddt	Q9XBM2_Q75_lddt	9.541E-01	9.430E-01	9.113E-01	31.000	83	87	86
D5HSX5_Q75_lddt	AF-F4NA56-F1-model_v4_Q75_lddt	9.477E-01	9.367E-01	9.155E-01	29.800	83	87	85
D5HSX5_Q75_lddt	C8C0D8_Q75_lddt	9.503E-01	9.393E-01	9.078E-01	37.900	83	87	86
D5HSX5_Q75_lddt	A0A1W5QH29_Q75_lddt	9.446E-01	9.337E-01	9.126E-01	36.700	83	87	85
D5HSX5_Q75_lddt	A0A1W5QCF3_Q75_lddt	9.440E-01	9.331E-01	9.121E-01	36.700	83	87	85
D5HSX5_Q75_lddt	A0A3Q8G682_Q75_lddt	9.478E-01	9.369E-01	9.055E-01	40.200	83	87	86
D5HSX5_Q75_lddt	Q9X4S7_Q75_lddt	9.461E-01	9.352E-01	9.039E-01	37.900	83	87	86
D5HSX5_Q75_lddt	A0A1W5QG57_Q75_lddt	9.398E-01	9.290E-01	9.082E-01	36.700	83	87	85
H2ERK9_Q75_lddt	H2ERK9_Q75_lddt	1.011E+00	1.000E+00	1.000E+00	100.000	89	89	89
H2ERK9_Q75_lddt	B0FP98_Q75_lddt	1.011E+00	9.998E-01	9.998E-01	98.800	89	89	89
H2ERK9_Q75_lddt	S4TWB0_Q75_lddt	1.011E+00	9.996E-01	9.996E-01	100.000	89	89	89
H2ERK9_Q75_lddt	E5Q900_Q75_lddt	1.011E+00	9.996E-01	9.996E-01	100.000	89	89	89
H2ERK9_Q75_lddt	B9U2I6_Q75_lddt	1.011E+00	9.996E-01	9.996E-01	100.000	89	89	89
H2ERK9_Q75_lddt	Q939H5_Q75_lddt	1.011E+00	9.996E-01	9.996E-01	98.800	89	89	89
H2ERK9_Q75_lddt	A0A2P9E069_Q75_lddt	1.011E+00	9.996E-01	9.996E-01	100.000	89	89	89
H2ERK9_Q75_lddt	Q8VP57_Q75_lddt	1.011E+00	9.996E-01	9.996E-01	100.000	89	89	89
H2ERK9_Q75_lddt	A0ZX91_Q75_lddt	1.011E+00	9.996E-01	9.996E-01	100.000	89	89	89
H2ERK9_Q75_lddt	A0ZX80_Q75_lddt	1.011E+00	9.996E-01	9.996E-01	100.000	89	89	89
H2ERK9_Q75_lddt	Q8VP67_Q75_lddt	1.011E+00	9.996E-01	9.996E-01	100.000	89	89	89
H2ERK9_Q75_lddt	D5LGB4_Q75_lddt	1.011E+00	9.995E-01	9.995E-01	100.000	89	89	89
H2ERK9_Q75_lddt	J7HZA4_Q75_lddt	1.011E+00	9.995E-01	9.995E-01	98.800	89	89	89
H2ERK9_Q75_lddt	A3FFR2_Q75_lddt	1.011E+00	9.994E-01	9.994E-01	100.000	89	89	89
H2ERK9_Q75_lddt	Q8KRG7_Q75_lddt	1.011E+00	9.994E-01	9.994E-01	98.800	89	89	89
H2ERK9_Q75_lddt	Q0PGR7_Q75_lddt	1.011E+00	9.994E-01	9.994E-01	98.800	89	89	89
H2ERK9_Q75_lddt	F8SQ10_Q75_lddt	1.010E+00	9.991E-01	9.991E-01	100.000	89	89	89
H2ERK9_Q75_lddt	A0A097BQY7_Q75_lddt	1.010E+00	9.990E-01	9.990E-01	100.000	89	89	89
H2ERK9_Q75_lddt	Q2MJC2_Q75_lddt	1.010E+00	9.990E-01	9.990E-01	100.000	89	89	89
H2ERK9_Q75_lddt	Q939H3_Q75_lddt	1.010E+00	9.987E-01	9.987E-01	92.100	89	89	89
H2ERK9_Q75_lddt	E5G517_Q75_lddt	1.005E+00	9.940E-01	9.940E-01	98.800	89	89	89
H2ERK9_Q75_lddt	AF-A0A867XYA1-F1-model_v4_Q75_lddt	1.009E+00	9.861E-01	9.973E-01	88.700	89	89	88
H2ERK9_Q75_lddt	AF-P18251-F1-model_v4_Q75_lddt	1.007E+00	9.844E-01	9.956E-01	95.500	89	89	88
H2ERK9_Q75_lddt	Q6R5M7_Q75_lddt	1.011E+00	9.768E-01	9.993E-01	94.200	89	87	87
H2ERK9_Q75_lddt	Q2YHX6_Q75_lddt	1.011E+00	9.768E-01	9.993E-01	95.400	89	87	87
H2ERK9_Q75_lddt	Q6ZY74_Q75_lddt	1.011E+00	9.768E-01	9.993E-01	94.200	89	87	87
H2ERK9_Q75_lddt	Q5I6D4_Q75_lddt	1.011E+00	9.768E-01	9.992E-01	95.400	89	87	87
H2ERK9_Q75_lddt	A0A0P0IGT7_Q75_lddt	1.011E+00	9.768E-01	9.992E-01	93.100	89	87	87
H2ERK9_Q75_lddt	Q2YHX8_Q75_lddt	1.011E+00	9.767E-01	9.992E-01	95.400	89	87	87
H2ERK9_Q75_lddt	B8YHZ8_Q75_lddt	1.011E+00	9.767E-01	9.992E-01	94.200	89	87	87
H2ERK9_Q75_lddt	B5D620_Q75_lddt	1.011E+00	9.767E-01	9.992E-01	94.200	89	87	87
H2ERK9_Q75_lddt	B5D612_Q75_lddt	1.011E+00	9.767E-01	9.991E-01	93.100	89	87	87
H2ERK9_Q75_lddt	A0A455LP07_Q75_lddt	1.011E+00	9.766E-01	9.991E-01	93.100	89	87	87
H2ERK9_Q75_lddt	A0A455LP13_Q75_lddt	1.011E+00	9.766E-01	9.991E-01	93.100	89	87	87
H2ERK9_Q75_lddt	E9NST5_Q75_lddt	1.011E+00	9.766E-01	9.990E-01	90.800	89	87	87
H2ERK9_Q75_lddt	A0A455LP02_Q75_lddt	1.011E+00	9.766E-01	9.990E-01	93.100	89	87	87
H2ERK9_Q75_lddt	R4ISB3_Q75_lddt	1.011E+00	9.765E-01	9.990E-01	93.100	89	87	87
H2ERK9_Q75_lddt	Q5PU78_Q75_lddt	1.011E+00	9.765E-01	9.990E-01	94.200	89	87	87
H2ERK9_Q75_lddt	Q6ZY77_Q75_lddt	1.011E+00	9.765E-01	9.989E-01	93.100	89	87	87
H2ERK9_Q75_lddt	Q2YHZ2_Q75_lddt	1.011E+00	9.765E-01	9.989E-01	94.200	89	87	87
H2ERK9_Q75_lddt	Q2YHZ5_Q75_lddt	1.011E+00	9.765E-01	9.989E-01	94.200	89	87	87
H2ERK9_Q75_lddt	Q2YHZ0_Q75_lddt	1.010E+00	9.764E-01	9.988E-01	94.200	89	87	87
H2ERK9_Q75_lddt	Q2YHZ3_Q75_lddt	1.010E+00	9.764E-01	9.988E-01	94.200	89	87	87
H2ERK9_Q75_lddt	A0A455LS80_Q75_lddt	1.010E+00	9.764E-01	9.988E-01	94.200	89	87	87
H2ERK9_Q75_lddt	Q6ZY58_Q75_lddt	1.010E+00	9.762E-01	9.986E-01	93.100	89	87	87
H2ERK9_Q75_lddt	Q84H48_Q75_lddt	1.010E+00	9.760E-01	9.984E-01	91.900	89	87	87
H2ERK9_Q75_lddt	Q8GHI3_Q75_lddt	1.010E+00	9.758E-01	9.982E-01	80.400	89	87	87
H2ERK9_Q75_lddt	Q9R429_Q75_lddt	1.010E+00	9.757E-01	9.981E-01	81.600	89	87	87
H2ERK9_Q75_lddt	Q2YHY7_Q75_lddt	1.010E+00	9.756E-01	9.980E-01	94.200	89	87	87
H2ERK9_Q75_lddt	Q84H47_Q75_lddt	1.009E+00	9.755E-01	9.979E-01	91.900	89	87	87
H2ERK9_Q75_lddt	H9AXM1_Q75_lddt	1.009E+00	9.754E-01	9.978E-01	78.100	89	87	87
H2ERK9_Q75_lddt	Q8VQV7_Q75_lddt	1.009E+00	9.752E-01	9.976E-01	91.900	89	87	87
H2ERK9_Q75_lddt	AF-Q6W7F0-F1-model_v4_Q75_lddt	1.009E+00	9.750E-01	9.973E-01	83.900	89	87	87
H2ERK9_Q75_lddt	OKP-D-1_Q75_lddt	1.007E+00	9.736E-01	9.959E-01	91.900	89	87	87
H2ERK9_Q75_lddt	OKP-C-1_Q75_lddt	1.010E+00	9.643E-01	9.979E-01	96.500	89	87	86
H2ERK9_Q75_lddt	C0LSK3_Q75_lddt	1.009E+00	9.637E-01	9.972E-01	94.100	89	86	86
H2ERK9_Q75_lddt	C8CE59_Q75_lddt	1.011E+00	9.544E-01	9.993E-01	97.700	89	87	85
H2ERK9_Q75_lddt	C8CE60_Q75_lddt	1.011E+00	9.543E-01	9.992E-01	97.700	89	87	85
H2ERK9_Q75_lddt	O33677_Q75_lddt	1.003E+00	9.586E-01	9.918E-01	79.300	89	87	86
H2ERK9_Q75_lddt	B7FDD9_Q75_lddt	1.009E+00	9.189E-01	9.971E-01	94.200	89	87	82
H2ERK9_Q75_lddt	P14171_Q75_lddt	9.908E-01	9.361E-01	9.794E-01	56.300	89	87	85
H2ERK9_Q75_lddt	Q3SAW3_Q75_lddt	9.930E-01	9.272E-01	9.814E-01	56.300	89	87	84
H2ERK9_Q75_lddt	C5HUY1_Q75_lddt	9.929E-01	9.271E-01	9.813E-01	49.400	89	87	84
H2ERK9_Q75_lddt	A0A097ZLX5_Q75_lddt	9.929E-01	9.271E-01	9.813E-01	49.400	89	87	84
H2ERK9_Q75_lddt	C6GC02_Q75_lddt	9.929E-01	9.271E-01	9.813E-01	48.200	89	87	84
H2ERK9_Q75_lddt	AF-A0A1J0HSJ3-F1-model_v4_Q75_lddt	1.000E+00	9.112E-01	9.881E-01	52.800	89	87	82
H2ERK9_Q75_lddt	GES-44_Q75_lddt	9.913E-01	9.257E-01	9.797E-01	49.400	89	87	84
H2ERK9_Q75_lddt	GES-41_Q75_lddt	9.910E-01	9.255E-01	9.794E-01	49.400	89	87	84
H2ERK9_Q75_lddt	AF-A0A3G1JAD7-F1-model_v4_Q75_lddt	9.990E-01	9.103E-01	9.870E-01	54.000	89	87	82
H2ERK9_Q75_lddt	SGM-3_Q75_lddt	9.930E-01	9.272E-01	9.701E-01	54.000	89	87	85
H2ERK9_Q75_lddt	SGM-2_Q75_lddt	9.927E-01	9.270E-01	9.698E-01	54.000	89	87	85
H2ERK9_Q75_lddt	PER-16_Q75_lddt	9.845E-01	9.198E-01	9.731E-01	41.300	89	87	84
H2ERK9_Q75_lddt	AF-E2D9D5-F1-model_v4_Q75_lddt	9.845E-01	9.198E-01	9.730E-01	31.000	89	87	84
H2ERK9_Q75_lddt	AF-A0A886X7X6-F1-model_v6_Q75_lddt	9.874E-01	9.223E-01	9.647E-01	32.100	89	87	85
H2ERK9_Q75_lddt	Q9AMJ7_Q75_lddt	9.866E-01	9.108E-01	9.750E-01	31.000	89	87	83
H2ERK9_Q75_lddt	A1YTM5_Q75_lddt	9.860E-01	9.103E-01	9.745E-01	31.000	89	87	83
H2ERK9_Q75_lddt	A0A1W5QH29_Q75_lddt	9.774E-01	9.242E-01	9.663E-01	37.900	89	87	85
H2ERK9_Q75_lddt	RAA-1_Q75_lddt	9.853E-01	9.097E-01	9.738E-01	33.300	89	87	83
H2ERK9_Q75_lddt	A0A1W5QCF3_Q75_lddt	9.764E-01	9.232E-01	9.652E-01	37.900	89	87	85
H2ERK9_Q75_lddt	SGM-5_Q75_lddt	9.844E-01	9.197E-01	9.618E-01	50.500	89	87	85
H2ERK9_Q75_lddt	A0A2Z2Z6H0_Q75_lddt	9.800E-01	9.158E-01	9.687E-01	47.100	89	87	84
H2ERK9_Q75_lddt	D5HSX5_Q75_lddt	9.835E-01	9.081E-01	9.720E-01	41.300	89	87	83
H2ERK9_Q75_lddt	AF-Q1NAL0-F1-model_v4_Q75_lddt	9.832E-01	9.186E-01	9.607E-01	54.000	89	87	85
H2ERK9_Q75_lddt	A0A3Q8G682_Q75_lddt	9.679E-01	9.258E-01	9.570E-01	54.000	89	87	86
H2ERK9_Q75_lddt	F8T7L4_Q75_lddt	9.824E-01	9.071E-01	9.709E-01	37.900	89	87	83
H2ERK9_Q75_lddt	Q5XQD3_Q75_lddt	9.822E-01	9.070E-01	9.707E-01	37.900	89	87	83
H2ERK9_Q75_lddt	Q9XBM2_Q75_lddt	9.672E-01	9.251E-01	9.563E-01	42.500	89	87	86
H2ERK9_Q75_lddt	A0A1W5QG57_Q75_lddt	9.737E-01	9.209E-01	9.627E-01	37.900	89	87	85
H2ERK9_Q75_lddt	P74842_Q75_lddt	9.818E-01	9.067E-01	9.703E-01	39.000	89	87	83
H2ERK9_Q75_lddt	Q8VT49_Q75_lddt	9.818E-01	9.067E-01	9.703E-01	31.000	89	87	83
H2ERK9_Q75_lddt	Q5W3A6_Q75_lddt	9.774E-01	9.136E-01	9.662E-01	34.400	89	87	84
H2ERK9_Q75_lddt	AF-A0A0D0F642-F1-model_v4_Q75_lddt	9.809E-01	9.059E-01	9.694E-01	32.100	89	87	83
H2ERK9_Q75_lddt	AF-E4WMC5-F1-model_v6_Q75_lddt	9.780E-01	9.033E-01	9.666E-01	35.600	89	87	83
H2ERK9_Q75_lddt	G9MB50_Q75_lddt	9.779E-01	9.034E-01	9.665E-01	31.000	89	87	83
H2ERK9_Q75_lddt	G9M9P7_Q75_lddt	9.773E-01	9.029E-01	9.659E-01	29.800	89	87	83
H2ERK9_Q75_lddt	G9MB49_Q75_lddt	9.771E-01	9.027E-01	9.657E-01	31.000	89	87	83
H2ERK9_Q75_lddt	A0A0E0SR47_Q75_lddt	9.684E-01	9.161E-01	9.574E-01	40.200	89	87	85
H2ERK9_Q75_lddt	AF-A0A8E9ZWD0-F1-model_v6_Q75_lddt	9.752E-01	9.116E-01	9.530E-01	31.000	89	87	85
H2ERK9_Q75_lddt	AF-J9QX37-F1-model_v4_Q75_lddt	9.810E-01	8.846E-01	9.693E-01	28.700	89	87	81
H2ERK9_Q75_lddt	Q9X6W1_Q75_lddt	9.706E-01	8.968E-01	9.593E-01	32.100	89	87	83
H2ERK9_Q75_lddt	AF-F4NA56-F1-model_v4_Q75_lddt	9.632E-01	9.114E-01	9.524E-01	37.900	89	87	85
H2ERK9_Q75_lddt	Q9RAZ9_Q75_lddt	9.758E-01	8.909E-01	9.643E-01	31.000	89	87	82
H2ERK9_Q75_lddt	A0A0B6VPP7_Q75_lddt	9.674E-01	8.940E-01	9.562E-01	31.000	89	87	83
H2ERK9_Q75_lddt	B5L5W7_Q75_lddt	9.670E-01	9.147E-01	9.349E-01	37.900	89	87	87
H2ERK9_Q75_lddt	AF-A0A127SQY3-F1-model_v6_Q75_lddt	9.550E-01	8.834E-01	9.441E-01	25.200	89	87	83
H2ERK9_Q75_lddt	C8C0I2_Q75_lddt	9.473E-01	8.763E-01	9.364E-01	32.100	89	87	83
H2ERK9_Q75_lddt	Q57509_Q75_lddt	9.490E-01	8.775E-01	9.274E-01	28.400	89	88	84
H2ERK9_Q75_lddt	C8C0D8_Q75_lddt	9.173E-01	8.784E-01	9.072E-01	25.800	89	89	86
H2ERK9_Q75_lddt	Q9X4S7_Q75_lddt	9.151E-01	8.763E-01	9.051E-01	28.000	89	89	86
Q2YHX6_Q75_lddt	Q2YHX6_Q75_lddt	1.012E+00	1.000E+00	1.000E+00	100.000	87	87	87
Q2YHX6_Q75_lddt	Q2YHX8_Q75_lddt	1.012E+00	9.999E-01	9.999E-01	100.000	87	87	87
Q2YHX6_Q75_lddt	Q5I6D4_Q75_lddt	1.012E+00	9.999E-01	9.999E-01	100.000	87	87	87
Q2YHX6_Q75_lddt	B5D620_Q75_lddt	1.012E+00	9.999E-01	9.999E-01	98.800	87	87	87
Q2YHX6_Q75_lddt	B8YHZ8_Q75_lddt	1.011E+00	9.999E-01	9.999E-01	98.800	87	87	87
Q2YHX6_Q75_lddt	Q5PU78_Q75_lddt	1.011E+00	9.997E-01	9.997E-01	98.800	87	87	87
Q2YHX6_Q75_lddt	Q2YHZ5_Q75_lddt	1.011E+00	9.996E-01	9.996E-01	98.800	87	87	87
Q2YHX6_Q75_lddt	Q6ZY77_Q75_lddt	1.011E+00	9.996E-01	9.996E-01	97.700	87	87	87
Q2YHX6_Q75_lddt	Q2YHZ2_Q75_lddt	1.011E+00	9.996E-01	9.996E-01	98.800	87	87	87
Q2YHX6_Q75_lddt	B5D612_Q75_lddt	1.011E+00	9.996E-01	9.996E-01	95.400	87	87	87
Q2YHX6_Q75_lddt	Q6R5M7_Q75_lddt	1.011E+00	9.996E-01	9.996E-01	98.800	87	87	87
Q2YHX6_Q75_lddt	A0A455LP07_Q75_lddt	1.011E+00	9.995E-01	9.995E-01	95.400	87	87	87
Q2YHX6_Q75_lddt	A0A455LP13_Q75_lddt	1.011E+00	9.995E-01	9.995E-01	95.400	87	87	87
Q2YHX6_Q75_lddt	Q2YHZ0_Q75_lddt	1.011E+00	9.995E-01	9.995E-01	98.800	87	87	87
Q2YHX6_Q75_lddt	Q2YHZ3_Q75_lddt	1.011E+00	9.995E-01	9.995E-01	98.800	87	87	87
Q2YHX6_Q75_lddt	Q6ZY74_Q75_lddt	1.011E+00	9.995E-01	9.995E-01	98.800	87	87	87
Q2YHX6_Q75_lddt	R4ISB3_Q75_lddt	1.011E+00	9.995E-01	9.995E-01	95.400	87	87	87
Q2YHX6_Q75_lddt	E9NST5_Q75_lddt	1.011E+00	9.995E-01	9.995E-01	93.100	87	87	87
Q2YHX6_Q75_lddt	A0A455LP02_Q75_lddt	1.011E+00	9.995E-01	9.995E-01	95.400	87	87	87
Q2YHX6_Q75_lddt	A0A0P0IGT7_Q75_lddt	1.011E+00	9.995E-01	9.995E-01	95.400	87	87	87
Q2YHX6_Q75_lddt	A0A455LS80_Q75_lddt	1.011E+00	9.993E-01	9.993E-01	96.500	87	87	87
Q2YHX6_Q75_lddt	Q2YHY7_Q75_lddt	1.011E+00	9.992E-01	9.992E-01	98.800	87	87	87
Q2YHX6_Q75_lddt	Q84H48_Q75_lddt	1.011E+00	9.992E-01	9.992E-01	94.200	87	87	87
Q2YHX6_Q75_lddt	Q6ZY58_Q75_lddt	1.011E+00	9.992E-01	9.992E-01	97.700	87	87	87
Q2YHX6_Q75_lddt	Q84H47_Q75_lddt	1.010E+00	9.989E-01	9.989E-01	94.200	87	87	87
Q2YHX6_Q75_lddt	Q9R429_Q75_lddt	1.010E+00	9.988E-01	9.988E-01	80.400	87	87	87
Q2YHX6_Q75_lddt	Q8GHI3_Q75_lddt	1.010E+00	9.987E-01	9.987E-01	79.300	87	87	87
Q2YHX6_Q75_lddt	Q8VQV7_Q75_lddt	1.010E+00	9.986E-01	9.986E-01	94.200	87	87	87
Q2YHX6_Q75_lddt	AF-Q6W7F0-F1-model_v4_Q75_lddt	1.010E+00	9.985E-01	9.985E-01	83.900	87	87	87
Q2YHX6_Q75_lddt	H9AXM1_Q75_lddt	1.010E+00	9.985E-01	9.985E-01	77.000	87	87	87
Q2YHX6_Q75_lddt	OKP-D-1_Q75_lddt	1.009E+00	9.972E-01	9.972E-01	96.500	87	87	87
Q2YHX6_Q75_lddt	C0LSK3_Q75_lddt	1.010E+00	9.873E-01	9.987E-01	98.800	87	86	86
Q2YHX6_Q75_lddt	OKP-C-1_Q75_lddt	1.010E+00	9.870E-01	9.985E-01	94.200	87	87	86
Q2YHX6_Q75_lddt	A0ZX80_Q75_lddt	1.011E+00	9.997E-01	9.772E-01	95.400	87	87	89
Q2YHX6_Q75_lddt	A0ZX91_Q75_lddt	1.011E+00	9.997E-01	9.772E-01	95.400	87	87	89
Q2YHX6_Q75_lddt	S4TWB0_Q75_lddt	1.011E+00	9.997E-01	9.772E-01	95.400	87	87	89
Q2YHX6_Q75_lddt	B9U2I6_Q75_lddt	1.011E+00	9.997E-01	9.772E-01	95.400	87	87	89
Q2YHX6_Q75_lddt	E5Q900_Q75_lddt	1.011E+00	9.996E-01	9.772E-01	95.400	87	87	89
Q2YHX6_Q75_lddt	A0A2P9E069_Q75_lddt	1.011E+00	9.996E-01	9.772E-01	95.400	87	87	89
Q2YHX6_Q75_lddt	Q8VP57_Q75_lddt	1.011E+00	9.996E-01	9.772E-01	95.400	87	87	89
Q2YHX6_Q75_lddt	D5LGB4_Q75_lddt	1.011E+00	9.996E-01	9.772E-01	95.400	87	87	89
Q2YHX6_Q75_lddt	A3FFR2_Q75_lddt	1.011E+00	9.995E-01	9.771E-01	95.400	87	87	89
Q2YHX6_Q75_lddt	Q0PGR7_Q75_lddt	1.011E+00	9.995E-01	9.770E-01	94.200	87	87	89
Q2YHX6_Q75_lddt	Q939H3_Q75_lddt	1.011E+00	9.994E-01	9.770E-01	94.200	87	87	89
Q2YHX6_Q75_lddt	Q2MJC2_Q75_lddt	1.011E+00	9.993E-01	9.769E-01	95.400	87	87	89
Q2YHX6_Q75_lddt	H2ERK9_Q75_lddt	1.011E+00	9.993E-01	9.768E-01	95.400	87	87	89
Q2YHX6_Q75_lddt	F8SQ10_Q75_lddt	1.011E+00	9.992E-01	9.767E-01	95.400	87	87	89
Q2YHX6_Q75_lddt	A0A097BQY7_Q75_lddt	1.011E+00	9.992E-01	9.767E-01	95.400	87	87	89
Q2YHX6_Q75_lddt	B0FP98_Q75_lddt	1.011E+00	9.991E-01	9.767E-01	94.200	87	87	89
Q2YHX6_Q75_lddt	Q8VP67_Q75_lddt	1.011E+00	9.990E-01	9.766E-01	95.400	87	87	89
Q2YHX6_Q75_lddt	Q939H5_Q75_lddt	1.011E+00	9.990E-01	9.765E-01	94.200	87	87	89
Q2YHX6_Q75_lddt	J7HZA4_Q75_lddt	1.011E+00	9.989E-01	9.765E-01	94.200	87	87	89
Q2YHX6_Q75_lddt	C8CE59_Q75_lddt	1.011E+00	9.761E-01	9.991E-01	93.100	87	87	85
Q2YHX6_Q75_lddt	C8CE60_Q75_lddt	1.011E+00	9.760E-01	9.989E-01	93.100	87	87	85
Q2YHX6_Q75_lddt	Q8KRG7_Q75_lddt	1.010E+00	9.987E-01	9.763E-01	94.200	87	87	89
Q2YHX6_Q75_lddt	O33677_Q75_lddt	1.004E+00	9.814E-01	9.927E-01	78.100	87	87	86
Q2YHX6_Q75_lddt	E5G517_Q75_lddt	1.006E+00	9.941E-01	9.719E-01	94.200	87	87	89
Q2YHX6_Q75_lddt	AF-A0A867XYA1-F1-model_v4_Q75_lddt	1.010E+00	9.870E-01	9.758E-01	86.200	87	87	88
Q2YHX6_Q75_lddt	AF-P18251-F1-model_v4_Q75_lddt	1.009E+00	9.858E-01	9.747E-01	90.800	87	87	88
Q2YHX6_Q75_lddt	B7FDD9_Q75_lddt	1.010E+00	9.406E-01	9.978E-01	89.600	87	87	82
Q2YHX6_Q75_lddt	P14171_Q75_lddt	9.926E-01	9.589E-01	9.811E-01	54.000	87	87	85
Q2YHX6_Q75_lddt	Q3SAW3_Q75_lddt	9.947E-01	9.497E-01	9.830E-01	51.700	87	87	84
Q2YHX6_Q75_lddt	C5HUY1_Q75_lddt	9.944E-01	9.495E-01	9.828E-01	48.200	87	87	84
Q2YHX6_Q75_lddt	C6GC02_Q75_lddt	9.943E-01	9.494E-01	9.827E-01	47.100	87	87	84
Q2YHX6_Q75_lddt	A0A097ZLX5_Q75_lddt	9.943E-01	9.494E-01	9.827E-01	48.200	87	87	84
Q2YHX6_Q75_lddt	AF-A0A1J0HSJ3-F1-model_v4_Q75_lddt	1.002E+00	9.334E-01	9.897E-01	54.000	87	87	82
Q2YHX6_Q75_lddt	GES-44_Q75_lddt	9.926E-01	9.477E-01	9.810E-01	48.200	87	87	84
Q2YHX6_Q75_lddt	AF-A0A3G1JAD7-F1-model_v4_Q75_lddt	1.001E+00	9.324E-01	9.886E-01	54.000	87	87	82
Q2YHX6_Q75_lddt	GES-41_Q75_lddt	9.923E-01	9.475E-01	9.807E-01	48.200	87	87	84
Q2YHX6_Q75_lddt	SGM-3_Q75_lddt	9.940E-01	9.490E-01	9.710E-01	50.500	87	87	85
Q2YHX6_Q75_lddt	SGM-2_Q75_lddt	9.937E-01	9.488E-01	9.707E-01	50.500	87	87	85
Q2YHX6_Q75_lddt	PER-16_Q75_lddt	9.866E-01	9.423E-01	9.751E-01	40.200	87	87	84
Q2YHX6_Q75_lddt	AF-E2D9D5-F1-model_v4_Q75_lddt	9.861E-01	9.418E-01	9.746E-01	28.700	87	87	84
Q2YHX6_Q75_lddt	AF-A0A886X7X6-F1-model_v6_Q75_lddt	9.886E-01	9.441E-01	9.658E-01	31.000	87	87	85
Q2YHX6_Q75_lddt	Q9AMJ7_Q75_lddt	9.883E-01	9.327E-01	9.767E-01	27.500	87	87	83
Q2YHX6_Q75_lddt	A1YTM5_Q75_lddt	9.878E-01	9.323E-01	9.762E-01	27.500	87	87	83
Q2YHX6_Q75_lddt	RAA-1_Q75_lddt	9.865E-01	9.312E-01	9.749E-01	29.800	87	87	83
Q2YHX6_Q75_lddt	SGM-5_Q75_lddt	9.857E-01	9.415E-01	9.631E-01	49.400	87	87	85
Q2YHX6_Q75_lddt	A0A1W5QH29_Q75_lddt	9.771E-01	9.445E-01	9.660E-01	37.900	87	87	85
Q2YHX6_Q75_lddt	D5HSX5_Q75_lddt	9.854E-01	9.301E-01	9.738E-01	40.200	87	87	83
Q2YHX6_Q75_lddt	A0A2Z2Z6H0_Q75_lddt	9.807E-01	9.369E-01	9.694E-01	45.900	87	87	84
Q2YHX6_Q75_lddt	AF-Q1NAL0-F1-model_v4_Q75_lddt	9.844E-01	9.403E-01	9.619E-01	50.500	87	87	85
Q2YHX6_Q75_lddt	A0A1W5QCF3_Q75_lddt	9.762E-01	9.436E-01	9.651E-01	37.900	87	87	85
Q2YHX6_Q75_lddt	A0A3Q8G682_Q75_lddt	9.690E-01	9.474E-01	9.581E-01	54.000	87	87	86
Q2YHX6_Q75_lddt	F8T7L4_Q75_lddt	9.841E-01	9.290E-01	9.726E-01	36.700	87	87	83
Q2YHX6_Q75_lddt	Q5XQD3_Q75_lddt	9.840E-01	9.289E-01	9.724E-01	36.700	87	87	83
Q2YHX6_Q75_lddt	P74842_Q75_lddt	9.837E-01	9.286E-01	9.721E-01	37.900	87	87	83
Q2YHX6_Q75_lddt	Q8VT49_Q75_lddt	9.838E-01	9.287E-01	9.723E-01	29.800	87	87	83
Q2YHX6_Q75_lddt	Q5W3A6_Q75_lddt	9.788E-01	9.351E-01	9.675E-01	33.300	87	87	84
Q2YHX6_Q75_lddt	AF-A0A0D0F642-F1-model_v4_Q75_lddt	9.826E-01	9.277E-01	9.711E-01	31.000	87	87	83
Q2YHX6_Q75_lddt	Q9XBM2_Q75_lddt	9.674E-01	9.459E-01	9.565E-01	41.300	87	87	86
Q2YHX6_Q75_lddt	A0A1W5QG57_Q75_lddt	9.731E-01	9.407E-01	9.621E-01	37.900	87	87	85
Q2YHX6_Q75_lddt	G9MB50_Q75_lddt	9.798E-01	9.252E-01	9.683E-01	31.000	87	87	83
Q2YHX6_Q75_lddt	AF-E4WMC5-F1-model_v6_Q75_lddt	9.789E-01	9.243E-01	9.675E-01	36.700	87	87	83
Q2YHX6_Q75_lddt	G9M9P7_Q75_lddt	9.792E-01	9.246E-01	9.678E-01	31.000	87	87	83
Q2YHX6_Q75_lddt	G9MB49_Q75_lddt	9.790E-01	9.244E-01	9.676E-01	32.100	87	87	83
Q2YHX6_Q75_lddt	A0A0E0SR47_Q75_lddt	9.679E-01	9.359E-01	9.570E-01	39.000	87	87	85
Q2YHX6_Q75_lddt	AF-A0A8E9ZWD0-F1-model_v6_Q75_lddt	9.760E-01	9.326E-01	9.538E-01	29.800	87	87	85
Q2YHX6_Q75_lddt	AF-J9QX37-F1-model_v4_Q75_lddt	9.827E-01	9.057E-01	9.709E-01	29.800	87	87	81
Q2YHX6_Q75_lddt	Q9X6W1_Q75_lddt	9.723E-01	9.182E-01	9.610E-01	31.000	87	87	83
Q2YHX6_Q75_lddt	Q9RAZ9_Q75_lddt	9.780E-01	9.127E-01	9.665E-01	29.800	87	87	82
Q2YHX6_Q75_lddt	AF-F4NA56-F1-model_v4_Q75_lddt	9.628E-01	9.311E-01	9.520E-01	37.900	87	87	85
Q2YHX6_Q75_lddt	A0A0B6VPP7_Q75_lddt	9.692E-01	9.154E-01	9.579E-01	29.800	87	87	83
Q2YHX6_Q75_lddt	B5L5W7_Q75_lddt	9.684E-01	9.362E-01	9.362E-01	39.000	87	87	87
Q2YHX6_Q75_lddt	AF-A0A127SQY3-F1-model_v6_Q75_lddt	9.557E-01	9.033E-01	9.447E-01	26.400	87	87	83
Q2YHX6_Q75_lddt	Q57509_Q75_lddt	9.508E-01	8.984E-01	9.292E-01	27.200	87	88	84
Q2YHX6_Q75_lddt	C8C0I2_Q75_lddt	9.479E-01	8.961E-01	9.371E-01	34.400	87	87	83
Q2YHX6_Q75_lddt	C8C0D8_Q75_lddt	9.180E-01	8.980E-01	9.079E-01	25.800	87	89	86
Q2YHX6_Q75_lddt	Q9X4S7_Q75_lddt	9.159E-01	8.961E-01	9.059E-01	28.000	87	89	86
Q84H47_Q75_lddt	Q84H47_Q75_lddt	1.012E+00	1.000E+00	1.000E+00	100.000	87	87	87
Q84H47_Q75_lddt	Q8VQV7_Q75_lddt	1.012E+00	9.999E-01	9.999E-01	100.000	87	87	87
Q84H47_Q75_lddt	Q84H48_Q75_lddt	1.011E+00	9.995E-01	9.995E-01	100.000	87	87	87
Q84H47_Q75_lddt	A0A455LS80_Q75_lddt	1.011E+00	9.994E-01	9.994E-01	96.500	87	87	87
Q84H47_Q75_lddt	Q2YHY7_Q75_lddt	1.011E+00	9.994E-01	9.994E-01	93.100	87	87	87
Q84H47_Q75_lddt	E9NST5_Q75_lddt	1.011E+00	9.993E-01	9.993E-01	98.800	87	87	87
Q84H47_Q75_lddt	B5D612_Q75_lddt	1.011E+00	9.993E-01	9.993E-01	98.800	87	87	87
Q84H47_Q75_lddt	A0A455LP07_Q75_lddt	1.011E+00	9.993E-01	9.993E-01	97.700	87	87	87
Q84H47_Q75_lddt	A0A455LP02_Q75_lddt	1.011E+00	9.993E-01	9.993E-01	97.700	87	87	87
Q84H47_Q75_lddt	R4ISB3_Q75_lddt	1.011E+00	9.993E-01	9.993E-01	97.700	87	87	87
Q84H47_Q75_lddt	A0A455LP13_Q75_lddt	1.011E+00	9.992E-01	9.992E-01	97.700	87	87	87
Q84H47_Q75_lddt	Q2YHZ5_Q75_lddt	1.011E+00	9.992E-01	9.992E-01	93.100	87	87	87
Q84H47_Q75_lddt	Q2YHZ3_Q75_lddt	1.011E+00	9.992E-01	9.992E-01	93.100	87	87	87
Q84H47_Q75_lddt	A0A0P0IGT7_Q75_lddt	1.011E+00	9.992E-01	9.992E-01	98.800	87	87	87
Q84H47_Q75_lddt	Q2YHZ0_Q75_lddt	1.011E+00	9.992E-01	9.992E-01	93.100	87	87	87
Q84H47_Q75_lddt	Q2YHZ2_Q75_lddt	1.011E+00	9.991E-01	9.991E-01	93.100	87	87	87
Q84H47_Q75_lddt	Q6ZY77_Q75_lddt	1.011E+00	9.991E-01	9.991E-01	91.900	87	87	87
Q84H47_Q75_lddt	B8YHZ8_Q75_lddt	1.011E+00	9.990E-01	9.990E-01	93.100	87	87	87
Q84H47_Q75_lddt	Q5PU78_Q75_lddt	1.011E+00	9.990E-01	9.990E-01	93.100	87	87	87
Q84H47_Q75_lddt	Q2YHX8_Q75_lddt	1.011E+00	9.989E-01	9.989E-01	94.200	87	87	87
Q84H47_Q75_lddt	Q5I6D4_Q75_lddt	1.011E+00	9.989E-01	9.989E-01	94.200	87	87	87
Q84H47_Q75_lddt	B5D620_Q75_lddt	1.011E+00	9.989E-01	9.989E-01	93.100	87	87	87
Q84H47_Q75_lddt	Q2YHX6_Q75_lddt	1.010E+00	9.989E-01	9.989E-01	94.200	87	87	87
Q84H47_Q75_lddt	Q6ZY74_Q75_lddt	1.010E+00	9.989E-01	9.989E-01	93.100	87	87	87
Q84H47_Q75_lddt	Q6R5M7_Q75_lddt	1.010E+00	9.987E-01	9.987E-01	93.100	87	87	87
Q84H47_Q75_lddt	Q6ZY58_Q75_lddt	1.010E+00	9.986E-01	9.986E-01	91.900	87	87	87
Q84H47_Q75_lddt	AF-Q6W7F0-F1-model_v4_Q75_lddt	1.010E+00	9.986E-01	9.986E-01	83.900	87	87	87
Q84H47_Q75_lddt	H9AXM1_Q75_lddt	1.010E+00	9.985E-01	9.985E-01	74.700	87	87	87
Q84H47_Q75_lddt	Q9R429_Q75_lddt	1.010E+00	9.985E-01	9.985E-01	78.100	87	87	87
Q84H47_Q75_lddt	Q8GHI3_Q75_lddt	1.010E+00	9.985E-01	9.985E-01	77.000	87	87	87
Q84H47_Q75_lddt	OKP-D-1_Q75_lddt	1.009E+00	9.976E-01	9.976E-01	93.100	87	87	87
Q84H47_Q75_lddt	C0LSK3_Q75_lddt	1.011E+00	9.877E-01	9.992E-01	93.000	87	86	86
Q84H47_Q75_lddt	OKP-C-1_Q75_lddt	1.010E+00	9.871E-01	9.985E-01	90.800	87	87	86
Q84H47_Q75_lddt	Q939H3_Q75_lddt	1.011E+00	9.993E-01	9.768E-01	98.800	87	87	89
Q84H47_Q75_lddt	A0A097BQY7_Q75_lddt	1.010E+00	9.989E-01	9.764E-01	91.900	87	87	89
Q84H47_Q75_lddt	Q0PGR7_Q75_lddt	1.010E+00	9.988E-01	9.764E-01	91.900	87	87	89
Q84H47_Q75_lddt	Q2MJC2_Q75_lddt	1.010E+00	9.988E-01	9.764E-01	91.900	87	87	89
Q84H47_Q75_lddt	A0ZX80_Q75_lddt	1.010E+00	9.988E-01	9.763E-01	91.900	87	87	89
Q84H47_Q75_lddt	D5LGB4_Q75_lddt	1.010E+00	9.987E-01	9.763E-01	91.900	87	87	89
Q84H47_Q75_lddt	A0A2P9E069_Q75_lddt	1.010E+00	9.987E-01	9.763E-01	91.900	87	87	89
Q84H47_Q75_lddt	A0ZX91_Q75_lddt	1.010E+00	9.987E-01	9.763E-01	91.900	87	87	89
Q84H47_Q75_lddt	E5Q900_Q75_lddt	1.010E+00	9.987E-01	9.763E-01	91.900	87	87	89
Q84H47_Q75_lddt	S4TWB0_Q75_lddt	1.010E+00	9.987E-01	9.763E-01	91.900	87	87	89
Q84H47_Q75_lddt	B9U2I6_Q75_lddt	1.010E+00	9.987E-01	9.763E-01	91.900	87	87	89
Q84H47_Q75_lddt	A3FFR2_Q75_lddt	1.010E+00	9.986E-01	9.762E-01	91.900	87	87	89
Q84H47_Q75_lddt	Q8VP57_Q75_lddt	1.010E+00	9.986E-01	9.762E-01	91.900	87	87	89
Q84H47_Q75_lddt	C8CE59_Q75_lddt	1.010E+00	9.756E-01	9.986E-01	89.600	87	87	85
Q84H47_Q75_lddt	C8CE60_Q75_lddt	1.010E+00	9.756E-01	9.985E-01	89.600	87	87	85
Q84H47_Q75_lddt	Q8VP67_Q75_lddt	1.010E+00	9.981E-01	9.757E-01	91.900	87	87	89
Q84H47_Q75_lddt	J7HZA4_Q75_lddt	1.010E+00	9.980E-01	9.756E-01	90.800	87	87	89
Q84H47_Q75_lddt	Q8KRG7_Q75_lddt	1.010E+00	9.980E-01	9.756E-01	91.900	87	87	89
Q84H47_Q75_lddt	Q939H5_Q75_lddt	1.010E+00	9.980E-01	9.756E-01	90.800	87	87	89
Q84H47_Q75_lddt	B0FP98_Q75_lddt	1.010E+00	9.980E-01	9.756E-01	90.800	87	87	89
Q84H47_Q75_lddt	H2ERK9_Q75_lddt	1.009E+00	9.979E-01	9.755E-01	91.900	87	87	89
Q84H47_Q75_lddt	F8SQ10_Q75_lddt	1.009E+00	9.976E-01	9.752E-01	91.900	87	87	89
Q84H47_Q75_lddt	O33677_Q75_lddt	1.005E+00	9.818E-01	9.931E-01	75.800	87	87	86
Q84H47_Q75_lddt	E5G517_Q75_lddt	1.005E+00	9.935E-01	9.713E-01	90.800	87	87	89
Q84H47_Q75_lddt	AF-P18251-F1-model_v4_Q75_lddt	1.010E+00	9.866E-01	9.754E-01	87.300	87	87	88
Q84H47_Q75_lddt	AF-A0A867XYA1-F1-model_v4_Q75_lddt	1.010E+00	9.866E-01	9.754E-01	82.700	87	87	88
Q84H47_Q75_lddt	B7FDD9_Q75_lddt	1.011E+00	9.416E-01	9.990E-01	86.200	87	87	82
Q84H47_Q75_lddt	P14171_Q75_lddt	9.932E-01	9.595E-01	9.818E-01	54.000	87	87	85
Q84H47_Q75_lddt	Q3SAW3_Q75_lddt	9.956E-01	9.505E-01	9.840E-01	52.800	87	87	84
Q84H47_Q75_lddt	C5HUY1_Q75_lddt	9.955E-01	9.504E-01	9.838E-01	49.400	87	87	84
Q84H47_Q75_lddt	C6GC02_Q75_lddt	9.954E-01	9.504E-01	9.838E-01	48.200	87	87	84
Q84H47_Q75_lddt	A0A097ZLX5_Q75_lddt	9.954E-01	9.503E-01	9.837E-01	49.400	87	87	84
Q84H47_Q75_lddt	AF-A0A1J0HSJ3-F1-model_v4_Q75_lddt	1.003E+00	9.346E-01	9.911E-01	55.100	87	87	82
Q84H47_Q75_lddt	AF-A0A3G1JAD7-F1-model_v4_Q75_lddt	1.002E+00	9.340E-01	9.904E-01	55.100	87	87	82
Q84H47_Q75_lddt	GES-41_Q75_lddt	9.931E-01	9.483E-01	9.815E-01	49.400	87	87	84
Q84H47_Q75_lddt	GES-44_Q75_lddt	9.930E-01	9.482E-01	9.814E-01	49.400	87	87	84
Q84H47_Q75_lddt	SGM-3_Q75_lddt	9.959E-01	9.508E-01	9.728E-01	51.700	87	87	85
Q84H47_Q75_lddt	SGM-2_Q75_lddt	9.957E-01	9.506E-01	9.726E-01	51.700	87	87	85
Q84H47_Q75_lddt	PER-16_Q75_lddt	9.869E-01	9.425E-01	9.754E-01	40.200	87	87	84
Q84H47_Q75_lddt	AF-E2D9D5-F1-model_v4_Q75_lddt	9.850E-01	9.409E-01	9.736E-01	29.800	87	87	84
Q84H47_Q75_lddt	SGM-5_Q75_lddt	9.887E-01	9.443E-01	9.660E-01	50.500	87	87	85
Q84H47_Q75_lddt	AF-A0A886X7X6-F1-model_v6_Q75_lddt	9.884E-01	9.439E-01	9.656E-01	33.300	87	87	85
Q84H47_Q75_lddt	Q9AMJ7_Q75_lddt	9.883E-01	9.327E-01	9.766E-01	29.800	87	87	83
Q84H47_Q75_lddt	A0A1W5QH29_Q75_lddt	9.797E-01	9.469E-01	9.685E-01	37.900	87	87	85
Q84H47_Q75_lddt	A1YTM5_Q75_lddt	9.878E-01	9.323E-01	9.762E-01	29.800	87	87	83
Q84H47_Q75_lddt	A0A1W5QCF3_Q75_lddt	9.788E-01	9.460E-01	9.676E-01	37.900	87	87	85
Q84H47_Q75_lddt	A0A3Q8G682_Q75_lddt	9.716E-01	9.499E-01	9.607E-01	55.100	87	87	86
Q84H47_Q75_lddt	AF-Q1NAL0-F1-model_v4_Q75_lddt	9.865E-01	9.422E-01	9.638E-01	51.700	87	87	85
Q84H47_Q75_lddt	D5HSX5_Q75_lddt	9.855E-01	9.302E-01	9.739E-01	40.200	87	87	83
Q84H47_Q75_lddt	A0A2Z2Z6H0_Q75_lddt	9.811E-01	9.373E-01	9.698E-01	47.100	87	87	84
Q84H47_Q75_lddt	RAA-1_Q75_lddt	9.846E-01	9.295E-01	9.731E-01	31.000	87	87	83
Q84H47_Q75_lddt	F8T7L4_Q75_lddt	9.841E-01	9.290E-01	9.725E-01	36.700	87	87	83
Q84H47_Q75_lddt	A0A1W5QG57_Q75_lddt	9.759E-01	9.434E-01	9.648E-01	37.900	87	87	85
Q84H47_Q75_lddt	Q5XQD3_Q75_lddt	9.840E-01	9.289E-01	9.725E-01	37.900	87	87	83
Q84H47_Q75_lddt	P74842_Q75_lddt	9.838E-01	9.288E-01	9.723E-01	37.900	87	87	83
Q84H47_Q75_lddt	Q8VT49_Q75_lddt	9.830E-01	9.280E-01	9.715E-01	31.000	87	87	83
Q84H47_Q75_lddt	AF-A0A0D0F642-F1-model_v4_Q75_lddt	9.823E-01	9.274E-01	9.708E-01	32.100	87	87	83
Q84H47_Q75_lddt	Q5W3A6_Q75_lddt	9.780E-01	9.345E-01	9.668E-01	33.300	87	87	84
Q84H47_Q75_lddt	Q9XBM2_Q75_lddt	9.663E-01	9.448E-01	9.554E-01	41.300	87	87	86
Q84H47_Q75_lddt	G9MB50_Q75_lddt	9.790E-01	9.245E-01	9.676E-01	29.800	87	87	83
Q84H47_Q75_lddt	AF-E4WMC5-F1-model_v6_Q75_lddt	9.782E-01	9.237E-01	9.668E-01	36.700	87	87	83
Q84H47_Q75_lddt	G9M9P7_Q75_lddt	9.785E-01	9.240E-01	9.671E-01	29.800	87	87	83
Q84H47_Q75_lddt	G9MB49_Q75_lddt	9.783E-01	9.238E-01	9.669E-01	31.000	87	87	83
Q84H47_Q75_lddt	A0A0E0SR47_Q75_lddt	9.690E-01	9.369E-01	9.581E-01	39.000	87	87	85
Q84H47_Q75_lddt	AF-J9QX37-F1-model_v4_Q75_lddt	9.832E-01	9.062E-01	9.714E-01	28.700	87	87	81
Q84H47_Q75_lddt	Q9RAZ9_Q75_lddt	9.781E-01	9.127E-01	9.666E-01	31.000	87	87	82
Q84H47_Q75_lddt	AF-A0A8E9ZWD0-F1-model_v6_Q75_lddt	9.736E-01	9.304E-01	9.515E-01	31.000	87	87	85
Q84H47_Q75_lddt	Q9X6W1_Q75_lddt	9.720E-01	9.179E-01	9.607E-01	33.300	87	87	83
Q84H47_Q75_lddt	AF-F4NA56-F1-model_v4_Q75_lddt	9.644E-01	9.326E-01	9.536E-01	37.900	87	87	85
Q84H47_Q75_lddt	B5L5W7_Q75_lddt	9.707E-01	9.383E-01	9.383E-01	36.700	87	87	87
Q84H47_Q75_lddt	A0A0B6VPP7_Q75_lddt	9.689E-01	9.152E-01	9.577E-01	31.000	87	87	83
Q84H47_Q75_lddt	AF-A0A127SQY3-F1-model_v6_Q75_lddt	9.550E-01	9.026E-01	9.440E-01	25.200	87	87	83
Q84H47_Q75_lddt	Q57509_Q75_lddt	9.517E-01	8.992E-01	9.300E-01	28.400	87	88	84
Q84H47_Q75_lddt	C8C0I2_Q75_lddt	9.471E-01	8.953E-01	9.363E-01	33.300	87	87	83
Q84H47_Q75_lddt	C8C0D8_Q75_lddt	9.176E-01	8.977E-01	9.076E-01	24.700	87	89	86
Q84H47_Q75_lddt	Q9X4S7_Q75_lddt	9.149E-01	8.951E-01	9.049E-01	26.900	87	89	86
Q8VQV7_Q75_lddt	Q8VQV7_Q75_lddt	1.012E+00	1.000E+00	1.000E+00	100.000	87	87	87
Q8VQV7_Q75_lddt	Q84H47_Q75_lddt	1.012E+00	9.999E-01	9.999E-01	100.000	87	87	87
Q8VQV7_Q75_lddt	Q84H48_Q75_lddt	1.011E+00	9.994E-01	9.994E-01	100.000	87	87	87
Q8VQV7_Q75_lddt	Q2YHY7_Q75_lddt	1.011E+00	9.992E-01	9.992E-01	93.100	87	87	87
Q8VQV7_Q75_lddt	A0A455LS80_Q75_lddt	1.011E+00	9.992E-01	9.992E-01	96.500	87	87	87
Q8VQV7_Q75_lddt	E9NST5_Q75_lddt	1.011E+00	9.991E-01	9.991E-01	98.800	87	87	87
Q8VQV7_Q75_lddt	B5D612_Q75_lddt	1.011E+00	9.991E-01	9.991E-01	98.800	87	87	87
Q8VQV7_Q75_lddt	A0A455LP07_Q75_lddt	1.011E+00	9.991E-01	9.991E-01	97.700	87	87	87
Q8VQV7_Q75_lddt	A0A455LP02_Q75_lddt	1.011E+00	9.990E-01	9.990E-01	97.700	87	87	87
Q8VQV7_Q75_lddt	R4ISB3_Q75_lddt	1.011E+00	9.990E-01	9.990E-01	97.700	87	87	87
Q8VQV7_Q75_lddt	Q2YHZ3_Q75_lddt	1.011E+00	9.990E-01	9.990E-01	93.100	87	87	87
Q8VQV7_Q75_lddt	Q2YHZ5_Q75_lddt	1.011E+00	9.990E-01	9.990E-01	93.100	87	87	87
Q8VQV7_Q75_lddt	Q2YHZ0_Q75_lddt	1.011E+00	9.990E-01	9.990E-01	93.100	87	87	87
Q8VQV7_Q75_lddt	A0A455LP13_Q75_lddt	1.011E+00	9.990E-01	9.990E-01	97.700	87	87	87
Q8VQV7_Q75_lddt	A0A0P0IGT7_Q75_lddt	1.011E+00	9.989E-01	9.989E-01	98.800	87	87	87
Q8VQV7_Q75_lddt	Q2YHZ2_Q75_lddt	1.011E+00	9.989E-01	9.989E-01	93.100	87	87	87
Q8VQV7_Q75_lddt	Q6ZY77_Q75_lddt	1.010E+00	9.989E-01	9.989E-01	91.900	87	87	87
Q8VQV7_Q75_lddt	B8YHZ8_Q75_lddt	1.010E+00	9.988E-01	9.988E-01	93.100	87	87	87
Q8VQV7_Q75_lddt	Q5PU78_Q75_lddt	1.010E+00	9.987E-01	9.987E-01	93.100	87	87	87
Q8VQV7_Q75_lddt	Q2YHX8_Q75_lddt	1.010E+00	9.986E-01	9.986E-01	94.200	87	87	87
Q8VQV7_Q75_lddt	Q5I6D4_Q75_lddt	1.010E+00	9.986E-01	9.986E-01	94.200	87	87	87
Q8VQV7_Q75_lddt	B5D620_Q75_lddt	1.010E+00	9.986E-01	9.986E-01	93.100	87	87	87
Q8VQV7_Q75_lddt	Q6ZY74_Q75_lddt	1.010E+00	9.986E-01	9.986E-01	93.100	87	87	87
Q8VQV7_Q75_lddt	Q2YHX6_Q75_lddt	1.010E+00	9.986E-01	9.986E-01	94.200	87	87	87
Q8VQV7_Q75_lddt	AF-Q6W7F0-F1-model_v4_Q75_lddt	1.010E+00	9.985E-01	9.985E-01	83.900	87	87	87
Q8VQV7_Q75_lddt	Q6ZY58_Q75_lddt	1.010E+00	9.984E-01	9.984E-01	91.900	87	87	87
Q8VQV7_Q75_lddt	Q6R5M7_Q75_lddt	1.010E+00	9.984E-01	9.984E-01	93.100	87	87	87
Q8VQV7_Q75_lddt	H9AXM1_Q75_lddt	1.010E+00	9.983E-01	9.983E-01	74.700	87	87	87
Q8VQV7_Q75_lddt	Q9R429_Q75_lddt	1.010E+00	9.982E-01	9.982E-01	78.100	87	87	87
Q8VQV7_Q75_lddt	Q8GHI3_Q75_lddt	1.010E+00	9.982E-01	9.982E-01	77.000	87	87	87
Q8VQV7_Q75_lddt	OKP-D-1_Q75_lddt	1.009E+00	9.976E-01	9.976E-01	93.100	87	87	87
Q8VQV7_Q75_lddt	C0LSK3_Q75_lddt	1.011E+00	9.876E-01	9.991E-01	93.000	87	86	86
Q8VQV7_Q75_lddt	OKP-C-1_Q75_lddt	1.010E+00	9.869E-01	9.984E-01	90.800	87	87	86
Q8VQV7_Q75_lddt	Q939H3_Q75_lddt	1.011E+00	9.990E-01	9.766E-01	98.800	87	87	89
Q8VQV7_Q75_lddt	A0A097BQY7_Q75_lddt	1.010E+00	9.986E-01	9.762E-01	91.900	87	87	89
Q8VQV7_Q75_lddt	Q0PGR7_Q75_lddt	1.010E+00	9.985E-01	9.761E-01	91.900	87	87	89
Q8VQV7_Q75_lddt	Q2MJC2_Q75_lddt	1.010E+00	9.985E-01	9.761E-01	91.900	87	87	89
Q8VQV7_Q75_lddt	A0ZX80_Q75_lddt	1.010E+00	9.985E-01	9.761E-01	91.900	87	87	89
Q8VQV7_Q75_lddt	D5LGB4_Q75_lddt	1.010E+00	9.984E-01	9.760E-01	91.900	87	87	89
Q8VQV7_Q75_lddt	A0A2P9E069_Q75_lddt	1.010E+00	9.984E-01	9.760E-01	91.900	87	87	89
Q8VQV7_Q75_lddt	A0ZX91_Q75_lddt	1.010E+00	9.984E-01	9.760E-01	91.900	87	87	89
Q8VQV7_Q75_lddt	E5Q900_Q75_lddt	1.010E+00	9.984E-01	9.760E-01	91.900	87	87	89
Q8VQV7_Q75_lddt	B9U2I6_Q75_lddt	1.010E+00	9.984E-01	9.760E-01	91.900	87	87	89
Q8VQV7_Q75_lddt	S4TWB0_Q75_lddt	1.010E+00	9.984E-01	9.760E-01	91.900	87	87	89
Q8VQV7_Q75_lddt	A3FFR2_Q75_lddt	1.010E+00	9.983E-01	9.759E-01	91.900	87	87	89
Q8VQV7_Q75_lddt	Q8VP57_Q75_lddt	1.010E+00	9.983E-01	9.759E-01	91.900	87	87	89
Q8VQV7_Q75_lddt	C8CE59_Q75_lddt	1.010E+00	9.754E-01	9.983E-01	89.600	87	87	85
Q8VQV7_Q75_lddt	C8CE60_Q75_lddt	1.010E+00	9.753E-01	9.982E-01	89.600	87	87	85
Q8VQV7_Q75_lddt	Q8VP67_Q75_lddt	1.009E+00	9.978E-01	9.754E-01	91.900	87	87	89
Q8VQV7_Q75_lddt	Q939H5_Q75_lddt	1.009E+00	9.977E-01	9.753E-01	90.800	87	87	89
Q8VQV7_Q75_lddt	Q8KRG7_Q75_lddt	1.009E+00	9.977E-01	9.753E-01	91.900	87	87	89
Q8VQV7_Q75_lddt	J7HZA4_Q75_lddt	1.009E+00	9.977E-01	9.753E-01	90.800	87	87	89
Q8VQV7_Q75_lddt	B0FP98_Q75_lddt	1.009E+00	9.977E-01	9.753E-01	90.800	87	87	89
Q8VQV7_Q75_lddt	H2ERK9_Q75_lddt	1.009E+00	9.976E-01	9.752E-01	91.900	87	87	89
Q8VQV7_Q75_lddt	F8SQ10_Q75_lddt	1.009E+00	9.972E-01	9.748E-01	91.900	87	87	89
Q8VQV7_Q75_lddt	O33677_Q75_lddt	1.005E+00	9.817E-01	9.930E-01	75.800	87	87	86
Q8VQV7_Q75_lddt	AF-P18251-F1-model_v4_Q75_lddt	1.010E+00	9.866E-01	9.754E-01	87.300	87	87	88
Q8VQV7_Q75_lddt	E5G517_Q75_lddt	1.005E+00	9.932E-01	9.709E-01	90.800	87	87	89
Q8VQV7_Q75_lddt	AF-A0A867XYA1-F1-model_v4_Q75_lddt	1.009E+00	9.863E-01	9.751E-01	82.700	87	87	88
Q8VQV7_Q75_lddt	B7FDD9_Q75_lddt	1.011E+00	9.417E-01	9.991E-01	86.200	87	87	82
Q8VQV7_Q75_lddt	P14171_Q75_lddt	9.933E-01	9.596E-01	9.818E-01	54.000	87	87	85
Q8VQV7_Q75_lddt	Q3SAW3_Q75_lddt	9.956E-01	9.505E-01	9.840E-01	52.800	87	87	84
Q8VQV7_Q75_lddt	C5HUY1_Q75_lddt	9.954E-01	9.504E-01	9.838E-01	49.400	87	87	84
Q8VQV7_Q75_lddt	C6GC02_Q75_lddt	9.954E-01	9.504E-01	9.837E-01	48.200	87	87	84
Q8VQV7_Q75_lddt	AF-A0A1J0HSJ3-F1-model_v4_Q75_lddt	1.004E+00	9.349E-01	9.914E-01	55.100	87	87	82
Q8VQV7_Q75_lddt	A0A097ZLX5_Q75_lddt	9.953E-01	9.503E-01	9.837E-01	49.400	87	87	84
Q8VQV7_Q75_lddt	AF-A0A3G1JAD7-F1-model_v4_Q75_lddt	1.003E+00	9.340E-01	9.905E-01	55.100	87	87	82
Q8VQV7_Q75_lddt	GES-41_Q75_lddt	9.931E-01	9.483E-01	9.815E-01	49.400	87	87	84
Q8VQV7_Q75_lddt	GES-44_Q75_lddt	9.930E-01	9.481E-01	9.814E-01	49.400	87	87	84
Q8VQV7_Q75_lddt	SGM-3_Q75_lddt	9.963E-01	9.511E-01	9.732E-01	51.700	87	87	85
Q8VQV7_Q75_lddt	SGM-2_Q75_lddt	9.961E-01	9.510E-01	9.730E-01	51.700	87	87	85
Q8VQV7_Q75_lddt	PER-16_Q75_lddt	9.868E-01	9.425E-01	9.753E-01	40.200	87	87	84
Q8VQV7_Q75_lddt	SGM-5_Q75_lddt	9.893E-01	9.448E-01	9.665E-01	50.500	87	87	85
Q8VQV7_Q75_lddt	AF-E2D9D5-F1-model_v4_Q75_lddt	9.848E-01	9.406E-01	9.733E-01	29.800	87	87	84
Q8VQV7_Q75_lddt	AF-A0A886X7X6-F1-model_v6_Q75_lddt	9.884E-01	9.439E-01	9.656E-01	33.300	87	87	85
Q8VQV7_Q75_lddt	A0A1W5QH29_Q75_lddt	9.802E-01	9.473E-01	9.690E-01	37.900	87	87	85
Q8VQV7_Q75_lddt	Q9AMJ7_Q75_lddt	9.881E-01	9.326E-01	9.765E-01	29.800	87	87	83
Q8VQV7_Q75_lddt	A0A3Q8G682_Q75_lddt	9.722E-01	9.505E-01	9.612E-01	55.100	87	87	86
Q8VQV7_Q75_lddt	A0A1W5QCF3_Q75_lddt	9.792E-01	9.465E-01	9.681E-01	37.900	87	87	85
Q8VQV7_Q75_lddt	A1YTM5_Q75_lddt	9.876E-01	9.322E-01	9.760E-01	29.800	87	87	83
Q8VQV7_Q75_lddt	AF-Q1NAL0-F1-model_v4_Q75_lddt	9.868E-01	9.425E-01	9.642E-01	51.700	87	87	85
Q8VQV7_Q75_lddt	D5HSX5_Q75_lddt	9.854E-01	9.302E-01	9.739E-01	40.200	87	87	83
Q8VQV7_Q75_lddt	A0A2Z2Z6H0_Q75_lddt	9.813E-01	9.374E-01	9.699E-01	47.100	87	87	84
Q8VQV7_Q75_lddt	A0A1W5QG57_Q75_lddt	9.764E-01	9.439E-01	9.653E-01	37.900	87	87	85
Q8VQV7_Q75_lddt	F8T7L4_Q75_lddt	9.840E-01	9.289E-01	9.725E-01	36.700	87	87	83
Q8VQV7_Q75_lddt	Q5XQD3_Q75_lddt	9.839E-01	9.288E-01	9.724E-01	37.900	87	87	83
Q8VQV7_Q75_lddt	RAA-1_Q75_lddt	9.841E-01	9.290E-01	9.726E-01	31.000	87	87	83
Q8VQV7_Q75_lddt	P74842_Q75_lddt	9.837E-01	9.287E-01	9.722E-01	37.900	87	87	83
Q8VQV7_Q75_lddt	Q8VT49_Q75_lddt	9.827E-01	9.278E-01	9.712E-01	31.000	87	87	83
Q8VQV7_Q75_lddt	AF-A0A0D0F642-F1-model_v4_Q75_lddt	9.823E-01	9.274E-01	9.708E-01	32.100	87	87	83
Q8VQV7_Q75_lddt	Q5W3A6_Q75_lddt	9.780E-01	9.344E-01	9.667E-01	33.300	87	87	84
Q8VQV7_Q75_lddt	Q9XBM2_Q75_lddt	9.663E-01	9.448E-01	9.554E-01	41.300	87	87	86
Q8VQV7_Q75_lddt	G9MB50_Q75_lddt	9.787E-01	9.242E-01	9.673E-01	29.800	87	87	83
Q8VQV7_Q75_lddt	AF-E4WMC5-F1-model_v6_Q75_lddt	9.781E-01	9.235E-01	9.667E-01	36.700	87	87	83
Q8VQV7_Q75_lddt	G9M9P7_Q75_lddt	9.782E-01	9.237E-01	9.668E-01	29.800	87	87	83
Q8VQV7_Q75_lddt	G9MB49_Q75_lddt	9.780E-01	9.235E-01	9.666E-01	31.000	87	87	83
Q8VQV7_Q75_lddt	A0A0E0SR47_Q75_lddt	9.691E-01	9.370E-01	9.582E-01	39.000	87	87	85
Q8VQV7_Q75_lddt	AF-J9QX37-F1-model_v4_Q75_lddt	9.832E-01	9.062E-01	9.714E-01	28.700	87	87	81
Q8VQV7_Q75_lddt	Q9RAZ9_Q75_lddt	9.780E-01	9.127E-01	9.665E-01	31.000	87	87	82
Q8VQV7_Q75_lddt	Q9X6W1_Q75_lddt	9.718E-01	9.178E-01	9.605E-01	33.300	87	87	83
Q8VQV7_Q75_lddt	AF-A0A8E9ZWD0-F1-model_v6_Q75_lddt	9.733E-01	9.302E-01	9.513E-01	31.000	87	87	85
Q8VQV7_Q75_lddt	B5L5W7_Q75_lddt	9.713E-01	9.389E-01	9.389E-01	36.700	87	87	87
Q8VQV7_Q75_lddt	AF-F4NA56-F1-model_v4_Q75_lddt	9.647E-01	9.329E-01	9.539E-01	37.900	87	87	85
Q8VQV7_Q75_lddt	A0A0B6VPP7_Q75_lddt	9.688E-01	9.150E-01	9.575E-01	31.000	87	87	83
Q8VQV7_Q75_lddt	AF-A0A127SQY3-F1-model_v6_Q75_lddt	9.549E-01	9.025E-01	9.439E-01	25.200	87	87	83
Q8VQV7_Q75_lddt	Q57509_Q75_lddt	9.516E-01	8.991E-01	9.298E-01	28.400	87	88	84
Q8VQV7_Q75_lddt	C8C0I2_Q75_lddt	9.468E-01	8.951E-01	9.360E-01	33.300	87	87	83
Q8VQV7_Q75_lddt	C8C0D8_Q75_lddt	9.173E-01	8.974E-01	9.072E-01	24.700	87	89	86
Q8VQV7_Q75_lddt	Q9X4S7_Q75_lddt	9.146E-01	8.948E-01	9.046E-01	26.900	87	89	86
A0A097BQY7_Q75_lddt	A0A097BQY7_Q75_lddt	1.011E+00	1.000E+00	1.000E+00	100.000	89	89	89
A0A097BQY7_Q75_lddt	Q2MJC2_Q75_lddt	1.011E+00	9.998E-01	9.998E-01	100.000	89	89	89
A0A097BQY7_Q75_lddt	J7HZA4_Q75_lddt	1.011E+00	9.995E-01	9.995E-01	98.800	89	89	89
A0A097BQY7_Q75_lddt	Q8VP67_Q75_lddt	1.011E+00	9.995E-01	9.995E-01	100.000	89	89	89
A0A097BQY7_Q75_lddt	Q8KRG7_Q75_lddt	1.011E+00	9.994E-01	9.994E-01	98.800	89	89	89
A0A097BQY7_Q75_lddt	A0ZX80_Q75_lddt	1.011E+00	9.994E-01	9.994E-01	100.000	89	89	89
A0A097BQY7_Q75_lddt	A0A2P9E069_Q75_lddt	1.011E+00	9.993E-01	9.993E-01	100.000	89	89	89
A0A097BQY7_Q75_lddt	E5Q900_Q75_lddt	1.011E+00	9.993E-01	9.993E-01	100.000	89	89	89
A0A097BQY7_Q75_lddt	A0ZX91_Q75_lddt	1.011E+00	9.993E-01	9.993E-01	100.000	89	89	89
A0A097BQY7_Q75_lddt	S4TWB0_Q75_lddt	1.011E+00	9.992E-01	9.992E-01	100.000	89	89	89
A0A097BQY7_Q75_lddt	D5LGB4_Q75_lddt	1.011E+00	9.992E-01	9.992E-01	100.000	89	89	89
A0A097BQY7_Q75_lddt	B9U2I6_Q75_lddt	1.011E+00	9.992E-01	9.992E-01	100.000	89	89	89
A0A097BQY7_Q75_lddt	A3FFR2_Q75_lddt	1.011E+00	9.992E-01	9.992E-01	100.000	89	89	89
A0A097BQY7_Q75_lddt	Q8VP57_Q75_lddt	1.010E+00	9.991E-01	9.991E-01	100.000	89	89	89
A0A097BQY7_Q75_lddt	H2ERK9_Q75_lddt	1.010E+00	9.990E-01	9.990E-01	100.000	89	89	89
A0A097BQY7_Q75_lddt	Q0PGR7_Q75_lddt	1.010E+00	9.990E-01	9.990E-01	98.800	89	89	89
A0A097BQY7_Q75_lddt	B0FP98_Q75_lddt	1.010E+00	9.990E-01	9.990E-01	98.800	89	89	89
A0A097BQY7_Q75_lddt	Q939H5_Q75_lddt	1.010E+00	9.989E-01	9.989E-01	98.800	89	89	89
A0A097BQY7_Q75_lddt	Q939H3_Q75_lddt	1.010E+00	9.985E-01	9.985E-01	92.100	89	89	89
A0A097BQY7_Q75_lddt	F8SQ10_Q75_lddt	1.009E+00	9.981E-01	9.981E-01	100.000	89	89	89
A0A097BQY7_Q75_lddt	E5G517_Q75_lddt	1.006E+00	9.947E-01	9.947E-01	98.800	89	89	89
A0A097BQY7_Q75_lddt	AF-A0A867XYA1-F1-model_v4_Q75_lddt	1.009E+00	9.860E-01	9.972E-01	88.700	89	89	88
A0A097BQY7_Q75_lddt	AF-P18251-F1-model_v4_Q75_lddt	1.008E+00	9.851E-01	9.962E-01	95.500	89	89	88
A0A097BQY7_Q75_lddt	Q6ZY74_Q75_lddt	1.011E+00	9.771E-01	9.995E-01	94.200	89	87	87
A0A097BQY7_Q75_lddt	Q2YHZ3_Q75_lddt	1.011E+00	9.771E-01	9.995E-01	94.200	89	87	87
A0A097BQY7_Q75_lddt	Q2YHZ2_Q75_lddt	1.011E+00	9.771E-01	9.995E-01	94.200	89	87	87
A0A097BQY7_Q75_lddt	Q2YHZ0_Q75_lddt	1.011E+00	9.771E-01	9.995E-01	94.200	89	87	87
A0A097BQY7_Q75_lddt	Q2YHZ5_Q75_lddt	1.011E+00	9.770E-01	9.995E-01	94.200	89	87	87
A0A097BQY7_Q75_lddt	Q6ZY77_Q75_lddt	1.011E+00	9.770E-01	9.995E-01	93.100	89	87	87
A0A097BQY7_Q75_lddt	Q6R5M7_Q75_lddt	1.011E+00	9.770E-01	9.994E-01	94.200	89	87	87
A0A097BQY7_Q75_lddt	Q5PU78_Q75_lddt	1.011E+00	9.770E-01	9.994E-01	94.200	89	87	87
A0A097BQY7_Q75_lddt	A0A455LS80_Q75_lddt	1.011E+00	9.768E-01	9.992E-01	94.200	89	87	87
A0A097BQY7_Q75_lddt	Q2YHX8_Q75_lddt	1.011E+00	9.767E-01	9.992E-01	95.400	89	87	87
A0A097BQY7_Q75_lddt	Q5I6D4_Q75_lddt	1.011E+00	9.767E-01	9.992E-01	95.400	89	87	87
A0A097BQY7_Q75_lddt	Q2YHX6_Q75_lddt	1.011E+00	9.767E-01	9.992E-01	95.400	89	87	87
A0A097BQY7_Q75_lddt	B5D620_Q75_lddt	1.011E+00	9.767E-01	9.991E-01	94.200	89	87	87
A0A097BQY7_Q75_lddt	B8YHZ8_Q75_lddt	1.011E+00	9.767E-01	9.991E-01	94.200	89	87	87
A0A097BQY7_Q75_lddt	B5D612_Q75_lddt	1.011E+00	9.767E-01	9.991E-01	93.100	89	87	87
A0A097BQY7_Q75_lddt	Q6ZY58_Q75_lddt	1.011E+00	9.766E-01	9.991E-01	93.100	89	87	87
A0A097BQY7_Q75_lddt	A0A455LP07_Q75_lddt	1.011E+00	9.766E-01	9.990E-01	93.100	89	87	87
A0A097BQY7_Q75_lddt	E9NST5_Q75_lddt	1.011E+00	9.766E-01	9.990E-01	90.800	89	87	87
A0A097BQY7_Q75_lddt	A0A0P0IGT7_Q75_lddt	1.011E+00	9.766E-01	9.990E-01	93.100	89	87	87
A0A097BQY7_Q75_lddt	A0A455LP02_Q75_lddt	1.011E+00	9.765E-01	9.990E-01	93.100	89	87	87
A0A097BQY7_Q75_lddt	A0A455LP13_Q75_lddt	1.011E+00	9.765E-01	9.990E-01	93.100	89	87	87
A0A097BQY7_Q75_lddt	R4ISB3_Q75_lddt	1.011E+00	9.765E-01	9.989E-01	93.100	89	87	87
A0A097BQY7_Q75_lddt	Q84H47_Q75_lddt	1.010E+00	9.764E-01	9.989E-01	91.900	89	87	87
A0A097BQY7_Q75_lddt	Q2YHY7_Q75_lddt	1.010E+00	9.764E-01	9.988E-01	94.200	89	87	87
A0A097BQY7_Q75_lddt	Q8VQV7_Q75_lddt	1.010E+00	9.762E-01	9.986E-01	91.900	89	87	87
A0A097BQY7_Q75_lddt	Q8GHI3_Q75_lddt	1.010E+00	9.762E-01	9.986E-01	80.400	89	87	87
A0A097BQY7_Q75_lddt	Q84H48_Q75_lddt	1.010E+00	9.761E-01	9.986E-01	91.900	89	87	87
A0A097BQY7_Q75_lddt	H9AXM1_Q75_lddt	1.010E+00	9.761E-01	9.985E-01	78.100	89	87	87
A0A097BQY7_Q75_lddt	Q9R429_Q75_lddt	1.010E+00	9.761E-01	9.985E-01	81.600	89	87	87
A0A097BQY7_Q75_lddt	AF-Q6W7F0-F1-model_v4_Q75_lddt	1.009E+00	9.755E-01	9.978E-01	83.900	89	87	87
A0A097BQY7_Q75_lddt	OKP-D-1_Q75_lddt	1.008E+00	9.739E-01	9.962E-01	91.900	89	87	87
A0A097BQY7_Q75_lddt	C0LSK3_Q75_lddt	1.010E+00	9.646E-01	9.982E-01	94.100	89	86	86
A0A097BQY7_Q75_lddt	OKP-C-1_Q75_lddt	1.010E+00	9.643E-01	9.978E-01	96.500	89	87	86
A0A097BQY7_Q75_lddt	C8CE60_Q75_lddt	1.012E+00	9.547E-01	9.996E-01	97.700	89	87	85
A0A097BQY7_Q75_lddt	C8CE59_Q75_lddt	1.011E+00	9.547E-01	9.996E-01	97.700	89	87	85
A0A097BQY7_Q75_lddt	O33677_Q75_lddt	1.005E+00	9.597E-01	9.929E-01	79.300	89	87	86
A0A097BQY7_Q75_lddt	B7FDD9_Q75_lddt	1.010E+00	9.198E-01	9.982E-01	94.200	89	87	82
A0A097BQY7_Q75_lddt	P14171_Q75_lddt	9.912E-01	9.365E-01	9.798E-01	56.300	89	87	85
A0A097BQY7_Q75_lddt	C5HUY1_Q75_lddt	9.930E-01	9.272E-01	9.814E-01	49.400	89	87	84
A0A097BQY7_Q75_lddt	A0A097ZLX5_Q75_lddt	9.930E-01	9.272E-01	9.814E-01	49.400	89	87	84
A0A097BQY7_Q75_lddt	C6GC02_Q75_lddt	9.930E-01	9.272E-01	9.814E-01	48.200	89	87	84
A0A097BQY7_Q75_lddt	AF-A0A1J0HSJ3-F1-model_v4_Q75_lddt	1.001E+00	9.116E-01	9.886E-01	52.800	89	87	82
A0A097BQY7_Q75_lddt	AF-A0A3G1JAD7-F1-model_v4_Q75_lddt	1.001E+00	9.116E-01	9.885E-01	54.000	89	87	82
A0A097BQY7_Q75_lddt	Q3SAW3_Q75_lddt	9.920E-01	9.263E-01	9.804E-01	56.300	89	87	84
A0A097BQY7_Q75_lddt	GES-41_Q75_lddt	9.905E-01	9.250E-01	9.789E-01	49.400	89	87	84
A0A097BQY7_Q75_lddt	GES-44_Q75_lddt	9.904E-01	9.250E-01	9.789E-01	49.400	89	87	84
A0A097BQY7_Q75_lddt	SGM-3_Q75_lddt	9.940E-01	9.281E-01	9.710E-01	54.000	89	87	85
A0A097BQY7_Q75_lddt	SGM-2_Q75_lddt	9.937E-01	9.278E-01	9.707E-01	54.000	89	87	85
A0A097BQY7_Q75_lddt	PER-16_Q75_lddt	9.843E-01	9.196E-01	9.729E-01	41.300	89	87	84
A0A097BQY7_Q75_lddt	AF-E2D9D5-F1-model_v4_Q75_lddt	9.838E-01	9.191E-01	9.724E-01	31.000	89	87	84
A0A097BQY7_Q75_lddt	A0A1W5QH29_Q75_lddt	9.787E-01	9.253E-01	9.675E-01	37.900	89	87	85
A0A097BQY7_Q75_lddt	AF-A0A886X7X6-F1-model_v6_Q75_lddt	9.868E-01	9.218E-01	9.641E-01	32.100	89	87	85
A0A097BQY7_Q75_lddt	Q9AMJ7_Q75_lddt	9.869E-01	9.111E-01	9.753E-01	31.000	89	87	83
A0A097BQY7_Q75_lddt	A0A1W5QCF3_Q75_lddt	9.777E-01	9.244E-01	9.666E-01	37.900	89	87	85
A0A097BQY7_Q75_lddt	A1YTM5_Q75_lddt	9.864E-01	9.106E-01	9.748E-01	31.000	89	87	83
A0A097BQY7_Q75_lddt	SGM-5_Q75_lddt	9.859E-01	9.210E-01	9.632E-01	50.500	89	87	85
A0A097BQY7_Q75_lddt	A0A3Q8G682_Q75_lddt	9.696E-01	9.273E-01	9.587E-01	54.000	89	87	86
A0A097BQY7_Q75_lddt	AF-Q1NAL0-F1-model_v4_Q75_lddt	9.837E-01	9.190E-01	9.611E-01	54.000	89	87	85
A0A097BQY7_Q75_lddt	A0A1W5QG57_Q75_lddt	9.753E-01	9.223E-01	9.642E-01	37.900	89	87	85
A0A097BQY7_Q75_lddt	RAA-1_Q75_lddt	9.838E-01	9.084E-01	9.723E-01	33.300	89	87	83
A0A097BQY7_Q75_lddt	D5HSX5_Q75_lddt	9.830E-01	9.076E-01	9.715E-01	41.300	89	87	83
A0A097BQY7_Q75_lddt	F8T7L4_Q75_lddt	9.817E-01	9.066E-01	9.702E-01	37.900	89	87	83
A0A097BQY7_Q75_lddt	Q5XQD3_Q75_lddt	9.816E-01	9.065E-01	9.701E-01	37.900	89	87	83
A0A097BQY7_Q75_lddt	A0A2Z2Z6H0_Q75_lddt	9.775E-01	9.136E-01	9.662E-01	47.100	89	87	84
A0A097BQY7_Q75_lddt	Q8VT49_Q75_lddt	9.815E-01	9.064E-01	9.700E-01	31.000	89	87	83
A0A097BQY7_Q75_lddt	P74842_Q75_lddt	9.812E-01	9.061E-01	9.697E-01	39.000	89	87	83
A0A097BQY7_Q75_lddt	Q9XBM2_Q75_lddt	9.656E-01	9.236E-01	9.547E-01	42.500	89	87	86
A0A097BQY7_Q75_lddt	AF-A0A0D0F642-F1-model_v4_Q75_lddt	9.803E-01	9.054E-01	9.689E-01	32.100	89	87	83
A0A097BQY7_Q75_lddt	Q5W3A6_Q75_lddt	9.761E-01	9.125E-01	9.649E-01	34.400	89	87	84
A0A097BQY7_Q75_lddt	G9MB50_Q75_lddt	9.781E-01	9.036E-01	9.667E-01	31.000	89	87	83
A0A097BQY7_Q75_lddt	G9M9P7_Q75_lddt	9.775E-01	9.030E-01	9.662E-01	29.800	89	87	83
A0A097BQY7_Q75_lddt	G9MB49_Q75_lddt	9.773E-01	9.029E-01	9.659E-01	31.000	89	87	83
A0A097BQY7_Q75_lddt	A0A0E0SR47_Q75_lddt	9.685E-01	9.162E-01	9.576E-01	40.200	89	87	85
A0A097BQY7_Q75_lddt	AF-E4WMC5-F1-model_v6_Q75_lddt	9.764E-01	9.020E-01	9.650E-01	35.600	89	87	83
A0A097BQY7_Q75_lddt	AF-A0A8E9ZWD0-F1-model_v6_Q75_lddt	9.738E-01	9.104E-01	9.517E-01	31.000	89	87	85
A0A097BQY7_Q75_lddt	AF-J9QX37-F1-model_v4_Q75_lddt	9.817E-01	8.852E-01	9.700E-01	28.700	89	87	81
A0A097BQY7_Q75_lddt	AF-F4NA56-F1-model_v4_Q75_lddt	9.636E-01	9.118E-01	9.528E-01	37.900	89	87	85
A0A097BQY7_Q75_lddt	Q9RAZ9_Q75_lddt	9.761E-01	8.912E-01	9.646E-01	31.000	89	87	82
A0A097BQY7_Q75_lddt	Q9X6W1_Q75_lddt	9.703E-01	8.965E-01	9.590E-01	32.100	89	87	83
A0A097BQY7_Q75_lddt	B5L5W7_Q75_lddt	9.696E-01	9.170E-01	9.373E-01	37.900	89	87	87
A0A097BQY7_Q75_lddt	A0A0B6VPP7_Q75_lddt	9.671E-01	8.938E-01	9.559E-01	31.000	89	87	83
A0A097BQY7_Q75_lddt	AF-A0A127SQY3-F1-model_v6_Q75_lddt	9.546E-01	8.829E-01	9.436E-01	25.200	89	87	83
A0A097BQY7_Q75_lddt	Q57509_Q75_lddt	9.498E-01	8.781E-01	9.282E-01	28.400	89	88	84
A0A097BQY7_Q75_lddt	C8C0I2_Q75_lddt	9.463E-01	8.755E-01	9.355E-01	32.100	89	87	83
A0A097BQY7_Q75_lddt	C8C0D8_Q75_lddt	9.173E-01	8.784E-01	9.072E-01	25.800	89	89	86
A0A097BQY7_Q75_lddt	Q9X4S7_Q75_lddt	9.145E-01	8.758E-01	9.045E-01	28.000	89	89	86
A0A097ZLX5_Q75_lddt	A0A097ZLX5_Q75_lddt	1.012E+00	1.000E+00	1.000E+00	100.000	84	84	84
A0A097ZLX5_Q75_lddt	C5HUY1_Q75_lddt	1.012E+00	9.999E-01	9.999E-01	100.000	84	84	84
A0A097ZLX5_Q75_lddt	C6GC02_Q75_lddt	1.012E+00	9.999E-01	9.999E-01	98.800	84	84	84
A0A097ZLX5_Q75_lddt	GES-41_Q75_lddt	1.010E+00	9.976E-01	9.976E-01	100.000	84	84	84
A0A097ZLX5_Q75_lddt	GES-44_Q75_lddt	1.009E+00	9.975E-01	9.975E-01	100.000	84	84	84
A0A097ZLX5_Q75_lddt	Q3SAW3_Q75_lddt	1.002E+00	9.898E-01	9.898E-01	71.400	84	84	84
A0A097ZLX5_Q75_lddt	SGM-5_Q75_lddt	9.979E-01	9.862E-01	9.747E-01	58.300	84	84	85
A0A097ZLX5_Q75_lddt	SGM-2_Q75_lddt	9.977E-01	9.860E-01	9.746E-01	54.700	84	84	85
A0A097ZLX5_Q75_lddt	AF-Q1NAL0-F1-model_v4_Q75_lddt	9.975E-01	9.858E-01	9.744E-01	55.900	84	84	85
A0A097ZLX5_Q75_lddt	SGM-3_Q75_lddt	9.975E-01	9.858E-01	9.744E-01	54.700	84	84	85
A0A097ZLX5_Q75_lddt	AF-A0A3G1JAD7-F1-model_v4_Q75_lddt	1.001E+00	9.657E-01	9.890E-01	53.500	84	84	82
A0A097ZLX5_Q75_lddt	A0A2Z2Z6H0_Q75_lddt	9.917E-01	9.801E-01	9.801E-01	69.000	84	84	84
A0A097ZLX5_Q75_lddt	AF-A0A1J0HSJ3-F1-model_v4_Q75_lddt	9.995E-01	9.643E-01	9.875E-01	51.100	84	84	82
A0A097ZLX5_Q75_lddt	OKP-C-1_Q75_lddt	9.973E-01	9.856E-01	9.630E-01	48.800	84	86	86
A0A097ZLX5_Q75_lddt	B7FDD9_Q75_lddt	9.966E-01	9.615E-01	9.846E-01	50.000	84	84	82
A0A097ZLX5_Q75_lddt	OKP-D-1_Q75_lddt	9.970E-01	9.853E-01	9.518E-01	48.200	84	87	87
A0A097ZLX5_Q75_lddt	AF-Q6W7F0-F1-model_v4_Q75_lddt	9.966E-01	9.849E-01	9.514E-01	55.100	84	87	87
A0A097ZLX5_Q75_lddt	Q2YHY7_Q75_lddt	9.960E-01	9.843E-01	9.509E-01	49.400	84	87	87
A0A097ZLX5_Q75_lddt	Q84H48_Q75_lddt	9.958E-01	9.841E-01	9.507E-01	49.400	84	87	87
A0A097ZLX5_Q75_lddt	Q84H47_Q75_lddt	9.954E-01	9.837E-01	9.503E-01	49.400	84	87	87
A0A097ZLX5_Q75_lddt	Q8VQV7_Q75_lddt	9.953E-01	9.837E-01	9.503E-01	49.400	84	87	87
A0A097ZLX5_Q75_lddt	Q8GHI3_Q75_lddt	9.952E-01	9.835E-01	9.501E-01	47.100	84	87	87
A0A097ZLX5_Q75_lddt	PER-16_Q75_lddt	9.839E-01	9.725E-01	9.725E-01	38.000	84	84	84
A0A097ZLX5_Q75_lddt	Q9R429_Q75_lddt	9.951E-01	9.834E-01	9.501E-01	48.200	84	87	87
A0A097ZLX5_Q75_lddt	B8YHZ8_Q75_lddt	9.948E-01	9.832E-01	9.498E-01	49.400	84	87	87
A0A097ZLX5_Q75_lddt	Q2YHX8_Q75_lddt	9.947E-01	9.830E-01	9.497E-01	48.200	84	87	87
A0A097ZLX5_Q75_lddt	H9AXM1_Q75_lddt	9.947E-01	9.830E-01	9.497E-01	45.900	84	87	87
A0A097ZLX5_Q75_lddt	B5D620_Q75_lddt	9.946E-01	9.830E-01	9.496E-01	49.400	84	87	87
A0A097ZLX5_Q75_lddt	Q5I6D4_Q75_lddt	9.945E-01	9.829E-01	9.495E-01	48.200	84	87	87
A0A097ZLX5_Q75_lddt	R4ISB3_Q75_lddt	9.944E-01	9.828E-01	9.495E-01	48.200	84	87	87
A0A097ZLX5_Q75_lddt	A0A455LS80_Q75_lddt	9.944E-01	9.828E-01	9.494E-01	49.400	84	87	87
A0A097ZLX5_Q75_lddt	A0A455LP02_Q75_lddt	9.943E-01	9.827E-01	9.494E-01	48.200	84	87	87
A0A097ZLX5_Q75_lddt	Q2YHX6_Q75_lddt	9.943E-01	9.827E-01	9.494E-01	48.200	84	87	87
A0A097ZLX5_Q75_lddt	E9NST5_Q75_lddt	9.942E-01	9.826E-01	9.493E-01	48.200	84	87	87
A0A097ZLX5_Q75_lddt	A0A0P0IGT7_Q75_lddt	9.942E-01	9.826E-01	9.493E-01	50.500	84	87	87
A0A097ZLX5_Q75_lddt	A0A455LP07_Q75_lddt	9.942E-01	9.826E-01	9.493E-01	48.200	84	87	87
A0A097ZLX5_Q75_lddt	A0A455LP13_Q75_lddt	9.942E-01	9.825E-01	9.492E-01	48.200	84	87	87
A0A097ZLX5_Q75_lddt	B5D612_Q75_lddt	9.942E-01	9.825E-01	9.492E-01	50.500	84	87	87
A0A097ZLX5_Q75_lddt	Q2YHZ3_Q75_lddt	9.941E-01	9.824E-01	9.491E-01	49.400	84	87	87
A0A097ZLX5_Q75_lddt	Q2YHZ5_Q75_lddt	9.941E-01	9.824E-01	9.491E-01	49.400	84	87	87
A0A097ZLX5_Q75_lddt	Q6ZY77_Q75_lddt	9.940E-01	9.824E-01	9.491E-01	50.500	84	87	87
A0A097ZLX5_Q75_lddt	AF-P18251-F1-model_v4_Q75_lddt	9.977E-01	9.860E-01	9.418E-01	47.600	84	86	88
A0A097ZLX5_Q75_lddt	Q2YHZ0_Q75_lddt	9.938E-01	9.822E-01	9.489E-01	49.400	84	87	87
A0A097ZLX5_Q75_lddt	Q6ZY58_Q75_lddt	9.937E-01	9.821E-01	9.488E-01	49.400	84	87	87
A0A097ZLX5_Q75_lddt	Q2YHZ2_Q75_lddt	9.935E-01	9.819E-01	9.486E-01	49.400	84	87	87
A0A097ZLX5_Q75_lddt	Q5PU78_Q75_lddt	9.935E-01	9.819E-01	9.486E-01	48.200	84	87	87
A0A097ZLX5_Q75_lddt	Q6ZY74_Q75_lddt	9.931E-01	9.815E-01	9.482E-01	49.400	84	87	87
A0A097ZLX5_Q75_lddt	Q6R5M7_Q75_lddt	9.930E-01	9.814E-01	9.481E-01	48.200	84	87	87
A0A097ZLX5_Q75_lddt	C8CE59_Q75_lddt	9.811E-01	9.697E-01	9.585E-01	50.000	84	86	85
A0A097ZLX5_Q75_lddt	C8CE60_Q75_lddt	9.808E-01	9.693E-01	9.581E-01	50.000	84	86	85
A0A097ZLX5_Q75_lddt	D5HSX5_Q75_lddt	9.846E-01	9.618E-01	9.731E-01	39.200	84	84	83
A0A097ZLX5_Q75_lddt	C0LSK3_Q75_lddt	9.961E-01	9.728E-01	9.505E-01	48.800	84	86	86
A0A097ZLX5_Q75_lddt	P14171_Q75_lddt	9.828E-01	9.714E-01	9.603E-01	41.100	84	85	85
A0A097ZLX5_Q75_lddt	F8T7L4_Q75_lddt	9.834E-01	9.606E-01	9.719E-01	34.500	84	84	83
A0A097ZLX5_Q75_lddt	Q5XQD3_Q75_lddt	9.832E-01	9.604E-01	9.717E-01	35.700	84	84	83
A0A097ZLX5_Q75_lddt	P74842_Q75_lddt	9.831E-01	9.603E-01	9.716E-01	36.900	84	84	83
A0A097ZLX5_Q75_lddt	AF-A0A867XYA1-F1-model_v4_Q75_lddt	9.934E-01	9.818E-01	9.380E-01	44.100	84	86	88
A0A097ZLX5_Q75_lddt	A3FFR2_Q75_lddt	9.952E-01	9.835E-01	9.291E-01	49.400	84	87	89
A0A097ZLX5_Q75_lddt	B9U2I6_Q75_lddt	9.945E-01	9.829E-01	9.285E-01	49.400	84	87	89
A0A097ZLX5_Q75_lddt	F8SQ10_Q75_lddt	9.944E-01	9.827E-01	9.284E-01	49.400	84	87	89
A0A097ZLX5_Q75_lddt	S4TWB0_Q75_lddt	9.943E-01	9.827E-01	9.284E-01	49.400	84	87	89
A0A097ZLX5_Q75_lddt	A0ZX91_Q75_lddt	9.943E-01	9.827E-01	9.284E-01	49.400	84	87	89
A0A097ZLX5_Q75_lddt	D5LGB4_Q75_lddt	9.943E-01	9.827E-01	9.284E-01	49.400	84	87	89
A0A097ZLX5_Q75_lddt	Q8VP57_Q75_lddt	9.943E-01	9.827E-01	9.283E-01	49.400	84	87	89
A0A097ZLX5_Q75_lddt	Q939H3_Q75_lddt	9.943E-01	9.827E-01	9.283E-01	49.400	84	87	89
A0A097ZLX5_Q75_lddt	A0A2P9E069_Q75_lddt	9.943E-01	9.826E-01	9.283E-01	49.400	84	87	89
A0A097ZLX5_Q75_lddt	A0ZX80_Q75_lddt	9.942E-01	9.825E-01	9.282E-01	49.400	84	87	89
A0A097ZLX5_Q75_lddt	Q939H5_Q75_lddt	9.940E-01	9.824E-01	9.281E-01	48.200	84	87	89
A0A097ZLX5_Q75_lddt	E5Q900_Q75_lddt	9.940E-01	9.824E-01	9.281E-01	49.400	84	87	89
A0A097ZLX5_Q75_lddt	Q0PGR7_Q75_lddt	9.939E-01	9.823E-01	9.280E-01	49.400	84	87	89
A0A097ZLX5_Q75_lddt	AF-E2D9D5-F1-model_v4_Q75_lddt	9.753E-01	9.641E-01	9.641E-01	33.300	84	84	84
A0A097ZLX5_Q75_lddt	E5G517_Q75_lddt	9.931E-01	9.815E-01	9.273E-01	49.400	84	87	89
A0A097ZLX5_Q75_lddt	A0A097BQY7_Q75_lddt	9.930E-01	9.814E-01	9.272E-01	49.400	84	87	89
A0A097ZLX5_Q75_lddt	Q2MJC2_Q75_lddt	9.929E-01	9.813E-01	9.271E-01	49.400	84	87	89
A0A097ZLX5_Q75_lddt	B0FP98_Q75_lddt	9.929E-01	9.813E-01	9.271E-01	49.400	84	87	89
A0A097ZLX5_Q75_lddt	H2ERK9_Q75_lddt	9.929E-01	9.813E-01	9.271E-01	49.400	84	87	89
A0A097ZLX5_Q75_lddt	O33677_Q75_lddt	9.777E-01	9.663E-01	9.443E-01	45.900	84	87	86
A0A097ZLX5_Q75_lddt	AF-A0A886X7X6-F1-model_v6_Q75_lddt	9.777E-01	9.664E-01	9.554E-01	40.400	84	84	85
A0A097ZLX5_Q75_lddt	Q8VP67_Q75_lddt	9.920E-01	9.804E-01	9.263E-01	49.400	84	87	89
A0A097ZLX5_Q75_lddt	Q8KRG7_Q75_lddt	9.919E-01	9.803E-01	9.263E-01	49.400	84	87	89
A0A097ZLX5_Q75_lddt	J7HZA4_Q75_lddt	9.919E-01	9.803E-01	9.262E-01	48.200	84	87	89
A0A097ZLX5_Q75_lddt	RAA-1_Q75_lddt	9.766E-01	9.541E-01	9.652E-01	33.300	84	84	83
A0A097ZLX5_Q75_lddt	Q9AMJ7_Q75_lddt	9.753E-01	9.529E-01	9.640E-01	36.900	84	84	83
A0A097ZLX5_Q75_lddt	A1YTM5_Q75_lddt	9.747E-01	9.523E-01	9.634E-01	36.900	84	84	83
A0A097ZLX5_Q75_lddt	AF-A0A0D0F642-F1-model_v4_Q75_lddt	9.720E-01	9.497E-01	9.607E-01	36.900	84	84	83
A0A097ZLX5_Q75_lddt	AF-J9QX37-F1-model_v4_Q75_lddt	9.801E-01	9.348E-01	9.683E-01	26.100	84	84	81
A0A097ZLX5_Q75_lddt	Q5W3A6_Q75_lddt	9.652E-01	9.543E-01	9.543E-01	32.100	84	84	84
A0A097ZLX5_Q75_lddt	Q8VT49_Q75_lddt	9.691E-01	9.470E-01	9.579E-01	33.300	84	84	83
A0A097ZLX5_Q75_lddt	AF-E4WMC5-F1-model_v6_Q75_lddt	9.688E-01	9.466E-01	9.576E-01	33.300	84	84	83
A0A097ZLX5_Q75_lddt	G9MB50_Q75_lddt	9.661E-01	9.440E-01	9.549E-01	32.100	84	84	83
A0A097ZLX5_Q75_lddt	G9M9P7_Q75_lddt	9.650E-01	9.430E-01	9.538E-01	34.500	84	84	83
A0A097ZLX5_Q75_lddt	G9MB49_Q75_lddt	9.649E-01	9.430E-01	9.538E-01	34.500	84	84	83
A0A097ZLX5_Q75_lddt	Q9X6W1_Q75_lddt	9.621E-01	9.401E-01	9.510E-01	39.200	84	84	83
A0A097ZLX5_Q75_lddt	AF-A0A8E9ZWD0-F1-model_v6_Q75_lddt	9.631E-01	9.522E-01	9.415E-01	36.900	84	84	85
A0A097ZLX5_Q75_lddt	A0A1W5QH29_Q75_lddt	9.545E-01	9.435E-01	9.327E-01	33.300	84	87	85
A0A097ZLX5_Q75_lddt	A0A1W5QCF3_Q75_lddt	9.537E-01	9.427E-01	9.320E-01	33.300	84	87	85
A0A097ZLX5_Q75_lddt	A0A1W5QG57_Q75_lddt	9.527E-01	9.418E-01	9.310E-01	32.100	84	87	85
A0A097ZLX5_Q75_lddt	Q9RAZ9_Q75_lddt	9.634E-01	9.306E-01	9.522E-01	32.100	84	84	82
A0A097ZLX5_Q75_lddt	A0A0B6VPP7_Q75_lddt	9.569E-01	9.352E-01	9.460E-01	38.000	84	84	83
A0A097ZLX5_Q75_lddt	A0A3Q8G682_Q75_lddt	9.554E-01	9.444E-01	9.232E-01	47.100	84	87	86
A0A097ZLX5_Q75_lddt	B5L5W7_Q75_lddt	9.604E-01	9.495E-01	9.182E-01	34.100	84	85	87
A0A097ZLX5_Q75_lddt	A0A0E0SR47_Q75_lddt	9.475E-01	9.367E-01	9.261E-01	32.100	84	87	85
A0A097ZLX5_Q75_lddt	AF-F4NA56-F1-model_v4_Q75_lddt	9.464E-01	9.356E-01	9.250E-01	33.300	84	87	85
A0A097ZLX5_Q75_lddt	Q9XBM2_Q75_lddt	9.429E-01	9.322E-01	9.115E-01	36.700	84	87	86
A0A097ZLX5_Q75_lddt	AF-A0A127SQY3-F1-model_v6_Q75_lddt	9.403E-01	9.193E-01	9.297E-01	27.300	84	84	83
A0A097ZLX5_Q75_lddt	Q57509_Q75_lddt	9.352E-01	9.142E-01	9.142E-01	34.100	84	85	84
A0A097ZLX5_Q75_lddt	C8C0I2_Q75_lddt	9.272E-01	9.065E-01	9.167E-01	35.200	84	85	83
A0A097ZLX5_Q75_lddt	C8C0D8_Q75_lddt	9.142E-01	9.040E-01	8.842E-01	27.200	84	88	86
A0A097ZLX5_Q75_lddt	Q9X4S7_Q75_lddt	9.127E-01	9.025E-01	8.829E-01	28.400	84	88	86
A0A0B6VPP7_Q75_lddt	A0A0B6VPP7_Q75_lddt	1.012E+00	1.000E+00	1.000E+00	100.000	83	83	83
A0A0B6VPP7_Q75_lddt	Q9X6W1_Q75_lddt	1.011E+00	9.991E-01	9.991E-01	92.700	83	83	83
A0A0B6VPP7_Q75_lddt	AF-A0A127SQY3-F1-model_v6_Q75_lddt	1.001E+00	9.890E-01	9.890E-01	48.100	83	83	83
A0A0B6VPP7_Q75_lddt	AF-A0A0D0F642-F1-model_v4_Q75_lddt	9.953E-01	9.835E-01	9.835E-01	65.000	83	83	83
A0A0B6VPP7_Q75_lddt	C8C0I2_Q75_lddt	9.911E-01	9.792E-01	9.792E-01	48.800	83	84	83
A0A0B6VPP7_Q75_lddt	A1YTM5_Q75_lddt	9.909E-01	9.792E-01	9.792E-01	57.800	83	83	83
A0A0B6VPP7_Q75_lddt	Q9AMJ7_Q75_lddt	9.908E-01	9.791E-01	9.791E-01	57.800	83	83	83
A0A0B6VPP7_Q75_lddt	G9MB50_Q75_lddt	9.899E-01	9.782E-01	9.782E-01	50.600	83	83	83
A0A0B6VPP7_Q75_lddt	G9MB49_Q75_lddt	9.898E-01	9.781E-01	9.781E-01	51.800	83	83	83
A0A0B6VPP7_Q75_lddt	G9M9P7_Q75_lddt	9.895E-01	9.778E-01	9.778E-01	51.800	83	83	83
A0A0B6VPP7_Q75_lddt	RAA-1_Q75_lddt	9.889E-01	9.772E-01	9.772E-01	53.000	83	83	83
A0A0B6VPP7_Q75_lddt	Q8VT49_Q75_lddt	9.885E-01	9.768E-01	9.768E-01	49.300	83	83	83
A0A0B6VPP7_Q75_lddt	AF-E2D9D5-F1-model_v4_Q75_lddt	9.912E-01	9.794E-01	9.679E-01	52.300	83	84	84
A0A0B6VPP7_Q75_lddt	Q5W3A6_Q75_lddt	9.906E-01	9.789E-01	9.674E-01	55.900	83	84	84
A0A0B6VPP7_Q75_lddt	Q9RAZ9_Q75_lddt	9.898E-01	9.664E-01	9.779E-01	51.800	83	83	82
A0A0B6VPP7_Q75_lddt	Q57509_Q75_lddt	9.871E-01	9.754E-01	9.639E-01	48.800	83	84	84
A0A0B6VPP7_Q75_lddt	AF-A0A886X7X6-F1-model_v6_Q75_lddt	9.909E-01	9.792E-01	9.565E-01	51.100	83	84	85
A0A0B6VPP7_Q75_lddt	P74842_Q75_lddt	9.819E-01	9.704E-01	9.704E-01	46.900	83	83	83
A0A0B6VPP7_Q75_lddt	D5HSX5_Q75_lddt	9.818E-01	9.703E-01	9.703E-01	49.300	83	83	83
A0A0B6VPP7_Q75_lddt	Q5XQD3_Q75_lddt	9.814E-01	9.699E-01	9.699E-01	43.300	83	83	83
A0A0B6VPP7_Q75_lddt	F8T7L4_Q75_lddt	9.814E-01	9.699E-01	9.699E-01	44.500	83	83	83
A0A0B6VPP7_Q75_lddt	PER-16_Q75_lddt	9.831E-01	9.715E-01	9.602E-01	45.200	83	84	84
A0A0B6VPP7_Q75_lddt	AF-E4WMC5-F1-model_v6_Q75_lddt	9.791E-01	9.676E-01	9.676E-01	48.100	83	83	83
A0A0B6VPP7_Q75_lddt	AF-A0A8E9ZWD0-F1-model_v6_Q75_lddt	9.789E-01	9.674E-01	9.452E-01	39.200	83	84	85
A0A0B6VPP7_Q75_lddt	AF-J9QX37-F1-model_v4_Q75_lddt	9.792E-01	9.447E-01	9.674E-01	38.500	83	83	81
A0A0B6VPP7_Q75_lddt	C8C0D8_Q75_lddt	9.731E-01	9.617E-01	9.289E-01	35.600	83	87	86
A0A0B6VPP7_Q75_lddt	Q9X4S7_Q75_lddt	9.731E-01	9.616E-01	9.288E-01	33.300	83	87	86
A0A0B6VPP7_Q75_lddt	AF-A0A3G1JAD7-F1-model_v4_Q75_lddt	9.678E-01	9.453E-01	9.564E-01	32.500	83	83	82
A0A0B6VPP7_Q75_lddt	AF-A0A1J0HSJ3-F1-model_v4_Q75_lddt	9.677E-01	9.452E-01	9.563E-01	31.300	83	83	82
A0A0B6VPP7_Q75_lddt	Q3SAW3_Q75_lddt	9.660E-01	9.548E-01	9.439E-01	36.900	83	84	84
A0A0B6VPP7_Q75_lddt	B7FDD9_Q75_lddt	9.662E-01	9.438E-01	9.549E-01	31.300	83	83	82
A0A0B6VPP7_Q75_lddt	C8CE59_Q75_lddt	9.685E-01	9.573E-01	9.356E-01	31.700	83	85	85
A0A0B6VPP7_Q75_lddt	SGM-2_Q75_lddt	9.666E-01	9.554E-01	9.337E-01	35.700	83	84	85
A0A0B6VPP7_Q75_lddt	SGM-3_Q75_lddt	9.664E-01	9.552E-01	9.335E-01	35.700	83	84	85
A0A0B6VPP7_Q75_lddt	C8CE60_Q75_lddt	9.664E-01	9.552E-01	9.336E-01	31.700	83	85	85
A0A0B6VPP7_Q75_lddt	H9AXM1_Q75_lddt	9.720E-01	9.607E-01	9.179E-01	28.700	83	87	87
A0A0B6VPP7_Q75_lddt	Q9R429_Q75_lddt	9.717E-01	9.603E-01	9.176E-01	29.800	83	87	87
A0A0B6VPP7_Q75_lddt	Q8GHI3_Q75_lddt	9.715E-01	9.602E-01	9.174E-01	28.700	83	87	87
A0A0B6VPP7_Q75_lddt	OKP-C-1_Q75_lddt	9.669E-01	9.557E-01	9.236E-01	30.200	83	86	86
A0A0B6VPP7_Q75_lddt	AF-Q6W7F0-F1-model_v4_Q75_lddt	9.699E-01	9.587E-01	9.161E-01	33.300	83	87	87
A0A0B6VPP7_Q75_lddt	Q2YHX6_Q75_lddt	9.692E-01	9.579E-01	9.154E-01	29.800	83	87	87
A0A0B6VPP7_Q75_lddt	Q84H48_Q75_lddt	9.690E-01	9.578E-01	9.153E-01	31.000	83	87	87
A0A0B6VPP7_Q75_lddt	GES-44_Q75_lddt	9.579E-01	9.469E-01	9.361E-01	38.000	83	84	84
A0A0B6VPP7_Q75_lddt	Q84H47_Q75_lddt	9.689E-01	9.577E-01	9.152E-01	31.000	83	87	87
A0A0B6VPP7_Q75_lddt	Q8VQV7_Q75_lddt	9.688E-01	9.575E-01	9.150E-01	31.000	83	87	87
A0A0B6VPP7_Q75_lddt	Q5PU78_Q75_lddt	9.689E-01	9.576E-01	9.151E-01	29.800	83	87	87
A0A0B6VPP7_Q75_lddt	Q2YHZ2_Q75_lddt	9.687E-01	9.575E-01	9.150E-01	29.800	83	87	87
A0A0B6VPP7_Q75_lddt	B5D612_Q75_lddt	9.687E-01	9.574E-01	9.150E-01	31.000	83	87	87
A0A0B6VPP7_Q75_lddt	Q5I6D4_Q75_lddt	9.686E-01	9.573E-01	9.149E-01	29.800	83	87	87
A0A0B6VPP7_Q75_lddt	A0A455LP07_Q75_lddt	9.686E-01	9.574E-01	9.149E-01	31.000	83	87	87
A0A0B6VPP7_Q75_lddt	Q2YHY7_Q75_lddt	9.684E-01	9.572E-01	9.147E-01	29.800	83	87	87
A0A0B6VPP7_Q75_lddt	E9NST5_Q75_lddt	9.685E-01	9.573E-01	9.149E-01	31.000	83	87	87
A0A0B6VPP7_Q75_lddt	B5D620_Q75_lddt	9.685E-01	9.573E-01	9.148E-01	29.800	83	87	87
A0A0B6VPP7_Q75_lddt	A0A455LP13_Q75_lddt	9.685E-01	9.573E-01	9.149E-01	31.000	83	87	87
A0A0B6VPP7_Q75_lddt	A0A0P0IGT7_Q75_lddt	9.685E-01	9.573E-01	9.148E-01	31.000	83	87	87
A0A0B6VPP7_Q75_lddt	A0A455LP02_Q75_lddt	9.684E-01	9.572E-01	9.147E-01	31.000	83	87	87
A0A0B6VPP7_Q75_lddt	B8YHZ8_Q75_lddt	9.683E-01	9.571E-01	9.147E-01	29.800	83	87	87
A0A0B6VPP7_Q75_lddt	A0A455LS80_Q75_lddt	9.684E-01	9.571E-01	9.147E-01	31.000	83	87	87
A0A0B6VPP7_Q75_lddt	Q2YHX8_Q75_lddt	9.683E-01	9.570E-01	9.146E-01	29.800	83	87	87
A0A0B6VPP7_Q75_lddt	R4ISB3_Q75_lddt	9.682E-01	9.570E-01	9.145E-01	31.000	83	87	87
A0A0B6VPP7_Q75_lddt	C5HUY1_Q75_lddt	9.570E-01	9.460E-01	9.353E-01	38.000	83	84	84
A0A0B6VPP7_Q75_lddt	A0A097ZLX5_Q75_lddt	9.569E-01	9.460E-01	9.352E-01	38.000	83	84	84
A0A0B6VPP7_Q75_lddt	Q6ZY77_Q75_lddt	9.678E-01	9.566E-01	9.142E-01	29.800	83	87	87
A0A0B6VPP7_Q75_lddt	Q2YHZ3_Q75_lddt	9.677E-01	9.565E-01	9.141E-01	29.800	83	87	87
A0A0B6VPP7_Q75_lddt	Q6R5M7_Q75_lddt	9.678E-01	9.566E-01	9.142E-01	29.800	83	87	87
A0A0B6VPP7_Q75_lddt	C6GC02_Q75_lddt	9.567E-01	9.457E-01	9.350E-01	36.900	83	84	84
A0A0B6VPP7_Q75_lddt	Q2YHZ5_Q75_lddt	9.677E-01	9.565E-01	9.141E-01	29.800	83	87	87
A0A0B6VPP7_Q75_lddt	Q2YHZ0_Q75_lddt	9.674E-01	9.562E-01	9.138E-01	29.800	83	87	87
A0A0B6VPP7_Q75_lddt	GES-41_Q75_lddt	9.562E-01	9.452E-01	9.345E-01	38.000	83	84	84
A0A0B6VPP7_Q75_lddt	Q6ZY74_Q75_lddt	9.673E-01	9.561E-01	9.137E-01	29.800	83	87	87
A0A0B6VPP7_Q75_lddt	AF-Q1NAL0-F1-model_v4_Q75_lddt	9.591E-01	9.481E-01	9.267E-01	36.900	83	84	85
A0A0B6VPP7_Q75_lddt	Q6ZY58_Q75_lddt	9.654E-01	9.543E-01	9.121E-01	29.800	83	87	87
A0A0B6VPP7_Q75_lddt	P14171_Q75_lddt	9.573E-01	9.463E-01	9.250E-01	24.700	83	85	85
A0A0B6VPP7_Q75_lddt	AF-P18251-F1-model_v4_Q75_lddt	9.682E-01	9.570E-01	9.045E-01	29.000	83	86	88
A0A0B6VPP7_Q75_lddt	A0A2Z2Z6H0_Q75_lddt	9.521E-01	9.412E-01	9.305E-01	33.300	83	84	84
A0A0B6VPP7_Q75_lddt	SGM-5_Q75_lddt	9.560E-01	9.450E-01	9.238E-01	38.000	83	84	85
A0A0B6VPP7_Q75_lddt	OKP-D-1_Q75_lddt	9.630E-01	9.518E-01	9.098E-01	28.700	83	87	87
A0A0B6VPP7_Q75_lddt	C0LSK3_Q75_lddt	9.672E-01	9.448E-01	9.130E-01	29.000	83	86	86
A0A0B6VPP7_Q75_lddt	E5G517_Q75_lddt	9.693E-01	9.580E-01	8.956E-01	31.000	83	87	89
A0A0B6VPP7_Q75_lddt	A0ZX91_Q75_lddt	9.691E-01	9.579E-01	8.955E-01	31.000	83	87	89
A0A0B6VPP7_Q75_lddt	Q8VP57_Q75_lddt	9.691E-01	9.579E-01	8.955E-01	31.000	83	87	89
A0A0B6VPP7_Q75_lddt	B9U2I6_Q75_lddt	9.690E-01	9.577E-01	8.954E-01	31.000	83	87	89
A0A0B6VPP7_Q75_lddt	A0ZX80_Q75_lddt	9.689E-01	9.576E-01	8.953E-01	31.000	83	87	89
A0A0B6VPP7_Q75_lddt	S4TWB0_Q75_lddt	9.689E-01	9.576E-01	8.953E-01	31.000	83	87	89
A0A0B6VPP7_Q75_lddt	D5LGB4_Q75_lddt	9.688E-01	9.576E-01	8.952E-01	31.000	83	87	89
A0A0B6VPP7_Q75_lddt	A0A2P9E069_Q75_lddt	9.688E-01	9.575E-01	8.952E-01	31.000	83	87	89
A0A0B6VPP7_Q75_lddt	Q2MJC2_Q75_lddt	9.686E-01	9.574E-01	8.951E-01	31.000	83	87	89
A0A0B6VPP7_Q75_lddt	AF-A0A867XYA1-F1-model_v4_Q75_lddt	9.651E-01	9.539E-01	9.018E-01	26.700	83	86	88
A0A0B6VPP7_Q75_lddt	E5Q900_Q75_lddt	9.686E-01	9.573E-01	8.950E-01	31.000	83	87	89
A0A0B6VPP7_Q75_lddt	Q939H3_Q75_lddt	9.685E-01	9.572E-01	8.950E-01	31.000	83	87	89
A0A0B6VPP7_Q75_lddt	F8SQ10_Q75_lddt	9.684E-01	9.572E-01	8.949E-01	31.000	83	87	89
A0A0B6VPP7_Q75_lddt	Q9XBM2_Q75_lddt	9.533E-01	9.423E-01	9.106E-01	24.100	83	87	86
A0A0B6VPP7_Q75_lddt	O33677_Q75_lddt	9.540E-01	9.430E-01	9.113E-01	28.700	83	87	86
A0A0B6VPP7_Q75_lddt	Q0PGR7_Q75_lddt	9.683E-01	9.571E-01	8.948E-01	31.000	83	87	89
A0A0B6VPP7_Q75_lddt	A3FFR2_Q75_lddt	9.683E-01	9.570E-01	8.947E-01	31.000	83	87	89
A0A0B6VPP7_Q75_lddt	Q939H5_Q75_lddt	9.680E-01	9.568E-01	8.946E-01	31.000	83	87	89
A0A0B6VPP7_Q75_lddt	H2ERK9_Q75_lddt	9.674E-01	9.562E-01	8.940E-01	31.000	83	87	89
A0A0B6VPP7_Q75_lddt	Q8VP67_Q75_lddt	9.672E-01	9.560E-01	8.938E-01	31.000	83	87	89
A0A0B6VPP7_Q75_lddt	A0A097BQY7_Q75_lddt	9.671E-01	9.559E-01	8.938E-01	31.000	83	87	89
A0A0B6VPP7_Q75_lddt	B0FP98_Q75_lddt	9.668E-01	9.556E-01	8.935E-01	31.000	83	87	89
A0A0B6VPP7_Q75_lddt	J7HZA4_Q75_lddt	9.668E-01	9.556E-01	8.935E-01	29.800	83	87	89
A0A0B6VPP7_Q75_lddt	Q8KRG7_Q75_lddt	9.667E-01	9.555E-01	8.934E-01	31.000	83	87	89
A0A0B6VPP7_Q75_lddt	B5L5W7_Q75_lddt	9.535E-01	9.425E-01	9.010E-01	32.900	83	85	87
A0A0B6VPP7_Q75_lddt	A0A0E0SR47_Q75_lddt	9.380E-01	9.273E-01	9.065E-01	31.000	83	87	85
A0A0B6VPP7_Q75_lddt	A0A3Q8G682_Q75_lddt	9.413E-01	9.305E-01	8.996E-01	29.800	83	87	86
A0A0B6VPP7_Q75_lddt	AF-F4NA56-F1-model_v4_Q75_lddt	9.306E-01	9.200E-01	8.996E-01	32.100	83	87	85
A0A0B6VPP7_Q75_lddt	A0A1W5QH29_Q75_lddt	9.293E-01	9.187E-01	8.983E-01	31.000	83	87	85
A0A0B6VPP7_Q75_lddt	A0A1W5QCF3_Q75_lddt	9.282E-01	9.176E-01	8.972E-01	29.800	83	87	85
A0A0B6VPP7_Q75_lddt	A0A1W5QG57_Q75_lddt	9.249E-01	9.144E-01	8.942E-01	31.000	83	87	85
A0A0E0SR47_Q75_lddt	A0A0E0SR47_Q75_lddt	1.012E+00	1.000E+00	1.000E+00	100.000	85	85	85
A0A0E0SR47_Q75_lddt	AF-F4NA56-F1-model_v4_Q75_lddt	1.009E+00	9.968E-01	9.968E-01	76.400	85	85	85
A0A0E0SR47_Q75_lddt	A0A1W5QCF3_Q75_lddt	9.963E-01	9.848E-01	9.848E-01	64.700	85	85	85
A0A0E0SR47_Q75_lddt	A0A1W5QH29_Q75_lddt	9.962E-01	9.847E-01	9.847E-01	64.700	85	85	85
A0A0E0SR47_Q75_lddt	A0A1W5QG57_Q75_lddt	9.937E-01	9.823E-01	9.823E-01	65.800	85	85	85
A0A0E0SR47_Q75_lddt	Q9XBM2_Q75_lddt	9.839E-01	9.727E-01	9.616E-01	53.400	85	86	86
A0A0E0SR47_Q75_lddt	A0A3Q8G682_Q75_lddt	9.748E-01	9.637E-01	9.529E-01	45.300	85	86	86
A0A0E0SR47_Q75_lddt	Q8GHI3_Q75_lddt	9.704E-01	9.594E-01	9.382E-01	41.300	85	87	87
A0A0E0SR47_Q75_lddt	Q84H48_Q75_lddt	9.704E-01	9.594E-01	9.382E-01	39.000	85	87	87
A0A0E0SR47_Q75_lddt	H9AXM1_Q75_lddt	9.703E-01	9.593E-01	9.381E-01	40.200	85	87	87
A0A0E0SR47_Q75_lddt	Q9R429_Q75_lddt	9.703E-01	9.593E-01	9.381E-01	42.500	85	87	87
A0A0E0SR47_Q75_lddt	A0A0P0IGT7_Q75_lddt	9.695E-01	9.586E-01	9.374E-01	39.000	85	87	87
A0A0E0SR47_Q75_lddt	E9NST5_Q75_lddt	9.693E-01	9.584E-01	9.372E-01	40.200	85	87	87
A0A0E0SR47_Q75_lddt	B5D612_Q75_lddt	9.693E-01	9.584E-01	9.372E-01	39.000	85	87	87
A0A0E0SR47_Q75_lddt	OKP-D-1_Q75_lddt	9.692E-01	9.582E-01	9.371E-01	37.900	85	87	87
A0A0E0SR47_Q75_lddt	Q8VQV7_Q75_lddt	9.691E-01	9.582E-01	9.370E-01	39.000	85	87	87
A0A0E0SR47_Q75_lddt	R4ISB3_Q75_lddt	9.691E-01	9.581E-01	9.369E-01	39.000	85	87	87
A0A0E0SR47_Q75_lddt	Q84H47_Q75_lddt	9.690E-01	9.581E-01	9.369E-01	39.000	85	87	87
A0A0E0SR47_Q75_lddt	AF-Q6W7F0-F1-model_v4_Q75_lddt	9.690E-01	9.581E-01	9.369E-01	39.000	85	87	87
A0A0E0SR47_Q75_lddt	A0A455LP02_Q75_lddt	9.690E-01	9.580E-01	9.369E-01	39.000	85	87	87
A0A0E0SR47_Q75_lddt	B8YHZ8_Q75_lddt	9.689E-01	9.580E-01	9.368E-01	39.000	85	87	87
A0A0E0SR47_Q75_lddt	A0A455LP07_Q75_lddt	9.689E-01	9.579E-01	9.368E-01	39.000	85	87	87
A0A0E0SR47_Q75_lddt	A0A455LP13_Q75_lddt	9.687E-01	9.578E-01	9.366E-01	39.000	85	87	87
A0A0E0SR47_Q75_lddt	B5D620_Q75_lddt	9.681E-01	9.572E-01	9.361E-01	39.000	85	87	87
A0A0E0SR47_Q75_lddt	Q2YHX6_Q75_lddt	9.679E-01	9.570E-01	9.359E-01	39.000	85	87	87
A0A0E0SR47_Q75_lddt	Q5I6D4_Q75_lddt	9.679E-01	9.569E-01	9.358E-01	39.000	85	87	87
A0A0E0SR47_Q75_lddt	Q2YHX8_Q75_lddt	9.677E-01	9.568E-01	9.357E-01	39.000	85	87	87
A0A0E0SR47_Q75_lddt	Q2YHY7_Q75_lddt	9.671E-01	9.562E-01	9.351E-01	39.000	85	87	87
A0A0E0SR47_Q75_lddt	Q6ZY77_Q75_lddt	9.670E-01	9.561E-01	9.350E-01	37.900	85	87	87
A0A0E0SR47_Q75_lddt	Q2YHZ3_Q75_lddt	9.669E-01	9.560E-01	9.349E-01	39.000	85	87	87
A0A0E0SR47_Q75_lddt	Q2YHZ5_Q75_lddt	9.666E-01	9.557E-01	9.347E-01	39.000	85	87	87
A0A0E0SR47_Q75_lddt	Q6ZY74_Q75_lddt	9.666E-01	9.557E-01	9.346E-01	39.000	85	87	87
A0A0E0SR47_Q75_lddt	Q2YHZ0_Q75_lddt	9.666E-01	9.557E-01	9.346E-01	39.000	85	87	87
A0A0E0SR47_Q75_lddt	A0A455LS80_Q75_lddt	9.666E-01	9.557E-01	9.346E-01	39.000	85	87	87
A0A0E0SR47_Q75_lddt	Q2YHZ2_Q75_lddt	9.665E-01	9.556E-01	9.345E-01	39.000	85	87	87
A0A0E0SR47_Q75_lddt	Q5PU78_Q75_lddt	9.664E-01	9.555E-01	9.344E-01	40.200	85	87	87
A0A0E0SR47_Q75_lddt	Q3SAW3_Q75_lddt	9.562E-01	9.344E-01	9.452E-01	35.600	85	87	84
A0A0E0SR47_Q75_lddt	Q6ZY58_Q75_lddt	9.657E-01	9.548E-01	9.338E-01	39.000	85	87	87
A0A0E0SR47_Q75_lddt	Q6R5M7_Q75_lddt	9.656E-01	9.548E-01	9.337E-01	40.200	85	87	87
A0A0E0SR47_Q75_lddt	OKP-C-1_Q75_lddt	9.580E-01	9.472E-01	9.366E-01	37.900	85	87	86
A0A0E0SR47_Q75_lddt	C0LSK3_Q75_lddt	9.684E-01	9.465E-01	9.360E-01	38.300	85	86	86
A0A0E0SR47_Q75_lddt	A3FFR2_Q75_lddt	9.705E-01	9.595E-01	9.179E-01	40.200	85	87	89
A0A0E0SR47_Q75_lddt	O33677_Q75_lddt	9.559E-01	9.451E-01	9.346E-01	41.300	85	87	86
A0A0E0SR47_Q75_lddt	B9U2I6_Q75_lddt	9.702E-01	9.592E-01	9.177E-01	40.200	85	87	89
A0A0E0SR47_Q75_lddt	Q8VP57_Q75_lddt	9.701E-01	9.592E-01	9.176E-01	40.200	85	87	89
A0A0E0SR47_Q75_lddt	A0A2P9E069_Q75_lddt	9.701E-01	9.591E-01	9.176E-01	40.200	85	87	89
A0A0E0SR47_Q75_lddt	A0ZX91_Q75_lddt	9.700E-01	9.591E-01	9.176E-01	40.200	85	87	89
A0A0E0SR47_Q75_lddt	S4TWB0_Q75_lddt	9.700E-01	9.590E-01	9.175E-01	40.200	85	87	89
A0A0E0SR47_Q75_lddt	D5LGB4_Q75_lddt	9.700E-01	9.591E-01	9.175E-01	40.200	85	87	89
A0A0E0SR47_Q75_lddt	E5Q900_Q75_lddt	9.699E-01	9.589E-01	9.174E-01	40.200	85	87	89
A0A0E0SR47_Q75_lddt	A0ZX80_Q75_lddt	9.698E-01	9.589E-01	9.174E-01	40.200	85	87	89
A0A0E0SR47_Q75_lddt	Q939H3_Q75_lddt	9.695E-01	9.585E-01	9.171E-01	39.000	85	87	89
A0A0E0SR47_Q75_lddt	Q0PGR7_Q75_lddt	9.695E-01	9.585E-01	9.170E-01	40.200	85	87	89
A0A0E0SR47_Q75_lddt	Q939H5_Q75_lddt	9.691E-01	9.581E-01	9.167E-01	40.200	85	87	89
A0A0E0SR47_Q75_lddt	F8SQ10_Q75_lddt	9.690E-01	9.580E-01	9.166E-01	40.200	85	87	89
A0A0E0SR47_Q75_lddt	A0A097BQY7_Q75_lddt	9.685E-01	9.576E-01	9.162E-01	40.200	85	87	89
A0A0E0SR47_Q75_lddt	GES-44_Q75_lddt	9.516E-01	9.300E-01	9.406E-01	32.100	85	87	84
A0A0E0SR47_Q75_lddt	Q2MJC2_Q75_lddt	9.685E-01	9.576E-01	9.162E-01	40.200	85	87	89
A0A0E0SR47_Q75_lddt	H2ERK9_Q75_lddt	9.684E-01	9.574E-01	9.161E-01	40.200	85	87	89
A0A0E0SR47_Q75_lddt	B0FP98_Q75_lddt	9.683E-01	9.574E-01	9.160E-01	39.000	85	87	89
A0A0E0SR47_Q75_lddt	Q8KRG7_Q75_lddt	9.670E-01	9.561E-01	9.149E-01	40.200	85	87	89
A0A0E0SR47_Q75_lddt	GES-41_Q75_lddt	9.501E-01	9.285E-01	9.392E-01	32.100	85	87	84
A0A0E0SR47_Q75_lddt	Q8VP67_Q75_lddt	9.667E-01	9.558E-01	9.145E-01	40.200	85	87	89
A0A0E0SR47_Q75_lddt	J7HZA4_Q75_lddt	9.665E-01	9.556E-01	9.143E-01	39.000	85	87	89
A0A0E0SR47_Q75_lddt	C8CE59_Q75_lddt	9.452E-01	9.346E-01	9.346E-01	39.000	85	87	85
A0A0E0SR47_Q75_lddt	C8CE60_Q75_lddt	9.446E-01	9.340E-01	9.340E-01	39.000	85	87	85
A0A0E0SR47_Q75_lddt	PER-16_Q75_lddt	9.477E-01	9.262E-01	9.368E-01	33.300	85	87	84
A0A0E0SR47_Q75_lddt	C5HUY1_Q75_lddt	9.477E-01	9.262E-01	9.368E-01	32.100	85	87	84
A0A0E0SR47_Q75_lddt	C6GC02_Q75_lddt	9.477E-01	9.262E-01	9.368E-01	31.000	85	87	84
A0A0E0SR47_Q75_lddt	A0A097ZLX5_Q75_lddt	9.475E-01	9.261E-01	9.367E-01	32.100	85	87	84
A0A0E0SR47_Q75_lddt	AF-A0A867XYA1-F1-model_v4_Q75_lddt	9.576E-01	9.468E-01	9.157E-01	35.600	85	87	88
A0A0E0SR47_Q75_lddt	E5G517_Q75_lddt	9.634E-01	9.525E-01	9.115E-01	39.000	85	87	89
A0A0E0SR47_Q75_lddt	AF-Q1NAL0-F1-model_v4_Q75_lddt	9.508E-01	9.292E-01	9.292E-01	36.700	85	87	85
A0A0E0SR47_Q75_lddt	AF-P18251-F1-model_v4_Q75_lddt	9.572E-01	9.464E-01	9.154E-01	37.900	85	87	88
A0A0E0SR47_Q75_lddt	Q5XQD3_Q75_lddt	9.503E-01	9.180E-01	9.393E-01	31.000	85	87	83
A0A0E0SR47_Q75_lddt	F8T7L4_Q75_lddt	9.502E-01	9.179E-01	9.392E-01	31.000	85	87	83
A0A0E0SR47_Q75_lddt	D5HSX5_Q75_lddt	9.501E-01	9.178E-01	9.391E-01	34.400	85	87	83
A0A0E0SR47_Q75_lddt	P74842_Q75_lddt	9.500E-01	9.176E-01	9.389E-01	33.300	85	87	83
A0A0E0SR47_Q75_lddt	A0A2Z2Z6H0_Q75_lddt	9.461E-01	9.247E-01	9.353E-01	36.700	85	87	84
A0A0E0SR47_Q75_lddt	SGM-5_Q75_lddt	9.494E-01	9.279E-01	9.279E-01	35.600	85	87	85
A0A0E0SR47_Q75_lddt	SGM-2_Q75_lddt	9.486E-01	9.271E-01	9.271E-01	34.400	85	87	85
A0A0E0SR47_Q75_lddt	SGM-3_Q75_lddt	9.471E-01	9.257E-01	9.257E-01	34.400	85	87	85
A0A0E0SR47_Q75_lddt	P14171_Q75_lddt	9.384E-01	9.278E-01	9.278E-01	35.600	85	87	85
A0A0E0SR47_Q75_lddt	AF-E4WMC5-F1-model_v6_Q75_lddt	9.455E-01	9.135E-01	9.346E-01	32.100	85	87	83
A0A0E0SR47_Q75_lddt	AF-A0A3G1JAD7-F1-model_v4_Q75_lddt	9.490E-01	9.059E-01	9.378E-01	35.600	85	87	82
A0A0E0SR47_Q75_lddt	AF-A0A1J0HSJ3-F1-model_v4_Q75_lddt	9.471E-01	9.042E-01	9.360E-01	35.600	85	87	82
A0A0E0SR47_Q75_lddt	B7FDD9_Q75_lddt	9.467E-01	9.038E-01	9.356E-01	35.600	85	87	82
A0A0E0SR47_Q75_lddt	AF-A0A8E9ZWD0-F1-model_v6_Q75_lddt	9.422E-01	9.210E-01	9.210E-01	36.700	85	87	85
A0A0E0SR47_Q75_lddt	Q5W3A6_Q75_lddt	9.385E-01	9.175E-01	9.279E-01	35.600	85	87	84
A0A0E0SR47_Q75_lddt	AF-E2D9D5-F1-model_v4_Q75_lddt	9.381E-01	9.171E-01	9.275E-01	33.300	85	87	84
A0A0E0SR47_Q75_lddt	Q9X6W1_Q75_lddt	9.419E-01	9.101E-01	9.311E-01	29.800	85	87	83
A0A0E0SR47_Q75_lddt	Q9AMJ7_Q75_lddt	9.413E-01	9.095E-01	9.305E-01	28.700	85	87	83
A0A0E0SR47_Q75_lddt	A1YTM5_Q75_lddt	9.410E-01	9.093E-01	9.302E-01	28.700	85	87	83
A0A0E0SR47_Q75_lddt	AF-A0A886X7X6-F1-model_v6_Q75_lddt	9.379E-01	9.168E-01	9.168E-01	34.400	85	87	85
A0A0E0SR47_Q75_lddt	RAA-1_Q75_lddt	9.382E-01	9.067E-01	9.275E-01	34.400	85	87	83
A0A0E0SR47_Q75_lddt	A0A0B6VPP7_Q75_lddt	9.380E-01	9.065E-01	9.273E-01	31.000	85	87	83
A0A0E0SR47_Q75_lddt	AF-A0A0D0F642-F1-model_v4_Q75_lddt	9.361E-01	9.047E-01	9.254E-01	33.300	85	87	83
A0A0E0SR47_Q75_lddt	AF-J9QX37-F1-model_v4_Q75_lddt	9.415E-01	8.885E-01	9.304E-01	33.300	85	87	81
A0A0E0SR47_Q75_lddt	AF-A0A127SQY3-F1-model_v6_Q75_lddt	9.276E-01	8.967E-01	9.171E-01	29.800	85	87	83
A0A0E0SR47_Q75_lddt	Q8VT49_Q75_lddt	9.285E-01	8.976E-01	9.180E-01	34.400	85	87	83
A0A0E0SR47_Q75_lddt	Q9RAZ9_Q75_lddt	9.295E-01	8.881E-01	9.188E-01	31.000	85	87	82
A0A0E0SR47_Q75_lddt	B5L5W7_Q75_lddt	9.198E-01	9.096E-01	8.899E-01	33.300	85	87	87
A0A0E0SR47_Q75_lddt	C8C0I2_Q75_lddt	9.195E-01	8.889E-01	9.091E-01	34.400	85	87	83
A0A0E0SR47_Q75_lddt	Q57509_Q75_lddt	9.213E-01	8.905E-01	9.005E-01	26.100	85	88	84
A0A0E0SR47_Q75_lddt	G9MB50_Q75_lddt	9.208E-01	8.904E-01	9.105E-01	29.800	85	87	83
A0A0E0SR47_Q75_lddt	G9MB49_Q75_lddt	9.193E-01	8.889E-01	9.089E-01	29.800	85	87	83
A0A0E0SR47_Q75_lddt	G9M9P7_Q75_lddt	9.193E-01	8.889E-01	9.089E-01	31.000	85	87	83
A0A0E0SR47_Q75_lddt	C8C0D8_Q75_lddt	8.957E-01	8.859E-01	8.763E-01	24.700	85	89	86
A0A0E0SR47_Q75_lddt	Q9X4S7_Q75_lddt	8.957E-01	8.859E-01	8.763E-01	24.700	85	89	86
A0A0P0IGT7_Q75_lddt	A0A0P0IGT7_Q75_lddt	1.012E+00	1.000E+00	1.000E+00	100.000	87	87	87
A0A0P0IGT7_Q75_lddt	B5D612_Q75_lddt	1.012E+00	9.999E-01	9.999E-01	100.000	87	87	87
A0A0P0IGT7_Q75_lddt	E9NST5_Q75_lddt	1.011E+00	9.998E-01	9.998E-01	97.700	87	87	87
A0A0P0IGT7_Q75_lddt	A0A455LP07_Q75_lddt	1.011E+00	9.997E-01	9.997E-01	96.500	87	87	87
A0A0P0IGT7_Q75_lddt	A0A455LP13_Q75_lddt	1.011E+00	9.997E-01	9.997E-01	96.500	87	87	87
A0A0P0IGT7_Q75_lddt	A0A455LP02_Q75_lddt	1.011E+00	9.997E-01	9.997E-01	96.500	87	87	87
A0A0P0IGT7_Q75_lddt	R4ISB3_Q75_lddt	1.011E+00	9.997E-01	9.997E-01	96.500	87	87	87
A0A0P0IGT7_Q75_lddt	B8YHZ8_Q75_lddt	1.011E+00	9.996E-01	9.996E-01	94.200	87	87	87
A0A0P0IGT7_Q75_lddt	Q84H48_Q75_lddt	1.011E+00	9.995E-01	9.995E-01	98.800	87	87	87
A0A0P0IGT7_Q75_lddt	Q5I6D4_Q75_lddt	1.011E+00	9.995E-01	9.995E-01	95.400	87	87	87
A0A0P0IGT7_Q75_lddt	Q2YHX8_Q75_lddt	1.011E+00	9.995E-01	9.995E-01	95.400	87	87	87
A0A0P0IGT7_Q75_lddt	B5D620_Q75_lddt	1.011E+00	9.995E-01	9.995E-01	94.200	87	87	87
A0A0P0IGT7_Q75_lddt	Q2YHX6_Q75_lddt	1.011E+00	9.995E-01	9.995E-01	95.400	87	87	87
A0A0P0IGT7_Q75_lddt	A0A455LS80_Q75_lddt	1.011E+00	9.995E-01	9.995E-01	97.700	87	87	87
A0A0P0IGT7_Q75_lddt	Q2YHZ5_Q75_lddt	1.011E+00	9.992E-01	9.992E-01	94.200	87	87	87
A0A0P0IGT7_Q75_lddt	Q5PU78_Q75_lddt	1.011E+00	9.992E-01	9.992E-01	94.200	87	87	87
A0A0P0IGT7_Q75_lddt	Q6ZY77_Q75_lddt	1.011E+00	9.992E-01	9.992E-01	93.100	87	87	87
A0A0P0IGT7_Q75_lddt	Q6ZY74_Q75_lddt	1.011E+00	9.992E-01	9.992E-01	94.200	87	87	87
A0A0P0IGT7_Q75_lddt	Q84H47_Q75_lddt	1.011E+00	9.992E-01	9.992E-01	98.800	87	87	87
A0A0P0IGT7_Q75_lddt	Q2YHZ2_Q75_lddt	1.011E+00	9.992E-01	9.992E-01	94.200	87	87	87
A0A0P0IGT7_Q75_lddt	Q2YHZ3_Q75_lddt	1.011E+00	9.991E-01	9.991E-01	94.200	87	87	87
A0A0P0IGT7_Q75_lddt	Q2YHZ0_Q75_lddt	1.011E+00	9.991E-01	9.991E-01	94.200	87	87	87
A0A0P0IGT7_Q75_lddt	Q6R5M7_Q75_lddt	1.011E+00	9.991E-01	9.991E-01	94.200	87	87	87
A0A0P0IGT7_Q75_lddt	Q8VQV7_Q75_lddt	1.011E+00	9.989E-01	9.989E-01	98.800	87	87	87
A0A0P0IGT7_Q75_lddt	Q6ZY58_Q75_lddt	1.010E+00	9.988E-01	9.988E-01	93.100	87	87	87
A0A0P0IGT7_Q75_lddt	Q2YHY7_Q75_lddt	1.010E+00	9.988E-01	9.988E-01	94.200	87	87	87
A0A0P0IGT7_Q75_lddt	Q9R429_Q75_lddt	1.010E+00	9.985E-01	9.985E-01	79.300	87	87	87
A0A0P0IGT7_Q75_lddt	Q8GHI3_Q75_lddt	1.010E+00	9.985E-01	9.985E-01	78.100	87	87	87
A0A0P0IGT7_Q75_lddt	AF-Q6W7F0-F1-model_v4_Q75_lddt	1.010E+00	9.983E-01	9.983E-01	85.000	87	87	87
A0A0P0IGT7_Q75_lddt	H9AXM1_Q75_lddt	1.010E+00	9.982E-01	9.982E-01	75.800	87	87	87
A0A0P0IGT7_Q75_lddt	OKP-D-1_Q75_lddt	1.009E+00	9.971E-01	9.971E-01	94.200	87	87	87
A0A0P0IGT7_Q75_lddt	OKP-C-1_Q75_lddt	1.010E+00	9.871E-01	9.986E-01	91.900	87	87	86
A0A0P0IGT7_Q75_lddt	C0LSK3_Q75_lddt	1.010E+00	9.868E-01	9.983E-01	94.100	87	86	86
A0A0P0IGT7_Q75_lddt	Q939H3_Q75_lddt	1.011E+00	9.997E-01	9.773E-01	97.700	87	87	89
A0A0P0IGT7_Q75_lddt	Q0PGR7_Q75_lddt	1.011E+00	9.996E-01	9.772E-01	93.100	87	87	89
A0A0P0IGT7_Q75_lddt	A0ZX80_Q75_lddt	1.011E+00	9.996E-01	9.771E-01	93.100	87	87	89
A0A0P0IGT7_Q75_lddt	A0A2P9E069_Q75_lddt	1.011E+00	9.995E-01	9.771E-01	93.100	87	87	89
A0A0P0IGT7_Q75_lddt	S4TWB0_Q75_lddt	1.011E+00	9.995E-01	9.771E-01	93.100	87	87	89
A0A0P0IGT7_Q75_lddt	B9U2I6_Q75_lddt	1.011E+00	9.995E-01	9.771E-01	93.100	87	87	89
A0A0P0IGT7_Q75_lddt	Q8VP57_Q75_lddt	1.011E+00	9.995E-01	9.771E-01	93.100	87	87	89
A0A0P0IGT7_Q75_lddt	A0ZX91_Q75_lddt	1.011E+00	9.995E-01	9.771E-01	93.100	87	87	89
A0A0P0IGT7_Q75_lddt	D5LGB4_Q75_lddt	1.011E+00	9.995E-01	9.771E-01	93.100	87	87	89
A0A0P0IGT7_Q75_lddt	E5Q900_Q75_lddt	1.011E+00	9.995E-01	9.771E-01	93.100	87	87	89
A0A0P0IGT7_Q75_lddt	A3FFR2_Q75_lddt	1.011E+00	9.995E-01	9.770E-01	93.100	87	87	89
A0A0P0IGT7_Q75_lddt	H2ERK9_Q75_lddt	1.011E+00	9.992E-01	9.768E-01	93.100	87	87	89
A0A0P0IGT7_Q75_lddt	Q2MJC2_Q75_lddt	1.011E+00	9.992E-01	9.767E-01	93.100	87	87	89
A0A0P0IGT7_Q75_lddt	B0FP98_Q75_lddt	1.011E+00	9.991E-01	9.767E-01	91.900	87	87	89
A0A0P0IGT7_Q75_lddt	F8SQ10_Q75_lddt	1.011E+00	9.991E-01	9.767E-01	93.100	87	87	89
A0A0P0IGT7_Q75_lddt	Q939H5_Q75_lddt	1.011E+00	9.990E-01	9.766E-01	91.900	87	87	89
A0A0P0IGT7_Q75_lddt	A0A097BQY7_Q75_lddt	1.011E+00	9.990E-01	9.766E-01	93.100	87	87	89
A0A0P0IGT7_Q75_lddt	C8CE59_Q75_lddt	1.011E+00	9.762E-01	9.991E-01	90.800	87	87	85
A0A0P0IGT7_Q75_lddt	Q8VP67_Q75_lddt	1.010E+00	9.988E-01	9.764E-01	93.100	87	87	89
A0A0P0IGT7_Q75_lddt	Q8KRG7_Q75_lddt	1.010E+00	9.988E-01	9.764E-01	93.100	87	87	89
A0A0P0IGT7_Q75_lddt	J7HZA4_Q75_lddt	1.010E+00	9.988E-01	9.764E-01	91.900	87	87	89
A0A0P0IGT7_Q75_lddt	C8CE60_Q75_lddt	1.011E+00	9.760E-01	9.989E-01	90.800	87	87	85
A0A0P0IGT7_Q75_lddt	O33677_Q75_lddt	1.004E+00	9.811E-01	9.925E-01	77.000	87	87	86
A0A0P0IGT7_Q75_lddt	E5G517_Q75_lddt	1.006E+00	9.941E-01	9.718E-01	91.900	87	87	89
A0A0P0IGT7_Q75_lddt	AF-A0A867XYA1-F1-model_v4_Q75_lddt	1.010E+00	9.871E-01	9.759E-01	83.900	87	87	88
A0A0P0IGT7_Q75_lddt	AF-P18251-F1-model_v4_Q75_lddt	1.009E+00	9.859E-01	9.747E-01	88.500	87	87	88
A0A0P0IGT7_Q75_lddt	B7FDD9_Q75_lddt	1.011E+00	9.410E-01	9.982E-01	87.300	87	87	82
A0A0P0IGT7_Q75_lddt	P14171_Q75_lddt	9.924E-01	9.588E-01	9.810E-01	54.000	87	87	85
A0A0P0IGT7_Q75_lddt	Q3SAW3_Q75_lddt	9.954E-01	9.503E-01	9.837E-01	54.000	87	87	84
A0A0P0IGT7_Q75_lddt	C5HUY1_Q75_lddt	9.944E-01	9.494E-01	9.827E-01	50.500	87	87	84
A0A0P0IGT7_Q75_lddt	C6GC02_Q75_lddt	9.943E-01	9.494E-01	9.827E-01	49.400	87	87	84
A0A0P0IGT7_Q75_lddt	A0A097ZLX5_Q75_lddt	9.942E-01	9.493E-01	9.826E-01	50.500	87	87	84
A0A0P0IGT7_Q75_lddt	AF-A0A1J0HSJ3-F1-model_v4_Q75_lddt	1.002E+00	9.336E-01	9.900E-01	55.100	87	87	82
A0A0P0IGT7_Q75_lddt	AF-A0A3G1JAD7-F1-model_v4_Q75_lddt	1.001E+00	9.327E-01	9.889E-01	55.100	87	87	82
A0A0P0IGT7_Q75_lddt	GES-44_Q75_lddt	9.924E-01	9.476E-01	9.808E-01	50.500	87	87	84
A0A0P0IGT7_Q75_lddt	GES-41_Q75_lddt	9.922E-01	9.474E-01	9.806E-01	50.500	87	87	84
A0A0P0IGT7_Q75_lddt	SGM-3_Q75_lddt	9.943E-01	9.494E-01	9.713E-01	51.700	87	87	85
A0A0P0IGT7_Q75_lddt	SGM-2_Q75_lddt	9.942E-01	9.492E-01	9.712E-01	51.700	87	87	85
A0A0P0IGT7_Q75_lddt	PER-16_Q75_lddt	9.858E-01	9.415E-01	9.743E-01	41.300	87	87	84
A0A0P0IGT7_Q75_lddt	AF-E2D9D5-F1-model_v4_Q75_lddt	9.851E-01	9.410E-01	9.737E-01	29.800	87	87	84
A0A0P0IGT7_Q75_lddt	AF-A0A886X7X6-F1-model_v6_Q75_lddt	9.878E-01	9.434E-01	9.651E-01	32.100	87	87	85
A0A0P0IGT7_Q75_lddt	Q9AMJ7_Q75_lddt	9.873E-01	9.319E-01	9.757E-01	28.700	87	87	83
A0A0P0IGT7_Q75_lddt	A0A1W5QH29_Q75_lddt	9.787E-01	9.460E-01	9.676E-01	37.900	87	87	85
A0A0P0IGT7_Q75_lddt	A1YTM5_Q75_lddt	9.869E-01	9.315E-01	9.753E-01	28.700	87	87	83
A0A0P0IGT7_Q75_lddt	SGM-5_Q75_lddt	9.864E-01	9.421E-01	9.637E-01	50.500	87	87	85
A0A0P0IGT7_Q75_lddt	A0A1W5QCF3_Q75_lddt	9.777E-01	9.451E-01	9.666E-01	37.900	87	87	85
A0A0P0IGT7_Q75_lddt	RAA-1_Q75_lddt	9.859E-01	9.306E-01	9.744E-01	31.000	87	87	83
A0A0P0IGT7_Q75_lddt	A0A2Z2Z6H0_Q75_lddt	9.812E-01	9.374E-01	9.699E-01	48.200	87	87	84
A0A0P0IGT7_Q75_lddt	A0A3Q8G682_Q75_lddt	9.698E-01	9.482E-01	9.589E-01	54.000	87	87	86
A0A0P0IGT7_Q75_lddt	AF-Q1NAL0-F1-model_v4_Q75_lddt	9.848E-01	9.407E-01	9.622E-01	51.700	87	87	85
A0A0P0IGT7_Q75_lddt	D5HSX5_Q75_lddt	9.847E-01	9.295E-01	9.732E-01	41.300	87	87	83
A0A0P0IGT7_Q75_lddt	F8T7L4_Q75_lddt	9.835E-01	9.285E-01	9.720E-01	37.900	87	87	83
A0A0P0IGT7_Q75_lddt	Q5XQD3_Q75_lddt	9.834E-01	9.283E-01	9.718E-01	39.000	87	87	83
A0A0P0IGT7_Q75_lddt	P74842_Q75_lddt	9.831E-01	9.281E-01	9.716E-01	39.000	87	87	83
A0A0P0IGT7_Q75_lddt	A0A1W5QG57_Q75_lddt	9.747E-01	9.423E-01	9.637E-01	37.900	87	87	85
A0A0P0IGT7_Q75_lddt	Q9XBM2_Q75_lddt	9.678E-01	9.463E-01	9.569E-01	41.300	87	87	86
A0A0P0IGT7_Q75_lddt	Q8VT49_Q75_lddt	9.829E-01	9.279E-01	9.713E-01	31.000	87	87	83
A0A0P0IGT7_Q75_lddt	Q5W3A6_Q75_lddt	9.783E-01	9.347E-01	9.670E-01	33.300	87	87	84
A0A0P0IGT7_Q75_lddt	AF-A0A0D0F642-F1-model_v4_Q75_lddt	9.820E-01	9.271E-01	9.705E-01	32.100	87	87	83
A0A0P0IGT7_Q75_lddt	AF-E4WMC5-F1-model_v6_Q75_lddt	9.786E-01	9.240E-01	9.671E-01	37.900	87	87	83
A0A0P0IGT7_Q75_lddt	G9MB50_Q75_lddt	9.781E-01	9.236E-01	9.667E-01	29.800	87	87	83
A0A0P0IGT7_Q75_lddt	A0A0E0SR47_Q75_lddt	9.695E-01	9.374E-01	9.586E-01	39.000	87	87	85
A0A0P0IGT7_Q75_lddt	G9M9P7_Q75_lddt	9.775E-01	9.231E-01	9.662E-01	29.800	87	87	83
A0A0P0IGT7_Q75_lddt	G9MB49_Q75_lddt	9.773E-01	9.229E-01	9.659E-01	31.000	87	87	83
A0A0P0IGT7_Q75_lddt	AF-A0A8E9ZWD0-F1-model_v6_Q75_lddt	9.748E-01	9.315E-01	9.526E-01	31.000	87	87	85
A0A0P0IGT7_Q75_lddt	AF-J9QX37-F1-model_v4_Q75_lddt	9.821E-01	9.052E-01	9.703E-01	28.700	87	87	81
A0A0P0IGT7_Q75_lddt	Q9X6W1_Q75_lddt	9.717E-01	9.177E-01	9.604E-01	32.100	87	87	83
A0A0P0IGT7_Q75_lddt	Q9RAZ9_Q75_lddt	9.773E-01	9.121E-01	9.658E-01	31.000	87	87	82
A0A0P0IGT7_Q75_lddt	AF-F4NA56-F1-model_v4_Q75_lddt	9.643E-01	9.325E-01	9.535E-01	37.900	87	87	85
A0A0P0IGT7_Q75_lddt	B5L5W7_Q75_lddt	9.685E-01	9.363E-01	9.363E-01	37.900	87	87	87
A0A0P0IGT7_Q75_lddt	A0A0B6VPP7_Q75_lddt	9.685E-01	9.148E-01	9.573E-01	31.000	87	87	83
A0A0P0IGT7_Q75_lddt	AF-A0A127SQY3-F1-model_v6_Q75_lddt	9.551E-01	9.028E-01	9.442E-01	25.200	87	87	83
A0A0P0IGT7_Q75_lddt	Q57509_Q75_lddt	9.509E-01	8.985E-01	9.292E-01	27.200	87	88	84
A0A0P0IGT7_Q75_lddt	C8C0I2_Q75_lddt	9.479E-01	8.960E-01	9.370E-01	33.300	87	87	83
A0A0P0IGT7_Q75_lddt	C8C0D8_Q75_lddt	9.178E-01	8.979E-01	9.077E-01	25.800	87	89	86
A0A0P0IGT7_Q75_lddt	Q9X4S7_Q75_lddt	9.156E-01	8.958E-01	9.056E-01	28.000	87	89	86
F8SQ10_Q75_lddt	F8SQ10_Q75_lddt	1.011E+00	1.000E+00	1.000E+00	100.000	89	89	89
F8SQ10_Q75_lddt	A3FFR2_Q75_lddt	1.011E+00	9.994E-01	9.994E-01	100.000	89	89	89
F8SQ10_Q75_lddt	Q8VP57_Q75_lddt	1.011E+00	9.994E-01	9.994E-01	100.000	89	89	89
F8SQ10_Q75_lddt	A0ZX80_Q75_lddt	1.011E+00	9.993E-01	9.993E-01	100.000	89	89	89
F8SQ10_Q75_lddt	S4TWB0_Q75_lddt	1.011E+00	9.993E-01	9.993E-01	100.000	89	89	89
F8SQ10_Q75_lddt	B9U2I6_Q75_lddt	1.011E+00	9.992E-01	9.992E-01	100.000	89	89	89
F8SQ10_Q75_lddt	A0A2P9E069_Q75_lddt	1.011E+00	9.992E-01	9.992E-01	100.000	89	89	89
F8SQ10_Q75_lddt	A0ZX91_Q75_lddt	1.011E+00	9.992E-01	9.992E-01	100.000	89	89	89
F8SQ10_Q75_lddt	H2ERK9_Q75_lddt	1.010E+00	9.991E-01	9.991E-01	100.000	89	89	89
F8SQ10_Q75_lddt	D5LGB4_Q75_lddt	1.010E+00	9.991E-01	9.991E-01	100.000	89	89	89
F8SQ10_Q75_lddt	E5Q900_Q75_lddt	1.010E+00	9.990E-01	9.990E-01	100.000	89	89	89
F8SQ10_Q75_lddt	Q0PGR7_Q75_lddt	1.010E+00	9.989E-01	9.989E-01	98.800	89	89	89
F8SQ10_Q75_lddt	B0FP98_Q75_lddt	1.010E+00	9.988E-01	9.988E-01	98.800	89	89	89
F8SQ10_Q75_lddt	Q939H5_Q75_lddt	1.010E+00	9.988E-01	9.988E-01	98.800	89	89	89
F8SQ10_Q75_lddt	Q2MJC2_Q75_lddt	1.010E+00	9.985E-01	9.985E-01	100.000	89	89	89
F8SQ10_Q75_lddt	J7HZA4_Q75_lddt	1.010E+00	9.984E-01	9.984E-01	98.800	89	89	89
F8SQ10_Q75_lddt	Q8VP67_Q75_lddt	1.010E+00	9.982E-01	9.982E-01	100.000	89	89	89
F8SQ10_Q75_lddt	Q8KRG7_Q75_lddt	1.010E+00	9.982E-01	9.982E-01	98.800	89	89	89
F8SQ10_Q75_lddt	A0A097BQY7_Q75_lddt	1.009E+00	9.981E-01	9.981E-01	100.000	89	89	89
F8SQ10_Q75_lddt	Q939H3_Q75_lddt	1.009E+00	9.978E-01	9.978E-01	92.100	89	89	89
F8SQ10_Q75_lddt	E5G517_Q75_lddt	1.005E+00	9.938E-01	9.938E-01	98.800	89	89	89
F8SQ10_Q75_lddt	Q5I6D4_Q75_lddt	1.011E+00	9.767E-01	9.992E-01	95.400	89	87	87
F8SQ10_Q75_lddt	AF-A0A867XYA1-F1-model_v4_Q75_lddt	1.007E+00	9.842E-01	9.953E-01	88.700	89	89	88
F8SQ10_Q75_lddt	Q2YHX6_Q75_lddt	1.011E+00	9.767E-01	9.992E-01	95.400	89	87	87
F8SQ10_Q75_lddt	B8YHZ8_Q75_lddt	1.011E+00	9.767E-01	9.992E-01	94.200	89	87	87
F8SQ10_Q75_lddt	A0A0P0IGT7_Q75_lddt	1.011E+00	9.767E-01	9.991E-01	93.100	89	87	87
F8SQ10_Q75_lddt	Q2YHX8_Q75_lddt	1.011E+00	9.767E-01	9.991E-01	95.400	89	87	87
F8SQ10_Q75_lddt	B5D620_Q75_lddt	1.011E+00	9.767E-01	9.991E-01	94.200	89	87	87
F8SQ10_Q75_lddt	B5D612_Q75_lddt	1.011E+00	9.766E-01	9.990E-01	93.100	89	87	87
F8SQ10_Q75_lddt	A0A455LP13_Q75_lddt	1.011E+00	9.766E-01	9.990E-01	93.100	89	87	87
F8SQ10_Q75_lddt	A0A455LP07_Q75_lddt	1.011E+00	9.765E-01	9.990E-01	93.100	89	87	87
F8SQ10_Q75_lddt	E9NST5_Q75_lddt	1.011E+00	9.765E-01	9.989E-01	90.800	89	87	87
F8SQ10_Q75_lddt	A0A455LP02_Q75_lddt	1.011E+00	9.765E-01	9.989E-01	93.100	89	87	87
F8SQ10_Q75_lddt	R4ISB3_Q75_lddt	1.010E+00	9.765E-01	9.989E-01	93.100	89	87	87
F8SQ10_Q75_lddt	Q6ZY74_Q75_lddt	1.010E+00	9.762E-01	9.986E-01	94.200	89	87	87
F8SQ10_Q75_lddt	Q6R5M7_Q75_lddt	1.010E+00	9.761E-01	9.986E-01	94.200	89	87	87
F8SQ10_Q75_lddt	Q5PU78_Q75_lddt	1.010E+00	9.761E-01	9.985E-01	94.200	89	87	87
F8SQ10_Q75_lddt	Q84H48_Q75_lddt	1.010E+00	9.761E-01	9.985E-01	91.900	89	87	87
F8SQ10_Q75_lddt	A0A455LS80_Q75_lddt	1.010E+00	9.761E-01	9.985E-01	94.200	89	87	87
F8SQ10_Q75_lddt	Q2YHZ5_Q75_lddt	1.010E+00	9.761E-01	9.985E-01	94.200	89	87	87
F8SQ10_Q75_lddt	Q6ZY77_Q75_lddt	1.010E+00	9.760E-01	9.984E-01	93.100	89	87	87
F8SQ10_Q75_lddt	Q2YHZ2_Q75_lddt	1.010E+00	9.760E-01	9.984E-01	94.200	89	87	87
F8SQ10_Q75_lddt	AF-P18251-F1-model_v4_Q75_lddt	1.006E+00	9.835E-01	9.946E-01	95.500	89	89	88
F8SQ10_Q75_lddt	Q2YHZ0_Q75_lddt	1.010E+00	9.759E-01	9.983E-01	94.200	89	87	87
F8SQ10_Q75_lddt	Q2YHZ3_Q75_lddt	1.010E+00	9.759E-01	9.983E-01	94.200	89	87	87
F8SQ10_Q75_lddt	Q9R429_Q75_lddt	1.010E+00	9.758E-01	9.982E-01	81.600	89	87	87
F8SQ10_Q75_lddt	Q8GHI3_Q75_lddt	1.010E+00	9.757E-01	9.981E-01	80.400	89	87	87
F8SQ10_Q75_lddt	Q6ZY58_Q75_lddt	1.010E+00	9.757E-01	9.980E-01	93.100	89	87	87
F8SQ10_Q75_lddt	Q2YHY7_Q75_lddt	1.009E+00	9.755E-01	9.979E-01	94.200	89	87	87
F8SQ10_Q75_lddt	H9AXM1_Q75_lddt	1.009E+00	9.752E-01	9.976E-01	78.100	89	87	87
F8SQ10_Q75_lddt	Q84H47_Q75_lddt	1.009E+00	9.752E-01	9.976E-01	91.900	89	87	87
F8SQ10_Q75_lddt	AF-Q6W7F0-F1-model_v4_Q75_lddt	1.009E+00	9.749E-01	9.973E-01	83.900	89	87	87
F8SQ10_Q75_lddt	Q8VQV7_Q75_lddt	1.009E+00	9.748E-01	9.972E-01	91.900	89	87	87
F8SQ10_Q75_lddt	OKP-D-1_Q75_lddt	1.008E+00	9.737E-01	9.960E-01	91.900	89	87	87
F8SQ10_Q75_lddt	OKP-C-1_Q75_lddt	1.010E+00	9.645E-01	9.981E-01	96.500	89	87	86
F8SQ10_Q75_lddt	C0LSK3_Q75_lddt	1.009E+00	9.636E-01	9.972E-01	94.100	89	86	86
F8SQ10_Q75_lddt	C8CE59_Q75_lddt	1.010E+00	9.538E-01	9.986E-01	97.700	89	87	85
F8SQ10_Q75_lddt	C8CE60_Q75_lddt	1.010E+00	9.537E-01	9.985E-01	97.700	89	87	85
F8SQ10_Q75_lddt	O33677_Q75_lddt	1.003E+00	9.586E-01	9.917E-01	79.300	89	87	86
F8SQ10_Q75_lddt	B7FDD9_Q75_lddt	1.009E+00	9.188E-01	9.970E-01	94.200	89	87	82
F8SQ10_Q75_lddt	P14171_Q75_lddt	9.912E-01	9.365E-01	9.797E-01	56.300	89	87	85
F8SQ10_Q75_lddt	Q3SAW3_Q75_lddt	9.952E-01	9.291E-01	9.835E-01	56.300	89	87	84
F8SQ10_Q75_lddt	C5HUY1_Q75_lddt	9.945E-01	9.285E-01	9.828E-01	49.400	89	87	84
F8SQ10_Q75_lddt	C6GC02_Q75_lddt	9.944E-01	9.284E-01	9.827E-01	48.200	89	87	84
F8SQ10_Q75_lddt	A0A097ZLX5_Q75_lddt	9.944E-01	9.284E-01	9.827E-01	49.400	89	87	84
F8SQ10_Q75_lddt	AF-A0A1J0HSJ3-F1-model_v4_Q75_lddt	1.001E+00	9.123E-01	9.893E-01	52.800	89	87	82
F8SQ10_Q75_lddt	GES-44_Q75_lddt	9.932E-01	9.273E-01	9.815E-01	49.400	89	87	84
F8SQ10_Q75_lddt	GES-41_Q75_lddt	9.928E-01	9.270E-01	9.812E-01	49.400	89	87	84
F8SQ10_Q75_lddt	AF-A0A3G1JAD7-F1-model_v4_Q75_lddt	1.000E+00	9.112E-01	9.881E-01	54.000	89	87	82
F8SQ10_Q75_lddt	SGM-3_Q75_lddt	9.940E-01	9.281E-01	9.710E-01	54.000	89	87	85
F8SQ10_Q75_lddt	SGM-2_Q75_lddt	9.938E-01	9.279E-01	9.708E-01	54.000	89	87	85
F8SQ10_Q75_lddt	PER-16_Q75_lddt	9.862E-01	9.213E-01	9.748E-01	41.300	89	87	84
F8SQ10_Q75_lddt	AF-E2D9D5-F1-model_v4_Q75_lddt	9.856E-01	9.208E-01	9.742E-01	31.000	89	87	84
F8SQ10_Q75_lddt	AF-A0A886X7X6-F1-model_v6_Q75_lddt	9.884E-01	9.232E-01	9.657E-01	32.100	89	87	85
F8SQ10_Q75_lddt	A0A2Z2Z6H0_Q75_lddt	9.831E-01	9.186E-01	9.718E-01	47.100	89	87	84
F8SQ10_Q75_lddt	Q9AMJ7_Q75_lddt	9.873E-01	9.114E-01	9.757E-01	31.000	89	87	83
F8SQ10_Q75_lddt	RAA-1_Q75_lddt	9.870E-01	9.111E-01	9.754E-01	33.300	89	87	83
F8SQ10_Q75_lddt	A1YTM5_Q75_lddt	9.868E-01	9.110E-01	9.752E-01	31.000	89	87	83
F8SQ10_Q75_lddt	A0A1W5QH29_Q75_lddt	9.774E-01	9.242E-01	9.663E-01	37.900	89	87	85
F8SQ10_Q75_lddt	SGM-5_Q75_lddt	9.856E-01	9.207E-01	9.630E-01	50.500	89	87	85
F8SQ10_Q75_lddt	D5HSX5_Q75_lddt	9.852E-01	9.096E-01	9.737E-01	41.300	89	87	83
F8SQ10_Q75_lddt	AF-Q1NAL0-F1-model_v4_Q75_lddt	9.849E-01	9.201E-01	9.623E-01	54.000	89	87	85
F8SQ10_Q75_lddt	A0A1W5QCF3_Q75_lddt	9.764E-01	9.233E-01	9.653E-01	37.900	89	87	85
F8SQ10_Q75_lddt	F8T7L4_Q75_lddt	9.841E-01	9.086E-01	9.726E-01	37.900	89	87	83
F8SQ10_Q75_lddt	Q5XQD3_Q75_lddt	9.840E-01	9.085E-01	9.724E-01	37.900	89	87	83
F8SQ10_Q75_lddt	P74842_Q75_lddt	9.837E-01	9.082E-01	9.721E-01	39.000	89	87	83
F8SQ10_Q75_lddt	Q9XBM2_Q75_lddt	9.684E-01	9.262E-01	9.575E-01	42.500	89	87	86
F8SQ10_Q75_lddt	Q8VT49_Q75_lddt	9.833E-01	9.080E-01	9.718E-01	31.000	89	87	83
F8SQ10_Q75_lddt	A0A3Q8G682_Q75_lddt	9.680E-01	9.258E-01	9.571E-01	54.000	89	87	86
F8SQ10_Q75_lddt	Q5W3A6_Q75_lddt	9.784E-01	9.145E-01	9.672E-01	34.400	89	87	84
F8SQ10_Q75_lddt	AF-A0A0D0F642-F1-model_v4_Q75_lddt	9.821E-01	9.069E-01	9.706E-01	32.100	89	87	83
F8SQ10_Q75_lddt	A0A1W5QG57_Q75_lddt	9.735E-01	9.206E-01	9.624E-01	37.900	89	87	85
F8SQ10_Q75_lddt	AF-E4WMC5-F1-model_v6_Q75_lddt	9.793E-01	9.045E-01	9.678E-01	35.600	89	87	83
F8SQ10_Q75_lddt	G9MB50_Q75_lddt	9.785E-01	9.038E-01	9.671E-01	31.000	89	87	83
F8SQ10_Q75_lddt	G9M9P7_Q75_lddt	9.779E-01	9.033E-01	9.665E-01	29.800	89	87	83
F8SQ10_Q75_lddt	G9MB49_Q75_lddt	9.777E-01	9.032E-01	9.663E-01	31.000	89	87	83
F8SQ10_Q75_lddt	A0A0E0SR47_Q75_lddt	9.690E-01	9.166E-01	9.580E-01	40.200	89	87	85
F8SQ10_Q75_lddt	AF-A0A8E9ZWD0-F1-model_v6_Q75_lddt	9.761E-01	9.124E-01	9.539E-01	31.000	89	87	85
F8SQ10_Q75_lddt	AF-J9QX37-F1-model_v4_Q75_lddt	9.819E-01	8.853E-01	9.701E-01	28.700	89	87	81
F8SQ10_Q75_lddt	Q9X6W1_Q75_lddt	9.717E-01	8.977E-01	9.604E-01	32.100	89	87	83
F8SQ10_Q75_lddt	Q9RAZ9_Q75_lddt	9.771E-01	8.920E-01	9.656E-01	31.000	89	87	82
F8SQ10_Q75_lddt	AF-F4NA56-F1-model_v4_Q75_lddt	9.639E-01	9.121E-01	9.531E-01	37.900	89	87	85
F8SQ10_Q75_lddt	A0A0B6VPP7_Q75_lddt	9.684E-01	8.949E-01	9.572E-01	31.000	89	87	83
F8SQ10_Q75_lddt	B5L5W7_Q75_lddt	9.666E-01	9.143E-01	9.345E-01	37.900	89	87	87
F8SQ10_Q75_lddt	AF-A0A127SQY3-F1-model_v6_Q75_lddt	9.556E-01	8.839E-01	9.447E-01	25.200	89	87	83
F8SQ10_Q75_lddt	C8C0I2_Q75_lddt	9.480E-01	8.770E-01	9.372E-01	32.100	89	87	83
F8SQ10_Q75_lddt	Q57509_Q75_lddt	9.496E-01	8.780E-01	9.280E-01	28.400	89	88	84
F8SQ10_Q75_lddt	C8C0D8_Q75_lddt	9.185E-01	8.795E-01	9.084E-01	25.800	89	89	86
F8SQ10_Q75_lddt	Q9X4S7_Q75_lddt	9.166E-01	8.778E-01	9.066E-01	28.000	89	89	86
GES-41_Q75_lddt	GES-41_Q75_lddt	1.012E+00	1.000E+00	1.000E+00	100.000	84	84	84
GES-41_Q75_lddt	GES-44_Q75_lddt	1.012E+00	9.997E-01	9.997E-01	100.000	84	84	84
GES-41_Q75_lddt	A0A097ZLX5_Q75_lddt	1.010E+00	9.976E-01	9.976E-01	100.000	84	84	84
GES-41_Q75_lddt	C5HUY1_Q75_lddt	1.010E+00	9.976E-01	9.976E-01	100.000	84	84	84
GES-41_Q75_lddt	C6GC02_Q75_lddt	1.009E+00	9.974E-01	9.974E-01	98.800	84	84	84
GES-41_Q75_lddt	Q3SAW3_Q75_lddt	1.001E+00	9.888E-01	9.888E-01	71.400	84	84	84
GES-41_Q75_lddt	SGM-5_Q75_lddt	9.994E-01	9.876E-01	9.761E-01	58.300	84	84	85
GES-41_Q75_lddt	AF-Q1NAL0-F1-model_v4_Q75_lddt	9.986E-01	9.868E-01	9.754E-01	55.900	84	84	85
GES-41_Q75_lddt	SGM-2_Q75_lddt	9.980E-01	9.862E-01	9.748E-01	54.700	84	84	85
GES-41_Q75_lddt	SGM-3_Q75_lddt	9.976E-01	9.858E-01	9.744E-01	54.700	84	84	85
GES-41_Q75_lddt	A0A2Z2Z6H0_Q75_lddt	9.928E-01	9.812E-01	9.812E-01	69.000	84	84	84
GES-41_Q75_lddt	AF-A0A3G1JAD7-F1-model_v4_Q75_lddt	9.989E-01	9.637E-01	9.869E-01	53.500	84	84	82
GES-41_Q75_lddt	AF-A0A1J0HSJ3-F1-model_v4_Q75_lddt	9.987E-01	9.635E-01	9.867E-01	51.100	84	84	82
GES-41_Q75_lddt	OKP-C-1_Q75_lddt	9.955E-01	9.839E-01	9.613E-01	48.800	84	86	86
GES-41_Q75_lddt	B7FDD9_Q75_lddt	9.947E-01	9.598E-01	9.828E-01	50.000	84	84	82
GES-41_Q75_lddt	PER-16_Q75_lddt	9.862E-01	9.747E-01	9.747E-01	38.000	84	84	84
GES-41_Q75_lddt	OKP-D-1_Q75_lddt	9.962E-01	9.845E-01	9.510E-01	48.200	84	87	87
GES-41_Q75_lddt	AF-Q6W7F0-F1-model_v4_Q75_lddt	9.946E-01	9.829E-01	9.496E-01	55.100	84	87	87
GES-41_Q75_lddt	Q84H48_Q75_lddt	9.940E-01	9.824E-01	9.491E-01	49.400	84	87	87
GES-41_Q75_lddt	D5HSX5_Q75_lddt	9.867E-01	9.638E-01	9.751E-01	39.200	84	84	83
GES-41_Q75_lddt	F8T7L4_Q75_lddt	9.860E-01	9.631E-01	9.744E-01	34.500	84	84	83
GES-41_Q75_lddt	Q2YHY7_Q75_lddt	9.932E-01	9.816E-01	9.484E-01	49.400	84	87	87
GES-41_Q75_lddt	Q8VQV7_Q75_lddt	9.931E-01	9.815E-01	9.483E-01	49.400	84	87	87
GES-41_Q75_lddt	Q84H47_Q75_lddt	9.931E-01	9.815E-01	9.483E-01	49.400	84	87	87
GES-41_Q75_lddt	Q5XQD3_Q75_lddt	9.857E-01	9.628E-01	9.741E-01	35.700	84	84	83
GES-41_Q75_lddt	Q8GHI3_Q75_lddt	9.929E-01	9.813E-01	9.481E-01	47.100	84	87	87
GES-41_Q75_lddt	B8YHZ8_Q75_lddt	9.929E-01	9.813E-01	9.480E-01	49.400	84	87	87
GES-41_Q75_lddt	Q9R429_Q75_lddt	9.929E-01	9.813E-01	9.480E-01	48.200	84	87	87
GES-41_Q75_lddt	R4ISB3_Q75_lddt	9.927E-01	9.811E-01	9.479E-01	48.200	84	87	87
GES-41_Q75_lddt	P74842_Q75_lddt	9.854E-01	9.625E-01	9.738E-01	36.900	84	84	83
GES-41_Q75_lddt	A0A455LP02_Q75_lddt	9.926E-01	9.810E-01	9.478E-01	48.200	84	87	87
GES-41_Q75_lddt	Q2YHX8_Q75_lddt	9.925E-01	9.809E-01	9.477E-01	48.200	84	87	87
GES-41_Q75_lddt	A0A455LP07_Q75_lddt	9.924E-01	9.808E-01	9.476E-01	48.200	84	87	87
GES-41_Q75_lddt	B5D620_Q75_lddt	9.924E-01	9.808E-01	9.476E-01	49.400	84	87	87
GES-41_Q75_lddt	A0A455LP13_Q75_lddt	9.924E-01	9.808E-01	9.476E-01	48.200	84	87	87
GES-41_Q75_lddt	Q5I6D4_Q75_lddt	9.924E-01	9.808E-01	9.476E-01	48.200	84	87	87
GES-41_Q75_lddt	Q2YHX6_Q75_lddt	9.923E-01	9.807E-01	9.475E-01	48.200	84	87	87
GES-41_Q75_lddt	E9NST5_Q75_lddt	9.923E-01	9.807E-01	9.475E-01	48.200	84	87	87
GES-41_Q75_lddt	H9AXM1_Q75_lddt	9.922E-01	9.806E-01	9.474E-01	45.900	84	87	87
GES-41_Q75_lddt	A0A0P0IGT7_Q75_lddt	9.922E-01	9.806E-01	9.474E-01	50.500	84	87	87
GES-41_Q75_lddt	B5D612_Q75_lddt	9.922E-01	9.806E-01	9.474E-01	50.500	84	87	87
GES-41_Q75_lddt	A0A455LS80_Q75_lddt	9.918E-01	9.802E-01	9.470E-01	49.400	84	87	87
GES-41_Q75_lddt	AF-P18251-F1-model_v4_Q75_lddt	9.954E-01	9.837E-01	9.397E-01	47.600	84	86	88
GES-41_Q75_lddt	Q6ZY77_Q75_lddt	9.913E-01	9.798E-01	9.466E-01	50.500	84	87	87
GES-41_Q75_lddt	Q2YHZ5_Q75_lddt	9.913E-01	9.797E-01	9.466E-01	49.400	84	87	87
GES-41_Q75_lddt	Q2YHZ3_Q75_lddt	9.912E-01	9.796E-01	9.465E-01	49.400	84	87	87
GES-41_Q75_lddt	Q2YHZ0_Q75_lddt	9.911E-01	9.796E-01	9.464E-01	49.400	84	87	87
GES-41_Q75_lddt	Q5PU78_Q75_lddt	9.909E-01	9.793E-01	9.462E-01	48.200	84	87	87
GES-41_Q75_lddt	Q2YHZ2_Q75_lddt	9.906E-01	9.791E-01	9.460E-01	49.400	84	87	87
GES-41_Q75_lddt	Q6ZY58_Q75_lddt	9.906E-01	9.790E-01	9.460E-01	49.400	84	87	87
GES-41_Q75_lddt	Q6ZY74_Q75_lddt	9.903E-01	9.788E-01	9.457E-01	49.400	84	87	87
GES-41_Q75_lddt	Q6R5M7_Q75_lddt	9.903E-01	9.788E-01	9.457E-01	48.200	84	87	87
GES-41_Q75_lddt	P14171_Q75_lddt	9.819E-01	9.706E-01	9.595E-01	41.100	84	85	85
GES-41_Q75_lddt	C8CE59_Q75_lddt	9.785E-01	9.671E-01	9.560E-01	50.000	84	86	85
GES-41_Q75_lddt	C0LSK3_Q75_lddt	9.939E-01	9.707E-01	9.485E-01	48.800	84	86	86
GES-41_Q75_lddt	C8CE60_Q75_lddt	9.782E-01	9.668E-01	9.556E-01	50.000	84	86	85
GES-41_Q75_lddt	AF-A0A867XYA1-F1-model_v4_Q75_lddt	9.917E-01	9.802E-01	9.364E-01	44.100	84	86	88
GES-41_Q75_lddt	AF-E2D9D5-F1-model_v4_Q75_lddt	9.755E-01	9.643E-01	9.643E-01	33.300	84	84	84
GES-41_Q75_lddt	A3FFR2_Q75_lddt	9.934E-01	9.818E-01	9.276E-01	49.400	84	87	89
GES-41_Q75_lddt	F8SQ10_Q75_lddt	9.928E-01	9.812E-01	9.270E-01	49.400	84	87	89
GES-41_Q75_lddt	B9U2I6_Q75_lddt	9.928E-01	9.812E-01	9.270E-01	49.400	84	87	89
GES-41_Q75_lddt	Q939H3_Q75_lddt	9.926E-01	9.810E-01	9.268E-01	49.400	84	87	89
GES-41_Q75_lddt	Q8VP57_Q75_lddt	9.926E-01	9.810E-01	9.268E-01	49.400	84	87	89
GES-41_Q75_lddt	A0ZX91_Q75_lddt	9.925E-01	9.809E-01	9.268E-01	49.400	84	87	89
GES-41_Q75_lddt	S4TWB0_Q75_lddt	9.925E-01	9.809E-01	9.268E-01	49.400	84	87	89
GES-41_Q75_lddt	D5LGB4_Q75_lddt	9.925E-01	9.809E-01	9.268E-01	49.400	84	87	89
GES-41_Q75_lddt	A0A2P9E069_Q75_lddt	9.925E-01	9.809E-01	9.268E-01	49.400	84	87	89
GES-41_Q75_lddt	A0ZX80_Q75_lddt	9.924E-01	9.808E-01	9.267E-01	49.400	84	87	89
GES-41_Q75_lddt	Q0PGR7_Q75_lddt	9.923E-01	9.807E-01	9.266E-01	49.400	84	87	89
GES-41_Q75_lddt	E5Q900_Q75_lddt	9.922E-01	9.807E-01	9.266E-01	49.400	84	87	89
GES-41_Q75_lddt	Q939H5_Q75_lddt	9.922E-01	9.806E-01	9.265E-01	48.200	84	87	89
GES-41_Q75_lddt	AF-A0A886X7X6-F1-model_v6_Q75_lddt	9.767E-01	9.654E-01	9.545E-01	40.400	84	84	85
GES-41_Q75_lddt	O33677_Q75_lddt	9.762E-01	9.648E-01	9.429E-01	45.900	84	87	86
GES-41_Q75_lddt	B0FP98_Q75_lddt	9.910E-01	9.794E-01	9.255E-01	49.400	84	87	89
GES-41_Q75_lddt	H2ERK9_Q75_lddt	9.910E-01	9.794E-01	9.255E-01	49.400	84	87	89
GES-41_Q75_lddt	E5G517_Q75_lddt	9.905E-01	9.789E-01	9.250E-01	49.400	84	87	89
GES-41_Q75_lddt	A0A097BQY7_Q75_lddt	9.905E-01	9.789E-01	9.250E-01	49.400	84	87	89
GES-41_Q75_lddt	Q2MJC2_Q75_lddt	9.904E-01	9.789E-01	9.250E-01	49.400	84	87	89
GES-41_Q75_lddt	Q8VP67_Q75_lddt	9.893E-01	9.778E-01	9.240E-01	49.400	84	87	89
GES-41_Q75_lddt	Q8KRG7_Q75_lddt	9.892E-01	9.777E-01	9.239E-01	49.400	84	87	89
GES-41_Q75_lddt	J7HZA4_Q75_lddt	9.892E-01	9.776E-01	9.239E-01	48.200	84	87	89
GES-41_Q75_lddt	RAA-1_Q75_lddt	9.746E-01	9.522E-01	9.633E-01	33.300	84	84	83
GES-41_Q75_lddt	Q9AMJ7_Q75_lddt	9.746E-01	9.522E-01	9.633E-01	36.900	84	84	83
GES-41_Q75_lddt	A1YTM5_Q75_lddt	9.739E-01	9.516E-01	9.626E-01	36.900	84	84	83
GES-41_Q75_lddt	AF-A0A0D0F642-F1-model_v4_Q75_lddt	9.723E-01	9.500E-01	9.610E-01	36.900	84	84	83
GES-41_Q75_lddt	AF-J9QX37-F1-model_v4_Q75_lddt	9.780E-01	9.329E-01	9.663E-01	26.100	84	84	81
GES-41_Q75_lddt	AF-E4WMC5-F1-model_v6_Q75_lddt	9.688E-01	9.467E-01	9.576E-01	33.300	84	84	83
GES-41_Q75_lddt	Q5W3A6_Q75_lddt	9.646E-01	9.536E-01	9.536E-01	32.100	84	84	84
GES-41_Q75_lddt	Q8VT49_Q75_lddt	9.674E-01	9.453E-01	9.562E-01	33.300	84	84	83
GES-41_Q75_lddt	AF-A0A8E9ZWD0-F1-model_v6_Q75_lddt	9.667E-01	9.557E-01	9.449E-01	36.900	84	84	85
GES-41_Q75_lddt	G9MB50_Q75_lddt	9.647E-01	9.428E-01	9.536E-01	32.100	84	84	83
GES-41_Q75_lddt	G9M9P7_Q75_lddt	9.635E-01	9.415E-01	9.524E-01	34.500	84	84	83
GES-41_Q75_lddt	G9MB49_Q75_lddt	9.634E-01	9.415E-01	9.523E-01	34.500	84	84	83
GES-41_Q75_lddt	A0A1W5QH29_Q75_lddt	9.561E-01	9.451E-01	9.343E-01	33.300	84	87	85
GES-41_Q75_lddt	Q9X6W1_Q75_lddt	9.613E-01	9.394E-01	9.503E-01	39.200	84	84	83
GES-41_Q75_lddt	A0A1W5QCF3_Q75_lddt	9.554E-01	9.444E-01	9.336E-01	33.300	84	87	85
GES-41_Q75_lddt	A0A1W5QG57_Q75_lddt	9.545E-01	9.435E-01	9.328E-01	32.100	84	87	85
GES-41_Q75_lddt	Q9RAZ9_Q75_lddt	9.629E-01	9.301E-01	9.517E-01	32.100	84	84	82
GES-41_Q75_lddt	A0A3Q8G682_Q75_lddt	9.556E-01	9.447E-01	9.234E-01	47.100	84	87	86
GES-41_Q75_lddt	A0A0B6VPP7_Q75_lddt	9.562E-01	9.345E-01	9.452E-01	38.000	84	84	83
GES-41_Q75_lddt	A0A0E0SR47_Q75_lddt	9.501E-01	9.392E-01	9.285E-01	32.100	84	87	85
GES-41_Q75_lddt	AF-F4NA56-F1-model_v4_Q75_lddt	9.499E-01	9.390E-01	9.283E-01	33.300	84	87	85
GES-41_Q75_lddt	B5L5W7_Q75_lddt	9.605E-01	9.496E-01	9.182E-01	34.100	84	85	87
GES-41_Q75_lddt	Q9XBM2_Q75_lddt	9.457E-01	9.350E-01	9.141E-01	36.700	84	87	86
GES-41_Q75_lddt	AF-A0A127SQY3-F1-model_v6_Q75_lddt	9.417E-01	9.206E-01	9.310E-01	27.300	84	84	83
GES-41_Q75_lddt	Q57509_Q75_lddt	9.331E-01	9.122E-01	9.122E-01	34.100	84	85	84
GES-41_Q75_lddt	C8C0I2_Q75_lddt	9.266E-01	9.060E-01	9.162E-01	35.200	84	85	83
GES-41_Q75_lddt	C8C0D8_Q75_lddt	9.142E-01	9.040E-01	8.843E-01	27.200	84	88	86
GES-41_Q75_lddt	Q9X4S7_Q75_lddt	9.116E-01	9.014E-01	8.818E-01	28.400	84	88	86
Q0PGR7_Q75_lddt	Q0PGR7_Q75_lddt	1.011E+00	1.000E+00	1.000E+00	100.000	89	89	89
Q0PGR7_Q75_lddt	D5LGB4_Q75_lddt	1.011E+00	9.998E-01	9.998E-01	98.800	89	89	89
Q0PGR7_Q75_lddt	A0A2P9E069_Q75_lddt	1.011E+00	9.998E-01	9.998E-01	98.800	89	89	89
Q0PGR7_Q75_lddt	B9U2I6_Q75_lddt	1.011E+00	9.998E-01	9.998E-01	98.800	89	89	89
Q0PGR7_Q75_lddt	S4TWB0_Q75_lddt	1.011E+00	9.998E-01	9.998E-01	98.800	89	89	89
Q0PGR7_Q75_lddt	A0ZX91_Q75_lddt	1.011E+00	9.997E-01	9.997E-01	98.800	89	89	89
Q0PGR7_Q75_lddt	Q8VP57_Q75_lddt	1.011E+00	9.997E-01	9.997E-01	98.800	89	89	89
Q0PGR7_Q75_lddt	E5Q900_Q75_lddt	1.011E+00	9.997E-01	9.997E-01	98.800	89	89	89
Q0PGR7_Q75_lddt	A0ZX80_Q75_lddt	1.011E+00	9.997E-01	9.997E-01	98.800	89	89	89
Q0PGR7_Q75_lddt	A3FFR2_Q75_lddt	1.011E+00	9.996E-01	9.996E-01	98.800	89	89	89
Q0PGR7_Q75_lddt	Q939H3_Q75_lddt	1.011E+00	9.994E-01	9.994E-01	92.100	89	89	89
Q0PGR7_Q75_lddt	H2ERK9_Q75_lddt	1.011E+00	9.994E-01	9.994E-01	98.800	89	89	89
Q0PGR7_Q75_lddt	B0FP98_Q75_lddt	1.011E+00	9.992E-01	9.992E-01	97.700	89	89	89
Q0PGR7_Q75_lddt	Q939H5_Q75_lddt	1.010E+00	9.991E-01	9.991E-01	97.700	89	89	89
Q0PGR7_Q75_lddt	A0A097BQY7_Q75_lddt	1.010E+00	9.990E-01	9.990E-01	98.800	89	89	89
Q0PGR7_Q75_lddt	Q2MJC2_Q75_lddt	1.010E+00	9.990E-01	9.990E-01	98.800	89	89	89
Q0PGR7_Q75_lddt	Q8VP67_Q75_lddt	1.010E+00	9.989E-01	9.989E-01	98.800	89	89	89
Q0PGR7_Q75_lddt	F8SQ10_Q75_lddt	1.010E+00	9.989E-01	9.989E-01	98.800	89	89	89
Q0PGR7_Q75_lddt	J7HZA4_Q75_lddt	1.010E+00	9.989E-01	9.989E-01	97.700	89	89	89
Q0PGR7_Q75_lddt	Q8KRG7_Q75_lddt	1.010E+00	9.987E-01	9.987E-01	97.700	89	89	89
Q0PGR7_Q75_lddt	E5G517_Q75_lddt	1.005E+00	9.940E-01	9.940E-01	97.700	89	89	89
Q0PGR7_Q75_lddt	AF-A0A867XYA1-F1-model_v4_Q75_lddt	1.009E+00	9.859E-01	9.971E-01	87.600	89	89	88
Q0PGR7_Q75_lddt	AF-P18251-F1-model_v4_Q75_lddt	1.008E+00	9.851E-01	9.962E-01	94.300	89	89	88
Q0PGR7_Q75_lddt	B5D612_Q75_lddt	1.011E+00	9.773E-01	9.998E-01	93.100	89	87	87
Q0PGR7_Q75_lddt	A0A455LP07_Q75_lddt	1.011E+00	9.772E-01	9.997E-01	93.100	89	87	87
Q0PGR7_Q75_lddt	A0A455LP13_Q75_lddt	1.011E+00	9.772E-01	9.997E-01	93.100	89	87	87
Q0PGR7_Q75_lddt	R4ISB3_Q75_lddt	1.011E+00	9.772E-01	9.997E-01	93.100	89	87	87
Q0PGR7_Q75_lddt	A0A455LP02_Q75_lddt	1.011E+00	9.772E-01	9.997E-01	93.100	89	87	87
Q0PGR7_Q75_lddt	E9NST5_Q75_lddt	1.011E+00	9.772E-01	9.996E-01	90.800	89	87	87
Q0PGR7_Q75_lddt	A0A0P0IGT7_Q75_lddt	1.011E+00	9.772E-01	9.996E-01	93.100	89	87	87
Q0PGR7_Q75_lddt	B8YHZ8_Q75_lddt	1.011E+00	9.770E-01	9.995E-01	93.100	89	87	87
Q0PGR7_Q75_lddt	Q2YHX6_Q75_lddt	1.011E+00	9.770E-01	9.995E-01	94.200	89	87	87
Q0PGR7_Q75_lddt	Q5I6D4_Q75_lddt	1.011E+00	9.770E-01	9.995E-01	94.200	89	87	87
Q0PGR7_Q75_lddt	Q2YHX8_Q75_lddt	1.011E+00	9.770E-01	9.995E-01	94.200	89	87	87
Q0PGR7_Q75_lddt	B5D620_Q75_lddt	1.011E+00	9.769E-01	9.994E-01	93.100	89	87	87
Q0PGR7_Q75_lddt	Q84H48_Q75_lddt	1.011E+00	9.769E-01	9.994E-01	91.900	89	87	87
Q0PGR7_Q75_lddt	A0A455LS80_Q75_lddt	1.011E+00	9.769E-01	9.993E-01	94.200	89	87	87
Q0PGR7_Q75_lddt	Q2YHZ5_Q75_lddt	1.011E+00	9.767E-01	9.991E-01	93.100	89	87	87
Q0PGR7_Q75_lddt	Q2YHZ2_Q75_lddt	1.011E+00	9.767E-01	9.991E-01	93.100	89	87	87
Q0PGR7_Q75_lddt	Q5PU78_Q75_lddt	1.011E+00	9.766E-01	9.991E-01	93.100	89	87	87
Q0PGR7_Q75_lddt	Q2YHZ0_Q75_lddt	1.011E+00	9.766E-01	9.990E-01	93.100	89	87	87
Q0PGR7_Q75_lddt	Q2YHZ3_Q75_lddt	1.011E+00	9.766E-01	9.990E-01	93.100	89	87	87
Q0PGR7_Q75_lddt	Q6ZY77_Q75_lddt	1.011E+00	9.766E-01	9.990E-01	91.900	89	87	87
Q0PGR7_Q75_lddt	Q6R5M7_Q75_lddt	1.011E+00	9.765E-01	9.990E-01	93.100	89	87	87
Q0PGR7_Q75_lddt	Q6ZY74_Q75_lddt	1.011E+00	9.765E-01	9.990E-01	93.100	89	87	87
Q0PGR7_Q75_lddt	Q84H47_Q75_lddt	1.010E+00	9.764E-01	9.988E-01	91.900	89	87	87
Q0PGR7_Q75_lddt	Q9R429_Q75_lddt	1.010E+00	9.764E-01	9.988E-01	80.400	89	87	87
Q0PGR7_Q75_lddt	Q8GHI3_Q75_lddt	1.010E+00	9.764E-01	9.988E-01	79.300	89	87	87
Q0PGR7_Q75_lddt	Q6ZY58_Q75_lddt	1.010E+00	9.762E-01	9.986E-01	91.900	89	87	87
Q0PGR7_Q75_lddt	Q8VQV7_Q75_lddt	1.010E+00	9.761E-01	9.985E-01	91.900	89	87	87
Q0PGR7_Q75_lddt	Q2YHY7_Q75_lddt	1.010E+00	9.761E-01	9.985E-01	93.100	89	87	87
Q0PGR7_Q75_lddt	H9AXM1_Q75_lddt	1.010E+00	9.759E-01	9.983E-01	77.000	89	87	87
Q0PGR7_Q75_lddt	AF-Q6W7F0-F1-model_v4_Q75_lddt	1.010E+00	9.758E-01	9.982E-01	82.700	89	87	87
Q0PGR7_Q75_lddt	OKP-D-1_Q75_lddt	1.008E+00	9.742E-01	9.966E-01	91.900	89	87	87
Q0PGR7_Q75_lddt	OKP-C-1_Q75_lddt	1.010E+00	9.647E-01	9.983E-01	95.400	89	87	86
Q0PGR7_Q75_lddt	C0LSK3_Q75_lddt	1.010E+00	9.643E-01	9.979E-01	93.000	89	86	86
Q0PGR7_Q75_lddt	C8CE59_Q75_lddt	1.011E+00	9.542E-01	9.990E-01	96.500	89	87	85
Q0PGR7_Q75_lddt	C8CE60_Q75_lddt	1.011E+00	9.541E-01	9.989E-01	96.500	89	87	85
Q0PGR7_Q75_lddt	O33677_Q75_lddt	1.004E+00	9.596E-01	9.929E-01	78.100	89	87	86
Q0PGR7_Q75_lddt	B7FDD9_Q75_lddt	1.010E+00	9.195E-01	9.978E-01	93.100	89	87	82
Q0PGR7_Q75_lddt	P14171_Q75_lddt	9.915E-01	9.368E-01	9.801E-01	56.300	89	87	85
Q0PGR7_Q75_lddt	Q3SAW3_Q75_lddt	9.948E-01	9.288E-01	9.832E-01	56.300	89	87	84
Q0PGR7_Q75_lddt	C5HUY1_Q75_lddt	9.941E-01	9.282E-01	9.824E-01	49.400	89	87	84
Q0PGR7_Q75_lddt	C6GC02_Q75_lddt	9.941E-01	9.281E-01	9.824E-01	48.200	89	87	84
Q0PGR7_Q75_lddt	A0A097ZLX5_Q75_lddt	9.939E-01	9.280E-01	9.823E-01	49.400	89	87	84
Q0PGR7_Q75_lddt	AF-A0A1J0HSJ3-F1-model_v4_Q75_lddt	1.001E+00	9.122E-01	9.893E-01	52.800	89	87	82
Q0PGR7_Q75_lddt	GES-44_Q75_lddt	9.926E-01	9.269E-01	9.810E-01	49.400	89	87	84
Q0PGR7_Q75_lddt	AF-A0A3G1JAD7-F1-model_v4_Q75_lddt	1.001E+00	9.117E-01	9.887E-01	54.000	89	87	82
Q0PGR7_Q75_lddt	GES-41_Q75_lddt	9.923E-01	9.266E-01	9.807E-01	49.400	89	87	84
Q0PGR7_Q75_lddt	SGM-3_Q75_lddt	9.934E-01	9.276E-01	9.705E-01	54.000	89	87	85
Q0PGR7_Q75_lddt	SGM-2_Q75_lddt	9.932E-01	9.274E-01	9.702E-01	54.000	89	87	85
Q0PGR7_Q75_lddt	PER-16_Q75_lddt	9.863E-01	9.213E-01	9.748E-01	41.300	89	87	84
Q0PGR7_Q75_lddt	AF-E2D9D5-F1-model_v4_Q75_lddt	9.854E-01	9.206E-01	9.740E-01	31.000	89	87	84
Q0PGR7_Q75_lddt	AF-A0A886X7X6-F1-model_v6_Q75_lddt	9.880E-01	9.228E-01	9.652E-01	32.100	89	87	85
Q0PGR7_Q75_lddt	Q9AMJ7_Q75_lddt	9.876E-01	9.116E-01	9.759E-01	31.000	89	87	83
Q0PGR7_Q75_lddt	A1YTM5_Q75_lddt	9.871E-01	9.112E-01	9.755E-01	31.000	89	87	83
Q0PGR7_Q75_lddt	A0A1W5QH29_Q75_lddt	9.779E-01	9.246E-01	9.668E-01	37.900	89	87	85
Q0PGR7_Q75_lddt	RAA-1_Q75_lddt	9.862E-01	9.104E-01	9.746E-01	33.300	89	87	83
Q0PGR7_Q75_lddt	A0A2Z2Z6H0_Q75_lddt	9.814E-01	9.170E-01	9.700E-01	47.100	89	87	84
Q0PGR7_Q75_lddt	SGM-5_Q75_lddt	9.854E-01	9.206E-01	9.628E-01	50.500	89	87	85
Q0PGR7_Q75_lddt	D5HSX5_Q75_lddt	9.852E-01	9.096E-01	9.736E-01	41.300	89	87	83
Q0PGR7_Q75_lddt	A0A1W5QCF3_Q75_lddt	9.769E-01	9.238E-01	9.658E-01	37.900	89	87	85
Q0PGR7_Q75_lddt	A0A3Q8G682_Q75_lddt	9.693E-01	9.270E-01	9.583E-01	54.000	89	87	86
Q0PGR7_Q75_lddt	AF-Q1NAL0-F1-model_v4_Q75_lddt	9.840E-01	9.193E-01	9.615E-01	54.000	89	87	85
Q0PGR7_Q75_lddt	F8T7L4_Q75_lddt	9.840E-01	9.085E-01	9.725E-01	37.900	89	87	83
Q0PGR7_Q75_lddt	Q5XQD3_Q75_lddt	9.839E-01	9.084E-01	9.723E-01	37.900	89	87	83
Q0PGR7_Q75_lddt	P74842_Q75_lddt	9.836E-01	9.082E-01	9.721E-01	39.000	89	87	83
Q0PGR7_Q75_lddt	Q8VT49_Q75_lddt	9.828E-01	9.075E-01	9.713E-01	31.000	89	87	83
Q0PGR7_Q75_lddt	Q9XBM2_Q75_lddt	9.678E-01	9.257E-01	9.569E-01	42.500	89	87	86
Q0PGR7_Q75_lddt	Q5W3A6_Q75_lddt	9.783E-01	9.144E-01	9.671E-01	33.300	89	87	84
Q0PGR7_Q75_lddt	A0A1W5QG57_Q75_lddt	9.739E-01	9.211E-01	9.629E-01	37.900	89	87	85
Q0PGR7_Q75_lddt	AF-A0A0D0F642-F1-model_v4_Q75_lddt	9.821E-01	9.070E-01	9.707E-01	32.100	89	87	83
Q0PGR7_Q75_lddt	AF-E4WMC5-F1-model_v6_Q75_lddt	9.788E-01	9.040E-01	9.674E-01	35.600	89	87	83
Q0PGR7_Q75_lddt	G9MB50_Q75_lddt	9.785E-01	9.039E-01	9.671E-01	31.000	89	87	83
Q0PGR7_Q75_lddt	G9M9P7_Q75_lddt	9.779E-01	9.034E-01	9.666E-01	29.800	89	87	83
Q0PGR7_Q75_lddt	A0A0E0SR47_Q75_lddt	9.695E-01	9.170E-01	9.585E-01	40.200	89	87	85
Q0PGR7_Q75_lddt	G9MB49_Q75_lddt	9.777E-01	9.031E-01	9.663E-01	31.000	89	87	83
Q0PGR7_Q75_lddt	AF-A0A8E9ZWD0-F1-model_v6_Q75_lddt	9.756E-01	9.120E-01	9.535E-01	31.000	89	87	85
Q0PGR7_Q75_lddt	AF-J9QX37-F1-model_v4_Q75_lddt	9.824E-01	8.857E-01	9.706E-01	28.700	89	87	81
Q0PGR7_Q75_lddt	Q9RAZ9_Q75_lddt	9.775E-01	8.924E-01	9.660E-01	31.000	89	87	82
Q0PGR7_Q75_lddt	Q9X6W1_Q75_lddt	9.716E-01	8.976E-01	9.603E-01	32.100	89	87	83
Q0PGR7_Q75_lddt	AF-F4NA56-F1-model_v4_Q75_lddt	9.644E-01	9.125E-01	9.535E-01	37.900	89	87	85
Q0PGR7_Q75_lddt	A0A0B6VPP7_Q75_lddt	9.683E-01	8.948E-01	9.571E-01	31.000	89	87	83
Q0PGR7_Q75_lddt	B5L5W7_Q75_lddt	9.674E-01	9.150E-01	9.352E-01	37.900	89	87	87
Q0PGR7_Q75_lddt	AF-A0A127SQY3-F1-model_v6_Q75_lddt	9.552E-01	8.835E-01	9.443E-01	24.100	89	87	83
Q0PGR7_Q75_lddt	C8C0I2_Q75_lddt	9.480E-01	8.769E-01	9.371E-01	32.100	89	87	83
Q0PGR7_Q75_lddt	Q57509_Q75_lddt	9.503E-01	8.786E-01	9.287E-01	27.200	89	88	84
Q0PGR7_Q75_lddt	C8C0D8_Q75_lddt	9.181E-01	8.791E-01	9.080E-01	24.700	89	89	86
Q0PGR7_Q75_lddt	Q9X4S7_Q75_lddt	9.160E-01	8.772E-01	9.060E-01	26.900	89	89	86
Q2YHZ2_Q75_lddt	Q2YHZ2_Q75_lddt	1.012E+00	1.000E+00	1.000E+00	100.000	87	87	87
Q2YHZ2_Q75_lddt	Q2YHZ5_Q75_lddt	1.012E+00	9.999E-01	9.999E-01	100.000	87	87	87
Q2YHZ2_Q75_lddt	Q2YHZ3_Q75_lddt	1.012E+00	9.999E-01	9.999E-01	100.000	87	87	87
Q2YHZ2_Q75_lddt	Q2YHZ0_Q75_lddt	1.011E+00	9.999E-01	9.999E-01	100.000	87	87	87
Q2YHZ2_Q75_lddt	Q5PU78_Q75_lddt	1.011E+00	9.998E-01	9.998E-01	97.700	87	87	87
Q2YHZ2_Q75_lddt	Q6ZY77_Q75_lddt	1.011E+00	9.998E-01	9.998E-01	98.800	87	87	87
Q2YHZ2_Q75_lddt	Q6ZY74_Q75_lddt	1.011E+00	9.997E-01	9.997E-01	100.000	87	87	87
Q2YHZ2_Q75_lddt	Q6R5M7_Q75_lddt	1.011E+00	9.996E-01	9.996E-01	97.700	87	87	87
Q2YHZ2_Q75_lddt	B5D620_Q75_lddt	1.011E+00	9.996E-01	9.996E-01	100.000	87	87	87
Q2YHZ2_Q75_lddt	Q2YHX8_Q75_lddt	1.011E+00	9.996E-01	9.996E-01	98.800	87	87	87
Q2YHZ2_Q75_lddt	Q5I6D4_Q75_lddt	1.011E+00	9.996E-01	9.996E-01	98.800	87	87	87
Q2YHZ2_Q75_lddt	Q2YHX6_Q75_lddt	1.011E+00	9.996E-01	9.996E-01	98.800	87	87	87
Q2YHZ2_Q75_lddt	B8YHZ8_Q75_lddt	1.011E+00	9.995E-01	9.995E-01	100.000	87	87	87
Q2YHZ2_Q75_lddt	Q6ZY58_Q75_lddt	1.011E+00	9.995E-01	9.995E-01	98.800	87	87	87
Q2YHZ2_Q75_lddt	Q2YHY7_Q75_lddt	1.011E+00	9.995E-01	9.995E-01	100.000	87	87	87
Q2YHZ2_Q75_lddt	A0A455LS80_Q75_lddt	1.011E+00	9.994E-01	9.994E-01	95.400	87	87	87
Q2YHZ2_Q75_lddt	B5D612_Q75_lddt	1.011E+00	9.993E-01	9.993E-01	94.200	87	87	87
Q2YHZ2_Q75_lddt	A0A455LP07_Q75_lddt	1.011E+00	9.992E-01	9.992E-01	94.200	87	87	87
Q2YHZ2_Q75_lddt	E9NST5_Q75_lddt	1.011E+00	9.992E-01	9.992E-01	91.900	87	87	87
Q2YHZ2_Q75_lddt	A0A0P0IGT7_Q75_lddt	1.011E+00	9.992E-01	9.992E-01	94.200	87	87	87
Q2YHZ2_Q75_lddt	A0A455LP02_Q75_lddt	1.011E+00	9.991E-01	9.991E-01	94.200	87	87	87
Q2YHZ2_Q75_lddt	Q84H47_Q75_lddt	1.011E+00	9.991E-01	9.991E-01	93.100	87	87	87
Q2YHZ2_Q75_lddt	A0A455LP13_Q75_lddt	1.011E+00	9.991E-01	9.991E-01	94.200	87	87	87
Q2YHZ2_Q75_lddt	R4ISB3_Q75_lddt	1.011E+00	9.991E-01	9.991E-01	94.200	87	87	87
Q2YHZ2_Q75_lddt	Q8VQV7_Q75_lddt	1.011E+00	9.989E-01	9.989E-01	93.100	87	87	87
Q2YHZ2_Q75_lddt	Q84H48_Q75_lddt	1.010E+00	9.989E-01	9.989E-01	93.100	87	87	87
Q2YHZ2_Q75_lddt	Q9R429_Q75_lddt	1.010E+00	9.987E-01	9.987E-01	80.400	87	87	87
Q2YHZ2_Q75_lddt	Q8GHI3_Q75_lddt	1.010E+00	9.987E-01	9.987E-01	79.300	87	87	87
Q2YHZ2_Q75_lddt	H9AXM1_Q75_lddt	1.010E+00	9.986E-01	9.986E-01	77.000	87	87	87
Q2YHZ2_Q75_lddt	AF-Q6W7F0-F1-model_v4_Q75_lddt	1.010E+00	9.985E-01	9.985E-01	83.900	87	87	87
Q2YHZ2_Q75_lddt	OKP-D-1_Q75_lddt	1.008E+00	9.966E-01	9.966E-01	95.400	87	87	87
Q2YHZ2_Q75_lddt	C0LSK3_Q75_lddt	1.011E+00	9.874E-01	9.989E-01	100.000	87	86	86
Q2YHZ2_Q75_lddt	OKP-C-1_Q75_lddt	1.010E+00	9.866E-01	9.981E-01	93.100	87	87	86
Q2YHZ2_Q75_lddt	Q2MJC2_Q75_lddt	1.011E+00	9.995E-01	9.771E-01	94.200	87	87	89
Q2YHZ2_Q75_lddt	A0A097BQY7_Q75_lddt	1.011E+00	9.995E-01	9.771E-01	94.200	87	87	89
Q2YHZ2_Q75_lddt	A0ZX80_Q75_lddt	1.011E+00	9.993E-01	9.769E-01	94.200	87	87	89
Q2YHZ2_Q75_lddt	A0A2P9E069_Q75_lddt	1.011E+00	9.993E-01	9.768E-01	94.200	87	87	89
Q2YHZ2_Q75_lddt	E5Q900_Q75_lddt	1.011E+00	9.993E-01	9.768E-01	94.200	87	87	89
Q2YHZ2_Q75_lddt	D5LGB4_Q75_lddt	1.011E+00	9.993E-01	9.768E-01	94.200	87	87	89
Q2YHZ2_Q75_lddt	S4TWB0_Q75_lddt	1.011E+00	9.993E-01	9.768E-01	94.200	87	87	89
Q2YHZ2_Q75_lddt	A0ZX91_Q75_lddt	1.011E+00	9.993E-01	9.768E-01	94.200	87	87	89
Q2YHZ2_Q75_lddt	B9U2I6_Q75_lddt	1.011E+00	9.992E-01	9.768E-01	94.200	87	87	89
Q2YHZ2_Q75_lddt	Q8VP67_Q75_lddt	1.011E+00	9.992E-01	9.768E-01	94.200	87	87	89
Q2YHZ2_Q75_lddt	J7HZA4_Q75_lddt	1.011E+00	9.992E-01	9.767E-01	93.100	87	87	89
Q2YHZ2_Q75_lddt	C8CE59_Q75_lddt	1.011E+00	9.764E-01	9.993E-01	91.900	87	87	85
Q2YHZ2_Q75_lddt	Q8VP57_Q75_lddt	1.011E+00	9.991E-01	9.767E-01	94.200	87	87	89
Q2YHZ2_Q75_lddt	A3FFR2_Q75_lddt	1.011E+00	9.991E-01	9.767E-01	94.200	87	87	89
Q2YHZ2_Q75_lddt	Q0PGR7_Q75_lddt	1.011E+00	9.991E-01	9.767E-01	93.100	87	87	89
Q2YHZ2_Q75_lddt	C8CE60_Q75_lddt	1.011E+00	9.763E-01	9.992E-01	91.900	87	87	85
Q2YHZ2_Q75_lddt	Q939H3_Q75_lddt	1.011E+00	9.990E-01	9.766E-01	93.100	87	87	89
Q2YHZ2_Q75_lddt	Q8KRG7_Q75_lddt	1.011E+00	9.990E-01	9.766E-01	93.100	87	87	89
Q2YHZ2_Q75_lddt	H2ERK9_Q75_lddt	1.011E+00	9.989E-01	9.765E-01	94.200	87	87	89
Q2YHZ2_Q75_lddt	B0FP98_Q75_lddt	1.010E+00	9.988E-01	9.764E-01	93.100	87	87	89
Q2YHZ2_Q75_lddt	Q939H5_Q75_lddt	1.010E+00	9.988E-01	9.764E-01	93.100	87	87	89
Q2YHZ2_Q75_lddt	F8SQ10_Q75_lddt	1.010E+00	9.984E-01	9.760E-01	94.200	87	87	89
Q2YHZ2_Q75_lddt	O33677_Q75_lddt	1.005E+00	9.817E-01	9.930E-01	78.100	87	87	86
Q2YHZ2_Q75_lddt	E5G517_Q75_lddt	1.006E+00	9.943E-01	9.720E-01	93.100	87	87	89
Q2YHZ2_Q75_lddt	AF-A0A867XYA1-F1-model_v4_Q75_lddt	1.010E+00	9.870E-01	9.758E-01	85.000	87	87	88
Q2YHZ2_Q75_lddt	AF-P18251-F1-model_v4_Q75_lddt	1.009E+00	9.860E-01	9.748E-01	89.600	87	87	88
Q2YHZ2_Q75_lddt	B7FDD9_Q75_lddt	1.011E+00	9.410E-01	9.982E-01	88.500	87	87	82
Q2YHZ2_Q75_lddt	P14171_Q75_lddt	9.918E-01	9.582E-01	9.804E-01	54.000	87	87	85
Q2YHZ2_Q75_lddt	Q3SAW3_Q75_lddt	9.934E-01	9.485E-01	9.818E-01	52.800	87	87	84
Q2YHZ2_Q75_lddt	C5HUY1_Q75_lddt	9.936E-01	9.487E-01	9.819E-01	49.400	87	87	84
Q2YHZ2_Q75_lddt	C6GC02_Q75_lddt	9.935E-01	9.486E-01	9.819E-01	48.200	87	87	84
Q2YHZ2_Q75_lddt	A0A097ZLX5_Q75_lddt	9.935E-01	9.486E-01	9.819E-01	49.400	87	87	84
Q2YHZ2_Q75_lddt	AF-A0A1J0HSJ3-F1-model_v4_Q75_lddt	1.002E+00	9.332E-01	9.895E-01	54.000	87	87	82
Q2YHZ2_Q75_lddt	AF-A0A3G1JAD7-F1-model_v4_Q75_lddt	1.001E+00	9.327E-01	9.890E-01	54.000	87	87	82
Q2YHZ2_Q75_lddt	GES-44_Q75_lddt	9.907E-01	9.461E-01	9.791E-01	49.400	87	87	84
Q2YHZ2_Q75_lddt	GES-41_Q75_lddt	9.906E-01	9.460E-01	9.791E-01	49.400	87	87	84
Q2YHZ2_Q75_lddt	SGM-3_Q75_lddt	9.945E-01	9.495E-01	9.715E-01	50.500	87	87	85
Q2YHZ2_Q75_lddt	SGM-2_Q75_lddt	9.941E-01	9.491E-01	9.711E-01	50.500	87	87	85
Q2YHZ2_Q75_lddt	PER-16_Q75_lddt	9.855E-01	9.413E-01	9.741E-01	40.200	87	87	84
Q2YHZ2_Q75_lddt	AF-E2D9D5-F1-model_v4_Q75_lddt	9.852E-01	9.410E-01	9.738E-01	28.700	87	87	84
Q2YHZ2_Q75_lddt	AF-A0A886X7X6-F1-model_v6_Q75_lddt	9.883E-01	9.439E-01	9.656E-01	31.000	87	87	85
Q2YHZ2_Q75_lddt	Q9AMJ7_Q75_lddt	9.883E-01	9.327E-01	9.766E-01	27.500	87	87	83
Q2YHZ2_Q75_lddt	A1YTM5_Q75_lddt	9.878E-01	9.323E-01	9.762E-01	27.500	87	87	83
Q2YHZ2_Q75_lddt	SGM-5_Q75_lddt	9.861E-01	9.418E-01	9.634E-01	49.400	87	87	85
Q2YHZ2_Q75_lddt	A0A1W5QH29_Q75_lddt	9.771E-01	9.445E-01	9.660E-01	37.900	87	87	85
Q2YHZ2_Q75_lddt	RAA-1_Q75_lddt	9.853E-01	9.300E-01	9.737E-01	29.800	87	87	83
Q2YHZ2_Q75_lddt	A0A3Q8G682_Q75_lddt	9.693E-01	9.477E-01	9.584E-01	54.000	87	87	86
Q2YHZ2_Q75_lddt	A0A1W5QCF3_Q75_lddt	9.762E-01	9.436E-01	9.651E-01	37.900	87	87	85
Q2YHZ2_Q75_lddt	AF-Q1NAL0-F1-model_v4_Q75_lddt	9.843E-01	9.402E-01	9.617E-01	50.500	87	87	85
Q2YHZ2_Q75_lddt	D5HSX5_Q75_lddt	9.841E-01	9.290E-01	9.726E-01	40.200	87	87	83
Q2YHZ2_Q75_lddt	Q8VT49_Q75_lddt	9.835E-01	9.284E-01	9.719E-01	29.800	87	87	83
Q2YHZ2_Q75_lddt	A0A2Z2Z6H0_Q75_lddt	9.788E-01	9.352E-01	9.675E-01	45.900	87	87	84
Q2YHZ2_Q75_lddt	F8T7L4_Q75_lddt	9.827E-01	9.278E-01	9.712E-01	36.700	87	87	83
Q2YHZ2_Q75_lddt	Q5XQD3_Q75_lddt	9.827E-01	9.277E-01	9.711E-01	36.700	87	87	83
Q2YHZ2_Q75_lddt	P74842_Q75_lddt	9.824E-01	9.275E-01	9.709E-01	37.900	87	87	83
Q2YHZ2_Q75_lddt	Q5W3A6_Q75_lddt	9.779E-01	9.344E-01	9.667E-01	33.300	87	87	84
Q2YHZ2_Q75_lddt	AF-A0A0D0F642-F1-model_v4_Q75_lddt	9.819E-01	9.270E-01	9.704E-01	31.000	87	87	83
Q2YHZ2_Q75_lddt	A0A1W5QG57_Q75_lddt	9.733E-01	9.409E-01	9.623E-01	37.900	87	87	85
Q2YHZ2_Q75_lddt	Q9XBM2_Q75_lddt	9.654E-01	9.440E-01	9.545E-01	41.300	87	87	86
Q2YHZ2_Q75_lddt	G9MB50_Q75_lddt	9.798E-01	9.251E-01	9.683E-01	31.000	87	87	83
Q2YHZ2_Q75_lddt	G9M9P7_Q75_lddt	9.792E-01	9.247E-01	9.678E-01	31.000	87	87	83
Q2YHZ2_Q75_lddt	G9MB49_Q75_lddt	9.790E-01	9.245E-01	9.676E-01	32.100	87	87	83
Q2YHZ2_Q75_lddt	AF-E4WMC5-F1-model_v6_Q75_lddt	9.778E-01	9.234E-01	9.664E-01	36.700	87	87	83
Q2YHZ2_Q75_lddt	A0A0E0SR47_Q75_lddt	9.665E-01	9.345E-01	9.556E-01	39.000	87	87	85
Q2YHZ2_Q75_lddt	AF-J9QX37-F1-model_v4_Q75_lddt	9.830E-01	9.060E-01	9.712E-01	29.800	87	87	81
Q2YHZ2_Q75_lddt	AF-A0A8E9ZWD0-F1-model_v6_Q75_lddt	9.741E-01	9.309E-01	9.520E-01	29.800	87	87	85
Q2YHZ2_Q75_lddt	Q9RAZ9_Q75_lddt	9.778E-01	9.125E-01	9.663E-01	29.800	87	87	82
Q2YHZ2_Q75_lddt	Q9X6W1_Q75_lddt	9.718E-01	9.178E-01	9.605E-01	31.000	87	87	83
Q2YHZ2_Q75_lddt	B5L5W7_Q75_lddt	9.699E-01	9.376E-01	9.376E-01	39.000	87	87	87
Q2YHZ2_Q75_lddt	A0A0B6VPP7_Q75_lddt	9.687E-01	9.150E-01	9.575E-01	29.800	87	87	83
Q2YHZ2_Q75_lddt	AF-F4NA56-F1-model_v4_Q75_lddt	9.615E-01	9.298E-01	9.507E-01	37.900	87	87	85
Q2YHZ2_Q75_lddt	AF-A0A127SQY3-F1-model_v6_Q75_lddt	9.554E-01	9.030E-01	9.445E-01	26.400	87	87	83
Q2YHZ2_Q75_lddt	Q57509_Q75_lddt	9.512E-01	8.988E-01	9.295E-01	28.400	87	88	84
Q2YHZ2_Q75_lddt	C8C0I2_Q75_lddt	9.474E-01	8.956E-01	9.366E-01	34.400	87	87	83
Q2YHZ2_Q75_lddt	C8C0D8_Q75_lddt	9.182E-01	8.982E-01	9.081E-01	25.800	87	89	86
Q2YHZ2_Q75_lddt	Q9X4S7_Q75_lddt	9.157E-01	8.958E-01	9.056E-01	28.000	87	89	86
Q57509_Q75_lddt	Q57509_Q75_lddt	1.012E+00	1.000E+00	1.000E+00	100.000	84	84	84
Q57509_Q75_lddt	Q9X6W1_Q75_lddt	9.874E-01	9.642E-01	9.757E-01	50.000	84	84	83
Q57509_Q75_lddt	A0A0B6VPP7_Q75_lddt	9.871E-01	9.639E-01	9.754E-01	48.800	84	84	83
Q57509_Q75_lddt	C8C0I2_Q75_lddt	9.828E-01	9.598E-01	9.712E-01	53.500	84	84	83
Q57509_Q75_lddt	AF-A0A127SQY3-F1-model_v6_Q75_lddt	9.784E-01	9.556E-01	9.669E-01	44.000	84	84	83
Q57509_Q75_lddt	A1YTM5_Q75_lddt	9.754E-01	9.526E-01	9.638E-01	47.600	84	84	83
Q57509_Q75_lddt	Q9AMJ7_Q75_lddt	9.751E-01	9.524E-01	9.636E-01	47.600	84	84	83
Q57509_Q75_lddt	Q9RAZ9_Q75_lddt	9.820E-01	9.478E-01	9.704E-01	40.900	84	83	82
Q57509_Q75_lddt	C8C0D8_Q75_lddt	9.889E-01	9.658E-01	9.438E-01	53.400	84	86	86
Q57509_Q75_lddt	Q9X4S7_Q75_lddt	9.884E-01	9.654E-01	9.433E-01	53.400	84	86	86
Q57509_Q75_lddt	AF-A0A0D0F642-F1-model_v4_Q75_lddt	9.723E-01	9.497E-01	9.609E-01	55.900	84	84	83
Q57509_Q75_lddt	Q8VT49_Q75_lddt	9.696E-01	9.471E-01	9.582E-01	39.200	84	84	83
Q57509_Q75_lddt	RAA-1_Q75_lddt	9.686E-01	9.461E-01	9.572E-01	45.200	84	84	83
Q57509_Q75_lddt	G9MB50_Q75_lddt	9.689E-01	9.464E-01	9.575E-01	41.600	84	84	83
Q57509_Q75_lddt	G9MB49_Q75_lddt	9.689E-01	9.464E-01	9.575E-01	41.600	84	84	83
Q57509_Q75_lddt	G9M9P7_Q75_lddt	9.687E-01	9.462E-01	9.573E-01	41.600	84	84	83
Q57509_Q75_lddt	AF-E2D9D5-F1-model_v4_Q75_lddt	9.708E-01	9.482E-01	9.482E-01	45.800	84	85	84
Q57509_Q75_lddt	Q5W3A6_Q75_lddt	9.698E-01	9.472E-01	9.472E-01	41.100	84	85	84
Q57509_Q75_lddt	AF-A0A886X7X6-F1-model_v6_Q75_lddt	9.712E-01	9.486E-01	9.377E-01	47.000	84	85	85
Q57509_Q75_lddt	AF-E4WMC5-F1-model_v6_Q75_lddt	9.622E-01	9.400E-01	9.510E-01	38.000	84	84	83
Q57509_Q75_lddt	AF-J9QX37-F1-model_v4_Q75_lddt	9.738E-01	9.289E-01	9.622E-01	34.900	84	83	81
Q57509_Q75_lddt	P74842_Q75_lddt	9.612E-01	9.390E-01	9.500E-01	45.200	84	84	83
Q57509_Q75_lddt	D5HSX5_Q75_lddt	9.605E-01	9.384E-01	9.493E-01	46.400	84	84	83
Q57509_Q75_lddt	Q5XQD3_Q75_lddt	9.600E-01	9.379E-01	9.489E-01	42.800	84	84	83
Q57509_Q75_lddt	F8T7L4_Q75_lddt	9.599E-01	9.378E-01	9.487E-01	42.800	84	84	83
Q57509_Q75_lddt	PER-16_Q75_lddt	9.627E-01	9.404E-01	9.404E-01	43.500	84	85	84
Q57509_Q75_lddt	AF-A0A3G1JAD7-F1-model_v4_Q75_lddt	9.606E-01	9.278E-01	9.494E-01	33.700	84	83	82
Q57509_Q75_lddt	B7FDD9_Q75_lddt	9.609E-01	9.280E-01	9.497E-01	30.100	84	83	82
Q57509_Q75_lddt	AF-A0A1J0HSJ3-F1-model_v4_Q75_lddt	9.595E-01	9.267E-01	9.483E-01	34.900	84	83	82
Q57509_Q75_lddt	AF-A0A8E9ZWD0-F1-model_v6_Q75_lddt	9.564E-01	9.344E-01	9.239E-01	40.000	84	85	85
Q57509_Q75_lddt	C8CE59_Q75_lddt	9.515E-01	9.298E-01	9.193E-01	29.000	84	86	85
Q57509_Q75_lddt	Q3SAW3_Q75_lddt	9.454E-01	9.239E-01	9.239E-01	31.700	84	85	84
Q57509_Q75_lddt	C8CE60_Q75_lddt	9.494E-01	9.278E-01	9.173E-01	29.000	84	86	85
Q57509_Q75_lddt	H9AXM1_Q75_lddt	9.538E-01	9.320E-01	9.010E-01	27.200	84	88	87
Q57509_Q75_lddt	Q9R429_Q75_lddt	9.534E-01	9.316E-01	9.007E-01	28.400	84	88	87
Q57509_Q75_lddt	Q8GHI3_Q75_lddt	9.532E-01	9.314E-01	9.005E-01	27.200	84	88	87
Q57509_Q75_lddt	OKP-C-1_Q75_lddt	9.493E-01	9.277E-01	9.070E-01	29.800	84	87	86
Q57509_Q75_lddt	SGM-2_Q75_lddt	9.455E-01	9.241E-01	9.137E-01	32.900	84	85	85
Q57509_Q75_lddt	SGM-3_Q75_lddt	9.452E-01	9.238E-01	9.134E-01	32.900	84	85	85
Q57509_Q75_lddt	AF-Q6W7F0-F1-model_v4_Q75_lddt	9.517E-01	9.300E-01	8.992E-01	30.600	84	88	87
Q57509_Q75_lddt	Q84H47_Q75_lddt	9.517E-01	9.300E-01	8.992E-01	28.400	84	88	87
Q57509_Q75_lddt	Q8VQV7_Q75_lddt	9.516E-01	9.298E-01	8.991E-01	28.400	84	88	87
Q57509_Q75_lddt	Q84H48_Q75_lddt	9.513E-01	9.295E-01	8.988E-01	28.400	84	88	87
Q57509_Q75_lddt	Q2YHZ2_Q75_lddt	9.512E-01	9.295E-01	8.988E-01	28.400	84	88	87
Q57509_Q75_lddt	B5D612_Q75_lddt	9.512E-01	9.295E-01	8.987E-01	27.200	84	88	87
Q57509_Q75_lddt	A0A455LP07_Q75_lddt	9.511E-01	9.294E-01	8.986E-01	28.400	84	88	87
Q57509_Q75_lddt	A0A455LS80_Q75_lddt	9.510E-01	9.293E-01	8.985E-01	27.200	84	88	87
Q57509_Q75_lddt	Q5PU78_Q75_lddt	9.510E-01	9.293E-01	8.986E-01	27.200	84	88	87
Q57509_Q75_lddt	Q2YHY7_Q75_lddt	9.509E-01	9.292E-01	8.985E-01	28.400	84	88	87
Q57509_Q75_lddt	E9NST5_Q75_lddt	9.509E-01	9.292E-01	8.985E-01	28.400	84	88	87
Q57509_Q75_lddt	A0A0P0IGT7_Q75_lddt	9.509E-01	9.292E-01	8.985E-01	27.200	84	88	87
Q57509_Q75_lddt	A0A455LP02_Q75_lddt	9.509E-01	9.292E-01	8.985E-01	28.400	84	88	87
Q57509_Q75_lddt	Q2YHX6_Q75_lddt	9.508E-01	9.292E-01	8.984E-01	27.200	84	88	87
Q57509_Q75_lddt	A0A455LP13_Q75_lddt	9.508E-01	9.292E-01	8.984E-01	28.400	84	88	87
Q57509_Q75_lddt	Q5I6D4_Q75_lddt	9.508E-01	9.291E-01	8.984E-01	27.200	84	88	87
Q57509_Q75_lddt	B5D620_Q75_lddt	9.508E-01	9.291E-01	8.984E-01	28.400	84	88	87
Q57509_Q75_lddt	Q2YHZ3_Q75_lddt	9.506E-01	9.290E-01	8.982E-01	28.400	84	88	87
Q57509_Q75_lddt	R4ISB3_Q75_lddt	9.506E-01	9.289E-01	8.982E-01	28.400	84	88	87
Q57509_Q75_lddt	Q2YHX8_Q75_lddt	9.504E-01	9.287E-01	8.980E-01	27.200	84	88	87
Q57509_Q75_lddt	B8YHZ8_Q75_lddt	9.504E-01	9.287E-01	8.980E-01	28.400	84	88	87
Q57509_Q75_lddt	Q6ZY77_Q75_lddt	9.504E-01	9.287E-01	8.980E-01	28.400	84	88	87
Q57509_Q75_lddt	Q2YHZ5_Q75_lddt	9.503E-01	9.286E-01	8.979E-01	28.400	84	88	87
Q57509_Q75_lddt	Q2YHZ0_Q75_lddt	9.502E-01	9.286E-01	8.979E-01	28.400	84	88	87
Q57509_Q75_lddt	Q6ZY74_Q75_lddt	9.499E-01	9.283E-01	8.976E-01	28.400	84	88	87
Q57509_Q75_lddt	Q6R5M7_Q75_lddt	9.498E-01	9.281E-01	8.975E-01	27.200	84	88	87
Q57509_Q75_lddt	P14171_Q75_lddt	9.413E-01	9.200E-01	9.097E-01	24.400	84	86	85
Q57509_Q75_lddt	AF-P18251-F1-model_v4_Q75_lddt	9.520E-01	9.303E-01	8.896E-01	27.500	84	87	88
Q57509_Q75_lddt	Q6ZY58_Q75_lddt	9.485E-01	9.269E-01	8.963E-01	28.400	84	88	87
Q57509_Q75_lddt	C5HUY1_Q75_lddt	9.355E-01	9.144E-01	9.144E-01	34.100	84	85	84
Q57509_Q75_lddt	A0A097ZLX5_Q75_lddt	9.352E-01	9.142E-01	9.142E-01	34.100	84	85	84
Q57509_Q75_lddt	C6GC02_Q75_lddt	9.351E-01	9.141E-01	9.141E-01	32.900	84	85	84
Q57509_Q75_lddt	C0LSK3_Q75_lddt	9.499E-01	9.174E-01	8.970E-01	27.500	84	87	86
Q57509_Q75_lddt	GES-44_Q75_lddt	9.343E-01	9.133E-01	9.133E-01	34.100	84	85	84
Q57509_Q75_lddt	OKP-D-1_Q75_lddt	9.452E-01	9.237E-01	8.933E-01	26.100	84	88	87
Q57509_Q75_lddt	E5G517_Q75_lddt	9.520E-01	9.303E-01	8.801E-01	28.400	84	88	89
Q57509_Q75_lddt	Q2MJC2_Q75_lddt	9.514E-01	9.297E-01	8.795E-01	28.400	84	88	89
Q57509_Q75_lddt	GES-41_Q75_lddt	9.331E-01	9.122E-01	9.122E-01	34.100	84	85	84
Q57509_Q75_lddt	A0ZX91_Q75_lddt	9.510E-01	9.293E-01	8.791E-01	28.400	84	88	89
Q57509_Q75_lddt	Q939H3_Q75_lddt	9.509E-01	9.292E-01	8.791E-01	28.400	84	88	89
Q57509_Q75_lddt	A0ZX80_Q75_lddt	9.509E-01	9.292E-01	8.791E-01	28.400	84	88	89
Q57509_Q75_lddt	AF-A0A867XYA1-F1-model_v4_Q75_lddt	9.474E-01	9.259E-01	8.856E-01	24.100	84	87	88
Q57509_Q75_lddt	D5LGB4_Q75_lddt	9.508E-01	9.291E-01	8.790E-01	28.400	84	88	89
Q57509_Q75_lddt	Q8VP57_Q75_lddt	9.508E-01	9.291E-01	8.790E-01	28.400	84	88	89
Q57509_Q75_lddt	B9U2I6_Q75_lddt	9.507E-01	9.290E-01	8.789E-01	28.400	84	88	89
Q57509_Q75_lddt	S4TWB0_Q75_lddt	9.507E-01	9.291E-01	8.789E-01	28.400	84	88	89
Q57509_Q75_lddt	A0A2P9E069_Q75_lddt	9.507E-01	9.290E-01	8.789E-01	28.400	84	88	89
Q57509_Q75_lddt	E5Q900_Q75_lddt	9.505E-01	9.288E-01	8.787E-01	28.400	84	88	89
Q57509_Q75_lddt	Q0PGR7_Q75_lddt	9.503E-01	9.287E-01	8.786E-01	27.200	84	88	89
Q57509_Q75_lddt	A3FFR2_Q75_lddt	9.501E-01	9.285E-01	8.784E-01	28.400	84	88	89
Q57509_Q75_lddt	Q939H5_Q75_lddt	9.500E-01	9.283E-01	8.783E-01	28.400	84	88	89
Q57509_Q75_lddt	O33677_Q75_lddt	9.358E-01	9.145E-01	8.942E-01	26.100	84	88	86
Q57509_Q75_lddt	A0A097BQY7_Q75_lddt	9.498E-01	9.282E-01	8.781E-01	28.400	84	88	89
Q57509_Q75_lddt	F8SQ10_Q75_lddt	9.496E-01	9.280E-01	8.780E-01	28.400	84	88	89
Q57509_Q75_lddt	AF-Q1NAL0-F1-model_v4_Q75_lddt	9.355E-01	9.145E-01	9.043E-01	34.100	84	85	85
Q57509_Q75_lddt	Q8VP67_Q75_lddt	9.495E-01	9.279E-01	8.779E-01	28.400	84	88	89
Q57509_Q75_lddt	B5L5W7_Q75_lddt	9.405E-01	9.191E-01	8.889E-01	25.500	84	86	87
Q57509_Q75_lddt	Q8KRG7_Q75_lddt	9.491E-01	9.275E-01	8.776E-01	28.400	84	88	89
Q57509_Q75_lddt	H2ERK9_Q75_lddt	9.490E-01	9.274E-01	8.775E-01	28.400	84	88	89
Q57509_Q75_lddt	J7HZA4_Q75_lddt	9.491E-01	9.275E-01	8.775E-01	28.400	84	88	89
Q57509_Q75_lddt	B0FP98_Q75_lddt	9.488E-01	9.272E-01	8.773E-01	28.400	84	88	89
Q57509_Q75_lddt	Q9XBM2_Q75_lddt	9.336E-01	9.123E-01	8.920E-01	22.700	84	88	86
Q57509_Q75_lddt	SGM-5_Q75_lddt	9.329E-01	9.120E-01	9.019E-01	32.900	84	85	85
Q57509_Q75_lddt	A0A2Z2Z6H0_Q75_lddt	9.272E-01	9.065E-01	9.065E-01	31.700	84	85	84
Q57509_Q75_lddt	A0A3Q8G682_Q75_lddt	9.286E-01	9.076E-01	8.875E-01	27.200	84	88	86
Q57509_Q75_lddt	A0A0E0SR47_Q75_lddt	9.213E-01	9.005E-01	8.905E-01	26.100	84	88	85
Q57509_Q75_lddt	A0A1W5QH29_Q75_lddt	9.155E-01	8.950E-01	8.850E-01	30.600	84	88	85
Q57509_Q75_lddt	A0A1W5QCF3_Q75_lddt	9.145E-01	8.940E-01	8.841E-01	29.500	84	88	85
Q57509_Q75_lddt	AF-F4NA56-F1-model_v4_Q75_lddt	9.127E-01	8.923E-01	8.824E-01	26.100	84	88	85
Q57509_Q75_lddt	A0A1W5QG57_Q75_lddt	9.098E-01	8.895E-01	8.797E-01	30.600	84	88	85
Q84H48_Q75_lddt	Q84H48_Q75_lddt	1.012E+00	1.000E+00	1.000E+00	100.000	87	87	87
Q84H48_Q75_lddt	E9NST5_Q75_lddt	1.011E+00	9.997E-01	9.997E-01	98.800	87	87	87
Q84H48_Q75_lddt	B5D612_Q75_lddt	1.011E+00	9.997E-01	9.997E-01	98.800	87	87	87
Q84H48_Q75_lddt	R4ISB3_Q75_lddt	1.011E+00	9.997E-01	9.997E-01	97.700	87	87	87
Q84H48_Q75_lddt	A0A455LP07_Q75_lddt	1.011E+00	9.997E-01	9.997E-01	97.700	87	87	87
Q84H48_Q75_lddt	A0A455LP02_Q75_lddt	1.011E+00	9.997E-01	9.997E-01	97.700	87	87	87
Q84H48_Q75_lddt	A0A455LP13_Q75_lddt	1.011E+00	9.996E-01	9.996E-01	97.700	87	87	87
Q84H48_Q75_lddt	A0A0P0IGT7_Q75_lddt	1.011E+00	9.995E-01	9.995E-01	98.800	87	87	87
Q84H48_Q75_lddt	Q84H47_Q75_lddt	1.011E+00	9.995E-01	9.995E-01	100.000	87	87	87
Q84H48_Q75_lddt	B8YHZ8_Q75_lddt	1.011E+00	9.994E-01	9.994E-01	93.100	87	87	87
Q84H48_Q75_lddt	Q8VQV7_Q75_lddt	1.011E+00	9.994E-01	9.994E-01	100.000	87	87	87
Q84H48_Q75_lddt	Q5I6D4_Q75_lddt	1.011E+00	9.993E-01	9.993E-01	94.200	87	87	87
Q84H48_Q75_lddt	Q2YHX8_Q75_lddt	1.011E+00	9.993E-01	9.993E-01	94.200	87	87	87
Q84H48_Q75_lddt	B5D620_Q75_lddt	1.011E+00	9.993E-01	9.993E-01	93.100	87	87	87
Q84H48_Q75_lddt	Q2YHX6_Q75_lddt	1.011E+00	9.992E-01	9.992E-01	94.200	87	87	87
Q84H48_Q75_lddt	A0A455LS80_Q75_lddt	1.011E+00	9.992E-01	9.992E-01	96.500	87	87	87
Q84H48_Q75_lddt	Q2YHY7_Q75_lddt	1.011E+00	9.991E-01	9.991E-01	93.100	87	87	87
Q84H48_Q75_lddt	Q2YHZ5_Q75_lddt	1.011E+00	9.990E-01	9.990E-01	93.100	87	87	87
Q84H48_Q75_lddt	Q2YHZ3_Q75_lddt	1.011E+00	9.989E-01	9.989E-01	93.100	87	87	87
Q84H48_Q75_lddt	Q2YHZ0_Q75_lddt	1.011E+00	9.989E-01	9.989E-01	93.100	87	87	87
Q84H48_Q75_lddt	Q2YHZ2_Q75_lddt	1.010E+00	9.989E-01	9.989E-01	93.100	87	87	87
Q84H48_Q75_lddt	Q6ZY77_Q75_lddt	1.010E+00	9.989E-01	9.989E-01	91.900	87	87	87
Q84H48_Q75_lddt	Q9R429_Q75_lddt	1.010E+00	9.988E-01	9.988E-01	78.100	87	87	87
Q84H48_Q75_lddt	Q8GHI3_Q75_lddt	1.010E+00	9.988E-01	9.988E-01	77.000	87	87	87
Q84H48_Q75_lddt	Q5PU78_Q75_lddt	1.010E+00	9.988E-01	9.988E-01	93.100	87	87	87
Q84H48_Q75_lddt	AF-Q6W7F0-F1-model_v4_Q75_lddt	1.010E+00	9.987E-01	9.987E-01	83.900	87	87	87
Q84H48_Q75_lddt	Q6ZY74_Q75_lddt	1.010E+00	9.986E-01	9.986E-01	93.100	87	87	87
Q84H48_Q75_lddt	H9AXM1_Q75_lddt	1.010E+00	9.985E-01	9.985E-01	74.700	87	87	87
Q84H48_Q75_lddt	Q6ZY58_Q75_lddt	1.010E+00	9.985E-01	9.985E-01	91.900	87	87	87
Q84H48_Q75_lddt	Q6R5M7_Q75_lddt	1.010E+00	9.984E-01	9.984E-01	93.100	87	87	87
Q84H48_Q75_lddt	OKP-D-1_Q75_lddt	1.009E+00	9.975E-01	9.975E-01	93.100	87	87	87
Q84H48_Q75_lddt	OKP-C-1_Q75_lddt	1.011E+00	9.873E-01	9.988E-01	90.800	87	87	86
Q84H48_Q75_lddt	C0LSK3_Q75_lddt	1.010E+00	9.873E-01	9.987E-01	93.000	87	86	86
Q84H48_Q75_lddt	Q939H3_Q75_lddt	1.011E+00	9.997E-01	9.772E-01	98.800	87	87	89
Q84H48_Q75_lddt	Q0PGR7_Q75_lddt	1.011E+00	9.994E-01	9.769E-01	91.900	87	87	89
Q84H48_Q75_lddt	B9U2I6_Q75_lddt	1.011E+00	9.993E-01	9.768E-01	91.900	87	87	89
Q84H48_Q75_lddt	A0ZX80_Q75_lddt	1.011E+00	9.993E-01	9.768E-01	91.900	87	87	89
Q84H48_Q75_lddt	A0ZX91_Q75_lddt	1.011E+00	9.992E-01	9.768E-01	91.900	87	87	89
Q84H48_Q75_lddt	S4TWB0_Q75_lddt	1.011E+00	9.992E-01	9.768E-01	91.900	87	87	89
Q84H48_Q75_lddt	D5LGB4_Q75_lddt	1.011E+00	9.992E-01	9.768E-01	91.900	87	87	89
Q84H48_Q75_lddt	Q8VP57_Q75_lddt	1.011E+00	9.992E-01	9.768E-01	91.900	87	87	89
Q84H48_Q75_lddt	A0A2P9E069_Q75_lddt	1.011E+00	9.992E-01	9.768E-01	91.900	87	87	89
Q84H48_Q75_lddt	E5Q900_Q75_lddt	1.011E+00	9.992E-01	9.767E-01	91.900	87	87	89
Q84H48_Q75_lddt	A3FFR2_Q75_lddt	1.011E+00	9.992E-01	9.767E-01	91.900	87	87	89
Q84H48_Q75_lddt	Q2MJC2_Q75_lddt	1.010E+00	9.986E-01	9.761E-01	91.900	87	87	89
Q84H48_Q75_lddt	A0A097BQY7_Q75_lddt	1.010E+00	9.986E-01	9.761E-01	91.900	87	87	89
Q84H48_Q75_lddt	F8SQ10_Q75_lddt	1.010E+00	9.985E-01	9.761E-01	91.900	87	87	89
Q84H48_Q75_lddt	Q939H5_Q75_lddt	1.010E+00	9.984E-01	9.760E-01	90.800	87	87	89
Q84H48_Q75_lddt	H2ERK9_Q75_lddt	1.010E+00	9.984E-01	9.760E-01	91.900	87	87	89
Q84H48_Q75_lddt	B0FP98_Q75_lddt	1.010E+00	9.984E-01	9.760E-01	90.800	87	87	89
Q84H48_Q75_lddt	C8CE59_Q75_lddt	1.010E+00	9.755E-01	9.984E-01	89.600	87	87	85
Q84H48_Q75_lddt	C8CE60_Q75_lddt	1.010E+00	9.754E-01	9.983E-01	89.600	87	87	85
Q84H48_Q75_lddt	Q8VP67_Q75_lddt	1.010E+00	9.980E-01	9.756E-01	91.900	87	87	89
Q84H48_Q75_lddt	J7HZA4_Q75_lddt	1.009E+00	9.979E-01	9.755E-01	90.800	87	87	89
Q84H48_Q75_lddt	Q8KRG7_Q75_lddt	1.009E+00	9.978E-01	9.754E-01	91.900	87	87	89
Q84H48_Q75_lddt	O33677_Q75_lddt	1.005E+00	9.816E-01	9.930E-01	75.800	87	87	86
Q84H48_Q75_lddt	E5G517_Q75_lddt	1.005E+00	9.934E-01	9.711E-01	90.800	87	87	89
Q84H48_Q75_lddt	AF-A0A867XYA1-F1-model_v4_Q75_lddt	1.010E+00	9.866E-01	9.754E-01	82.700	87	87	88
Q84H48_Q75_lddt	AF-P18251-F1-model_v4_Q75_lddt	1.009E+00	9.862E-01	9.750E-01	87.300	87	87	88
Q84H48_Q75_lddt	B7FDD9_Q75_lddt	1.011E+00	9.410E-01	9.983E-01	86.200	87	87	82
Q84H48_Q75_lddt	P14171_Q75_lddt	9.929E-01	9.593E-01	9.815E-01	54.000	87	87	85
Q84H48_Q75_lddt	Q3SAW3_Q75_lddt	9.974E-01	9.521E-01	9.857E-01	52.800	87	87	84
Q84H48_Q75_lddt	C5HUY1_Q75_lddt	9.959E-01	9.508E-01	9.842E-01	49.400	87	87	84
Q84H48_Q75_lddt	C6GC02_Q75_lddt	9.958E-01	9.507E-01	9.841E-01	48.200	87	87	84
Q84H48_Q75_lddt	A0A097ZLX5_Q75_lddt	9.958E-01	9.507E-01	9.841E-01	49.400	87	87	84
Q84H48_Q75_lddt	AF-A0A1J0HSJ3-F1-model_v4_Q75_lddt	1.003E+00	9.345E-01	9.910E-01	55.100	87	87	82
Q84H48_Q75_lddt	GES-44_Q75_lddt	9.942E-01	9.492E-01	9.826E-01	49.400	87	87	84
Q84H48_Q75_lddt	AF-A0A3G1JAD7-F1-model_v4_Q75_lddt	1.002E+00	9.338E-01	9.902E-01	55.100	87	87	82
Q84H48_Q75_lddt	GES-41_Q75_lddt	9.940E-01	9.491E-01	9.824E-01	49.400	87	87	84
Q84H48_Q75_lddt	SGM-3_Q75_lddt	9.951E-01	9.501E-01	9.721E-01	51.700	87	87	85
Q84H48_Q75_lddt	SGM-2_Q75_lddt	9.948E-01	9.498E-01	9.718E-01	51.700	87	87	85
Q84H48_Q75_lddt	PER-16_Q75_lddt	9.879E-01	9.435E-01	9.764E-01	40.200	87	87	84
Q84H48_Q75_lddt	AF-E2D9D5-F1-model_v4_Q75_lddt	9.855E-01	9.413E-01	9.741E-01	29.800	87	87	84
Q84H48_Q75_lddt	AF-A0A886X7X6-F1-model_v6_Q75_lddt	9.883E-01	9.439E-01	9.656E-01	33.300	87	87	85
Q84H48_Q75_lddt	Q9AMJ7_Q75_lddt	9.884E-01	9.329E-01	9.768E-01	29.800	87	87	83
Q84H48_Q75_lddt	SGM-5_Q75_lddt	9.879E-01	9.435E-01	9.652E-01	50.500	87	87	85
Q84H48_Q75_lddt	A1YTM5_Q75_lddt	9.880E-01	9.324E-01	9.763E-01	29.800	87	87	83
Q84H48_Q75_lddt	A0A2Z2Z6H0_Q75_lddt	9.837E-01	9.396E-01	9.723E-01	47.100	87	87	84
Q84H48_Q75_lddt	A0A1W5QH29_Q75_lddt	9.791E-01	9.464E-01	9.680E-01	37.900	87	87	85
Q84H48_Q75_lddt	D5HSX5_Q75_lddt	9.868E-01	9.314E-01	9.752E-01	40.200	87	87	83
Q84H48_Q75_lddt	A0A1W5QCF3_Q75_lddt	9.783E-01	9.456E-01	9.671E-01	37.900	87	87	85
Q84H48_Q75_lddt	AF-Q1NAL0-F1-model_v4_Q75_lddt	9.862E-01	9.420E-01	9.636E-01	51.700	87	87	85
Q84H48_Q75_lddt	RAA-1_Q75_lddt	9.862E-01	9.309E-01	9.746E-01	31.000	87	87	83
Q84H48_Q75_lddt	A0A3Q8G682_Q75_lddt	9.704E-01	9.487E-01	9.594E-01	55.100	87	87	86
Q84H48_Q75_lddt	F8T7L4_Q75_lddt	9.856E-01	9.303E-01	9.740E-01	36.700	87	87	83
Q84H48_Q75_lddt	Q5XQD3_Q75_lddt	9.855E-01	9.302E-01	9.739E-01	37.900	87	87	83
Q84H48_Q75_lddt	P74842_Q75_lddt	9.853E-01	9.300E-01	9.737E-01	37.900	87	87	83
Q84H48_Q75_lddt	A0A1W5QG57_Q75_lddt	9.751E-01	9.426E-01	9.640E-01	37.900	87	87	85
Q84H48_Q75_lddt	Q8VT49_Q75_lddt	9.833E-01	9.282E-01	9.717E-01	31.000	87	87	83
Q84H48_Q75_lddt	Q9XBM2_Q75_lddt	9.680E-01	9.465E-01	9.571E-01	41.300	87	87	86
Q84H48_Q75_lddt	Q5W3A6_Q75_lddt	9.784E-01	9.349E-01	9.672E-01	33.300	87	87	84
Q84H48_Q75_lddt	AF-A0A0D0F642-F1-model_v4_Q75_lddt	9.825E-01	9.275E-01	9.710E-01	32.100	87	87	83
Q84H48_Q75_lddt	AF-E4WMC5-F1-model_v6_Q75_lddt	9.795E-01	9.248E-01	9.680E-01	36.700	87	87	83
Q84H48_Q75_lddt	A0A0E0SR47_Q75_lddt	9.704E-01	9.382E-01	9.594E-01	39.000	87	87	85
Q84H48_Q75_lddt	G9MB50_Q75_lddt	9.784E-01	9.239E-01	9.670E-01	29.800	87	87	83
Q84H48_Q75_lddt	G9M9P7_Q75_lddt	9.779E-01	9.234E-01	9.665E-01	29.800	87	87	83
Q84H48_Q75_lddt	G9MB49_Q75_lddt	9.776E-01	9.232E-01	9.662E-01	31.000	87	87	83
Q84H48_Q75_lddt	AF-J9QX37-F1-model_v4_Q75_lddt	9.836E-01	9.065E-01	9.718E-01	28.700	87	87	81
Q84H48_Q75_lddt	AF-A0A8E9ZWD0-F1-model_v6_Q75_lddt	9.748E-01	9.316E-01	9.527E-01	31.000	87	87	85
Q84H48_Q75_lddt	AF-F4NA56-F1-model_v4_Q75_lddt	9.658E-01	9.339E-01	9.549E-01	37.900	87	87	85
Q84H48_Q75_lddt	Q9RAZ9_Q75_lddt	9.781E-01	9.127E-01	9.666E-01	31.000	87	87	82
Q84H48_Q75_lddt	Q9X6W1_Q75_lddt	9.722E-01	9.181E-01	9.609E-01	33.300	87	87	83
Q84H48_Q75_lddt	A0A0B6VPP7_Q75_lddt	9.690E-01	9.153E-01	9.578E-01	31.000	87	87	83
Q84H48_Q75_lddt	B5L5W7_Q75_lddt	9.685E-01	9.363E-01	9.363E-01	36.700	87	87	87
Q84H48_Q75_lddt	AF-A0A127SQY3-F1-model_v6_Q75_lddt	9.546E-01	9.022E-01	9.436E-01	25.200	87	87	83
Q84H48_Q75_lddt	Q57509_Q75_lddt	9.513E-01	8.988E-01	9.295E-01	28.400	87	88	84
Q84H48_Q75_lddt	C8C0I2_Q75_lddt	9.475E-01	8.957E-01	9.367E-01	33.300	87	87	83
Q84H48_Q75_lddt	C8C0D8_Q75_lddt	9.178E-01	8.979E-01	9.078E-01	24.700	87	89	86
Q84H48_Q75_lddt	Q9X4S7_Q75_lddt	9.154E-01	8.956E-01	9.054E-01	26.900	87	89	86
Q8VT49_Q75_lddt	Q8VT49_Q75_lddt	1.012E+00	1.000E+00	1.000E+00	100.000	83	83	83
Q8VT49_Q75_lddt	RAA-1_Q75_lddt	1.005E+00	9.930E-01	9.930E-01	74.600	83	83	83
Q8VT49_Q75_lddt	AF-A0A0D0F642-F1-model_v4_Q75_lddt	1.005E+00	9.927E-01	9.927E-01	63.800	83	83	83
Q8VT49_Q75_lddt	G9MB50_Q75_lddt	1.004E+00	9.922E-01	9.922E-01	60.200	83	83	83
Q8VT49_Q75_lddt	G9M9P7_Q75_lddt	1.004E+00	9.920E-01	9.920E-01	62.600	83	83	83
Q8VT49_Q75_lddt	G9MB49_Q75_lddt	1.004E+00	9.920E-01	9.920E-01	61.400	83	83	83
Q8VT49_Q75_lddt	AF-E2D9D5-F1-model_v4_Q75_lddt	1.007E+00	9.949E-01	9.831E-01	61.900	83	84	84
Q8VT49_Q75_lddt	Q9RAZ9_Q75_lddt	1.006E+00	9.818E-01	9.937E-01	72.200	83	83	82
Q8VT49_Q75_lddt	Q9AMJ7_Q75_lddt	1.001E+00	9.895E-01	9.895E-01	53.000	83	83	83
Q8VT49_Q75_lddt	A1YTM5_Q75_lddt	1.001E+00	9.894E-01	9.894E-01	53.000	83	83	83
Q8VT49_Q75_lddt	Q5W3A6_Q75_lddt	1.004E+00	9.922E-01	9.804E-01	66.600	83	84	84
Q8VT49_Q75_lddt	AF-A0A886X7X6-F1-model_v6_Q75_lddt	1.002E+00	9.900E-01	9.670E-01	51.100	83	84	85
Q8VT49_Q75_lddt	Q9X6W1_Q75_lddt	9.897E-01	9.780E-01	9.780E-01	49.300	83	83	83
Q8VT49_Q75_lddt	AF-E4WMC5-F1-model_v6_Q75_lddt	9.914E-01	9.797E-01	9.797E-01	43.300	83	83	83
Q8VT49_Q75_lddt	A0A0B6VPP7_Q75_lddt	9.885E-01	9.768E-01	9.768E-01	49.300	83	83	83
Q8VT49_Q75_lddt	PER-16_Q75_lddt	9.913E-01	9.796E-01	9.682E-01	46.400	83	84	84
Q8VT49_Q75_lddt	D5HSX5_Q75_lddt	9.863E-01	9.747E-01	9.747E-01	46.900	83	83	83
Q8VT49_Q75_lddt	Q5XQD3_Q75_lddt	9.862E-01	9.746E-01	9.746E-01	46.900	83	83	83
Q8VT49_Q75_lddt	P74842_Q75_lddt	9.862E-01	9.746E-01	9.746E-01	46.900	83	83	83
Q8VT49_Q75_lddt	F8T7L4_Q75_lddt	9.862E-01	9.746E-01	9.746E-01	46.900	83	83	83
Q8VT49_Q75_lddt	AF-A0A8E9ZWD0-F1-model_v6_Q75_lddt	9.902E-01	9.785E-01	9.560E-01	48.800	83	84	85
Q8VT49_Q75_lddt	AF-A0A127SQY3-F1-model_v6_Q75_lddt	9.800E-01	9.685E-01	9.685E-01	40.900	83	83	83
Q8VT49_Q75_lddt	AF-J9QX37-F1-model_v4_Q75_lddt	9.901E-01	9.550E-01	9.781E-01	45.700	83	83	81
Q8VT49_Q75_lddt	C8C0I2_Q75_lddt	9.719E-01	9.605E-01	9.605E-01	44.000	83	84	83
Q8VT49_Q75_lddt	AF-A0A3G1JAD7-F1-model_v4_Q75_lddt	9.807E-01	9.577E-01	9.691E-01	32.500	83	83	82
Q8VT49_Q75_lddt	B7FDD9_Q75_lddt	9.807E-01	9.578E-01	9.691E-01	31.300	83	83	82
Q8VT49_Q75_lddt	AF-A0A1J0HSJ3-F1-model_v4_Q75_lddt	9.803E-01	9.574E-01	9.687E-01	30.100	83	83	82
Q8VT49_Q75_lddt	C8CE59_Q75_lddt	9.823E-01	9.708E-01	9.486E-01	31.700	83	85	85
Q8VT49_Q75_lddt	C8CE60_Q75_lddt	9.807E-01	9.692E-01	9.471E-01	31.700	83	85	85
Q8VT49_Q75_lddt	Q3SAW3_Q75_lddt	9.762E-01	9.648E-01	9.537E-01	33.300	83	84	84
Q8VT49_Q75_lddt	Q57509_Q75_lddt	9.696E-01	9.582E-01	9.471E-01	39.200	83	84	84
Q8VT49_Q75_lddt	OKP-C-1_Q75_lddt	9.818E-01	9.703E-01	9.374E-01	30.200	83	86	86
Q8VT49_Q75_lddt	Q9R429_Q75_lddt	9.856E-01	9.740E-01	9.303E-01	28.700	83	87	87
Q8VT49_Q75_lddt	Q8GHI3_Q75_lddt	9.852E-01	9.737E-01	9.300E-01	27.500	83	87	87
Q8VT49_Q75_lddt	H9AXM1_Q75_lddt	9.851E-01	9.735E-01	9.299E-01	27.500	83	87	87
Q8VT49_Q75_lddt	AF-Q6W7F0-F1-model_v4_Q75_lddt	9.845E-01	9.730E-01	9.294E-01	31.000	83	87	87
Q8VT49_Q75_lddt	Q2YHX6_Q75_lddt	9.838E-01	9.723E-01	9.287E-01	29.800	83	87	87
Q8VT49_Q75_lddt	A0A455LS80_Q75_lddt	9.836E-01	9.721E-01	9.286E-01	31.000	83	87	87
Q8VT49_Q75_lddt	SGM-3_Q75_lddt	9.760E-01	9.646E-01	9.427E-01	33.300	83	84	85
Q8VT49_Q75_lddt	Q5PU78_Q75_lddt	9.835E-01	9.720E-01	9.285E-01	29.800	83	87	87
Q8VT49_Q75_lddt	Q2YHZ2_Q75_lddt	9.835E-01	9.719E-01	9.284E-01	29.800	83	87	87
Q8VT49_Q75_lddt	Q84H48_Q75_lddt	9.833E-01	9.717E-01	9.282E-01	31.000	83	87	87
Q8VT49_Q75_lddt	Q2YHY7_Q75_lddt	9.832E-01	9.717E-01	9.282E-01	29.800	83	87	87
Q8VT49_Q75_lddt	SGM-2_Q75_lddt	9.757E-01	9.643E-01	9.424E-01	33.300	83	84	85
Q8VT49_Q75_lddt	A0A455LP07_Q75_lddt	9.832E-01	9.717E-01	9.282E-01	31.000	83	87	87
Q8VT49_Q75_lddt	B5D620_Q75_lddt	9.832E-01	9.717E-01	9.282E-01	29.800	83	87	87
Q8VT49_Q75_lddt	Q5I6D4_Q75_lddt	9.832E-01	9.717E-01	9.282E-01	29.800	83	87	87
Q8VT49_Q75_lddt	Q2YHX8_Q75_lddt	9.832E-01	9.716E-01	9.282E-01	29.800	83	87	87
Q8VT49_Q75_lddt	A0A455LP13_Q75_lddt	9.831E-01	9.716E-01	9.281E-01	31.000	83	87	87
Q8VT49_Q75_lddt	A0A455LP02_Q75_lddt	9.831E-01	9.716E-01	9.281E-01	31.000	83	87	87
Q8VT49_Q75_lddt	Q84H47_Q75_lddt	9.830E-01	9.715E-01	9.280E-01	31.000	83	87	87
Q8VT49_Q75_lddt	B5D612_Q75_lddt	9.831E-01	9.716E-01	9.281E-01	31.000	83	87	87
Q8VT49_Q75_lddt	E9NST5_Q75_lddt	9.830E-01	9.715E-01	9.280E-01	31.000	83	87	87
Q8VT49_Q75_lddt	A0A0P0IGT7_Q75_lddt	9.829E-01	9.713E-01	9.279E-01	31.000	83	87	87
Q8VT49_Q75_lddt	B8YHZ8_Q75_lddt	9.828E-01	9.713E-01	9.279E-01	29.800	83	87	87
Q8VT49_Q75_lddt	Q8VQV7_Q75_lddt	9.827E-01	9.712E-01	9.278E-01	31.000	83	87	87
Q8VT49_Q75_lddt	R4ISB3_Q75_lddt	9.827E-01	9.712E-01	9.278E-01	31.000	83	87	87
Q8VT49_Q75_lddt	Q6R5M7_Q75_lddt	9.825E-01	9.710E-01	9.276E-01	29.800	83	87	87
Q8VT49_Q75_lddt	Q2YHZ5_Q75_lddt	9.825E-01	9.710E-01	9.275E-01	29.800	83	87	87
Q8VT49_Q75_lddt	Q2YHZ3_Q75_lddt	9.825E-01	9.710E-01	9.275E-01	29.800	83	87	87
Q8VT49_Q75_lddt	Q6ZY77_Q75_lddt	9.823E-01	9.708E-01	9.274E-01	29.800	83	87	87
Q8VT49_Q75_lddt	Q2YHZ0_Q75_lddt	9.821E-01	9.706E-01	9.272E-01	29.800	83	87	87
Q8VT49_Q75_lddt	Q6ZY74_Q75_lddt	9.819E-01	9.704E-01	9.270E-01	29.800	83	87	87
Q8VT49_Q75_lddt	C5HUY1_Q75_lddt	9.693E-01	9.581E-01	9.471E-01	33.300	83	84	84
Q8VT49_Q75_lddt	Q6ZY58_Q75_lddt	9.802E-01	9.688E-01	9.255E-01	29.800	83	87	87
Q8VT49_Q75_lddt	A0A097ZLX5_Q75_lddt	9.691E-01	9.579E-01	9.470E-01	33.300	83	84	84
Q8VT49_Q75_lddt	GES-44_Q75_lddt	9.689E-01	9.577E-01	9.468E-01	33.300	83	84	84
Q8VT49_Q75_lddt	C6GC02_Q75_lddt	9.689E-01	9.577E-01	9.468E-01	32.100	83	84	84
Q8VT49_Q75_lddt	AF-P18251-F1-model_v4_Q75_lddt	9.824E-01	9.709E-01	9.173E-01	30.200	83	86	88
Q8VT49_Q75_lddt	GES-41_Q75_lddt	9.674E-01	9.562E-01	9.453E-01	33.300	83	84	84
Q8VT49_Q75_lddt	OKP-D-1_Q75_lddt	9.775E-01	9.661E-01	9.231E-01	29.800	83	87	87
Q8VT49_Q75_lddt	C0LSK3_Q75_lddt	9.818E-01	9.589E-01	9.264E-01	29.000	83	86	86
Q8VT49_Q75_lddt	P14171_Q75_lddt	9.688E-01	9.576E-01	9.359E-01	24.700	83	85	85
Q8VT49_Q75_lddt	E5G517_Q75_lddt	9.835E-01	9.720E-01	9.082E-01	31.000	83	87	89
Q8VT49_Q75_lddt	Q8VP57_Q75_lddt	9.835E-01	9.719E-01	9.081E-01	31.000	83	87	89
Q8VT49_Q75_lddt	A0ZX91_Q75_lddt	9.834E-01	9.719E-01	9.081E-01	31.000	83	87	89
Q8VT49_Q75_lddt	B9U2I6_Q75_lddt	9.833E-01	9.718E-01	9.080E-01	31.000	83	87	89
Q8VT49_Q75_lddt	D5LGB4_Q75_lddt	9.833E-01	9.718E-01	9.080E-01	31.000	83	87	89
Q8VT49_Q75_lddt	F8SQ10_Q75_lddt	9.833E-01	9.718E-01	9.080E-01	31.000	83	87	89
Q8VT49_Q75_lddt	A0ZX80_Q75_lddt	9.833E-01	9.718E-01	9.079E-01	31.000	83	87	89
Q8VT49_Q75_lddt	S4TWB0_Q75_lddt	9.832E-01	9.717E-01	9.079E-01	31.000	83	87	89
Q8VT49_Q75_lddt	A0A2P9E069_Q75_lddt	9.831E-01	9.716E-01	9.078E-01	31.000	83	87	89
Q8VT49_Q75_lddt	Q939H3_Q75_lddt	9.830E-01	9.715E-01	9.077E-01	31.000	83	87	89
Q8VT49_Q75_lddt	E5Q900_Q75_lddt	9.830E-01	9.715E-01	9.077E-01	31.000	83	87	89
Q8VT49_Q75_lddt	AF-A0A867XYA1-F1-model_v4_Q75_lddt	9.794E-01	9.680E-01	9.146E-01	27.900	83	86	88
Q8VT49_Q75_lddt	Q0PGR7_Q75_lddt	9.828E-01	9.713E-01	9.075E-01	31.000	83	87	89
Q8VT49_Q75_lddt	O33677_Q75_lddt	9.682E-01	9.569E-01	9.245E-01	27.500	83	87	86
Q8VT49_Q75_lddt	A3FFR2_Q75_lddt	9.827E-01	9.712E-01	9.074E-01	31.000	83	87	89
Q8VT49_Q75_lddt	Q2MJC2_Q75_lddt	9.827E-01	9.712E-01	9.074E-01	31.000	83	87	89
Q8VT49_Q75_lddt	Q939H5_Q75_lddt	9.826E-01	9.711E-01	9.074E-01	31.000	83	87	89
Q8VT49_Q75_lddt	A0A2Z2Z6H0_Q75_lddt	9.634E-01	9.523E-01	9.414E-01	29.700	83	84	84
Q8VT49_Q75_lddt	H2ERK9_Q75_lddt	9.818E-01	9.703E-01	9.067E-01	31.000	83	87	89
Q8VT49_Q75_lddt	Q8VP67_Q75_lddt	9.816E-01	9.702E-01	9.065E-01	31.000	83	87	89
Q8VT49_Q75_lddt	B0FP98_Q75_lddt	9.816E-01	9.701E-01	9.065E-01	31.000	83	87	89
Q8VT49_Q75_lddt	A0A097BQY7_Q75_lddt	9.815E-01	9.700E-01	9.064E-01	31.000	83	87	89
Q8VT49_Q75_lddt	J7HZA4_Q75_lddt	9.814E-01	9.699E-01	9.063E-01	31.000	83	87	89
Q8VT49_Q75_lddt	Q8KRG7_Q75_lddt	9.812E-01	9.697E-01	9.061E-01	31.000	83	87	89
Q8VT49_Q75_lddt	AF-Q1NAL0-F1-model_v4_Q75_lddt	9.662E-01	9.551E-01	9.336E-01	34.500	83	84	85
Q8VT49_Q75_lddt	SGM-5_Q75_lddt	9.623E-01	9.513E-01	9.299E-01	33.300	83	84	85
Q8VT49_Q75_lddt	C8C0D8_Q75_lddt	9.594E-01	9.482E-01	9.161E-01	33.300	83	87	86
Q8VT49_Q75_lddt	Q9X4S7_Q75_lddt	9.590E-01	9.478E-01	9.157E-01	31.000	83	87	86
Q8VT49_Q75_lddt	B5L5W7_Q75_lddt	9.605E-01	9.495E-01	9.077E-01	34.100	83	85	87
Q8VT49_Q75_lddt	Q9XBM2_Q75_lddt	9.493E-01	9.383E-01	9.069E-01	26.400	83	87	86
Q8VT49_Q75_lddt	A0A3Q8G682_Q75_lddt	9.383E-01	9.275E-01	8.968E-01	28.700	83	87	86
Q8VT49_Q75_lddt	A0A0E0SR47_Q75_lddt	9.285E-01	9.180E-01	8.976E-01	34.400	83	87	85
Q8VT49_Q75_lddt	A0A1W5QH29_Q75_lddt	9.249E-01	9.144E-01	8.942E-01	27.500	83	87	85
Q8VT49_Q75_lddt	A0A1W5QCF3_Q75_lddt	9.235E-01	9.131E-01	8.929E-01	26.400	83	87	85
Q8VT49_Q75_lddt	AF-F4NA56-F1-model_v4_Q75_lddt	9.213E-01	9.109E-01	8.908E-01	31.000	83	87	85
Q8VT49_Q75_lddt	A0A1W5QG57_Q75_lddt	9.205E-01	9.102E-01	8.901E-01	28.700	83	87	85
Q9X4S7_Q75_lddt	Q9X4S7_Q75_lddt	1.012E+00	1.000E+00	1.000E+00	100.000	86	86	86
Q9X4S7_Q75_lddt	C8C0D8_Q75_lddt	1.009E+00	9.976E-01	9.976E-01	91.800	86	86	86
Q9X4S7_Q75_lddt	Q57509_Q75_lddt	9.884E-01	9.433E-01	9.654E-01	53.400	86	86	84
Q9X4S7_Q75_lddt	Q9X6W1_Q75_lddt	9.744E-01	9.300E-01	9.629E-01	33.300	86	87	83
Q9X4S7_Q75_lddt	A0A0B6VPP7_Q75_lddt	9.731E-01	9.288E-01	9.616E-01	33.300	86	87	83
Q9X4S7_Q75_lddt	C8C0I2_Q75_lddt	9.753E-01	9.313E-01	9.639E-01	37.200	86	86	83
Q9X4S7_Q75_lddt	AF-A0A127SQY3-F1-model_v6_Q75_lddt	9.682E-01	9.244E-01	9.569E-01	31.000	86	87	83
Q9X4S7_Q75_lddt	Q9RAZ9_Q75_lddt	9.710E-01	9.163E-01	9.596E-01	34.800	86	86	82
Q9X4S7_Q75_lddt	AF-A0A0D0F642-F1-model_v4_Q75_lddt	9.610E-01	9.175E-01	9.497E-01	37.900	86	87	83
Q9X4S7_Q75_lddt	G9MB49_Q75_lddt	9.609E-01	9.175E-01	9.496E-01	29.800	86	87	83
Q9X4S7_Q75_lddt	G9MB50_Q75_lddt	9.608E-01	9.174E-01	9.495E-01	28.700	86	87	83
Q9X4S7_Q75_lddt	G9M9P7_Q75_lddt	9.603E-01	9.170E-01	9.491E-01	29.800	86	87	83
Q9X4S7_Q75_lddt	A1YTM5_Q75_lddt	9.592E-01	9.159E-01	9.480E-01	33.300	86	87	83
Q9X4S7_Q75_lddt	Q9AMJ7_Q75_lddt	9.589E-01	9.157E-01	9.477E-01	33.300	86	87	83
Q9X4S7_Q75_lddt	Q8VT49_Q75_lddt	9.590E-01	9.157E-01	9.478E-01	31.000	86	87	83
Q9X4S7_Q75_lddt	AF-E2D9D5-F1-model_v4_Q75_lddt	9.508E-01	9.186E-01	9.398E-01	37.500	86	88	84
Q9X4S7_Q75_lddt	RAA-1_Q75_lddt	9.571E-01	9.141E-01	9.460E-01	33.300	86	87	83
Q9X4S7_Q75_lddt	Q5W3A6_Q75_lddt	9.473E-01	9.152E-01	9.363E-01	36.300	86	88	84
Q9X4S7_Q75_lddt	AF-A0A886X7X6-F1-model_v6_Q75_lddt	9.477E-01	9.157E-01	9.261E-01	37.500	86	88	85
Q9X4S7_Q75_lddt	AF-J9QX37-F1-model_v4_Q75_lddt	9.599E-01	8.956E-01	9.486E-01	26.700	86	86	81
Q9X4S7_Q75_lddt	P74842_Q75_lddt	9.468E-01	9.045E-01	9.359E-01	36.700	86	87	83
Q9X4S7_Q75_lddt	D5HSX5_Q75_lddt	9.461E-01	9.039E-01	9.352E-01	37.900	86	87	83
Q9X4S7_Q75_lddt	F8T7L4_Q75_lddt	9.460E-01	9.038E-01	9.351E-01	36.700	86	87	83
Q9X4S7_Q75_lddt	Q5XQD3_Q75_lddt	9.459E-01	9.037E-01	9.350E-01	36.700	86	87	83
Q9X4S7_Q75_lddt	AF-E4WMC5-F1-model_v6_Q75_lddt	9.456E-01	9.036E-01	9.348E-01	35.600	86	87	83
Q9X4S7_Q75_lddt	PER-16_Q75_lddt	9.378E-01	9.064E-01	9.271E-01	37.500	86	88	84
Q9X4S7_Q75_lddt	AF-A0A8E9ZWD0-F1-model_v6_Q75_lddt	9.374E-01	9.060E-01	9.162E-01	31.800	86	88	85
Q9X4S7_Q75_lddt	AF-A0A3G1JAD7-F1-model_v4_Q75_lddt	9.465E-01	8.943E-01	9.355E-01	31.300	86	86	82
Q9X4S7_Q75_lddt	AF-A0A1J0HSJ3-F1-model_v4_Q75_lddt	9.454E-01	8.933E-01	9.345E-01	31.300	86	86	82
Q9X4S7_Q75_lddt	B7FDD9_Q75_lddt	9.435E-01	8.917E-01	9.327E-01	29.000	86	86	82
Q9X4S7_Q75_lddt	C8CE59_Q75_lddt	9.260E-01	9.057E-01	9.157E-01	28.700	86	87	85
Q9X4S7_Q75_lddt	C8CE60_Q75_lddt	9.237E-01	9.036E-01	9.135E-01	28.700	86	87	85
Q9X4S7_Q75_lddt	Q9R429_Q75_lddt	9.184E-01	9.083E-01	8.985E-01	28.000	86	89	87
Q9X4S7_Q75_lddt	H9AXM1_Q75_lddt	9.181E-01	9.080E-01	8.982E-01	28.000	86	89	87
Q9X4S7_Q75_lddt	Q8GHI3_Q75_lddt	9.180E-01	9.079E-01	8.980E-01	28.000	86	89	87
Q9X4S7_Q75_lddt	OKP-C-1_Q75_lddt	9.138E-01	9.038E-01	9.038E-01	28.400	86	88	86
Q9X4S7_Q75_lddt	AF-Q6W7F0-F1-model_v4_Q75_lddt	9.160E-01	9.060E-01	8.962E-01	30.300	86	89	87
Q9X4S7_Q75_lddt	B5D612_Q75_lddt	9.158E-01	9.058E-01	8.960E-01	28.000	86	89	87
Q9X4S7_Q75_lddt	Q2YHX6_Q75_lddt	9.159E-01	9.059E-01	8.961E-01	28.000	86	89	87
Q9X4S7_Q75_lddt	Q2YHZ2_Q75_lddt	9.157E-01	9.056E-01	8.958E-01	28.000	86	89	87
Q9X4S7_Q75_lddt	B5D620_Q75_lddt	9.158E-01	9.058E-01	8.960E-01	28.000	86	89	87
Q9X4S7_Q75_lddt	A0A0P0IGT7_Q75_lddt	9.156E-01	9.056E-01	8.958E-01	28.000	86	89	87
Q9X4S7_Q75_lddt	Q5I6D4_Q75_lddt	9.155E-01	9.055E-01	8.957E-01	28.000	86	89	87
Q9X4S7_Q75_lddt	A0A455LP07_Q75_lddt	9.158E-01	9.058E-01	8.960E-01	26.900	86	89	87
Q9X4S7_Q75_lddt	A0A455LS80_Q75_lddt	9.154E-01	9.054E-01	8.956E-01	28.000	86	89	87
Q9X4S7_Q75_lddt	Q5PU78_Q75_lddt	9.153E-01	9.053E-01	8.955E-01	28.000	86	89	87
Q9X4S7_Q75_lddt	A0A455LP13_Q75_lddt	9.156E-01	9.056E-01	8.958E-01	26.900	86	89	87
Q9X4S7_Q75_lddt	Q84H48_Q75_lddt	9.154E-01	9.054E-01	8.956E-01	26.900	86	89	87
Q9X4S7_Q75_lddt	A0A455LP02_Q75_lddt	9.155E-01	9.055E-01	8.957E-01	26.900	86	89	87
Q9X4S7_Q75_lddt	E9NST5_Q75_lddt	9.154E-01	9.054E-01	8.956E-01	25.800	86	89	87
Q9X4S7_Q75_lddt	B8YHZ8_Q75_lddt	9.153E-01	9.053E-01	8.955E-01	28.000	86	89	87
Q9X4S7_Q75_lddt	Q2YHX8_Q75_lddt	9.153E-01	9.053E-01	8.955E-01	28.000	86	89	87
Q9X4S7_Q75_lddt	Q84H47_Q75_lddt	9.149E-01	9.049E-01	8.951E-01	26.900	86	89	87
Q9X4S7_Q75_lddt	Q3SAW3_Q75_lddt	9.192E-01	8.890E-01	9.089E-01	27.200	86	88	84
Q9X4S7_Q75_lddt	R4ISB3_Q75_lddt	9.149E-01	9.049E-01	8.952E-01	26.900	86	89	87
Q9X4S7_Q75_lddt	Q2YHY7_Q75_lddt	9.145E-01	9.045E-01	8.947E-01	28.000	86	89	87
Q9X4S7_Q75_lddt	Q2YHZ5_Q75_lddt	9.146E-01	9.046E-01	8.948E-01	28.000	86	89	87
Q9X4S7_Q75_lddt	Q6R5M7_Q75_lddt	9.146E-01	9.046E-01	8.949E-01	28.000	86	89	87
Q9X4S7_Q75_lddt	Q8VQV7_Q75_lddt	9.146E-01	9.046E-01	8.948E-01	26.900	86	89	87
Q9X4S7_Q75_lddt	Q2YHZ3_Q75_lddt	9.146E-01	9.046E-01	8.948E-01	28.000	86	89	87
Q9X4S7_Q75_lddt	Q6ZY77_Q75_lddt	9.146E-01	9.046E-01	8.948E-01	28.000	86	89	87
Q9X4S7_Q75_lddt	Q6ZY74_Q75_lddt	9.144E-01	9.045E-01	8.947E-01	28.000	86	89	87
Q9X4S7_Q75_lddt	Q2YHZ0_Q75_lddt	9.142E-01	9.042E-01	8.945E-01	28.000	86	89	87
Q9X4S7_Q75_lddt	SGM-3_Q75_lddt	9.223E-01	8.919E-01	9.018E-01	28.400	86	88	85
Q9X4S7_Q75_lddt	AF-P18251-F1-model_v4_Q75_lddt	9.167E-01	9.066E-01	8.872E-01	27.200	86	88	88
Q9X4S7_Q75_lddt	SGM-2_Q75_lddt	9.223E-01	8.919E-01	9.018E-01	28.400	86	88	85
Q9X4S7_Q75_lddt	Q6ZY58_Q75_lddt	9.122E-01	9.023E-01	8.925E-01	28.000	86	89	87
Q9X4S7_Q75_lddt	Q9XBM2_Q75_lddt	9.042E-01	8.943E-01	8.943E-01	23.500	86	89	86
Q9X4S7_Q75_lddt	E5G517_Q75_lddt	9.171E-01	9.070E-01	8.782E-01	28.000	86	89	89
Q9X4S7_Q75_lddt	F8SQ10_Q75_lddt	9.166E-01	9.066E-01	8.778E-01	28.000	86	89	89
Q9X4S7_Q75_lddt	A0ZX91_Q75_lddt	9.166E-01	9.066E-01	8.777E-01	28.000	86	89	89
Q9X4S7_Q75_lddt	Q8VP57_Q75_lddt	9.165E-01	9.065E-01	8.777E-01	28.000	86	89	89
Q9X4S7_Q75_lddt	A0ZX80_Q75_lddt	9.164E-01	9.064E-01	8.776E-01	28.000	86	89	89
Q9X4S7_Q75_lddt	B9U2I6_Q75_lddt	9.164E-01	9.064E-01	8.776E-01	28.000	86	89	89
Q9X4S7_Q75_lddt	S4TWB0_Q75_lddt	9.164E-01	9.064E-01	8.775E-01	28.000	86	89	89
Q9X4S7_Q75_lddt	D5LGB4_Q75_lddt	9.164E-01	9.063E-01	8.775E-01	28.000	86	89	89
Q9X4S7_Q75_lddt	C0LSK3_Q75_lddt	9.128E-01	8.928E-01	8.928E-01	27.200	86	88	86
Q9X4S7_Q75_lddt	A0A2P9E069_Q75_lddt	9.162E-01	9.062E-01	8.774E-01	28.000	86	89	89
Q9X4S7_Q75_lddt	Q939H5_Q75_lddt	9.162E-01	9.062E-01	8.774E-01	28.000	86	89	89
Q9X4S7_Q75_lddt	E5Q900_Q75_lddt	9.162E-01	9.061E-01	8.773E-01	28.000	86	89	89
Q9X4S7_Q75_lddt	AF-A0A867XYA1-F1-model_v4_Q75_lddt	9.126E-01	9.026E-01	8.834E-01	22.700	86	88	88
Q9X4S7_Q75_lddt	Q0PGR7_Q75_lddt	9.160E-01	9.060E-01	8.772E-01	26.900	86	89	89
Q9X4S7_Q75_lddt	Q2MJC2_Q75_lddt	9.160E-01	9.060E-01	8.772E-01	28.000	86	89	89
Q9X4S7_Q75_lddt	A3FFR2_Q75_lddt	9.157E-01	9.057E-01	8.769E-01	28.000	86	89	89
Q9X4S7_Q75_lddt	Q939H3_Q75_lddt	9.155E-01	9.055E-01	8.767E-01	26.900	86	89	89
Q9X4S7_Q75_lddt	OKP-D-1_Q75_lddt	9.087E-01	8.988E-01	8.891E-01	26.900	86	89	87
Q9X4S7_Q75_lddt	H2ERK9_Q75_lddt	9.151E-01	9.051E-01	8.763E-01	28.000	86	89	89
Q9X4S7_Q75_lddt	GES-44_Q75_lddt	9.128E-01	8.829E-01	9.026E-01	28.400	86	88	84
Q9X4S7_Q75_lddt	C5HUY1_Q75_lddt	9.128E-01	8.829E-01	9.026E-01	28.400	86	88	84
Q9X4S7_Q75_lddt	A0A097ZLX5_Q75_lddt	9.127E-01	8.829E-01	9.025E-01	28.400	86	88	84
Q9X4S7_Q75_lddt	Q8VP67_Q75_lddt	9.147E-01	9.047E-01	8.760E-01	28.000	86	89	89
Q9X4S7_Q75_lddt	J7HZA4_Q75_lddt	9.145E-01	9.045E-01	8.758E-01	28.000	86	89	89
Q9X4S7_Q75_lddt	C6GC02_Q75_lddt	9.124E-01	8.825E-01	9.022E-01	27.200	86	88	84
Q9X4S7_Q75_lddt	B0FP98_Q75_lddt	9.143E-01	9.043E-01	8.756E-01	28.000	86	89	89
Q9X4S7_Q75_lddt	O33677_Q75_lddt	9.014E-01	8.915E-01	8.915E-01	28.000	86	89	86
Q9X4S7_Q75_lddt	A0A097BQY7_Q75_lddt	9.145E-01	9.045E-01	8.758E-01	28.000	86	89	89
Q9X4S7_Q75_lddt	Q8KRG7_Q75_lddt	9.143E-01	9.043E-01	8.756E-01	28.000	86	89	89
Q9X4S7_Q75_lddt	B5L5W7_Q75_lddt	9.137E-01	8.937E-01	8.840E-01	26.100	86	88	87
Q9X4S7_Q75_lddt	GES-41_Q75_lddt	9.116E-01	8.818E-01	9.014E-01	28.400	86	88	84
Q9X4S7_Q75_lddt	P14171_Q75_lddt	9.058E-01	8.862E-01	8.959E-01	22.700	86	88	85
Q9X4S7_Q75_lddt	AF-Q1NAL0-F1-model_v4_Q75_lddt	9.138E-01	8.839E-01	8.937E-01	27.200	86	88	85
Q9X4S7_Q75_lddt	A0A3Q8G682_Q75_lddt	8.956E-01	8.859E-01	8.859E-01	25.800	86	89	86
Q9X4S7_Q75_lddt	SGM-5_Q75_lddt	9.097E-01	8.801E-01	8.897E-01	29.500	86	88	85
Q9X4S7_Q75_lddt	A0A2Z2Z6H0_Q75_lddt	9.019E-01	8.726E-01	8.919E-01	26.100	86	88	84
Q9X4S7_Q75_lddt	A0A0E0SR47_Q75_lddt	8.957E-01	8.763E-01	8.859E-01	24.700	86	89	85
Q9X4S7_Q75_lddt	A0A1W5QH29_Q75_lddt	8.885E-01	8.694E-01	8.789E-01	31.400	86	89	85
Q9X4S7_Q75_lddt	AF-F4NA56-F1-model_v4_Q75_lddt	8.879E-01	8.689E-01	8.783E-01	28.000	86	89	85
Q9X4S7_Q75_lddt	A0A1W5QCF3_Q75_lddt	8.869E-01	8.679E-01	8.773E-01	31.400	86	89	85
Q9X4S7_Q75_lddt	A0A1W5QG57_Q75_lddt	8.841E-01	8.652E-01	8.745E-01	32.500	86	89	85
SGM-5_Q75_lddt	SGM-5_Q75_lddt	1.012E+00	1.000E+00	1.000E+00	100.000	85	85	85
SGM-5_Q75_lddt	AF-Q1NAL0-F1-model_v4_Q75_lddt	1.009E+00	9.850E-01	9.850E-01	88.000	85	84	85
SGM-5_Q75_lddt	SGM-2_Q75_lddt	1.009E+00	9.850E-01	9.850E-01	88.000	85	84	85
SGM-5_Q75_lddt	SGM-3_Q75_lddt	1.008E+00	9.846E-01	9.846E-01	88.000	85	84	85
SGM-5_Q75_lddt	GES-41_Q75_lddt	9.994E-01	9.761E-01	9.876E-01	58.300	85	84	84
SGM-5_Q75_lddt	GES-44_Q75_lddt	9.987E-01	9.755E-01	9.870E-01	58.300	85	84	84
SGM-5_Q75_lddt	A0A097ZLX5_Q75_lddt	9.979E-01	9.747E-01	9.862E-01	58.300	85	84	84
SGM-5_Q75_lddt	C5HUY1_Q75_lddt	9.978E-01	9.746E-01	9.861E-01	58.300	85	84	84
SGM-5_Q75_lddt	C6GC02_Q75_lddt	9.976E-01	9.744E-01	9.859E-01	57.100	85	84	84
SGM-5_Q75_lddt	Q3SAW3_Q75_lddt	9.939E-01	9.710E-01	9.823E-01	60.700	85	84	84
SGM-5_Q75_lddt	AF-A0A3G1JAD7-F1-model_v4_Q75_lddt	9.999E-01	9.534E-01	9.878E-01	55.900	85	84	82
SGM-5_Q75_lddt	AF-A0A1J0HSJ3-F1-model_v4_Q75_lddt	9.994E-01	9.529E-01	9.873E-01	54.700	85	84	82
SGM-5_Q75_lddt	A0A2Z2Z6H0_Q75_lddt	9.860E-01	9.634E-01	9.746E-01	60.700	85	84	84
SGM-5_Q75_lddt	B7FDD9_Q75_lddt	9.924E-01	9.466E-01	9.806E-01	51.100	85	84	82
SGM-5_Q75_lddt	OKP-C-1_Q75_lddt	9.903E-01	9.675E-01	9.565E-01	51.100	85	86	86
SGM-5_Q75_lddt	PER-16_Q75_lddt	9.820E-01	9.595E-01	9.706E-01	46.400	85	84	84
SGM-5_Q75_lddt	OKP-D-1_Q75_lddt	9.907E-01	9.679E-01	9.460E-01	49.400	85	87	87
SGM-5_Q75_lddt	D5HSX5_Q75_lddt	9.830E-01	9.493E-01	9.715E-01	46.400	85	84	83
SGM-5_Q75_lddt	AF-Q6W7F0-F1-model_v4_Q75_lddt	9.896E-01	9.668E-01	9.450E-01	48.200	85	87	87
SGM-5_Q75_lddt	AF-P18251-F1-model_v4_Q75_lddt	9.933E-01	9.704E-01	9.379E-01	48.800	85	86	88
SGM-5_Q75_lddt	F8T7L4_Q75_lddt	9.820E-01	9.483E-01	9.705E-01	45.200	85	84	83
SGM-5_Q75_lddt	Q5XQD3_Q75_lddt	9.819E-01	9.482E-01	9.704E-01	45.200	85	84	83
SGM-5_Q75_lddt	Q8VQV7_Q75_lddt	9.893E-01	9.665E-01	9.448E-01	50.500	85	87	87
SGM-5_Q75_lddt	P74842_Q75_lddt	9.818E-01	9.481E-01	9.703E-01	45.200	85	84	83
SGM-5_Q75_lddt	Q2YHY7_Q75_lddt	9.889E-01	9.661E-01	9.444E-01	49.400	85	87	87
SGM-5_Q75_lddt	Q84H47_Q75_lddt	9.887E-01	9.660E-01	9.443E-01	50.500	85	87	87
SGM-5_Q75_lddt	Q84H48_Q75_lddt	9.879E-01	9.652E-01	9.435E-01	50.500	85	87	87
SGM-5_Q75_lddt	B8YHZ8_Q75_lddt	9.869E-01	9.642E-01	9.425E-01	49.400	85	87	87
SGM-5_Q75_lddt	Q6ZY77_Q75_lddt	9.869E-01	9.642E-01	9.425E-01	49.400	85	87	87
SGM-5_Q75_lddt	Q2YHZ3_Q75_lddt	9.866E-01	9.640E-01	9.423E-01	49.400	85	87	87
SGM-5_Q75_lddt	Q2YHZ0_Q75_lddt	9.866E-01	9.640E-01	9.423E-01	49.400	85	87	87
SGM-5_Q75_lddt	Q2YHZ5_Q75_lddt	9.866E-01	9.640E-01	9.423E-01	49.400	85	87	87
SGM-5_Q75_lddt	Q9R429_Q75_lddt	9.866E-01	9.639E-01	9.423E-01	48.200	85	87	87
SGM-5_Q75_lddt	Q8GHI3_Q75_lddt	9.866E-01	9.639E-01	9.423E-01	48.200	85	87	87
SGM-5_Q75_lddt	H9AXM1_Q75_lddt	9.866E-01	9.639E-01	9.423E-01	47.100	85	87	87
SGM-5_Q75_lddt	B5D620_Q75_lddt	9.865E-01	9.638E-01	9.422E-01	49.400	85	87	87
SGM-5_Q75_lddt	Q2YHX8_Q75_lddt	9.863E-01	9.637E-01	9.421E-01	49.400	85	87	87
SGM-5_Q75_lddt	Q5I6D4_Q75_lddt	9.863E-01	9.637E-01	9.421E-01	49.400	85	87	87
SGM-5_Q75_lddt	A0A0P0IGT7_Q75_lddt	9.864E-01	9.637E-01	9.421E-01	50.500	85	87	87
SGM-5_Q75_lddt	B5D612_Q75_lddt	9.863E-01	9.637E-01	9.421E-01	50.500	85	87	87
SGM-5_Q75_lddt	E9NST5_Q75_lddt	9.862E-01	9.636E-01	9.419E-01	50.500	85	87	87
SGM-5_Q75_lddt	A0A455LS80_Q75_lddt	9.862E-01	9.635E-01	9.419E-01	50.500	85	87	87
SGM-5_Q75_lddt	Q2YHZ2_Q75_lddt	9.861E-01	9.634E-01	9.418E-01	49.400	85	87	87
SGM-5_Q75_lddt	A0A455LP02_Q75_lddt	9.859E-01	9.633E-01	9.417E-01	50.500	85	87	87
SGM-5_Q75_lddt	A0A455LP07_Q75_lddt	9.859E-01	9.633E-01	9.417E-01	50.500	85	87	87
SGM-5_Q75_lddt	R4ISB3_Q75_lddt	9.858E-01	9.632E-01	9.416E-01	50.500	85	87	87
SGM-5_Q75_lddt	C0LSK3_Q75_lddt	9.900E-01	9.558E-01	9.449E-01	48.800	85	86	86
SGM-5_Q75_lddt	Q6ZY74_Q75_lddt	9.857E-01	9.630E-01	9.414E-01	49.400	85	87	87
SGM-5_Q75_lddt	Q2YHX6_Q75_lddt	9.857E-01	9.631E-01	9.415E-01	49.400	85	87	87
SGM-5_Q75_lddt	Q6ZY58_Q75_lddt	9.854E-01	9.628E-01	9.412E-01	48.200	85	87	87
SGM-5_Q75_lddt	A0A455LP13_Q75_lddt	9.856E-01	9.630E-01	9.414E-01	50.500	85	87	87
SGM-5_Q75_lddt	Q5PU78_Q75_lddt	9.854E-01	9.628E-01	9.412E-01	48.200	85	87	87
SGM-5_Q75_lddt	P14171_Q75_lddt	9.768E-01	9.545E-01	9.545E-01	44.700	85	85	85
SGM-5_Q75_lddt	Q6R5M7_Q75_lddt	9.848E-01	9.622E-01	9.406E-01	48.200	85	87	87
SGM-5_Q75_lddt	C8CE59_Q75_lddt	9.735E-01	9.512E-01	9.512E-01	51.100	85	86	85
SGM-5_Q75_lddt	C8CE60_Q75_lddt	9.728E-01	9.505E-01	9.505E-01	51.100	85	86	85
SGM-5_Q75_lddt	AF-A0A867XYA1-F1-model_v4_Q75_lddt	9.867E-01	9.640E-01	9.319E-01	45.300	85	86	88
SGM-5_Q75_lddt	Q9AMJ7_Q75_lddt	9.747E-01	9.415E-01	9.634E-01	33.300	85	84	83
SGM-5_Q75_lddt	A1YTM5_Q75_lddt	9.741E-01	9.409E-01	9.628E-01	33.300	85	84	83
SGM-5_Q75_lddt	AF-A0A886X7X6-F1-model_v6_Q75_lddt	9.734E-01	9.514E-01	9.514E-01	39.200	85	84	85
SGM-5_Q75_lddt	A3FFR2_Q75_lddt	9.874E-01	9.647E-01	9.223E-01	50.500	85	87	89
SGM-5_Q75_lddt	AF-E2D9D5-F1-model_v4_Q75_lddt	9.687E-01	9.469E-01	9.577E-01	33.300	85	84	84
SGM-5_Q75_lddt	D5LGB4_Q75_lddt	9.862E-01	9.636E-01	9.213E-01	50.500	85	87	89
SGM-5_Q75_lddt	B9U2I6_Q75_lddt	9.861E-01	9.634E-01	9.211E-01	50.500	85	87	89
SGM-5_Q75_lddt	A0ZX80_Q75_lddt	9.861E-01	9.634E-01	9.211E-01	50.500	85	87	89
SGM-5_Q75_lddt	A0A2P9E069_Q75_lddt	9.861E-01	9.634E-01	9.211E-01	50.500	85	87	89
SGM-5_Q75_lddt	A0ZX91_Q75_lddt	9.861E-01	9.634E-01	9.211E-01	50.500	85	87	89
SGM-5_Q75_lddt	Q939H3_Q75_lddt	9.860E-01	9.634E-01	9.211E-01	50.500	85	87	89
SGM-5_Q75_lddt	S4TWB0_Q75_lddt	9.860E-01	9.634E-01	9.211E-01	50.500	85	87	89
SGM-5_Q75_lddt	E5Q900_Q75_lddt	9.859E-01	9.633E-01	9.210E-01	50.500	85	87	89
SGM-5_Q75_lddt	A0A097BQY7_Q75_lddt	9.859E-01	9.632E-01	9.210E-01	50.500	85	87	89
SGM-5_Q75_lddt	E5G517_Q75_lddt	9.858E-01	9.632E-01	9.209E-01	50.500	85	87	89
SGM-5_Q75_lddt	A0A1W5QH29_Q75_lddt	9.639E-01	9.417E-01	9.417E-01	37.900	85	87	85
SGM-5_Q75_lddt	Q2MJC2_Q75_lddt	9.857E-01	9.631E-01	9.208E-01	50.500	85	87	89
SGM-5_Q75_lddt	Q8VP57_Q75_lddt	9.857E-01	9.631E-01	9.208E-01	50.500	85	87	89
SGM-5_Q75_lddt	Q939H5_Q75_lddt	9.856E-01	9.630E-01	9.207E-01	49.400	85	87	89
SGM-5_Q75_lddt	F8SQ10_Q75_lddt	9.856E-01	9.630E-01	9.207E-01	50.500	85	87	89
SGM-5_Q75_lddt	A0A1W5QG57_Q75_lddt	9.637E-01	9.415E-01	9.415E-01	36.700	85	87	85
SGM-5_Q75_lddt	Q0PGR7_Q75_lddt	9.854E-01	9.628E-01	9.206E-01	50.500	85	87	89
SGM-5_Q75_lddt	A0A1W5QCF3_Q75_lddt	9.632E-01	9.411E-01	9.411E-01	37.900	85	87	85
SGM-5_Q75_lddt	O33677_Q75_lddt	9.700E-01	9.478E-01	9.371E-01	47.100	85	87	86
SGM-5_Q75_lddt	B0FP98_Q75_lddt	9.844E-01	9.618E-01	9.197E-01	50.500	85	87	89
SGM-5_Q75_lddt	Q8KRG7_Q75_lddt	9.844E-01	9.618E-01	9.196E-01	51.700	85	87	89
SGM-5_Q75_lddt	H2ERK9_Q75_lddt	9.844E-01	9.618E-01	9.197E-01	50.500	85	87	89
SGM-5_Q75_lddt	Q8VP67_Q75_lddt	9.842E-01	9.616E-01	9.195E-01	50.500	85	87	89
SGM-5_Q75_lddt	J7HZA4_Q75_lddt	9.837E-01	9.612E-01	9.191E-01	49.400	85	87	89
SGM-5_Q75_lddt	AF-A0A0D0F642-F1-model_v4_Q75_lddt	9.677E-01	9.349E-01	9.565E-01	36.900	85	84	83
SGM-5_Q75_lddt	AF-E4WMC5-F1-model_v6_Q75_lddt	9.673E-01	9.346E-01	9.562E-01	38.000	85	84	83
SGM-5_Q75_lddt	AF-A0A8E9ZWD0-F1-model_v6_Q75_lddt	9.653E-01	9.436E-01	9.436E-01	38.000	85	84	85
SGM-5_Q75_lddt	B5L5W7_Q75_lddt	9.709E-01	9.488E-01	9.277E-01	37.600	85	85	87
SGM-5_Q75_lddt	A0A3Q8G682_Q75_lddt	9.618E-01	9.398E-01	9.292E-01	47.100	85	87	86
SGM-5_Q75_lddt	Q5W3A6_Q75_lddt	9.594E-01	9.380E-01	9.486E-01	30.900	85	84	84
SGM-5_Q75_lddt	RAA-1_Q75_lddt	9.639E-01	9.314E-01	9.528E-01	35.700	85	84	83
SGM-5_Q75_lddt	Q9X6W1_Q75_lddt	9.606E-01	9.281E-01	9.495E-01	39.200	85	84	83
SGM-5_Q75_lddt	Q8VT49_Q75_lddt	9.623E-01	9.299E-01	9.513E-01	33.300	85	84	83
SGM-5_Q75_lddt	AF-J9QX37-F1-model_v4_Q75_lddt	9.701E-01	9.152E-01	9.586E-01	28.500	85	84	81
SGM-5_Q75_lddt	G9MB50_Q75_lddt	9.589E-01	9.266E-01	9.479E-01	39.200	85	84	83
SGM-5_Q75_lddt	A0A0B6VPP7_Q75_lddt	9.560E-01	9.238E-01	9.450E-01	38.000	85	84	83
SGM-5_Q75_lddt	G9MB49_Q75_lddt	9.577E-01	9.255E-01	9.467E-01	39.200	85	84	83
SGM-5_Q75_lddt	G9M9P7_Q75_lddt	9.573E-01	9.252E-01	9.464E-01	39.200	85	84	83
SGM-5_Q75_lddt	AF-F4NA56-F1-model_v4_Q75_lddt	9.508E-01	9.292E-01	9.292E-01	34.400	85	87	85
SGM-5_Q75_lddt	Q9RAZ9_Q75_lddt	9.601E-01	9.170E-01	9.490E-01	32.100	85	84	82
SGM-5_Q75_lddt	A0A0E0SR47_Q75_lddt	9.494E-01	9.279E-01	9.279E-01	35.600	85	87	85
SGM-5_Q75_lddt	Q9XBM2_Q75_lddt	9.458E-01	9.245E-01	9.142E-01	41.300	85	87	86
SGM-5_Q75_lddt	AF-A0A127SQY3-F1-model_v6_Q75_lddt	9.435E-01	9.119E-01	9.327E-01	28.500	85	84	83
SGM-5_Q75_lddt	Q57509_Q75_lddt	9.329E-01	9.019E-01	9.120E-01	32.900	85	85	84
SGM-5_Q75_lddt	C8C0I2_Q75_lddt	9.252E-01	8.945E-01	9.148E-01	35.200	85	85	83
SGM-5_Q75_lddt	C8C0D8_Q75_lddt	9.143E-01	8.941E-01	8.844E-01	28.400	85	88	86
SGM-5_Q75_lddt	Q9X4S7_Q75_lddt	9.097E-01	8.897E-01	8.801E-01	29.500	85	88	86
